Execute       source -notrace -encoding utf-8 D:/movies/2025.2/Vitis/tps/tcl/tcl8.6/clock.tcl 
Execute         source -encoding utf-8 D:/movies/2025.2/Vitis/tps/tcl/tcl8/8.5/msgcat-1.6.1.tm 
Execute           source D:/movies/2025.2/Vitis/tps/tcl/tcllib2.0/0compatibility/pkgIndex.tcl 
Execute           source D:/movies/2025.2/Vitis/tps/tcl/tcllib2.0/amazon-s3/pkgIndex.tcl 
Execute           source D:/movies/2025.2/Vitis/tps/tcl/tcllib2.0/asn/pkgIndex.tcl 
Execute           source D:/movies/2025.2/Vitis/tps/tcl/tcllib2.0/base32/pkgIndex.tcl 
Execute           source D:/movies/2025.2/Vitis/tps/tcl/tcllib2.0/base64/pkgIndex.tcl 
Execute           source D:/movies/2025.2/Vitis/tps/tcl/tcllib2.0/bee/pkgIndex.tcl 
Execute           source D:/movies/2025.2/Vitis/tps/tcl/tcllib2.0/bench/pkgIndex.tcl 
Execute           source D:/movies/2025.2/Vitis/tps/tcl/tcllib2.0/bibtex/pkgIndex.tcl 
Execute           source D:/movies/2025.2/Vitis/tps/tcl/tcllib2.0/cache/pkgIndex.tcl 
Execute           source D:/movies/2025.2/Vitis/tps/tcl/tcllib2.0/clay/pkgIndex.tcl 
Execute           source D:/movies/2025.2/Vitis/tps/tcl/tcllib2.0/clock/pkgIndex.tcl 
Execute           source D:/movies/2025.2/Vitis/tps/tcl/tcllib2.0/cmdline/pkgIndex.tcl 
Execute           source D:/movies/2025.2/Vitis/tps/tcl/tcllib2.0/comm/pkgIndex.tcl 
Execute           source D:/movies/2025.2/Vitis/tps/tcl/tcllib2.0/control/pkgIndex.tcl 
Execute           source D:/movies/2025.2/Vitis/tps/tcl/tcllib2.0/coroutine/pkgIndex.tcl 
Execute           source D:/movies/2025.2/Vitis/tps/tcl/tcllib2.0/counter/pkgIndex.tcl 
Execute           source D:/movies/2025.2/Vitis/tps/tcl/tcllib2.0/crc/pkgIndex.tcl 
Execute           source D:/movies/2025.2/Vitis/tps/tcl/tcllib2.0/cron/pkgIndex.tcl 
Execute           source D:/movies/2025.2/Vitis/tps/tcl/tcllib2.0/csv/pkgIndex.tcl 
Execute           source D:/movies/2025.2/Vitis/tps/tcl/tcllib2.0/debug/pkgIndex.tcl 
Execute           source D:/movies/2025.2/Vitis/tps/tcl/tcllib2.0/defer/pkgIndex.tcl 
Execute           source D:/movies/2025.2/Vitis/tps/tcl/tcllib2.0/dicttool/pkgIndex.tcl 
Execute           source D:/movies/2025.2/Vitis/tps/tcl/tcllib2.0/dns/pkgIndex.tcl 
Execute           source D:/movies/2025.2/Vitis/tps/tcl/tcllib2.0/docstrip/pkgIndex.tcl 
Execute           source D:/movies/2025.2/Vitis/tps/tcl/tcllib2.0/doctools/pkgIndex.tcl 
Execute           source D:/movies/2025.2/Vitis/tps/tcl/tcllib2.0/doctools2base/pkgIndex.tcl 
Execute           source D:/movies/2025.2/Vitis/tps/tcl/tcllib2.0/doctools2idx/pkgIndex.tcl 
Execute           source D:/movies/2025.2/Vitis/tps/tcl/tcllib2.0/doctools2toc/pkgIndex.tcl 
Execute           source D:/movies/2025.2/Vitis/tps/tcl/tcllib2.0/dtplite/pkgIndex.tcl 
Execute           source D:/movies/2025.2/Vitis/tps/tcl/tcllib2.0/fileutil/pkgIndex.tcl 
Execute           source D:/movies/2025.2/Vitis/tps/tcl/tcllib2.0/ftp/pkgIndex.tcl 
Execute           source D:/movies/2025.2/Vitis/tps/tcl/tcllib2.0/ftpd/pkgIndex.tcl 
Execute           source D:/movies/2025.2/Vitis/tps/tcl/tcllib2.0/fumagic/pkgIndex.tcl 
Execute           source D:/movies/2025.2/Vitis/tps/tcl/tcllib2.0/generator/pkgIndex.tcl 
Execute           source D:/movies/2025.2/Vitis/tps/tcl/tcllib2.0/gpx/pkgIndex.tcl 
Execute           source D:/movies/2025.2/Vitis/tps/tcl/tcllib2.0/grammar_aycock/pkgIndex.tcl 
Execute           source D:/movies/2025.2/Vitis/tps/tcl/tcllib2.0/grammar_fa/pkgIndex.tcl 
Execute           source D:/movies/2025.2/Vitis/tps/tcl/tcllib2.0/grammar_me/pkgIndex.tcl 
Execute           source D:/movies/2025.2/Vitis/tps/tcl/tcllib2.0/grammar_peg/pkgIndex.tcl 
Execute           source D:/movies/2025.2/Vitis/tps/tcl/tcllib2.0/hook/pkgIndex.tcl 
Execute           source D:/movies/2025.2/Vitis/tps/tcl/tcllib2.0/html/pkgIndex.tcl 
Execute           source D:/movies/2025.2/Vitis/tps/tcl/tcllib2.0/htmlparse/pkgIndex.tcl 
Execute           source D:/movies/2025.2/Vitis/tps/tcl/tcllib2.0/http/pkgIndex.tcl 
Execute           source D:/movies/2025.2/Vitis/tps/tcl/tcllib2.0/httpd/pkgIndex.tcl 
Execute           source D:/movies/2025.2/Vitis/tps/tcl/tcllib2.0/httpwget/pkgIndex.tcl 
Execute           source D:/movies/2025.2/Vitis/tps/tcl/tcllib2.0/ident/pkgIndex.tcl 
Execute           source D:/movies/2025.2/Vitis/tps/tcl/tcllib2.0/imap4/pkgIndex.tcl 
Execute           source D:/movies/2025.2/Vitis/tps/tcl/tcllib2.0/inifile/pkgIndex.tcl 
Execute           source D:/movies/2025.2/Vitis/tps/tcl/tcllib2.0/interp/pkgIndex.tcl 
Execute           source D:/movies/2025.2/Vitis/tps/tcl/tcllib2.0/irc/pkgIndex.tcl 
Execute           source D:/movies/2025.2/Vitis/tps/tcl/tcllib2.0/javascript/pkgIndex.tcl 
Execute           source D:/movies/2025.2/Vitis/tps/tcl/tcllib2.0/jpeg/pkgIndex.tcl 
Execute           source D:/movies/2025.2/Vitis/tps/tcl/tcllib2.0/json/pkgIndex.tcl 
Execute           source D:/movies/2025.2/Vitis/tps/tcl/tcllib2.0/lambda/pkgIndex.tcl 
Execute           source D:/movies/2025.2/Vitis/tps/tcl/tcllib2.0/lazyset/pkgIndex.tcl 
Execute           source D:/movies/2025.2/Vitis/tps/tcl/tcllib2.0/ldap/pkgIndex.tcl 
Execute           source D:/movies/2025.2/Vitis/tps/tcl/tcllib2.0/log/pkgIndex.tcl 
Execute           source D:/movies/2025.2/Vitis/tps/tcl/tcllib2.0/map/pkgIndex.tcl 
Execute           source D:/movies/2025.2/Vitis/tps/tcl/tcllib2.0/mapproj/pkgIndex.tcl 
Execute           source D:/movies/2025.2/Vitis/tps/tcl/tcllib2.0/markdown/pkgIndex.tcl 
Execute           source D:/movies/2025.2/Vitis/tps/tcl/tcllib2.0/math/pkgIndex.tcl 
Execute           source D:/movies/2025.2/Vitis/tps/tcl/tcllib2.0/md4/pkgIndex.tcl 
Execute           source D:/movies/2025.2/Vitis/tps/tcl/tcllib2.0/md5/pkgIndex.tcl 
Execute           source D:/movies/2025.2/Vitis/tps/tcl/tcllib2.0/md5crypt/pkgIndex.tcl 
Execute           source D:/movies/2025.2/Vitis/tps/tcl/tcllib2.0/mime/pkgIndex.tcl 
Execute           source D:/movies/2025.2/Vitis/tps/tcl/tcllib2.0/mkdoc/pkgIndex.tcl 
Execute           source D:/movies/2025.2/Vitis/tps/tcl/tcllib2.0/multiplexer/pkgIndex.tcl 
Execute           source D:/movies/2025.2/Vitis/tps/tcl/tcllib2.0/namespacex/pkgIndex.tcl 
Execute           source D:/movies/2025.2/Vitis/tps/tcl/tcllib2.0/ncgi/pkgIndex.tcl 
Execute           source D:/movies/2025.2/Vitis/tps/tcl/tcllib2.0/nettool/pkgIndex.tcl 
Execute           source D:/movies/2025.2/Vitis/tps/tcl/tcllib2.0/nmea/pkgIndex.tcl 
Execute           source D:/movies/2025.2/Vitis/tps/tcl/tcllib2.0/nns/pkgIndex.tcl 
Execute           source D:/movies/2025.2/Vitis/tps/tcl/tcllib2.0/nntp/pkgIndex.tcl 
Execute           source D:/movies/2025.2/Vitis/tps/tcl/tcllib2.0/ntp/pkgIndex.tcl 
Execute           source D:/movies/2025.2/Vitis/tps/tcl/tcllib2.0/oauth/pkgIndex.tcl 
Execute           source D:/movies/2025.2/Vitis/tps/tcl/tcllib2.0/oodialect/pkgIndex.tcl 
Execute           source D:/movies/2025.2/Vitis/tps/tcl/tcllib2.0/oometa/pkgIndex.tcl 
Execute           source D:/movies/2025.2/Vitis/tps/tcl/tcllib2.0/ooutil/pkgIndex.tcl 
Execute           source D:/movies/2025.2/Vitis/tps/tcl/tcllib2.0/otp/pkgIndex.tcl 
Execute           source D:/movies/2025.2/Vitis/tps/tcl/tcllib2.0/page/pkgIndex.tcl 
Execute           source D:/movies/2025.2/Vitis/tps/tcl/tcllib2.0/pluginmgr/pkgIndex.tcl 
Execute           source D:/movies/2025.2/Vitis/tps/tcl/tcllib2.0/png/pkgIndex.tcl 
Execute           source D:/movies/2025.2/Vitis/tps/tcl/tcllib2.0/pop3/pkgIndex.tcl 
Execute           source D:/movies/2025.2/Vitis/tps/tcl/tcllib2.0/pop3d/pkgIndex.tcl 
Execute           source D:/movies/2025.2/Vitis/tps/tcl/tcllib2.0/practcl/pkgIndex.tcl 
Execute           source D:/movies/2025.2/Vitis/tps/tcl/tcllib2.0/processman/pkgIndex.tcl 
Execute           source D:/movies/2025.2/Vitis/tps/tcl/tcllib2.0/profiler/pkgIndex.tcl 
Execute           source D:/movies/2025.2/Vitis/tps/tcl/tcllib2.0/pt/pkgIndex.tcl 
Execute           source D:/movies/2025.2/Vitis/tps/tcl/tcllib2.0/rcs/pkgIndex.tcl 
Execute           source D:/movies/2025.2/Vitis/tps/tcl/tcllib2.0/report/pkgIndex.tcl 
Execute           source D:/movies/2025.2/Vitis/tps/tcl/tcllib2.0/rest/pkgIndex.tcl 
Execute           source D:/movies/2025.2/Vitis/tps/tcl/tcllib2.0/ripemd/pkgIndex.tcl 
Execute           source D:/movies/2025.2/Vitis/tps/tcl/tcllib2.0/sasl/pkgIndex.tcl 
Execute           source D:/movies/2025.2/Vitis/tps/tcl/tcllib2.0/sha1/pkgIndex.tcl 
Execute           source D:/movies/2025.2/Vitis/tps/tcl/tcllib2.0/simulation/pkgIndex.tcl 
Execute           source D:/movies/2025.2/Vitis/tps/tcl/tcllib2.0/smtpd/pkgIndex.tcl 
Execute           source D:/movies/2025.2/Vitis/tps/tcl/tcllib2.0/snit/pkgIndex.tcl 
Execute           source D:/movies/2025.2/Vitis/tps/tcl/tcllib2.0/soundex/pkgIndex.tcl 
Execute           source D:/movies/2025.2/Vitis/tps/tcl/tcllib2.0/stooop/pkgIndex.tcl 
Execute           source D:/movies/2025.2/Vitis/tps/tcl/tcllib2.0/string/pkgIndex.tcl 
Execute           source D:/movies/2025.2/Vitis/tps/tcl/tcllib2.0/stringprep/pkgIndex.tcl 
Execute           source D:/movies/2025.2/Vitis/tps/tcl/tcllib2.0/struct/pkgIndex.tcl 
Execute           source D:/movies/2025.2/Vitis/tps/tcl/tcllib2.0/tar/pkgIndex.tcl 
Execute           source D:/movies/2025.2/Vitis/tps/tcl/tcllib2.0/tepam/pkgIndex.tcl 
Execute           source D:/movies/2025.2/Vitis/tps/tcl/tcllib2.0/term/pkgIndex.tcl 
Execute           source D:/movies/2025.2/Vitis/tps/tcl/tcllib2.0/textutil/pkgIndex.tcl 
Execute           source D:/movies/2025.2/Vitis/tps/tcl/tcllib2.0/tie/pkgIndex.tcl 
Execute           source D:/movies/2025.2/Vitis/tps/tcl/tcllib2.0/tiff/pkgIndex.tcl 
Execute           source D:/movies/2025.2/Vitis/tps/tcl/tcllib2.0/tool/pkgIndex.tcl 
Execute           source D:/movies/2025.2/Vitis/tps/tcl/tcllib2.0/transfer/pkgIndex.tcl 
Execute           source D:/movies/2025.2/Vitis/tps/tcl/tcllib2.0/treeql/pkgIndex.tcl 
Execute           source D:/movies/2025.2/Vitis/tps/tcl/tcllib2.0/try/pkgIndex.tcl 
Execute           source D:/movies/2025.2/Vitis/tps/tcl/tcllib2.0/udpcluster/pkgIndex.tcl 
Execute           source D:/movies/2025.2/Vitis/tps/tcl/tcllib2.0/uev/pkgIndex.tcl 
Execute           source D:/movies/2025.2/Vitis/tps/tcl/tcllib2.0/units/pkgIndex.tcl 
Execute           source D:/movies/2025.2/Vitis/tps/tcl/tcllib2.0/uri/pkgIndex.tcl 
Execute           source D:/movies/2025.2/Vitis/tps/tcl/tcllib2.0/uuid/pkgIndex.tcl 
Execute           source D:/movies/2025.2/Vitis/tps/tcl/tcllib2.0/valtype/pkgIndex.tcl 
Execute           source D:/movies/2025.2/Vitis/tps/tcl/tcllib2.0/virtchannel_base/pkgIndex.tcl 
Execute           source D:/movies/2025.2/Vitis/tps/tcl/tcllib2.0/virtchannel_core/pkgIndex.tcl 
Execute           source D:/movies/2025.2/Vitis/tps/tcl/tcllib2.0/virtchannel_transform/pkgIndex.tcl 
Execute           source D:/movies/2025.2/Vitis/tps/tcl/tcllib2.0/websocket/pkgIndex.tcl 
Execute           source D:/movies/2025.2/Vitis/tps/tcl/tcllib2.0/wip/pkgIndex.tcl 
Execute           source D:/movies/2025.2/Vitis/tps/tcl/tcllib2.0/yaml/pkgIndex.tcl 
Execute           source D:/movies/2025.2/Vitis/tps/tcl/tcllib2.0/zip/pkgIndex.tcl 
Execute           source D:/movies/2025.2/Vitis/tps/tcl/tcllib2.0/pkgIndex.tcl 
Execute             source D:/movies/2025.2/Vitis/tps/tcl/tcllib2.0/0compatibility/pkgIndex.tcl 
Execute             source D:/movies/2025.2/Vitis/tps/tcl/tcllib2.0/amazon-s3/pkgIndex.tcl 
Execute             source D:/movies/2025.2/Vitis/tps/tcl/tcllib2.0/asn/pkgIndex.tcl 
Execute             source D:/movies/2025.2/Vitis/tps/tcl/tcllib2.0/base32/pkgIndex.tcl 
Execute             source D:/movies/2025.2/Vitis/tps/tcl/tcllib2.0/base64/pkgIndex.tcl 
Execute             source D:/movies/2025.2/Vitis/tps/tcl/tcllib2.0/bee/pkgIndex.tcl 
Execute             source D:/movies/2025.2/Vitis/tps/tcl/tcllib2.0/bench/pkgIndex.tcl 
Execute             source D:/movies/2025.2/Vitis/tps/tcl/tcllib2.0/bibtex/pkgIndex.tcl 
Execute             source D:/movies/2025.2/Vitis/tps/tcl/tcllib2.0/cache/pkgIndex.tcl 
Execute             source D:/movies/2025.2/Vitis/tps/tcl/tcllib2.0/clay/pkgIndex.tcl 
Execute             source D:/movies/2025.2/Vitis/tps/tcl/tcllib2.0/clock/pkgIndex.tcl 
Execute             source D:/movies/2025.2/Vitis/tps/tcl/tcllib2.0/cmdline/pkgIndex.tcl 
Execute             source D:/movies/2025.2/Vitis/tps/tcl/tcllib2.0/comm/pkgIndex.tcl 
Execute             source D:/movies/2025.2/Vitis/tps/tcl/tcllib2.0/control/pkgIndex.tcl 
Execute             source D:/movies/2025.2/Vitis/tps/tcl/tcllib2.0/coroutine/pkgIndex.tcl 
Execute             source D:/movies/2025.2/Vitis/tps/tcl/tcllib2.0/counter/pkgIndex.tcl 
Execute             source D:/movies/2025.2/Vitis/tps/tcl/tcllib2.0/crc/pkgIndex.tcl 
Execute             source D:/movies/2025.2/Vitis/tps/tcl/tcllib2.0/cron/pkgIndex.tcl 
Execute             source D:/movies/2025.2/Vitis/tps/tcl/tcllib2.0/csv/pkgIndex.tcl 
Execute             source D:/movies/2025.2/Vitis/tps/tcl/tcllib2.0/debug/pkgIndex.tcl 
Execute             source D:/movies/2025.2/Vitis/tps/tcl/tcllib2.0/defer/pkgIndex.tcl 
Execute             source D:/movies/2025.2/Vitis/tps/tcl/tcllib2.0/dicttool/pkgIndex.tcl 
Execute             source D:/movies/2025.2/Vitis/tps/tcl/tcllib2.0/dns/pkgIndex.tcl 
Execute             source D:/movies/2025.2/Vitis/tps/tcl/tcllib2.0/docstrip/pkgIndex.tcl 
Execute             source D:/movies/2025.2/Vitis/tps/tcl/tcllib2.0/doctools/pkgIndex.tcl 
Execute             source D:/movies/2025.2/Vitis/tps/tcl/tcllib2.0/doctools2base/pkgIndex.tcl 
Execute             source D:/movies/2025.2/Vitis/tps/tcl/tcllib2.0/doctools2idx/pkgIndex.tcl 
Execute             source D:/movies/2025.2/Vitis/tps/tcl/tcllib2.0/doctools2toc/pkgIndex.tcl 
Execute             source D:/movies/2025.2/Vitis/tps/tcl/tcllib2.0/dtplite/pkgIndex.tcl 
Execute             source D:/movies/2025.2/Vitis/tps/tcl/tcllib2.0/fileutil/pkgIndex.tcl 
Execute             source D:/movies/2025.2/Vitis/tps/tcl/tcllib2.0/ftp/pkgIndex.tcl 
Execute             source D:/movies/2025.2/Vitis/tps/tcl/tcllib2.0/ftpd/pkgIndex.tcl 
Execute             source D:/movies/2025.2/Vitis/tps/tcl/tcllib2.0/fumagic/pkgIndex.tcl 
Execute             source D:/movies/2025.2/Vitis/tps/tcl/tcllib2.0/generator/pkgIndex.tcl 
Execute             source D:/movies/2025.2/Vitis/tps/tcl/tcllib2.0/gpx/pkgIndex.tcl 
Execute             source D:/movies/2025.2/Vitis/tps/tcl/tcllib2.0/grammar_aycock/pkgIndex.tcl 
Execute             source D:/movies/2025.2/Vitis/tps/tcl/tcllib2.0/grammar_fa/pkgIndex.tcl 
Execute             source D:/movies/2025.2/Vitis/tps/tcl/tcllib2.0/grammar_me/pkgIndex.tcl 
Execute             source D:/movies/2025.2/Vitis/tps/tcl/tcllib2.0/grammar_peg/pkgIndex.tcl 
Execute             source D:/movies/2025.2/Vitis/tps/tcl/tcllib2.0/hook/pkgIndex.tcl 
Execute             source D:/movies/2025.2/Vitis/tps/tcl/tcllib2.0/html/pkgIndex.tcl 
Execute             source D:/movies/2025.2/Vitis/tps/tcl/tcllib2.0/htmlparse/pkgIndex.tcl 
Execute             source D:/movies/2025.2/Vitis/tps/tcl/tcllib2.0/http/pkgIndex.tcl 
Execute             source D:/movies/2025.2/Vitis/tps/tcl/tcllib2.0/httpd/pkgIndex.tcl 
Execute             source D:/movies/2025.2/Vitis/tps/tcl/tcllib2.0/httpwget/pkgIndex.tcl 
Execute             source D:/movies/2025.2/Vitis/tps/tcl/tcllib2.0/ident/pkgIndex.tcl 
Execute             source D:/movies/2025.2/Vitis/tps/tcl/tcllib2.0/imap4/pkgIndex.tcl 
Execute             source D:/movies/2025.2/Vitis/tps/tcl/tcllib2.0/inifile/pkgIndex.tcl 
Execute             source D:/movies/2025.2/Vitis/tps/tcl/tcllib2.0/interp/pkgIndex.tcl 
Execute             source D:/movies/2025.2/Vitis/tps/tcl/tcllib2.0/irc/pkgIndex.tcl 
Execute             source D:/movies/2025.2/Vitis/tps/tcl/tcllib2.0/javascript/pkgIndex.tcl 
Execute             source D:/movies/2025.2/Vitis/tps/tcl/tcllib2.0/jpeg/pkgIndex.tcl 
Execute             source D:/movies/2025.2/Vitis/tps/tcl/tcllib2.0/json/pkgIndex.tcl 
Execute             source D:/movies/2025.2/Vitis/tps/tcl/tcllib2.0/lambda/pkgIndex.tcl 
Execute             source D:/movies/2025.2/Vitis/tps/tcl/tcllib2.0/lazyset/pkgIndex.tcl 
Execute             source D:/movies/2025.2/Vitis/tps/tcl/tcllib2.0/ldap/pkgIndex.tcl 
Execute             source D:/movies/2025.2/Vitis/tps/tcl/tcllib2.0/log/pkgIndex.tcl 
Execute             source D:/movies/2025.2/Vitis/tps/tcl/tcllib2.0/map/pkgIndex.tcl 
Execute             source D:/movies/2025.2/Vitis/tps/tcl/tcllib2.0/mapproj/pkgIndex.tcl 
Execute             source D:/movies/2025.2/Vitis/tps/tcl/tcllib2.0/markdown/pkgIndex.tcl 
Execute             source D:/movies/2025.2/Vitis/tps/tcl/tcllib2.0/math/pkgIndex.tcl 
Execute             source D:/movies/2025.2/Vitis/tps/tcl/tcllib2.0/md4/pkgIndex.tcl 
Execute             source D:/movies/2025.2/Vitis/tps/tcl/tcllib2.0/md5/pkgIndex.tcl 
Execute             source D:/movies/2025.2/Vitis/tps/tcl/tcllib2.0/md5crypt/pkgIndex.tcl 
Execute             source D:/movies/2025.2/Vitis/tps/tcl/tcllib2.0/mime/pkgIndex.tcl 
Execute             source D:/movies/2025.2/Vitis/tps/tcl/tcllib2.0/mkdoc/pkgIndex.tcl 
Execute             source D:/movies/2025.2/Vitis/tps/tcl/tcllib2.0/multiplexer/pkgIndex.tcl 
Execute             source D:/movies/2025.2/Vitis/tps/tcl/tcllib2.0/namespacex/pkgIndex.tcl 
Execute             source D:/movies/2025.2/Vitis/tps/tcl/tcllib2.0/ncgi/pkgIndex.tcl 
Execute             source D:/movies/2025.2/Vitis/tps/tcl/tcllib2.0/nettool/pkgIndex.tcl 
Execute             source D:/movies/2025.2/Vitis/tps/tcl/tcllib2.0/nmea/pkgIndex.tcl 
Execute             source D:/movies/2025.2/Vitis/tps/tcl/tcllib2.0/nns/pkgIndex.tcl 
Execute             source D:/movies/2025.2/Vitis/tps/tcl/tcllib2.0/nntp/pkgIndex.tcl 
Execute             source D:/movies/2025.2/Vitis/tps/tcl/tcllib2.0/ntp/pkgIndex.tcl 
Execute             source D:/movies/2025.2/Vitis/tps/tcl/tcllib2.0/oauth/pkgIndex.tcl 
Execute             source D:/movies/2025.2/Vitis/tps/tcl/tcllib2.0/oodialect/pkgIndex.tcl 
Execute             source D:/movies/2025.2/Vitis/tps/tcl/tcllib2.0/oometa/pkgIndex.tcl 
Execute             source D:/movies/2025.2/Vitis/tps/tcl/tcllib2.0/ooutil/pkgIndex.tcl 
Execute             source D:/movies/2025.2/Vitis/tps/tcl/tcllib2.0/otp/pkgIndex.tcl 
Execute             source D:/movies/2025.2/Vitis/tps/tcl/tcllib2.0/page/pkgIndex.tcl 
Execute             source D:/movies/2025.2/Vitis/tps/tcl/tcllib2.0/pluginmgr/pkgIndex.tcl 
Execute             source D:/movies/2025.2/Vitis/tps/tcl/tcllib2.0/png/pkgIndex.tcl 
Execute             source D:/movies/2025.2/Vitis/tps/tcl/tcllib2.0/pop3/pkgIndex.tcl 
Execute             source D:/movies/2025.2/Vitis/tps/tcl/tcllib2.0/pop3d/pkgIndex.tcl 
Execute             source D:/movies/2025.2/Vitis/tps/tcl/tcllib2.0/practcl/pkgIndex.tcl 
Execute             source D:/movies/2025.2/Vitis/tps/tcl/tcllib2.0/processman/pkgIndex.tcl 
Execute             source D:/movies/2025.2/Vitis/tps/tcl/tcllib2.0/profiler/pkgIndex.tcl 
Execute             source D:/movies/2025.2/Vitis/tps/tcl/tcllib2.0/pt/pkgIndex.tcl 
Execute             source D:/movies/2025.2/Vitis/tps/tcl/tcllib2.0/rcs/pkgIndex.tcl 
Execute             source D:/movies/2025.2/Vitis/tps/tcl/tcllib2.0/report/pkgIndex.tcl 
Execute             source D:/movies/2025.2/Vitis/tps/tcl/tcllib2.0/rest/pkgIndex.tcl 
Execute             source D:/movies/2025.2/Vitis/tps/tcl/tcllib2.0/ripemd/pkgIndex.tcl 
Execute             source D:/movies/2025.2/Vitis/tps/tcl/tcllib2.0/sasl/pkgIndex.tcl 
Execute             source D:/movies/2025.2/Vitis/tps/tcl/tcllib2.0/sha1/pkgIndex.tcl 
Execute             source D:/movies/2025.2/Vitis/tps/tcl/tcllib2.0/simulation/pkgIndex.tcl 
Execute             source D:/movies/2025.2/Vitis/tps/tcl/tcllib2.0/smtpd/pkgIndex.tcl 
Execute             source D:/movies/2025.2/Vitis/tps/tcl/tcllib2.0/snit/pkgIndex.tcl 
Execute             source D:/movies/2025.2/Vitis/tps/tcl/tcllib2.0/soundex/pkgIndex.tcl 
Execute             source D:/movies/2025.2/Vitis/tps/tcl/tcllib2.0/stooop/pkgIndex.tcl 
Execute             source D:/movies/2025.2/Vitis/tps/tcl/tcllib2.0/string/pkgIndex.tcl 
Execute             source D:/movies/2025.2/Vitis/tps/tcl/tcllib2.0/stringprep/pkgIndex.tcl 
Execute             source D:/movies/2025.2/Vitis/tps/tcl/tcllib2.0/struct/pkgIndex.tcl 
Execute             source D:/movies/2025.2/Vitis/tps/tcl/tcllib2.0/tar/pkgIndex.tcl 
Execute             source D:/movies/2025.2/Vitis/tps/tcl/tcllib2.0/tepam/pkgIndex.tcl 
Execute             source D:/movies/2025.2/Vitis/tps/tcl/tcllib2.0/term/pkgIndex.tcl 
Execute             source D:/movies/2025.2/Vitis/tps/tcl/tcllib2.0/textutil/pkgIndex.tcl 
Execute             source D:/movies/2025.2/Vitis/tps/tcl/tcllib2.0/tie/pkgIndex.tcl 
Execute             source D:/movies/2025.2/Vitis/tps/tcl/tcllib2.0/tiff/pkgIndex.tcl 
Execute             source D:/movies/2025.2/Vitis/tps/tcl/tcllib2.0/tool/pkgIndex.tcl 
Execute             source D:/movies/2025.2/Vitis/tps/tcl/tcllib2.0/transfer/pkgIndex.tcl 
Execute             source D:/movies/2025.2/Vitis/tps/tcl/tcllib2.0/treeql/pkgIndex.tcl 
Execute             source D:/movies/2025.2/Vitis/tps/tcl/tcllib2.0/try/pkgIndex.tcl 
Execute             source D:/movies/2025.2/Vitis/tps/tcl/tcllib2.0/udpcluster/pkgIndex.tcl 
Execute             source D:/movies/2025.2/Vitis/tps/tcl/tcllib2.0/uev/pkgIndex.tcl 
Execute             source D:/movies/2025.2/Vitis/tps/tcl/tcllib2.0/units/pkgIndex.tcl 
Execute             source D:/movies/2025.2/Vitis/tps/tcl/tcllib2.0/uri/pkgIndex.tcl 
Execute             source D:/movies/2025.2/Vitis/tps/tcl/tcllib2.0/uuid/pkgIndex.tcl 
Execute             source D:/movies/2025.2/Vitis/tps/tcl/tcllib2.0/valtype/pkgIndex.tcl 
Execute             source D:/movies/2025.2/Vitis/tps/tcl/tcllib2.0/virtchannel_base/pkgIndex.tcl 
Execute             source D:/movies/2025.2/Vitis/tps/tcl/tcllib2.0/virtchannel_core/pkgIndex.tcl 
Execute             source D:/movies/2025.2/Vitis/tps/tcl/tcllib2.0/virtchannel_transform/pkgIndex.tcl 
Execute             source D:/movies/2025.2/Vitis/tps/tcl/tcllib2.0/websocket/pkgIndex.tcl 
Execute             source D:/movies/2025.2/Vitis/tps/tcl/tcllib2.0/wip/pkgIndex.tcl 
Execute             source D:/movies/2025.2/Vitis/tps/tcl/tcllib2.0/yaml/pkgIndex.tcl 
Execute             source D:/movies/2025.2/Vitis/tps/tcl/tcllib2.0/zip/pkgIndex.tcl 
Command           ap_source done; 0.176 sec.
Execute           source D:/movies/2025.2/Vitis/tps/tcl/tdom/pkgIndex.tcl 
Execute           source D:/movies/2025.2/Vitis/tps/tcl/tcl8.6/opt0.4/pkgIndex.tcl 
Execute           source D:/movies/2025.2/Vitis/tps/tcl/tcl8.6/pkgs/win/thread2.8.7/pkgIndex.tcl 
Command         ap_source done; 0.405 sec.
Execute         source D:/movies/2025.2/Vitis/tps/tcl/tcllib2.0/0compatibility/pkgIndex.tcl 
Execute         source D:/movies/2025.2/Vitis/tps/tcl/tcllib2.0/amazon-s3/pkgIndex.tcl 
Execute         source D:/movies/2025.2/Vitis/tps/tcl/tcllib2.0/asn/pkgIndex.tcl 
Execute         source D:/movies/2025.2/Vitis/tps/tcl/tcllib2.0/base32/pkgIndex.tcl 
Execute         source D:/movies/2025.2/Vitis/tps/tcl/tcllib2.0/base64/pkgIndex.tcl 
Execute         source D:/movies/2025.2/Vitis/tps/tcl/tcllib2.0/bee/pkgIndex.tcl 
Execute         source D:/movies/2025.2/Vitis/tps/tcl/tcllib2.0/bench/pkgIndex.tcl 
Execute         source D:/movies/2025.2/Vitis/tps/tcl/tcllib2.0/bibtex/pkgIndex.tcl 
Execute         source D:/movies/2025.2/Vitis/tps/tcl/tcllib2.0/cache/pkgIndex.tcl 
Execute         source D:/movies/2025.2/Vitis/tps/tcl/tcllib2.0/clay/pkgIndex.tcl 
Execute         source D:/movies/2025.2/Vitis/tps/tcl/tcllib2.0/clock/pkgIndex.tcl 
Execute         source D:/movies/2025.2/Vitis/tps/tcl/tcllib2.0/cmdline/pkgIndex.tcl 
Execute         source D:/movies/2025.2/Vitis/tps/tcl/tcllib2.0/comm/pkgIndex.tcl 
Execute         source D:/movies/2025.2/Vitis/tps/tcl/tcllib2.0/control/pkgIndex.tcl 
Execute         source D:/movies/2025.2/Vitis/tps/tcl/tcllib2.0/coroutine/pkgIndex.tcl 
Execute         source D:/movies/2025.2/Vitis/tps/tcl/tcllib2.0/counter/pkgIndex.tcl 
Execute         source D:/movies/2025.2/Vitis/tps/tcl/tcllib2.0/crc/pkgIndex.tcl 
Execute         source D:/movies/2025.2/Vitis/tps/tcl/tcllib2.0/cron/pkgIndex.tcl 
Execute         source D:/movies/2025.2/Vitis/tps/tcl/tcllib2.0/csv/pkgIndex.tcl 
Execute         source D:/movies/2025.2/Vitis/tps/tcl/tcllib2.0/debug/pkgIndex.tcl 
Execute         source D:/movies/2025.2/Vitis/tps/tcl/tcllib2.0/defer/pkgIndex.tcl 
Execute         source D:/movies/2025.2/Vitis/tps/tcl/tcllib2.0/dicttool/pkgIndex.tcl 
Execute         source D:/movies/2025.2/Vitis/tps/tcl/tcllib2.0/dns/pkgIndex.tcl 
Execute         source D:/movies/2025.2/Vitis/tps/tcl/tcllib2.0/docstrip/pkgIndex.tcl 
Execute         source D:/movies/2025.2/Vitis/tps/tcl/tcllib2.0/doctools/pkgIndex.tcl 
Execute         source D:/movies/2025.2/Vitis/tps/tcl/tcllib2.0/doctools2base/pkgIndex.tcl 
Execute         source D:/movies/2025.2/Vitis/tps/tcl/tcllib2.0/doctools2idx/pkgIndex.tcl 
Execute         source D:/movies/2025.2/Vitis/tps/tcl/tcllib2.0/doctools2toc/pkgIndex.tcl 
Execute         source D:/movies/2025.2/Vitis/tps/tcl/tcllib2.0/dtplite/pkgIndex.tcl 
Execute         source D:/movies/2025.2/Vitis/tps/tcl/tcllib2.0/fileutil/pkgIndex.tcl 
Execute         source D:/movies/2025.2/Vitis/tps/tcl/tcllib2.0/ftp/pkgIndex.tcl 
Execute         source D:/movies/2025.2/Vitis/tps/tcl/tcllib2.0/ftpd/pkgIndex.tcl 
Execute         source D:/movies/2025.2/Vitis/tps/tcl/tcllib2.0/fumagic/pkgIndex.tcl 
Execute         source D:/movies/2025.2/Vitis/tps/tcl/tcllib2.0/generator/pkgIndex.tcl 
Execute         source D:/movies/2025.2/Vitis/tps/tcl/tcllib2.0/gpx/pkgIndex.tcl 
Execute         source D:/movies/2025.2/Vitis/tps/tcl/tcllib2.0/grammar_aycock/pkgIndex.tcl 
Execute         source D:/movies/2025.2/Vitis/tps/tcl/tcllib2.0/grammar_fa/pkgIndex.tcl 
Execute         source D:/movies/2025.2/Vitis/tps/tcl/tcllib2.0/grammar_me/pkgIndex.tcl 
Execute         source D:/movies/2025.2/Vitis/tps/tcl/tcllib2.0/grammar_peg/pkgIndex.tcl 
Execute         source D:/movies/2025.2/Vitis/tps/tcl/tcllib2.0/hook/pkgIndex.tcl 
Execute         source D:/movies/2025.2/Vitis/tps/tcl/tcllib2.0/html/pkgIndex.tcl 
Execute         source D:/movies/2025.2/Vitis/tps/tcl/tcllib2.0/htmlparse/pkgIndex.tcl 
Execute         source D:/movies/2025.2/Vitis/tps/tcl/tcllib2.0/http/pkgIndex.tcl 
Execute         source D:/movies/2025.2/Vitis/tps/tcl/tcllib2.0/httpd/pkgIndex.tcl 
Execute         source D:/movies/2025.2/Vitis/tps/tcl/tcllib2.0/httpwget/pkgIndex.tcl 
Execute         source D:/movies/2025.2/Vitis/tps/tcl/tcllib2.0/ident/pkgIndex.tcl 
Execute         source D:/movies/2025.2/Vitis/tps/tcl/tcllib2.0/imap4/pkgIndex.tcl 
Execute         source D:/movies/2025.2/Vitis/tps/tcl/tcllib2.0/inifile/pkgIndex.tcl 
Execute         source D:/movies/2025.2/Vitis/tps/tcl/tcllib2.0/interp/pkgIndex.tcl 
Execute         source D:/movies/2025.2/Vitis/tps/tcl/tcllib2.0/irc/pkgIndex.tcl 
Execute         source D:/movies/2025.2/Vitis/tps/tcl/tcllib2.0/javascript/pkgIndex.tcl 
Execute         source D:/movies/2025.2/Vitis/tps/tcl/tcllib2.0/jpeg/pkgIndex.tcl 
Execute         source D:/movies/2025.2/Vitis/tps/tcl/tcllib2.0/json/pkgIndex.tcl 
Execute         source D:/movies/2025.2/Vitis/tps/tcl/tcllib2.0/lambda/pkgIndex.tcl 
Execute         source D:/movies/2025.2/Vitis/tps/tcl/tcllib2.0/lazyset/pkgIndex.tcl 
Execute         source D:/movies/2025.2/Vitis/tps/tcl/tcllib2.0/ldap/pkgIndex.tcl 
Execute         source D:/movies/2025.2/Vitis/tps/tcl/tcllib2.0/log/pkgIndex.tcl 
Execute         source D:/movies/2025.2/Vitis/tps/tcl/tcllib2.0/map/pkgIndex.tcl 
Execute         source D:/movies/2025.2/Vitis/tps/tcl/tcllib2.0/mapproj/pkgIndex.tcl 
Execute         source D:/movies/2025.2/Vitis/tps/tcl/tcllib2.0/markdown/pkgIndex.tcl 
Execute         source D:/movies/2025.2/Vitis/tps/tcl/tcllib2.0/math/pkgIndex.tcl 
Execute         source D:/movies/2025.2/Vitis/tps/tcl/tcllib2.0/md4/pkgIndex.tcl 
Execute         source D:/movies/2025.2/Vitis/tps/tcl/tcllib2.0/md5/pkgIndex.tcl 
Execute         source D:/movies/2025.2/Vitis/tps/tcl/tcllib2.0/md5crypt/pkgIndex.tcl 
Execute         source D:/movies/2025.2/Vitis/tps/tcl/tcllib2.0/mime/pkgIndex.tcl 
Execute         source D:/movies/2025.2/Vitis/tps/tcl/tcllib2.0/mkdoc/pkgIndex.tcl 
Execute         source D:/movies/2025.2/Vitis/tps/tcl/tcllib2.0/multiplexer/pkgIndex.tcl 
Execute         source D:/movies/2025.2/Vitis/tps/tcl/tcllib2.0/namespacex/pkgIndex.tcl 
Execute         source D:/movies/2025.2/Vitis/tps/tcl/tcllib2.0/ncgi/pkgIndex.tcl 
Execute         source D:/movies/2025.2/Vitis/tps/tcl/tcllib2.0/nettool/pkgIndex.tcl 
Execute         source D:/movies/2025.2/Vitis/tps/tcl/tcllib2.0/nmea/pkgIndex.tcl 
Execute         source D:/movies/2025.2/Vitis/tps/tcl/tcllib2.0/nns/pkgIndex.tcl 
Execute         source D:/movies/2025.2/Vitis/tps/tcl/tcllib2.0/nntp/pkgIndex.tcl 
Execute         source D:/movies/2025.2/Vitis/tps/tcl/tcllib2.0/ntp/pkgIndex.tcl 
Execute         source D:/movies/2025.2/Vitis/tps/tcl/tcllib2.0/oauth/pkgIndex.tcl 
Execute         source D:/movies/2025.2/Vitis/tps/tcl/tcllib2.0/oodialect/pkgIndex.tcl 
Execute         source D:/movies/2025.2/Vitis/tps/tcl/tcllib2.0/oometa/pkgIndex.tcl 
Execute         source D:/movies/2025.2/Vitis/tps/tcl/tcllib2.0/ooutil/pkgIndex.tcl 
Execute         source D:/movies/2025.2/Vitis/tps/tcl/tcllib2.0/otp/pkgIndex.tcl 
Execute         source D:/movies/2025.2/Vitis/tps/tcl/tcllib2.0/page/pkgIndex.tcl 
Execute         source D:/movies/2025.2/Vitis/tps/tcl/tcllib2.0/pluginmgr/pkgIndex.tcl 
Execute         source D:/movies/2025.2/Vitis/tps/tcl/tcllib2.0/png/pkgIndex.tcl 
Execute         source D:/movies/2025.2/Vitis/tps/tcl/tcllib2.0/pop3/pkgIndex.tcl 
Execute         source D:/movies/2025.2/Vitis/tps/tcl/tcllib2.0/pop3d/pkgIndex.tcl 
Execute         source D:/movies/2025.2/Vitis/tps/tcl/tcllib2.0/practcl/pkgIndex.tcl 
Execute         source D:/movies/2025.2/Vitis/tps/tcl/tcllib2.0/processman/pkgIndex.tcl 
Execute         source D:/movies/2025.2/Vitis/tps/tcl/tcllib2.0/profiler/pkgIndex.tcl 
Execute         source D:/movies/2025.2/Vitis/tps/tcl/tcllib2.0/pt/pkgIndex.tcl 
Execute         source D:/movies/2025.2/Vitis/tps/tcl/tcllib2.0/rcs/pkgIndex.tcl 
Execute         source D:/movies/2025.2/Vitis/tps/tcl/tcllib2.0/report/pkgIndex.tcl 
Execute         source D:/movies/2025.2/Vitis/tps/tcl/tcllib2.0/rest/pkgIndex.tcl 
Execute         source D:/movies/2025.2/Vitis/tps/tcl/tcllib2.0/ripemd/pkgIndex.tcl 
Execute         source D:/movies/2025.2/Vitis/tps/tcl/tcllib2.0/sasl/pkgIndex.tcl 
Execute         source D:/movies/2025.2/Vitis/tps/tcl/tcllib2.0/sha1/pkgIndex.tcl 
Execute         source D:/movies/2025.2/Vitis/tps/tcl/tcllib2.0/simulation/pkgIndex.tcl 
Execute         source D:/movies/2025.2/Vitis/tps/tcl/tcllib2.0/smtpd/pkgIndex.tcl 
Execute         source D:/movies/2025.2/Vitis/tps/tcl/tcllib2.0/snit/pkgIndex.tcl 
Execute         source D:/movies/2025.2/Vitis/tps/tcl/tcllib2.0/soundex/pkgIndex.tcl 
Execute         source D:/movies/2025.2/Vitis/tps/tcl/tcllib2.0/stooop/pkgIndex.tcl 
Execute         source D:/movies/2025.2/Vitis/tps/tcl/tcllib2.0/string/pkgIndex.tcl 
Execute         source D:/movies/2025.2/Vitis/tps/tcl/tcllib2.0/stringprep/pkgIndex.tcl 
Execute         source D:/movies/2025.2/Vitis/tps/tcl/tcllib2.0/struct/pkgIndex.tcl 
Execute         source D:/movies/2025.2/Vitis/tps/tcl/tcllib2.0/tar/pkgIndex.tcl 
Execute         source D:/movies/2025.2/Vitis/tps/tcl/tcllib2.0/tepam/pkgIndex.tcl 
Execute         source D:/movies/2025.2/Vitis/tps/tcl/tcllib2.0/term/pkgIndex.tcl 
Execute         source D:/movies/2025.2/Vitis/tps/tcl/tcllib2.0/textutil/pkgIndex.tcl 
Execute         source D:/movies/2025.2/Vitis/tps/tcl/tcllib2.0/tie/pkgIndex.tcl 
Execute         source D:/movies/2025.2/Vitis/tps/tcl/tcllib2.0/tiff/pkgIndex.tcl 
Execute         source D:/movies/2025.2/Vitis/tps/tcl/tcllib2.0/tool/pkgIndex.tcl 
Execute         source D:/movies/2025.2/Vitis/tps/tcl/tcllib2.0/transfer/pkgIndex.tcl 
Execute         source D:/movies/2025.2/Vitis/tps/tcl/tcllib2.0/treeql/pkgIndex.tcl 
Execute         source D:/movies/2025.2/Vitis/tps/tcl/tcllib2.0/try/pkgIndex.tcl 
Execute         source D:/movies/2025.2/Vitis/tps/tcl/tcllib2.0/udpcluster/pkgIndex.tcl 
Execute         source D:/movies/2025.2/Vitis/tps/tcl/tcllib2.0/uev/pkgIndex.tcl 
Execute         source D:/movies/2025.2/Vitis/tps/tcl/tcllib2.0/units/pkgIndex.tcl 
Execute         source D:/movies/2025.2/Vitis/tps/tcl/tcllib2.0/uri/pkgIndex.tcl 
Execute         source D:/movies/2025.2/Vitis/tps/tcl/tcllib2.0/uuid/pkgIndex.tcl 
Execute         source D:/movies/2025.2/Vitis/tps/tcl/tcllib2.0/valtype/pkgIndex.tcl 
Execute         source D:/movies/2025.2/Vitis/tps/tcl/tcllib2.0/virtchannel_base/pkgIndex.tcl 
Execute         source D:/movies/2025.2/Vitis/tps/tcl/tcllib2.0/virtchannel_core/pkgIndex.tcl 
Execute         source D:/movies/2025.2/Vitis/tps/tcl/tcllib2.0/virtchannel_transform/pkgIndex.tcl 
Execute         source D:/movies/2025.2/Vitis/tps/tcl/tcllib2.0/websocket/pkgIndex.tcl 
Execute         source D:/movies/2025.2/Vitis/tps/tcl/tcllib2.0/wip/pkgIndex.tcl 
Execute         source D:/movies/2025.2/Vitis/tps/tcl/tcllib2.0/yaml/pkgIndex.tcl 
Execute         source D:/movies/2025.2/Vitis/tps/tcl/tcllib2.0/zip/pkgIndex.tcl 
Execute         source D:/movies/2025.2/Vitis/tps/tcl/tcllib2.0/pkgIndex.tcl 
Execute           source D:/movies/2025.2/Vitis/tps/tcl/tcllib2.0/0compatibility/pkgIndex.tcl 
Execute           source D:/movies/2025.2/Vitis/tps/tcl/tcllib2.0/amazon-s3/pkgIndex.tcl 
Execute           source D:/movies/2025.2/Vitis/tps/tcl/tcllib2.0/asn/pkgIndex.tcl 
Execute           source D:/movies/2025.2/Vitis/tps/tcl/tcllib2.0/base32/pkgIndex.tcl 
Execute           source D:/movies/2025.2/Vitis/tps/tcl/tcllib2.0/base64/pkgIndex.tcl 
Execute           source D:/movies/2025.2/Vitis/tps/tcl/tcllib2.0/bee/pkgIndex.tcl 
Execute           source D:/movies/2025.2/Vitis/tps/tcl/tcllib2.0/bench/pkgIndex.tcl 
Execute           source D:/movies/2025.2/Vitis/tps/tcl/tcllib2.0/bibtex/pkgIndex.tcl 
Execute           source D:/movies/2025.2/Vitis/tps/tcl/tcllib2.0/cache/pkgIndex.tcl 
Execute           source D:/movies/2025.2/Vitis/tps/tcl/tcllib2.0/clay/pkgIndex.tcl 
Execute           source D:/movies/2025.2/Vitis/tps/tcl/tcllib2.0/clock/pkgIndex.tcl 
Execute           source D:/movies/2025.2/Vitis/tps/tcl/tcllib2.0/cmdline/pkgIndex.tcl 
Execute           source D:/movies/2025.2/Vitis/tps/tcl/tcllib2.0/comm/pkgIndex.tcl 
Execute           source D:/movies/2025.2/Vitis/tps/tcl/tcllib2.0/control/pkgIndex.tcl 
Execute           source D:/movies/2025.2/Vitis/tps/tcl/tcllib2.0/coroutine/pkgIndex.tcl 
Execute           source D:/movies/2025.2/Vitis/tps/tcl/tcllib2.0/counter/pkgIndex.tcl 
Execute           source D:/movies/2025.2/Vitis/tps/tcl/tcllib2.0/crc/pkgIndex.tcl 
Execute           source D:/movies/2025.2/Vitis/tps/tcl/tcllib2.0/cron/pkgIndex.tcl 
Execute           source D:/movies/2025.2/Vitis/tps/tcl/tcllib2.0/csv/pkgIndex.tcl 
Execute           source D:/movies/2025.2/Vitis/tps/tcl/tcllib2.0/debug/pkgIndex.tcl 
Execute           source D:/movies/2025.2/Vitis/tps/tcl/tcllib2.0/defer/pkgIndex.tcl 
Execute           source D:/movies/2025.2/Vitis/tps/tcl/tcllib2.0/dicttool/pkgIndex.tcl 
Execute           source D:/movies/2025.2/Vitis/tps/tcl/tcllib2.0/dns/pkgIndex.tcl 
Execute           source D:/movies/2025.2/Vitis/tps/tcl/tcllib2.0/docstrip/pkgIndex.tcl 
Execute           source D:/movies/2025.2/Vitis/tps/tcl/tcllib2.0/doctools/pkgIndex.tcl 
Execute           source D:/movies/2025.2/Vitis/tps/tcl/tcllib2.0/doctools2base/pkgIndex.tcl 
Execute           source D:/movies/2025.2/Vitis/tps/tcl/tcllib2.0/doctools2idx/pkgIndex.tcl 
Execute           source D:/movies/2025.2/Vitis/tps/tcl/tcllib2.0/doctools2toc/pkgIndex.tcl 
Execute           source D:/movies/2025.2/Vitis/tps/tcl/tcllib2.0/dtplite/pkgIndex.tcl 
Execute           source D:/movies/2025.2/Vitis/tps/tcl/tcllib2.0/fileutil/pkgIndex.tcl 
Execute           source D:/movies/2025.2/Vitis/tps/tcl/tcllib2.0/ftp/pkgIndex.tcl 
Execute           source D:/movies/2025.2/Vitis/tps/tcl/tcllib2.0/ftpd/pkgIndex.tcl 
Execute           source D:/movies/2025.2/Vitis/tps/tcl/tcllib2.0/fumagic/pkgIndex.tcl 
Execute           source D:/movies/2025.2/Vitis/tps/tcl/tcllib2.0/generator/pkgIndex.tcl 
Execute           source D:/movies/2025.2/Vitis/tps/tcl/tcllib2.0/gpx/pkgIndex.tcl 
Execute           source D:/movies/2025.2/Vitis/tps/tcl/tcllib2.0/grammar_aycock/pkgIndex.tcl 
Execute           source D:/movies/2025.2/Vitis/tps/tcl/tcllib2.0/grammar_fa/pkgIndex.tcl 
Execute           source D:/movies/2025.2/Vitis/tps/tcl/tcllib2.0/grammar_me/pkgIndex.tcl 
Execute           source D:/movies/2025.2/Vitis/tps/tcl/tcllib2.0/grammar_peg/pkgIndex.tcl 
Execute           source D:/movies/2025.2/Vitis/tps/tcl/tcllib2.0/hook/pkgIndex.tcl 
Execute           source D:/movies/2025.2/Vitis/tps/tcl/tcllib2.0/html/pkgIndex.tcl 
Execute           source D:/movies/2025.2/Vitis/tps/tcl/tcllib2.0/htmlparse/pkgIndex.tcl 
Execute           source D:/movies/2025.2/Vitis/tps/tcl/tcllib2.0/http/pkgIndex.tcl 
Execute           source D:/movies/2025.2/Vitis/tps/tcl/tcllib2.0/httpd/pkgIndex.tcl 
Execute           source D:/movies/2025.2/Vitis/tps/tcl/tcllib2.0/httpwget/pkgIndex.tcl 
Execute           source D:/movies/2025.2/Vitis/tps/tcl/tcllib2.0/ident/pkgIndex.tcl 
Execute           source D:/movies/2025.2/Vitis/tps/tcl/tcllib2.0/imap4/pkgIndex.tcl 
Execute           source D:/movies/2025.2/Vitis/tps/tcl/tcllib2.0/inifile/pkgIndex.tcl 
Execute           source D:/movies/2025.2/Vitis/tps/tcl/tcllib2.0/interp/pkgIndex.tcl 
Execute           source D:/movies/2025.2/Vitis/tps/tcl/tcllib2.0/irc/pkgIndex.tcl 
Execute           source D:/movies/2025.2/Vitis/tps/tcl/tcllib2.0/javascript/pkgIndex.tcl 
Execute           source D:/movies/2025.2/Vitis/tps/tcl/tcllib2.0/jpeg/pkgIndex.tcl 
Execute           source D:/movies/2025.2/Vitis/tps/tcl/tcllib2.0/json/pkgIndex.tcl 
Execute           source D:/movies/2025.2/Vitis/tps/tcl/tcllib2.0/lambda/pkgIndex.tcl 
Execute           source D:/movies/2025.2/Vitis/tps/tcl/tcllib2.0/lazyset/pkgIndex.tcl 
Execute           source D:/movies/2025.2/Vitis/tps/tcl/tcllib2.0/ldap/pkgIndex.tcl 
Execute           source D:/movies/2025.2/Vitis/tps/tcl/tcllib2.0/log/pkgIndex.tcl 
Execute           source D:/movies/2025.2/Vitis/tps/tcl/tcllib2.0/map/pkgIndex.tcl 
Execute           source D:/movies/2025.2/Vitis/tps/tcl/tcllib2.0/mapproj/pkgIndex.tcl 
Execute           source D:/movies/2025.2/Vitis/tps/tcl/tcllib2.0/markdown/pkgIndex.tcl 
Execute           source D:/movies/2025.2/Vitis/tps/tcl/tcllib2.0/math/pkgIndex.tcl 
Execute           source D:/movies/2025.2/Vitis/tps/tcl/tcllib2.0/md4/pkgIndex.tcl 
Execute           source D:/movies/2025.2/Vitis/tps/tcl/tcllib2.0/md5/pkgIndex.tcl 
Execute           source D:/movies/2025.2/Vitis/tps/tcl/tcllib2.0/md5crypt/pkgIndex.tcl 
Execute           source D:/movies/2025.2/Vitis/tps/tcl/tcllib2.0/mime/pkgIndex.tcl 
Execute           source D:/movies/2025.2/Vitis/tps/tcl/tcllib2.0/mkdoc/pkgIndex.tcl 
Execute           source D:/movies/2025.2/Vitis/tps/tcl/tcllib2.0/multiplexer/pkgIndex.tcl 
Execute           source D:/movies/2025.2/Vitis/tps/tcl/tcllib2.0/namespacex/pkgIndex.tcl 
Execute           source D:/movies/2025.2/Vitis/tps/tcl/tcllib2.0/ncgi/pkgIndex.tcl 
Execute           source D:/movies/2025.2/Vitis/tps/tcl/tcllib2.0/nettool/pkgIndex.tcl 
Execute           source D:/movies/2025.2/Vitis/tps/tcl/tcllib2.0/nmea/pkgIndex.tcl 
Execute           source D:/movies/2025.2/Vitis/tps/tcl/tcllib2.0/nns/pkgIndex.tcl 
Execute           source D:/movies/2025.2/Vitis/tps/tcl/tcllib2.0/nntp/pkgIndex.tcl 
Execute           source D:/movies/2025.2/Vitis/tps/tcl/tcllib2.0/ntp/pkgIndex.tcl 
Execute           source D:/movies/2025.2/Vitis/tps/tcl/tcllib2.0/oauth/pkgIndex.tcl 
Execute           source D:/movies/2025.2/Vitis/tps/tcl/tcllib2.0/oodialect/pkgIndex.tcl 
Execute           source D:/movies/2025.2/Vitis/tps/tcl/tcllib2.0/oometa/pkgIndex.tcl 
Execute           source D:/movies/2025.2/Vitis/tps/tcl/tcllib2.0/ooutil/pkgIndex.tcl 
Execute           source D:/movies/2025.2/Vitis/tps/tcl/tcllib2.0/otp/pkgIndex.tcl 
Execute           source D:/movies/2025.2/Vitis/tps/tcl/tcllib2.0/page/pkgIndex.tcl 
Execute           source D:/movies/2025.2/Vitis/tps/tcl/tcllib2.0/pluginmgr/pkgIndex.tcl 
Execute           source D:/movies/2025.2/Vitis/tps/tcl/tcllib2.0/png/pkgIndex.tcl 
Execute           source D:/movies/2025.2/Vitis/tps/tcl/tcllib2.0/pop3/pkgIndex.tcl 
Execute           source D:/movies/2025.2/Vitis/tps/tcl/tcllib2.0/pop3d/pkgIndex.tcl 
Execute           source D:/movies/2025.2/Vitis/tps/tcl/tcllib2.0/practcl/pkgIndex.tcl 
Execute           source D:/movies/2025.2/Vitis/tps/tcl/tcllib2.0/processman/pkgIndex.tcl 
Execute           source D:/movies/2025.2/Vitis/tps/tcl/tcllib2.0/profiler/pkgIndex.tcl 
Execute           source D:/movies/2025.2/Vitis/tps/tcl/tcllib2.0/pt/pkgIndex.tcl 
Execute           source D:/movies/2025.2/Vitis/tps/tcl/tcllib2.0/rcs/pkgIndex.tcl 
Execute           source D:/movies/2025.2/Vitis/tps/tcl/tcllib2.0/report/pkgIndex.tcl 
Execute           source D:/movies/2025.2/Vitis/tps/tcl/tcllib2.0/rest/pkgIndex.tcl 
Execute           source D:/movies/2025.2/Vitis/tps/tcl/tcllib2.0/ripemd/pkgIndex.tcl 
Execute           source D:/movies/2025.2/Vitis/tps/tcl/tcllib2.0/sasl/pkgIndex.tcl 
Execute           source D:/movies/2025.2/Vitis/tps/tcl/tcllib2.0/sha1/pkgIndex.tcl 
Execute           source D:/movies/2025.2/Vitis/tps/tcl/tcllib2.0/simulation/pkgIndex.tcl 
Execute           source D:/movies/2025.2/Vitis/tps/tcl/tcllib2.0/smtpd/pkgIndex.tcl 
Execute           source D:/movies/2025.2/Vitis/tps/tcl/tcllib2.0/snit/pkgIndex.tcl 
Execute           source D:/movies/2025.2/Vitis/tps/tcl/tcllib2.0/soundex/pkgIndex.tcl 
Execute           source D:/movies/2025.2/Vitis/tps/tcl/tcllib2.0/stooop/pkgIndex.tcl 
Execute           source D:/movies/2025.2/Vitis/tps/tcl/tcllib2.0/string/pkgIndex.tcl 
Execute           source D:/movies/2025.2/Vitis/tps/tcl/tcllib2.0/stringprep/pkgIndex.tcl 
Execute           source D:/movies/2025.2/Vitis/tps/tcl/tcllib2.0/struct/pkgIndex.tcl 
Execute           source D:/movies/2025.2/Vitis/tps/tcl/tcllib2.0/tar/pkgIndex.tcl 
Execute           source D:/movies/2025.2/Vitis/tps/tcl/tcllib2.0/tepam/pkgIndex.tcl 
Execute           source D:/movies/2025.2/Vitis/tps/tcl/tcllib2.0/term/pkgIndex.tcl 
Execute           source D:/movies/2025.2/Vitis/tps/tcl/tcllib2.0/textutil/pkgIndex.tcl 
Execute           source D:/movies/2025.2/Vitis/tps/tcl/tcllib2.0/tie/pkgIndex.tcl 
Execute           source D:/movies/2025.2/Vitis/tps/tcl/tcllib2.0/tiff/pkgIndex.tcl 
Execute           source D:/movies/2025.2/Vitis/tps/tcl/tcllib2.0/tool/pkgIndex.tcl 
Execute           source D:/movies/2025.2/Vitis/tps/tcl/tcllib2.0/transfer/pkgIndex.tcl 
Execute           source D:/movies/2025.2/Vitis/tps/tcl/tcllib2.0/treeql/pkgIndex.tcl 
Execute           source D:/movies/2025.2/Vitis/tps/tcl/tcllib2.0/try/pkgIndex.tcl 
Execute           source D:/movies/2025.2/Vitis/tps/tcl/tcllib2.0/udpcluster/pkgIndex.tcl 
Execute           source D:/movies/2025.2/Vitis/tps/tcl/tcllib2.0/uev/pkgIndex.tcl 
Execute           source D:/movies/2025.2/Vitis/tps/tcl/tcllib2.0/units/pkgIndex.tcl 
Execute           source D:/movies/2025.2/Vitis/tps/tcl/tcllib2.0/uri/pkgIndex.tcl 
Execute           source D:/movies/2025.2/Vitis/tps/tcl/tcllib2.0/uuid/pkgIndex.tcl 
Execute           source D:/movies/2025.2/Vitis/tps/tcl/tcllib2.0/valtype/pkgIndex.tcl 
Execute           source D:/movies/2025.2/Vitis/tps/tcl/tcllib2.0/virtchannel_base/pkgIndex.tcl 
Execute           source D:/movies/2025.2/Vitis/tps/tcl/tcllib2.0/virtchannel_core/pkgIndex.tcl 
Execute           source D:/movies/2025.2/Vitis/tps/tcl/tcllib2.0/virtchannel_transform/pkgIndex.tcl 
Execute           source D:/movies/2025.2/Vitis/tps/tcl/tcllib2.0/websocket/pkgIndex.tcl 
Execute           source D:/movies/2025.2/Vitis/tps/tcl/tcllib2.0/wip/pkgIndex.tcl 
Execute           source D:/movies/2025.2/Vitis/tps/tcl/tcllib2.0/yaml/pkgIndex.tcl 
Execute           source D:/movies/2025.2/Vitis/tps/tcl/tcllib2.0/zip/pkgIndex.tcl 
Command         ap_source done; 0.153 sec.
Execute         source D:/movies/2025.2/Vitis/tps/tcl/tdom/pkgIndex.tcl 
Execute         source D:/movies/2025.2/Vitis/tps/tcl/tcl8.6/opt0.4/pkgIndex.tcl 
Execute         source D:/movies/2025.2/Vitis/tps/tcl/tcl8.6/pkgs/win/thread2.8.7/pkgIndex.tcl 
Command       ap_source done; 0.782 sec.
INFO-FLOW: Workspace C:/Users/duong/Desktop/xup_high_level_synthesis_design_flow-main/source/lab3/dct_array_partition/dct/hls opened at Sun Jun 14 22:50:07 -0400 2026
Execute       send_msg_by_id INFO @200-1505@%s%s default  vivado 
INFO: [HLS 200-1505] Using default flow_target 'vivado'
Execute       send_msg_by_id INFO @200-2174@%s%s component hls_config.cfg 
INFO: [HLS 200-2174] Applying component config ini file hls_config.cfg
Execute       apply_ini hls_config.cfg 
Execute         send_msg_by_id INFO @200-1465@%s 'syn.file=../dct.c' from hls_config.cfg(8) 
INFO: [HLS 200-1465] Applying config ini 'syn.file=../dct.c' from hls_config.cfg(8)
Execute         add_files C:/Users/duong/Desktop/xup_high_level_synthesis_design_flow-main/source/lab3/dct.c 
INFO: [HLS 200-10] Adding design file 'C:/Users/duong/Desktop/xup_high_level_synthesis_design_flow-main/source/lab3/dct.c' to the project
Execute         send_msg_by_id INFO @200-1465@%s 'syn.file=../dct.h' from hls_config.cfg(9) 
INFO: [HLS 200-1465] Applying config ini 'syn.file=../dct.h' from hls_config.cfg(9)
Execute         add_files C:/Users/duong/Desktop/xup_high_level_synthesis_design_flow-main/source/lab3/dct.h 
INFO: [HLS 200-10] Adding design file 'C:/Users/duong/Desktop/xup_high_level_synthesis_design_flow-main/source/lab3/dct.h' to the project
Execute         send_msg_by_id INFO @200-1465@%s 'tb.file=../dct_test.c' from hls_config.cfg(10) 
INFO: [HLS 200-1465] Applying config ini 'tb.file=../dct_test.c' from hls_config.cfg(10)
Execute         add_files -tb C:/Users/duong/Desktop/xup_high_level_synthesis_design_flow-main/source/lab3/dct_test.c 
INFO: [HLS 200-10] Adding test bench file 'C:/Users/duong/Desktop/xup_high_level_synthesis_design_flow-main/source/lab3/dct_test.c' to the project
Execute         send_msg_by_id INFO @200-1465@%s 'tb.file=../in.dat' from hls_config.cfg(11) 
INFO: [HLS 200-1465] Applying config ini 'tb.file=../in.dat' from hls_config.cfg(11)
Execute         add_files -tb C:/Users/duong/Desktop/xup_high_level_synthesis_design_flow-main/source/lab3/in.dat 
INFO: [HLS 200-10] Adding test bench file 'C:/Users/duong/Desktop/xup_high_level_synthesis_design_flow-main/source/lab3/in.dat' to the project
Execute         send_msg_by_id INFO @200-1465@%s 'tb.file=../out.golden.dat' from hls_config.cfg(12) 
INFO: [HLS 200-1465] Applying config ini 'tb.file=../out.golden.dat' from hls_config.cfg(12)
Execute         add_files -tb C:/Users/duong/Desktop/xup_high_level_synthesis_design_flow-main/source/lab3/out.golden.dat 
INFO: [HLS 200-10] Adding test bench file 'C:/Users/duong/Desktop/xup_high_level_synthesis_design_flow-main/source/lab3/out.golden.dat' to the project
Execute         send_msg_by_id INFO @200-1465@%s 'syn.top=dct' from hls_config.cfg(7) 
INFO: [HLS 200-1465] Applying config ini 'syn.top=dct' from hls_config.cfg(7)
Execute         set_top dct 
Execute         send_msg_by_id INFO @200-1465@%s 'flow_target=vivado' from hls_config.cfg(4) 
INFO: [HLS 200-1465] Applying config ini 'flow_target=vivado' from hls_config.cfg(4)
Execute         send_msg_by_id INFO @200-1505@%s%s  vivado 
INFO: [HLS 200-1505] Using flow_target 'vivado'
Execute         send_msg_by_id INFO @200-1465@%s 'part=xc7a35tfgg484-2' from hls_config.cfg(1) 
INFO: [HLS 200-1465] Applying config ini 'part=xc7a35tfgg484-2' from hls_config.cfg(1)
Execute         set_part xc7a35tfgg484-2 
Execute           create_platform xc7a35tfgg484-2 -board  
DBG:HLSDevice: Trying to load device library: D:/movies/2025.2/Vitis\lib\win64.o\xv_hlsvwrap.dll
DBG:HLSDevice: first parts/arch.xml in RDI_DATADIR: D:/movies/2025.2/Vivado/data/parts/arch.xml
DBG:HLSDevice: init success
INFO: [HLS 200-1611] Setting target device to 'xc7a35t-fgg484-2'
Command           create_platform done; 1.285 sec.
Execute           source D:/movies/2025.2/Vitis/common/technology/xilinx/common/xilinx.gen 
Execute             source D:/movies/2025.2/Vitis/common/technology/xilinx/interface/plb46.gen 
Execute             source D:/movies/2025.2/Vitis/common/technology/xilinx/interface/axi4.gen 
Execute             source D:/movies/2025.2/Vitis/common/technology/xilinx/interface/nativeAXI4.gen 
Execute               source D:/movies/2025.2/Vitis/common/technology/xilinx/interface/saxilite.gen 
Execute             source D:/movies/2025.2/Vitis/common/technology/xilinx/scripts/xilinxcoregen.gen 
Execute             source D:/movies/2025.2/Vitis/common/technology/xilinx/interface/XilEDKCoreGen.gen 
Execute             source D:/movies/2025.2/Vitis/common/technology/xilinx/ip/dds_compiler.gen 
Execute             source D:/movies/2025.2/Vitis/common/technology/xilinx/ip/util.gen 
Execute             source D:/movies/2025.2/Vitis/common/technology/xilinx/ip/xfft.gen 
Execute             source D:/movies/2025.2/Vitis/common/technology/xilinx/ip/xfir.gen 
Execute             source D:/movies/2025.2/Vitis/common/technology/xilinx/DSP48/dsp48.gen 
Command           ap_source done; 0.194 sec.
Execute           ap_part_info -name xc7a35t-fgg484-2 -data info 
Execute           config_compile -quiet -complex-mul-dsp=0 
Command         set_part done; 1.497 sec.
Execute         send_msg_by_id INFO @200-1465@%s 'package.output.format=ip_catalog' from hls_config.cfg(5) 
INFO: [HLS 200-1465] Applying config ini 'package.output.format=ip_catalog' from hls_config.cfg(5)
Execute         config_export -format=ip_catalog 
Command       apply_ini done; 1.569 sec.
Execute       write_component -config C:/Users/duong/Desktop/xup_high_level_synthesis_design_flow-main/source/lab3/dct_array_partition/hls_config.cfg 
Execute         send_msg_by_id INFO @200-2176@%s C:/Users/duong/Desktop/xup_high_level_synthesis_design_flow-main/source/lab3/dct_array_partition/dct/vitis-comp.json 
INFO: [HLS 200-2176] Writing Vitis IDE component file C:/Users/duong/Desktop/xup_high_level_synthesis_design_flow-main/source/lab3/dct_array_partition/dct/vitis-comp.json
Command     open_solution done; 2.469 sec.
Command   open_component done; 2.486 sec.
Execute   apply_ini C:/Users/duong/Desktop/xup_high_level_synthesis_design_flow-main/source/lab3/dct_array_partition/dct/hls/config.cmdline -iscmdline 
Execute   ::AP::init_summary_file csynth 
Execute     AP::app_get_file_relativeroot [AP::app_get_root] {}
Execute   csynth_design 
Execute     AP::msg_collection_file -open C:/Users/duong/Desktop/xup_high_level_synthesis_design_flow-main/source/lab3/dct_array_partition/dct/hls/.autopilot/db/be_messages.xml 
Execute     ap_part_info -name xc7a35t-fgg484-2 -data info 
INFO-FLOW: run_clang dct.c.xilinx-performance-pragma-detector exec: D:/movies/2025.2/Vitis/win64/tools/clang-16/bin/xilinx-performance-pragma-detector ../dct.c -- -fhls -D__VITIS_HLS__ -DAESL_SYN -D__SYNTHESIS__ -D__HLS_SYN__ -I D:/movies/2025.2/Vitis/common/technology/autopilot -I D:/movies/2025.2/Vitis/common/technology/autopilot/ap_sysc -include etc/autopilot_ssdm_op.h -D__DSP48E1__ -target fpga64-xilinx-mingw32 --sysroot D:/movies/2025.2/Vitis/tps/mingw/8.3.0/win64.o/nt {-hls-platform-db-name=D:/movies/2025.2/Vitis\common/technology\xilinx/common/platform.db} -hls-platform-name=artix7_medium -device-resource-info=BRAM_100.000000_DSP_90.000000_FF_41600.000000_LUT_20800.000000_SLICE_8150.000000_URAM_0.000000 -device-name-info=xc7a35tfgg484-2 > C:/Users/duong/Desktop/xup_high_level_synthesis_design_flow-main/source/lab3/dct_array_partition/dct/hls/.autopilot/db/dct.c.xilinx-performance-pragma-detector.out.log 2> C:/Users/duong/Desktop/xup_high_level_synthesis_design_flow-main/source/lab3/dct_array_partition/dct/hls/.autopilot/db/dct.c.xilinx-performance-pragma-detector.err.log
INFO-FLOW: run_clang result=success num-err-msgs=0 num-stderr-lines=7
Execute     elaborate -effort=medium -skip_syncheck=0 -keep_printf=0 -skip_cdt=0 -skip_transform=0 -ng=0 -g=0 -from_csynth_design=1 
INFO: [HLS 200-111] Finished File checks and directory preparation: CPU user time: 1 seconds. CPU system time: 2 seconds. Elapsed time: 5.667 seconds; current allocated memory: 138.934 MB.
Execute       send_msg_by_id INFO @200-2191@%s%s C-Synthesis clang-16 
INFO: [HLS 200-2191] C-Synthesis will use clang-16 as the compiler
Execute       set_directive_top dct -name=dct 
INFO: [HLS 200-10] Analyzing design file '../dct.c' ... 
INFO-FLOW: Compiling one TU...
INFO-FLOW: Handling ../dct.c as C
Execute       ap_part_info -name xc7a35t-fgg484-2 -data info 
INFO-FLOW: Running: GCC PP 39
INFO-FLOW: Source preprocessing
INFO-FLOW: run_clang dct.c.clang exec: D:/movies/2025.2/Vitis/win64/tools/clang-16/bin/clang ../dct.c -foptimization-record-file=C:/Users/duong/Desktop/xup_high_level_synthesis_design_flow-main/source/lab3/dct_array_partition/dct/hls/.autopilot/db/dct.c.clang.diag.yml -mllvm -pass-remarks-missed=reflow|pasta|unroll|inline -mllvm -pass-remarks=reflow|pasta|unroll|inline -fno-limit-debug-info --sysroot D:/movies/2025.2/Vitis/tps/mingw/8.3.0/win64.o/nt -fhls -fno-exceptions -insert-hls-directive=C:/Users/duong/Desktop/xup_high_level_synthesis_design_flow-main/source/lab3/dct_array_partition/dct/hls/.autopilot/db/all.directive.json -hls-directive-location -E -fno-math-errno -c -emit-llvm -mllvm -disable-llvm-optzns -Xclang -no-opaque-pointers -Xclang -fmerge-all-constants -Werror=implicit-hls-streams -Werror=return-type -Wpragmas -Wunused-parameter -Wdump-hls-pragmas -Wno-error=dump-hls-pragmas -hls-clock-period=10 -std=gnu99 -fgnu89-inline -target fpga64-xilinx-mingw32 -D__VITIS_HLS__ -DAESL_SYN -D__SYNTHESIS__ -D__HLS_SYN__ -I D:/movies/2025.2/Vitis/common/technology/autopilot -I D:/movies/2025.2/Vitis/common/technology/autopilot/ap_sysc -include etc/autopilot_ssdm_op.h -D__DSP48E1__ -o C:/Users/duong/Desktop/xup_high_level_synthesis_design_flow-main/source/lab3/dct_array_partition/dct/hls/.autopilot/db/dct.pp.0.c {-hls-platform-db-name=D:/movies/2025.2/Vitis\common/technology\xilinx/common/platform.db} -hls-platform-name=artix7_medium -device-resource-info=BRAM_100.000000_DSP_90.000000_FF_41600.000000_LUT_20800.000000_SLICE_8150.000000_URAM_0.000000 -device-name-info=xc7a35tfgg484-2 > C:/Users/duong/Desktop/xup_high_level_synthesis_design_flow-main/source/lab3/dct_array_partition/dct/hls/.autopilot/db/dct.c.clang.out.log 2> C:/Users/duong/Desktop/xup_high_level_synthesis_design_flow-main/source/lab3/dct_array_partition/dct/hls/.autopilot/db/dct.c.clang.err.log
INFO-FLOW: run_clang result=success num-err-msgs=0 num-stderr-lines=0
INFO-FLOW: Done: GCC PP 39 time: 0.7 seconds 
INFO-FLOW: Source syntax check for synthesis
INFO-FLOW: run_clang clang exec: D:/movies/2025.2/Vitis/win64/tools/clang-16/bin/clang -foptimization-record-file=C:/Users/duong/Desktop/xup_high_level_synthesis_design_flow-main/source/lab3/dct_array_partition/dct/hls/.autopilot/db/clang.diag.yml -mllvm -pass-remarks-missed=reflow|pasta|unroll|inline -mllvm -pass-remarks=reflow|pasta|unroll|inline -fsyntax-only -fhls -target fpga64-xilinx-linux-gnu C:/Users/duong/Desktop/xup_high_level_synthesis_design_flow-main/source/lab3/dct_array_partition/dct/hls/.autopilot/db/dct.pp.0.c {-hls-platform-db-name=D:/movies/2025.2/Vitis\common/technology\xilinx/common/platform.db} -hls-platform-name=artix7_medium -device-resource-info=BRAM_100.000000_DSP_90.000000_FF_41600.000000_LUT_20800.000000_SLICE_8150.000000_URAM_0.000000 -device-name-info=xc7a35tfgg484-2 > C:/Users/duong/Desktop/xup_high_level_synthesis_design_flow-main/source/lab3/dct_array_partition/dct/hls/.autopilot/db/clang.out.log 2> C:/Users/duong/Desktop/xup_high_level_synthesis_design_flow-main/source/lab3/dct_array_partition/dct/hls/.autopilot/db/clang.err.log
WARNING: [HLS 207-7036] unexpected pragma argument '2', expects identifier (../dct.c:57:53)
WARNING: [HLS 207-7018] multiple compatible 'PIPELINE' pragmas (../dct.c:69:1, ../dct.c:84:1) in the same function scope (dct_2d). Combining them into pragma 'PIPELINE II=1' (../dct.c:69:1)
WARNING: [HLS 207-7036] unexpected pragma argument '2', expects identifier (../dct.c:129:53)
INFO-FLOW: run_clang result=success num-err-msgs=0 num-stderr-lines=0
Execute       clang_tidy xilinx-systemc-detector -desc systemc-detector C:/Users/duong/Desktop/xup_high_level_synthesis_design_flow-main/source/lab3/dct_array_partition/dct/hls/.autopilot/db/dct.pp.0.c std=gnu99 -target fpga -directive=C:/Users/duong/Desktop/xup_high_level_synthesis_design_flow-main/source/lab3/dct_array_partition/dct/hls/.autopilot/db/.systemc_flag 
INFO-FLOW: exec D:/movies/2025.2/Vitis/win64/tools/clang-16/bin/clang-tidy -header-filter=.* --checks=-*,xilinx-systemc-detector -import-directive=C:/Users/duong/Desktop/xup_high_level_synthesis_design_flow-main/source/lab3/dct_array_partition/dct/hls/.autopilot/db/.systemc_flag -fix-errors C:/Users/duong/Desktop/xup_high_level_synthesis_design_flow-main/source/lab3/dct_array_partition/dct/hls/.autopilot/db/dct.pp.0.c -- -std=gnu99 -target fpga -fhls -ferror-limit=0
Command       clang_tidy done; 0.918 sec.
INFO-FLOW: Running: clang-tidy CDT preprocess 39
Execute       clang_tidy xilinx-directive2pragma -desc directive2pragma C:/Users/duong/Desktop/xup_high_level_synthesis_design_flow-main/source/lab3/dct_array_partition/dct/hls/.autopilot/db/dct.pp.0.c std=gnu99 -target fpga -directive=C:/Users/duong/Desktop/xup_high_level_synthesis_design_flow-main/source/lab3/dct_array_partition/dct/hls/.autopilot/db/all.directive.json 
INFO-FLOW: exec D:/movies/2025.2/Vitis/win64/tools/clang-16/bin/clang-tidy -header-filter=.* --checks=-*,xilinx-directive2pragma -import-directive=C:/Users/duong/Desktop/xup_high_level_synthesis_design_flow-main/source/lab3/dct_array_partition/dct/hls/.autopilot/db/all.directive.json -fix-errors C:/Users/duong/Desktop/xup_high_level_synthesis_design_flow-main/source/lab3/dct_array_partition/dct/hls/.autopilot/db/dct.pp.0.c -- -std=gnu99 -target fpga -fhls -ferror-limit=0
Command       clang_tidy done; 0.114 sec.
INFO-FLOW: Done: clang-tidy CDT preprocess 39 time: 0.1 seconds 
INFO-FLOW: Calling xilinx-label-all-loops ... 
INFO-FLOW: Calling xilinx-aggregate-on-hls-vector ... 
Execute       clang_tidy -errorcheck -desc loop-label xilinx-label-all-loops,xilinx-aggregate-on-hls-vector,,xilinx-warn-mayneed-no-ctor-attribute C:/Users/duong/Desktop/xup_high_level_synthesis_design_flow-main/source/lab3/dct_array_partition/dct/hls/.autopilot/db/dct.pp.0.c std=gnu99 -target fpga 
INFO-FLOW: run_clang loop-label exec: D:/movies/2025.2/Vitis/win64/tools/clang-16/bin/clang-tidy -export-fixes=C:/Users/duong/Desktop/xup_high_level_synthesis_design_flow-main/source/lab3/dct_array_partition/dct/hls/.autopilot/db/dct.pp.0.c.clang-tidy.loop-label.diag.yml -header-filter=.* --checks=-*,xilinx-label-all-loops,xilinx-aggregate-on-hls-vector,,xilinx-warn-mayneed-no-ctor-attribute -fix-errors C:/Users/duong/Desktop/xup_high_level_synthesis_design_flow-main/source/lab3/dct_array_partition/dct/hls/.autopilot/db/dct.pp.0.c -- -std=gnu99 -target fpga -fhls -ferror-limit=0 > C:/Users/duong/Desktop/xup_high_level_synthesis_design_flow-main/source/lab3/dct_array_partition/dct/hls/.autopilot/db/dct.pp.0.c.clang-tidy.loop-label.out.log 2> C:/Users/duong/Desktop/xup_high_level_synthesis_design_flow-main/source/lab3/dct_array_partition/dct/hls/.autopilot/db/dct.pp.0.c.clang-tidy.loop-label.err.log
Execute         source D:/movies/2025.2/Vitis/tps/tcl/tcllib2.0/yaml/yaml.tcl 
Execute           source D:/movies/2025.2/Vitis/tps/tcl/tcllib2.0/cmdline/cmdline.tcl 
INFO-FLOW: run_clang result=success num-err-msgs=0 num-stderr-lines=23
Command       clang_tidy done; 0.154 sec.
INFO-FLOW: run_clang dct.pp.0.c.xilinx-dataflow-lawyer exec: D:/movies/2025.2/Vitis/win64/tools/clang-16/bin/xilinx-dataflow-lawyer -export-fixes=C:/Users/duong/Desktop/xup_high_level_synthesis_design_flow-main/source/lab3/dct_array_partition/dct/hls/.autopilot/db/dct.pp.0.c.xilinx-dataflow-lawyer.diag.yml C:/Users/duong/Desktop/xup_high_level_synthesis_design_flow-main/source/lab3/dct_array_partition/dct/hls/.autopilot/db/dct.pp.0.c -- -std=gnu99 -target fpga -fhls -ferror-limit=0 -fstrict-dataflow > C:/Users/duong/Desktop/xup_high_level_synthesis_design_flow-main/source/lab3/dct_array_partition/dct/hls/.autopilot/db/dct.pp.0.c.xilinx-dataflow-lawyer.out.log 2> C:/Users/duong/Desktop/xup_high_level_synthesis_design_flow-main/source/lab3/dct_array_partition/dct/hls/.autopilot/db/dct.pp.0.c.xilinx-dataflow-lawyer.err.log
INFO-FLOW: run_clang result=success num-err-msgs=0 num-stderr-lines=0
Execute       ap_part_info -name xc7a35t-fgg484-2 -data info 
INFO-FLOW: compiling source code to llvm bc
INFO-FLOW: run_clang dct.pp.0.c.clang exec: D:/movies/2025.2/Vitis/win64/tools/clang-16/bin/clang -foptimization-record-file=C:/Users/duong/Desktop/xup_high_level_synthesis_design_flow-main/source/lab3/dct_array_partition/dct/hls/.autopilot/db/dct.pp.0.c.clang.diag.yml -mllvm -pass-remarks-missed=reflow|pasta|unroll|inline -mllvm -pass-remarks=reflow|pasta|unroll|inline -flto -fno-exceptions -Wno-error=c++11-narrowing -fno-limit-debug-info -fhls -hls-emit-hint-scope C:/Users/duong/Desktop/xup_high_level_synthesis_design_flow-main/source/lab3/dct_array_partition/dct/hls/.autopilot/db/dct.pp.0.c -fno-math-errno -c -emit-llvm -mllvm -disable-llvm-optzns -Xclang -no-opaque-pointers -Xclang -fmerge-all-constants -Werror=implicit-hls-streams -Werror=return-type -Wpragmas -Wunused-parameter -Wdump-hls-pragmas -Wno-error=dump-hls-pragmas -hls-clock-period=10 -std=gnu99 -fgnu89-inline -target fpga64-xilinx-linux-gnu -D__VITIS_HLS__ -DAESL_SYN -D__SYNTHESIS__ -D__HLS_SYN__ -I D:/movies/2025.2/Vitis/common/technology/autopilot -I D:/movies/2025.2/Vitis/common/technology/autopilot/ap_sysc -include etc/autopilot_ssdm_op.h -D__DSP48E1__ -g -o C:/Users/duong/Desktop/xup_high_level_synthesis_design_flow-main/source/lab3/dct_array_partition/dct/hls/.autopilot/db/dct.pre.g.bc {-hls-platform-db-name=D:/movies/2025.2/Vitis\common/technology\xilinx/common/platform.db} -hls-platform-name=artix7_medium -device-resource-info=BRAM_100.000000_DSP_90.000000_FF_41600.000000_LUT_20800.000000_SLICE_8150.000000_URAM_0.000000 -device-name-info=xc7a35tfgg484-2 > C:/Users/duong/Desktop/xup_high_level_synthesis_design_flow-main/source/lab3/dct_array_partition/dct/hls/.autopilot/db/dct.pp.0.c.clang.out.log 2> C:/Users/duong/Desktop/xup_high_level_synthesis_design_flow-main/source/lab3/dct_array_partition/dct/hls/.autopilot/db/dct.pp.0.c.clang.err.log
INFO-FLOW: run_clang result=success num-err-msgs=0 num-stderr-lines=0
INFO-FLOW: converting llvm 16.0.4 bc to downstrem bc
INFO-FLOW: run_clang dct.bc.llvm-converter exec: D:/movies/2025.2/Vitis/win64/tools/clang-16/bin/llvm-converter -opaque-pointers=0 C:/Users/duong/Desktop/xup_high_level_synthesis_design_flow-main/source/lab3/dct_array_partition/dct/hls/.autopilot/db/dct.pre.g.bc -o C:/Users/duong/Desktop/xup_high_level_synthesis_design_flow-main/source/lab3/dct_array_partition/dct/hls/.autopilot/db/dct.bc > C:/Users/duong/Desktop/xup_high_level_synthesis_design_flow-main/source/lab3/dct_array_partition/dct/hls/.autopilot/db/dct.bc.llvm-converter.out.log 2> C:/Users/duong/Desktop/xup_high_level_synthesis_design_flow-main/source/lab3/dct_array_partition/dct/hls/.autopilot/db/dct.bc.llvm-converter.err.log
INFO-FLOW: run_clang result=success num-err-msgs=0 num-stderr-lines=0
INFO: [HLS 200-111] Finished Source Code Analysis and Preprocessing: CPU user time: 0 seconds. CPU system time: 0 seconds. Elapsed time: 2.992 seconds; current allocated memory: 141.445 MB.
INFO-FLOW: Linking Debug ...
INFO-FLOW: Linking dut bc code.
Execute       run_link_or_opt -out C:/Users/duong/Desktop/xup_high_level_synthesis_design_flow-main/source/lab3/dct_array_partition/dct/hls/.autopilot/db/a.g.ld.0.bc -args C:/Users/duong/Desktop/xup_high_level_synthesis_design_flow-main/source/lab3/dct_array_partition/dct/hls/.autopilot/db/dct.bc 
INFO-FLOW: run_clang a.g.ld.0.bc.llvm-link exec: D:/movies/2025.2/Vitis/win64/tools/clang-3.9-csynth/bin/llvm-link C:/Users/duong/Desktop/xup_high_level_synthesis_design_flow-main/source/lab3/dct_array_partition/dct/hls/.autopilot/db/dct.bc -o C:/Users/duong/Desktop/xup_high_level_synthesis_design_flow-main/source/lab3/dct_array_partition/dct/hls/.autopilot/db/a.g.ld.0.bc > C:/Users/duong/Desktop/xup_high_level_synthesis_design_flow-main/source/lab3/dct_array_partition/dct/hls/.autopilot/db/a.g.ld.0.bc.llvm-link.out.log 2> C:/Users/duong/Desktop/xup_high_level_synthesis_design_flow-main/source/lab3/dct_array_partition/dct/hls/.autopilot/db/a.g.ld.0.bc.llvm-link.err.log
INFO-FLOW: run_clang result=success num-err-msgs=0 num-stderr-lines=0
Command       run_link_or_opt done; 0.162 sec.
Execute       run_link_or_opt -opt -out C:/Users/duong/Desktop/xup_high_level_synthesis_design_flow-main/source/lab3/dct_array_partition/dct/hls/.autopilot/db/a.g.ld.1.lower.bc -args C:/Users/duong/Desktop/xup_high_level_synthesis_design_flow-main/source/lab3/dct_array_partition/dct/hls/.autopilot/db/a.g.ld.0.bc -reflow-lower-math-intrinsics 
INFO-FLOW: run_clang a.g.ld.1.lower.bc.opt exec: D:/movies/2025.2/Vitis/win64/tools/clang-3.9-csynth/bin/opt -pass-remarks-missed=reflow|pasta|unroll|inline -pass-remarks=reflow|pasta|unroll|inline -pass-remarks-output=C:/Users/duong/Desktop/xup_high_level_synthesis_design_flow-main/source/lab3/dct_array_partition/dct/hls/.autopilot/db/a.g.ld.1.lower.bc.opt.diag.yml C:/Users/duong/Desktop/xup_high_level_synthesis_design_flow-main/source/lab3/dct_array_partition/dct/hls/.autopilot/db/a.g.ld.0.bc -reflow-lower-math-intrinsics -o C:/Users/duong/Desktop/xup_high_level_synthesis_design_flow-main/source/lab3/dct_array_partition/dct/hls/.autopilot/db/a.g.ld.1.lower.bc > C:/Users/duong/Desktop/xup_high_level_synthesis_design_flow-main/source/lab3/dct_array_partition/dct/hls/.autopilot/db/a.g.ld.1.lower.bc.opt.out.log 2> C:/Users/duong/Desktop/xup_high_level_synthesis_design_flow-main/source/lab3/dct_array_partition/dct/hls/.autopilot/db/a.g.ld.1.lower.bc.opt.err.log
INFO-FLOW: run_clang result=success num-err-msgs=0 num-stderr-lines=0
INFO-FLOW: Running: gen_design_size_report post-opt
INFO-FLOW: Done: gen_design_size_report post-opt time: 0 seconds 
Command       run_link_or_opt done; 0.261 sec.
INFO-FLOW: Linking math bc lib
Execute       run_link_or_opt -out C:/Users/duong/Desktop/xup_high_level_synthesis_design_flow-main/source/lab3/dct_array_partition/dct/hls/.autopilot/db/a.g.ld.2.m1.bc -args C:/Users/duong/Desktop/xup_high_level_synthesis_design_flow-main/source/lab3/dct_array_partition/dct/hls/.autopilot/db/a.g.ld.1.lower.bc -only-needed D:/movies/2025.2/Vitis/win64/lib/libhlsm_39.bc D:/movies/2025.2/Vitis/win64/lib/libhlsmc++_39.bc 
INFO-FLOW: run_clang a.g.ld.2.m1.bc.llvm-link exec: D:/movies/2025.2/Vitis/win64/tools/clang-3.9-csynth/bin/llvm-link C:/Users/duong/Desktop/xup_high_level_synthesis_design_flow-main/source/lab3/dct_array_partition/dct/hls/.autopilot/db/a.g.ld.1.lower.bc -only-needed D:/movies/2025.2/Vitis/win64/lib/libhlsm_39.bc D:/movies/2025.2/Vitis/win64/lib/libhlsmc++_39.bc -o C:/Users/duong/Desktop/xup_high_level_synthesis_design_flow-main/source/lab3/dct_array_partition/dct/hls/.autopilot/db/a.g.ld.2.m1.bc > C:/Users/duong/Desktop/xup_high_level_synthesis_design_flow-main/source/lab3/dct_array_partition/dct/hls/.autopilot/db/a.g.ld.2.m1.bc.llvm-link.out.log 2> C:/Users/duong/Desktop/xup_high_level_synthesis_design_flow-main/source/lab3/dct_array_partition/dct/hls/.autopilot/db/a.g.ld.2.m1.bc.llvm-link.err.log
INFO-FLOW: run_clang result=success num-err-msgs=0 num-stderr-lines=0
Command       run_link_or_opt done; 1.834 sec.
Execute       run_link_or_opt -opt -out C:/Users/duong/Desktop/xup_high_level_synthesis_design_flow-main/source/lab3/dct_array_partition/dct/hls/.autopilot/db/a.g.ld.3.fpc.bc -args C:/Users/duong/Desktop/xup_high_level_synthesis_design_flow-main/source/lab3/dct_array_partition/dct/hls/.autopilot/db/a.g.ld.2.m1.bc -reflow-globaldce -hls-top-function-name=dct -reflow-float-conversion 
INFO-FLOW: run_clang a.g.ld.3.fpc.bc.opt exec: D:/movies/2025.2/Vitis/win64/tools/clang-3.9-csynth/bin/opt -pass-remarks-missed=reflow|pasta|unroll|inline -pass-remarks=reflow|pasta|unroll|inline -pass-remarks-output=C:/Users/duong/Desktop/xup_high_level_synthesis_design_flow-main/source/lab3/dct_array_partition/dct/hls/.autopilot/db/a.g.ld.3.fpc.bc.opt.diag.yml C:/Users/duong/Desktop/xup_high_level_synthesis_design_flow-main/source/lab3/dct_array_partition/dct/hls/.autopilot/db/a.g.ld.2.m1.bc -reflow-globaldce -hls-top-function-name=dct -reflow-float-conversion -o C:/Users/duong/Desktop/xup_high_level_synthesis_design_flow-main/source/lab3/dct_array_partition/dct/hls/.autopilot/db/a.g.ld.3.fpc.bc > C:/Users/duong/Desktop/xup_high_level_synthesis_design_flow-main/source/lab3/dct_array_partition/dct/hls/.autopilot/db/a.g.ld.3.fpc.bc.opt.out.log 2> C:/Users/duong/Desktop/xup_high_level_synthesis_design_flow-main/source/lab3/dct_array_partition/dct/hls/.autopilot/db/a.g.ld.3.fpc.bc.opt.err.log
INFO-FLOW: run_clang result=success num-err-msgs=0 num-stderr-lines=0
INFO-FLOW: Running: gen_design_size_report post-opt
INFO-FLOW: Done: gen_design_size_report post-opt time: 0 seconds 
Command       run_link_or_opt done; 0.778 sec.
Execute       run_link_or_opt -out C:/Users/duong/Desktop/xup_high_level_synthesis_design_flow-main/source/lab3/dct_array_partition/dct/hls/.autopilot/db/a.g.ld.4.m2.bc -args C:/Users/duong/Desktop/xup_high_level_synthesis_design_flow-main/source/lab3/dct_array_partition/dct/hls/.autopilot/db/a.g.ld.3.fpc.bc -only-needed D:/movies/2025.2/Vitis/win64/lib/libfloatconversion_39.bc 
INFO-FLOW: run_clang a.g.ld.4.m2.bc.llvm-link exec: D:/movies/2025.2/Vitis/win64/tools/clang-3.9-csynth/bin/llvm-link C:/Users/duong/Desktop/xup_high_level_synthesis_design_flow-main/source/lab3/dct_array_partition/dct/hls/.autopilot/db/a.g.ld.3.fpc.bc -only-needed D:/movies/2025.2/Vitis/win64/lib/libfloatconversion_39.bc -o C:/Users/duong/Desktop/xup_high_level_synthesis_design_flow-main/source/lab3/dct_array_partition/dct/hls/.autopilot/db/a.g.ld.4.m2.bc > C:/Users/duong/Desktop/xup_high_level_synthesis_design_flow-main/source/lab3/dct_array_partition/dct/hls/.autopilot/db/a.g.ld.4.m2.bc.llvm-link.out.log 2> C:/Users/duong/Desktop/xup_high_level_synthesis_design_flow-main/source/lab3/dct_array_partition/dct/hls/.autopilot/db/a.g.ld.4.m2.bc.llvm-link.err.log
INFO-FLOW: run_clang result=success num-err-msgs=0 num-stderr-lines=0
Execute       run_link_or_opt -opt -out C:/Users/duong/Desktop/xup_high_level_synthesis_design_flow-main/source/lab3/dct_array_partition/dct/hls/.autopilot/db/a.g.ld.5.gdce.bc -args C:/Users/duong/Desktop/xup_high_level_synthesis_design_flow-main/source/lab3/dct_array_partition/dct/hls/.autopilot/db/a.g.ld.4.m2.bc -reflow-globaldce -hls-top-function-name=dct 
INFO-FLOW: run_clang a.g.ld.5.gdce.bc.opt exec: D:/movies/2025.2/Vitis/win64/tools/clang-3.9-csynth/bin/opt -pass-remarks-missed=reflow|pasta|unroll|inline -pass-remarks=reflow|pasta|unroll|inline -pass-remarks-output=C:/Users/duong/Desktop/xup_high_level_synthesis_design_flow-main/source/lab3/dct_array_partition/dct/hls/.autopilot/db/a.g.ld.5.gdce.bc.opt.diag.yml C:/Users/duong/Desktop/xup_high_level_synthesis_design_flow-main/source/lab3/dct_array_partition/dct/hls/.autopilot/db/a.g.ld.4.m2.bc -reflow-globaldce -hls-top-function-name=dct -o C:/Users/duong/Desktop/xup_high_level_synthesis_design_flow-main/source/lab3/dct_array_partition/dct/hls/.autopilot/db/a.g.ld.5.gdce.bc > C:/Users/duong/Desktop/xup_high_level_synthesis_design_flow-main/source/lab3/dct_array_partition/dct/hls/.autopilot/db/a.g.ld.5.gdce.bc.opt.out.log 2> C:/Users/duong/Desktop/xup_high_level_synthesis_design_flow-main/source/lab3/dct_array_partition/dct/hls/.autopilot/db/a.g.ld.5.gdce.bc.opt.err.log
INFO-FLOW: run_clang result=success num-err-msgs=0 num-stderr-lines=0
INFO-FLOW: Running: gen_design_size_report post-opt
INFO-FLOW: Done: gen_design_size_report post-opt time: 0 seconds 
Execute       send_msg_by_id INFO @200-777@%s Vivado 
INFO: [HLS 200-777] Using interface defaults for 'Vivado' flow target.
Execute       is_m_axi_addr64 
INFO-FLOW: Doing LTO.
INFO-FLOW: run_clang reflow (background poll_ms 5000) exec: D:/movies/2025.2/Vitis/win64/tools/clang-3.9-csynth/bin/clang -foptimization-record-file=C:/Users/duong/Desktop/xup_high_level_synthesis_design_flow-main/source/lab3/dct_array_partition/dct/hls/.autopilot/db/a.g.ld.0.bc.clang.reflow.diag.yml -mllvm -pass-remarks-missed=reflow|pasta|unroll|inline -mllvm -pass-remarks=reflow|pasta|unroll|inline -fhls -mllvm -hls-top-function-name=dct -mllvm -hls-db-dir -mllvm C:/Users/duong/Desktop/xup_high_level_synthesis_design_flow-main/source/lab3/dct_array_partition/dct/hls/.autopilot/db -emit-llvm -c -target fpga64-xilinx-none -mllvm -xcl-xmlinfo=C:/Users/duong/Desktop/xup_high_level_synthesis_design_flow-main/source/lab3/dct_array_partition/dct/hls/.autopilot/db/kernel.internal.xml -mllvm -top-io-mapping-info=C:/Users/duong/Desktop/xup_high_level_synthesis_design_flow-main/source/lab3/dct_array_partition/dct/hls/.autopilot/db/top-io-fe.xml -mllvm -hls-bitcode-version=3.1 -mllvm -reflow-enable-slave-interface-default-setting=true -mllvm -gen-kernel-xml=false -mllvm -default-maxi-offset=slave -mllvm -reflow-unroll-size-threshold=10000 -mllvm -reflow-unroll-cost-threshold=1000000 -mllvm -maxi-latency=0 -mllvm -hls-maxi-data-size-in-bits=8 -mllvm -hls-maxi-max-data-size-in-bits=1024 -mllvm -hls-max-widen-size-in-bits=0 -mllvm -xcl-kernel-max-mem-ports=0 -mllvm -maxi-read-trans=16 -mllvm -maxi-write-trans=16 -mllvm -maxi-read-burst-len=16 -mllvm -maxi-write-burst-len=16 -mllvm -reflow-enable-saxi-64bits=0 -mllvm -reflow-basic-block-instr-threshold=200000 -mllvm -reflow-auto-pipeline-threshold=64 -mllvm -reflow-enable-maxi-auto-id-channel=0 -mllvm -reflow-bdd-simplify-threshold=1048576 -mllvm -reflow-fanout-threshold=16 -mllvm -reflow-force-aggressive-unroll=0 -mllvm -reflow-aggressive-unroll-adjust-factor=1.000000 -mllvm -reflow-complete-threshold=4 -mllvm -reflow-array-promotion-threshold=64 -mllvm -reflow-enable-critical-path-for-performance=1 -mllvm -assume-maxi-align=1 -mllvm -reflow-enable-dataflow-strict-mode-checking=1 -ftime-report -mllvm -time-passes -mllvm -reflow-auto-array-partition-mode=default -mllvm -reflow-enable-auto-small-array-partition=true -mllvm -reflow-enable-auto-array-promotion=true -mllvm -reflow-enable-auto-array-partition-for-flatten=true -mllvm -reflow-enable-auto-parallel-performance-driven=true -mllvm -reflow-enable-partition-for-automation=true -mllvm -reflow-aggregate-bitwidth-threshold=4096 -mllvm -reflow-reserved-saxilite-registers=0 -mllvm -enable-reflow-auto-loop-pipeline -mllvm -reflow-max-unroll-threshold=409600 -mllvm -auto-unroll-tripcount-threshold=0 -mllvm -reflow-assume-no-address-wrap=true -mllvm -reflow-enable-occurrence-inference=true -mllvm -reflow-emit-hint-scope=true -mllvm -reflow-enable-codegen-with-if=true -mllvm -reflow-enable-dataflow-canon=true -mllvm -reflow-enable-dataflow-canon2=true -mllvm -reflow-dump-extra-complexity-metric=true -mllvm -reflow-enable-dse-loop-nest-extraction=false -mllvm -hls -mllvm -disable-inlined-alloca-merging=true -mllvm -default-clock-period=10 -mllvm -use_read_first_ram_in_loop=1 -mllvm -default-clock-uncertainty=2.7 -x ir C:/Users/duong/Desktop/xup_high_level_synthesis_design_flow-main/source/lab3/dct_array_partition/dct/hls/.autopilot/db/a.g.ld.5.gdce.bc -o C:/Users/duong/Desktop/xup_high_level_synthesis_design_flow-main/source/lab3/dct_array_partition/dct/hls/.autopilot/db/a.g.lto.bc {-hls-platform-db-name=D:/movies/2025.2/Vitis\common/technology\xilinx/common/platform.db} -hls-platform-name=artix7_medium -device-resource-info=BRAM_100.000000_DSP_90.000000_FF_41600.000000_LUT_20800.000000_SLICE_8150.000000_URAM_0.000000 -device-name-info=xc7a35tfgg484-2 2> C:/Users/duong/Desktop/xup_high_level_synthesis_design_flow-main/source/lab3/dct_array_partition/dct/hls/.autopilot/db/a.g.ld.0.bc.clang.reflow.err.log bg_poll_cmd: ::AP::poll_clang_39_closed_source
Execute       send_msg_by_id INFO @200-1995@%s%s%s 246 Compile/Link (C:/Users/duong/Desktop/xup_high_level_synthesis_design_flow-main/source/lab3/dct_array_partition/dct/hls/syn/report/csynth_design_size.rpt:2) 
INFO: [HLS 200-1995] There were 246 instructions in the design after the 'Compile/Link' phase of compilation. See the Design Size Report for more details (C:/Users/duong/Desktop/xup_high_level_synthesis_design_flow-main/source/lab3/dct_array_partition/dct/hls/syn/report/csynth_design_size.rpt:2)
Execute       send_msg_by_id INFO @200-1995@%s%s%s 6,798 Unroll/Inline (step 1) (C:/Users/duong/Desktop/xup_high_level_synthesis_design_flow-main/source/lab3/dct_array_partition/dct/hls/syn/report/csynth_design_size.rpt:2) 
INFO: [HLS 200-1995] There were 6,798 instructions in the design after the 'Unroll/Inline (step 1)' phase of compilation. See the Design Size Report for more details (C:/Users/duong/Desktop/xup_high_level_synthesis_design_flow-main/source/lab3/dct_array_partition/dct/hls/syn/report/csynth_design_size.rpt:2)
Execute       send_msg_by_id INFO @200-1995@%s%s%s 3,924 Unroll/Inline (step 2) (C:/Users/duong/Desktop/xup_high_level_synthesis_design_flow-main/source/lab3/dct_array_partition/dct/hls/syn/report/csynth_design_size.rpt:2) 
INFO: [HLS 200-1995] There were 3,924 instructions in the design after the 'Unroll/Inline (step 2)' phase of compilation. See the Design Size Report for more details (C:/Users/duong/Desktop/xup_high_level_synthesis_design_flow-main/source/lab3/dct_array_partition/dct/hls/syn/report/csynth_design_size.rpt:2)
Execute       send_msg_by_id INFO @200-1995@%s%s%s 3,924 Unroll/Inline (step 3) (C:/Users/duong/Desktop/xup_high_level_synthesis_design_flow-main/source/lab3/dct_array_partition/dct/hls/syn/report/csynth_design_size.rpt:2) 
INFO: [HLS 200-1995] There were 3,924 instructions in the design after the 'Unroll/Inline (step 3)' phase of compilation. See the Design Size Report for more details (C:/Users/duong/Desktop/xup_high_level_synthesis_design_flow-main/source/lab3/dct_array_partition/dct/hls/syn/report/csynth_design_size.rpt:2)
Execute       send_msg_by_id INFO @200-1995@%s%s%s 3,924 Unroll/Inline (step 4) (C:/Users/duong/Desktop/xup_high_level_synthesis_design_flow-main/source/lab3/dct_array_partition/dct/hls/syn/report/csynth_design_size.rpt:2) 
INFO: [HLS 200-1995] There were 3,924 instructions in the design after the 'Unroll/Inline (step 4)' phase of compilation. See the Design Size Report for more details (C:/Users/duong/Desktop/xup_high_level_synthesis_design_flow-main/source/lab3/dct_array_partition/dct/hls/syn/report/csynth_design_size.rpt:2)
Execute       send_msg_by_id INFO @200-1995@%s%s%s 3,980 Array/Struct (step 1) (C:/Users/duong/Desktop/xup_high_level_synthesis_design_flow-main/source/lab3/dct_array_partition/dct/hls/syn/report/csynth_design_size.rpt:2) 
INFO: [HLS 200-1995] There were 3,980 instructions in the design after the 'Array/Struct (step 1)' phase of compilation. See the Design Size Report for more details (C:/Users/duong/Desktop/xup_high_level_synthesis_design_flow-main/source/lab3/dct_array_partition/dct/hls/syn/report/csynth_design_size.rpt:2)
Execute       send_msg_by_id INFO @200-1995@%s%s%s 3,980 Array/Struct (step 2) (C:/Users/duong/Desktop/xup_high_level_synthesis_design_flow-main/source/lab3/dct_array_partition/dct/hls/syn/report/csynth_design_size.rpt:2) 
INFO: [HLS 200-1995] There were 3,980 instructions in the design after the 'Array/Struct (step 2)' phase of compilation. See the Design Size Report for more details (C:/Users/duong/Desktop/xup_high_level_synthesis_design_flow-main/source/lab3/dct_array_partition/dct/hls/syn/report/csynth_design_size.rpt:2)
Execute       send_msg_by_id INFO @200-1995@%s%s%s 3,980 Array/Struct (step 3) (C:/Users/duong/Desktop/xup_high_level_synthesis_design_flow-main/source/lab3/dct_array_partition/dct/hls/syn/report/csynth_design_size.rpt:2) 
INFO: [HLS 200-1995] There were 3,980 instructions in the design after the 'Array/Struct (step 3)' phase of compilation. See the Design Size Report for more details (C:/Users/duong/Desktop/xup_high_level_synthesis_design_flow-main/source/lab3/dct_array_partition/dct/hls/syn/report/csynth_design_size.rpt:2)
Execute       send_msg_by_id INFO @200-1995@%s%s%s 3,980 Array/Struct (step 4) (C:/Users/duong/Desktop/xup_high_level_synthesis_design_flow-main/source/lab3/dct_array_partition/dct/hls/syn/report/csynth_design_size.rpt:2) 
INFO: [HLS 200-1995] There were 3,980 instructions in the design after the 'Array/Struct (step 4)' phase of compilation. See the Design Size Report for more details (C:/Users/duong/Desktop/xup_high_level_synthesis_design_flow-main/source/lab3/dct_array_partition/dct/hls/syn/report/csynth_design_size.rpt:2)
Execute       send_msg_by_id INFO @200-1995@%s%s%s 3,980 Array/Struct (step 5) (C:/Users/duong/Desktop/xup_high_level_synthesis_design_flow-main/source/lab3/dct_array_partition/dct/hls/syn/report/csynth_design_size.rpt:2) 
INFO: [HLS 200-1995] There were 3,980 instructions in the design after the 'Array/Struct (step 5)' phase of compilation. See the Design Size Report for more details (C:/Users/duong/Desktop/xup_high_level_synthesis_design_flow-main/source/lab3/dct_array_partition/dct/hls/syn/report/csynth_design_size.rpt:2)
Execute       send_msg_by_id INFO @200-1995@%s%s%s 3,980 Performance (step 1) (C:/Users/duong/Desktop/xup_high_level_synthesis_design_flow-main/source/lab3/dct_array_partition/dct/hls/syn/report/csynth_design_size.rpt:2) 
INFO: [HLS 200-1995] There were 3,980 instructions in the design after the 'Performance (step 1)' phase of compilation. See the Design Size Report for more details (C:/Users/duong/Desktop/xup_high_level_synthesis_design_flow-main/source/lab3/dct_array_partition/dct/hls/syn/report/csynth_design_size.rpt:2)
Execute       send_msg_by_id INFO @200-1995@%s%s%s 3,669 Performance (step 2) (C:/Users/duong/Desktop/xup_high_level_synthesis_design_flow-main/source/lab3/dct_array_partition/dct/hls/syn/report/csynth_design_size.rpt:2) 
INFO: [HLS 200-1995] There were 3,669 instructions in the design after the 'Performance (step 2)' phase of compilation. See the Design Size Report for more details (C:/Users/duong/Desktop/xup_high_level_synthesis_design_flow-main/source/lab3/dct_array_partition/dct/hls/syn/report/csynth_design_size.rpt:2)
Execute       send_msg_by_id INFO @200-1995@%s%s%s 8,703 Performance (step 3) (C:/Users/duong/Desktop/xup_high_level_synthesis_design_flow-main/source/lab3/dct_array_partition/dct/hls/syn/report/csynth_design_size.rpt:2) 
INFO: [HLS 200-1995] There were 8,703 instructions in the design after the 'Performance (step 3)' phase of compilation. See the Design Size Report for more details (C:/Users/duong/Desktop/xup_high_level_synthesis_design_flow-main/source/lab3/dct_array_partition/dct/hls/syn/report/csynth_design_size.rpt:2)
Execute       send_msg_by_id INFO @200-1995@%s%s%s 3,434 Performance (step 4) (C:/Users/duong/Desktop/xup_high_level_synthesis_design_flow-main/source/lab3/dct_array_partition/dct/hls/syn/report/csynth_design_size.rpt:2) 
INFO: [HLS 200-1995] There were 3,434 instructions in the design after the 'Performance (step 4)' phase of compilation. See the Design Size Report for more details (C:/Users/duong/Desktop/xup_high_level_synthesis_design_flow-main/source/lab3/dct_array_partition/dct/hls/syn/report/csynth_design_size.rpt:2)
Command       send_msg_by_id done; 1.943 sec.
Execute       send_msg_by_id INFO @200-1995@%s%s%s 3,383 HW Transforms (step 1) (C:/Users/duong/Desktop/xup_high_level_synthesis_design_flow-main/source/lab3/dct_array_partition/dct/hls/syn/report/csynth_design_size.rpt:2) 
INFO: [HLS 200-1995] There were 3,383 instructions in the design after the 'HW Transforms (step 1)' phase of compilation. See the Design Size Report for more details (C:/Users/duong/Desktop/xup_high_level_synthesis_design_flow-main/source/lab3/dct_array_partition/dct/hls/syn/report/csynth_design_size.rpt:2)
Execute       send_msg_by_id INFO @200-1995@%s%s%s 3,387 HW Transforms (step 2) (C:/Users/duong/Desktop/xup_high_level_synthesis_design_flow-main/source/lab3/dct_array_partition/dct/hls/syn/report/csynth_design_size.rpt:2) 
INFO: [HLS 200-1995] There were 3,387 instructions in the design after the 'HW Transforms (step 2)' phase of compilation. See the Design Size Report for more details (C:/Users/duong/Desktop/xup_high_level_synthesis_design_flow-main/source/lab3/dct_array_partition/dct/hls/syn/report/csynth_design_size.rpt:2)
INFO: [HLS 214-291] Loop 'VITIS_LOOP_115_1' is marked as complete unroll implied by the pipeline pragma (../dct.c:115:22)
INFO: [HLS 214-291] Loop 'WR_Loop_Col' is marked as complete unroll implied by the pipeline pragma (../dct.c:118:7)
INFO: [HLS 214-291] Loop 'VITIS_LOOP_86_2' is marked as complete unroll implied by the pipeline pragma (../dct.c:86:21)
INFO: [HLS 214-291] Loop 'Xpose_Col_Inner_Loop' is marked as complete unroll implied by the pipeline pragma (../dct.c:89:7)
INFO: [HLS 214-291] Loop 'Col_DCT_Loop' is marked as complete unroll implied by the pipeline pragma (../dct.c:79:4)
INFO: [HLS 214-291] Loop 'VITIS_LOOP_71_1' is marked as complete unroll implied by the pipeline pragma (../dct.c:71:21)
INFO: [HLS 214-291] Loop 'Xpose_Row_Inner_Loop' is marked as complete unroll implied by the pipeline pragma (../dct.c:74:7)
INFO: [HLS 214-291] Loop 'Row_DCT_Loop' is marked as complete unroll implied by the pipeline pragma (../dct.c:64:4)
INFO: [HLS 214-291] Loop 'DCT_Outer_Loop' is marked as complete unroll implied by the pipeline pragma (../dct.c:39:4)
INFO: [HLS 214-291] Loop 'DCT_Inner_Loop' is marked as complete unroll implied by the pipeline pragma (../dct.c:44:7)
INFO: [HLS 214-291] Loop 'VITIS_LOOP_100_1' is marked as complete unroll implied by the pipeline pragma (../dct.c:100:22)
INFO: [HLS 214-291] Loop 'RD_Loop_Col' is marked as complete unroll implied by the pipeline pragma (../dct.c:103:7)
INFO: [HLS 214-186] Unrolling loop 'VITIS_LOOP_115_1' (../dct.c:115:22) in function 'write_data' completely with a factor of 8 (../dct.c:109:0)
INFO: [HLS 214-186] Unrolling loop 'WR_Loop_Col' (../dct.c:118:7) in function 'write_data' completely with a factor of 8 (../dct.c:109:0)
INFO: [HLS 214-186] Unrolling loop 'VITIS_LOOP_86_2' (../dct.c:86:21) in function 'dct_2d' completely with a factor of 8 (../dct.c:54:0)
INFO: [HLS 214-186] Unrolling loop 'Xpose_Col_Inner_Loop' (../dct.c:89:7) in function 'dct_2d' completely with a factor of 8 (../dct.c:54:0)
INFO: [HLS 214-186] Unrolling loop 'Col_DCT_Loop' (../dct.c:79:4) in function 'dct_2d' completely with a factor of 8 (../dct.c:54:0)
INFO: [HLS 214-186] Unrolling loop 'VITIS_LOOP_71_1' (../dct.c:71:21) in function 'dct_2d' completely with a factor of 8 (../dct.c:54:0)
INFO: [HLS 214-186] Unrolling loop 'Xpose_Row_Inner_Loop' (../dct.c:74:7) in function 'dct_2d' completely with a factor of 8 (../dct.c:54:0)
INFO: [HLS 214-186] Unrolling loop 'Row_DCT_Loop' (../dct.c:64:4) in function 'dct_2d' completely with a factor of 8 (../dct.c:54:0)
INFO: [HLS 214-186] Unrolling loop 'DCT_Outer_Loop' (../dct.c:39:4) in function 'dct_1d' completely with a factor of 8 (../dct.c:31:0)
WARNING: [HLS 214-189] Pipeline directive for loop 'DCT_Outer_Loop' (../dct.c:39:4) in function 'dct_1d' has been removed because the loop is unrolled completely (../dct.c:40:1)
INFO: [HLS 214-186] Unrolling loop 'DCT_Inner_Loop' (../dct.c:44:7) in function 'dct_1d' completely with a factor of 8 (../dct.c:31:0)
INFO: [HLS 214-186] Unrolling loop 'VITIS_LOOP_100_1' (../dct.c:100:22) in function 'read_data' completely with a factor of 8 (../dct.c:94:0)
INFO: [HLS 214-186] Unrolling loop 'RD_Loop_Col' (../dct.c:103:7) in function 'read_data' completely with a factor of 8 (../dct.c:94:0)
INFO: [HLS 214-364] Automatically inlining function 'dct_1d' to improve effectiveness of pipeline pragma in function 'dct_2d' (../dct.c:65:7)
INFO: [HLS 214-364] Automatically inlining function 'dct_1d' to improve effectiveness of pipeline pragma in function 'dct_2d' (../dct.c:80:7)
INFO: [HLS 214-449] Partitioning array 'buf_2d_in' dimension 2 due to constant index. (../dct.c:126:10)
INFO: [HLS 214-449] Partitioning array 'buf_2d_out' dimension 1 due to constant index. (../dct.c:127:10)
INFO: [HLS 214-449] Partitioning array 'buf_2d_out' dimension 2 due to constant index. (../dct.c:127:10)
INFO: [HLS 214-449] Partitioning array 'row_outbuf' dimension 2 due to constant index. (../dct.c:55:15)
INFO: [HLS 214-449] Partitioning array 'col_outbuf' dimension 2 due to constant index. (../dct.c:56:15)
INFO: [HLS 214-449] Partitioning array 'col_inbuf' dimension 2 due to constant index. (../dct.c:56:33)
INFO: [HLS 214-270] Inferring pragma 'array_partition type=cyclic factor=3 dim=1' for array 'row_outbuf' due to pipeline pragma (../dct.c:69:1)
INFO: [HLS 214-270] Inferring pragma 'array_partition type=complete dim=1' for array 'col_inbuf' due to pipeline pragma (../dct.c:69:1)
INFO: [HLS 214-270] Inferring pragma 'array_partition type=cyclic factor=3 dim=1' for array 'col_outbuf' due to pipeline pragma (../dct.c:69:1)
INFO: [HLS 214-248] Applying array_partition to 'row_outbuf': Cyclic partitioning with factor 3 on dimension 1. Complete partitioning on dimension 2. (../dct.c:55:15)
INFO: [HLS 214-248] Applying array_partition to 'col_outbuf': Cyclic partitioning with factor 3 on dimension 1. Complete partitioning on dimension 2. (../dct.c:56:15)
INFO: [HLS 214-248] Applying array_partition to 'col_inbuf': Complete partitioning on dimension 1. Complete partitioning on dimension 2. (../dct.c:56:33)
INFO: [HLS 214-248] Applying array_partition to 'buf_2d_in': Complete partitioning on dimension 2. (../dct.c:126:10)
INFO: [HLS 214-248] Applying array_partition to 'buf_2d_out': Complete partitioning on dimension 1. Complete partitioning on dimension 2. (../dct.c:127:10)
INFO-FLOW: run_clang result=success num-err-msgs=0 num-stderr-lines=118
INFO-FLOW: DBG:PUTS: copy_raw_kernel_xml ap_link_39: kernel.xml not generated: C:/Users/duong/Desktop/xup_high_level_synthesis_design_flow-main/source/lab3/dct_array_partition/dct/hls/.autopilot/db/kernel.internal.xml
INFO: [HLS 200-111] Finished Compiling Optimization and Transform: CPU user time: 0 seconds. CPU system time: 0 seconds. Elapsed time: 12.44 seconds; current allocated memory: 144.512 MB.
INFO: [HLS 200-111] Finished Checking Pragmas: CPU user time: 0 seconds. CPU system time: 0 seconds. Elapsed time: 0.007 seconds; current allocated memory: 144.512 MB.
Execute       opt_and_import_c a -opt_level=2 -skip_syncheck=0 -ng=0 -keep_printf=0 
Execute         cleanup_all_models 
INFO: [HLS 200-10] Starting code transformations ...
INFO-FLOW: Running Standard Transforms...
Execute         transform -hls -share-std-xform -demangle-name -inline-byval-memcpy -always-inline -promote-dbg-pointer -interface-preproc -mem2reg -reassociate -gvn -reassociate -scalarrepl -mem2reg -keep-read-access -instcombine -dce -promote-dbg-pointer -bitop-raise -loop-simplify -indvarspre -indvars -loop-simplify -constprop -instcombine -simplifycfg -indvars -simplifycfg -dce -globaldce -basicaa -simplifycfg -mem2reg -globalopt -global-constprop -deadargelim -instcombine -simplifycfg -scalarrepl -instcombine -reassociate -licm -simplifycfg -loop-simplify -indvars -instcombine -simplifycfg -mem2reg -loop-simplify -indvars -instcombine -gvn -gvn -instcombine -adce -break-crit-edges -simplifycfg -loop-delete -global-array-opt -dce -dse -adce -find-syn-modules -top dct -deadargelim -mem2reg -instcombine -dce -presyn-prepare -interface-preproc -syn-check -check-rec-only -find-region -simplifycfg -func-extr -function-inline -globaldce -mem2reg -instcombine -dce -gvn -globaldce -adce -adse -constprop -instcombine -bit-constprop -instcombine -dce -simplifycfg -bitop-raise -simplifycfg -dce -loop-delete -reassociate -globalopt -global-privatize -mem2reg -dce -global-constprop -pointer-simplify -constprop -dce -promote-dbg-pointer -norm-name C:/Users/duong/Desktop/xup_high_level_synthesis_design_flow-main/source/lab3/dct_array_partition/dct/hls/.autopilot/db/a.g.0.bc -o C:/Users/duong/Desktop/xup_high_level_synthesis_design_flow-main/source/lab3/dct_array_partition/dct/hls/.autopilot/db/a.g.1.bc -f -phase std-opt 
Command         transform done; 0.451 sec.
INFO: [HLS 200-111] Finished Standard Transforms: CPU user time: 0 seconds. CPU system time: 0 seconds. Elapsed time: 0.469 seconds; current allocated memory: 151.523 MB.
INFO: [HLS 200-10] Checking synthesizability ...
INFO-FLOW: Checking Synthesizability 1/2..
Execute         transform -hls -syn-check -check-rec-only -scalarrepl -norm-name -dce -mem2reg -instcombine -directive-preproc -mem2reg -dse -dce -dce -pag -array-normalize -instcombine -dce -array-seg-normalize -instcombine -dce -data-pack -instcombine -dce -inst-simplify -array-flatten -instcombine -dce -array-burst -dce -deadargelim -promote-global-argument -simplifycfg -mem2reg -globaldce -dce -deadargelim -dce -instcombine -function-inline -globaldce -dce -doublePtrSimplify -doublePtrElim -dce -doublePtrSimplify -promote-dbg-pointer -dce -scalarrepl -dse -adse -instcombine -ptrLegalization -simplifycfg -dce -instcombine -pointer-simplify -ptrArgReplace -dce -instcombine -resolve-double-ptr -scalarrepl -norm-name -dce -mem2reg -instcombine -ptrLegalization -simplifycfg -deadargelim -instcombine -dce -inst-simplify -directive-preproc -mem2reg -dse -dce -globaldce C:/Users/duong/Desktop/xup_high_level_synthesis_design_flow-main/source/lab3/dct_array_partition/dct/hls/.autopilot/db/a.g.1.bc -o C:/Users/duong/Desktop/xup_high_level_synthesis_design_flow-main/source/lab3/dct_array_partition/dct/hls/.autopilot/db/a.g.2.prechk.bc -f 
Command         transform done; 0.121 sec.
INFO-FLOW: Checking Synthesizability 2/2..
Execute         transform -syn-check C:/Users/duong/Desktop/xup_high_level_synthesis_design_flow-main/source/lab3/dct_array_partition/dct/hls/.autopilot/db/a.g.2.prechk.bc -o C:/Users/duong/Desktop/xup_high_level_synthesis_design_flow-main/source/lab3/dct_array_partition/dct/hls/.autopilot/db/a.g.2.bc -f -phase syn-check 
INFO: [HLS 200-111] Finished Checking Synthesizability: CPU user time: 1 seconds. CPU system time: 0 seconds. Elapsed time: 0.135 seconds; current allocated memory: 155.297 MB.
INFO-FLOW: Compiler optimizing ...
INFO-FLOW: Share syncheck's 1.bc for syn flow: copy C:/Users/duong/Desktop/xup_high_level_synthesis_design_flow-main/source/lab3/dct_array_partition/dct/hls/.autopilot/db/a.g.1.bc to C:/Users/duong/Desktop/xup_high_level_synthesis_design_flow-main/source/lab3/dct_array_partition/dct/hls/.autopilot/db/a.o.1.bc
INFO-FLOW: Presyn 1...
Execute         transform -hls -tmp C:/Users/duong/Desktop/xup_high_level_synthesis_design_flow-main/source/lab3/dct_array_partition/dct/hls/.autopilot/db -interface-port-rename -directive-preproc -mem2reg -dse -dce -scalarrepl -norm-name -deadargelim -dce -hls-dead-arg-elim -deadargelim -mem2reg -instcombine -dce -simplifycfg -dce -resource-proc -clib-intrinsic-prepare -dce -func-buffer -dce -pag -array-normalize -func-legal -instcombine -gvn -constprop -dce -simplifycfg -mem2reg -globaldce -resolve-double-ptr -dce -deadargelim -dce -instcombine -ptrArgReplace -mem2reg -dce -array-seg-normalize -deadargelim -instcombine -dce -directive-preproc -mem2reg -dse -dce -pointer-simplify -dce -dce -interface-preproc -data-pack -instcombine -dce -basicaa -aggr-aa -aggrmodref-aa -aggr-aa -gvn -gvn -basicaa -aggr-aa -aggrmodref-aa -aggr-aa -dse -adse -adce -loop-simplify -indvars -instcombine -gvn -loop-simplify -mem2reg -dce -find-region -instcombine -inst-simplify -interface-preproc -cfgopt -instcombine -indvars -loop-simplify -loop-bound -constprop -instcombine -simplifycfg -indvars -simplifycfg -dce -globaldce -clean-region -attach-range -gvn -inst-simplify -constprop -simplifycfg -dce -pointer-simplify -dce -globalopt -constprop -dce -ptrArgReplace -mem2reg -simplifycfg -dce -instcombine -dce -array-transform-check -array-reshape -instcombine -simplifycfg -dce -ptrArgReplace -deadargelim -mem2reg -instcombine -simplifycfg -dce -indvars -loop-simplify -loop-bound -constprop -instcombine -simplifycfg -indvars -simplifycfg -dce -globaldce -basicaa -aggr-aa -aggrmodref-aa -aggr-aa -dse -duplicate-dataflow-processes -globaldce -instcombine -array-partition -prepare-dynamic-array-partition -instcombine -simplifycfg -dce -ptrArgReplace -global-constprop -deadargelim -mem2reg -func-legal -dce -global-constprop -deadargelim -mem2reg -simplifycfg -dce -merge-param -deadargelim -globalopt -constprop -dce -ptrArgReplace -mem2reg -simplifycfg -dce -mem-intrinsic-preproc -dce -global-internalize -global-privatize -mem2reg -globaldce -lcssa -loop-simplify -phi-select-elim -promote-global-argument -ptrArgReplace -mem2reg -dce -globalopt -mergereturn -simplify-global-access -mem2reg -dce -pointer-simplify -dce -basicaa -aggr-aa -aggrmodref-aa -aggr-aa -functionattrs -basicaa -aggr-aa -aggrmodref-aa -aggr-aa -gvn -gvn -basicaa -aggr-aa -aggrmodref-aa -aggr-aa -dse -adse -adce -dce -norm-name -basicaa -aggr-aa -aggrmodref-aa -aggr-aa -accesses-merge -function-inline -complex-op-raise -inst-simplify -globaldce -func-legal -dce -loop-bound -arraycheck -bitwidthmin2 -bitwidthmin2 -on-by-dataflow -loop-delete -instcombine -simplifycfg -globaldce -dce -gvn -deadargelim -dce -loop-simplify -clean-region -simplifycfg -propagate-stable-arguments -instcombine -simplifycfg -dce -globaldce -duplicate-dataflow-processes -stream-intrinsic-preproc -dce -check-ap-stream -loop-simplify -eliminate-keepreads -extract-dataflow-in-loop -loop-simplify -dce -gvn -deadargelim -dse -duplicate-dataflow-processes -check-dataflow-syntax -legalize-stream-variable -globaldce -extract-subproc -global-constprop -deadargelim -globaldce -legalize-global -dce -dead-channel-elimination -canonicalize-gep -globaldce -dce -gvn -hls-dead-arg-elim -deadargelim -canonicalize-dataflow -directive-preproc -dce -globaldce -scalar-preprocessing -scalar-propagation2 -scalar-stream -deadargelim -globaldce -mem2reg -check-dataflow-channels -function-stream -dce -globaldce -prop-fifo-spec -internal-stream-gen -canonicalize-gep -globaldce -dce -gvn -deadargelim -mergereturn -indvars -loop-simplify -instcombine -array-stream -array-seg-normalize -array-partition -clean-array-spec -func-legal -instcombine -simplifycfg -dce -bundle-memfifo-ops -deadargelim -directive-preproc -mem2reg -dse -dce -group-axi-access -licm -simplifycfg -dce -loop-delete -hls-display -norm-name C:/Users/duong/Desktop/xup_high_level_synthesis_design_flow-main/source/lab3/dct_array_partition/dct/hls/.autopilot/db/a.o.1.bc -o C:/Users/duong/Desktop/xup_high_level_synthesis_design_flow-main/source/lab3/dct_array_partition/dct/hls/.autopilot/db/a.o.1.tmp.bc -f 
Command         transform done; 0.285 sec.
INFO-FLOW: Presyn 2...
Execute         transform -hls -keep-callgraph -scalarrepl -mem2reg -attach-range -dce -pipe-mux-gen -indvars -loop-bound -inst-simplify -instcombine -dce -merge-array-access -mem2reg -dce -clean-region -mergereturn -if-conv -instcombine -dce -constprop -basicaa -aggr-aa -aggrmodref-aa -aggr-aa -gvn -gvn -basicaa -aggr-aa -aggrmodref-aa -aggr-aa -dse -adse -adce -scalarrepl -mem2reg -global-constprop -deadargelim -deadargelim -instcombine -dce -simplifycfg -ptrArgReplace -mem2reg -function-inline -globaldce -mem2reg -instcombine -dce -expr-balance -instcombine -dce -bitwidthmin2 -bitwidthmin2 -interface-preproc -directive-preproc -inst-rectify -instcombine -dce -basicaa -aggr-aa -aggrmodref-aa -aggr-aa -functionattrs -constprop -instcombine -bit-constprop -simplify-global-access -globalopt -globaldce -inst-simplify -instcombine -elimdeaddata -dce -loop-delete -simplifycfg -loop-simplify -barrier -norm-name C:/Users/duong/Desktop/xup_high_level_synthesis_design_flow-main/source/lab3/dct_array_partition/dct/hls/.autopilot/db/a.o.1.tmp.bc -o C:/Users/duong/Desktop/xup_high_level_synthesis_design_flow-main/source/lab3/dct_array_partition/dct/hls/.autopilot/db/a.o.2.bc -f -phase presyn 
INFO: [XFORM 203-11] Balancing expressions in function 'dct_2d' (../dct.c:30:24)...408 expression(s) balanced.
Command         transform done; 0.145 sec.
INFO: [HLS 200-111] Finished Loop, function and other optimizations: CPU user time: 0 seconds. CPU system time: 0 seconds. Elapsed time: 0.436 seconds; current allocated memory: 177.672 MB.
Execute         transform -hls -auto-function-inline -globaldce -ptrArgReplace -mem2reg -dce -reset-lda -loop-simplify -indvars -aggr-aa -licm -loop-dep -loop-bound -licm -loop-simplify -loop-sink-hoist -flattenloopnest -array-flatten -gvn -instcombine -dce -array-map -dce -func-legal -gvn -adce -instcombine -cfgopt -simplifycfg-lite -loop-simplify -array-burst -promote-global-argument -dce -array-seg-normalize -basicaa -aggrmodref-aa -globalsmodref-aa -aggr-aa -gvn -gvn -basicaa -aggrmodref-aa -globalsmodref-aa -aggr-aa -dse -adse -adce -licm -inst-simplify -dce -globaldce -instcombine -array-stream -eliminate-keepreads -instcombine -dce -deadargelim -doublePtrSimplify -doublePtrElim -dce -doublePtrSimplify -promote-dbg-pointer -dce -scalarrepl -mem2reg -norm-name -mem2reg -instcombine -dse -adse -adce -ptrLegalization -dce -array-flatten -dce -instcombine -check-doubleptr -loop-rot -constprop -inst-simplify -cfgopt -simplifycfg-lite -loop-simplify -indvars -pointer-simplify -dce -loop-bound -loop-simplify -loop-preproc -constprop -global-constprop -gvn -mem2reg -instcombine -dce -loop-bound -loop-merge -dce -deadargelim -dce -canonicalize-dataflow -dce -deadargelim -globaldce -mem2reg -bram-byte-enable -inst-simplify -inst-rectify -instcombine -adce -deadargelim -load-elim -read-loop-dep -loop-simplify -loop-rewind-sink-hoist -loop-outline -hls-dead-arg-elim -directive-preproc -bitwidthmin2 -bitwidthmin2 -read-loop-dep -interface-preproc -directive-preproc -interface-gen -bram-byte-enable-spec-prop -mul2addshift -deadargelim -inst-simplify -dce -mem2reg -instcombine -gvn -dce -adse -loop-bound -instcombine -cfgopt -simplifycfg-lite -loop-simplify -clean-region -io-protocol -find-region -mem2reg -bitop-raise -complex-op-raise -inst-simplify -inst-rectify -instcombine -gvn -adce -deadargelim -float-op-raise -loop-simplify -phi-opt -bitop-raise -cfgopt -simplifycfg-lite -strip-dead-prototypes -interface-lower -bitop-lower -intrinsic-lower -auto-function-inline -basicaa -aggrmodref-aa -globalsmodref-aa -aggr-aa -inst-simplify -simplifycfg-lite -loop-simplify -mergereturn -inst-simplify -inst-rectify -globaldce -dce -load-elim -bitop-lower -float-op-raise -fma-raise -loop-rewind -pointer-simplify -dce -cfgopt -dce -loop-bound -loop-dep -read-loop-dep -dce -dyn-mem-reuse -dce -recurrence-min -dce -share-scalar-alloca -deadargelim -dce -check-stream -norm-name -legalize -inst-clarity -bitwidth -dce -validate-dataflow -dump-loop-dep-to-ir -check-all-ssdm -drop-inferred-ii -dump-complexity-metric C:/Users/duong/Desktop/xup_high_level_synthesis_design_flow-main/source/lab3/dct_array_partition/dct/hls/.autopilot/db/a.o.2.bc -o C:/Users/duong/Desktop/xup_high_level_synthesis_design_flow-main/source/lab3/dct_array_partition/dct/hls/.autopilot/db/a.o.3.bc -f -phase build-ssdm 
Execute           AP::auto_get_db
Command         transform done; 0.338 sec.
INFO-FLOW: Building ssdm...
Execute         transform -hls -cdfg-build C:/Users/duong/Desktop/xup_high_level_synthesis_design_flow-main/source/lab3/dct_array_partition/dct/hls/.autopilot/db/a.o.3.bc -o C:/Users/duong/Desktop/xup_high_level_synthesis_design_flow-main/source/lab3/dct_array_partition/dct/hls/.autopilot/db/a.o.3.bc -f -phase build-ssdm 
Command         transform done; 0.142 sec.
INFO: [HLS 200-111] Finished Architecture Synthesis: CPU user time: 0 seconds. CPU system time: 0 seconds. Elapsed time: 0.482 seconds; current allocated memory: 204.812 MB.
INFO-FLOW: Finish building internal data model.
Command       opt_and_import_c done; 1.525 sec.
Command     elaborate done; 16.97 sec.
Execute     ap_eval exec zip -j C:/Users/duong/Desktop/xup_high_level_synthesis_design_flow-main/source/lab3/dct_array_partition/dct/hls/.autopilot/db/dut.hcp $dbDir/a.o.3.bc $dbDir/${topname}.rtl_wrap.cfg.tcl $dbDir/apatb_${topname}.cpp $dbDir/apatb_${topname}_util.cpp $dbDir/apatb_${topname}_ir.ll $dbDir/mapper_${topname}.cpp $dbDir/top-io-fe.xml $dbDir/kernel.internal.xml $workdir/../hls.app 
Command     ap_eval done; 0.132 sec.
INFO: [HLS 200-10] Starting hardware synthesis ...
INFO-FLOW: Synthesizing C/C++ design AP::SynTopModule=dct
INFO: [HLS 200-10] Synthesizing 'dct' ...
Execute     ap_set_top_model dct 
Execute     get_model_list dct -filter all-wo-channel -topdown 
Execute     preproc_iomode -model dct 
Execute     preproc_iomode -model write_data 
Execute     preproc_iomode -model dct_2d 
Execute     preproc_iomode -model read_data 
Execute     create_clock 
Execute       ap_set_clock -name default -period 10 -unit ns -default=false 
INFO: [SYN 201-201] Setting up clock 'default' with a period of 10ns.
Execute     get_model_list dct -filter all-wo-channel 
INFO-FLOW: Model list for configure: read_data dct_2d write_data dct
INFO-FLOW: Configuring Module : read_data ...
Execute     set_default_model read_data 
Execute     apply_spec_resource_limit read_data 
INFO-FLOW: Configuring Module : dct_2d ...
Execute     set_default_model dct_2d 
Execute     apply_spec_resource_limit dct_2d 
INFO-FLOW: Configuring Module : write_data ...
Execute     set_default_model write_data 
Execute     apply_spec_resource_limit write_data 
INFO-FLOW: Configuring Module : dct ...
Execute     set_default_model dct 
Execute     apply_spec_resource_limit dct 
INFO-FLOW: Model list for preprocess: read_data dct_2d write_data dct
INFO-FLOW: Preprocessing Module: read_data ...
Execute     set_default_model read_data 
Execute     cdfg_preprocess -model read_data 
Execute     rtl_gen_preprocess read_data 
INFO-FLOW: Preprocessing Module: dct_2d ...
Execute     set_default_model dct_2d 
Execute     cdfg_preprocess -model dct_2d 
Execute     rtl_gen_preprocess dct_2d 
INFO-FLOW: Preprocessing Module: write_data ...
Execute     set_default_model write_data 
Execute     cdfg_preprocess -model write_data 
Execute     rtl_gen_preprocess write_data 
INFO-FLOW: Preprocessing Module: dct ...
Execute     set_default_model dct 
Execute     cdfg_preprocess -model dct 
Execute     rtl_gen_preprocess dct 
INFO-FLOW: Model list for synthesis: read_data dct_2d write_data dct
INFO: [HLS 200-10] ----------------------------------------------------------------
INFO: [HLS 200-42] -- Implementing module 'read_data' 
INFO: [HLS 200-10] ----------------------------------------------------------------
Execute     set_default_model read_data 
Execute     schedule -model read_data 
INFO: [SCHED 204-11] Starting scheduling ...
INFO: [SCHED 204-61] Pipelining function 'read_data'.
WARNING: [HLS 200-448] Lower bound of II is 32 due to multiple 'load' operation 16 bit ('input_r_load', ../dct.c:104) on array 'input_r', 'load' operation 16 bit ('input_r_load_1', ../dct.c:104) on array 'input_r', 'load' operation 16 bit ('input_r_load_2', ../dct.c:104) on array 'input_r', 'load' operation 16 bit ('input_r_load_3', ../dct.c:104) on array 'input_r', 'load' operation 16 bit ('input_r_load_4', ../dct.c:104) on array 'input_r', 'load' operation 16 bit ('input_r_load_5', ../dct.c:104) on array 'input_r', 'load' operation 16 bit ('input_r_load_6', ../dct.c:104) on array 'input_r', 'load' operation 16 bit ('input_r_load_7', ../dct.c:104) on array 'input_r', 'load' operation 16 bit ('input_r_load_8', ../dct.c:104) on array 'input_r', 'load' operation 16 bit ('input_r_load_9', ../dct.c:104) on array 'input_r', 'load' operation 16 bit ('input_r_load_10', ../dct.c:104) on array 'input_r', 'load' operation 16 bit ('input_r_load_11', ../dct.c:104) on array 'input_r', 'load' operation 16 bit ('input_r_load_12', ../dct.c:104) on array 'input_r', 'load' operation 16 bit ('input_r_load_13', ../dct.c:104) on array 'input_r', 'load' operation 16 bit ('input_r_load_14', ../dct.c:104) on array 'input_r', 'load' operation 16 bit ('input_r_load_15', ../dct.c:104) on array 'input_r', 'load' operation 16 bit ('input_r_load_16', ../dct.c:104) on array 'input_r', 'load' operation 16 bit ('input_r_load_17', ../dct.c:104) on array 'input_r', 'load' operation 16 bit ('input_r_load_18', ../dct.c:104) on array 'input_r', 'load' operation 16 bit ('input_r_load_19', ../dct.c:104) on array 'input_r', 'load' operation 16 bit ('input_r_load_20', ../dct.c:104) on array 'input_r', 'load' operation 16 bit ('input_r_load_21', ../dct.c:104) on array 'input_r', 'load' operation 16 bit ('input_r_load_22', ../dct.c:104) on array 'input_r', 'load' operation 16 bit ('input_r_load_23', ../dct.c:104) on array 'input_r', 'load' operation 16 bit ('input_r_load_24', ../dct.c:104) on array 'input_r', 'load' operation 16 bit ('input_r_load_25', ../dct.c:104) on array 'input_r', 'load' operation 16 bit ('input_r_load_26', ../dct.c:104) on array 'input_r', 'load' operation 16 bit ('input_r_load_27', ../dct.c:104) on array 'input_r', 'load' operation 16 bit ('input_r_load_28', ../dct.c:104) on array 'input_r', 'load' operation 16 bit ('input_r_load_29', ../dct.c:104) on array 'input_r', 'load' operation 16 bit ('input_r_load_30', ../dct.c:104) on array 'input_r', 'load' operation 16 bit ('input_r_load_31', ../dct.c:104) on array 'input_r', 'load' operation 16 bit ('input_r_load_32', ../dct.c:104) on array 'input_r', 'load' operation 16 bit ('input_r_load_33', ../dct.c:104) on array 'input_r', 'load' operation 16 bit ('input_r_load_34', ../dct.c:104) on array 'input_r', 'load' operation 16 bit ('input_r_load_35', ../dct.c:104) on array 'input_r', 'load' operation 16 bit ('input_r_load_36', ../dct.c:104) on array 'input_r', 'load' operation 16 bit ('input_r_load_37', ../dct.c:104) on array 'input_r', 'load' operation 16 bit ('input_r_load_38', ../dct.c:104) on array 'input_r', 'load' operation 16 bit ('input_r_load_39', ../dct.c:104) on array 'input_r', 'load' operation 16 bit ('input_r_load_40', ../dct.c:104) on array 'input_r', 'load' operation 16 bit ('input_r_load_41', ../dct.c:104) on array 'input_r', 'load' operation 16 bit ('input_r_load_42', ../dct.c:104) on array 'input_r', 'load' operation 16 bit ('input_r_load_43', ../dct.c:104) on array 'input_r', 'load' operation 16 bit ('input_r_load_44', ../dct.c:104) on array 'input_r', 'load' operation 16 bit ('input_r_load_45', ../dct.c:104) on array 'input_r', 'load' operation 16 bit ('input_r_load_46', ../dct.c:104) on array 'input_r', 'load' operation 16 bit ('input_r_load_47', ../dct.c:104) on array 'input_r', 'load' operation 16 bit ('input_r_load_48', ../dct.c:104) on array 'input_r', 'load' operation 16 bit ('input_r_load_49', ../dct.c:104) on array 'input_r', 'load' operation 16 bit ('input_r_load_50', ../dct.c:104) on array 'input_r', 'load' operation 16 bit ('input_r_load_51', ../dct.c:104) on array 'input_r', 'load' operation 16 bit ('input_r_load_52', ../dct.c:104) on array 'input_r', 'load' operation 16 bit ('input_r_load_53', ../dct.c:104) on array 'input_r', 'load' operation 16 bit ('input_r_load_54', ../dct.c:104) on array 'input_r', 'load' operation 16 bit ('input_r_load_55', ../dct.c:104) on array 'input_r', 'load' operation 16 bit ('input_r_load_56', ../dct.c:104) on array 'input_r', 'load' operation 16 bit ('input_r_load_57', ../dct.c:104) on array 'input_r', 'load' operation 16 bit ('input_r_load_58', ../dct.c:104) on array 'input_r', 'load' operation 16 bit ('input_r_load_59', ../dct.c:104) on array 'input_r', 'load' operation 16 bit ('input_r_load_60', ../dct.c:104) on array 'input_r', 'load' operation 16 bit ('input_r_load_61', ../dct.c:104) on array 'input_r', 'load' operation 16 bit ('input_r_load_62', ../dct.c:104) on array 'input_r', 'load' operation 16 bit ('input_r_load_63', ../dct.c:104) on array 'input_r' accessing core:RAM:input_r
INFO: [HLS 200-1470] Pipelining result : Target II = 1, Final II = 32, Depth = 33, function 'read_data'
INFO: [SCHED 204-11] Finished scheduling.
Command     schedule done; 0.38 sec.
INFO: [HLS 200-111] Finished Scheduling: CPU user time: 0 seconds. CPU system time: 0 seconds. Elapsed time: 0.562 seconds; current allocated memory: 209.906 MB.
Execute     syn_report -verbosereport -o C:/Users/duong/Desktop/xup_high_level_synthesis_design_flow-main/source/lab3/dct_array_partition/dct/hls/.autopilot/db/read_data.verbose.sched.rpt 
Execute       list_part -family xc7a35t-fgg484-2 
Execute         ap_family_info -name xc7a35t-fgg484-2 -data names 
Execute         ap_part_info -quiet -name xc7a35t-fgg484-2 -data family 
Execute     db_write -o C:/Users/duong/Desktop/xup_high_level_synthesis_design_flow-main/source/lab3/dct_array_partition/dct/hls/.autopilot/db/read_data.sched.adb -f 
INFO-FLOW: Finish scheduling read_data.
Execute     set_default_model read_data 
Execute     bind -model read_data 
INFO: [BIND 205-100] Starting micro-architecture generation ...
INFO: [BIND 205-101] Performing variable lifetime analysis.
INFO: [BIND 205-101] Exploring resource sharing.
INFO: [BIND 205-101] Binding ...
INFO: [BIND 205-100] Finished micro-architecture generation.
INFO: [HLS 200-111] Finished Binding: CPU user time: 1 seconds. CPU system time: 0 seconds. Elapsed time: 0.131 seconds; current allocated memory: 211.359 MB.
Execute     syn_report -verbosereport -o C:/Users/duong/Desktop/xup_high_level_synthesis_design_flow-main/source/lab3/dct_array_partition/dct/hls/.autopilot/db/read_data.verbose.bind.rpt 
Execute       list_part -family xc7a35t-fgg484-2 
Execute         ap_family_info -name xc7a35t-fgg484-2 -data names 
Execute         ap_part_info -quiet -name xc7a35t-fgg484-2 -data family 
Execute     db_write -o C:/Users/duong/Desktop/xup_high_level_synthesis_design_flow-main/source/lab3/dct_array_partition/dct/hls/.autopilot/db/read_data.bind.adb -f 
INFO-FLOW: Finish binding read_data.
INFO: [HLS 200-10] ----------------------------------------------------------------
INFO: [HLS 200-42] -- Implementing module 'dct_2d' 
INFO: [HLS 200-10] ----------------------------------------------------------------
Execute     set_default_model dct_2d 
Execute     schedule -model dct_2d 
INFO: [SCHED 204-11] Starting scheduling ...
INFO: [HLS 200-486] Changing DSP latency (root=add_ln48_485) to 3 in order to utilize available DSP registers.
INFO: [HLS 200-486] Changing DSP latency (root=add_ln48_484) to 3 in order to utilize available DSP registers.
INFO: [HLS 200-486] Changing DSP latency (root=add_ln48_483) to 3 in order to utilize available DSP registers.
INFO: [HLS 200-486] Changing DSP latency (root=add_ln48_482) to 3 in order to utilize available DSP registers.
INFO: [HLS 200-486] Changing DSP latency (root=add_ln48_481) to 3 in order to utilize available DSP registers.
INFO: [HLS 200-486] Changing DSP latency (root=add_ln48_480) to 3 in order to utilize available DSP registers.
INFO: [HLS 200-486] Changing DSP latency (root=add_ln48_477) to 3 in order to utilize available DSP registers.
INFO: [HLS 200-486] Changing DSP latency (root=add_ln48_476) to 3 in order to utilize available DSP registers.
INFO: [HLS 200-486] Changing DSP latency (root=add_ln48_475) to 3 in order to utilize available DSP registers.
INFO: [HLS 200-486] Changing DSP latency (root=add_ln48_474) to 3 in order to utilize available DSP registers.
INFO: [HLS 200-486] Changing DSP latency (root=add_ln48_469) to 3 in order to utilize available DSP registers.
INFO: [HLS 200-486] Changing DSP latency (root=add_ln48_468) to 3 in order to utilize available DSP registers.
INFO: [HLS 200-486] Changing DSP latency (root=add_ln48_467) to 3 in order to utilize available DSP registers.
INFO: [HLS 200-486] Changing DSP latency (root=add_ln48_466) to 3 in order to utilize available DSP registers.
INFO: [HLS 200-486] Changing DSP latency (root=add_ln48_465) to 3 in order to utilize available DSP registers.
INFO: [HLS 200-486] Changing DSP latency (root=add_ln48_464) to 3 in order to utilize available DSP registers.
INFO: [HLS 200-486] Changing DSP latency (root=add_ln48_461) to 3 in order to utilize available DSP registers.
INFO: [HLS 200-486] Changing DSP latency (root=add_ln48_460) to 3 in order to utilize available DSP registers.
INFO: [HLS 200-486] Changing DSP latency (root=add_ln48_459) to 3 in order to utilize available DSP registers.
INFO: [HLS 200-486] Changing DSP latency (root=add_ln48_458) to 3 in order to utilize available DSP registers.
INFO: [HLS 200-486] Changing DSP latency (root=add_ln48_454) to 3 in order to utilize available DSP registers.
INFO: [HLS 200-486] Changing DSP latency (root=add_ln48_453) to 3 in order to utilize available DSP registers.
INFO: [HLS 200-486] Changing DSP latency (root=add_ln48_452) to 3 in order to utilize available DSP registers.
INFO: [HLS 200-486] Changing DSP latency (root=add_ln48_451) to 3 in order to utilize available DSP registers.
INFO: [HLS 200-486] Changing DSP latency (root=add_ln48_450) to 3 in order to utilize available DSP registers.
INFO: [HLS 200-486] Changing DSP latency (root=add_ln48_449) to 3 in order to utilize available DSP registers.
INFO: [HLS 200-486] Changing DSP latency (root=add_ln48_446) to 3 in order to utilize available DSP registers.
INFO: [HLS 200-486] Changing DSP latency (root=add_ln48_445) to 3 in order to utilize available DSP registers.
INFO: [HLS 200-486] Changing DSP latency (root=add_ln48_444) to 3 in order to utilize available DSP registers.
INFO: [HLS 200-486] Changing DSP latency (root=add_ln48_443) to 3 in order to utilize available DSP registers.
INFO: [HLS 200-486] Changing DSP latency (root=add_ln48_438) to 3 in order to utilize available DSP registers.
INFO: [HLS 200-486] Changing DSP latency (root=add_ln48_437) to 3 in order to utilize available DSP registers.
INFO: [HLS 200-486] Changing DSP latency (root=add_ln48_436) to 3 in order to utilize available DSP registers.
INFO: [HLS 200-486] Changing DSP latency (root=add_ln48_435) to 3 in order to utilize available DSP registers.
INFO: [HLS 200-486] Changing DSP latency (root=add_ln48_434) to 3 in order to utilize available DSP registers.
INFO: [HLS 200-486] Changing DSP latency (root=add_ln48_433) to 3 in order to utilize available DSP registers.
INFO: [HLS 200-486] Changing DSP latency (root=add_ln48_430) to 3 in order to utilize available DSP registers.
INFO: [HLS 200-486] Changing DSP latency (root=add_ln48_429) to 3 in order to utilize available DSP registers.
INFO: [HLS 200-486] Changing DSP latency (root=add_ln48_428) to 3 in order to utilize available DSP registers.
INFO: [HLS 200-486] Changing DSP latency (root=add_ln48_427) to 3 in order to utilize available DSP registers.
INFO: [HLS 200-486] Changing DSP latency (root=add_ln48_423) to 3 in order to utilize available DSP registers.
INFO: [HLS 200-486] Changing DSP latency (root=add_ln48_422) to 3 in order to utilize available DSP registers.
INFO: [HLS 200-486] Changing DSP latency (root=add_ln48_421) to 3 in order to utilize available DSP registers.
INFO: [HLS 200-486] Changing DSP latency (root=add_ln48_420) to 3 in order to utilize available DSP registers.
INFO: [HLS 200-486] Changing DSP latency (root=add_ln48_419) to 3 in order to utilize available DSP registers.
INFO: [HLS 200-486] Changing DSP latency (root=add_ln48_418) to 3 in order to utilize available DSP registers.
INFO: [HLS 200-486] Changing DSP latency (root=add_ln48_415) to 3 in order to utilize available DSP registers.
INFO: [HLS 200-486] Changing DSP latency (root=add_ln48_414) to 3 in order to utilize available DSP registers.
INFO: [HLS 200-486] Changing DSP latency (root=add_ln48_413) to 3 in order to utilize available DSP registers.
INFO: [HLS 200-486] Changing DSP latency (root=add_ln48_412) to 3 in order to utilize available DSP registers.
INFO: [HLS 200-486] Changing DSP latency (root=add_ln48_407) to 3 in order to utilize available DSP registers.
INFO: [HLS 200-486] Changing DSP latency (root=add_ln48_406) to 3 in order to utilize available DSP registers.
INFO: [HLS 200-486] Changing DSP latency (root=add_ln48_405) to 3 in order to utilize available DSP registers.
INFO: [HLS 200-486] Changing DSP latency (root=add_ln48_404) to 3 in order to utilize available DSP registers.
INFO: [HLS 200-486] Changing DSP latency (root=add_ln48_403) to 3 in order to utilize available DSP registers.
INFO: [HLS 200-486] Changing DSP latency (root=add_ln48_402) to 3 in order to utilize available DSP registers.
INFO: [HLS 200-486] Changing DSP latency (root=add_ln48_399) to 3 in order to utilize available DSP registers.
INFO: [HLS 200-486] Changing DSP latency (root=add_ln48_398) to 3 in order to utilize available DSP registers.
INFO: [HLS 200-486] Changing DSP latency (root=add_ln48_397) to 3 in order to utilize available DSP registers.
INFO: [HLS 200-486] Changing DSP latency (root=add_ln48_396) to 3 in order to utilize available DSP registers.
INFO: [HLS 200-486] Changing DSP latency (root=add_ln48_392) to 3 in order to utilize available DSP registers.
INFO: [HLS 200-486] Changing DSP latency (root=add_ln48_391) to 3 in order to utilize available DSP registers.
INFO: [HLS 200-486] Changing DSP latency (root=add_ln48_390) to 3 in order to utilize available DSP registers.
INFO: [HLS 200-486] Changing DSP latency (root=add_ln48_389) to 3 in order to utilize available DSP registers.
INFO: [HLS 200-486] Changing DSP latency (root=add_ln48_388) to 3 in order to utilize available DSP registers.
INFO: [HLS 200-486] Changing DSP latency (root=add_ln48_387) to 3 in order to utilize available DSP registers.
INFO: [HLS 200-486] Changing DSP latency (root=add_ln48_384) to 3 in order to utilize available DSP registers.
INFO: [HLS 200-486] Changing DSP latency (root=add_ln48_383) to 3 in order to utilize available DSP registers.
INFO: [HLS 200-486] Changing DSP latency (root=add_ln48_382) to 3 in order to utilize available DSP registers.
INFO: [HLS 200-486] Changing DSP latency (root=add_ln48_381) to 3 in order to utilize available DSP registers.
INFO: [HLS 200-486] Changing DSP latency (root=add_ln48_376) to 3 in order to utilize available DSP registers.
INFO: [HLS 200-486] Changing DSP latency (root=add_ln48_375) to 3 in order to utilize available DSP registers.
INFO: [HLS 200-486] Changing DSP latency (root=add_ln48_374) to 3 in order to utilize available DSP registers.
INFO: [HLS 200-486] Changing DSP latency (root=add_ln48_373) to 3 in order to utilize available DSP registers.
INFO: [HLS 200-486] Changing DSP latency (root=add_ln48_372) to 3 in order to utilize available DSP registers.
INFO: [HLS 200-486] Changing DSP latency (root=add_ln48_371) to 3 in order to utilize available DSP registers.
INFO: [HLS 200-486] Changing DSP latency (root=add_ln48_368) to 3 in order to utilize available DSP registers.
INFO: [HLS 200-486] Changing DSP latency (root=add_ln48_367) to 3 in order to utilize available DSP registers.
INFO: [HLS 200-486] Changing DSP latency (root=add_ln48_366) to 3 in order to utilize available DSP registers.
INFO: [HLS 200-486] Changing DSP latency (root=add_ln48_365) to 3 in order to utilize available DSP registers.
INFO: [HLS 200-486] Changing DSP latency (root=add_ln48_361) to 3 in order to utilize available DSP registers.
INFO: [HLS 200-486] Changing DSP latency (root=add_ln48_360) to 3 in order to utilize available DSP registers.
INFO: [HLS 200-486] Changing DSP latency (root=add_ln48_359) to 3 in order to utilize available DSP registers.
INFO: [HLS 200-486] Changing DSP latency (root=add_ln48_358) to 3 in order to utilize available DSP registers.
INFO: [HLS 200-486] Changing DSP latency (root=add_ln48_357) to 3 in order to utilize available DSP registers.
INFO: [HLS 200-486] Changing DSP latency (root=add_ln48_356) to 3 in order to utilize available DSP registers.
INFO: [HLS 200-486] Changing DSP latency (root=add_ln48_353) to 3 in order to utilize available DSP registers.
INFO: [HLS 200-486] Changing DSP latency (root=add_ln48_352) to 3 in order to utilize available DSP registers.
INFO: [HLS 200-486] Changing DSP latency (root=add_ln48_351) to 3 in order to utilize available DSP registers.
INFO: [HLS 200-486] Changing DSP latency (root=add_ln48_350) to 3 in order to utilize available DSP registers.
INFO: [HLS 200-486] Changing DSP latency (root=add_ln48_345) to 3 in order to utilize available DSP registers.
INFO: [HLS 200-486] Changing DSP latency (root=add_ln48_344) to 3 in order to utilize available DSP registers.
INFO: [HLS 200-486] Changing DSP latency (root=add_ln48_343) to 3 in order to utilize available DSP registers.
INFO: [HLS 200-486] Changing DSP latency (root=add_ln48_342) to 3 in order to utilize available DSP registers.
INFO: [HLS 200-486] Changing DSP latency (root=add_ln48_341) to 3 in order to utilize available DSP registers.
INFO: [HLS 200-486] Changing DSP latency (root=add_ln48_340) to 3 in order to utilize available DSP registers.
INFO: [HLS 200-486] Changing DSP latency (root=add_ln48_337) to 3 in order to utilize available DSP registers.
INFO: [HLS 200-486] Changing DSP latency (root=add_ln48_336) to 3 in order to utilize available DSP registers.
INFO: [HLS 200-486] Changing DSP latency (root=add_ln48_335) to 3 in order to utilize available DSP registers.
INFO: [HLS 200-486] Changing DSP latency (root=add_ln48_334) to 3 in order to utilize available DSP registers.
INFO: [HLS 200-486] Changing DSP latency (root=add_ln48_330) to 3 in order to utilize available DSP registers.
INFO: [HLS 200-486] Changing DSP latency (root=add_ln48_329) to 3 in order to utilize available DSP registers.
INFO: [HLS 200-486] Changing DSP latency (root=add_ln48_328) to 3 in order to utilize available DSP registers.
INFO: [HLS 200-486] Changing DSP latency (root=add_ln48_327) to 3 in order to utilize available DSP registers.
INFO: [HLS 200-486] Changing DSP latency (root=add_ln48_326) to 3 in order to utilize available DSP registers.
INFO: [HLS 200-486] Changing DSP latency (root=add_ln48_325) to 3 in order to utilize available DSP registers.
INFO: [HLS 200-486] Changing DSP latency (root=add_ln48_322) to 3 in order to utilize available DSP registers.
INFO: [HLS 200-486] Changing DSP latency (root=add_ln48_321) to 3 in order to utilize available DSP registers.
INFO: [HLS 200-486] Changing DSP latency (root=add_ln48_320) to 3 in order to utilize available DSP registers.
INFO: [HLS 200-486] Changing DSP latency (root=add_ln48_319) to 3 in order to utilize available DSP registers.
INFO: [HLS 200-486] Changing DSP latency (root=add_ln48_314) to 3 in order to utilize available DSP registers.
INFO: [HLS 200-486] Changing DSP latency (root=add_ln48_313) to 3 in order to utilize available DSP registers.
INFO: [HLS 200-486] Changing DSP latency (root=add_ln48_312) to 3 in order to utilize available DSP registers.
INFO: [HLS 200-486] Changing DSP latency (root=add_ln48_311) to 3 in order to utilize available DSP registers.
INFO: [HLS 200-486] Changing DSP latency (root=add_ln48_310) to 3 in order to utilize available DSP registers.
INFO: [HLS 200-486] Changing DSP latency (root=add_ln48_309) to 3 in order to utilize available DSP registers.
INFO: [HLS 200-486] Changing DSP latency (root=add_ln48_306) to 3 in order to utilize available DSP registers.
INFO: [HLS 200-486] Changing DSP latency (root=add_ln48_305) to 3 in order to utilize available DSP registers.
INFO: [HLS 200-486] Changing DSP latency (root=add_ln48_304) to 3 in order to utilize available DSP registers.
INFO: [HLS 200-486] Changing DSP latency (root=add_ln48_303) to 3 in order to utilize available DSP registers.
INFO: [HLS 200-486] Changing DSP latency (root=add_ln48_299) to 3 in order to utilize available DSP registers.
INFO: [HLS 200-486] Changing DSP latency (root=add_ln48_298) to 3 in order to utilize available DSP registers.
INFO: [HLS 200-486] Changing DSP latency (root=add_ln48_297) to 3 in order to utilize available DSP registers.
INFO: [HLS 200-486] Changing DSP latency (root=add_ln48_296) to 3 in order to utilize available DSP registers.
INFO: [HLS 200-486] Changing DSP latency (root=add_ln48_295) to 3 in order to utilize available DSP registers.
INFO: [HLS 200-486] Changing DSP latency (root=add_ln48_294) to 3 in order to utilize available DSP registers.
INFO: [HLS 200-486] Changing DSP latency (root=add_ln48_291) to 3 in order to utilize available DSP registers.
INFO: [HLS 200-486] Changing DSP latency (root=add_ln48_290) to 3 in order to utilize available DSP registers.
INFO: [HLS 200-486] Changing DSP latency (root=add_ln48_289) to 3 in order to utilize available DSP registers.
INFO: [HLS 200-486] Changing DSP latency (root=add_ln48_288) to 3 in order to utilize available DSP registers.
INFO: [HLS 200-486] Changing DSP latency (root=add_ln48_283) to 3 in order to utilize available DSP registers.
INFO: [HLS 200-486] Changing DSP latency (root=add_ln48_282) to 3 in order to utilize available DSP registers.
INFO: [HLS 200-486] Changing DSP latency (root=add_ln48_281) to 3 in order to utilize available DSP registers.
INFO: [HLS 200-486] Changing DSP latency (root=add_ln48_280) to 3 in order to utilize available DSP registers.
INFO: [HLS 200-486] Changing DSP latency (root=add_ln48_279) to 3 in order to utilize available DSP registers.
INFO: [HLS 200-486] Changing DSP latency (root=add_ln48_278) to 3 in order to utilize available DSP registers.
INFO: [HLS 200-486] Changing DSP latency (root=add_ln48_275) to 3 in order to utilize available DSP registers.
INFO: [HLS 200-486] Changing DSP latency (root=add_ln48_274) to 3 in order to utilize available DSP registers.
INFO: [HLS 200-486] Changing DSP latency (root=add_ln48_273) to 3 in order to utilize available DSP registers.
INFO: [HLS 200-486] Changing DSP latency (root=add_ln48_272) to 3 in order to utilize available DSP registers.
INFO: [HLS 200-486] Changing DSP latency (root=add_ln48_268) to 3 in order to utilize available DSP registers.
INFO: [HLS 200-486] Changing DSP latency (root=add_ln48_267) to 3 in order to utilize available DSP registers.
INFO: [HLS 200-486] Changing DSP latency (root=add_ln48_266) to 3 in order to utilize available DSP registers.
INFO: [HLS 200-486] Changing DSP latency (root=add_ln48_265) to 3 in order to utilize available DSP registers.
INFO: [HLS 200-486] Changing DSP latency (root=add_ln48_264) to 3 in order to utilize available DSP registers.
INFO: [HLS 200-486] Changing DSP latency (root=add_ln48_263) to 3 in order to utilize available DSP registers.
INFO: [HLS 200-486] Changing DSP latency (root=add_ln48_260) to 3 in order to utilize available DSP registers.
INFO: [HLS 200-486] Changing DSP latency (root=add_ln48_259) to 3 in order to utilize available DSP registers.
INFO: [HLS 200-486] Changing DSP latency (root=add_ln48_258) to 3 in order to utilize available DSP registers.
INFO: [HLS 200-486] Changing DSP latency (root=add_ln48_257) to 3 in order to utilize available DSP registers.
INFO: [HLS 200-486] Changing DSP latency (root=add_ln48_252) to 3 in order to utilize available DSP registers.
INFO: [HLS 200-486] Changing DSP latency (root=add_ln48_251) to 3 in order to utilize available DSP registers.
INFO: [HLS 200-486] Changing DSP latency (root=add_ln48_250) to 3 in order to utilize available DSP registers.
INFO: [HLS 200-486] Changing DSP latency (root=add_ln48_249) to 3 in order to utilize available DSP registers.
INFO: [HLS 200-486] Changing DSP latency (root=add_ln48_248) to 3 in order to utilize available DSP registers.
INFO: [HLS 200-486] Changing DSP latency (root=add_ln48_247) to 3 in order to utilize available DSP registers.
INFO: [HLS 200-486] Changing DSP latency (root=add_ln48_244) to 3 in order to utilize available DSP registers.
INFO: [HLS 200-486] Changing DSP latency (root=add_ln48_243) to 3 in order to utilize available DSP registers.
INFO: [HLS 200-486] Changing DSP latency (root=add_ln48_242) to 3 in order to utilize available DSP registers.
INFO: [HLS 200-486] Changing DSP latency (root=add_ln48_241) to 3 in order to utilize available DSP registers.
INFO: [HLS 200-486] Changing DSP latency (root=add_ln48_237) to 3 in order to utilize available DSP registers.
INFO: [HLS 200-486] Changing DSP latency (root=add_ln48_236) to 3 in order to utilize available DSP registers.
INFO: [HLS 200-486] Changing DSP latency (root=add_ln48_235) to 3 in order to utilize available DSP registers.
INFO: [HLS 200-486] Changing DSP latency (root=add_ln48_234) to 3 in order to utilize available DSP registers.
INFO: [HLS 200-486] Changing DSP latency (root=add_ln48_233) to 3 in order to utilize available DSP registers.
INFO: [HLS 200-486] Changing DSP latency (root=add_ln48_232) to 3 in order to utilize available DSP registers.
INFO: [HLS 200-486] Changing DSP latency (root=add_ln48_229) to 3 in order to utilize available DSP registers.
INFO: [HLS 200-486] Changing DSP latency (root=add_ln48_228) to 3 in order to utilize available DSP registers.
INFO: [HLS 200-486] Changing DSP latency (root=add_ln48_227) to 3 in order to utilize available DSP registers.
INFO: [HLS 200-486] Changing DSP latency (root=add_ln48_226) to 3 in order to utilize available DSP registers.
INFO: [HLS 200-486] Changing DSP latency (root=add_ln48_222) to 3 in order to utilize available DSP registers.
INFO: [HLS 200-486] Changing DSP latency (root=add_ln48_221) to 3 in order to utilize available DSP registers.
INFO: [HLS 200-486] Changing DSP latency (root=add_ln48_220) to 3 in order to utilize available DSP registers.
INFO: [HLS 200-486] Changing DSP latency (root=add_ln48_219) to 3 in order to utilize available DSP registers.
INFO: [HLS 200-486] Changing DSP latency (root=add_ln48_218) to 3 in order to utilize available DSP registers.
INFO: [HLS 200-486] Changing DSP latency (root=add_ln48_217) to 3 in order to utilize available DSP registers.
INFO: [HLS 200-486] Changing DSP latency (root=add_ln48_214) to 3 in order to utilize available DSP registers.
INFO: [HLS 200-486] Changing DSP latency (root=add_ln48_213) to 3 in order to utilize available DSP registers.
INFO: [HLS 200-486] Changing DSP latency (root=add_ln48_212) to 3 in order to utilize available DSP registers.
INFO: [HLS 200-486] Changing DSP latency (root=add_ln48_211) to 3 in order to utilize available DSP registers.
INFO: [HLS 200-486] Changing DSP latency (root=add_ln48_207) to 3 in order to utilize available DSP registers.
INFO: [HLS 200-486] Changing DSP latency (root=add_ln48_206) to 3 in order to utilize available DSP registers.
INFO: [HLS 200-486] Changing DSP latency (root=add_ln48_205) to 3 in order to utilize available DSP registers.
INFO: [HLS 200-486] Changing DSP latency (root=add_ln48_204) to 3 in order to utilize available DSP registers.
INFO: [HLS 200-486] Changing DSP latency (root=add_ln48_203) to 3 in order to utilize available DSP registers.
INFO: [HLS 200-486] Changing DSP latency (root=add_ln48_202) to 3 in order to utilize available DSP registers.
INFO: [HLS 200-486] Changing DSP latency (root=add_ln48_199) to 3 in order to utilize available DSP registers.
INFO: [HLS 200-486] Changing DSP latency (root=add_ln48_198) to 3 in order to utilize available DSP registers.
INFO: [HLS 200-486] Changing DSP latency (root=add_ln48_197) to 3 in order to utilize available DSP registers.
INFO: [HLS 200-486] Changing DSP latency (root=add_ln48_196) to 3 in order to utilize available DSP registers.
INFO: [HLS 200-486] Changing DSP latency (root=add_ln48_192) to 3 in order to utilize available DSP registers.
INFO: [HLS 200-486] Changing DSP latency (root=add_ln48_191) to 3 in order to utilize available DSP registers.
INFO: [HLS 200-486] Changing DSP latency (root=add_ln48_190) to 3 in order to utilize available DSP registers.
INFO: [HLS 200-486] Changing DSP latency (root=add_ln48_189) to 3 in order to utilize available DSP registers.
INFO: [HLS 200-486] Changing DSP latency (root=add_ln48_188) to 3 in order to utilize available DSP registers.
INFO: [HLS 200-486] Changing DSP latency (root=add_ln48_187) to 3 in order to utilize available DSP registers.
INFO: [HLS 200-486] Changing DSP latency (root=add_ln48_184) to 3 in order to utilize available DSP registers.
INFO: [HLS 200-486] Changing DSP latency (root=add_ln48_183) to 3 in order to utilize available DSP registers.
INFO: [HLS 200-486] Changing DSP latency (root=add_ln48_182) to 3 in order to utilize available DSP registers.
INFO: [HLS 200-486] Changing DSP latency (root=add_ln48_181) to 3 in order to utilize available DSP registers.
INFO: [HLS 200-486] Changing DSP latency (root=add_ln48_177) to 3 in order to utilize available DSP registers.
INFO: [HLS 200-486] Changing DSP latency (root=add_ln48_176) to 3 in order to utilize available DSP registers.
INFO: [HLS 200-486] Changing DSP latency (root=add_ln48_175) to 3 in order to utilize available DSP registers.
INFO: [HLS 200-486] Changing DSP latency (root=add_ln48_174) to 3 in order to utilize available DSP registers.
INFO: [HLS 200-486] Changing DSP latency (root=add_ln48_173) to 3 in order to utilize available DSP registers.
INFO: [HLS 200-486] Changing DSP latency (root=add_ln48_172) to 3 in order to utilize available DSP registers.
INFO: [HLS 200-486] Changing DSP latency (root=add_ln48_169) to 3 in order to utilize available DSP registers.
INFO: [HLS 200-486] Changing DSP latency (root=add_ln48_168) to 3 in order to utilize available DSP registers.
INFO: [HLS 200-486] Changing DSP latency (root=add_ln48_167) to 3 in order to utilize available DSP registers.
INFO: [HLS 200-486] Changing DSP latency (root=add_ln48_166) to 3 in order to utilize available DSP registers.
INFO: [HLS 200-486] Changing DSP latency (root=add_ln48_162) to 3 in order to utilize available DSP registers.
INFO: [HLS 200-486] Changing DSP latency (root=add_ln48_161) to 3 in order to utilize available DSP registers.
INFO: [HLS 200-486] Changing DSP latency (root=add_ln48_160) to 3 in order to utilize available DSP registers.
INFO: [HLS 200-486] Changing DSP latency (root=add_ln48_159) to 3 in order to utilize available DSP registers.
INFO: [HLS 200-486] Changing DSP latency (root=add_ln48_158) to 3 in order to utilize available DSP registers.
INFO: [HLS 200-486] Changing DSP latency (root=add_ln48_157) to 3 in order to utilize available DSP registers.
INFO: [HLS 200-486] Changing DSP latency (root=add_ln48_154) to 3 in order to utilize available DSP registers.
INFO: [HLS 200-486] Changing DSP latency (root=add_ln48_153) to 3 in order to utilize available DSP registers.
INFO: [HLS 200-486] Changing DSP latency (root=add_ln48_152) to 3 in order to utilize available DSP registers.
INFO: [HLS 200-486] Changing DSP latency (root=add_ln48_151) to 3 in order to utilize available DSP registers.
INFO: [HLS 200-486] Changing DSP latency (root=add_ln48_147) to 3 in order to utilize available DSP registers.
INFO: [HLS 200-486] Changing DSP latency (root=add_ln48_146) to 3 in order to utilize available DSP registers.
INFO: [HLS 200-486] Changing DSP latency (root=add_ln48_145) to 3 in order to utilize available DSP registers.
INFO: [HLS 200-486] Changing DSP latency (root=add_ln48_144) to 3 in order to utilize available DSP registers.
INFO: [HLS 200-486] Changing DSP latency (root=add_ln48_143) to 3 in order to utilize available DSP registers.
INFO: [HLS 200-486] Changing DSP latency (root=add_ln48_142) to 3 in order to utilize available DSP registers.
INFO: [HLS 200-486] Changing DSP latency (root=add_ln48_139) to 3 in order to utilize available DSP registers.
INFO: [HLS 200-486] Changing DSP latency (root=add_ln48_138) to 3 in order to utilize available DSP registers.
INFO: [HLS 200-486] Changing DSP latency (root=add_ln48_137) to 3 in order to utilize available DSP registers.
INFO: [HLS 200-486] Changing DSP latency (root=add_ln48_136) to 3 in order to utilize available DSP registers.
INFO: [HLS 200-486] Changing DSP latency (root=add_ln48_132) to 3 in order to utilize available DSP registers.
INFO: [HLS 200-486] Changing DSP latency (root=add_ln48_131) to 3 in order to utilize available DSP registers.
INFO: [HLS 200-486] Changing DSP latency (root=add_ln48_130) to 3 in order to utilize available DSP registers.
INFO: [HLS 200-486] Changing DSP latency (root=add_ln48_129) to 3 in order to utilize available DSP registers.
INFO: [HLS 200-486] Changing DSP latency (root=add_ln48_128) to 3 in order to utilize available DSP registers.
INFO: [HLS 200-486] Changing DSP latency (root=add_ln48_127) to 3 in order to utilize available DSP registers.
INFO: [HLS 200-486] Changing DSP latency (root=add_ln48_124) to 3 in order to utilize available DSP registers.
INFO: [HLS 200-486] Changing DSP latency (root=add_ln48_123) to 3 in order to utilize available DSP registers.
INFO: [HLS 200-486] Changing DSP latency (root=add_ln48_122) to 3 in order to utilize available DSP registers.
INFO: [HLS 200-486] Changing DSP latency (root=add_ln48_121) to 3 in order to utilize available DSP registers.
INFO: [HLS 200-486] Changing DSP latency (root=add_ln48_117) to 3 in order to utilize available DSP registers.
INFO: [HLS 200-486] Changing DSP latency (root=add_ln48_116) to 3 in order to utilize available DSP registers.
INFO: [HLS 200-486] Changing DSP latency (root=add_ln48_115) to 3 in order to utilize available DSP registers.
INFO: [HLS 200-486] Changing DSP latency (root=add_ln48_114) to 3 in order to utilize available DSP registers.
INFO: [HLS 200-486] Changing DSP latency (root=add_ln48_113) to 3 in order to utilize available DSP registers.
INFO: [HLS 200-486] Changing DSP latency (root=add_ln48_112) to 3 in order to utilize available DSP registers.
INFO: [HLS 200-486] Changing DSP latency (root=add_ln48_109) to 3 in order to utilize available DSP registers.
INFO: [HLS 200-486] Changing DSP latency (root=add_ln48_108) to 3 in order to utilize available DSP registers.
INFO: [HLS 200-486] Changing DSP latency (root=add_ln48_107) to 3 in order to utilize available DSP registers.
INFO: [HLS 200-486] Changing DSP latency (root=add_ln48_106) to 3 in order to utilize available DSP registers.
INFO: [HLS 200-486] Changing DSP latency (root=add_ln48_102) to 3 in order to utilize available DSP registers.
INFO: [HLS 200-486] Changing DSP latency (root=add_ln48_101) to 3 in order to utilize available DSP registers.
INFO: [HLS 200-486] Changing DSP latency (root=add_ln48_100) to 3 in order to utilize available DSP registers.
INFO: [HLS 200-486] Changing DSP latency (root=add_ln48_99) to 3 in order to utilize available DSP registers.
INFO: [HLS 200-486] Changing DSP latency (root=add_ln48_98) to 3 in order to utilize available DSP registers.
INFO: [HLS 200-486] Changing DSP latency (root=add_ln48_97) to 3 in order to utilize available DSP registers.
INFO: [HLS 200-486] Changing DSP latency (root=add_ln48_94) to 3 in order to utilize available DSP registers.
INFO: [HLS 200-486] Changing DSP latency (root=add_ln48_93) to 3 in order to utilize available DSP registers.
INFO: [HLS 200-486] Changing DSP latency (root=add_ln48_92) to 3 in order to utilize available DSP registers.
INFO: [HLS 200-486] Changing DSP latency (root=add_ln48_91) to 3 in order to utilize available DSP registers.
INFO: [HLS 200-486] Changing DSP latency (root=add_ln48_87) to 3 in order to utilize available DSP registers.
INFO: [HLS 200-486] Changing DSP latency (root=add_ln48_86) to 3 in order to utilize available DSP registers.
INFO: [HLS 200-486] Changing DSP latency (root=add_ln48_85) to 3 in order to utilize available DSP registers.
INFO: [HLS 200-486] Changing DSP latency (root=add_ln48_84) to 3 in order to utilize available DSP registers.
INFO: [HLS 200-486] Changing DSP latency (root=add_ln48_83) to 3 in order to utilize available DSP registers.
INFO: [HLS 200-486] Changing DSP latency (root=add_ln48_82) to 3 in order to utilize available DSP registers.
INFO: [HLS 200-486] Changing DSP latency (root=add_ln48_79) to 3 in order to utilize available DSP registers.
INFO: [HLS 200-486] Changing DSP latency (root=add_ln48_78) to 3 in order to utilize available DSP registers.
INFO: [HLS 200-486] Changing DSP latency (root=add_ln48_77) to 3 in order to utilize available DSP registers.
INFO: [HLS 200-486] Changing DSP latency (root=add_ln48_76) to 3 in order to utilize available DSP registers.
INFO: [HLS 200-486] Changing DSP latency (root=add_ln48_72) to 3 in order to utilize available DSP registers.
INFO: [HLS 200-486] Changing DSP latency (root=add_ln48_71) to 3 in order to utilize available DSP registers.
INFO: [HLS 200-486] Changing DSP latency (root=add_ln48_70) to 3 in order to utilize available DSP registers.
INFO: [HLS 200-486] Changing DSP latency (root=add_ln48_69) to 3 in order to utilize available DSP registers.
INFO: [HLS 200-486] Changing DSP latency (root=add_ln48_68) to 3 in order to utilize available DSP registers.
INFO: [HLS 200-486] Changing DSP latency (root=add_ln48_67) to 3 in order to utilize available DSP registers.
INFO: [HLS 200-486] Changing DSP latency (root=add_ln48_64) to 3 in order to utilize available DSP registers.
INFO: [HLS 200-486] Changing DSP latency (root=add_ln48_63) to 3 in order to utilize available DSP registers.
INFO: [HLS 200-486] Changing DSP latency (root=add_ln48_62) to 3 in order to utilize available DSP registers.
INFO: [HLS 200-486] Changing DSP latency (root=add_ln48_61) to 3 in order to utilize available DSP registers.
INFO: [HLS 200-486] Changing DSP latency (root=add_ln48_57) to 3 in order to utilize available DSP registers.
INFO: [HLS 200-486] Changing DSP latency (root=add_ln48_56) to 3 in order to utilize available DSP registers.
INFO: [HLS 200-486] Changing DSP latency (root=add_ln48_55) to 3 in order to utilize available DSP registers.
INFO: [HLS 200-486] Changing DSP latency (root=add_ln48_54) to 3 in order to utilize available DSP registers.
INFO: [HLS 200-486] Changing DSP latency (root=add_ln48_53) to 3 in order to utilize available DSP registers.
INFO: [HLS 200-486] Changing DSP latency (root=add_ln48_52) to 3 in order to utilize available DSP registers.
INFO: [HLS 200-486] Changing DSP latency (root=add_ln48_49) to 3 in order to utilize available DSP registers.
INFO: [HLS 200-486] Changing DSP latency (root=add_ln48_48) to 3 in order to utilize available DSP registers.
INFO: [HLS 200-486] Changing DSP latency (root=add_ln48_47) to 3 in order to utilize available DSP registers.
INFO: [HLS 200-486] Changing DSP latency (root=add_ln48_46) to 3 in order to utilize available DSP registers.
INFO: [HLS 200-486] Changing DSP latency (root=add_ln48_42) to 3 in order to utilize available DSP registers.
INFO: [HLS 200-486] Changing DSP latency (root=add_ln48_41) to 3 in order to utilize available DSP registers.
INFO: [HLS 200-486] Changing DSP latency (root=add_ln48_40) to 3 in order to utilize available DSP registers.
INFO: [HLS 200-486] Changing DSP latency (root=add_ln48_39) to 3 in order to utilize available DSP registers.
INFO: [HLS 200-486] Changing DSP latency (root=add_ln48_38) to 3 in order to utilize available DSP registers.
INFO: [HLS 200-486] Changing DSP latency (root=add_ln48_37) to 3 in order to utilize available DSP registers.
INFO: [HLS 200-486] Changing DSP latency (root=add_ln48_34) to 3 in order to utilize available DSP registers.
INFO: [HLS 200-486] Changing DSP latency (root=add_ln48_33) to 3 in order to utilize available DSP registers.
INFO: [HLS 200-486] Changing DSP latency (root=add_ln48_32) to 3 in order to utilize available DSP registers.
INFO: [HLS 200-486] Changing DSP latency (root=add_ln48_31) to 3 in order to utilize available DSP registers.
INFO: [HLS 200-486] Changing DSP latency (root=add_ln48_27) to 3 in order to utilize available DSP registers.
INFO: [HLS 200-486] Changing DSP latency (root=add_ln48_26) to 3 in order to utilize available DSP registers.
INFO: [HLS 200-486] Changing DSP latency (root=add_ln48_25) to 3 in order to utilize available DSP registers.
INFO: [HLS 200-486] Changing DSP latency (root=add_ln48_24) to 3 in order to utilize available DSP registers.
INFO: [HLS 200-486] Changing DSP latency (root=add_ln48_23) to 3 in order to utilize available DSP registers.
INFO: [HLS 200-486] Changing DSP latency (root=add_ln48_22) to 3 in order to utilize available DSP registers.
INFO: [HLS 200-486] Changing DSP latency (root=add_ln48_19) to 3 in order to utilize available DSP registers.
INFO: [HLS 200-486] Changing DSP latency (root=add_ln48_18) to 3 in order to utilize available DSP registers.
INFO: [HLS 200-486] Changing DSP latency (root=add_ln48_17) to 3 in order to utilize available DSP registers.
INFO: [HLS 200-486] Changing DSP latency (root=add_ln48_16) to 3 in order to utilize available DSP registers.
INFO: [HLS 200-486] Changing DSP latency (root=add_ln48_12) to 3 in order to utilize available DSP registers.
INFO: [HLS 200-486] Changing DSP latency (root=add_ln48_11) to 3 in order to utilize available DSP registers.
INFO: [HLS 200-486] Changing DSP latency (root=add_ln48_10) to 3 in order to utilize available DSP registers.
INFO: [HLS 200-486] Changing DSP latency (root=add_ln48_9) to 3 in order to utilize available DSP registers.
INFO: [HLS 200-486] Changing DSP latency (root=add_ln48_8) to 3 in order to utilize available DSP registers.
INFO: [HLS 200-486] Changing DSP latency (root=add_ln48_7) to 3 in order to utilize available DSP registers.
INFO: [HLS 200-486] Changing DSP latency (root=add_ln48_4) to 3 in order to utilize available DSP registers.
INFO: [HLS 200-486] Changing DSP latency (root=add_ln48_3) to 3 in order to utilize available DSP registers.
INFO: [HLS 200-486] Changing DSP latency (root=add_ln48_2) to 3 in order to utilize available DSP registers.
INFO: [HLS 200-486] Changing DSP latency (root=add_ln48_1) to 3 in order to utilize available DSP registers.
INFO: [SCHED 204-61] Pipelining function 'dct_2d'.
WARNING: [HLS 200-448] Lower bound of II is 4 due to multiple 'load' operation 16 bit ('in_block_0_load', ../dct.c:46->../dct.c:65) on array 'in_block_0', 'load' operation 16 bit ('in_block_0_load_1', ../dct.c:46->../dct.c:65) on array 'in_block_0', 'load' operation 16 bit ('in_block_0_load_2', ../dct.c:46->../dct.c:65) on array 'in_block_0', 'load' operation 16 bit ('in_block_0_load_3', ../dct.c:46->../dct.c:65) on array 'in_block_0', 'load' operation 16 bit ('in_block_0_load_4', ../dct.c:46->../dct.c:65) on array 'in_block_0', 'load' operation 16 bit ('in_block_0_load_5', ../dct.c:46->../dct.c:65) on array 'in_block_0', 'load' operation 16 bit ('in_block_0_load_6', ../dct.c:46->../dct.c:65) on array 'in_block_0', 'load' operation 16 bit ('in_block_0_load_7', ../dct.c:46->../dct.c:65) on array 'in_block_0' accessing core:RAM:in_block_0
WARNING: [HLS 200-448] Lower bound of II is 4 due to multiple 'load' operation 16 bit ('in_block_1_load', ../dct.c:46->../dct.c:65) on array 'in_block_1', 'load' operation 16 bit ('in_block_1_load_1', ../dct.c:46->../dct.c:65) on array 'in_block_1', 'load' operation 16 bit ('in_block_1_load_2', ../dct.c:46->../dct.c:65) on array 'in_block_1', 'load' operation 16 bit ('in_block_1_load_3', ../dct.c:46->../dct.c:65) on array 'in_block_1', 'load' operation 16 bit ('in_block_1_load_4', ../dct.c:46->../dct.c:65) on array 'in_block_1', 'load' operation 16 bit ('in_block_1_load_5', ../dct.c:46->../dct.c:65) on array 'in_block_1', 'load' operation 16 bit ('in_block_1_load_6', ../dct.c:46->../dct.c:65) on array 'in_block_1', 'load' operation 16 bit ('in_block_1_load_7', ../dct.c:46->../dct.c:65) on array 'in_block_1' accessing core:RAM:in_block_1
WARNING: [HLS 200-448] Lower bound of II is 4 due to multiple 'load' operation 16 bit ('in_block_2_load', ../dct.c:46->../dct.c:65) on array 'in_block_2', 'load' operation 16 bit ('in_block_2_load_1', ../dct.c:46->../dct.c:65) on array 'in_block_2', 'load' operation 16 bit ('in_block_2_load_2', ../dct.c:46->../dct.c:65) on array 'in_block_2', 'load' operation 16 bit ('in_block_2_load_3', ../dct.c:46->../dct.c:65) on array 'in_block_2', 'load' operation 16 bit ('in_block_2_load_4', ../dct.c:46->../dct.c:65) on array 'in_block_2', 'load' operation 16 bit ('in_block_2_load_5', ../dct.c:46->../dct.c:65) on array 'in_block_2', 'load' operation 16 bit ('in_block_2_load_6', ../dct.c:46->../dct.c:65) on array 'in_block_2', 'load' operation 16 bit ('in_block_2_load_7', ../dct.c:46->../dct.c:65) on array 'in_block_2' accessing core:RAM:in_block_2
WARNING: [HLS 200-448] Lower bound of II is 4 due to multiple 'load' operation 16 bit ('in_block_3_load', ../dct.c:46->../dct.c:65) on array 'in_block_3', 'load' operation 16 bit ('in_block_3_load_1', ../dct.c:46->../dct.c:65) on array 'in_block_3', 'load' operation 16 bit ('in_block_3_load_2', ../dct.c:46->../dct.c:65) on array 'in_block_3', 'load' operation 16 bit ('in_block_3_load_3', ../dct.c:46->../dct.c:65) on array 'in_block_3', 'load' operation 16 bit ('in_block_3_load_4', ../dct.c:46->../dct.c:65) on array 'in_block_3', 'load' operation 16 bit ('in_block_3_load_5', ../dct.c:46->../dct.c:65) on array 'in_block_3', 'load' operation 16 bit ('in_block_3_load_6', ../dct.c:46->../dct.c:65) on array 'in_block_3', 'load' operation 16 bit ('in_block_3_load_7', ../dct.c:46->../dct.c:65) on array 'in_block_3' accessing core:RAM:in_block_3
WARNING: [HLS 200-448] Lower bound of II is 4 due to multiple 'load' operation 16 bit ('in_block_4_load', ../dct.c:46->../dct.c:65) on array 'in_block_4', 'load' operation 16 bit ('in_block_4_load_1', ../dct.c:46->../dct.c:65) on array 'in_block_4', 'load' operation 16 bit ('in_block_4_load_2', ../dct.c:46->../dct.c:65) on array 'in_block_4', 'load' operation 16 bit ('in_block_4_load_3', ../dct.c:46->../dct.c:65) on array 'in_block_4', 'load' operation 16 bit ('in_block_4_load_4', ../dct.c:46->../dct.c:65) on array 'in_block_4', 'load' operation 16 bit ('in_block_4_load_5', ../dct.c:46->../dct.c:65) on array 'in_block_4', 'load' operation 16 bit ('in_block_4_load_6', ../dct.c:46->../dct.c:65) on array 'in_block_4', 'load' operation 16 bit ('in_block_4_load_7', ../dct.c:46->../dct.c:65) on array 'in_block_4' accessing core:RAM:in_block_4
WARNING: [HLS 200-448] Lower bound of II is 4 due to multiple 'load' operation 16 bit ('in_block_5_load', ../dct.c:46->../dct.c:65) on array 'in_block_5', 'load' operation 16 bit ('in_block_5_load_1', ../dct.c:46->../dct.c:65) on array 'in_block_5', 'load' operation 16 bit ('in_block_5_load_2', ../dct.c:46->../dct.c:65) on array 'in_block_5', 'load' operation 16 bit ('in_block_5_load_3', ../dct.c:46->../dct.c:65) on array 'in_block_5', 'load' operation 16 bit ('in_block_5_load_4', ../dct.c:46->../dct.c:65) on array 'in_block_5', 'load' operation 16 bit ('in_block_5_load_5', ../dct.c:46->../dct.c:65) on array 'in_block_5', 'load' operation 16 bit ('in_block_5_load_6', ../dct.c:46->../dct.c:65) on array 'in_block_5', 'load' operation 16 bit ('in_block_5_load_7', ../dct.c:46->../dct.c:65) on array 'in_block_5' accessing core:RAM:in_block_5
WARNING: [HLS 200-448] Lower bound of II is 4 due to multiple 'load' operation 16 bit ('in_block_6_load', ../dct.c:46->../dct.c:65) on array 'in_block_6', 'load' operation 16 bit ('in_block_6_load_1', ../dct.c:46->../dct.c:65) on array 'in_block_6', 'load' operation 16 bit ('in_block_6_load_2', ../dct.c:46->../dct.c:65) on array 'in_block_6', 'load' operation 16 bit ('in_block_6_load_3', ../dct.c:46->../dct.c:65) on array 'in_block_6', 'load' operation 16 bit ('in_block_6_load_4', ../dct.c:46->../dct.c:65) on array 'in_block_6', 'load' operation 16 bit ('in_block_6_load_5', ../dct.c:46->../dct.c:65) on array 'in_block_6', 'load' operation 16 bit ('in_block_6_load_6', ../dct.c:46->../dct.c:65) on array 'in_block_6', 'load' operation 16 bit ('in_block_6_load_7', ../dct.c:46->../dct.c:65) on array 'in_block_6' accessing core:RAM:in_block_6
WARNING: [HLS 200-448] Lower bound of II is 4 due to multiple 'load' operation 16 bit ('in_block_7_load', ../dct.c:46->../dct.c:65) on array 'in_block_7', 'load' operation 16 bit ('in_block_7_load_1', ../dct.c:46->../dct.c:65) on array 'in_block_7', 'load' operation 16 bit ('in_block_7_load_2', ../dct.c:46->../dct.c:65) on array 'in_block_7', 'load' operation 16 bit ('in_block_7_load_3', ../dct.c:46->../dct.c:65) on array 'in_block_7', 'load' operation 16 bit ('in_block_7_load_4', ../dct.c:46->../dct.c:65) on array 'in_block_7', 'load' operation 16 bit ('in_block_7_load_5', ../dct.c:46->../dct.c:65) on array 'in_block_7', 'load' operation 16 bit ('in_block_7_load_6', ../dct.c:46->../dct.c:65) on array 'in_block_7', 'load' operation 16 bit ('in_block_7_load_7', ../dct.c:46->../dct.c:65) on array 'in_block_7' accessing core:RAM:in_block_7
INFO: [HLS 200-1470] Pipelining result : Target II = 1, Final II = 4, Depth = 15, function 'dct_2d'
INFO: [SCHED 204-11] Finished scheduling.
Command     schedule done; 18.116 sec.
INFO: [HLS 200-111] Finished Scheduling: CPU user time: 1 seconds. CPU system time: 0 seconds. Elapsed time: 18.204 seconds; current allocated memory: 238.754 MB.
Execute     syn_report -verbosereport -o C:/Users/duong/Desktop/xup_high_level_synthesis_design_flow-main/source/lab3/dct_array_partition/dct/hls/.autopilot/db/dct_2d.verbose.sched.rpt 
Execute       list_part -family xc7a35t-fgg484-2 
Execute         ap_family_info -name xc7a35t-fgg484-2 -data names 
Execute         ap_part_info -quiet -name xc7a35t-fgg484-2 -data family 
Command     syn_report done; 0.253 sec.
Execute     db_write -o C:/Users/duong/Desktop/xup_high_level_synthesis_design_flow-main/source/lab3/dct_array_partition/dct/hls/.autopilot/db/dct_2d.sched.adb -f 
Command     db_write done; 0.256 sec.
INFO-FLOW: Finish scheduling dct_2d.
Execute     set_default_model dct_2d 
Execute     bind -model dct_2d 
INFO: [BIND 205-100] Starting micro-architecture generation ...
INFO: [BIND 205-101] Performing variable lifetime analysis.
INFO: [BIND 205-101] Exploring resource sharing.
INFO: [BIND 205-101] Binding ...
INFO: [BIND 205-100] Finished micro-architecture generation.
Command     bind done; 0.336 sec.
INFO: [HLS 200-111] Finished Binding: CPU user time: 0 seconds. CPU system time: 0 seconds. Elapsed time: 0.847 seconds; current allocated memory: 238.754 MB.
Execute     syn_report -verbosereport -o C:/Users/duong/Desktop/xup_high_level_synthesis_design_flow-main/source/lab3/dct_array_partition/dct/hls/.autopilot/db/dct_2d.verbose.bind.rpt 
Execute       list_part -family xc7a35t-fgg484-2 
Execute         ap_family_info -name xc7a35t-fgg484-2 -data names 
Execute         ap_part_info -quiet -name xc7a35t-fgg484-2 -data family 
Command     syn_report done; 0.346 sec.
Execute     db_write -o C:/Users/duong/Desktop/xup_high_level_synthesis_design_flow-main/source/lab3/dct_array_partition/dct/hls/.autopilot/db/dct_2d.bind.adb -f 
Command     db_write done; 0.387 sec.
INFO-FLOW: Finish binding dct_2d.
INFO: [HLS 200-10] ----------------------------------------------------------------
INFO: [HLS 200-42] -- Implementing module 'write_data' 
INFO: [HLS 200-10] ----------------------------------------------------------------
Execute     set_default_model write_data 
Execute     schedule -model write_data 
INFO: [SCHED 204-11] Starting scheduling ...
INFO: [SCHED 204-61] Pipelining function 'write_data'.
WARNING: [HLS 200-448] Lower bound of II is 32 due to multiple 'store' operation ('output_r_addr_write_ln119', ../dct.c:119) of variable 'buf', ../dct.c:108 16 bit on array 'output_r', 'store' operation ('output_r_addr_1_write_ln119', ../dct.c:119) of variable 'buf', ../dct.c:108 16 bit on array 'output_r', 'store' operation ('output_r_addr_2_write_ln119', ../dct.c:119) of variable 'buf', ../dct.c:108 16 bit on array 'output_r', 'store' operation ('output_r_addr_3_write_ln119', ../dct.c:119) of variable 'buf', ../dct.c:108 16 bit on array 'output_r', 'store' operation ('output_r_addr_4_write_ln119', ../dct.c:119) of variable 'buf', ../dct.c:108 16 bit on array 'output_r', 'store' operation ('output_r_addr_5_write_ln119', ../dct.c:119) of variable 'buf', ../dct.c:108 16 bit on array 'output_r', 'store' operation ('output_r_addr_6_write_ln119', ../dct.c:119) of variable 'buf', ../dct.c:108 16 bit on array 'output_r', 'store' operation ('output_r_addr_7_write_ln119', ../dct.c:119) of variable 'buf', ../dct.c:108 16 bit on array 'output_r', 'store' operation ('output_r_addr_8_write_ln119', ../dct.c:119) of variable 'buf', ../dct.c:108 16 bit on array 'output_r', 'store' operation ('output_r_addr_9_write_ln119', ../dct.c:119) of variable 'buf', ../dct.c:108 16 bit on array 'output_r', 'store' operation ('output_r_addr_10_write_ln119', ../dct.c:119) of variable 'buf', ../dct.c:108 16 bit on array 'output_r', 'store' operation ('output_r_addr_11_write_ln119', ../dct.c:119) of variable 'buf', ../dct.c:108 16 bit on array 'output_r', 'store' operation ('output_r_addr_12_write_ln119', ../dct.c:119) of variable 'buf', ../dct.c:108 16 bit on array 'output_r', 'store' operation ('output_r_addr_13_write_ln119', ../dct.c:119) of variable 'buf', ../dct.c:108 16 bit on array 'output_r', 'store' operation ('output_r_addr_14_write_ln119', ../dct.c:119) of variable 'buf', ../dct.c:108 16 bit on array 'output_r', 'store' operation ('output_r_addr_15_write_ln119', ../dct.c:119) of variable 'buf', ../dct.c:108 16 bit on array 'output_r', 'store' operation ('output_r_addr_16_write_ln119', ../dct.c:119) of variable 'buf', ../dct.c:108 16 bit on array 'output_r', 'store' operation ('output_r_addr_17_write_ln119', ../dct.c:119) of variable 'buf', ../dct.c:108 16 bit on array 'output_r', 'store' operation ('output_r_addr_18_write_ln119', ../dct.c:119) of variable 'buf', ../dct.c:108 16 bit on array 'output_r', 'store' operation ('output_r_addr_19_write_ln119', ../dct.c:119) of variable 'buf', ../dct.c:108 16 bit on array 'output_r', 'store' operation ('output_r_addr_20_write_ln119', ../dct.c:119) of variable 'buf', ../dct.c:108 16 bit on array 'output_r', 'store' operation ('output_r_addr_21_write_ln119', ../dct.c:119) of variable 'buf', ../dct.c:108 16 bit on array 'output_r', 'store' operation ('output_r_addr_22_write_ln119', ../dct.c:119) of variable 'buf', ../dct.c:108 16 bit on array 'output_r', 'store' operation ('output_r_addr_23_write_ln119', ../dct.c:119) of variable 'buf', ../dct.c:108 16 bit on array 'output_r', 'store' operation ('output_r_addr_24_write_ln119', ../dct.c:119) of variable 'buf', ../dct.c:108 16 bit on array 'output_r', 'store' operation ('output_r_addr_25_write_ln119', ../dct.c:119) of variable 'buf', ../dct.c:108 16 bit on array 'output_r', 'store' operation ('output_r_addr_26_write_ln119', ../dct.c:119) of variable 'buf', ../dct.c:108 16 bit on array 'output_r', 'store' operation ('output_r_addr_27_write_ln119', ../dct.c:119) of variable 'buf', ../dct.c:108 16 bit on array 'output_r', 'store' operation ('output_r_addr_28_write_ln119', ../dct.c:119) of variable 'buf', ../dct.c:108 16 bit on array 'output_r', 'store' operation ('output_r_addr_29_write_ln119', ../dct.c:119) of variable 'buf', ../dct.c:108 16 bit on array 'output_r', 'store' operation ('output_r_addr_30_write_ln119', ../dct.c:119) of variable 'buf', ../dct.c:108 16 bit on array 'output_r', 'store' operation ('output_r_addr_31_write_ln119', ../dct.c:119) of variable 'buf', ../dct.c:108 16 bit on array 'output_r', 'store' operation ('output_r_addr_32_write_ln119', ../dct.c:119) of variable 'buf', ../dct.c:108 16 bit on array 'output_r', 'store' operation ('output_r_addr_33_write_ln119', ../dct.c:119) of variable 'buf', ../dct.c:108 16 bit on array 'output_r', 'store' operation ('output_r_addr_34_write_ln119', ../dct.c:119) of variable 'buf', ../dct.c:108 16 bit on array 'output_r', 'store' operation ('output_r_addr_35_write_ln119', ../dct.c:119) of variable 'buf', ../dct.c:108 16 bit on array 'output_r', 'store' operation ('output_r_addr_36_write_ln119', ../dct.c:119) of variable 'buf', ../dct.c:108 16 bit on array 'output_r', 'store' operation ('output_r_addr_37_write_ln119', ../dct.c:119) of variable 'buf', ../dct.c:108 16 bit on array 'output_r', 'store' operation ('output_r_addr_38_write_ln119', ../dct.c:119) of variable 'buf', ../dct.c:108 16 bit on array 'output_r', 'store' operation ('output_r_addr_39_write_ln119', ../dct.c:119) of variable 'buf', ../dct.c:108 16 bit on array 'output_r', 'store' operation ('output_r_addr_40_write_ln119', ../dct.c:119) of variable 'buf', ../dct.c:108 16 bit on array 'output_r', 'store' operation ('output_r_addr_41_write_ln119', ../dct.c:119) of variable 'buf', ../dct.c:108 16 bit on array 'output_r', 'store' operation ('output_r_addr_42_write_ln119', ../dct.c:119) of variable 'buf', ../dct.c:108 16 bit on array 'output_r', 'store' operation ('output_r_addr_43_write_ln119', ../dct.c:119) of variable 'buf', ../dct.c:108 16 bit on array 'output_r', 'store' operation ('output_r_addr_44_write_ln119', ../dct.c:119) of variable 'buf', ../dct.c:108 16 bit on array 'output_r', 'store' operation ('output_r_addr_45_write_ln119', ../dct.c:119) of variable 'buf', ../dct.c:108 16 bit on array 'output_r', 'store' operation ('output_r_addr_46_write_ln119', ../dct.c:119) of variable 'buf', ../dct.c:108 16 bit on array 'output_r', 'store' operation ('output_r_addr_47_write_ln119', ../dct.c:119) of variable 'buf', ../dct.c:108 16 bit on array 'output_r', 'store' operation ('output_r_addr_48_write_ln119', ../dct.c:119) of variable 'buf', ../dct.c:108 16 bit on array 'output_r', 'store' operation ('output_r_addr_49_write_ln119', ../dct.c:119) of variable 'buf', ../dct.c:108 16 bit on array 'output_r', 'store' operation ('output_r_addr_50_write_ln119', ../dct.c:119) of variable 'buf', ../dct.c:108 16 bit on array 'output_r', 'store' operation ('output_r_addr_51_write_ln119', ../dct.c:119) of variable 'buf', ../dct.c:108 16 bit on array 'output_r', 'store' operation ('output_r_addr_52_write_ln119', ../dct.c:119) of variable 'buf', ../dct.c:108 16 bit on array 'output_r', 'store' operation ('output_r_addr_53_write_ln119', ../dct.c:119) of variable 'buf', ../dct.c:108 16 bit on array 'output_r', 'store' operation ('output_r_addr_54_write_ln119', ../dct.c:119) of variable 'buf', ../dct.c:108 16 bit on array 'output_r', 'store' operation ('output_r_addr_55_write_ln119', ../dct.c:119) of variable 'buf', ../dct.c:108 16 bit on array 'output_r', 'store' operation ('output_r_addr_56_write_ln119', ../dct.c:119) of variable 'buf', ../dct.c:108 16 bit on array 'output_r', 'store' operation ('output_r_addr_57_write_ln119', ../dct.c:119) of variable 'buf', ../dct.c:108 16 bit on array 'output_r', 'store' operation ('output_r_addr_58_write_ln119', ../dct.c:119) of variable 'buf', ../dct.c:108 16 bit on array 'output_r', 'store' operation ('output_r_addr_59_write_ln119', ../dct.c:119) of variable 'buf', ../dct.c:108 16 bit on array 'output_r', 'store' operation ('output_r_addr_60_write_ln119', ../dct.c:119) of variable 'buf', ../dct.c:108 16 bit on array 'output_r', 'store' operation ('output_r_addr_61_write_ln119', ../dct.c:119) of variable 'buf', ../dct.c:108 16 bit on array 'output_r', 'store' operation ('output_r_addr_62_write_ln119', ../dct.c:119) of variable 'buf', ../dct.c:108 16 bit on array 'output_r', 'store' operation ('output_r_addr_63_write_ln119', ../dct.c:119) of variable 'buf', ../dct.c:108 16 bit on array 'output_r' accessing core:RAM:output_r
INFO: [HLS 200-1470] Pipelining result : Target II = 1, Final II = 32, Depth = 32, function 'write_data'
INFO: [SCHED 204-11] Finished scheduling.
INFO: [HLS 200-111] Finished Scheduling: CPU user time: 1 seconds. CPU system time: 1 seconds. Elapsed time: 0.801 seconds; current allocated memory: 238.754 MB.
Execute     syn_report -verbosereport -o C:/Users/duong/Desktop/xup_high_level_synthesis_design_flow-main/source/lab3/dct_array_partition/dct/hls/.autopilot/db/write_data.verbose.sched.rpt 
Execute       list_part -family xc7a35t-fgg484-2 
Execute         ap_family_info -name xc7a35t-fgg484-2 -data names 
Execute         ap_part_info -quiet -name xc7a35t-fgg484-2 -data family 
Execute     db_write -o C:/Users/duong/Desktop/xup_high_level_synthesis_design_flow-main/source/lab3/dct_array_partition/dct/hls/.autopilot/db/write_data.sched.adb -f 
INFO-FLOW: Finish scheduling write_data.
Execute     set_default_model write_data 
Execute     bind -model write_data 
INFO: [BIND 205-100] Starting micro-architecture generation ...
INFO: [BIND 205-101] Performing variable lifetime analysis.
INFO: [BIND 205-101] Exploring resource sharing.
INFO: [BIND 205-101] Binding ...
INFO: [BIND 205-100] Finished micro-architecture generation.
INFO: [HLS 200-111] Finished Binding: CPU user time: 0 seconds. CPU system time: 0 seconds. Elapsed time: 0.05 seconds; current allocated memory: 238.754 MB.
Execute     syn_report -verbosereport -o C:/Users/duong/Desktop/xup_high_level_synthesis_design_flow-main/source/lab3/dct_array_partition/dct/hls/.autopilot/db/write_data.verbose.bind.rpt 
Execute       list_part -family xc7a35t-fgg484-2 
Execute         ap_family_info -name xc7a35t-fgg484-2 -data names 
Execute         ap_part_info -quiet -name xc7a35t-fgg484-2 -data family 
Execute     db_write -o C:/Users/duong/Desktop/xup_high_level_synthesis_design_flow-main/source/lab3/dct_array_partition/dct/hls/.autopilot/db/write_data.bind.adb -f 
INFO-FLOW: Finish binding write_data.
INFO: [HLS 200-10] ----------------------------------------------------------------
INFO: [HLS 200-42] -- Implementing module 'dct' 
INFO: [HLS 200-10] ----------------------------------------------------------------
Execute     set_default_model dct 
Execute     schedule -model dct 
INFO: [SCHED 204-11] Starting scheduling ...
INFO: [SCHED 204-11] Finished scheduling.
INFO: [HLS 200-111] Finished Scheduling: CPU user time: 0 seconds. CPU system time: 0 seconds. Elapsed time: 0.077 seconds; current allocated memory: 238.754 MB.
Execute     syn_report -verbosereport -o C:/Users/duong/Desktop/xup_high_level_synthesis_design_flow-main/source/lab3/dct_array_partition/dct/hls/.autopilot/db/dct.verbose.sched.rpt 
Execute       list_part -family xc7a35t-fgg484-2 
Execute         ap_family_info -name xc7a35t-fgg484-2 -data names 
Execute         ap_part_info -quiet -name xc7a35t-fgg484-2 -data family 
Execute     db_write -o C:/Users/duong/Desktop/xup_high_level_synthesis_design_flow-main/source/lab3/dct_array_partition/dct/hls/.autopilot/db/dct.sched.adb -f 
INFO-FLOW: Finish scheduling dct.
Execute     set_default_model dct 
Execute     bind -model dct 
INFO: [BIND 205-100] Starting micro-architecture generation ...
INFO: [BIND 205-101] Performing variable lifetime analysis.
INFO: [BIND 205-101] Exploring resource sharing.
INFO: [BIND 205-101] Binding ...
INFO: [BIND 205-100] Finished micro-architecture generation.
INFO: [HLS 200-111] Finished Binding: CPU user time: 0 seconds. CPU system time: 0 seconds. Elapsed time: 0.06 seconds; current allocated memory: 238.754 MB.
Execute     syn_report -verbosereport -o C:/Users/duong/Desktop/xup_high_level_synthesis_design_flow-main/source/lab3/dct_array_partition/dct/hls/.autopilot/db/dct.verbose.bind.rpt 
Execute       list_part -family xc7a35t-fgg484-2 
Execute         ap_family_info -name xc7a35t-fgg484-2 -data names 
Execute         ap_part_info -quiet -name xc7a35t-fgg484-2 -data family 
Execute     db_write -o C:/Users/duong/Desktop/xup_high_level_synthesis_design_flow-main/source/lab3/dct_array_partition/dct/hls/.autopilot/db/dct.bind.adb -f 
INFO-FLOW: Finish binding dct.
Execute     get_model_list dct -filter all-wo-channel 
INFO-FLOW: Preprocessing for RTLGen ...
Execute     rtl_gen_preprocess read_data 
Execute     rtl_gen_preprocess dct_2d 
Execute     rtl_gen_preprocess write_data 
Execute     rtl_gen_preprocess dct 
INFO-FLOW: Model list for RTL generation: read_data dct_2d write_data dct
INFO: [HLS 200-10] ----------------------------------------------------------------
INFO: [HLS 200-10] -- Generating RTL for module 'read_data' 
INFO: [HLS 200-10] ----------------------------------------------------------------
Execute     create_rtl_model read_data -top_prefix dct_ -sub_prefix dct_ -mg_file C:/Users/duong/Desktop/xup_high_level_synthesis_design_flow-main/source/lab3/dct_array_partition/dct/hls/.autopilot/db/read_data.compgen.tcl 
INFO: [HLS 200-1030] Apply Unified Pipeline Control on module 'read_data' pipeline 'read_data' pipeline type 'function pipeline'
INFO: [RTGEN 206-100] Finished creating RTL model for 'read_data'.
Command     create_rtl_model done; 0.146 sec.
INFO: [HLS 200-111] Finished Creating RTL model: CPU user time: 0 seconds. CPU system time: 0 seconds. Elapsed time: 0.253 seconds; current allocated memory: 238.754 MB.
Execute     source C:/Users/duong/Desktop/xup_high_level_synthesis_design_flow-main/source/lab3/dct_array_partition/dct/hls/.autopilot/db/dct.rtl_wrap.cfg.tcl 
Execute     gen_rtl read_data -style xilinx -f -lang vhdl -o C:/Users/duong/Desktop/xup_high_level_synthesis_design_flow-main/source/lab3/dct_array_partition/dct/hls/syn/vhdl/dct_read_data 
Execute     gen_rtl read_data -style xilinx -f -lang vlog -o C:/Users/duong/Desktop/xup_high_level_synthesis_design_flow-main/source/lab3/dct_array_partition/dct/hls/syn/verilog/dct_read_data 
Execute     syn_report -csynth -model read_data -o C:/Users/duong/Desktop/xup_high_level_synthesis_design_flow-main/source/lab3/dct_array_partition/dct/hls/syn/report/read_data_csynth.rpt 
Execute       list_part -family xc7a35t-fgg484-2 
Execute         ap_family_info -name xc7a35t-fgg484-2 -data names 
Execute         ap_part_info -quiet -name xc7a35t-fgg484-2 -data family 
Execute     syn_report -rtlxml -model read_data -o C:/Users/duong/Desktop/xup_high_level_synthesis_design_flow-main/source/lab3/dct_array_partition/dct/hls/syn/report/read_data_csynth.xml 
Execute       list_part -family xc7a35t-fgg484-2 
Execute         ap_family_info -name xc7a35t-fgg484-2 -data names 
Execute         ap_part_info -quiet -name xc7a35t-fgg484-2 -data family 
Execute     syn_report -verbosereport -model read_data -o C:/Users/duong/Desktop/xup_high_level_synthesis_design_flow-main/source/lab3/dct_array_partition/dct/hls/.autopilot/db/read_data.verbose.rpt 
Execute       list_part -family xc7a35t-fgg484-2 
Execute         ap_family_info -name xc7a35t-fgg484-2 -data names 
Execute         ap_part_info -quiet -name xc7a35t-fgg484-2 -data family 
Execute     db_write -model read_data -f -o C:/Users/duong/Desktop/xup_high_level_synthesis_design_flow-main/source/lab3/dct_array_partition/dct/hls/.autopilot/db/read_data.adb 
Execute     db_write -model read_data -bindview -o C:/Users/duong/Desktop/xup_high_level_synthesis_design_flow-main/source/lab3/dct_array_partition/dct/hls/.autopilot/db/design.bindinfo.xml 
Execute     gen_tb_info read_data -p C:/Users/duong/Desktop/xup_high_level_synthesis_design_flow-main/source/lab3/dct_array_partition/dct/hls/.autopilot/db -o C:/Users/duong/Desktop/xup_high_level_synthesis_design_flow-main/source/lab3/dct_array_partition/dct/hls/.autopilot/db/read_data 
INFO: [HLS 200-10] ----------------------------------------------------------------
INFO: [HLS 200-10] -- Generating RTL for module 'dct_2d' 
INFO: [HLS 200-10] ----------------------------------------------------------------
Execute     create_rtl_model dct_2d -top_prefix dct_ -sub_prefix dct_ -mg_file C:/Users/duong/Desktop/xup_high_level_synthesis_design_flow-main/source/lab3/dct_array_partition/dct/hls/.autopilot/db/dct_2d.compgen.tcl 
INFO: [HLS 200-1030] Apply Unified Pipeline Control on module 'dct_2d' pipeline 'dct_2d' pipeline type 'function pipeline'
INFO: [RTGEN 206-100] Generating core module 'ama_addmuladd_18s_16s_13ns_29s_29_4_1': 16 instance(s).
INFO: [RTGEN 206-100] Generating core module 'ama_submuladd_16s_16s_12ns_29s_29_4_1': 16 instance(s).
INFO: [RTGEN 206-100] Generating core module 'ama_submuladd_16s_16s_13ns_29s_29_4_1': 16 instance(s).
INFO: [RTGEN 206-100] Generating core module 'ama_submuladd_18s_16s_14ns_29s_29_4_1': 16 instance(s).
INFO: [RTGEN 206-100] Generating core module 'mac_muladd_16s_14ns_13ns_29_4_1': 2 instance(s).
INFO: [RTGEN 206-100] Generating core module 'mac_muladd_16s_14ns_29s_29_4_1': 82 instance(s).
INFO: [RTGEN 206-100] Generating core module 'mac_muladd_16s_15s_13ns_29_4_1': 30 instance(s).
INFO: [RTGEN 206-100] Generating core module 'mac_muladd_16s_15s_29s_29_4_1': 50 instance(s).
INFO: [RTGEN 206-100] Generating core module 'mac_muladd_17s_12ns_13ns_29_4_1': 16 instance(s).
INFO: [RTGEN 206-100] Generating core module 'mac_muladd_17s_12ns_29s_29_4_1': 12 instance(s).
INFO: [RTGEN 206-100] Generating core module 'mac_muladd_17s_13ns_13ns_29_4_1': 16 instance(s).
INFO: [RTGEN 206-100] Generating core module 'mac_muladd_17s_13ns_29s_29_4_1': 16 instance(s).
INFO: [RTGEN 206-100] Generating core module 'mac_muladd_18s_13ns_13ns_29_4_1': 16 instance(s).
INFO: [RTGEN 206-100] Generating core module 'mac_muladd_18s_14ns_13ns_29_4_1': 16 instance(s).
INFO: [RTGEN 206-100] Generating core module 'mul_16s_15ns_29_1_1': 44 instance(s).
INFO: [RTGEN 206-100] Generating core module 'mul_16s_15s_29_1_1': 48 instance(s).
INFO: [RTGEN 206-100] Generating core module 'mul_17s_13ns_29_1_1': 20 instance(s).
INFO: [RTGEN 206-100] Generating core module 'mul_17s_14ns_29_1_1': 16 instance(s).
INFO: [RTGEN 206-100] Finished creating RTL model for 'dct_2d'.
Command     create_rtl_model done; 1.378 sec.
INFO: [HLS 200-111] Finished Creating RTL model: CPU user time: 2 seconds. CPU system time: 0 seconds. Elapsed time: 2.078 seconds; current allocated memory: 280.168 MB.
Execute     source C:/Users/duong/Desktop/xup_high_level_synthesis_design_flow-main/source/lab3/dct_array_partition/dct/hls/.autopilot/db/dct.rtl_wrap.cfg.tcl 
Execute     gen_rtl dct_2d -style xilinx -f -lang vhdl -o C:/Users/duong/Desktop/xup_high_level_synthesis_design_flow-main/source/lab3/dct_array_partition/dct/hls/syn/vhdl/dct_dct_2d 
Execute     gen_rtl dct_2d -style xilinx -f -lang vlog -o C:/Users/duong/Desktop/xup_high_level_synthesis_design_flow-main/source/lab3/dct_array_partition/dct/hls/syn/verilog/dct_dct_2d 
Command     gen_rtl done; 0.136 sec.
Execute     syn_report -csynth -model dct_2d -o C:/Users/duong/Desktop/xup_high_level_synthesis_design_flow-main/source/lab3/dct_array_partition/dct/hls/syn/report/dct_2d_csynth.rpt 
Execute       list_part -family xc7a35t-fgg484-2 
Execute         ap_family_info -name xc7a35t-fgg484-2 -data names 
Execute         ap_part_info -quiet -name xc7a35t-fgg484-2 -data family 
Command     syn_report done; 0.139 sec.
Execute     syn_report -rtlxml -model dct_2d -o C:/Users/duong/Desktop/xup_high_level_synthesis_design_flow-main/source/lab3/dct_array_partition/dct/hls/syn/report/dct_2d_csynth.xml 
Execute       list_part -family xc7a35t-fgg484-2 
Execute         ap_family_info -name xc7a35t-fgg484-2 -data names 
Execute         ap_part_info -quiet -name xc7a35t-fgg484-2 -data family 
Execute     syn_report -verbosereport -model dct_2d -o C:/Users/duong/Desktop/xup_high_level_synthesis_design_flow-main/source/lab3/dct_array_partition/dct/hls/.autopilot/db/dct_2d.verbose.rpt 
Execute       list_part -family xc7a35t-fgg484-2 
Execute         ap_family_info -name xc7a35t-fgg484-2 -data names 
Execute         ap_part_info -quiet -name xc7a35t-fgg484-2 -data family 
Command     syn_report done; 0.513 sec.
Execute     db_write -model dct_2d -f -o C:/Users/duong/Desktop/xup_high_level_synthesis_design_flow-main/source/lab3/dct_array_partition/dct/hls/.autopilot/db/dct_2d.adb 
Command     db_write done; 0.41 sec.
Execute     db_write -model dct_2d -bindview -o C:/Users/duong/Desktop/xup_high_level_synthesis_design_flow-main/source/lab3/dct_array_partition/dct/hls/.autopilot/db/design.bindinfo.xml 
Command     db_write done; 0.265 sec.
Execute     gen_tb_info dct_2d -p C:/Users/duong/Desktop/xup_high_level_synthesis_design_flow-main/source/lab3/dct_array_partition/dct/hls/.autopilot/db -o C:/Users/duong/Desktop/xup_high_level_synthesis_design_flow-main/source/lab3/dct_array_partition/dct/hls/.autopilot/db/dct_2d 
INFO: [HLS 200-10] ----------------------------------------------------------------
INFO: [HLS 200-10] -- Generating RTL for module 'write_data' 
INFO: [HLS 200-10] ----------------------------------------------------------------
Execute     create_rtl_model write_data -top_prefix dct_ -sub_prefix dct_ -mg_file C:/Users/duong/Desktop/xup_high_level_synthesis_design_flow-main/source/lab3/dct_array_partition/dct/hls/.autopilot/db/write_data.compgen.tcl 
INFO: [RTGEN 206-100] Finished creating RTL model for 'write_data'.
INFO: [HLS 200-111] Finished Creating RTL model: CPU user time: 2 seconds. CPU system time: 3 seconds. Elapsed time: 5.142 seconds; current allocated memory: 326.660 MB.
Execute     source C:/Users/duong/Desktop/xup_high_level_synthesis_design_flow-main/source/lab3/dct_array_partition/dct/hls/.autopilot/db/dct.rtl_wrap.cfg.tcl 
Execute     gen_rtl write_data -style xilinx -f -lang vhdl -o C:/Users/duong/Desktop/xup_high_level_synthesis_design_flow-main/source/lab3/dct_array_partition/dct/hls/syn/vhdl/dct_write_data 
Execute     gen_rtl write_data -style xilinx -f -lang vlog -o C:/Users/duong/Desktop/xup_high_level_synthesis_design_flow-main/source/lab3/dct_array_partition/dct/hls/syn/verilog/dct_write_data 
Execute     syn_report -csynth -model write_data -o C:/Users/duong/Desktop/xup_high_level_synthesis_design_flow-main/source/lab3/dct_array_partition/dct/hls/syn/report/write_data_csynth.rpt 
Execute       list_part -family xc7a35t-fgg484-2 
Execute         ap_family_info -name xc7a35t-fgg484-2 -data names 
Execute         ap_part_info -quiet -name xc7a35t-fgg484-2 -data family 
Execute     syn_report -rtlxml -model write_data -o C:/Users/duong/Desktop/xup_high_level_synthesis_design_flow-main/source/lab3/dct_array_partition/dct/hls/syn/report/write_data_csynth.xml 
Execute       list_part -family xc7a35t-fgg484-2 
Execute         ap_family_info -name xc7a35t-fgg484-2 -data names 
Execute         ap_part_info -quiet -name xc7a35t-fgg484-2 -data family 
Execute     syn_report -verbosereport -model write_data -o C:/Users/duong/Desktop/xup_high_level_synthesis_design_flow-main/source/lab3/dct_array_partition/dct/hls/.autopilot/db/write_data.verbose.rpt 
Execute       list_part -family xc7a35t-fgg484-2 
Execute         ap_family_info -name xc7a35t-fgg484-2 -data names 
Execute         ap_part_info -quiet -name xc7a35t-fgg484-2 -data family 
Execute     db_write -model write_data -f -o C:/Users/duong/Desktop/xup_high_level_synthesis_design_flow-main/source/lab3/dct_array_partition/dct/hls/.autopilot/db/write_data.adb 
Execute     db_write -model write_data -bindview -o C:/Users/duong/Desktop/xup_high_level_synthesis_design_flow-main/source/lab3/dct_array_partition/dct/hls/.autopilot/db/design.bindinfo.xml 
Execute     gen_tb_info write_data -p C:/Users/duong/Desktop/xup_high_level_synthesis_design_flow-main/source/lab3/dct_array_partition/dct/hls/.autopilot/db -o C:/Users/duong/Desktop/xup_high_level_synthesis_design_flow-main/source/lab3/dct_array_partition/dct/hls/.autopilot/db/write_data 
INFO: [HLS 200-10] ----------------------------------------------------------------
INFO: [HLS 200-10] -- Generating RTL for module 'dct' 
INFO: [HLS 200-10] ----------------------------------------------------------------
Execute     create_rtl_model dct -top_prefix  -sub_prefix dct_ -mg_file C:/Users/duong/Desktop/xup_high_level_synthesis_design_flow-main/source/lab3/dct_array_partition/dct/hls/.autopilot/db/dct.compgen.tcl 
INFO: [RTGEN 206-500] Setting interface mode on port 'dct/input_r' to 'ap_memory'.
INFO: [RTGEN 206-500] Setting interface mode on port 'dct/output_r' to 'ap_memory'.
INFO: [RTGEN 206-500] Setting interface mode on function 'dct' to 'ap_ctrl_hs'.
INFO: [RTGEN 206-100] Finished creating RTL model for 'dct'.
INFO: [RTMG 210-278] Implementing memory 'dct_buf_2d_in_RAM_AUTO_1R1W' using auto RAMs.
Command     create_rtl_model done; 0.429 sec.
INFO: [HLS 200-111] Finished Creating RTL model: CPU user time: 1 seconds. CPU system time: 0 seconds. Elapsed time: 0.954 seconds; current allocated memory: 326.660 MB.
Execute     source C:/Users/duong/Desktop/xup_high_level_synthesis_design_flow-main/source/lab3/dct_array_partition/dct/hls/.autopilot/db/dct.rtl_wrap.cfg.tcl 
Execute     gen_rtl dct -istop -style xilinx -f -lang vhdl -o C:/Users/duong/Desktop/xup_high_level_synthesis_design_flow-main/source/lab3/dct_array_partition/dct/hls/syn/vhdl/dct 
Execute     gen_rtl dct -istop -style xilinx -f -lang vlog -o C:/Users/duong/Desktop/xup_high_level_synthesis_design_flow-main/source/lab3/dct_array_partition/dct/hls/syn/verilog/dct 
Execute     syn_report -csynth -model dct -o C:/Users/duong/Desktop/xup_high_level_synthesis_design_flow-main/source/lab3/dct_array_partition/dct/hls/syn/report/dct_csynth.rpt 
Execute       list_part -family xc7a35t-fgg484-2 
Execute         ap_family_info -name xc7a35t-fgg484-2 -data names 
Execute         ap_part_info -quiet -name xc7a35t-fgg484-2 -data family 
Execute     syn_report -rtlxml -model dct -o C:/Users/duong/Desktop/xup_high_level_synthesis_design_flow-main/source/lab3/dct_array_partition/dct/hls/syn/report/dct_csynth.xml 
Execute       list_part -family xc7a35t-fgg484-2 
Execute         ap_family_info -name xc7a35t-fgg484-2 -data names 
Execute         ap_part_info -quiet -name xc7a35t-fgg484-2 -data family 
Execute     syn_report -verbosereport -model dct -o C:/Users/duong/Desktop/xup_high_level_synthesis_design_flow-main/source/lab3/dct_array_partition/dct/hls/.autopilot/db/dct.verbose.rpt 
Execute       list_part -family xc7a35t-fgg484-2 
Execute         ap_family_info -name xc7a35t-fgg484-2 -data names 
Execute         ap_part_info -quiet -name xc7a35t-fgg484-2 -data family 
Execute     db_write -model dct -f -o C:/Users/duong/Desktop/xup_high_level_synthesis_design_flow-main/source/lab3/dct_array_partition/dct/hls/.autopilot/db/dct.adb 
Execute     db_write -model dct -bindview -o C:/Users/duong/Desktop/xup_high_level_synthesis_design_flow-main/source/lab3/dct_array_partition/dct/hls/.autopilot/db/design.bindinfo.xml 
Execute     gen_tb_info dct -p C:/Users/duong/Desktop/xup_high_level_synthesis_design_flow-main/source/lab3/dct_array_partition/dct/hls/.autopilot/db -o C:/Users/duong/Desktop/xup_high_level_synthesis_design_flow-main/source/lab3/dct_array_partition/dct/hls/.autopilot/db/dct 
Execute     export_constraint_db -f -tool general -o C:/Users/duong/Desktop/xup_high_level_synthesis_design_flow-main/source/lab3/dct_array_partition/dct/hls/.autopilot/db/dct.constraint.tcl 
Execute     syn_report -designview -model dct -o C:/Users/duong/Desktop/xup_high_level_synthesis_design_flow-main/source/lab3/dct_array_partition/dct/hls/.autopilot/db/dct.design.xml 
Command     syn_report done; 0.103 sec.
Execute     syn_report -csynthDesign -model dct -o C:/Users/duong/Desktop/xup_high_level_synthesis_design_flow-main/source/lab3/dct_array_partition/dct/hls/syn/report/csynth.rpt -MHOut C:/Users/duong/Desktop/xup_high_level_synthesis_design_flow-main/source/lab3/dct_array_partition/dct/hls/.autopilot/db/kernel_module_hierarchy.tcl 
Execute       list_part -family xc7a35t-fgg484-2 
Execute         ap_family_info -name xc7a35t-fgg484-2 -data names 
Execute         ap_part_info -quiet -name xc7a35t-fgg484-2 -data family 
Execute     syn_report -wcfg -model dct -o C:/Users/duong/Desktop/xup_high_level_synthesis_design_flow-main/source/lab3/dct_array_partition/dct/hls/.autopilot/db/dct_dataflow_ana.wcfg 
Execute     syn_report -protoinst -model dct -o C:/Users/duong/Desktop/xup_high_level_synthesis_design_flow-main/source/lab3/dct_array_partition/dct/hls/.autopilot/db/dct.protoinst 
Execute     sc_get_clocks dct 
Execute     sc_get_portdomain dct 
INFO-FLOW: Model list for RTL component generation: read_data dct_2d write_data dct
INFO-FLOW: Handling components in module [read_data] ... 
Execute     source C:/Users/duong/Desktop/xup_high_level_synthesis_design_flow-main/source/lab3/dct_array_partition/dct/hls/.autopilot/db/read_data.compgen.tcl 
INFO-FLOW: Handling components in module [dct_2d] ... 
Execute     source C:/Users/duong/Desktop/xup_high_level_synthesis_design_flow-main/source/lab3/dct_array_partition/dct/hls/.autopilot/db/dct_2d.compgen.tcl 
INFO-FLOW: Found component dct_mul_16s_15ns_29_1_1.
INFO-FLOW: Append model dct_mul_16s_15ns_29_1_1
INFO-FLOW: Found component dct_mul_16s_15s_29_1_1.
INFO-FLOW: Append model dct_mul_16s_15s_29_1_1
INFO-FLOW: Found component dct_mul_17s_14ns_29_1_1.
INFO-FLOW: Append model dct_mul_17s_14ns_29_1_1
INFO-FLOW: Found component dct_mul_17s_13ns_29_1_1.
INFO-FLOW: Append model dct_mul_17s_13ns_29_1_1
INFO-FLOW: Found component dct_mac_muladd_16s_15s_29s_29_4_1.
INFO-FLOW: Append model dct_mac_muladd_16s_15s_29s_29_4_1
INFO-FLOW: Found component dct_mac_muladd_16s_14ns_29s_29_4_1.
INFO-FLOW: Append model dct_mac_muladd_16s_14ns_29s_29_4_1
INFO-FLOW: Found component dct_mac_muladd_16s_15s_13ns_29_4_1.
INFO-FLOW: Append model dct_mac_muladd_16s_15s_13ns_29_4_1
INFO-FLOW: Found component dct_mac_muladd_17s_13ns_13ns_29_4_1.
INFO-FLOW: Append model dct_mac_muladd_17s_13ns_13ns_29_4_1
INFO-FLOW: Found component dct_mac_muladd_17s_12ns_13ns_29_4_1.
INFO-FLOW: Append model dct_mac_muladd_17s_12ns_13ns_29_4_1
INFO-FLOW: Found component dct_ama_submuladd_16s_16s_12ns_29s_29_4_1.
INFO-FLOW: Append model dct_ama_submuladd_16s_16s_12ns_29s_29_4_1
INFO-FLOW: Found component dct_ama_submuladd_16s_16s_13ns_29s_29_4_1.
INFO-FLOW: Append model dct_ama_submuladd_16s_16s_13ns_29s_29_4_1
INFO-FLOW: Found component dct_mac_muladd_17s_12ns_29s_29_4_1.
INFO-FLOW: Append model dct_mac_muladd_17s_12ns_29s_29_4_1
INFO-FLOW: Found component dct_mac_muladd_17s_13ns_29s_29_4_1.
INFO-FLOW: Append model dct_mac_muladd_17s_13ns_29s_29_4_1
INFO-FLOW: Found component dct_mac_muladd_18s_14ns_13ns_29_4_1.
INFO-FLOW: Append model dct_mac_muladd_18s_14ns_13ns_29_4_1
INFO-FLOW: Found component dct_mac_muladd_18s_13ns_13ns_29_4_1.
INFO-FLOW: Append model dct_mac_muladd_18s_13ns_13ns_29_4_1
INFO-FLOW: Found component dct_ama_addmuladd_18s_16s_13ns_29s_29_4_1.
INFO-FLOW: Append model dct_ama_addmuladd_18s_16s_13ns_29s_29_4_1
INFO-FLOW: Found component dct_ama_submuladd_18s_16s_14ns_29s_29_4_1.
INFO-FLOW: Append model dct_ama_submuladd_18s_16s_14ns_29s_29_4_1
INFO-FLOW: Found component dct_mac_muladd_16s_14ns_13ns_29_4_1.
INFO-FLOW: Append model dct_mac_muladd_16s_14ns_13ns_29_4_1
INFO-FLOW: Handling components in module [write_data] ... 
Execute     source C:/Users/duong/Desktop/xup_high_level_synthesis_design_flow-main/source/lab3/dct_array_partition/dct/hls/.autopilot/db/write_data.compgen.tcl 
INFO-FLOW: Handling components in module [dct] ... 
Execute     source C:/Users/duong/Desktop/xup_high_level_synthesis_design_flow-main/source/lab3/dct_array_partition/dct/hls/.autopilot/db/dct.compgen.tcl 
INFO-FLOW: Found component dct_buf_2d_in_RAM_AUTO_1R1W.
INFO-FLOW: Append model dct_buf_2d_in_RAM_AUTO_1R1W
INFO-FLOW: Append model read_data
INFO-FLOW: Append model dct_2d
INFO-FLOW: Append model write_data
INFO-FLOW: Append model dct
INFO-FLOW: Generating RTL model list ...
INFO-FLOW: All models in this session: dct_mul_16s_15ns_29_1_1 dct_mul_16s_15s_29_1_1 dct_mul_17s_14ns_29_1_1 dct_mul_17s_13ns_29_1_1 dct_mac_muladd_16s_15s_29s_29_4_1 dct_mac_muladd_16s_14ns_29s_29_4_1 dct_mac_muladd_16s_15s_13ns_29_4_1 dct_mac_muladd_17s_13ns_13ns_29_4_1 dct_mac_muladd_17s_12ns_13ns_29_4_1 dct_ama_submuladd_16s_16s_12ns_29s_29_4_1 dct_ama_submuladd_16s_16s_13ns_29s_29_4_1 dct_mac_muladd_17s_12ns_29s_29_4_1 dct_mac_muladd_17s_13ns_29s_29_4_1 dct_mac_muladd_18s_14ns_13ns_29_4_1 dct_mac_muladd_18s_13ns_13ns_29_4_1 dct_ama_addmuladd_18s_16s_13ns_29s_29_4_1 dct_ama_submuladd_18s_16s_14ns_29s_29_4_1 dct_mac_muladd_16s_14ns_13ns_29_4_1 dct_buf_2d_in_RAM_AUTO_1R1W read_data dct_2d write_data dct
INFO-FLOW: Generating C:/Users/duong/Desktop/xup_high_level_synthesis_design_flow-main/source/lab3/dct_array_partition/dct/hls/.autopilot/db/autopilot.rtl.models.txt file...
INFO-FLOW: To file: write model dct_mul_16s_15ns_29_1_1
INFO-FLOW: To file: write model dct_mul_16s_15s_29_1_1
INFO-FLOW: To file: write model dct_mul_17s_14ns_29_1_1
INFO-FLOW: To file: write model dct_mul_17s_13ns_29_1_1
INFO-FLOW: To file: write model dct_mac_muladd_16s_15s_29s_29_4_1
INFO-FLOW: To file: write model dct_mac_muladd_16s_14ns_29s_29_4_1
INFO-FLOW: To file: write model dct_mac_muladd_16s_15s_13ns_29_4_1
INFO-FLOW: To file: write model dct_mac_muladd_17s_13ns_13ns_29_4_1
INFO-FLOW: To file: write model dct_mac_muladd_17s_12ns_13ns_29_4_1
INFO-FLOW: To file: write model dct_ama_submuladd_16s_16s_12ns_29s_29_4_1
INFO-FLOW: To file: write model dct_ama_submuladd_16s_16s_13ns_29s_29_4_1
INFO-FLOW: To file: write model dct_mac_muladd_17s_12ns_29s_29_4_1
INFO-FLOW: To file: write model dct_mac_muladd_17s_13ns_29s_29_4_1
INFO-FLOW: To file: write model dct_mac_muladd_18s_14ns_13ns_29_4_1
INFO-FLOW: To file: write model dct_mac_muladd_18s_13ns_13ns_29_4_1
INFO-FLOW: To file: write model dct_ama_addmuladd_18s_16s_13ns_29s_29_4_1
INFO-FLOW: To file: write model dct_ama_submuladd_18s_16s_14ns_29s_29_4_1
INFO-FLOW: To file: write model dct_mac_muladd_16s_14ns_13ns_29_4_1
INFO-FLOW: To file: write model dct_buf_2d_in_RAM_AUTO_1R1W
INFO-FLOW: To file: write model read_data
INFO-FLOW: To file: write model dct_2d
INFO-FLOW: To file: write model write_data
INFO-FLOW: To file: write model dct
INFO-FLOW: Generating C:/Users/duong/Desktop/xup_high_level_synthesis_design_flow-main/source/lab3/dct_array_partition/dct/hls/.autopilot/db/autopilot.rtl.models.tcl file...
INFO-FLOW: Finished generating RTL model list.


INFO-FLOW: RTL Generation done.
INFO-FLOW: CAS Generation done.
INFO-FLOW: CBC Generation done.
Execute     AP::msg_collection_file -close 
INFO-FLOW: DBG:PROC: ::AESL_AUTOMG::auto_generate_csynth_design
INFO-FLOW: DBG:PUTS: read_platform_lib C:/Users/duong/Desktop/xup_high_level_synthesis_design_flow-main/source/lab3/dct_array_partition/dct/hls/.autopilot/db/global.setting.tcl
Execute     source D:/movies/2025.2/Vitis/common/technology/generic/autopilot/common.gen 
Execute       source D:/movies/2025.2/Vitis/common/technology/generic/autopilot/APCoreGen.gen 
Execute     source D:/movies/2025.2/Vitis/common/technology/generic/autopilot/op.gen 
Execute     source D:/movies/2025.2/Vitis/common/technology/generic/autopilot/op_simcore.gen 
Execute     source D:/movies/2025.2/Vitis/common/technology/generic/autopilot/interface.gen 
Execute     source C:/Users/duong/Desktop/xup_high_level_synthesis_design_flow-main/source/lab3/dct_array_partition/dct/hls/.autopilot/db/global.setting.tcl 
Execute     ap_family_info -name artix7 -data parts 
Execute     ap_part_info -name xc7a12ticsg325-1L -data info 
Execute     source D:/movies/2025.2/Vitis/common/technology/xilinx/common/xilinx.gen 
Execute       source D:/movies/2025.2/Vitis/common/technology/xilinx/interface/plb46.gen 
Execute       source D:/movies/2025.2/Vitis/common/technology/xilinx/interface/axi4.gen 
Execute       source D:/movies/2025.2/Vitis/common/technology/xilinx/interface/nativeAXI4.gen 
Execute         source D:/movies/2025.2/Vitis/common/technology/xilinx/interface/saxilite.gen 
Execute       source D:/movies/2025.2/Vitis/common/technology/xilinx/scripts/xilinxcoregen.gen 
Execute       source D:/movies/2025.2/Vitis/common/technology/xilinx/interface/XilEDKCoreGen.gen 
Execute       source D:/movies/2025.2/Vitis/common/technology/xilinx/ip/dds_compiler.gen 
Execute       source D:/movies/2025.2/Vitis/common/technology/xilinx/ip/util.gen 
Execute       source D:/movies/2025.2/Vitis/common/technology/xilinx/ip/xfft.gen 
Execute       source D:/movies/2025.2/Vitis/common/technology/xilinx/ip/xfir.gen 
Execute       source D:/movies/2025.2/Vitis/common/technology/xilinx/DSP48/dsp48.gen 
INFO-FLOW: DBG:PUTS:   using AESL_AUTOCG::g_clock_period=10.000 (was NA)
INFO-FLOW: DBG:PROC: ::AESL_AUTOMG::generate_ip_cores gen_sim_model='1' gen_fp_models='0' gen_for_export='0' dstSCDir='' dstVhdlDir='C:/Users/duong/Desktop/xup_high_level_synthesis_design_flow-main/source/lab3/dct_array_partition/dct/hls/.autopilot/db/vhdl' dstVlogDir='C:/Users/duong/Desktop/xup_high_level_synthesis_design_flow-main/source/lab3/dct_array_partition/dct/hls/.autopilot/db/vlog' tclDir='C:/Users/duong/Desktop/xup_high_level_synthesis_design_flow-main/source/lab3/dct_array_partition/dct/hls/.autopilot/db' modelList='dct_mul_16s_15ns_29_1_1
dct_mul_16s_15s_29_1_1
dct_mul_17s_14ns_29_1_1
dct_mul_17s_13ns_29_1_1
dct_mac_muladd_16s_15s_29s_29_4_1
dct_mac_muladd_16s_14ns_29s_29_4_1
dct_mac_muladd_16s_15s_13ns_29_4_1
dct_mac_muladd_17s_13ns_13ns_29_4_1
dct_mac_muladd_17s_12ns_13ns_29_4_1
dct_ama_submuladd_16s_16s_12ns_29s_29_4_1
dct_ama_submuladd_16s_16s_13ns_29s_29_4_1
dct_mac_muladd_17s_12ns_29s_29_4_1
dct_mac_muladd_17s_13ns_29s_29_4_1
dct_mac_muladd_18s_14ns_13ns_29_4_1
dct_mac_muladd_18s_13ns_13ns_29_4_1
dct_ama_addmuladd_18s_16s_13ns_29s_29_4_1
dct_ama_submuladd_18s_16s_14ns_29s_29_4_1
dct_mac_muladd_16s_14ns_13ns_29_4_1
dct_buf_2d_in_RAM_AUTO_1R1W
read_data
dct_2d
write_data
dct
' expOnly='0'
Execute     source C:/Users/duong/Desktop/xup_high_level_synthesis_design_flow-main/source/lab3/dct_array_partition/dct/hls/.autopilot/db/global.setting.tcl 
Execute     ap_part_info -name xc7a35t-fgg484-2 -data names -quiet 
Execute     ap_part_info -name xc7a35t-fgg484-2 -data info -quiet 
Execute     source C:/Users/duong/Desktop/xup_high_level_synthesis_design_flow-main/source/lab3/dct_array_partition/dct/hls/.autopilot/db/global.setting.tcl 
Execute     source C:/Users/duong/Desktop/xup_high_level_synthesis_design_flow-main/source/lab3/dct_array_partition/dct/hls/.autopilot/db/global.setting.tcl 
Execute     source C:/Users/duong/Desktop/xup_high_level_synthesis_design_flow-main/source/lab3/dct_array_partition/dct/hls/.autopilot/db/read_data.compgen.tcl 
Execute     source C:/Users/duong/Desktop/xup_high_level_synthesis_design_flow-main/source/lab3/dct_array_partition/dct/hls/.autopilot/db/dct_2d.compgen.tcl 
Execute     source C:/Users/duong/Desktop/xup_high_level_synthesis_design_flow-main/source/lab3/dct_array_partition/dct/hls/.autopilot/db/write_data.compgen.tcl 
Execute     source C:/Users/duong/Desktop/xup_high_level_synthesis_design_flow-main/source/lab3/dct_array_partition/dct/hls/.autopilot/db/dct.compgen.tcl 
INFO: [HLS 200-111] Finished Generating all RTL models: CPU user time: 0 seconds. CPU system time: 1 seconds. Elapsed time: 1.022 seconds; current allocated memory: 333.637 MB.
INFO-FLOW: DBG:PROC: ::HLSREPORTS::create_csynth_xml bind_info_var='bind_info' RtlSubPrefix='dct_' outfile=''
INFO-FLOW: Running: create_csynth_xml read xml data
INFO-FLOW: Done: create_csynth_xml read xml data time: 0 seconds 
INFO-FLOW: create_csynth_xml: all_module_nodes count=4
INFO-FLOW: Running: create_csynth_xml bind info
INFO-FLOW: create_csynth_xml: all_bind_nodes count=1106
INFO-FLOW: No bind nodes found for module_name read_data
INFO-FLOW: No bind nodes found for module_name write_data
INFO-FLOW: Done: create_csynth_xml bind info time: 0.2 seconds 
INFO-FLOW: create_csynth_xml: bind_instances counts: modules=2 instances=1104
INFO-FLOW: Running: create_csynth_xml update csynth_xml_module_hier
INFO-FLOW: Done: create_csynth_xml update csynth_xml_module_hier time: 0 seconds 
INFO-FLOW: create_csynth_xml: csynth_xml_module_hier max_depth=3
INFO-FLOW: Running: create_csynth_xml gen bind_report_dict
INFO-FLOW: Done: create_csynth_xml gen bind_report_dict time: 0 seconds 
INFO-FLOW: Running: create_csynth_xml config info
INFO-FLOW: Done: create_csynth_xml config info time: 0.8 seconds 
INFO-FLOW: Running: create_csynth_xml write xml
INFO-FLOW: Done: create_csynth_xml write xml time: 0 seconds 
INFO-FLOW: DBG:PUTS:      create_csynth_xml wrote csynth_xml=C:/Users/duong/Desktop/xup_high_level_synthesis_design_flow-main/source/lab3/dct_array_partition/dct/hls/syn/report/csynth.xml
INFO-FLOW: Running: generate_json
INFO-FLOW: DBG:PROC: ::AP::DESIGN_DATA::generate_json generate_bd_files='0' generate_xo_files='0' modelList='dct_mul_16s_15ns_29_1_1
dct_mul_16s_15s_29_1_1
dct_mul_17s_14ns_29_1_1
dct_mul_17s_13ns_29_1_1
dct_mac_muladd_16s_15s_29s_29_4_1
dct_mac_muladd_16s_14ns_29s_29_4_1
dct_mac_muladd_16s_15s_13ns_29_4_1
dct_mac_muladd_17s_13ns_13ns_29_4_1
dct_mac_muladd_17s_12ns_13ns_29_4_1
dct_ama_submuladd_16s_16s_12ns_29s_29_4_1
dct_ama_submuladd_16s_16s_13ns_29s_29_4_1
dct_mac_muladd_17s_12ns_29s_29_4_1
dct_mac_muladd_17s_13ns_29s_29_4_1
dct_mac_muladd_18s_14ns_13ns_29_4_1
dct_mac_muladd_18s_13ns_13ns_29_4_1
dct_ama_addmuladd_18s_16s_13ns_29s_29_4_1
dct_ama_submuladd_18s_16s_14ns_29s_29_4_1
dct_mac_muladd_16s_14ns_13ns_29_4_1
dct_buf_2d_in_RAM_AUTO_1R1W
read_data
dct_2d
write_data
dct
' rtl_lang='both' bootstrap_tcl='false' outdir='' outfilename=''
Execute     source C:/Users/duong/Desktop/xup_high_level_synthesis_design_flow-main/source/lab3/dct_array_partition/dct/hls/.autopilot/db/global.setting.tcl 
Execute     source C:/Users/duong/Desktop/xup_high_level_synthesis_design_flow-main/source/lab3/dct_array_partition/dct/hls/.autopilot/db/global.setting.tcl 
Execute     source C:/Users/duong/Desktop/xup_high_level_synthesis_design_flow-main/source/lab3/dct_array_partition/dct/hls/.autopilot/db/top-io-be.tcl 
Execute     source C:/Users/duong/Desktop/xup_high_level_synthesis_design_flow-main/source/lab3/dct_array_partition/dct/hls/.autopilot/db/dct.tbgen.tcl 
Execute     source C:/Users/duong/Desktop/xup_high_level_synthesis_design_flow-main/source/lab3/dct_array_partition/dct/hls/.autopilot/db/dct.rtl_wrap.cfg.tcl 
Execute     source C:/Users/duong/Desktop/xup_high_level_synthesis_design_flow-main/source/lab3/dct_array_partition/dct/hls/.autopilot/db/dct.compgen.dataonly.tcl 
Execute     source C:/Users/duong/Desktop/xup_high_level_synthesis_design_flow-main/source/lab3/dct_array_partition/dct/hls/.autopilot/db/read_data.tbgen.tcl 
Execute     source C:/Users/duong/Desktop/xup_high_level_synthesis_design_flow-main/source/lab3/dct_array_partition/dct/hls/.autopilot/db/dct_2d.tbgen.tcl 
Execute     source C:/Users/duong/Desktop/xup_high_level_synthesis_design_flow-main/source/lab3/dct_array_partition/dct/hls/.autopilot/db/write_data.tbgen.tcl 
Execute     source C:/Users/duong/Desktop/xup_high_level_synthesis_design_flow-main/source/lab3/dct_array_partition/dct/hls/.autopilot/db/dct.tbgen.tcl 
Execute     source C:/Users/duong/Desktop/xup_high_level_synthesis_design_flow-main/source/lab3/dct_array_partition/dct/hls/.autopilot/db/global.setting.tcl 
Execute     ap_part_info -name xc7a35t-fgg484-2 -data names -quiet 
Execute     ap_part_info -name xc7a35t-fgg484-2 -data info -quiet 
Execute     source C:/Users/duong/Desktop/xup_high_level_synthesis_design_flow-main/source/lab3/dct_array_partition/dct/hls/.autopilot/db/dct.constraint.tcl 
Execute     sc_get_clocks dct 
Execute     source C:/Users/duong/Desktop/xup_high_level_synthesis_design_flow-main/source/lab3/dct_array_partition/dct/hls/.autopilot/db/global.setting.tcl 
Execute     source D:/movies/2025.2/Vitis/tps/tcl/tcllib2.0/fileutil/fileutil.tcl 
INFO-FLOW: Done: generate_json time: 0.3 seconds 
INFO-FLOW: Running: add_csynth_report_sections
INFO-FLOW: DBG:PROC: ::HLSREPORTS::add_csynth_report_sections bind_info_dict='adapter_nodes {} cache_nodes {} report_dict {TOPINST dct MODULE2INSTS {dct dct read_data grp_read_data_fu_60 dct_2d grp_dct_2d_fu_82 write_data grp_write_data_fu_94} INST2MODULE {dct dct grp_read_data_fu_60 read_data grp_dct_2d_fu_82 dct_2d grp_write_data_fu_94 write_data} INSTDATA {dct {DEPTH 1 CHILDREN {grp_read_data_fu_60 grp_dct_2d_fu_82 grp_write_data_fu_94}} grp_read_data_fu_60 {DEPTH 2 CHILDREN {}} grp_dct_2d_fu_82 {DEPTH 2 CHILDREN {}} grp_write_data_fu_94 {DEPTH 2 CHILDREN {}}} MODULEDATA {dct_2d {BINDINFO {{BINDTYPE op ID {} IMPL fabric LATENCY 0 OPTYPE add PRAGMA {} RTLNAME grp_fu_722_p2 SOURCE ../dct.c:46 VARIABLE tmp4 LOOP {} BUNDLEDNAME {} DSP 0 BRAM 0 URAM 0 STORAGESUBTYPE {} DISPNAME {bind_op add} VISIBLE true} {BINDTYPE op ID {} IMPL fabric LATENCY 0 OPTYPE add PRAGMA {} RTLNAME grp_fu_825_p2 SOURCE ../dct.c:46 VARIABLE tmp2 LOOP {} BUNDLEDNAME {} DSP 0 BRAM 0 URAM 0 STORAGESUBTYPE {} DISPNAME {bind_op add} VISIBLE true} {BINDTYPE op ID {} IMPL fabric LATENCY 0 OPTYPE add PRAGMA {} RTLNAME add_ln48_fu_1567_p2 SOURCE ../dct.c:48 VARIABLE add_ln48 LOOP {} BUNDLEDNAME {} DSP 0 BRAM 0 URAM 0 STORAGESUBTYPE {} DISPNAME {bind_op add} VISIBLE true} {BINDTYPE op ID {} IMPL auto LATENCY 0 OPTYPE mul PRAGMA {} RTLNAME mul_16s_15ns_29_1_1_U22 SOURCE ../dct.c:48 VARIABLE mul_ln48 LOOP {} BUNDLEDNAME {} DSP 1 BRAM 0 URAM 0 STORAGESUBTYPE {} DISPNAME {bind_op mul} VISIBLE true} {BINDTYPE op ID {} IMPL dsp_slice LATENCY 3 OPTYPE mul PRAGMA {} RTLNAME mac_muladd_16s_15s_13ns_29_4_1_U154 SOURCE ../dct.c:48 VARIABLE mul_ln48_1 LOOP {} BUNDLEDNAME {} DSP 1 BRAM 0 URAM 0 STORAGESUBTYPE {} DISPNAME {bind_op mul} VISIBLE true} {BINDTYPE op ID {} IMPL dsp_slice LATENCY 3 OPTYPE mul PRAGMA {} RTLNAME mac_muladd_16s_15s_29s_29_4_1_U138 SOURCE ../dct.c:48 VARIABLE mul_ln48_2 LOOP {} BUNDLEDNAME {} DSP 1 BRAM 0 URAM 0 STORAGESUBTYPE {} DISPNAME {bind_op mul} VISIBLE true} {BINDTYPE op ID {} IMPL dsp_slice LATENCY 3 OPTYPE mul PRAGMA {} RTLNAME mac_muladd_16s_14ns_29s_29_4_1_U188 SOURCE ../dct.c:48 VARIABLE mul_ln48_3 LOOP {} BUNDLEDNAME {} DSP 1 BRAM 0 URAM 0 STORAGESUBTYPE {} DISPNAME {bind_op mul} VISIBLE true} {BINDTYPE op ID {} IMPL dsp_slice LATENCY 3 OPTYPE sub PRAGMA {} RTLNAME ama_submuladd_16s_16s_12ns_29s_29_4_1_U155 SOURCE ../dct.c:46 VARIABLE tmp8 LOOP {} BUNDLEDNAME {} DSP 1 BRAM 0 URAM 0 STORAGESUBTYPE {} DISPNAME {bind_op sub} VISIBLE true} {BINDTYPE op ID {} IMPL dsp_slice LATENCY 3 OPTYPE sext PRAGMA {} RTLNAME ama_submuladd_16s_16s_12ns_29s_29_4_1_U155 SOURCE ../dct.c:46 VARIABLE tmp8_cast LOOP {} BUNDLEDNAME {} DSP 1 BRAM 0 URAM 0 STORAGESUBTYPE {} DISPNAME {bind_op sext} VISIBLE false} {BINDTYPE op ID {} IMPL dsp_slice LATENCY 3 OPTYPE mul PRAGMA {} RTLNAME ama_submuladd_16s_16s_12ns_29s_29_4_1_U155 SOURCE ../dct.c:46 VARIABLE tmp9 LOOP {} BUNDLEDNAME {} DSP 1 BRAM 0 URAM 0 STORAGESUBTYPE {} DISPNAME {bind_op mul} VISIBLE true} {BINDTYPE op ID {} IMPL fabric LATENCY 0 OPTYPE sub PRAGMA {} RTLNAME tmp11_fu_1058_p2 SOURCE ../dct.c:46 VARIABLE tmp11 LOOP {} BUNDLEDNAME {} DSP 0 BRAM 0 URAM 0 STORAGESUBTYPE {} DISPNAME {bind_op sub} VISIBLE true} {BINDTYPE op ID {} IMPL auto LATENCY 0 OPTYPE mul PRAGMA {} RTLNAME mul_17s_14ns_29_1_1_U38 SOURCE ../dct.c:48 VARIABLE mul_ln48_4 LOOP {} BUNDLEDNAME {} DSP 1 BRAM 0 URAM 0 STORAGESUBTYPE {} DISPNAME {bind_op mul} VISIBLE true} {BINDTYPE op ID {} IMPL dsp_slice LATENCY 3 OPTYPE add PRAGMA {} RTLNAME ama_submuladd_16s_16s_12ns_29s_29_4_1_U155 SOURCE ../dct.c:48 VARIABLE add_ln48_1 LOOP {} BUNDLEDNAME {} DSP 1 BRAM 0 URAM 0 STORAGESUBTYPE {} DISPNAME {bind_op add} VISIBLE true} {BINDTYPE op ID {} IMPL dsp_slice LATENCY 3 OPTYPE add PRAGMA {} RTLNAME mac_muladd_16s_14ns_29s_29_4_1_U188 SOURCE ../dct.c:48 VARIABLE add_ln48_2 LOOP {} BUNDLEDNAME {} DSP 1 BRAM 0 URAM 0 STORAGESUBTYPE {} DISPNAME {bind_op add} VISIBLE true} {BINDTYPE op ID {} IMPL dsp_slice LATENCY 3 OPTYPE add PRAGMA {} RTLNAME mac_muladd_16s_15s_29s_29_4_1_U138 SOURCE ../dct.c:48 VARIABLE add_ln48_3 LOOP {} BUNDLEDNAME {} DSP 1 BRAM 0 URAM 0 STORAGESUBTYPE {} DISPNAME {bind_op add} VISIBLE true} {BINDTYPE op ID {} IMPL dsp_slice LATENCY 3 OPTYPE add PRAGMA {} RTLNAME mac_muladd_16s_15s_13ns_29_4_1_U154 SOURCE ../dct.c:48 VARIABLE add_ln48_4 LOOP {} BUNDLEDNAME {} DSP 1 BRAM 0 URAM 0 STORAGESUBTYPE {} DISPNAME {bind_op add} VISIBLE true} {BINDTYPE op ID {} IMPL fabric LATENCY 0 OPTYPE sub PRAGMA {} RTLNAME tmp15_fu_1596_p2 SOURCE ../dct.c:46 VARIABLE tmp15 LOOP {} BUNDLEDNAME {} DSP 0 BRAM 0 URAM 0 STORAGESUBTYPE {} DISPNAME {bind_op sub} VISIBLE true} {BINDTYPE op ID {} IMPL fabric LATENCY 0 OPTYPE sub PRAGMA {} RTLNAME tmp16_fu_1604_p2 SOURCE ../dct.c:46 VARIABLE tmp16 LOOP {} BUNDLEDNAME {} DSP 0 BRAM 0 URAM 0 STORAGESUBTYPE {} DISPNAME {bind_op sub} VISIBLE true} {BINDTYPE op ID {} IMPL dsp_slice LATENCY 3 OPTYPE add PRAGMA {} RTLNAME ama_addmuladd_18s_16s_13ns_29s_29_4_1_U234 SOURCE ../dct.c:46 VARIABLE tmp17 LOOP {} BUNDLEDNAME {} DSP 1 BRAM 0 URAM 0 STORAGESUBTYPE {} DISPNAME {bind_op add} VISIBLE true} {BINDTYPE op ID {} IMPL dsp_slice LATENCY 3 OPTYPE sext PRAGMA {} RTLNAME ama_addmuladd_18s_16s_13ns_29s_29_4_1_U234 SOURCE ../dct.c:46 VARIABLE tmp17_cast LOOP {} BUNDLEDNAME {} DSP 1 BRAM 0 URAM 0 STORAGESUBTYPE {} DISPNAME {bind_op sext} VISIBLE false} {BINDTYPE op ID {} IMPL dsp_slice LATENCY 3 OPTYPE mul PRAGMA {} RTLNAME ama_addmuladd_18s_16s_13ns_29s_29_4_1_U234 SOURCE ../dct.c:46 VARIABLE tmp18 LOOP {} BUNDLEDNAME {} DSP 1 BRAM 0 URAM 0 STORAGESUBTYPE {} DISPNAME {bind_op mul} VISIBLE true} {BINDTYPE op ID {} IMPL fabric LATENCY 0 OPTYPE sub PRAGMA {} RTLNAME tmp21_fu_1064_p2 SOURCE ../dct.c:46 VARIABLE tmp21 LOOP {} BUNDLEDNAME {} DSP 0 BRAM 0 URAM 0 STORAGESUBTYPE {} DISPNAME {bind_op sub} VISIBLE true} {BINDTYPE op ID {} IMPL dsp_slice LATENCY 3 OPTYPE mul PRAGMA {} RTLNAME mac_muladd_18s_14ns_13ns_29_4_1_U189 SOURCE ../dct.c:48 VARIABLE mul_ln48_5 LOOP {} BUNDLEDNAME {} DSP 1 BRAM 0 URAM 0 STORAGESUBTYPE {} DISPNAME {bind_op mul} VISIBLE true} {BINDTYPE op ID {} IMPL dsp_slice LATENCY 3 OPTYPE add PRAGMA {} RTLNAME mac_muladd_18s_14ns_13ns_29_4_1_U189 SOURCE ../dct.c:48 VARIABLE add_ln48_7 LOOP {} BUNDLEDNAME {} DSP 1 BRAM 0 URAM 0 STORAGESUBTYPE {} DISPNAME {bind_op add} VISIBLE true} {BINDTYPE op ID {} IMPL dsp_slice LATENCY 3 OPTYPE add PRAGMA {} RTLNAME ama_addmuladd_18s_16s_13ns_29s_29_4_1_U234 SOURCE ../dct.c:48 VARIABLE add_ln48_8 LOOP {} BUNDLEDNAME {} DSP 1 BRAM 0 URAM 0 STORAGESUBTYPE {} DISPNAME {bind_op add} VISIBLE true} {BINDTYPE op ID {} IMPL dsp_slice LATENCY 3 OPTYPE mul PRAGMA {} RTLNAME mac_muladd_16s_15s_13ns_29_4_1_U156 SOURCE ../dct.c:48 VARIABLE mul_ln48_6 LOOP {} BUNDLEDNAME {} DSP 1 BRAM 0 URAM 0 STORAGESUBTYPE {} DISPNAME {bind_op mul} VISIBLE true} {BINDTYPE op ID {} IMPL auto LATENCY 0 OPTYPE mul PRAGMA {} RTLNAME mul_16s_15ns_29_1_1_U23 SOURCE ../dct.c:48 VARIABLE mul_ln48_7 LOOP {} BUNDLEDNAME {} DSP 1 BRAM 0 URAM 0 STORAGESUBTYPE {} DISPNAME {bind_op mul} VISIBLE true} {BINDTYPE op ID {} IMPL auto LATENCY 0 OPTYPE mul PRAGMA {} RTLNAME mul_16s_15s_29_1_1_U24 SOURCE ../dct.c:48 VARIABLE mul_ln48_8 LOOP {} BUNDLEDNAME {} DSP 1 BRAM 0 URAM 0 STORAGESUBTYPE {} DISPNAME {bind_op mul} VISIBLE true} {BINDTYPE op ID {} IMPL dsp_slice LATENCY 3 OPTYPE mul PRAGMA {} RTLNAME mac_muladd_16s_14ns_29s_29_4_1_U190 SOURCE ../dct.c:48 VARIABLE mul_ln48_9 LOOP {} BUNDLEDNAME {} DSP 1 BRAM 0 URAM 0 STORAGESUBTYPE {} DISPNAME {bind_op mul} VISIBLE true} {BINDTYPE op ID {} IMPL dsp_slice LATENCY 3 OPTYPE sub PRAGMA {} RTLNAME ama_submuladd_16s_16s_13ns_29s_29_4_1_U157 SOURCE ../dct.c:46 VARIABLE tmp26 LOOP {} BUNDLEDNAME {} DSP 1 BRAM 0 URAM 0 STORAGESUBTYPE {} DISPNAME {bind_op sub} VISIBLE true} {BINDTYPE op ID {} IMPL dsp_slice LATENCY 3 OPTYPE sext PRAGMA {} RTLNAME ama_submuladd_16s_16s_13ns_29s_29_4_1_U157 SOURCE ../dct.c:46 VARIABLE tmp26_cast LOOP {} BUNDLEDNAME {} DSP 1 BRAM 0 URAM 0 STORAGESUBTYPE {} DISPNAME {bind_op sext} VISIBLE false} {BINDTYPE op ID {} IMPL dsp_slice LATENCY 3 OPTYPE mul PRAGMA {} RTLNAME ama_submuladd_16s_16s_13ns_29s_29_4_1_U157 SOURCE ../dct.c:46 VARIABLE tmp27 LOOP {} BUNDLEDNAME {} DSP 1 BRAM 0 URAM 0 STORAGESUBTYPE {} DISPNAME {bind_op mul} VISIBLE true} {BINDTYPE op ID {} IMPL fabric LATENCY 0 OPTYPE sub PRAGMA {} RTLNAME tmp29_fu_1106_p2 SOURCE ../dct.c:46 VARIABLE tmp29 LOOP {} BUNDLEDNAME {} DSP 0 BRAM 0 URAM 0 STORAGESUBTYPE {} DISPNAME {bind_op sub} VISIBLE true} {BINDTYPE op ID {} IMPL dsp_slice LATENCY 3 OPTYPE mul PRAGMA {} RTLNAME mac_muladd_17s_12ns_29s_29_4_1_U158 SOURCE ../dct.c:48 VARIABLE mul_ln48_10 LOOP {} BUNDLEDNAME {} DSP 1 BRAM 0 URAM 0 STORAGESUBTYPE {} DISPNAME {bind_op mul} VISIBLE true} {BINDTYPE op ID {} IMPL dsp_slice LATENCY 3 OPTYPE add PRAGMA {} RTLNAME ama_submuladd_16s_16s_13ns_29s_29_4_1_U157 SOURCE ../dct.c:48 VARIABLE add_ln48_9 LOOP {} BUNDLEDNAME {} DSP 1 BRAM 0 URAM 0 STORAGESUBTYPE {} DISPNAME {bind_op add} VISIBLE true} {BINDTYPE op ID {} IMPL dsp_slice LATENCY 3 OPTYPE add PRAGMA {} RTLNAME mac_muladd_16s_14ns_29s_29_4_1_U190 SOURCE ../dct.c:48 VARIABLE add_ln48_10 LOOP {} BUNDLEDNAME {} DSP 1 BRAM 0 URAM 0 STORAGESUBTYPE {} DISPNAME {bind_op add} VISIBLE true} {BINDTYPE op ID {} IMPL dsp_slice LATENCY 3 OPTYPE add PRAGMA {} RTLNAME mac_muladd_17s_12ns_29s_29_4_1_U158 SOURCE ../dct.c:48 VARIABLE add_ln48_11 LOOP {} BUNDLEDNAME {} DSP 1 BRAM 0 URAM 0 STORAGESUBTYPE {} DISPNAME {bind_op add} VISIBLE true} {BINDTYPE op ID {} IMPL dsp_slice LATENCY 3 OPTYPE add PRAGMA {} RTLNAME mac_muladd_16s_15s_13ns_29_4_1_U156 SOURCE ../dct.c:48 VARIABLE add_ln48_12 LOOP {} BUNDLEDNAME {} DSP 1 BRAM 0 URAM 0 STORAGESUBTYPE {} DISPNAME {bind_op add} VISIBLE true} {BINDTYPE op ID {} IMPL fabric LATENCY 0 OPTYPE add PRAGMA {} RTLNAME tmp31_fu_1116_p2 SOURCE ../dct.c:46 VARIABLE tmp31 LOOP {} BUNDLEDNAME {} DSP 0 BRAM 0 URAM 0 STORAGESUBTYPE {} DISPNAME {bind_op add} VISIBLE true} {BINDTYPE op ID {} IMPL fabric LATENCY 0 OPTYPE sub PRAGMA {} RTLNAME sub_ln48_fu_1637_p2 SOURCE ../dct.c:48 VARIABLE sub_ln48 LOOP {} BUNDLEDNAME {} DSP 0 BRAM 0 URAM 0 STORAGESUBTYPE {} DISPNAME {bind_op sub} VISIBLE true} {BINDTYPE op ID {} IMPL dsp_slice LATENCY 3 OPTYPE mul PRAGMA {} RTLNAME mac_muladd_16s_15s_29s_29_4_1_U159 SOURCE ../dct.c:48 VARIABLE mul_ln48_11 LOOP {} BUNDLEDNAME {} DSP 1 BRAM 0 URAM 0 STORAGESUBTYPE {} DISPNAME {bind_op mul} VISIBLE true} {BINDTYPE op ID {} IMPL dsp_slice LATENCY 3 OPTYPE mul PRAGMA {} RTLNAME mac_muladd_16s_14ns_29s_29_4_1_U139 SOURCE ../dct.c:48 VARIABLE mul_ln48_12 LOOP {} BUNDLEDNAME {} DSP 1 BRAM 0 URAM 0 STORAGESUBTYPE {} DISPNAME {bind_op mul} VISIBLE true} {BINDTYPE op ID {} IMPL dsp_slice LATENCY 3 OPTYPE mul PRAGMA {} RTLNAME mac_muladd_16s_15s_29s_29_4_1_U140 SOURCE ../dct.c:48 VARIABLE mul_ln48_13 LOOP {} BUNDLEDNAME {} DSP 1 BRAM 0 URAM 0 STORAGESUBTYPE {} DISPNAME {bind_op mul} VISIBLE true} {BINDTYPE op ID {} IMPL auto LATENCY 0 OPTYPE mul PRAGMA {} RTLNAME mul_16s_15ns_29_1_1_U25 SOURCE ../dct.c:48 VARIABLE mul_ln48_14 LOOP {} BUNDLEDNAME {} DSP 1 BRAM 0 URAM 0 STORAGESUBTYPE {} DISPNAME {bind_op mul} VISIBLE true} {BINDTYPE op ID {} IMPL auto LATENCY 0 OPTYPE mul PRAGMA {} RTLNAME mul_17s_13ns_29_1_1_U39 SOURCE ../dct.c:46 VARIABLE tmp37 LOOP {} BUNDLEDNAME {} DSP 1 BRAM 0 URAM 0 STORAGESUBTYPE {} DISPNAME {bind_op mul} VISIBLE true} {BINDTYPE op ID {} IMPL fabric LATENCY 0 OPTYPE sub PRAGMA {} RTLNAME tmp39_fu_1136_p2 SOURCE ../dct.c:46 VARIABLE tmp39 LOOP {} BUNDLEDNAME {} DSP 0 BRAM 0 URAM 0 STORAGESUBTYPE {} DISPNAME {bind_op sub} VISIBLE true} {BINDTYPE op ID {} IMPL dsp_slice LATENCY 3 OPTYPE mul PRAGMA {} RTLNAME mac_muladd_17s_13ns_13ns_29_4_1_U160 SOURCE ../dct.c:48 VARIABLE mul_ln48_15 LOOP {} BUNDLEDNAME {} DSP 1 BRAM 0 URAM 0 STORAGESUBTYPE {} DISPNAME {bind_op mul} VISIBLE true} {BINDTYPE op ID {} IMPL dsp_slice LATENCY 3 OPTYPE add PRAGMA {} RTLNAME mac_muladd_16s_15s_29s_29_4_1_U140 SOURCE ../dct.c:48 VARIABLE add_ln48_16 LOOP {} BUNDLEDNAME {} DSP 1 BRAM 0 URAM 0 STORAGESUBTYPE {} DISPNAME {bind_op add} VISIBLE true} {BINDTYPE op ID {} IMPL dsp_slice LATENCY 3 OPTYPE add PRAGMA {} RTLNAME mac_muladd_16s_15s_29s_29_4_1_U159 SOURCE ../dct.c:48 VARIABLE add_ln48_17 LOOP {} BUNDLEDNAME {} DSP 1 BRAM 0 URAM 0 STORAGESUBTYPE {} DISPNAME {bind_op add} VISIBLE true} {BINDTYPE op ID {} IMPL dsp_slice LATENCY 3 OPTYPE add PRAGMA {} RTLNAME mac_muladd_16s_14ns_29s_29_4_1_U139 SOURCE ../dct.c:48 VARIABLE add_ln48_18 LOOP {} BUNDLEDNAME {} DSP 1 BRAM 0 URAM 0 STORAGESUBTYPE {} DISPNAME {bind_op add} VISIBLE true} {BINDTYPE op ID {} IMPL dsp_slice LATENCY 3 OPTYPE add PRAGMA {} RTLNAME mac_muladd_17s_13ns_13ns_29_4_1_U160 SOURCE ../dct.c:48 VARIABLE add_ln48_19 LOOP {} BUNDLEDNAME {} DSP 1 BRAM 0 URAM 0 STORAGESUBTYPE {} DISPNAME {bind_op add} VISIBLE true} {BINDTYPE op ID {} IMPL fabric LATENCY 0 OPTYPE sub PRAGMA {} RTLNAME tmp43_fu_1665_p2 SOURCE ../dct.c:46 VARIABLE tmp43 LOOP {} BUNDLEDNAME {} DSP 0 BRAM 0 URAM 0 STORAGESUBTYPE {} DISPNAME {bind_op sub} VISIBLE true} {BINDTYPE op ID {} IMPL fabric LATENCY 0 OPTYPE add PRAGMA {} RTLNAME tmp44_fu_1673_p2 SOURCE ../dct.c:46 VARIABLE tmp44 LOOP {} BUNDLEDNAME {} DSP 0 BRAM 0 URAM 0 STORAGESUBTYPE {} DISPNAME {bind_op add} VISIBLE true} {BINDTYPE op ID {} IMPL dsp_slice LATENCY 3 OPTYPE sub PRAGMA {} RTLNAME ama_submuladd_18s_16s_14ns_29s_29_4_1_U235 SOURCE ../dct.c:46 VARIABLE tmp45 LOOP {} BUNDLEDNAME {} DSP 1 BRAM 0 URAM 0 STORAGESUBTYPE {} DISPNAME {bind_op sub} VISIBLE true} {BINDTYPE op ID {} IMPL dsp_slice LATENCY 3 OPTYPE sext PRAGMA {} RTLNAME ama_submuladd_18s_16s_14ns_29s_29_4_1_U235 SOURCE ../dct.c:46 VARIABLE tmp45_cast LOOP {} BUNDLEDNAME {} DSP 1 BRAM 0 URAM 0 STORAGESUBTYPE {} DISPNAME {bind_op sext} VISIBLE false} {BINDTYPE op ID {} IMPL dsp_slice LATENCY 3 OPTYPE mul PRAGMA {} RTLNAME ama_submuladd_18s_16s_14ns_29s_29_4_1_U235 SOURCE ../dct.c:46 VARIABLE tmp46 LOOP {} BUNDLEDNAME {} DSP 1 BRAM 0 URAM 0 STORAGESUBTYPE {} DISPNAME {bind_op mul} VISIBLE true} {BINDTYPE op ID {} IMPL dsp_slice LATENCY 3 OPTYPE mul PRAGMA {} RTLNAME mac_muladd_18s_13ns_13ns_29_4_1_U191 SOURCE ../dct.c:48 VARIABLE mul_ln48_16 LOOP {} BUNDLEDNAME {} DSP 1 BRAM 0 URAM 0 STORAGESUBTYPE {} DISPNAME {bind_op mul} VISIBLE true} {BINDTYPE op ID {} IMPL dsp_slice LATENCY 3 OPTYPE add PRAGMA {} RTLNAME mac_muladd_18s_13ns_13ns_29_4_1_U191 SOURCE ../dct.c:48 VARIABLE add_ln48_22 LOOP {} BUNDLEDNAME {} DSP 1 BRAM 0 URAM 0 STORAGESUBTYPE {} DISPNAME {bind_op add} VISIBLE true} {BINDTYPE op ID {} IMPL dsp_slice LATENCY 3 OPTYPE add PRAGMA {} RTLNAME ama_submuladd_18s_16s_14ns_29s_29_4_1_U235 SOURCE ../dct.c:48 VARIABLE add_ln48_23 LOOP {} BUNDLEDNAME {} DSP 1 BRAM 0 URAM 0 STORAGESUBTYPE {} DISPNAME {bind_op add} VISIBLE true} {BINDTYPE op ID {} IMPL auto LATENCY 0 OPTYPE mul PRAGMA {} RTLNAME mul_16s_15s_29_1_1_U26 SOURCE ../dct.c:48 VARIABLE mul_ln48_17 LOOP {} BUNDLEDNAME {} DSP 1 BRAM 0 URAM 0 STORAGESUBTYPE {} DISPNAME {bind_op mul} VISIBLE true} {BINDTYPE op ID {} IMPL dsp_slice LATENCY 3 OPTYPE mul PRAGMA {} RTLNAME mac_muladd_16s_14ns_29s_29_4_1_U141 SOURCE ../dct.c:48 VARIABLE mul_ln48_18 LOOP {} BUNDLEDNAME {} DSP 1 BRAM 0 URAM 0 STORAGESUBTYPE {} DISPNAME {bind_op mul} VISIBLE true} {BINDTYPE op ID {} IMPL auto LATENCY 0 OPTYPE mul PRAGMA {} RTLNAME mul_16s_15s_29_1_1_U27 SOURCE ../dct.c:48 VARIABLE mul_ln48_19 LOOP {} BUNDLEDNAME {} DSP 1 BRAM 0 URAM 0 STORAGESUBTYPE {} DISPNAME {bind_op mul} VISIBLE true} {BINDTYPE op ID {} IMPL dsp_slice LATENCY 3 OPTYPE mul PRAGMA {} RTLNAME mac_muladd_16s_14ns_29s_29_4_1_U161 SOURCE ../dct.c:48 VARIABLE mul_ln48_20 LOOP {} BUNDLEDNAME {} DSP 1 BRAM 0 URAM 0 STORAGESUBTYPE {} DISPNAME {bind_op mul} VISIBLE true} {BINDTYPE op ID {} IMPL dsp_slice LATENCY 3 OPTYPE mul PRAGMA {} RTLNAME mac_muladd_17s_13ns_29s_29_4_1_U162 SOURCE ../dct.c:46 VARIABLE tmp55 LOOP {} BUNDLEDNAME {} DSP 1 BRAM 0 URAM 0 STORAGESUBTYPE {} DISPNAME {bind_op mul} VISIBLE true} {BINDTYPE op ID {} IMPL dsp_slice LATENCY 3 OPTYPE mul PRAGMA {} RTLNAME mac_muladd_17s_12ns_13ns_29_4_1_U163 SOURCE ../dct.c:48 VARIABLE mul_ln48_21 LOOP {} BUNDLEDNAME {} DSP 1 BRAM 0 URAM 0 STORAGESUBTYPE {} DISPNAME {bind_op mul} VISIBLE true} {BINDTYPE op ID {} IMPL dsp_slice LATENCY 3 OPTYPE add PRAGMA {} RTLNAME mac_muladd_16s_14ns_29s_29_4_1_U141 SOURCE ../dct.c:48 VARIABLE add_ln48_24 LOOP {} BUNDLEDNAME {} DSP 1 BRAM 0 URAM 0 STORAGESUBTYPE {} DISPNAME {bind_op add} VISIBLE true} {BINDTYPE op ID {} IMPL dsp_slice LATENCY 3 OPTYPE add PRAGMA {} RTLNAME mac_muladd_16s_14ns_29s_29_4_1_U161 SOURCE ../dct.c:48 VARIABLE add_ln48_25 LOOP {} BUNDLEDNAME {} DSP 1 BRAM 0 URAM 0 STORAGESUBTYPE {} DISPNAME {bind_op add} VISIBLE true} {BINDTYPE op ID {} IMPL dsp_slice LATENCY 3 OPTYPE add PRAGMA {} RTLNAME mac_muladd_17s_13ns_29s_29_4_1_U162 SOURCE ../dct.c:48 VARIABLE add_ln48_26 LOOP {} BUNDLEDNAME {} DSP 1 BRAM 0 URAM 0 STORAGESUBTYPE {} DISPNAME {bind_op add} VISIBLE true} {BINDTYPE op ID {} IMPL dsp_slice LATENCY 3 OPTYPE add PRAGMA {} RTLNAME mac_muladd_17s_12ns_13ns_29_4_1_U163 SOURCE ../dct.c:48 VARIABLE add_ln48_27 LOOP {} BUNDLEDNAME {} DSP 1 BRAM 0 URAM 0 STORAGESUBTYPE {} DISPNAME {bind_op add} VISIBLE true} {BINDTYPE op ID {} IMPL fabric LATENCY 0 OPTYPE add PRAGMA {} RTLNAME grp_fu_734_p2 SOURCE ../dct.c:46 VARIABLE tmp63 LOOP {} BUNDLEDNAME {} DSP 0 BRAM 0 URAM 0 STORAGESUBTYPE {} DISPNAME {bind_op add} VISIBLE true} {BINDTYPE op ID {} IMPL fabric LATENCY 0 OPTYPE add PRAGMA {} RTLNAME tmp59_fu_1195_p2 SOURCE ../dct.c:46 VARIABLE tmp59 LOOP {} BUNDLEDNAME {} DSP 0 BRAM 0 URAM 0 STORAGESUBTYPE {} DISPNAME {bind_op add} VISIBLE true} {BINDTYPE op ID {} IMPL fabric LATENCY 0 OPTYPE add PRAGMA {} RTLNAME add_ln48_30_fu_1707_p2 SOURCE ../dct.c:48 VARIABLE add_ln48_30 LOOP {} BUNDLEDNAME {} DSP 0 BRAM 0 URAM 0 STORAGESUBTYPE {} DISPNAME {bind_op add} VISIBLE true} {BINDTYPE op ID {} IMPL auto LATENCY 0 OPTYPE mul PRAGMA {} RTLNAME mul_16s_15ns_29_1_1_U28 SOURCE ../dct.c:48 VARIABLE mul_ln48_22 LOOP {} BUNDLEDNAME {} DSP 1 BRAM 0 URAM 0 STORAGESUBTYPE {} DISPNAME {bind_op mul} VISIBLE true} {BINDTYPE op ID {} IMPL dsp_slice LATENCY 3 OPTYPE mul PRAGMA {} RTLNAME mac_muladd_16s_15s_13ns_29_4_1_U164 SOURCE ../dct.c:48 VARIABLE mul_ln48_23 LOOP {} BUNDLEDNAME {} DSP 1 BRAM 0 URAM 0 STORAGESUBTYPE {} DISPNAME {bind_op mul} VISIBLE true} {BINDTYPE op ID {} IMPL dsp_slice LATENCY 3 OPTYPE mul PRAGMA {} RTLNAME mac_muladd_16s_15s_29s_29_4_1_U142 SOURCE ../dct.c:48 VARIABLE mul_ln48_24 LOOP {} BUNDLEDNAME {} DSP 1 BRAM 0 URAM 0 STORAGESUBTYPE {} DISPNAME {bind_op mul} VISIBLE true} {BINDTYPE op ID {} IMPL dsp_slice LATENCY 3 OPTYPE mul PRAGMA {} RTLNAME mac_muladd_16s_14ns_29s_29_4_1_U192 SOURCE ../dct.c:48 VARIABLE mul_ln48_25 LOOP {} BUNDLEDNAME {} DSP 1 BRAM 0 URAM 0 STORAGESUBTYPE {} DISPNAME {bind_op mul} VISIBLE true} {BINDTYPE op ID {} IMPL dsp_slice LATENCY 3 OPTYPE sub PRAGMA {} RTLNAME ama_submuladd_16s_16s_12ns_29s_29_4_1_U165 SOURCE ../dct.c:46 VARIABLE tmp68 LOOP {} BUNDLEDNAME {} DSP 1 BRAM 0 URAM 0 STORAGESUBTYPE {} DISPNAME {bind_op sub} VISIBLE true} {BINDTYPE op ID {} IMPL dsp_slice LATENCY 3 OPTYPE sext PRAGMA {} RTLNAME ama_submuladd_16s_16s_12ns_29s_29_4_1_U165 SOURCE ../dct.c:46 VARIABLE tmp68_cast LOOP {} BUNDLEDNAME {} DSP 1 BRAM 0 URAM 0 STORAGESUBTYPE {} DISPNAME {bind_op sext} VISIBLE false} {BINDTYPE op ID {} IMPL dsp_slice LATENCY 3 OPTYPE mul PRAGMA {} RTLNAME ama_submuladd_16s_16s_12ns_29s_29_4_1_U165 SOURCE ../dct.c:46 VARIABLE tmp69 LOOP {} BUNDLEDNAME {} DSP 1 BRAM 0 URAM 0 STORAGESUBTYPE {} DISPNAME {bind_op mul} VISIBLE true} {BINDTYPE op ID {} IMPL fabric LATENCY 0 OPTYPE sub PRAGMA {} RTLNAME tmp71_fu_1220_p2 SOURCE ../dct.c:46 VARIABLE tmp71 LOOP {} BUNDLEDNAME {} DSP 0 BRAM 0 URAM 0 STORAGESUBTYPE {} DISPNAME {bind_op sub} VISIBLE true} {BINDTYPE op ID {} IMPL auto LATENCY 0 OPTYPE mul PRAGMA {} RTLNAME mul_17s_14ns_29_1_1_U40 SOURCE ../dct.c:48 VARIABLE mul_ln48_26 LOOP {} BUNDLEDNAME {} DSP 1 BRAM 0 URAM 0 STORAGESUBTYPE {} DISPNAME {bind_op mul} VISIBLE true} {BINDTYPE op ID {} IMPL dsp_slice LATENCY 3 OPTYPE add PRAGMA {} RTLNAME ama_submuladd_16s_16s_12ns_29s_29_4_1_U165 SOURCE ../dct.c:48 VARIABLE add_ln48_31 LOOP {} BUNDLEDNAME {} DSP 1 BRAM 0 URAM 0 STORAGESUBTYPE {} DISPNAME {bind_op add} VISIBLE true} {BINDTYPE op ID {} IMPL dsp_slice LATENCY 3 OPTYPE add PRAGMA {} RTLNAME mac_muladd_16s_14ns_29s_29_4_1_U192 SOURCE ../dct.c:48 VARIABLE add_ln48_32 LOOP {} BUNDLEDNAME {} DSP 1 BRAM 0 URAM 0 STORAGESUBTYPE {} DISPNAME {bind_op add} VISIBLE true} {BINDTYPE op ID {} IMPL dsp_slice LATENCY 3 OPTYPE add PRAGMA {} RTLNAME mac_muladd_16s_15s_29s_29_4_1_U142 SOURCE ../dct.c:48 VARIABLE add_ln48_33 LOOP {} BUNDLEDNAME {} DSP 1 BRAM 0 URAM 0 STORAGESUBTYPE {} DISPNAME {bind_op add} VISIBLE true} {BINDTYPE op ID {} IMPL dsp_slice LATENCY 3 OPTYPE add PRAGMA {} RTLNAME mac_muladd_16s_15s_13ns_29_4_1_U164 SOURCE ../dct.c:48 VARIABLE add_ln48_34 LOOP {} BUNDLEDNAME {} DSP 1 BRAM 0 URAM 0 STORAGESUBTYPE {} DISPNAME {bind_op add} VISIBLE true} {BINDTYPE op ID {} IMPL fabric LATENCY 0 OPTYPE sub PRAGMA {} RTLNAME tmp75_fu_1735_p2 SOURCE ../dct.c:46 VARIABLE tmp75 LOOP {} BUNDLEDNAME {} DSP 0 BRAM 0 URAM 0 STORAGESUBTYPE {} DISPNAME {bind_op sub} VISIBLE true} {BINDTYPE op ID {} IMPL fabric LATENCY 0 OPTYPE sub PRAGMA {} RTLNAME tmp76_fu_1743_p2 SOURCE ../dct.c:46 VARIABLE tmp76 LOOP {} BUNDLEDNAME {} DSP 0 BRAM 0 URAM 0 STORAGESUBTYPE {} DISPNAME {bind_op sub} VISIBLE true} {BINDTYPE op ID {} IMPL dsp_slice LATENCY 3 OPTYPE add PRAGMA {} RTLNAME ama_addmuladd_18s_16s_13ns_29s_29_4_1_U236 SOURCE ../dct.c:46 VARIABLE tmp77 LOOP {} BUNDLEDNAME {} DSP 1 BRAM 0 URAM 0 STORAGESUBTYPE {} DISPNAME {bind_op add} VISIBLE true} {BINDTYPE op ID {} IMPL dsp_slice LATENCY 3 OPTYPE sext PRAGMA {} RTLNAME ama_addmuladd_18s_16s_13ns_29s_29_4_1_U236 SOURCE ../dct.c:46 VARIABLE tmp77_cast LOOP {} BUNDLEDNAME {} DSP 1 BRAM 0 URAM 0 STORAGESUBTYPE {} DISPNAME {bind_op sext} VISIBLE false} {BINDTYPE op ID {} IMPL dsp_slice LATENCY 3 OPTYPE mul PRAGMA {} RTLNAME ama_addmuladd_18s_16s_13ns_29s_29_4_1_U236 SOURCE ../dct.c:46 VARIABLE tmp78 LOOP {} BUNDLEDNAME {} DSP 1 BRAM 0 URAM 0 STORAGESUBTYPE {} DISPNAME {bind_op mul} VISIBLE true} {BINDTYPE op ID {} IMPL fabric LATENCY 0 OPTYPE sub PRAGMA {} RTLNAME tmp81_fu_1226_p2 SOURCE ../dct.c:46 VARIABLE tmp81 LOOP {} BUNDLEDNAME {} DSP 0 BRAM 0 URAM 0 STORAGESUBTYPE {} DISPNAME {bind_op sub} VISIBLE true} {BINDTYPE op ID {} IMPL dsp_slice LATENCY 3 OPTYPE mul PRAGMA {} RTLNAME mac_muladd_18s_14ns_13ns_29_4_1_U193 SOURCE ../dct.c:48 VARIABLE mul_ln48_27 LOOP {} BUNDLEDNAME {} DSP 1 BRAM 0 URAM 0 STORAGESUBTYPE {} DISPNAME {bind_op mul} VISIBLE true} {BINDTYPE op ID {} IMPL dsp_slice LATENCY 3 OPTYPE add PRAGMA {} RTLNAME mac_muladd_18s_14ns_13ns_29_4_1_U193 SOURCE ../dct.c:48 VARIABLE add_ln48_37 LOOP {} BUNDLEDNAME {} DSP 1 BRAM 0 URAM 0 STORAGESUBTYPE {} DISPNAME {bind_op add} VISIBLE true} {BINDTYPE op ID {} IMPL dsp_slice LATENCY 3 OPTYPE add PRAGMA {} RTLNAME ama_addmuladd_18s_16s_13ns_29s_29_4_1_U236 SOURCE ../dct.c:48 VARIABLE add_ln48_38 LOOP {} BUNDLEDNAME {} DSP 1 BRAM 0 URAM 0 STORAGESUBTYPE {} DISPNAME {bind_op add} VISIBLE true} {BINDTYPE op ID {} IMPL dsp_slice LATENCY 3 OPTYPE mul PRAGMA {} RTLNAME mac_muladd_16s_15s_13ns_29_4_1_U166 SOURCE ../dct.c:48 VARIABLE mul_ln48_28 LOOP {} BUNDLEDNAME {} DSP 1 BRAM 0 URAM 0 STORAGESUBTYPE {} DISPNAME {bind_op mul} VISIBLE true} {BINDTYPE op ID {} IMPL auto LATENCY 0 OPTYPE mul PRAGMA {} RTLNAME mul_16s_15ns_29_1_1_U29 SOURCE ../dct.c:48 VARIABLE mul_ln48_29 LOOP {} BUNDLEDNAME {} DSP 1 BRAM 0 URAM 0 STORAGESUBTYPE {} DISPNAME {bind_op mul} VISIBLE true} {BINDTYPE op ID {} IMPL auto LATENCY 0 OPTYPE mul PRAGMA {} RTLNAME mul_16s_15s_29_1_1_U30 SOURCE ../dct.c:48 VARIABLE mul_ln48_30 LOOP {} BUNDLEDNAME {} DSP 1 BRAM 0 URAM 0 STORAGESUBTYPE {} DISPNAME {bind_op mul} VISIBLE true} {BINDTYPE op ID {} IMPL dsp_slice LATENCY 3 OPTYPE mul PRAGMA {} RTLNAME mac_muladd_16s_14ns_29s_29_4_1_U194 SOURCE ../dct.c:48 VARIABLE mul_ln48_31 LOOP {} BUNDLEDNAME {} DSP 1 BRAM 0 URAM 0 STORAGESUBTYPE {} DISPNAME {bind_op mul} VISIBLE true} {BINDTYPE op ID {} IMPL dsp_slice LATENCY 3 OPTYPE sub PRAGMA {} RTLNAME ama_submuladd_16s_16s_13ns_29s_29_4_1_U167 SOURCE ../dct.c:46 VARIABLE tmp86 LOOP {} BUNDLEDNAME {} DSP 1 BRAM 0 URAM 0 STORAGESUBTYPE {} DISPNAME {bind_op sub} VISIBLE true} {BINDTYPE op ID {} IMPL dsp_slice LATENCY 3 OPTYPE sext PRAGMA {} RTLNAME ama_submuladd_16s_16s_13ns_29s_29_4_1_U167 SOURCE ../dct.c:46 VARIABLE tmp86_cast LOOP {} BUNDLEDNAME {} DSP 1 BRAM 0 URAM 0 STORAGESUBTYPE {} DISPNAME {bind_op sext} VISIBLE false} {BINDTYPE op ID {} IMPL dsp_slice LATENCY 3 OPTYPE mul PRAGMA {} RTLNAME ama_submuladd_16s_16s_13ns_29s_29_4_1_U167 SOURCE ../dct.c:46 VARIABLE tmp87 LOOP {} BUNDLEDNAME {} DSP 1 BRAM 0 URAM 0 STORAGESUBTYPE {} DISPNAME {bind_op mul} VISIBLE true} {BINDTYPE op ID {} IMPL fabric LATENCY 0 OPTYPE sub PRAGMA {} RTLNAME tmp89_fu_1268_p2 SOURCE ../dct.c:46 VARIABLE tmp89 LOOP {} BUNDLEDNAME {} DSP 0 BRAM 0 URAM 0 STORAGESUBTYPE {} DISPNAME {bind_op sub} VISIBLE true} {BINDTYPE op ID {} IMPL dsp_slice LATENCY 3 OPTYPE mul PRAGMA {} RTLNAME mac_muladd_17s_12ns_29s_29_4_1_U168 SOURCE ../dct.c:48 VARIABLE mul_ln48_32 LOOP {} BUNDLEDNAME {} DSP 1 BRAM 0 URAM 0 STORAGESUBTYPE {} DISPNAME {bind_op mul} VISIBLE true} {BINDTYPE op ID {} IMPL dsp_slice LATENCY 3 OPTYPE add PRAGMA {} RTLNAME ama_submuladd_16s_16s_13ns_29s_29_4_1_U167 SOURCE ../dct.c:48 VARIABLE add_ln48_39 LOOP {} BUNDLEDNAME {} DSP 1 BRAM 0 URAM 0 STORAGESUBTYPE {} DISPNAME {bind_op add} VISIBLE true} {BINDTYPE op ID {} IMPL dsp_slice LATENCY 3 OPTYPE add PRAGMA {} RTLNAME mac_muladd_16s_14ns_29s_29_4_1_U194 SOURCE ../dct.c:48 VARIABLE add_ln48_40 LOOP {} BUNDLEDNAME {} DSP 1 BRAM 0 URAM 0 STORAGESUBTYPE {} DISPNAME {bind_op add} VISIBLE true} {BINDTYPE op ID {} IMPL dsp_slice LATENCY 3 OPTYPE add PRAGMA {} RTLNAME mac_muladd_17s_12ns_29s_29_4_1_U168 SOURCE ../dct.c:48 VARIABLE add_ln48_41 LOOP {} BUNDLEDNAME {} DSP 1 BRAM 0 URAM 0 STORAGESUBTYPE {} DISPNAME {bind_op add} VISIBLE true} {BINDTYPE op ID {} IMPL dsp_slice LATENCY 3 OPTYPE add PRAGMA {} RTLNAME mac_muladd_16s_15s_13ns_29_4_1_U166 SOURCE ../dct.c:48 VARIABLE add_ln48_42 LOOP {} BUNDLEDNAME {} DSP 1 BRAM 0 URAM 0 STORAGESUBTYPE {} DISPNAME {bind_op add} VISIBLE true} {BINDTYPE op ID {} IMPL fabric LATENCY 0 OPTYPE add PRAGMA {} RTLNAME tmp91_fu_1278_p2 SOURCE ../dct.c:46 VARIABLE tmp91 LOOP {} BUNDLEDNAME {} DSP 0 BRAM 0 URAM 0 STORAGESUBTYPE {} DISPNAME {bind_op add} VISIBLE true} {BINDTYPE op ID {} IMPL fabric LATENCY 0 OPTYPE sub PRAGMA {} RTLNAME sub_ln48_1_fu_1776_p2 SOURCE ../dct.c:48 VARIABLE sub_ln48_1 LOOP {} BUNDLEDNAME {} DSP 0 BRAM 0 URAM 0 STORAGESUBTYPE {} DISPNAME {bind_op sub} VISIBLE true} {BINDTYPE op ID {} IMPL dsp_slice LATENCY 3 OPTYPE mul PRAGMA {} RTLNAME mac_muladd_16s_15s_29s_29_4_1_U169 SOURCE ../dct.c:48 VARIABLE mul_ln48_33 LOOP {} BUNDLEDNAME {} DSP 1 BRAM 0 URAM 0 STORAGESUBTYPE {} DISPNAME {bind_op mul} VISIBLE true} {BINDTYPE op ID {} IMPL dsp_slice LATENCY 3 OPTYPE mul PRAGMA {} RTLNAME mac_muladd_16s_14ns_29s_29_4_1_U143 SOURCE ../dct.c:48 VARIABLE mul_ln48_34 LOOP {} BUNDLEDNAME {} DSP 1 BRAM 0 URAM 0 STORAGESUBTYPE {} DISPNAME {bind_op mul} VISIBLE true} {BINDTYPE op ID {} IMPL dsp_slice LATENCY 3 OPTYPE mul PRAGMA {} RTLNAME mac_muladd_16s_15s_29s_29_4_1_U144 SOURCE ../dct.c:48 VARIABLE mul_ln48_35 LOOP {} BUNDLEDNAME {} DSP 1 BRAM 0 URAM 0 STORAGESUBTYPE {} DISPNAME {bind_op mul} VISIBLE true} {BINDTYPE op ID {} IMPL auto LATENCY 0 OPTYPE mul PRAGMA {} RTLNAME mul_16s_15ns_29_1_1_U31 SOURCE ../dct.c:48 VARIABLE mul_ln48_36 LOOP {} BUNDLEDNAME {} DSP 1 BRAM 0 URAM 0 STORAGESUBTYPE {} DISPNAME {bind_op mul} VISIBLE true} {BINDTYPE op ID {} IMPL auto LATENCY 0 OPTYPE mul PRAGMA {} RTLNAME mul_17s_13ns_29_1_1_U41 SOURCE ../dct.c:46 VARIABLE tmp97 LOOP {} BUNDLEDNAME {} DSP 1 BRAM 0 URAM 0 STORAGESUBTYPE {} DISPNAME {bind_op mul} VISIBLE true} {BINDTYPE op ID {} IMPL fabric LATENCY 0 OPTYPE sub PRAGMA {} RTLNAME tmp99_fu_1298_p2 SOURCE ../dct.c:46 VARIABLE tmp99 LOOP {} BUNDLEDNAME {} DSP 0 BRAM 0 URAM 0 STORAGESUBTYPE {} DISPNAME {bind_op sub} VISIBLE true} {BINDTYPE op ID {} IMPL dsp_slice LATENCY 3 OPTYPE mul PRAGMA {} RTLNAME mac_muladd_17s_13ns_13ns_29_4_1_U170 SOURCE ../dct.c:48 VARIABLE mul_ln48_37 LOOP {} BUNDLEDNAME {} DSP 1 BRAM 0 URAM 0 STORAGESUBTYPE {} DISPNAME {bind_op mul} VISIBLE true} {BINDTYPE op ID {} IMPL dsp_slice LATENCY 3 OPTYPE add PRAGMA {} RTLNAME mac_muladd_16s_15s_29s_29_4_1_U144 SOURCE ../dct.c:48 VARIABLE add_ln48_46 LOOP {} BUNDLEDNAME {} DSP 1 BRAM 0 URAM 0 STORAGESUBTYPE {} DISPNAME {bind_op add} VISIBLE true} {BINDTYPE op ID {} IMPL dsp_slice LATENCY 3 OPTYPE add PRAGMA {} RTLNAME mac_muladd_16s_15s_29s_29_4_1_U169 SOURCE ../dct.c:48 VARIABLE add_ln48_47 LOOP {} BUNDLEDNAME {} DSP 1 BRAM 0 URAM 0 STORAGESUBTYPE {} DISPNAME {bind_op add} VISIBLE true} {BINDTYPE op ID {} IMPL dsp_slice LATENCY 3 OPTYPE add PRAGMA {} RTLNAME mac_muladd_16s_14ns_29s_29_4_1_U143 SOURCE ../dct.c:48 VARIABLE add_ln48_48 LOOP {} BUNDLEDNAME {} DSP 1 BRAM 0 URAM 0 STORAGESUBTYPE {} DISPNAME {bind_op add} VISIBLE true} {BINDTYPE op ID {} IMPL dsp_slice LATENCY 3 OPTYPE add PRAGMA {} RTLNAME mac_muladd_17s_13ns_13ns_29_4_1_U170 SOURCE ../dct.c:48 VARIABLE add_ln48_49 LOOP {} BUNDLEDNAME {} DSP 1 BRAM 0 URAM 0 STORAGESUBTYPE {} DISPNAME {bind_op add} VISIBLE true} {BINDTYPE op ID {} IMPL fabric LATENCY 0 OPTYPE sub PRAGMA {} RTLNAME tmp103_fu_1804_p2 SOURCE ../dct.c:46 VARIABLE tmp103 LOOP {} BUNDLEDNAME {} DSP 0 BRAM 0 URAM 0 STORAGESUBTYPE {} DISPNAME {bind_op sub} VISIBLE true} {BINDTYPE op ID {} IMPL fabric LATENCY 0 OPTYPE add PRAGMA {} RTLNAME tmp104_fu_1812_p2 SOURCE ../dct.c:46 VARIABLE tmp104 LOOP {} BUNDLEDNAME {} DSP 0 BRAM 0 URAM 0 STORAGESUBTYPE {} DISPNAME {bind_op add} VISIBLE true} {BINDTYPE op ID {} IMPL dsp_slice LATENCY 3 OPTYPE sub PRAGMA {} RTLNAME ama_submuladd_18s_16s_14ns_29s_29_4_1_U237 SOURCE ../dct.c:46 VARIABLE tmp105 LOOP {} BUNDLEDNAME {} DSP 1 BRAM 0 URAM 0 STORAGESUBTYPE {} DISPNAME {bind_op sub} VISIBLE true} {BINDTYPE op ID {} IMPL dsp_slice LATENCY 3 OPTYPE sext PRAGMA {} RTLNAME ama_submuladd_18s_16s_14ns_29s_29_4_1_U237 SOURCE ../dct.c:46 VARIABLE tmp105_cast LOOP {} BUNDLEDNAME {} DSP 1 BRAM 0 URAM 0 STORAGESUBTYPE {} DISPNAME {bind_op sext} VISIBLE false} {BINDTYPE op ID {} IMPL dsp_slice LATENCY 3 OPTYPE mul PRAGMA {} RTLNAME ama_submuladd_18s_16s_14ns_29s_29_4_1_U237 SOURCE ../dct.c:46 VARIABLE tmp106 LOOP {} BUNDLEDNAME {} DSP 1 BRAM 0 URAM 0 STORAGESUBTYPE {} DISPNAME {bind_op mul} VISIBLE true} {BINDTYPE op ID {} IMPL dsp_slice LATENCY 3 OPTYPE mul PRAGMA {} RTLNAME mac_muladd_18s_13ns_13ns_29_4_1_U195 SOURCE ../dct.c:48 VARIABLE mul_ln48_38 LOOP {} BUNDLEDNAME {} DSP 1 BRAM 0 URAM 0 STORAGESUBTYPE {} DISPNAME {bind_op mul} VISIBLE true} {BINDTYPE op ID {} IMPL dsp_slice LATENCY 3 OPTYPE add PRAGMA {} RTLNAME mac_muladd_18s_13ns_13ns_29_4_1_U195 SOURCE ../dct.c:48 VARIABLE add_ln48_52 LOOP {} BUNDLEDNAME {} DSP 1 BRAM 0 URAM 0 STORAGESUBTYPE {} DISPNAME {bind_op add} VISIBLE true} {BINDTYPE op ID {} IMPL dsp_slice LATENCY 3 OPTYPE add PRAGMA {} RTLNAME ama_submuladd_18s_16s_14ns_29s_29_4_1_U237 SOURCE ../dct.c:48 VARIABLE add_ln48_53 LOOP {} BUNDLEDNAME {} DSP 1 BRAM 0 URAM 0 STORAGESUBTYPE {} DISPNAME {bind_op add} VISIBLE true} {BINDTYPE op ID {} IMPL auto LATENCY 0 OPTYPE mul PRAGMA {} RTLNAME mul_16s_15s_29_1_1_U32 SOURCE ../dct.c:48 VARIABLE mul_ln48_39 LOOP {} BUNDLEDNAME {} DSP 1 BRAM 0 URAM 0 STORAGESUBTYPE {} DISPNAME {bind_op mul} VISIBLE true} {BINDTYPE op ID {} IMPL dsp_slice LATENCY 3 OPTYPE mul PRAGMA {} RTLNAME mac_muladd_16s_14ns_29s_29_4_1_U145 SOURCE ../dct.c:48 VARIABLE mul_ln48_40 LOOP {} BUNDLEDNAME {} DSP 1 BRAM 0 URAM 0 STORAGESUBTYPE {} DISPNAME {bind_op mul} VISIBLE true} {BINDTYPE op ID {} IMPL auto LATENCY 0 OPTYPE mul PRAGMA {} RTLNAME mul_16s_15s_29_1_1_U33 SOURCE ../dct.c:48 VARIABLE mul_ln48_41 LOOP {} BUNDLEDNAME {} DSP 1 BRAM 0 URAM 0 STORAGESUBTYPE {} DISPNAME {bind_op mul} VISIBLE true} {BINDTYPE op ID {} IMPL dsp_slice LATENCY 3 OPTYPE mul PRAGMA {} RTLNAME mac_muladd_16s_14ns_29s_29_4_1_U171 SOURCE ../dct.c:48 VARIABLE mul_ln48_42 LOOP {} BUNDLEDNAME {} DSP 1 BRAM 0 URAM 0 STORAGESUBTYPE {} DISPNAME {bind_op mul} VISIBLE true} {BINDTYPE op ID {} IMPL dsp_slice LATENCY 3 OPTYPE mul PRAGMA {} RTLNAME mac_muladd_17s_13ns_29s_29_4_1_U172 SOURCE ../dct.c:46 VARIABLE tmp115 LOOP {} BUNDLEDNAME {} DSP 1 BRAM 0 URAM 0 STORAGESUBTYPE {} DISPNAME {bind_op mul} VISIBLE true} {BINDTYPE op ID {} IMPL dsp_slice LATENCY 3 OPTYPE mul PRAGMA {} RTLNAME mac_muladd_17s_12ns_13ns_29_4_1_U173 SOURCE ../dct.c:48 VARIABLE mul_ln48_43 LOOP {} BUNDLEDNAME {} DSP 1 BRAM 0 URAM 0 STORAGESUBTYPE {} DISPNAME {bind_op mul} VISIBLE true} {BINDTYPE op ID {} IMPL dsp_slice LATENCY 3 OPTYPE add PRAGMA {} RTLNAME mac_muladd_16s_14ns_29s_29_4_1_U145 SOURCE ../dct.c:48 VARIABLE add_ln48_54 LOOP {} BUNDLEDNAME {} DSP 1 BRAM 0 URAM 0 STORAGESUBTYPE {} DISPNAME {bind_op add} VISIBLE true} {BINDTYPE op ID {} IMPL dsp_slice LATENCY 3 OPTYPE add PRAGMA {} RTLNAME mac_muladd_16s_14ns_29s_29_4_1_U171 SOURCE ../dct.c:48 VARIABLE add_ln48_55 LOOP {} BUNDLEDNAME {} DSP 1 BRAM 0 URAM 0 STORAGESUBTYPE {} DISPNAME {bind_op add} VISIBLE true} {BINDTYPE op ID {} IMPL dsp_slice LATENCY 3 OPTYPE add PRAGMA {} RTLNAME mac_muladd_17s_13ns_29s_29_4_1_U172 SOURCE ../dct.c:48 VARIABLE add_ln48_56 LOOP {} BUNDLEDNAME {} DSP 1 BRAM 0 URAM 0 STORAGESUBTYPE {} DISPNAME {bind_op add} VISIBLE true} {BINDTYPE op ID {} IMPL dsp_slice LATENCY 3 OPTYPE add PRAGMA {} RTLNAME mac_muladd_17s_12ns_13ns_29_4_1_U173 SOURCE ../dct.c:48 VARIABLE add_ln48_57 LOOP {} BUNDLEDNAME {} DSP 1 BRAM 0 URAM 0 STORAGESUBTYPE {} DISPNAME {bind_op add} VISIBLE true} {BINDTYPE op ID {} IMPL fabric LATENCY 0 OPTYPE add PRAGMA {} RTLNAME grp_fu_722_p2 SOURCE ../dct.c:46 VARIABLE tmp123 LOOP {} BUNDLEDNAME {} DSP 0 BRAM 0 URAM 0 STORAGESUBTYPE {} DISPNAME {bind_op add} VISIBLE true} {BINDTYPE op ID {} IMPL fabric LATENCY 0 OPTYPE add PRAGMA {} RTLNAME grp_fu_825_p2 SOURCE ../dct.c:46 VARIABLE tmp114 LOOP {} BUNDLEDNAME {} DSP 0 BRAM 0 URAM 0 STORAGESUBTYPE {} DISPNAME {bind_op add} VISIBLE true} {BINDTYPE op ID {} IMPL fabric LATENCY 0 OPTYPE add PRAGMA {} RTLNAME add_ln48_60_fu_2379_p2 SOURCE ../dct.c:48 VARIABLE add_ln48_60 LOOP {} BUNDLEDNAME {} DSP 0 BRAM 0 URAM 0 STORAGESUBTYPE {} DISPNAME {bind_op add} VISIBLE true} {BINDTYPE op ID {} IMPL auto LATENCY 0 OPTYPE mul PRAGMA {} RTLNAME mul_16s_15ns_29_1_1_U42 SOURCE ../dct.c:48 VARIABLE mul_ln48_44 LOOP {} BUNDLEDNAME {} DSP 1 BRAM 0 URAM 0 STORAGESUBTYPE {} DISPNAME {bind_op mul} VISIBLE true} {BINDTYPE op ID {} IMPL dsp_slice LATENCY 3 OPTYPE mul PRAGMA {} RTLNAME mac_muladd_16s_15s_13ns_29_4_1_U196 SOURCE ../dct.c:48 VARIABLE mul_ln48_45 LOOP {} BUNDLEDNAME {} DSP 1 BRAM 0 URAM 0 STORAGESUBTYPE {} DISPNAME {bind_op mul} VISIBLE true} {BINDTYPE op ID {} IMPL dsp_slice LATENCY 3 OPTYPE mul PRAGMA {} RTLNAME mac_muladd_16s_15s_29s_29_4_1_U174 SOURCE ../dct.c:48 VARIABLE mul_ln48_46 LOOP {} BUNDLEDNAME {} DSP 1 BRAM 0 URAM 0 STORAGESUBTYPE {} DISPNAME {bind_op mul} VISIBLE true} {BINDTYPE op ID {} IMPL dsp_slice LATENCY 3 OPTYPE mul PRAGMA {} RTLNAME mac_muladd_16s_14ns_29s_29_4_1_U238 SOURCE ../dct.c:48 VARIABLE mul_ln48_47 LOOP {} BUNDLEDNAME {} DSP 1 BRAM 0 URAM 0 STORAGESUBTYPE {} DISPNAME {bind_op mul} VISIBLE true} {BINDTYPE op ID {} IMPL dsp_slice LATENCY 3 OPTYPE sub PRAGMA {} RTLNAME ama_submuladd_16s_16s_12ns_29s_29_4_1_U197 SOURCE ../dct.c:46 VARIABLE tmp128 LOOP {} BUNDLEDNAME {} DSP 1 BRAM 0 URAM 0 STORAGESUBTYPE {} DISPNAME {bind_op sub} VISIBLE true} {BINDTYPE op ID {} IMPL dsp_slice LATENCY 3 OPTYPE sext PRAGMA {} RTLNAME ama_submuladd_16s_16s_12ns_29s_29_4_1_U197 SOURCE ../dct.c:46 VARIABLE tmp128_cast LOOP {} BUNDLEDNAME {} DSP 1 BRAM 0 URAM 0 STORAGESUBTYPE {} DISPNAME {bind_op sext} VISIBLE false} {BINDTYPE op ID {} IMPL dsp_slice LATENCY 3 OPTYPE mul PRAGMA {} RTLNAME ama_submuladd_16s_16s_12ns_29s_29_4_1_U197 SOURCE ../dct.c:46 VARIABLE tmp129 LOOP {} BUNDLEDNAME {} DSP 1 BRAM 0 URAM 0 STORAGESUBTYPE {} DISPNAME {bind_op mul} VISIBLE true} {BINDTYPE op ID {} IMPL fabric LATENCY 0 OPTYPE sub PRAGMA {} RTLNAME tmp131_fu_1871_p2 SOURCE ../dct.c:46 VARIABLE tmp131 LOOP {} BUNDLEDNAME {} DSP 0 BRAM 0 URAM 0 STORAGESUBTYPE {} DISPNAME {bind_op sub} VISIBLE true} {BINDTYPE op ID {} IMPL auto LATENCY 0 OPTYPE mul PRAGMA {} RTLNAME mul_17s_14ns_29_1_1_U56 SOURCE ../dct.c:48 VARIABLE mul_ln48_48 LOOP {} BUNDLEDNAME {} DSP 1 BRAM 0 URAM 0 STORAGESUBTYPE {} DISPNAME {bind_op mul} VISIBLE true} {BINDTYPE op ID {} IMPL dsp_slice LATENCY 3 OPTYPE add PRAGMA {} RTLNAME ama_submuladd_16s_16s_12ns_29s_29_4_1_U197 SOURCE ../dct.c:48 VARIABLE add_ln48_61 LOOP {} BUNDLEDNAME {} DSP 1 BRAM 0 URAM 0 STORAGESUBTYPE {} DISPNAME {bind_op add} VISIBLE true} {BINDTYPE op ID {} IMPL dsp_slice LATENCY 3 OPTYPE add PRAGMA {} RTLNAME mac_muladd_16s_14ns_29s_29_4_1_U238 SOURCE ../dct.c:48 VARIABLE add_ln48_62 LOOP {} BUNDLEDNAME {} DSP 1 BRAM 0 URAM 0 STORAGESUBTYPE {} DISPNAME {bind_op add} VISIBLE true} {BINDTYPE op ID {} IMPL dsp_slice LATENCY 3 OPTYPE add PRAGMA {} RTLNAME mac_muladd_16s_15s_29s_29_4_1_U174 SOURCE ../dct.c:48 VARIABLE add_ln48_63 LOOP {} BUNDLEDNAME {} DSP 1 BRAM 0 URAM 0 STORAGESUBTYPE {} DISPNAME {bind_op add} VISIBLE true} {BINDTYPE op ID {} IMPL dsp_slice LATENCY 3 OPTYPE add PRAGMA {} RTLNAME mac_muladd_16s_15s_13ns_29_4_1_U196 SOURCE ../dct.c:48 VARIABLE add_ln48_64 LOOP {} BUNDLEDNAME {} DSP 1 BRAM 0 URAM 0 STORAGESUBTYPE {} DISPNAME {bind_op add} VISIBLE true} {BINDTYPE op ID {} IMPL fabric LATENCY 0 OPTYPE sub PRAGMA {} RTLNAME tmp135_fu_2408_p2 SOURCE ../dct.c:46 VARIABLE tmp135 LOOP {} BUNDLEDNAME {} DSP 0 BRAM 0 URAM 0 STORAGESUBTYPE {} DISPNAME {bind_op sub} VISIBLE true} {BINDTYPE op ID {} IMPL fabric LATENCY 0 OPTYPE sub PRAGMA {} RTLNAME tmp136_fu_2416_p2 SOURCE ../dct.c:46 VARIABLE tmp136 LOOP {} BUNDLEDNAME {} DSP 0 BRAM 0 URAM 0 STORAGESUBTYPE {} DISPNAME {bind_op sub} VISIBLE true} {BINDTYPE op ID {} IMPL dsp_slice LATENCY 3 OPTYPE add PRAGMA {} RTLNAME ama_addmuladd_18s_16s_13ns_29s_29_4_1_U286 SOURCE ../dct.c:46 VARIABLE tmp137 LOOP {} BUNDLEDNAME {} DSP 1 BRAM 0 URAM 0 STORAGESUBTYPE {} DISPNAME {bind_op add} VISIBLE true} {BINDTYPE op ID {} IMPL dsp_slice LATENCY 3 OPTYPE sext PRAGMA {} RTLNAME ama_addmuladd_18s_16s_13ns_29s_29_4_1_U286 SOURCE ../dct.c:46 VARIABLE tmp137_cast LOOP {} BUNDLEDNAME {} DSP 1 BRAM 0 URAM 0 STORAGESUBTYPE {} DISPNAME {bind_op sext} VISIBLE false} {BINDTYPE op ID {} IMPL dsp_slice LATENCY 3 OPTYPE mul PRAGMA {} RTLNAME ama_addmuladd_18s_16s_13ns_29s_29_4_1_U286 SOURCE ../dct.c:46 VARIABLE tmp138 LOOP {} BUNDLEDNAME {} DSP 1 BRAM 0 URAM 0 STORAGESUBTYPE {} DISPNAME {bind_op mul} VISIBLE true} {BINDTYPE op ID {} IMPL fabric LATENCY 0 OPTYPE sub PRAGMA {} RTLNAME tmp141_fu_1877_p2 SOURCE ../dct.c:46 VARIABLE tmp141 LOOP {} BUNDLEDNAME {} DSP 0 BRAM 0 URAM 0 STORAGESUBTYPE {} DISPNAME {bind_op sub} VISIBLE true} {BINDTYPE op ID {} IMPL dsp_slice LATENCY 3 OPTYPE mul PRAGMA {} RTLNAME mac_muladd_18s_14ns_13ns_29_4_1_U239 SOURCE ../dct.c:48 VARIABLE mul_ln48_49 LOOP {} BUNDLEDNAME {} DSP 1 BRAM 0 URAM 0 STORAGESUBTYPE {} DISPNAME {bind_op mul} VISIBLE true} {BINDTYPE op ID {} IMPL dsp_slice LATENCY 3 OPTYPE add PRAGMA {} RTLNAME mac_muladd_18s_14ns_13ns_29_4_1_U239 SOURCE ../dct.c:48 VARIABLE add_ln48_67 LOOP {} BUNDLEDNAME {} DSP 1 BRAM 0 URAM 0 STORAGESUBTYPE {} DISPNAME {bind_op add} VISIBLE true} {BINDTYPE op ID {} IMPL dsp_slice LATENCY 3 OPTYPE add PRAGMA {} RTLNAME ama_addmuladd_18s_16s_13ns_29s_29_4_1_U286 SOURCE ../dct.c:48 VARIABLE add_ln48_68 LOOP {} BUNDLEDNAME {} DSP 1 BRAM 0 URAM 0 STORAGESUBTYPE {} DISPNAME {bind_op add} VISIBLE true} {BINDTYPE op ID {} IMPL dsp_slice LATENCY 3 OPTYPE mul PRAGMA {} RTLNAME mac_muladd_16s_15s_13ns_29_4_1_U198 SOURCE ../dct.c:48 VARIABLE mul_ln48_50 LOOP {} BUNDLEDNAME {} DSP 1 BRAM 0 URAM 0 STORAGESUBTYPE {} DISPNAME {bind_op mul} VISIBLE true} {BINDTYPE op ID {} IMPL auto LATENCY 0 OPTYPE mul PRAGMA {} RTLNAME mul_16s_15ns_29_1_1_U43 SOURCE ../dct.c:48 VARIABLE mul_ln48_51 LOOP {} BUNDLEDNAME {} DSP 1 BRAM 0 URAM 0 STORAGESUBTYPE {} DISPNAME {bind_op mul} VISIBLE true} {BINDTYPE op ID {} IMPL auto LATENCY 0 OPTYPE mul PRAGMA {} RTLNAME mul_16s_15s_29_1_1_U44 SOURCE ../dct.c:48 VARIABLE mul_ln48_52 LOOP {} BUNDLEDNAME {} DSP 1 BRAM 0 URAM 0 STORAGESUBTYPE {} DISPNAME {bind_op mul} VISIBLE true} {BINDTYPE op ID {} IMPL dsp_slice LATENCY 3 OPTYPE mul PRAGMA {} RTLNAME mac_muladd_16s_14ns_29s_29_4_1_U240 SOURCE ../dct.c:48 VARIABLE mul_ln48_53 LOOP {} BUNDLEDNAME {} DSP 1 BRAM 0 URAM 0 STORAGESUBTYPE {} DISPNAME {bind_op mul} VISIBLE true} {BINDTYPE op ID {} IMPL dsp_slice LATENCY 3 OPTYPE sub PRAGMA {} RTLNAME ama_submuladd_16s_16s_13ns_29s_29_4_1_U199 SOURCE ../dct.c:46 VARIABLE tmp146 LOOP {} BUNDLEDNAME {} DSP 1 BRAM 0 URAM 0 STORAGESUBTYPE {} DISPNAME {bind_op sub} VISIBLE true} {BINDTYPE op ID {} IMPL dsp_slice LATENCY 3 OPTYPE sext PRAGMA {} RTLNAME ama_submuladd_16s_16s_13ns_29s_29_4_1_U199 SOURCE ../dct.c:46 VARIABLE tmp146_cast LOOP {} BUNDLEDNAME {} DSP 1 BRAM 0 URAM 0 STORAGESUBTYPE {} DISPNAME {bind_op sext} VISIBLE false} {BINDTYPE op ID {} IMPL dsp_slice LATENCY 3 OPTYPE mul PRAGMA {} RTLNAME ama_submuladd_16s_16s_13ns_29s_29_4_1_U199 SOURCE ../dct.c:46 VARIABLE tmp147 LOOP {} BUNDLEDNAME {} DSP 1 BRAM 0 URAM 0 STORAGESUBTYPE {} DISPNAME {bind_op mul} VISIBLE true} {BINDTYPE op ID {} IMPL fabric LATENCY 0 OPTYPE sub PRAGMA {} RTLNAME tmp149_fu_1919_p2 SOURCE ../dct.c:46 VARIABLE tmp149 LOOP {} BUNDLEDNAME {} DSP 0 BRAM 0 URAM 0 STORAGESUBTYPE {} DISPNAME {bind_op sub} VISIBLE true} {BINDTYPE op ID {} IMPL dsp_slice LATENCY 3 OPTYPE mul PRAGMA {} RTLNAME mac_muladd_17s_12ns_29s_29_4_1_U200 SOURCE ../dct.c:48 VARIABLE mul_ln48_54 LOOP {} BUNDLEDNAME {} DSP 1 BRAM 0 URAM 0 STORAGESUBTYPE {} DISPNAME {bind_op mul} VISIBLE true} {BINDTYPE op ID {} IMPL dsp_slice LATENCY 3 OPTYPE add PRAGMA {} RTLNAME ama_submuladd_16s_16s_13ns_29s_29_4_1_U199 SOURCE ../dct.c:48 VARIABLE add_ln48_69 LOOP {} BUNDLEDNAME {} DSP 1 BRAM 0 URAM 0 STORAGESUBTYPE {} DISPNAME {bind_op add} VISIBLE true} {BINDTYPE op ID {} IMPL dsp_slice LATENCY 3 OPTYPE add PRAGMA {} RTLNAME mac_muladd_16s_14ns_29s_29_4_1_U240 SOURCE ../dct.c:48 VARIABLE add_ln48_70 LOOP {} BUNDLEDNAME {} DSP 1 BRAM 0 URAM 0 STORAGESUBTYPE {} DISPNAME {bind_op add} VISIBLE true} {BINDTYPE op ID {} IMPL dsp_slice LATENCY 3 OPTYPE add PRAGMA {} RTLNAME mac_muladd_17s_12ns_29s_29_4_1_U200 SOURCE ../dct.c:48 VARIABLE add_ln48_71 LOOP {} BUNDLEDNAME {} DSP 1 BRAM 0 URAM 0 STORAGESUBTYPE {} DISPNAME {bind_op add} VISIBLE true} {BINDTYPE op ID {} IMPL dsp_slice LATENCY 3 OPTYPE add PRAGMA {} RTLNAME mac_muladd_16s_15s_13ns_29_4_1_U198 SOURCE ../dct.c:48 VARIABLE add_ln48_72 LOOP {} BUNDLEDNAME {} DSP 1 BRAM 0 URAM 0 STORAGESUBTYPE {} DISPNAME {bind_op add} VISIBLE true} {BINDTYPE op ID {} IMPL fabric LATENCY 0 OPTYPE add PRAGMA {} RTLNAME tmp151_fu_1929_p2 SOURCE ../dct.c:46 VARIABLE tmp151 LOOP {} BUNDLEDNAME {} DSP 0 BRAM 0 URAM 0 STORAGESUBTYPE {} DISPNAME {bind_op add} VISIBLE true} {BINDTYPE op ID {} IMPL fabric LATENCY 0 OPTYPE sub PRAGMA {} RTLNAME sub_ln48_2_fu_2449_p2 SOURCE ../dct.c:48 VARIABLE sub_ln48_2 LOOP {} BUNDLEDNAME {} DSP 0 BRAM 0 URAM 0 STORAGESUBTYPE {} DISPNAME {bind_op sub} VISIBLE true} {BINDTYPE op ID {} IMPL dsp_slice LATENCY 3 OPTYPE mul PRAGMA {} RTLNAME mac_muladd_16s_15s_29s_29_4_1_U201 SOURCE ../dct.c:48 VARIABLE mul_ln48_55 LOOP {} BUNDLEDNAME {} DSP 1 BRAM 0 URAM 0 STORAGESUBTYPE {} DISPNAME {bind_op mul} VISIBLE true} {BINDTYPE op ID {} IMPL dsp_slice LATENCY 3 OPTYPE mul PRAGMA {} RTLNAME mac_muladd_16s_14ns_29s_29_4_1_U175 SOURCE ../dct.c:48 VARIABLE mul_ln48_56 LOOP {} BUNDLEDNAME {} DSP 1 BRAM 0 URAM 0 STORAGESUBTYPE {} DISPNAME {bind_op mul} VISIBLE true} {BINDTYPE op ID {} IMPL dsp_slice LATENCY 3 OPTYPE mul PRAGMA {} RTLNAME mac_muladd_16s_15s_29s_29_4_1_U176 SOURCE ../dct.c:48 VARIABLE mul_ln48_57 LOOP {} BUNDLEDNAME {} DSP 1 BRAM 0 URAM 0 STORAGESUBTYPE {} DISPNAME {bind_op mul} VISIBLE true} {BINDTYPE op ID {} IMPL auto LATENCY 0 OPTYPE mul PRAGMA {} RTLNAME mul_16s_15ns_29_1_1_U45 SOURCE ../dct.c:48 VARIABLE mul_ln48_58 LOOP {} BUNDLEDNAME {} DSP 1 BRAM 0 URAM 0 STORAGESUBTYPE {} DISPNAME {bind_op mul} VISIBLE true} {BINDTYPE op ID {} IMPL auto LATENCY 0 OPTYPE mul PRAGMA {} RTLNAME mul_17s_13ns_29_1_1_U57 SOURCE ../dct.c:46 VARIABLE tmp157 LOOP {} BUNDLEDNAME {} DSP 1 BRAM 0 URAM 0 STORAGESUBTYPE {} DISPNAME {bind_op mul} VISIBLE true} {BINDTYPE op ID {} IMPL fabric LATENCY 0 OPTYPE sub PRAGMA {} RTLNAME tmp159_fu_1949_p2 SOURCE ../dct.c:46 VARIABLE tmp159 LOOP {} BUNDLEDNAME {} DSP 0 BRAM 0 URAM 0 STORAGESUBTYPE {} DISPNAME {bind_op sub} VISIBLE true} {BINDTYPE op ID {} IMPL dsp_slice LATENCY 3 OPTYPE mul PRAGMA {} RTLNAME mac_muladd_17s_13ns_13ns_29_4_1_U202 SOURCE ../dct.c:48 VARIABLE mul_ln48_59 LOOP {} BUNDLEDNAME {} DSP 1 BRAM 0 URAM 0 STORAGESUBTYPE {} DISPNAME {bind_op mul} VISIBLE true} {BINDTYPE op ID {} IMPL dsp_slice LATENCY 3 OPTYPE add PRAGMA {} RTLNAME mac_muladd_16s_15s_29s_29_4_1_U176 SOURCE ../dct.c:48 VARIABLE add_ln48_76 LOOP {} BUNDLEDNAME {} DSP 1 BRAM 0 URAM 0 STORAGESUBTYPE {} DISPNAME {bind_op add} VISIBLE true} {BINDTYPE op ID {} IMPL dsp_slice LATENCY 3 OPTYPE add PRAGMA {} RTLNAME mac_muladd_16s_15s_29s_29_4_1_U201 SOURCE ../dct.c:48 VARIABLE add_ln48_77 LOOP {} BUNDLEDNAME {} DSP 1 BRAM 0 URAM 0 STORAGESUBTYPE {} DISPNAME {bind_op add} VISIBLE true} {BINDTYPE op ID {} IMPL dsp_slice LATENCY 3 OPTYPE add PRAGMA {} RTLNAME mac_muladd_16s_14ns_29s_29_4_1_U175 SOURCE ../dct.c:48 VARIABLE add_ln48_78 LOOP {} BUNDLEDNAME {} DSP 1 BRAM 0 URAM 0 STORAGESUBTYPE {} DISPNAME {bind_op add} VISIBLE true} {BINDTYPE op ID {} IMPL dsp_slice LATENCY 3 OPTYPE add PRAGMA {} RTLNAME mac_muladd_17s_13ns_13ns_29_4_1_U202 SOURCE ../dct.c:48 VARIABLE add_ln48_79 LOOP {} BUNDLEDNAME {} DSP 1 BRAM 0 URAM 0 STORAGESUBTYPE {} DISPNAME {bind_op add} VISIBLE true} {BINDTYPE op ID {} IMPL fabric LATENCY 0 OPTYPE sub PRAGMA {} RTLNAME tmp163_fu_2477_p2 SOURCE ../dct.c:46 VARIABLE tmp163 LOOP {} BUNDLEDNAME {} DSP 0 BRAM 0 URAM 0 STORAGESUBTYPE {} DISPNAME {bind_op sub} VISIBLE true} {BINDTYPE op ID {} IMPL fabric LATENCY 0 OPTYPE add PRAGMA {} RTLNAME tmp164_fu_2485_p2 SOURCE ../dct.c:46 VARIABLE tmp164 LOOP {} BUNDLEDNAME {} DSP 0 BRAM 0 URAM 0 STORAGESUBTYPE {} DISPNAME {bind_op add} VISIBLE true} {BINDTYPE op ID {} IMPL dsp_slice LATENCY 3 OPTYPE sub PRAGMA {} RTLNAME ama_submuladd_18s_16s_14ns_29s_29_4_1_U287 SOURCE ../dct.c:46 VARIABLE tmp165 LOOP {} BUNDLEDNAME {} DSP 1 BRAM 0 URAM 0 STORAGESUBTYPE {} DISPNAME {bind_op sub} VISIBLE true} {BINDTYPE op ID {} IMPL dsp_slice LATENCY 3 OPTYPE sext PRAGMA {} RTLNAME ama_submuladd_18s_16s_14ns_29s_29_4_1_U287 SOURCE ../dct.c:46 VARIABLE tmp165_cast LOOP {} BUNDLEDNAME {} DSP 1 BRAM 0 URAM 0 STORAGESUBTYPE {} DISPNAME {bind_op sext} VISIBLE false} {BINDTYPE op ID {} IMPL dsp_slice LATENCY 3 OPTYPE mul PRAGMA {} RTLNAME ama_submuladd_18s_16s_14ns_29s_29_4_1_U287 SOURCE ../dct.c:46 VARIABLE tmp166 LOOP {} BUNDLEDNAME {} DSP 1 BRAM 0 URAM 0 STORAGESUBTYPE {} DISPNAME {bind_op mul} VISIBLE true} {BINDTYPE op ID {} IMPL dsp_slice LATENCY 3 OPTYPE mul PRAGMA {} RTLNAME mac_muladd_18s_13ns_13ns_29_4_1_U241 SOURCE ../dct.c:48 VARIABLE mul_ln48_60 LOOP {} BUNDLEDNAME {} DSP 1 BRAM 0 URAM 0 STORAGESUBTYPE {} DISPNAME {bind_op mul} VISIBLE true} {BINDTYPE op ID {} IMPL dsp_slice LATENCY 3 OPTYPE add PRAGMA {} RTLNAME mac_muladd_18s_13ns_13ns_29_4_1_U241 SOURCE ../dct.c:48 VARIABLE add_ln48_82 LOOP {} BUNDLEDNAME {} DSP 1 BRAM 0 URAM 0 STORAGESUBTYPE {} DISPNAME {bind_op add} VISIBLE true} {BINDTYPE op ID {} IMPL dsp_slice LATENCY 3 OPTYPE add PRAGMA {} RTLNAME ama_submuladd_18s_16s_14ns_29s_29_4_1_U287 SOURCE ../dct.c:48 VARIABLE add_ln48_83 LOOP {} BUNDLEDNAME {} DSP 1 BRAM 0 URAM 0 STORAGESUBTYPE {} DISPNAME {bind_op add} VISIBLE true} {BINDTYPE op ID {} IMPL auto LATENCY 0 OPTYPE mul PRAGMA {} RTLNAME mul_16s_15s_29_1_1_U46 SOURCE ../dct.c:48 VARIABLE mul_ln48_61 LOOP {} BUNDLEDNAME {} DSP 1 BRAM 0 URAM 0 STORAGESUBTYPE {} DISPNAME {bind_op mul} VISIBLE true} {BINDTYPE op ID {} IMPL dsp_slice LATENCY 3 OPTYPE mul PRAGMA {} RTLNAME mac_muladd_16s_14ns_29s_29_4_1_U177 SOURCE ../dct.c:48 VARIABLE mul_ln48_62 LOOP {} BUNDLEDNAME {} DSP 1 BRAM 0 URAM 0 STORAGESUBTYPE {} DISPNAME {bind_op mul} VISIBLE true} {BINDTYPE op ID {} IMPL auto LATENCY 0 OPTYPE mul PRAGMA {} RTLNAME mul_16s_15s_29_1_1_U47 SOURCE ../dct.c:48 VARIABLE mul_ln48_63 LOOP {} BUNDLEDNAME {} DSP 1 BRAM 0 URAM 0 STORAGESUBTYPE {} DISPNAME {bind_op mul} VISIBLE true} {BINDTYPE op ID {} IMPL dsp_slice LATENCY 3 OPTYPE mul PRAGMA {} RTLNAME mac_muladd_16s_14ns_29s_29_4_1_U203 SOURCE ../dct.c:48 VARIABLE mul_ln48_64 LOOP {} BUNDLEDNAME {} DSP 1 BRAM 0 URAM 0 STORAGESUBTYPE {} DISPNAME {bind_op mul} VISIBLE true} {BINDTYPE op ID {} IMPL dsp_slice LATENCY 3 OPTYPE mul PRAGMA {} RTLNAME mac_muladd_17s_13ns_29s_29_4_1_U204 SOURCE ../dct.c:46 VARIABLE tmp175 LOOP {} BUNDLEDNAME {} DSP 1 BRAM 0 URAM 0 STORAGESUBTYPE {} DISPNAME {bind_op mul} VISIBLE true} {BINDTYPE op ID {} IMPL dsp_slice LATENCY 3 OPTYPE mul PRAGMA {} RTLNAME mac_muladd_17s_12ns_13ns_29_4_1_U205 SOURCE ../dct.c:48 VARIABLE mul_ln48_65 LOOP {} BUNDLEDNAME {} DSP 1 BRAM 0 URAM 0 STORAGESUBTYPE {} DISPNAME {bind_op mul} VISIBLE true} {BINDTYPE op ID {} IMPL dsp_slice LATENCY 3 OPTYPE add PRAGMA {} RTLNAME mac_muladd_16s_14ns_29s_29_4_1_U177 SOURCE ../dct.c:48 VARIABLE add_ln48_84 LOOP {} BUNDLEDNAME {} DSP 1 BRAM 0 URAM 0 STORAGESUBTYPE {} DISPNAME {bind_op add} VISIBLE true} {BINDTYPE op ID {} IMPL dsp_slice LATENCY 3 OPTYPE add PRAGMA {} RTLNAME mac_muladd_16s_14ns_29s_29_4_1_U203 SOURCE ../dct.c:48 VARIABLE add_ln48_85 LOOP {} BUNDLEDNAME {} DSP 1 BRAM 0 URAM 0 STORAGESUBTYPE {} DISPNAME {bind_op add} VISIBLE true} {BINDTYPE op ID {} IMPL dsp_slice LATENCY 3 OPTYPE add PRAGMA {} RTLNAME mac_muladd_17s_13ns_29s_29_4_1_U204 SOURCE ../dct.c:48 VARIABLE add_ln48_86 LOOP {} BUNDLEDNAME {} DSP 1 BRAM 0 URAM 0 STORAGESUBTYPE {} DISPNAME {bind_op add} VISIBLE true} {BINDTYPE op ID {} IMPL dsp_slice LATENCY 3 OPTYPE add PRAGMA {} RTLNAME mac_muladd_17s_12ns_13ns_29_4_1_U205 SOURCE ../dct.c:48 VARIABLE add_ln48_87 LOOP {} BUNDLEDNAME {} DSP 1 BRAM 0 URAM 0 STORAGESUBTYPE {} DISPNAME {bind_op add} VISIBLE true} {BINDTYPE op ID {} IMPL fabric LATENCY 0 OPTYPE add PRAGMA {} RTLNAME tmp183_fu_1361_p2 SOURCE ../dct.c:46 VARIABLE tmp183 LOOP {} BUNDLEDNAME {} DSP 0 BRAM 0 URAM 0 STORAGESUBTYPE {} DISPNAME {bind_op add} VISIBLE true} {BINDTYPE op ID {} IMPL fabric LATENCY 0 OPTYPE add PRAGMA {} RTLNAME tmp170_fu_1383_p2 SOURCE ../dct.c:46 VARIABLE tmp170 LOOP {} BUNDLEDNAME {} DSP 0 BRAM 0 URAM 0 STORAGESUBTYPE {} DISPNAME {bind_op add} VISIBLE true} {BINDTYPE op ID {} IMPL fabric LATENCY 0 OPTYPE add PRAGMA {} RTLNAME add_ln48_90_fu_1989_p2 SOURCE ../dct.c:48 VARIABLE add_ln48_90 LOOP {} BUNDLEDNAME {} DSP 0 BRAM 0 URAM 0 STORAGESUBTYPE {} DISPNAME {bind_op add} VISIBLE true} {BINDTYPE op ID {} IMPL auto LATENCY 0 OPTYPE mul PRAGMA {} RTLNAME mul_16s_15ns_29_1_1_U10 SOURCE ../dct.c:48 VARIABLE mul_ln48_66 LOOP {} BUNDLEDNAME {} DSP 1 BRAM 0 URAM 0 STORAGESUBTYPE {} DISPNAME {bind_op mul} VISIBLE true} {BINDTYPE op ID {} IMPL dsp_slice LATENCY 3 OPTYPE mul PRAGMA {} RTLNAME mac_muladd_16s_15s_13ns_29_4_1_U146 SOURCE ../dct.c:48 VARIABLE mul_ln48_67 LOOP {} BUNDLEDNAME {} DSP 1 BRAM 0 URAM 0 STORAGESUBTYPE {} DISPNAME {bind_op mul} VISIBLE true} {BINDTYPE op ID {} IMPL dsp_slice LATENCY 3 OPTYPE mul PRAGMA {} RTLNAME mac_muladd_16s_15s_29s_29_4_1_U178 SOURCE ../dct.c:48 VARIABLE mul_ln48_68 LOOP {} BUNDLEDNAME {} DSP 1 BRAM 0 URAM 0 STORAGESUBTYPE {} DISPNAME {bind_op mul} VISIBLE true} {BINDTYPE op ID {} IMPL dsp_slice LATENCY 3 OPTYPE mul PRAGMA {} RTLNAME mac_muladd_16s_14ns_29s_29_4_1_U206 SOURCE ../dct.c:48 VARIABLE mul_ln48_69 LOOP {} BUNDLEDNAME {} DSP 1 BRAM 0 URAM 0 STORAGESUBTYPE {} DISPNAME {bind_op mul} VISIBLE true} {BINDTYPE op ID {} IMPL dsp_slice LATENCY 3 OPTYPE sub PRAGMA {} RTLNAME ama_submuladd_16s_16s_12ns_29s_29_4_1_U179 SOURCE ../dct.c:46 VARIABLE tmp188 LOOP {} BUNDLEDNAME {} DSP 1 BRAM 0 URAM 0 STORAGESUBTYPE {} DISPNAME {bind_op sub} VISIBLE true} {BINDTYPE op ID {} IMPL dsp_slice LATENCY 3 OPTYPE sext PRAGMA {} RTLNAME ama_submuladd_16s_16s_12ns_29s_29_4_1_U179 SOURCE ../dct.c:46 VARIABLE tmp188_cast LOOP {} BUNDLEDNAME {} DSP 1 BRAM 0 URAM 0 STORAGESUBTYPE {} DISPNAME {bind_op sext} VISIBLE false} {BINDTYPE op ID {} IMPL dsp_slice LATENCY 3 OPTYPE mul PRAGMA {} RTLNAME ama_submuladd_16s_16s_12ns_29s_29_4_1_U179 SOURCE ../dct.c:46 VARIABLE tmp189 LOOP {} BUNDLEDNAME {} DSP 1 BRAM 0 URAM 0 STORAGESUBTYPE {} DISPNAME {bind_op mul} VISIBLE true} {BINDTYPE op ID {} IMPL fabric LATENCY 0 OPTYPE sub PRAGMA {} RTLNAME tmp191_fu_1398_p2 SOURCE ../dct.c:46 VARIABLE tmp191 LOOP {} BUNDLEDNAME {} DSP 0 BRAM 0 URAM 0 STORAGESUBTYPE {} DISPNAME {bind_op sub} VISIBLE true} {BINDTYPE op ID {} IMPL auto LATENCY 0 OPTYPE mul PRAGMA {} RTLNAME mul_17s_14ns_29_1_1_U34 SOURCE ../dct.c:48 VARIABLE mul_ln48_70 LOOP {} BUNDLEDNAME {} DSP 1 BRAM 0 URAM 0 STORAGESUBTYPE {} DISPNAME {bind_op mul} VISIBLE true} {BINDTYPE op ID {} IMPL dsp_slice LATENCY 3 OPTYPE add PRAGMA {} RTLNAME ama_submuladd_16s_16s_12ns_29s_29_4_1_U179 SOURCE ../dct.c:48 VARIABLE add_ln48_91 LOOP {} BUNDLEDNAME {} DSP 1 BRAM 0 URAM 0 STORAGESUBTYPE {} DISPNAME {bind_op add} VISIBLE true} {BINDTYPE op ID {} IMPL dsp_slice LATENCY 3 OPTYPE add PRAGMA {} RTLNAME mac_muladd_16s_14ns_29s_29_4_1_U206 SOURCE ../dct.c:48 VARIABLE add_ln48_92 LOOP {} BUNDLEDNAME {} DSP 1 BRAM 0 URAM 0 STORAGESUBTYPE {} DISPNAME {bind_op add} VISIBLE true} {BINDTYPE op ID {} IMPL dsp_slice LATENCY 3 OPTYPE add PRAGMA {} RTLNAME mac_muladd_16s_15s_29s_29_4_1_U178 SOURCE ../dct.c:48 VARIABLE add_ln48_93 LOOP {} BUNDLEDNAME {} DSP 1 BRAM 0 URAM 0 STORAGESUBTYPE {} DISPNAME {bind_op add} VISIBLE true} {BINDTYPE op ID {} IMPL dsp_slice LATENCY 3 OPTYPE add PRAGMA {} RTLNAME mac_muladd_16s_15s_13ns_29_4_1_U146 SOURCE ../dct.c:48 VARIABLE add_ln48_94 LOOP {} BUNDLEDNAME {} DSP 1 BRAM 0 URAM 0 STORAGESUBTYPE {} DISPNAME {bind_op add} VISIBLE true} {BINDTYPE op ID {} IMPL fabric LATENCY 0 OPTYPE sub PRAGMA {} RTLNAME tmp195_fu_1414_p2 SOURCE ../dct.c:46 VARIABLE tmp195 LOOP {} BUNDLEDNAME {} DSP 0 BRAM 0 URAM 0 STORAGESUBTYPE {} DISPNAME {bind_op sub} VISIBLE true} {BINDTYPE op ID {} IMPL fabric LATENCY 0 OPTYPE sub PRAGMA {} RTLNAME tmp196_fu_1424_p2 SOURCE ../dct.c:46 VARIABLE tmp196 LOOP {} BUNDLEDNAME {} DSP 0 BRAM 0 URAM 0 STORAGESUBTYPE {} DISPNAME {bind_op sub} VISIBLE true} {BINDTYPE op ID {} IMPL dsp_slice LATENCY 3 OPTYPE add PRAGMA {} RTLNAME ama_addmuladd_18s_16s_13ns_29s_29_4_1_U207 SOURCE ../dct.c:46 VARIABLE tmp197 LOOP {} BUNDLEDNAME {} DSP 1 BRAM 0 URAM 0 STORAGESUBTYPE {} DISPNAME {bind_op add} VISIBLE true} {BINDTYPE op ID {} IMPL dsp_slice LATENCY 3 OPTYPE sext PRAGMA {} RTLNAME ama_addmuladd_18s_16s_13ns_29s_29_4_1_U207 SOURCE ../dct.c:46 VARIABLE tmp197_cast LOOP {} BUNDLEDNAME {} DSP 1 BRAM 0 URAM 0 STORAGESUBTYPE {} DISPNAME {bind_op sext} VISIBLE false} {BINDTYPE op ID {} IMPL dsp_slice LATENCY 3 OPTYPE mul PRAGMA {} RTLNAME ama_addmuladd_18s_16s_13ns_29s_29_4_1_U207 SOURCE ../dct.c:46 VARIABLE tmp198 LOOP {} BUNDLEDNAME {} DSP 1 BRAM 0 URAM 0 STORAGESUBTYPE {} DISPNAME {bind_op mul} VISIBLE true} {BINDTYPE op ID {} IMPL fabric LATENCY 0 OPTYPE sub PRAGMA {} RTLNAME tmp201_fu_1430_p2 SOURCE ../dct.c:46 VARIABLE tmp201 LOOP {} BUNDLEDNAME {} DSP 0 BRAM 0 URAM 0 STORAGESUBTYPE {} DISPNAME {bind_op sub} VISIBLE true} {BINDTYPE op ID {} IMPL dsp_slice LATENCY 3 OPTYPE mul PRAGMA {} RTLNAME mac_muladd_18s_14ns_13ns_29_4_1_U180 SOURCE ../dct.c:48 VARIABLE mul_ln48_71 LOOP {} BUNDLEDNAME {} DSP 1 BRAM 0 URAM 0 STORAGESUBTYPE {} DISPNAME {bind_op mul} VISIBLE true} {BINDTYPE op ID {} IMPL dsp_slice LATENCY 3 OPTYPE add PRAGMA {} RTLNAME mac_muladd_18s_14ns_13ns_29_4_1_U180 SOURCE ../dct.c:48 VARIABLE add_ln48_97 LOOP {} BUNDLEDNAME {} DSP 1 BRAM 0 URAM 0 STORAGESUBTYPE {} DISPNAME {bind_op add} VISIBLE true} {BINDTYPE op ID {} IMPL dsp_slice LATENCY 3 OPTYPE add PRAGMA {} RTLNAME ama_addmuladd_18s_16s_13ns_29s_29_4_1_U207 SOURCE ../dct.c:48 VARIABLE add_ln48_98 LOOP {} BUNDLEDNAME {} DSP 1 BRAM 0 URAM 0 STORAGESUBTYPE {} DISPNAME {bind_op add} VISIBLE true} {BINDTYPE op ID {} IMPL dsp_slice LATENCY 3 OPTYPE mul PRAGMA {} RTLNAME mac_muladd_16s_15s_13ns_29_4_1_U147 SOURCE ../dct.c:48 VARIABLE mul_ln48_72 LOOP {} BUNDLEDNAME {} DSP 1 BRAM 0 URAM 0 STORAGESUBTYPE {} DISPNAME {bind_op mul} VISIBLE true} {BINDTYPE op ID {} IMPL auto LATENCY 0 OPTYPE mul PRAGMA {} RTLNAME mul_16s_15ns_29_1_1_U11 SOURCE ../dct.c:48 VARIABLE mul_ln48_73 LOOP {} BUNDLEDNAME {} DSP 1 BRAM 0 URAM 0 STORAGESUBTYPE {} DISPNAME {bind_op mul} VISIBLE true} {BINDTYPE op ID {} IMPL auto LATENCY 0 OPTYPE mul PRAGMA {} RTLNAME mul_16s_15s_29_1_1_U12 SOURCE ../dct.c:48 VARIABLE mul_ln48_74 LOOP {} BUNDLEDNAME {} DSP 1 BRAM 0 URAM 0 STORAGESUBTYPE {} DISPNAME {bind_op mul} VISIBLE true} {BINDTYPE op ID {} IMPL dsp_slice LATENCY 3 OPTYPE mul PRAGMA {} RTLNAME mac_muladd_16s_14ns_29s_29_4_1_U208 SOURCE ../dct.c:48 VARIABLE mul_ln48_75 LOOP {} BUNDLEDNAME {} DSP 1 BRAM 0 URAM 0 STORAGESUBTYPE {} DISPNAME {bind_op mul} VISIBLE true} {BINDTYPE op ID {} IMPL dsp_slice LATENCY 3 OPTYPE sub PRAGMA {} RTLNAME ama_submuladd_16s_16s_13ns_29s_29_4_1_U181 SOURCE ../dct.c:46 VARIABLE tmp206 LOOP {} BUNDLEDNAME {} DSP 1 BRAM 0 URAM 0 STORAGESUBTYPE {} DISPNAME {bind_op sub} VISIBLE true} {BINDTYPE op ID {} IMPL dsp_slice LATENCY 3 OPTYPE sext PRAGMA {} RTLNAME ama_submuladd_16s_16s_13ns_29s_29_4_1_U181 SOURCE ../dct.c:46 VARIABLE tmp206_cast LOOP {} BUNDLEDNAME {} DSP 1 BRAM 0 URAM 0 STORAGESUBTYPE {} DISPNAME {bind_op sext} VISIBLE false} {BINDTYPE op ID {} IMPL dsp_slice LATENCY 3 OPTYPE mul PRAGMA {} RTLNAME ama_submuladd_16s_16s_13ns_29s_29_4_1_U181 SOURCE ../dct.c:46 VARIABLE tmp207 LOOP {} BUNDLEDNAME {} DSP 1 BRAM 0 URAM 0 STORAGESUBTYPE {} DISPNAME {bind_op mul} VISIBLE true} {BINDTYPE op ID {} IMPL fabric LATENCY 0 OPTYPE sub PRAGMA {} RTLNAME tmp209_fu_1455_p2 SOURCE ../dct.c:46 VARIABLE tmp209 LOOP {} BUNDLEDNAME {} DSP 0 BRAM 0 URAM 0 STORAGESUBTYPE {} DISPNAME {bind_op sub} VISIBLE true} {BINDTYPE op ID {} IMPL dsp_slice LATENCY 3 OPTYPE mul PRAGMA {} RTLNAME mac_muladd_17s_12ns_29s_29_4_1_U182 SOURCE ../dct.c:48 VARIABLE mul_ln48_76 LOOP {} BUNDLEDNAME {} DSP 1 BRAM 0 URAM 0 STORAGESUBTYPE {} DISPNAME {bind_op mul} VISIBLE true} {BINDTYPE op ID {} IMPL dsp_slice LATENCY 3 OPTYPE add PRAGMA {} RTLNAME ama_submuladd_16s_16s_13ns_29s_29_4_1_U181 SOURCE ../dct.c:48 VARIABLE add_ln48_99 LOOP {} BUNDLEDNAME {} DSP 1 BRAM 0 URAM 0 STORAGESUBTYPE {} DISPNAME {bind_op add} VISIBLE true} {BINDTYPE op ID {} IMPL dsp_slice LATENCY 3 OPTYPE add PRAGMA {} RTLNAME mac_muladd_16s_14ns_29s_29_4_1_U208 SOURCE ../dct.c:48 VARIABLE add_ln48_100 LOOP {} BUNDLEDNAME {} DSP 1 BRAM 0 URAM 0 STORAGESUBTYPE {} DISPNAME {bind_op add} VISIBLE true} {BINDTYPE op ID {} IMPL dsp_slice LATENCY 3 OPTYPE add PRAGMA {} RTLNAME mac_muladd_17s_12ns_29s_29_4_1_U182 SOURCE ../dct.c:48 VARIABLE add_ln48_101 LOOP {} BUNDLEDNAME {} DSP 1 BRAM 0 URAM 0 STORAGESUBTYPE {} DISPNAME {bind_op add} VISIBLE true} {BINDTYPE op ID {} IMPL dsp_slice LATENCY 3 OPTYPE add PRAGMA {} RTLNAME mac_muladd_16s_15s_13ns_29_4_1_U147 SOURCE ../dct.c:48 VARIABLE add_ln48_102 LOOP {} BUNDLEDNAME {} DSP 1 BRAM 0 URAM 0 STORAGESUBTYPE {} DISPNAME {bind_op add} VISIBLE true} {BINDTYPE op ID {} IMPL fabric LATENCY 0 OPTYPE add PRAGMA {} RTLNAME tmp211_fu_1465_p2 SOURCE ../dct.c:46 VARIABLE tmp211 LOOP {} BUNDLEDNAME {} DSP 0 BRAM 0 URAM 0 STORAGESUBTYPE {} DISPNAME {bind_op add} VISIBLE true} {BINDTYPE op ID {} IMPL fabric LATENCY 0 OPTYPE sub PRAGMA {} RTLNAME sub_ln48_3_fu_2032_p2 SOURCE ../dct.c:48 VARIABLE sub_ln48_3 LOOP {} BUNDLEDNAME {} DSP 0 BRAM 0 URAM 0 STORAGESUBTYPE {} DISPNAME {bind_op sub} VISIBLE true} {BINDTYPE op ID {} IMPL dsp_slice LATENCY 3 OPTYPE mul PRAGMA {} RTLNAME mac_muladd_16s_15s_29s_29_4_1_U209 SOURCE ../dct.c:48 VARIABLE mul_ln48_77 LOOP {} BUNDLEDNAME {} DSP 1 BRAM 0 URAM 0 STORAGESUBTYPE {} DISPNAME {bind_op mul} VISIBLE true} {BINDTYPE op ID {} IMPL dsp_slice LATENCY 3 OPTYPE mul PRAGMA {} RTLNAME mac_muladd_16s_14ns_29s_29_4_1_U183 SOURCE ../dct.c:48 VARIABLE mul_ln48_78 LOOP {} BUNDLEDNAME {} DSP 1 BRAM 0 URAM 0 STORAGESUBTYPE {} DISPNAME {bind_op mul} VISIBLE true} {BINDTYPE op ID {} IMPL dsp_slice LATENCY 3 OPTYPE mul PRAGMA {} RTLNAME mac_muladd_16s_15s_29s_29_4_1_U184 SOURCE ../dct.c:48 VARIABLE mul_ln48_79 LOOP {} BUNDLEDNAME {} DSP 1 BRAM 0 URAM 0 STORAGESUBTYPE {} DISPNAME {bind_op mul} VISIBLE true} {BINDTYPE op ID {} IMPL auto LATENCY 0 OPTYPE mul PRAGMA {} RTLNAME mul_16s_15ns_29_1_1_U13 SOURCE ../dct.c:48 VARIABLE mul_ln48_80 LOOP {} BUNDLEDNAME {} DSP 1 BRAM 0 URAM 0 STORAGESUBTYPE {} DISPNAME {bind_op mul} VISIBLE true} {BINDTYPE op ID {} IMPL auto LATENCY 0 OPTYPE mul PRAGMA {} RTLNAME mul_17s_13ns_29_1_1_U35 SOURCE ../dct.c:46 VARIABLE tmp217 LOOP {} BUNDLEDNAME {} DSP 1 BRAM 0 URAM 0 STORAGESUBTYPE {} DISPNAME {bind_op mul} VISIBLE true} {BINDTYPE op ID {} IMPL fabric LATENCY 0 OPTYPE sub PRAGMA {} RTLNAME tmp219_fu_909_p2 SOURCE ../dct.c:46 VARIABLE tmp219 LOOP {} BUNDLEDNAME {} DSP 0 BRAM 0 URAM 0 STORAGESUBTYPE {} DISPNAME {bind_op sub} VISIBLE true} {BINDTYPE op ID {} IMPL dsp_slice LATENCY 3 OPTYPE mul PRAGMA {} RTLNAME mac_muladd_17s_13ns_13ns_29_4_1_U148 SOURCE ../dct.c:48 VARIABLE mul_ln48_81 LOOP {} BUNDLEDNAME {} DSP 1 BRAM 0 URAM 0 STORAGESUBTYPE {} DISPNAME {bind_op mul} VISIBLE true} {BINDTYPE op ID {} IMPL dsp_slice LATENCY 3 OPTYPE add PRAGMA {} RTLNAME mac_muladd_16s_15s_29s_29_4_1_U184 SOURCE ../dct.c:48 VARIABLE add_ln48_106 LOOP {} BUNDLEDNAME {} DSP 1 BRAM 0 URAM 0 STORAGESUBTYPE {} DISPNAME {bind_op add} VISIBLE true} {BINDTYPE op ID {} IMPL dsp_slice LATENCY 3 OPTYPE add PRAGMA {} RTLNAME mac_muladd_16s_15s_29s_29_4_1_U209 SOURCE ../dct.c:48 VARIABLE add_ln48_107 LOOP {} BUNDLEDNAME {} DSP 1 BRAM 0 URAM 0 STORAGESUBTYPE {} DISPNAME {bind_op add} VISIBLE true} {BINDTYPE op ID {} IMPL dsp_slice LATENCY 3 OPTYPE add PRAGMA {} RTLNAME mac_muladd_16s_14ns_29s_29_4_1_U183 SOURCE ../dct.c:48 VARIABLE add_ln48_108 LOOP {} BUNDLEDNAME {} DSP 1 BRAM 0 URAM 0 STORAGESUBTYPE {} DISPNAME {bind_op add} VISIBLE true} {BINDTYPE op ID {} IMPL dsp_slice LATENCY 3 OPTYPE add PRAGMA {} RTLNAME mac_muladd_17s_13ns_13ns_29_4_1_U148 SOURCE ../dct.c:48 VARIABLE add_ln48_109 LOOP {} BUNDLEDNAME {} DSP 1 BRAM 0 URAM 0 STORAGESUBTYPE {} DISPNAME {bind_op add} VISIBLE true} {BINDTYPE op ID {} IMPL fabric LATENCY 0 OPTYPE sub PRAGMA {} RTLNAME tmp223_fu_1485_p2 SOURCE ../dct.c:46 VARIABLE tmp223 LOOP {} BUNDLEDNAME {} DSP 0 BRAM 0 URAM 0 STORAGESUBTYPE {} DISPNAME {bind_op sub} VISIBLE true} {BINDTYPE op ID {} IMPL fabric LATENCY 0 OPTYPE add PRAGMA {} RTLNAME tmp224_fu_1495_p2 SOURCE ../dct.c:46 VARIABLE tmp224 LOOP {} BUNDLEDNAME {} DSP 0 BRAM 0 URAM 0 STORAGESUBTYPE {} DISPNAME {bind_op add} VISIBLE true} {BINDTYPE op ID {} IMPL dsp_slice LATENCY 3 OPTYPE sub PRAGMA {} RTLNAME ama_submuladd_18s_16s_14ns_29s_29_4_1_U210 SOURCE ../dct.c:46 VARIABLE tmp225 LOOP {} BUNDLEDNAME {} DSP 1 BRAM 0 URAM 0 STORAGESUBTYPE {} DISPNAME {bind_op sub} VISIBLE true} {BINDTYPE op ID {} IMPL dsp_slice LATENCY 3 OPTYPE sext PRAGMA {} RTLNAME ama_submuladd_18s_16s_14ns_29s_29_4_1_U210 SOURCE ../dct.c:46 VARIABLE tmp225_cast LOOP {} BUNDLEDNAME {} DSP 1 BRAM 0 URAM 0 STORAGESUBTYPE {} DISPNAME {bind_op sext} VISIBLE false} {BINDTYPE op ID {} IMPL dsp_slice LATENCY 3 OPTYPE mul PRAGMA {} RTLNAME ama_submuladd_18s_16s_14ns_29s_29_4_1_U210 SOURCE ../dct.c:46 VARIABLE tmp226 LOOP {} BUNDLEDNAME {} DSP 1 BRAM 0 URAM 0 STORAGESUBTYPE {} DISPNAME {bind_op mul} VISIBLE true} {BINDTYPE op ID {} IMPL dsp_slice LATENCY 3 OPTYPE mul PRAGMA {} RTLNAME mac_muladd_18s_13ns_13ns_29_4_1_U185 SOURCE ../dct.c:48 VARIABLE mul_ln48_82 LOOP {} BUNDLEDNAME {} DSP 1 BRAM 0 URAM 0 STORAGESUBTYPE {} DISPNAME {bind_op mul} VISIBLE true} {BINDTYPE op ID {} IMPL dsp_slice LATENCY 3 OPTYPE add PRAGMA {} RTLNAME mac_muladd_18s_13ns_13ns_29_4_1_U185 SOURCE ../dct.c:48 VARIABLE add_ln48_112 LOOP {} BUNDLEDNAME {} DSP 1 BRAM 0 URAM 0 STORAGESUBTYPE {} DISPNAME {bind_op add} VISIBLE true} {BINDTYPE op ID {} IMPL dsp_slice LATENCY 3 OPTYPE add PRAGMA {} RTLNAME ama_submuladd_18s_16s_14ns_29s_29_4_1_U210 SOURCE ../dct.c:48 VARIABLE add_ln48_113 LOOP {} BUNDLEDNAME {} DSP 1 BRAM 0 URAM 0 STORAGESUBTYPE {} DISPNAME {bind_op add} VISIBLE true} {BINDTYPE op ID {} IMPL auto LATENCY 0 OPTYPE mul PRAGMA {} RTLNAME mul_16s_15s_29_1_1_U14 SOURCE ../dct.c:48 VARIABLE mul_ln48_83 LOOP {} BUNDLEDNAME {} DSP 1 BRAM 0 URAM 0 STORAGESUBTYPE {} DISPNAME {bind_op mul} VISIBLE true} {BINDTYPE op ID {} IMPL dsp_slice LATENCY 3 OPTYPE mul PRAGMA {} RTLNAME mac_muladd_16s_14ns_29s_29_4_1_U186 SOURCE ../dct.c:48 VARIABLE mul_ln48_84 LOOP {} BUNDLEDNAME {} DSP 1 BRAM 0 URAM 0 STORAGESUBTYPE {} DISPNAME {bind_op mul} VISIBLE true} {BINDTYPE op ID {} IMPL auto LATENCY 0 OPTYPE mul PRAGMA {} RTLNAME mul_16s_15s_29_1_1_U15 SOURCE ../dct.c:48 VARIABLE mul_ln48_85 LOOP {} BUNDLEDNAME {} DSP 1 BRAM 0 URAM 0 STORAGESUBTYPE {} DISPNAME {bind_op mul} VISIBLE true} {BINDTYPE op ID {} IMPL dsp_slice LATENCY 3 OPTYPE mul PRAGMA {} RTLNAME mac_muladd_16s_14ns_29s_29_4_1_U211 SOURCE ../dct.c:48 VARIABLE mul_ln48_86 LOOP {} BUNDLEDNAME {} DSP 1 BRAM 0 URAM 0 STORAGESUBTYPE {} DISPNAME {bind_op mul} VISIBLE true} {BINDTYPE op ID {} IMPL dsp_slice LATENCY 3 OPTYPE mul PRAGMA {} RTLNAME mac_muladd_17s_13ns_29s_29_4_1_U187 SOURCE ../dct.c:46 VARIABLE tmp235 LOOP {} BUNDLEDNAME {} DSP 1 BRAM 0 URAM 0 STORAGESUBTYPE {} DISPNAME {bind_op mul} VISIBLE true} {BINDTYPE op ID {} IMPL dsp_slice LATENCY 3 OPTYPE mul PRAGMA {} RTLNAME mac_muladd_17s_12ns_13ns_29_4_1_U149 SOURCE ../dct.c:48 VARIABLE mul_ln48_87 LOOP {} BUNDLEDNAME {} DSP 1 BRAM 0 URAM 0 STORAGESUBTYPE {} DISPNAME {bind_op mul} VISIBLE true} {BINDTYPE op ID {} IMPL dsp_slice LATENCY 3 OPTYPE add PRAGMA {} RTLNAME mac_muladd_16s_14ns_29s_29_4_1_U186 SOURCE ../dct.c:48 VARIABLE add_ln48_114 LOOP {} BUNDLEDNAME {} DSP 1 BRAM 0 URAM 0 STORAGESUBTYPE {} DISPNAME {bind_op add} VISIBLE true} {BINDTYPE op ID {} IMPL dsp_slice LATENCY 3 OPTYPE add PRAGMA {} RTLNAME mac_muladd_16s_14ns_29s_29_4_1_U211 SOURCE ../dct.c:48 VARIABLE add_ln48_115 LOOP {} BUNDLEDNAME {} DSP 1 BRAM 0 URAM 0 STORAGESUBTYPE {} DISPNAME {bind_op add} VISIBLE true} {BINDTYPE op ID {} IMPL dsp_slice LATENCY 3 OPTYPE add PRAGMA {} RTLNAME mac_muladd_17s_13ns_29s_29_4_1_U187 SOURCE ../dct.c:48 VARIABLE add_ln48_116 LOOP {} BUNDLEDNAME {} DSP 1 BRAM 0 URAM 0 STORAGESUBTYPE {} DISPNAME {bind_op add} VISIBLE true} {BINDTYPE op ID {} IMPL dsp_slice LATENCY 3 OPTYPE add PRAGMA {} RTLNAME mac_muladd_17s_12ns_13ns_29_4_1_U149 SOURCE ../dct.c:48 VARIABLE add_ln48_117 LOOP {} BUNDLEDNAME {} DSP 1 BRAM 0 URAM 0 STORAGESUBTYPE {} DISPNAME {bind_op add} VISIBLE true} {BINDTYPE op ID {} IMPL fabric LATENCY 0 OPTYPE add PRAGMA {} RTLNAME tmp243_fu_1509_p2 SOURCE ../dct.c:46 VARIABLE tmp243 LOOP {} BUNDLEDNAME {} DSP 0 BRAM 0 URAM 0 STORAGESUBTYPE {} DISPNAME {bind_op add} VISIBLE true} {BINDTYPE op ID {} IMPL fabric LATENCY 0 OPTYPE add PRAGMA {} RTLNAME tmp227_fu_2095_p2 SOURCE ../dct.c:46 VARIABLE tmp227 LOOP {} BUNDLEDNAME {} DSP 0 BRAM 0 URAM 0 STORAGESUBTYPE {} DISPNAME {bind_op add} VISIBLE true} {BINDTYPE op ID {} IMPL fabric LATENCY 0 OPTYPE add PRAGMA {} RTLNAME add_ln48_120_fu_2509_p2 SOURCE ../dct.c:48 VARIABLE add_ln48_120 LOOP {} BUNDLEDNAME {} DSP 0 BRAM 0 URAM 0 STORAGESUBTYPE {} DISPNAME {bind_op add} VISIBLE true} {BINDTYPE op ID {} IMPL auto LATENCY 0 OPTYPE mul PRAGMA {} RTLNAME mul_16s_15ns_29_1_1_U16 SOURCE ../dct.c:48 VARIABLE mul_ln48_88 LOOP {} BUNDLEDNAME {} DSP 1 BRAM 0 URAM 0 STORAGESUBTYPE {} DISPNAME {bind_op mul} VISIBLE true} {BINDTYPE op ID {} IMPL dsp_slice LATENCY 3 OPTYPE mul PRAGMA {} RTLNAME mac_muladd_16s_15s_13ns_29_4_1_U150 SOURCE ../dct.c:48 VARIABLE mul_ln48_89 LOOP {} BUNDLEDNAME {} DSP 1 BRAM 0 URAM 0 STORAGESUBTYPE {} DISPNAME {bind_op mul} VISIBLE true} {BINDTYPE op ID {} IMPL dsp_slice LATENCY 3 OPTYPE mul PRAGMA {} RTLNAME mac_muladd_16s_15s_29s_29_4_1_U212 SOURCE ../dct.c:48 VARIABLE mul_ln48_90 LOOP {} BUNDLEDNAME {} DSP 1 BRAM 0 URAM 0 STORAGESUBTYPE {} DISPNAME {bind_op mul} VISIBLE true} {BINDTYPE op ID {} IMPL dsp_slice LATENCY 3 OPTYPE mul PRAGMA {} RTLNAME mac_muladd_16s_14ns_29s_29_4_1_U242 SOURCE ../dct.c:48 VARIABLE mul_ln48_91 LOOP {} BUNDLEDNAME {} DSP 1 BRAM 0 URAM 0 STORAGESUBTYPE {} DISPNAME {bind_op mul} VISIBLE true} {BINDTYPE op ID {} IMPL dsp_slice LATENCY 3 OPTYPE sub PRAGMA {} RTLNAME ama_submuladd_16s_16s_12ns_29s_29_4_1_U213 SOURCE ../dct.c:46 VARIABLE tmp248 LOOP {} BUNDLEDNAME {} DSP 1 BRAM 0 URAM 0 STORAGESUBTYPE {} DISPNAME {bind_op sub} VISIBLE true} {BINDTYPE op ID {} IMPL dsp_slice LATENCY 3 OPTYPE sext PRAGMA {} RTLNAME ama_submuladd_16s_16s_12ns_29s_29_4_1_U213 SOURCE ../dct.c:46 VARIABLE tmp248_cast LOOP {} BUNDLEDNAME {} DSP 1 BRAM 0 URAM 0 STORAGESUBTYPE {} DISPNAME {bind_op sext} VISIBLE false} {BINDTYPE op ID {} IMPL dsp_slice LATENCY 3 OPTYPE mul PRAGMA {} RTLNAME ama_submuladd_16s_16s_12ns_29s_29_4_1_U213 SOURCE ../dct.c:46 VARIABLE tmp249 LOOP {} BUNDLEDNAME {} DSP 1 BRAM 0 URAM 0 STORAGESUBTYPE {} DISPNAME {bind_op mul} VISIBLE true} {BINDTYPE op ID {} IMPL fabric LATENCY 0 OPTYPE sub PRAGMA {} RTLNAME tmp251_fu_1514_p2 SOURCE ../dct.c:46 VARIABLE tmp251 LOOP {} BUNDLEDNAME {} DSP 0 BRAM 0 URAM 0 STORAGESUBTYPE {} DISPNAME {bind_op sub} VISIBLE true} {BINDTYPE op ID {} IMPL auto LATENCY 0 OPTYPE mul PRAGMA {} RTLNAME mul_17s_14ns_29_1_1_U36 SOURCE ../dct.c:48 VARIABLE mul_ln48_92 LOOP {} BUNDLEDNAME {} DSP 1 BRAM 0 URAM 0 STORAGESUBTYPE {} DISPNAME {bind_op mul} VISIBLE true} {BINDTYPE op ID {} IMPL dsp_slice LATENCY 3 OPTYPE add PRAGMA {} RTLNAME ama_submuladd_16s_16s_12ns_29s_29_4_1_U213 SOURCE ../dct.c:48 VARIABLE add_ln48_121 LOOP {} BUNDLEDNAME {} DSP 1 BRAM 0 URAM 0 STORAGESUBTYPE {} DISPNAME {bind_op add} VISIBLE true} {BINDTYPE op ID {} IMPL dsp_slice LATENCY 3 OPTYPE add PRAGMA {} RTLNAME mac_muladd_16s_14ns_29s_29_4_1_U242 SOURCE ../dct.c:48 VARIABLE add_ln48_122 LOOP {} BUNDLEDNAME {} DSP 1 BRAM 0 URAM 0 STORAGESUBTYPE {} DISPNAME {bind_op add} VISIBLE true} {BINDTYPE op ID {} IMPL dsp_slice LATENCY 3 OPTYPE add PRAGMA {} RTLNAME mac_muladd_16s_15s_29s_29_4_1_U212 SOURCE ../dct.c:48 VARIABLE add_ln48_123 LOOP {} BUNDLEDNAME {} DSP 1 BRAM 0 URAM 0 STORAGESUBTYPE {} DISPNAME {bind_op add} VISIBLE true} {BINDTYPE op ID {} IMPL dsp_slice LATENCY 3 OPTYPE add PRAGMA {} RTLNAME mac_muladd_16s_15s_13ns_29_4_1_U150 SOURCE ../dct.c:48 VARIABLE add_ln48_124 LOOP {} BUNDLEDNAME {} DSP 1 BRAM 0 URAM 0 STORAGESUBTYPE {} DISPNAME {bind_op add} VISIBLE true} {BINDTYPE op ID {} IMPL fabric LATENCY 0 OPTYPE sub PRAGMA {} RTLNAME tmp255_fu_2110_p2 SOURCE ../dct.c:46 VARIABLE tmp255 LOOP {} BUNDLEDNAME {} DSP 0 BRAM 0 URAM 0 STORAGESUBTYPE {} DISPNAME {bind_op sub} VISIBLE true} {BINDTYPE op ID {} IMPL fabric LATENCY 0 OPTYPE sub PRAGMA {} RTLNAME tmp256_fu_2119_p2 SOURCE ../dct.c:46 VARIABLE tmp256 LOOP {} BUNDLEDNAME {} DSP 0 BRAM 0 URAM 0 STORAGESUBTYPE {} DISPNAME {bind_op sub} VISIBLE true} {BINDTYPE op ID {} IMPL dsp_slice LATENCY 3 OPTYPE add PRAGMA {} RTLNAME ama_addmuladd_18s_16s_13ns_29s_29_4_1_U243 SOURCE ../dct.c:46 VARIABLE tmp257 LOOP {} BUNDLEDNAME {} DSP 1 BRAM 0 URAM 0 STORAGESUBTYPE {} DISPNAME {bind_op add} VISIBLE true} {BINDTYPE op ID {} IMPL dsp_slice LATENCY 3 OPTYPE sext PRAGMA {} RTLNAME ama_addmuladd_18s_16s_13ns_29s_29_4_1_U243 SOURCE ../dct.c:46 VARIABLE tmp257_cast LOOP {} BUNDLEDNAME {} DSP 1 BRAM 0 URAM 0 STORAGESUBTYPE {} DISPNAME {bind_op sext} VISIBLE false} {BINDTYPE op ID {} IMPL dsp_slice LATENCY 3 OPTYPE mul PRAGMA {} RTLNAME ama_addmuladd_18s_16s_13ns_29s_29_4_1_U243 SOURCE ../dct.c:46 VARIABLE tmp258 LOOP {} BUNDLEDNAME {} DSP 1 BRAM 0 URAM 0 STORAGESUBTYPE {} DISPNAME {bind_op mul} VISIBLE true} {BINDTYPE op ID {} IMPL fabric LATENCY 0 OPTYPE sub PRAGMA {} RTLNAME tmp261_fu_2125_p2 SOURCE ../dct.c:46 VARIABLE tmp261 LOOP {} BUNDLEDNAME {} DSP 0 BRAM 0 URAM 0 STORAGESUBTYPE {} DISPNAME {bind_op sub} VISIBLE true} {BINDTYPE op ID {} IMPL dsp_slice LATENCY 3 OPTYPE mul PRAGMA {} RTLNAME mac_muladd_18s_14ns_13ns_29_4_1_U214 SOURCE ../dct.c:48 VARIABLE mul_ln48_93 LOOP {} BUNDLEDNAME {} DSP 1 BRAM 0 URAM 0 STORAGESUBTYPE {} DISPNAME {bind_op mul} VISIBLE true} {BINDTYPE op ID {} IMPL dsp_slice LATENCY 3 OPTYPE add PRAGMA {} RTLNAME mac_muladd_18s_14ns_13ns_29_4_1_U214 SOURCE ../dct.c:48 VARIABLE add_ln48_127 LOOP {} BUNDLEDNAME {} DSP 1 BRAM 0 URAM 0 STORAGESUBTYPE {} DISPNAME {bind_op add} VISIBLE true} {BINDTYPE op ID {} IMPL dsp_slice LATENCY 3 OPTYPE add PRAGMA {} RTLNAME ama_addmuladd_18s_16s_13ns_29s_29_4_1_U243 SOURCE ../dct.c:48 VARIABLE add_ln48_128 LOOP {} BUNDLEDNAME {} DSP 1 BRAM 0 URAM 0 STORAGESUBTYPE {} DISPNAME {bind_op add} VISIBLE true} {BINDTYPE op ID {} IMPL dsp_slice LATENCY 3 OPTYPE mul PRAGMA {} RTLNAME mac_muladd_16s_15s_13ns_29_4_1_U151 SOURCE ../dct.c:48 VARIABLE mul_ln48_94 LOOP {} BUNDLEDNAME {} DSP 1 BRAM 0 URAM 0 STORAGESUBTYPE {} DISPNAME {bind_op mul} VISIBLE true} {BINDTYPE op ID {} IMPL auto LATENCY 0 OPTYPE mul PRAGMA {} RTLNAME mul_16s_15ns_29_1_1_U17 SOURCE ../dct.c:48 VARIABLE mul_ln48_95 LOOP {} BUNDLEDNAME {} DSP 1 BRAM 0 URAM 0 STORAGESUBTYPE {} DISPNAME {bind_op mul} VISIBLE true} {BINDTYPE op ID {} IMPL auto LATENCY 0 OPTYPE mul PRAGMA {} RTLNAME mul_16s_15s_29_1_1_U18 SOURCE ../dct.c:48 VARIABLE mul_ln48_96 LOOP {} BUNDLEDNAME {} DSP 1 BRAM 0 URAM 0 STORAGESUBTYPE {} DISPNAME {bind_op mul} VISIBLE true} {BINDTYPE op ID {} IMPL dsp_slice LATENCY 3 OPTYPE mul PRAGMA {} RTLNAME mac_muladd_16s_14ns_29s_29_4_1_U244 SOURCE ../dct.c:48 VARIABLE mul_ln48_97 LOOP {} BUNDLEDNAME {} DSP 1 BRAM 0 URAM 0 STORAGESUBTYPE {} DISPNAME {bind_op mul} VISIBLE true} {BINDTYPE op ID {} IMPL dsp_slice LATENCY 3 OPTYPE sub PRAGMA {} RTLNAME ama_submuladd_16s_16s_13ns_29s_29_4_1_U215 SOURCE ../dct.c:46 VARIABLE tmp266 LOOP {} BUNDLEDNAME {} DSP 1 BRAM 0 URAM 0 STORAGESUBTYPE {} DISPNAME {bind_op sub} VISIBLE true} {BINDTYPE op ID {} IMPL dsp_slice LATENCY 3 OPTYPE sext PRAGMA {} RTLNAME ama_submuladd_16s_16s_13ns_29s_29_4_1_U215 SOURCE ../dct.c:46 VARIABLE tmp266_cast LOOP {} BUNDLEDNAME {} DSP 1 BRAM 0 URAM 0 STORAGESUBTYPE {} DISPNAME {bind_op sext} VISIBLE false} {BINDTYPE op ID {} IMPL dsp_slice LATENCY 3 OPTYPE mul PRAGMA {} RTLNAME ama_submuladd_16s_16s_13ns_29s_29_4_1_U215 SOURCE ../dct.c:46 VARIABLE tmp267 LOOP {} BUNDLEDNAME {} DSP 1 BRAM 0 URAM 0 STORAGESUBTYPE {} DISPNAME {bind_op mul} VISIBLE true} {BINDTYPE op ID {} IMPL fabric LATENCY 0 OPTYPE sub PRAGMA {} RTLNAME tmp269_fu_2150_p2 SOURCE ../dct.c:46 VARIABLE tmp269 LOOP {} BUNDLEDNAME {} DSP 0 BRAM 0 URAM 0 STORAGESUBTYPE {} DISPNAME {bind_op sub} VISIBLE true} {BINDTYPE op ID {} IMPL dsp_slice LATENCY 3 OPTYPE mul PRAGMA {} RTLNAME mac_muladd_17s_12ns_29s_29_4_1_U216 SOURCE ../dct.c:48 VARIABLE mul_ln48_98 LOOP {} BUNDLEDNAME {} DSP 1 BRAM 0 URAM 0 STORAGESUBTYPE {} DISPNAME {bind_op mul} VISIBLE true} {BINDTYPE op ID {} IMPL dsp_slice LATENCY 3 OPTYPE add PRAGMA {} RTLNAME ama_submuladd_16s_16s_13ns_29s_29_4_1_U215 SOURCE ../dct.c:48 VARIABLE add_ln48_129 LOOP {} BUNDLEDNAME {} DSP 1 BRAM 0 URAM 0 STORAGESUBTYPE {} DISPNAME {bind_op add} VISIBLE true} {BINDTYPE op ID {} IMPL dsp_slice LATENCY 3 OPTYPE add PRAGMA {} RTLNAME mac_muladd_16s_14ns_29s_29_4_1_U244 SOURCE ../dct.c:48 VARIABLE add_ln48_130 LOOP {} BUNDLEDNAME {} DSP 1 BRAM 0 URAM 0 STORAGESUBTYPE {} DISPNAME {bind_op add} VISIBLE true} {BINDTYPE op ID {} IMPL dsp_slice LATENCY 3 OPTYPE add PRAGMA {} RTLNAME mac_muladd_17s_12ns_29s_29_4_1_U216 SOURCE ../dct.c:48 VARIABLE add_ln48_131 LOOP {} BUNDLEDNAME {} DSP 1 BRAM 0 URAM 0 STORAGESUBTYPE {} DISPNAME {bind_op add} VISIBLE true} {BINDTYPE op ID {} IMPL dsp_slice LATENCY 3 OPTYPE add PRAGMA {} RTLNAME mac_muladd_16s_15s_13ns_29_4_1_U151 SOURCE ../dct.c:48 VARIABLE add_ln48_132 LOOP {} BUNDLEDNAME {} DSP 1 BRAM 0 URAM 0 STORAGESUBTYPE {} DISPNAME {bind_op add} VISIBLE true} {BINDTYPE op ID {} IMPL fabric LATENCY 0 OPTYPE add PRAGMA {} RTLNAME tmp271_fu_2160_p2 SOURCE ../dct.c:46 VARIABLE tmp271 LOOP {} BUNDLEDNAME {} DSP 0 BRAM 0 URAM 0 STORAGESUBTYPE {} DISPNAME {bind_op add} VISIBLE true} {BINDTYPE op ID {} IMPL fabric LATENCY 0 OPTYPE sub PRAGMA {} RTLNAME sub_ln48_4_fu_2552_p2 SOURCE ../dct.c:48 VARIABLE sub_ln48_4 LOOP {} BUNDLEDNAME {} DSP 0 BRAM 0 URAM 0 STORAGESUBTYPE {} DISPNAME {bind_op sub} VISIBLE true} {BINDTYPE op ID {} IMPL dsp_slice LATENCY 3 OPTYPE mul PRAGMA {} RTLNAME mac_muladd_16s_15s_29s_29_4_1_U245 SOURCE ../dct.c:48 VARIABLE mul_ln48_99 LOOP {} BUNDLEDNAME {} DSP 1 BRAM 0 URAM 0 STORAGESUBTYPE {} DISPNAME {bind_op mul} VISIBLE true} {BINDTYPE op ID {} IMPL dsp_slice LATENCY 3 OPTYPE mul PRAGMA {} RTLNAME mac_muladd_16s_14ns_29s_29_4_1_U217 SOURCE ../dct.c:48 VARIABLE mul_ln48_100 LOOP {} BUNDLEDNAME {} DSP 1 BRAM 0 URAM 0 STORAGESUBTYPE {} DISPNAME {bind_op mul} VISIBLE true} {BINDTYPE op ID {} IMPL dsp_slice LATENCY 3 OPTYPE mul PRAGMA {} RTLNAME mac_muladd_16s_15s_29s_29_4_1_U218 SOURCE ../dct.c:48 VARIABLE mul_ln48_101 LOOP {} BUNDLEDNAME {} DSP 1 BRAM 0 URAM 0 STORAGESUBTYPE {} DISPNAME {bind_op mul} VISIBLE true} {BINDTYPE op ID {} IMPL auto LATENCY 0 OPTYPE mul PRAGMA {} RTLNAME mul_16s_15ns_29_1_1_U19 SOURCE ../dct.c:48 VARIABLE mul_ln48_102 LOOP {} BUNDLEDNAME {} DSP 1 BRAM 0 URAM 0 STORAGESUBTYPE {} DISPNAME {bind_op mul} VISIBLE true} {BINDTYPE op ID {} IMPL auto LATENCY 0 OPTYPE mul PRAGMA {} RTLNAME mul_17s_13ns_29_1_1_U37 SOURCE ../dct.c:46 VARIABLE tmp277 LOOP {} BUNDLEDNAME {} DSP 1 BRAM 0 URAM 0 STORAGESUBTYPE {} DISPNAME {bind_op mul} VISIBLE true} {BINDTYPE op ID {} IMPL fabric LATENCY 0 OPTYPE sub PRAGMA {} RTLNAME tmp279_fu_983_p2 SOURCE ../dct.c:46 VARIABLE tmp279 LOOP {} BUNDLEDNAME {} DSP 0 BRAM 0 URAM 0 STORAGESUBTYPE {} DISPNAME {bind_op sub} VISIBLE true} {BINDTYPE op ID {} IMPL dsp_slice LATENCY 3 OPTYPE mul PRAGMA {} RTLNAME mac_muladd_17s_13ns_13ns_29_4_1_U152 SOURCE ../dct.c:48 VARIABLE mul_ln48_103 LOOP {} BUNDLEDNAME {} DSP 1 BRAM 0 URAM 0 STORAGESUBTYPE {} DISPNAME {bind_op mul} VISIBLE true} {BINDTYPE op ID {} IMPL dsp_slice LATENCY 3 OPTYPE add PRAGMA {} RTLNAME mac_muladd_16s_15s_29s_29_4_1_U218 SOURCE ../dct.c:48 VARIABLE add_ln48_136 LOOP {} BUNDLEDNAME {} DSP 1 BRAM 0 URAM 0 STORAGESUBTYPE {} DISPNAME {bind_op add} VISIBLE true} {BINDTYPE op ID {} IMPL dsp_slice LATENCY 3 OPTYPE add PRAGMA {} RTLNAME mac_muladd_16s_15s_29s_29_4_1_U245 SOURCE ../dct.c:48 VARIABLE add_ln48_137 LOOP {} BUNDLEDNAME {} DSP 1 BRAM 0 URAM 0 STORAGESUBTYPE {} DISPNAME {bind_op add} VISIBLE true} {BINDTYPE op ID {} IMPL dsp_slice LATENCY 3 OPTYPE add PRAGMA {} RTLNAME mac_muladd_16s_14ns_29s_29_4_1_U217 SOURCE ../dct.c:48 VARIABLE add_ln48_138 LOOP {} BUNDLEDNAME {} DSP 1 BRAM 0 URAM 0 STORAGESUBTYPE {} DISPNAME {bind_op add} VISIBLE true} {BINDTYPE op ID {} IMPL dsp_slice LATENCY 3 OPTYPE add PRAGMA {} RTLNAME mac_muladd_17s_13ns_13ns_29_4_1_U152 SOURCE ../dct.c:48 VARIABLE add_ln48_139 LOOP {} BUNDLEDNAME {} DSP 1 BRAM 0 URAM 0 STORAGESUBTYPE {} DISPNAME {bind_op add} VISIBLE true} {BINDTYPE op ID {} IMPL fabric LATENCY 0 OPTYPE sub PRAGMA {} RTLNAME tmp283_fu_2173_p2 SOURCE ../dct.c:46 VARIABLE tmp283 LOOP {} BUNDLEDNAME {} DSP 0 BRAM 0 URAM 0 STORAGESUBTYPE {} DISPNAME {bind_op sub} VISIBLE true} {BINDTYPE op ID {} IMPL fabric LATENCY 0 OPTYPE add PRAGMA {} RTLNAME tmp284_fu_2182_p2 SOURCE ../dct.c:46 VARIABLE tmp284 LOOP {} BUNDLEDNAME {} DSP 0 BRAM 0 URAM 0 STORAGESUBTYPE {} DISPNAME {bind_op add} VISIBLE true} {BINDTYPE op ID {} IMPL dsp_slice LATENCY 3 OPTYPE sub PRAGMA {} RTLNAME ama_submuladd_18s_16s_14ns_29s_29_4_1_U246 SOURCE ../dct.c:46 VARIABLE tmp285 LOOP {} BUNDLEDNAME {} DSP 1 BRAM 0 URAM 0 STORAGESUBTYPE {} DISPNAME {bind_op sub} VISIBLE true} {BINDTYPE op ID {} IMPL dsp_slice LATENCY 3 OPTYPE sext PRAGMA {} RTLNAME ama_submuladd_18s_16s_14ns_29s_29_4_1_U246 SOURCE ../dct.c:46 VARIABLE tmp285_cast LOOP {} BUNDLEDNAME {} DSP 1 BRAM 0 URAM 0 STORAGESUBTYPE {} DISPNAME {bind_op sext} VISIBLE false} {BINDTYPE op ID {} IMPL dsp_slice LATENCY 3 OPTYPE mul PRAGMA {} RTLNAME ama_submuladd_18s_16s_14ns_29s_29_4_1_U246 SOURCE ../dct.c:46 VARIABLE tmp286 LOOP {} BUNDLEDNAME {} DSP 1 BRAM 0 URAM 0 STORAGESUBTYPE {} DISPNAME {bind_op mul} VISIBLE true} {BINDTYPE op ID {} IMPL dsp_slice LATENCY 3 OPTYPE mul PRAGMA {} RTLNAME mac_muladd_18s_13ns_13ns_29_4_1_U219 SOURCE ../dct.c:48 VARIABLE mul_ln48_104 LOOP {} BUNDLEDNAME {} DSP 1 BRAM 0 URAM 0 STORAGESUBTYPE {} DISPNAME {bind_op mul} VISIBLE true} {BINDTYPE op ID {} IMPL dsp_slice LATENCY 3 OPTYPE add PRAGMA {} RTLNAME mac_muladd_18s_13ns_13ns_29_4_1_U219 SOURCE ../dct.c:48 VARIABLE add_ln48_142 LOOP {} BUNDLEDNAME {} DSP 1 BRAM 0 URAM 0 STORAGESUBTYPE {} DISPNAME {bind_op add} VISIBLE true} {BINDTYPE op ID {} IMPL dsp_slice LATENCY 3 OPTYPE add PRAGMA {} RTLNAME ama_submuladd_18s_16s_14ns_29s_29_4_1_U246 SOURCE ../dct.c:48 VARIABLE add_ln48_143 LOOP {} BUNDLEDNAME {} DSP 1 BRAM 0 URAM 0 STORAGESUBTYPE {} DISPNAME {bind_op add} VISIBLE true} {BINDTYPE op ID {} IMPL auto LATENCY 0 OPTYPE mul PRAGMA {} RTLNAME mul_16s_15s_29_1_1_U20 SOURCE ../dct.c:48 VARIABLE mul_ln48_105 LOOP {} BUNDLEDNAME {} DSP 1 BRAM 0 URAM 0 STORAGESUBTYPE {} DISPNAME {bind_op mul} VISIBLE true} {BINDTYPE op ID {} IMPL dsp_slice LATENCY 3 OPTYPE mul PRAGMA {} RTLNAME mac_muladd_16s_14ns_29s_29_4_1_U220 SOURCE ../dct.c:48 VARIABLE mul_ln48_106 LOOP {} BUNDLEDNAME {} DSP 1 BRAM 0 URAM 0 STORAGESUBTYPE {} DISPNAME {bind_op mul} VISIBLE true} {BINDTYPE op ID {} IMPL auto LATENCY 0 OPTYPE mul PRAGMA {} RTLNAME mul_16s_15s_29_1_1_U21 SOURCE ../dct.c:48 VARIABLE mul_ln48_107 LOOP {} BUNDLEDNAME {} DSP 1 BRAM 0 URAM 0 STORAGESUBTYPE {} DISPNAME {bind_op mul} VISIBLE true} {BINDTYPE op ID {} IMPL dsp_slice LATENCY 3 OPTYPE mul PRAGMA {} RTLNAME mac_muladd_16s_14ns_29s_29_4_1_U247 SOURCE ../dct.c:48 VARIABLE mul_ln48_108 LOOP {} BUNDLEDNAME {} DSP 1 BRAM 0 URAM 0 STORAGESUBTYPE {} DISPNAME {bind_op mul} VISIBLE true} {BINDTYPE op ID {} IMPL dsp_slice LATENCY 3 OPTYPE mul PRAGMA {} RTLNAME mac_muladd_17s_13ns_29s_29_4_1_U221 SOURCE ../dct.c:46 VARIABLE tmp295 LOOP {} BUNDLEDNAME {} DSP 1 BRAM 0 URAM 0 STORAGESUBTYPE {} DISPNAME {bind_op mul} VISIBLE true} {BINDTYPE op ID {} IMPL dsp_slice LATENCY 3 OPTYPE mul PRAGMA {} RTLNAME mac_muladd_17s_12ns_13ns_29_4_1_U153 SOURCE ../dct.c:48 VARIABLE mul_ln48_109 LOOP {} BUNDLEDNAME {} DSP 1 BRAM 0 URAM 0 STORAGESUBTYPE {} DISPNAME {bind_op mul} VISIBLE true} {BINDTYPE op ID {} IMPL dsp_slice LATENCY 3 OPTYPE add PRAGMA {} RTLNAME mac_muladd_16s_14ns_29s_29_4_1_U220 SOURCE ../dct.c:48 VARIABLE add_ln48_144 LOOP {} BUNDLEDNAME {} DSP 1 BRAM 0 URAM 0 STORAGESUBTYPE {} DISPNAME {bind_op add} VISIBLE true} {BINDTYPE op ID {} IMPL dsp_slice LATENCY 3 OPTYPE add PRAGMA {} RTLNAME mac_muladd_16s_14ns_29s_29_4_1_U247 SOURCE ../dct.c:48 VARIABLE add_ln48_145 LOOP {} BUNDLEDNAME {} DSP 1 BRAM 0 URAM 0 STORAGESUBTYPE {} DISPNAME {bind_op add} VISIBLE true} {BINDTYPE op ID {} IMPL dsp_slice LATENCY 3 OPTYPE add PRAGMA {} RTLNAME mac_muladd_17s_13ns_29s_29_4_1_U221 SOURCE ../dct.c:48 VARIABLE add_ln48_146 LOOP {} BUNDLEDNAME {} DSP 1 BRAM 0 URAM 0 STORAGESUBTYPE {} DISPNAME {bind_op add} VISIBLE true} {BINDTYPE op ID {} IMPL dsp_slice LATENCY 3 OPTYPE add PRAGMA {} RTLNAME mac_muladd_17s_12ns_13ns_29_4_1_U153 SOURCE ../dct.c:48 VARIABLE add_ln48_147 LOOP {} BUNDLEDNAME {} DSP 1 BRAM 0 URAM 0 STORAGESUBTYPE {} DISPNAME {bind_op add} VISIBLE true} {BINDTYPE op ID {} IMPL fabric LATENCY 0 OPTYPE add PRAGMA {} RTLNAME grp_fu_734_p2 SOURCE ../dct.c:46 VARIABLE tmp303 LOOP {} BUNDLEDNAME {} DSP 0 BRAM 0 URAM 0 STORAGESUBTYPE {} DISPNAME {bind_op add} VISIBLE true} {BINDTYPE op ID {} IMPL fabric LATENCY 0 OPTYPE add PRAGMA {} RTLNAME grp_fu_758_p2 SOURCE ../dct.c:46 VARIABLE tmp278 LOOP {} BUNDLEDNAME {} DSP 0 BRAM 0 URAM 0 STORAGESUBTYPE {} DISPNAME {bind_op add} VISIBLE true} {BINDTYPE op ID {} IMPL fabric LATENCY 0 OPTYPE add PRAGMA {} RTLNAME add_ln48_150_fu_2602_p2 SOURCE ../dct.c:48 VARIABLE add_ln48_150 LOOP {} BUNDLEDNAME {} DSP 0 BRAM 0 URAM 0 STORAGESUBTYPE {} DISPNAME {bind_op add} VISIBLE true} {BINDTYPE op ID {} IMPL auto LATENCY 0 OPTYPE mul PRAGMA {} RTLNAME mul_16s_15ns_29_1_1_U48 SOURCE ../dct.c:48 VARIABLE mul_ln48_110 LOOP {} BUNDLEDNAME {} DSP 1 BRAM 0 URAM 0 STORAGESUBTYPE {} DISPNAME {bind_op mul} VISIBLE true} {BINDTYPE op ID {} IMPL dsp_slice LATENCY 3 OPTYPE mul PRAGMA {} RTLNAME mac_muladd_16s_15s_13ns_29_4_1_U222 SOURCE ../dct.c:48 VARIABLE mul_ln48_111 LOOP {} BUNDLEDNAME {} DSP 1 BRAM 0 URAM 0 STORAGESUBTYPE {} DISPNAME {bind_op mul} VISIBLE true} {BINDTYPE op ID {} IMPL dsp_slice LATENCY 3 OPTYPE mul PRAGMA {} RTLNAME mac_muladd_16s_15s_29s_29_4_1_U223 SOURCE ../dct.c:48 VARIABLE mul_ln48_112 LOOP {} BUNDLEDNAME {} DSP 1 BRAM 0 URAM 0 STORAGESUBTYPE {} DISPNAME {bind_op mul} VISIBLE true} {BINDTYPE op ID {} IMPL dsp_slice LATENCY 3 OPTYPE mul PRAGMA {} RTLNAME mac_muladd_16s_14ns_29s_29_4_1_U248 SOURCE ../dct.c:48 VARIABLE mul_ln48_113 LOOP {} BUNDLEDNAME {} DSP 1 BRAM 0 URAM 0 STORAGESUBTYPE {} DISPNAME {bind_op mul} VISIBLE true} {BINDTYPE op ID {} IMPL dsp_slice LATENCY 3 OPTYPE sub PRAGMA {} RTLNAME ama_submuladd_16s_16s_12ns_29s_29_4_1_U224 SOURCE ../dct.c:46 VARIABLE tmp308 LOOP {} BUNDLEDNAME {} DSP 1 BRAM 0 URAM 0 STORAGESUBTYPE {} DISPNAME {bind_op sub} VISIBLE true} {BINDTYPE op ID {} IMPL dsp_slice LATENCY 3 OPTYPE sext PRAGMA {} RTLNAME ama_submuladd_16s_16s_12ns_29s_29_4_1_U224 SOURCE ../dct.c:46 VARIABLE tmp308_cast LOOP {} BUNDLEDNAME {} DSP 1 BRAM 0 URAM 0 STORAGESUBTYPE {} DISPNAME {bind_op sext} VISIBLE false} {BINDTYPE op ID {} IMPL dsp_slice LATENCY 3 OPTYPE mul PRAGMA {} RTLNAME ama_submuladd_16s_16s_12ns_29s_29_4_1_U224 SOURCE ../dct.c:46 VARIABLE tmp309 LOOP {} BUNDLEDNAME {} DSP 1 BRAM 0 URAM 0 STORAGESUBTYPE {} DISPNAME {bind_op mul} VISIBLE true} {BINDTYPE op ID {} IMPL fabric LATENCY 0 OPTYPE sub PRAGMA {} RTLNAME tmp311_fu_2622_p2 SOURCE ../dct.c:46 VARIABLE tmp311 LOOP {} BUNDLEDNAME {} DSP 0 BRAM 0 URAM 0 STORAGESUBTYPE {} DISPNAME {bind_op sub} VISIBLE true} {BINDTYPE op ID {} IMPL auto LATENCY 0 OPTYPE mul PRAGMA {} RTLNAME mul_17s_14ns_29_1_1_U58 SOURCE ../dct.c:48 VARIABLE mul_ln48_114 LOOP {} BUNDLEDNAME {} DSP 1 BRAM 0 URAM 0 STORAGESUBTYPE {} DISPNAME {bind_op mul} VISIBLE true} {BINDTYPE op ID {} IMPL dsp_slice LATENCY 3 OPTYPE add PRAGMA {} RTLNAME ama_submuladd_16s_16s_12ns_29s_29_4_1_U224 SOURCE ../dct.c:48 VARIABLE add_ln48_151 LOOP {} BUNDLEDNAME {} DSP 1 BRAM 0 URAM 0 STORAGESUBTYPE {} DISPNAME {bind_op add} VISIBLE true} {BINDTYPE op ID {} IMPL dsp_slice LATENCY 3 OPTYPE add PRAGMA {} RTLNAME mac_muladd_16s_14ns_29s_29_4_1_U248 SOURCE ../dct.c:48 VARIABLE add_ln48_152 LOOP {} BUNDLEDNAME {} DSP 1 BRAM 0 URAM 0 STORAGESUBTYPE {} DISPNAME {bind_op add} VISIBLE true} {BINDTYPE op ID {} IMPL dsp_slice LATENCY 3 OPTYPE add PRAGMA {} RTLNAME mac_muladd_16s_15s_29s_29_4_1_U223 SOURCE ../dct.c:48 VARIABLE add_ln48_153 LOOP {} BUNDLEDNAME {} DSP 1 BRAM 0 URAM 0 STORAGESUBTYPE {} DISPNAME {bind_op add} VISIBLE true} {BINDTYPE op ID {} IMPL dsp_slice LATENCY 3 OPTYPE add PRAGMA {} RTLNAME mac_muladd_16s_15s_13ns_29_4_1_U222 SOURCE ../dct.c:48 VARIABLE add_ln48_154 LOOP {} BUNDLEDNAME {} DSP 1 BRAM 0 URAM 0 STORAGESUBTYPE {} DISPNAME {bind_op add} VISIBLE true} {BINDTYPE op ID {} IMPL fabric LATENCY 0 OPTYPE sub PRAGMA {} RTLNAME tmp315_fu_2638_p2 SOURCE ../dct.c:46 VARIABLE tmp315 LOOP {} BUNDLEDNAME {} DSP 0 BRAM 0 URAM 0 STORAGESUBTYPE {} DISPNAME {bind_op sub} VISIBLE true} {BINDTYPE op ID {} IMPL fabric LATENCY 0 OPTYPE sub PRAGMA {} RTLNAME tmp316_fu_2647_p2 SOURCE ../dct.c:46 VARIABLE tmp316 LOOP {} BUNDLEDNAME {} DSP 0 BRAM 0 URAM 0 STORAGESUBTYPE {} DISPNAME {bind_op sub} VISIBLE true} {BINDTYPE op ID {} IMPL dsp_slice LATENCY 3 OPTYPE add PRAGMA {} RTLNAME ama_addmuladd_18s_16s_13ns_29s_29_4_1_U288 SOURCE ../dct.c:46 VARIABLE tmp317 LOOP {} BUNDLEDNAME {} DSP 1 BRAM 0 URAM 0 STORAGESUBTYPE {} DISPNAME {bind_op add} VISIBLE true} {BINDTYPE op ID {} IMPL dsp_slice LATENCY 3 OPTYPE sext PRAGMA {} RTLNAME ama_addmuladd_18s_16s_13ns_29s_29_4_1_U288 SOURCE ../dct.c:46 VARIABLE tmp317_cast LOOP {} BUNDLEDNAME {} DSP 1 BRAM 0 URAM 0 STORAGESUBTYPE {} DISPNAME {bind_op sext} VISIBLE false} {BINDTYPE op ID {} IMPL dsp_slice LATENCY 3 OPTYPE mul PRAGMA {} RTLNAME ama_addmuladd_18s_16s_13ns_29s_29_4_1_U288 SOURCE ../dct.c:46 VARIABLE tmp318 LOOP {} BUNDLEDNAME {} DSP 1 BRAM 0 URAM 0 STORAGESUBTYPE {} DISPNAME {bind_op mul} VISIBLE true} {BINDTYPE op ID {} IMPL fabric LATENCY 0 OPTYPE sub PRAGMA {} RTLNAME tmp321_fu_2238_p2 SOURCE ../dct.c:46 VARIABLE tmp321 LOOP {} BUNDLEDNAME {} DSP 0 BRAM 0 URAM 0 STORAGESUBTYPE {} DISPNAME {bind_op sub} VISIBLE true} {BINDTYPE op ID {} IMPL dsp_slice LATENCY 3 OPTYPE mul PRAGMA {} RTLNAME mac_muladd_18s_14ns_13ns_29_4_1_U249 SOURCE ../dct.c:48 VARIABLE mul_ln48_115 LOOP {} BUNDLEDNAME {} DSP 1 BRAM 0 URAM 0 STORAGESUBTYPE {} DISPNAME {bind_op mul} VISIBLE true} {BINDTYPE op ID {} IMPL dsp_slice LATENCY 3 OPTYPE add PRAGMA {} RTLNAME mac_muladd_18s_14ns_13ns_29_4_1_U249 SOURCE ../dct.c:48 VARIABLE add_ln48_157 LOOP {} BUNDLEDNAME {} DSP 1 BRAM 0 URAM 0 STORAGESUBTYPE {} DISPNAME {bind_op add} VISIBLE true} {BINDTYPE op ID {} IMPL dsp_slice LATENCY 3 OPTYPE add PRAGMA {} RTLNAME ama_addmuladd_18s_16s_13ns_29s_29_4_1_U288 SOURCE ../dct.c:48 VARIABLE add_ln48_158 LOOP {} BUNDLEDNAME {} DSP 1 BRAM 0 URAM 0 STORAGESUBTYPE {} DISPNAME {bind_op add} VISIBLE true} {BINDTYPE op ID {} IMPL dsp_slice LATENCY 3 OPTYPE mul PRAGMA {} RTLNAME mac_muladd_16s_15s_13ns_29_4_1_U225 SOURCE ../dct.c:48 VARIABLE mul_ln48_116 LOOP {} BUNDLEDNAME {} DSP 1 BRAM 0 URAM 0 STORAGESUBTYPE {} DISPNAME {bind_op mul} VISIBLE true} {BINDTYPE op ID {} IMPL auto LATENCY 0 OPTYPE mul PRAGMA {} RTLNAME mul_16s_15ns_29_1_1_U49 SOURCE ../dct.c:48 VARIABLE mul_ln48_117 LOOP {} BUNDLEDNAME {} DSP 1 BRAM 0 URAM 0 STORAGESUBTYPE {} DISPNAME {bind_op mul} VISIBLE true} {BINDTYPE op ID {} IMPL auto LATENCY 0 OPTYPE mul PRAGMA {} RTLNAME mul_16s_15s_29_1_1_U50 SOURCE ../dct.c:48 VARIABLE mul_ln48_118 LOOP {} BUNDLEDNAME {} DSP 1 BRAM 0 URAM 0 STORAGESUBTYPE {} DISPNAME {bind_op mul} VISIBLE true} {BINDTYPE op ID {} IMPL dsp_slice LATENCY 3 OPTYPE mul PRAGMA {} RTLNAME mac_muladd_16s_14ns_29s_29_4_1_U250 SOURCE ../dct.c:48 VARIABLE mul_ln48_119 LOOP {} BUNDLEDNAME {} DSP 1 BRAM 0 URAM 0 STORAGESUBTYPE {} DISPNAME {bind_op mul} VISIBLE true} {BINDTYPE op ID {} IMPL dsp_slice LATENCY 3 OPTYPE sub PRAGMA {} RTLNAME ama_submuladd_16s_16s_13ns_29s_29_4_1_U226 SOURCE ../dct.c:46 VARIABLE tmp326 LOOP {} BUNDLEDNAME {} DSP 1 BRAM 0 URAM 0 STORAGESUBTYPE {} DISPNAME {bind_op sub} VISIBLE true} {BINDTYPE op ID {} IMPL dsp_slice LATENCY 3 OPTYPE sext PRAGMA {} RTLNAME ama_submuladd_16s_16s_13ns_29s_29_4_1_U226 SOURCE ../dct.c:46 VARIABLE tmp326_cast LOOP {} BUNDLEDNAME {} DSP 1 BRAM 0 URAM 0 STORAGESUBTYPE {} DISPNAME {bind_op sext} VISIBLE false} {BINDTYPE op ID {} IMPL dsp_slice LATENCY 3 OPTYPE mul PRAGMA {} RTLNAME ama_submuladd_16s_16s_13ns_29s_29_4_1_U226 SOURCE ../dct.c:46 VARIABLE tmp327 LOOP {} BUNDLEDNAME {} DSP 1 BRAM 0 URAM 0 STORAGESUBTYPE {} DISPNAME {bind_op mul} VISIBLE true} {BINDTYPE op ID {} IMPL fabric LATENCY 0 OPTYPE sub PRAGMA {} RTLNAME tmp329_fu_2280_p2 SOURCE ../dct.c:46 VARIABLE tmp329 LOOP {} BUNDLEDNAME {} DSP 0 BRAM 0 URAM 0 STORAGESUBTYPE {} DISPNAME {bind_op sub} VISIBLE true} {BINDTYPE op ID {} IMPL dsp_slice LATENCY 3 OPTYPE mul PRAGMA {} RTLNAME mac_muladd_17s_12ns_29s_29_4_1_U227 SOURCE ../dct.c:48 VARIABLE mul_ln48_120 LOOP {} BUNDLEDNAME {} DSP 1 BRAM 0 URAM 0 STORAGESUBTYPE {} DISPNAME {bind_op mul} VISIBLE true} {BINDTYPE op ID {} IMPL dsp_slice LATENCY 3 OPTYPE add PRAGMA {} RTLNAME ama_submuladd_16s_16s_13ns_29s_29_4_1_U226 SOURCE ../dct.c:48 VARIABLE add_ln48_159 LOOP {} BUNDLEDNAME {} DSP 1 BRAM 0 URAM 0 STORAGESUBTYPE {} DISPNAME {bind_op add} VISIBLE true} {BINDTYPE op ID {} IMPL dsp_slice LATENCY 3 OPTYPE add PRAGMA {} RTLNAME mac_muladd_16s_14ns_29s_29_4_1_U250 SOURCE ../dct.c:48 VARIABLE add_ln48_160 LOOP {} BUNDLEDNAME {} DSP 1 BRAM 0 URAM 0 STORAGESUBTYPE {} DISPNAME {bind_op add} VISIBLE true} {BINDTYPE op ID {} IMPL dsp_slice LATENCY 3 OPTYPE add PRAGMA {} RTLNAME mac_muladd_17s_12ns_29s_29_4_1_U227 SOURCE ../dct.c:48 VARIABLE add_ln48_161 LOOP {} BUNDLEDNAME {} DSP 1 BRAM 0 URAM 0 STORAGESUBTYPE {} DISPNAME {bind_op add} VISIBLE true} {BINDTYPE op ID {} IMPL dsp_slice LATENCY 3 OPTYPE add PRAGMA {} RTLNAME mac_muladd_16s_15s_13ns_29_4_1_U225 SOURCE ../dct.c:48 VARIABLE add_ln48_162 LOOP {} BUNDLEDNAME {} DSP 1 BRAM 0 URAM 0 STORAGESUBTYPE {} DISPNAME {bind_op add} VISIBLE true} {BINDTYPE op ID {} IMPL fabric LATENCY 0 OPTYPE add PRAGMA {} RTLNAME tmp331_fu_2656_p2 SOURCE ../dct.c:46 VARIABLE tmp331 LOOP {} BUNDLEDNAME {} DSP 0 BRAM 0 URAM 0 STORAGESUBTYPE {} DISPNAME {bind_op add} VISIBLE true} {BINDTYPE op ID {} IMPL fabric LATENCY 0 OPTYPE sub PRAGMA {} RTLNAME sub_ln48_5_fu_2691_p2 SOURCE ../dct.c:48 VARIABLE sub_ln48_5 LOOP {} BUNDLEDNAME {} DSP 0 BRAM 0 URAM 0 STORAGESUBTYPE {} DISPNAME {bind_op sub} VISIBLE true} {BINDTYPE op ID {} IMPL dsp_slice LATENCY 3 OPTYPE mul PRAGMA {} RTLNAME mac_muladd_16s_15s_29s_29_4_1_U251 SOURCE ../dct.c:48 VARIABLE mul_ln48_121 LOOP {} BUNDLEDNAME {} DSP 1 BRAM 0 URAM 0 STORAGESUBTYPE {} DISPNAME {bind_op mul} VISIBLE true} {BINDTYPE op ID {} IMPL dsp_slice LATENCY 3 OPTYPE mul PRAGMA {} RTLNAME mac_muladd_16s_14ns_29s_29_4_1_U228 SOURCE ../dct.c:48 VARIABLE mul_ln48_122 LOOP {} BUNDLEDNAME {} DSP 1 BRAM 0 URAM 0 STORAGESUBTYPE {} DISPNAME {bind_op mul} VISIBLE true} {BINDTYPE op ID {} IMPL dsp_slice LATENCY 3 OPTYPE mul PRAGMA {} RTLNAME mac_muladd_16s_15s_29s_29_4_1_U229 SOURCE ../dct.c:48 VARIABLE mul_ln48_123 LOOP {} BUNDLEDNAME {} DSP 1 BRAM 0 URAM 0 STORAGESUBTYPE {} DISPNAME {bind_op mul} VISIBLE true} {BINDTYPE op ID {} IMPL auto LATENCY 0 OPTYPE mul PRAGMA {} RTLNAME mul_16s_15ns_29_1_1_U51 SOURCE ../dct.c:48 VARIABLE mul_ln48_124 LOOP {} BUNDLEDNAME {} DSP 1 BRAM 0 URAM 0 STORAGESUBTYPE {} DISPNAME {bind_op mul} VISIBLE true} {BINDTYPE op ID {} IMPL auto LATENCY 0 OPTYPE mul PRAGMA {} RTLNAME mul_17s_13ns_29_1_1_U59 SOURCE ../dct.c:46 VARIABLE tmp337 LOOP {} BUNDLEDNAME {} DSP 1 BRAM 0 URAM 0 STORAGESUBTYPE {} DISPNAME {bind_op mul} VISIBLE true} {BINDTYPE op ID {} IMPL fabric LATENCY 0 OPTYPE sub PRAGMA {} RTLNAME tmp339_fu_2304_p2 SOURCE ../dct.c:46 VARIABLE tmp339 LOOP {} BUNDLEDNAME {} DSP 0 BRAM 0 URAM 0 STORAGESUBTYPE {} DISPNAME {bind_op sub} VISIBLE true} {BINDTYPE op ID {} IMPL dsp_slice LATENCY 3 OPTYPE mul PRAGMA {} RTLNAME mac_muladd_17s_13ns_13ns_29_4_1_U230 SOURCE ../dct.c:48 VARIABLE mul_ln48_125 LOOP {} BUNDLEDNAME {} DSP 1 BRAM 0 URAM 0 STORAGESUBTYPE {} DISPNAME {bind_op mul} VISIBLE true} {BINDTYPE op ID {} IMPL dsp_slice LATENCY 3 OPTYPE add PRAGMA {} RTLNAME mac_muladd_16s_15s_29s_29_4_1_U229 SOURCE ../dct.c:48 VARIABLE add_ln48_166 LOOP {} BUNDLEDNAME {} DSP 1 BRAM 0 URAM 0 STORAGESUBTYPE {} DISPNAME {bind_op add} VISIBLE true} {BINDTYPE op ID {} IMPL dsp_slice LATENCY 3 OPTYPE add PRAGMA {} RTLNAME mac_muladd_16s_15s_29s_29_4_1_U251 SOURCE ../dct.c:48 VARIABLE add_ln48_167 LOOP {} BUNDLEDNAME {} DSP 1 BRAM 0 URAM 0 STORAGESUBTYPE {} DISPNAME {bind_op add} VISIBLE true} {BINDTYPE op ID {} IMPL dsp_slice LATENCY 3 OPTYPE add PRAGMA {} RTLNAME mac_muladd_16s_14ns_29s_29_4_1_U228 SOURCE ../dct.c:48 VARIABLE add_ln48_168 LOOP {} BUNDLEDNAME {} DSP 1 BRAM 0 URAM 0 STORAGESUBTYPE {} DISPNAME {bind_op add} VISIBLE true} {BINDTYPE op ID {} IMPL dsp_slice LATENCY 3 OPTYPE add PRAGMA {} RTLNAME mac_muladd_17s_13ns_13ns_29_4_1_U230 SOURCE ../dct.c:48 VARIABLE add_ln48_169 LOOP {} BUNDLEDNAME {} DSP 1 BRAM 0 URAM 0 STORAGESUBTYPE {} DISPNAME {bind_op add} VISIBLE true} {BINDTYPE op ID {} IMPL fabric LATENCY 0 OPTYPE sub PRAGMA {} RTLNAME tmp343_fu_2719_p2 SOURCE ../dct.c:46 VARIABLE tmp343 LOOP {} BUNDLEDNAME {} DSP 0 BRAM 0 URAM 0 STORAGESUBTYPE {} DISPNAME {bind_op sub} VISIBLE true} {BINDTYPE op ID {} IMPL fabric LATENCY 0 OPTYPE add PRAGMA {} RTLNAME tmp344_fu_2728_p2 SOURCE ../dct.c:46 VARIABLE tmp344 LOOP {} BUNDLEDNAME {} DSP 0 BRAM 0 URAM 0 STORAGESUBTYPE {} DISPNAME {bind_op add} VISIBLE true} {BINDTYPE op ID {} IMPL dsp_slice LATENCY 3 OPTYPE sub PRAGMA {} RTLNAME ama_submuladd_18s_16s_14ns_29s_29_4_1_U289 SOURCE ../dct.c:46 VARIABLE tmp345 LOOP {} BUNDLEDNAME {} DSP 1 BRAM 0 URAM 0 STORAGESUBTYPE {} DISPNAME {bind_op sub} VISIBLE true} {BINDTYPE op ID {} IMPL dsp_slice LATENCY 3 OPTYPE sext PRAGMA {} RTLNAME ama_submuladd_18s_16s_14ns_29s_29_4_1_U289 SOURCE ../dct.c:46 VARIABLE tmp345_cast LOOP {} BUNDLEDNAME {} DSP 1 BRAM 0 URAM 0 STORAGESUBTYPE {} DISPNAME {bind_op sext} VISIBLE false} {BINDTYPE op ID {} IMPL dsp_slice LATENCY 3 OPTYPE mul PRAGMA {} RTLNAME ama_submuladd_18s_16s_14ns_29s_29_4_1_U289 SOURCE ../dct.c:46 VARIABLE tmp346 LOOP {} BUNDLEDNAME {} DSP 1 BRAM 0 URAM 0 STORAGESUBTYPE {} DISPNAME {bind_op mul} VISIBLE true} {BINDTYPE op ID {} IMPL dsp_slice LATENCY 3 OPTYPE mul PRAGMA {} RTLNAME mac_muladd_18s_13ns_13ns_29_4_1_U252 SOURCE ../dct.c:48 VARIABLE mul_ln48_126 LOOP {} BUNDLEDNAME {} DSP 1 BRAM 0 URAM 0 STORAGESUBTYPE {} DISPNAME {bind_op mul} VISIBLE true} {BINDTYPE op ID {} IMPL dsp_slice LATENCY 3 OPTYPE add PRAGMA {} RTLNAME mac_muladd_18s_13ns_13ns_29_4_1_U252 SOURCE ../dct.c:48 VARIABLE add_ln48_172 LOOP {} BUNDLEDNAME {} DSP 1 BRAM 0 URAM 0 STORAGESUBTYPE {} DISPNAME {bind_op add} VISIBLE true} {BINDTYPE op ID {} IMPL dsp_slice LATENCY 3 OPTYPE add PRAGMA {} RTLNAME ama_submuladd_18s_16s_14ns_29s_29_4_1_U289 SOURCE ../dct.c:48 VARIABLE add_ln48_173 LOOP {} BUNDLEDNAME {} DSP 1 BRAM 0 URAM 0 STORAGESUBTYPE {} DISPNAME {bind_op add} VISIBLE true} {BINDTYPE op ID {} IMPL auto LATENCY 0 OPTYPE mul PRAGMA {} RTLNAME mul_16s_15s_29_1_1_U52 SOURCE ../dct.c:48 VARIABLE mul_ln48_127 LOOP {} BUNDLEDNAME {} DSP 1 BRAM 0 URAM 0 STORAGESUBTYPE {} DISPNAME {bind_op mul} VISIBLE true} {BINDTYPE op ID {} IMPL dsp_slice LATENCY 3 OPTYPE mul PRAGMA {} RTLNAME mac_muladd_16s_14ns_29s_29_4_1_U231 SOURCE ../dct.c:48 VARIABLE mul_ln48_128 LOOP {} BUNDLEDNAME {} DSP 1 BRAM 0 URAM 0 STORAGESUBTYPE {} DISPNAME {bind_op mul} VISIBLE true} {BINDTYPE op ID {} IMPL auto LATENCY 0 OPTYPE mul PRAGMA {} RTLNAME mul_16s_15s_29_1_1_U53 SOURCE ../dct.c:48 VARIABLE mul_ln48_129 LOOP {} BUNDLEDNAME {} DSP 1 BRAM 0 URAM 0 STORAGESUBTYPE {} DISPNAME {bind_op mul} VISIBLE true} {BINDTYPE op ID {} IMPL dsp_slice LATENCY 3 OPTYPE mul PRAGMA {} RTLNAME mac_muladd_16s_14ns_29s_29_4_1_U253 SOURCE ../dct.c:48 VARIABLE mul_ln48_130 LOOP {} BUNDLEDNAME {} DSP 1 BRAM 0 URAM 0 STORAGESUBTYPE {} DISPNAME {bind_op mul} VISIBLE true} {BINDTYPE op ID {} IMPL dsp_slice LATENCY 3 OPTYPE mul PRAGMA {} RTLNAME mac_muladd_17s_13ns_29s_29_4_1_U232 SOURCE ../dct.c:46 VARIABLE tmp355 LOOP {} BUNDLEDNAME {} DSP 1 BRAM 0 URAM 0 STORAGESUBTYPE {} DISPNAME {bind_op mul} VISIBLE true} {BINDTYPE op ID {} IMPL dsp_slice LATENCY 3 OPTYPE mul PRAGMA {} RTLNAME mac_muladd_17s_12ns_13ns_29_4_1_U233 SOURCE ../dct.c:48 VARIABLE mul_ln48_131 LOOP {} BUNDLEDNAME {} DSP 1 BRAM 0 URAM 0 STORAGESUBTYPE {} DISPNAME {bind_op mul} VISIBLE true} {BINDTYPE op ID {} IMPL dsp_slice LATENCY 3 OPTYPE add PRAGMA {} RTLNAME mac_muladd_16s_14ns_29s_29_4_1_U231 SOURCE ../dct.c:48 VARIABLE add_ln48_174 LOOP {} BUNDLEDNAME {} DSP 1 BRAM 0 URAM 0 STORAGESUBTYPE {} DISPNAME {bind_op add} VISIBLE true} {BINDTYPE op ID {} IMPL dsp_slice LATENCY 3 OPTYPE add PRAGMA {} RTLNAME mac_muladd_16s_14ns_29s_29_4_1_U253 SOURCE ../dct.c:48 VARIABLE add_ln48_175 LOOP {} BUNDLEDNAME {} DSP 1 BRAM 0 URAM 0 STORAGESUBTYPE {} DISPNAME {bind_op add} VISIBLE true} {BINDTYPE op ID {} IMPL dsp_slice LATENCY 3 OPTYPE add PRAGMA {} RTLNAME mac_muladd_17s_13ns_29s_29_4_1_U232 SOURCE ../dct.c:48 VARIABLE add_ln48_176 LOOP {} BUNDLEDNAME {} DSP 1 BRAM 0 URAM 0 STORAGESUBTYPE {} DISPNAME {bind_op add} VISIBLE true} {BINDTYPE op ID {} IMPL dsp_slice LATENCY 3 OPTYPE add PRAGMA {} RTLNAME mac_muladd_17s_12ns_13ns_29_4_1_U233 SOURCE ../dct.c:48 VARIABLE add_ln48_177 LOOP {} BUNDLEDNAME {} DSP 1 BRAM 0 URAM 0 STORAGESUBTYPE {} DISPNAME {bind_op add} VISIBLE true} {BINDTYPE op ID {} IMPL fabric LATENCY 0 OPTYPE add PRAGMA {} RTLNAME grp_fu_722_p2 SOURCE ../dct.c:46 VARIABLE tmp363 LOOP {} BUNDLEDNAME {} DSP 0 BRAM 0 URAM 0 STORAGESUBTYPE {} DISPNAME {bind_op add} VISIBLE true} {BINDTYPE op ID {} IMPL fabric LATENCY 0 OPTYPE add PRAGMA {} RTLNAME tmp333_fu_2778_p2 SOURCE ../dct.c:46 VARIABLE tmp333 LOOP {} BUNDLEDNAME {} DSP 0 BRAM 0 URAM 0 STORAGESUBTYPE {} DISPNAME {bind_op add} VISIBLE true} {BINDTYPE op ID {} IMPL fabric LATENCY 0 OPTYPE add PRAGMA {} RTLNAME add_ln48_180_fu_3210_p2 SOURCE ../dct.c:48 VARIABLE add_ln48_180 LOOP {} BUNDLEDNAME {} DSP 0 BRAM 0 URAM 0 STORAGESUBTYPE {} DISPNAME {bind_op add} VISIBLE true} {BINDTYPE op ID {} IMPL auto LATENCY 0 OPTYPE mul PRAGMA {} RTLNAME mul_16s_15ns_29_1_1_U60 SOURCE ../dct.c:48 VARIABLE mul_ln48_132 LOOP {} BUNDLEDNAME {} DSP 1 BRAM 0 URAM 0 STORAGESUBTYPE {} DISPNAME {bind_op mul} VISIBLE true} {BINDTYPE op ID {} IMPL dsp_slice LATENCY 3 OPTYPE mul PRAGMA {} RTLNAME mac_muladd_16s_15s_13ns_29_4_1_U254 SOURCE ../dct.c:48 VARIABLE mul_ln48_133 LOOP {} BUNDLEDNAME {} DSP 1 BRAM 0 URAM 0 STORAGESUBTYPE {} DISPNAME {bind_op mul} VISIBLE true} {BINDTYPE op ID {} IMPL dsp_slice LATENCY 3 OPTYPE mul PRAGMA {} RTLNAME mac_muladd_16s_15s_29s_29_4_1_U255 SOURCE ../dct.c:48 VARIABLE mul_ln48_134 LOOP {} BUNDLEDNAME {} DSP 1 BRAM 0 URAM 0 STORAGESUBTYPE {} DISPNAME {bind_op mul} VISIBLE true} {BINDTYPE op ID {} IMPL dsp_slice LATENCY 3 OPTYPE mul PRAGMA {} RTLNAME mac_muladd_16s_14ns_29s_29_4_1_U290 SOURCE ../dct.c:48 VARIABLE mul_ln48_135 LOOP {} BUNDLEDNAME {} DSP 1 BRAM 0 URAM 0 STORAGESUBTYPE {} DISPNAME {bind_op mul} VISIBLE true} {BINDTYPE op ID {} IMPL dsp_slice LATENCY 3 OPTYPE sub PRAGMA {} RTLNAME ama_submuladd_16s_16s_12ns_29s_29_4_1_U256 SOURCE ../dct.c:46 VARIABLE tmp368 LOOP {} BUNDLEDNAME {} DSP 1 BRAM 0 URAM 0 STORAGESUBTYPE {} DISPNAME {bind_op sub} VISIBLE true} {BINDTYPE op ID {} IMPL dsp_slice LATENCY 3 OPTYPE sext PRAGMA {} RTLNAME ama_submuladd_16s_16s_12ns_29s_29_4_1_U256 SOURCE ../dct.c:46 VARIABLE tmp368_cast LOOP {} BUNDLEDNAME {} DSP 1 BRAM 0 URAM 0 STORAGESUBTYPE {} DISPNAME {bind_op sext} VISIBLE false} {BINDTYPE op ID {} IMPL dsp_slice LATENCY 3 OPTYPE mul PRAGMA {} RTLNAME ama_submuladd_16s_16s_12ns_29s_29_4_1_U256 SOURCE ../dct.c:46 VARIABLE tmp369 LOOP {} BUNDLEDNAME {} DSP 1 BRAM 0 URAM 0 STORAGESUBTYPE {} DISPNAME {bind_op mul} VISIBLE true} {BINDTYPE op ID {} IMPL fabric LATENCY 0 OPTYPE sub PRAGMA {} RTLNAME tmp371_fu_3230_p2 SOURCE ../dct.c:46 VARIABLE tmp371 LOOP {} BUNDLEDNAME {} DSP 0 BRAM 0 URAM 0 STORAGESUBTYPE {} DISPNAME {bind_op sub} VISIBLE true} {BINDTYPE op ID {} IMPL auto LATENCY 0 OPTYPE mul PRAGMA {} RTLNAME mul_17s_14ns_29_1_1_U77 SOURCE ../dct.c:48 VARIABLE mul_ln48_136 LOOP {} BUNDLEDNAME {} DSP 1 BRAM 0 URAM 0 STORAGESUBTYPE {} DISPNAME {bind_op mul} VISIBLE true} {BINDTYPE op ID {} IMPL dsp_slice LATENCY 3 OPTYPE add PRAGMA {} RTLNAME ama_submuladd_16s_16s_12ns_29s_29_4_1_U256 SOURCE ../dct.c:48 VARIABLE add_ln48_181 LOOP {} BUNDLEDNAME {} DSP 1 BRAM 0 URAM 0 STORAGESUBTYPE {} DISPNAME {bind_op add} VISIBLE true} {BINDTYPE op ID {} IMPL dsp_slice LATENCY 3 OPTYPE add PRAGMA {} RTLNAME mac_muladd_16s_14ns_29s_29_4_1_U290 SOURCE ../dct.c:48 VARIABLE add_ln48_182 LOOP {} BUNDLEDNAME {} DSP 1 BRAM 0 URAM 0 STORAGESUBTYPE {} DISPNAME {bind_op add} VISIBLE true} {BINDTYPE op ID {} IMPL dsp_slice LATENCY 3 OPTYPE add PRAGMA {} RTLNAME mac_muladd_16s_15s_29s_29_4_1_U255 SOURCE ../dct.c:48 VARIABLE add_ln48_183 LOOP {} BUNDLEDNAME {} DSP 1 BRAM 0 URAM 0 STORAGESUBTYPE {} DISPNAME {bind_op add} VISIBLE true} {BINDTYPE op ID {} IMPL dsp_slice LATENCY 3 OPTYPE add PRAGMA {} RTLNAME mac_muladd_16s_15s_13ns_29_4_1_U254 SOURCE ../dct.c:48 VARIABLE add_ln48_184 LOOP {} BUNDLEDNAME {} DSP 1 BRAM 0 URAM 0 STORAGESUBTYPE {} DISPNAME {bind_op add} VISIBLE true} {BINDTYPE op ID {} IMPL fabric LATENCY 0 OPTYPE sub PRAGMA {} RTLNAME tmp375_fu_3246_p2 SOURCE ../dct.c:46 VARIABLE tmp375 LOOP {} BUNDLEDNAME {} DSP 0 BRAM 0 URAM 0 STORAGESUBTYPE {} DISPNAME {bind_op sub} VISIBLE true} {BINDTYPE op ID {} IMPL fabric LATENCY 0 OPTYPE sub PRAGMA {} RTLNAME tmp376_fu_3255_p2 SOURCE ../dct.c:46 VARIABLE tmp376 LOOP {} BUNDLEDNAME {} DSP 0 BRAM 0 URAM 0 STORAGESUBTYPE {} DISPNAME {bind_op sub} VISIBLE true} {BINDTYPE op ID {} IMPL dsp_slice LATENCY 3 OPTYPE add PRAGMA {} RTLNAME ama_addmuladd_18s_16s_13ns_29s_29_4_1_U322 SOURCE ../dct.c:46 VARIABLE tmp377 LOOP {} BUNDLEDNAME {} DSP 1 BRAM 0 URAM 0 STORAGESUBTYPE {} DISPNAME {bind_op add} VISIBLE true} {BINDTYPE op ID {} IMPL dsp_slice LATENCY 3 OPTYPE sext PRAGMA {} RTLNAME ama_addmuladd_18s_16s_13ns_29s_29_4_1_U322 SOURCE ../dct.c:46 VARIABLE tmp377_cast LOOP {} BUNDLEDNAME {} DSP 1 BRAM 0 URAM 0 STORAGESUBTYPE {} DISPNAME {bind_op sext} VISIBLE false} {BINDTYPE op ID {} IMPL dsp_slice LATENCY 3 OPTYPE mul PRAGMA {} RTLNAME ama_addmuladd_18s_16s_13ns_29s_29_4_1_U322 SOURCE ../dct.c:46 VARIABLE tmp378 LOOP {} BUNDLEDNAME {} DSP 1 BRAM 0 URAM 0 STORAGESUBTYPE {} DISPNAME {bind_op mul} VISIBLE true} {BINDTYPE op ID {} IMPL fabric LATENCY 0 OPTYPE sub PRAGMA {} RTLNAME tmp381_fu_2808_p2 SOURCE ../dct.c:46 VARIABLE tmp381 LOOP {} BUNDLEDNAME {} DSP 0 BRAM 0 URAM 0 STORAGESUBTYPE {} DISPNAME {bind_op sub} VISIBLE true} {BINDTYPE op ID {} IMPL dsp_slice LATENCY 3 OPTYPE mul PRAGMA {} RTLNAME mac_muladd_18s_14ns_13ns_29_4_1_U291 SOURCE ../dct.c:48 VARIABLE mul_ln48_137 LOOP {} BUNDLEDNAME {} DSP 1 BRAM 0 URAM 0 STORAGESUBTYPE {} DISPNAME {bind_op mul} VISIBLE true} {BINDTYPE op ID {} IMPL dsp_slice LATENCY 3 OPTYPE add PRAGMA {} RTLNAME mac_muladd_18s_14ns_13ns_29_4_1_U291 SOURCE ../dct.c:48 VARIABLE add_ln48_187 LOOP {} BUNDLEDNAME {} DSP 1 BRAM 0 URAM 0 STORAGESUBTYPE {} DISPNAME {bind_op add} VISIBLE true} {BINDTYPE op ID {} IMPL dsp_slice LATENCY 3 OPTYPE add PRAGMA {} RTLNAME ama_addmuladd_18s_16s_13ns_29s_29_4_1_U322 SOURCE ../dct.c:48 VARIABLE add_ln48_188 LOOP {} BUNDLEDNAME {} DSP 1 BRAM 0 URAM 0 STORAGESUBTYPE {} DISPNAME {bind_op add} VISIBLE true} {BINDTYPE op ID {} IMPL dsp_slice LATENCY 3 OPTYPE mul PRAGMA {} RTLNAME mac_muladd_16s_15s_13ns_29_4_1_U257 SOURCE ../dct.c:48 VARIABLE mul_ln48_138 LOOP {} BUNDLEDNAME {} DSP 1 BRAM 0 URAM 0 STORAGESUBTYPE {} DISPNAME {bind_op mul} VISIBLE true} {BINDTYPE op ID {} IMPL auto LATENCY 0 OPTYPE mul PRAGMA {} RTLNAME mul_16s_15ns_29_1_1_U61 SOURCE ../dct.c:48 VARIABLE mul_ln48_139 LOOP {} BUNDLEDNAME {} DSP 1 BRAM 0 URAM 0 STORAGESUBTYPE {} DISPNAME {bind_op mul} VISIBLE true} {BINDTYPE op ID {} IMPL auto LATENCY 0 OPTYPE mul PRAGMA {} RTLNAME mul_16s_15s_29_1_1_U62 SOURCE ../dct.c:48 VARIABLE mul_ln48_140 LOOP {} BUNDLEDNAME {} DSP 1 BRAM 0 URAM 0 STORAGESUBTYPE {} DISPNAME {bind_op mul} VISIBLE true} {BINDTYPE op ID {} IMPL dsp_slice LATENCY 3 OPTYPE mul PRAGMA {} RTLNAME mac_muladd_16s_14ns_29s_29_4_1_U292 SOURCE ../dct.c:48 VARIABLE mul_ln48_141 LOOP {} BUNDLEDNAME {} DSP 1 BRAM 0 URAM 0 STORAGESUBTYPE {} DISPNAME {bind_op mul} VISIBLE true} {BINDTYPE op ID {} IMPL dsp_slice LATENCY 3 OPTYPE sub PRAGMA {} RTLNAME ama_submuladd_16s_16s_13ns_29s_29_4_1_U258 SOURCE ../dct.c:46 VARIABLE tmp386 LOOP {} BUNDLEDNAME {} DSP 1 BRAM 0 URAM 0 STORAGESUBTYPE {} DISPNAME {bind_op sub} VISIBLE true} {BINDTYPE op ID {} IMPL dsp_slice LATENCY 3 OPTYPE sext PRAGMA {} RTLNAME ama_submuladd_16s_16s_13ns_29s_29_4_1_U258 SOURCE ../dct.c:46 VARIABLE tmp386_cast LOOP {} BUNDLEDNAME {} DSP 1 BRAM 0 URAM 0 STORAGESUBTYPE {} DISPNAME {bind_op sext} VISIBLE false} {BINDTYPE op ID {} IMPL dsp_slice LATENCY 3 OPTYPE mul PRAGMA {} RTLNAME ama_submuladd_16s_16s_13ns_29s_29_4_1_U258 SOURCE ../dct.c:46 VARIABLE tmp387 LOOP {} BUNDLEDNAME {} DSP 1 BRAM 0 URAM 0 STORAGESUBTYPE {} DISPNAME {bind_op mul} VISIBLE true} {BINDTYPE op ID {} IMPL fabric LATENCY 0 OPTYPE sub PRAGMA {} RTLNAME tmp389_fu_2850_p2 SOURCE ../dct.c:46 VARIABLE tmp389 LOOP {} BUNDLEDNAME {} DSP 0 BRAM 0 URAM 0 STORAGESUBTYPE {} DISPNAME {bind_op sub} VISIBLE true} {BINDTYPE op ID {} IMPL dsp_slice LATENCY 3 OPTYPE mul PRAGMA {} RTLNAME mac_muladd_17s_12ns_29s_29_4_1_U259 SOURCE ../dct.c:48 VARIABLE mul_ln48_142 LOOP {} BUNDLEDNAME {} DSP 1 BRAM 0 URAM 0 STORAGESUBTYPE {} DISPNAME {bind_op mul} VISIBLE true} {BINDTYPE op ID {} IMPL dsp_slice LATENCY 3 OPTYPE add PRAGMA {} RTLNAME ama_submuladd_16s_16s_13ns_29s_29_4_1_U258 SOURCE ../dct.c:48 VARIABLE add_ln48_189 LOOP {} BUNDLEDNAME {} DSP 1 BRAM 0 URAM 0 STORAGESUBTYPE {} DISPNAME {bind_op add} VISIBLE true} {BINDTYPE op ID {} IMPL dsp_slice LATENCY 3 OPTYPE add PRAGMA {} RTLNAME mac_muladd_16s_14ns_29s_29_4_1_U292 SOURCE ../dct.c:48 VARIABLE add_ln48_190 LOOP {} BUNDLEDNAME {} DSP 1 BRAM 0 URAM 0 STORAGESUBTYPE {} DISPNAME {bind_op add} VISIBLE true} {BINDTYPE op ID {} IMPL dsp_slice LATENCY 3 OPTYPE add PRAGMA {} RTLNAME mac_muladd_17s_12ns_29s_29_4_1_U259 SOURCE ../dct.c:48 VARIABLE add_ln48_191 LOOP {} BUNDLEDNAME {} DSP 1 BRAM 0 URAM 0 STORAGESUBTYPE {} DISPNAME {bind_op add} VISIBLE true} {BINDTYPE op ID {} IMPL dsp_slice LATENCY 3 OPTYPE add PRAGMA {} RTLNAME mac_muladd_16s_15s_13ns_29_4_1_U257 SOURCE ../dct.c:48 VARIABLE add_ln48_192 LOOP {} BUNDLEDNAME {} DSP 1 BRAM 0 URAM 0 STORAGESUBTYPE {} DISPNAME {bind_op add} VISIBLE true} {BINDTYPE op ID {} IMPL fabric LATENCY 0 OPTYPE add PRAGMA {} RTLNAME tmp391_fu_3264_p2 SOURCE ../dct.c:46 VARIABLE tmp391 LOOP {} BUNDLEDNAME {} DSP 0 BRAM 0 URAM 0 STORAGESUBTYPE {} DISPNAME {bind_op add} VISIBLE true} {BINDTYPE op ID {} IMPL fabric LATENCY 0 OPTYPE sub PRAGMA {} RTLNAME sub_ln48_6_fu_3299_p2 SOURCE ../dct.c:48 VARIABLE sub_ln48_6 LOOP {} BUNDLEDNAME {} DSP 0 BRAM 0 URAM 0 STORAGESUBTYPE {} DISPNAME {bind_op sub} VISIBLE true} {BINDTYPE op ID {} IMPL dsp_slice LATENCY 3 OPTYPE mul PRAGMA {} RTLNAME mac_muladd_16s_15s_29s_29_4_1_U293 SOURCE ../dct.c:48 VARIABLE mul_ln48_143 LOOP {} BUNDLEDNAME {} DSP 1 BRAM 0 URAM 0 STORAGESUBTYPE {} DISPNAME {bind_op mul} VISIBLE true} {BINDTYPE op ID {} IMPL dsp_slice LATENCY 3 OPTYPE mul PRAGMA {} RTLNAME mac_muladd_16s_14ns_29s_29_4_1_U260 SOURCE ../dct.c:48 VARIABLE mul_ln48_144 LOOP {} BUNDLEDNAME {} DSP 1 BRAM 0 URAM 0 STORAGESUBTYPE {} DISPNAME {bind_op mul} VISIBLE true} {BINDTYPE op ID {} IMPL dsp_slice LATENCY 3 OPTYPE mul PRAGMA {} RTLNAME mac_muladd_16s_15s_29s_29_4_1_U261 SOURCE ../dct.c:48 VARIABLE mul_ln48_145 LOOP {} BUNDLEDNAME {} DSP 1 BRAM 0 URAM 0 STORAGESUBTYPE {} DISPNAME {bind_op mul} VISIBLE true} {BINDTYPE op ID {} IMPL auto LATENCY 0 OPTYPE mul PRAGMA {} RTLNAME mul_16s_15ns_29_1_1_U63 SOURCE ../dct.c:48 VARIABLE mul_ln48_146 LOOP {} BUNDLEDNAME {} DSP 1 BRAM 0 URAM 0 STORAGESUBTYPE {} DISPNAME {bind_op mul} VISIBLE true} {BINDTYPE op ID {} IMPL auto LATENCY 0 OPTYPE mul PRAGMA {} RTLNAME mul_17s_13ns_29_1_1_U78 SOURCE ../dct.c:46 VARIABLE tmp397 LOOP {} BUNDLEDNAME {} DSP 1 BRAM 0 URAM 0 STORAGESUBTYPE {} DISPNAME {bind_op mul} VISIBLE true} {BINDTYPE op ID {} IMPL fabric LATENCY 0 OPTYPE sub PRAGMA {} RTLNAME tmp399_fu_2874_p2 SOURCE ../dct.c:46 VARIABLE tmp399 LOOP {} BUNDLEDNAME {} DSP 0 BRAM 0 URAM 0 STORAGESUBTYPE {} DISPNAME {bind_op sub} VISIBLE true} {BINDTYPE op ID {} IMPL dsp_slice LATENCY 3 OPTYPE mul PRAGMA {} RTLNAME mac_muladd_17s_13ns_13ns_29_4_1_U262 SOURCE ../dct.c:48 VARIABLE mul_ln48_147 LOOP {} BUNDLEDNAME {} DSP 1 BRAM 0 URAM 0 STORAGESUBTYPE {} DISPNAME {bind_op mul} VISIBLE true} {BINDTYPE op ID {} IMPL dsp_slice LATENCY 3 OPTYPE add PRAGMA {} RTLNAME mac_muladd_16s_15s_29s_29_4_1_U261 SOURCE ../dct.c:48 VARIABLE add_ln48_196 LOOP {} BUNDLEDNAME {} DSP 1 BRAM 0 URAM 0 STORAGESUBTYPE {} DISPNAME {bind_op add} VISIBLE true} {BINDTYPE op ID {} IMPL dsp_slice LATENCY 3 OPTYPE add PRAGMA {} RTLNAME mac_muladd_16s_15s_29s_29_4_1_U293 SOURCE ../dct.c:48 VARIABLE add_ln48_197 LOOP {} BUNDLEDNAME {} DSP 1 BRAM 0 URAM 0 STORAGESUBTYPE {} DISPNAME {bind_op add} VISIBLE true} {BINDTYPE op ID {} IMPL dsp_slice LATENCY 3 OPTYPE add PRAGMA {} RTLNAME mac_muladd_16s_14ns_29s_29_4_1_U260 SOURCE ../dct.c:48 VARIABLE add_ln48_198 LOOP {} BUNDLEDNAME {} DSP 1 BRAM 0 URAM 0 STORAGESUBTYPE {} DISPNAME {bind_op add} VISIBLE true} {BINDTYPE op ID {} IMPL dsp_slice LATENCY 3 OPTYPE add PRAGMA {} RTLNAME mac_muladd_17s_13ns_13ns_29_4_1_U262 SOURCE ../dct.c:48 VARIABLE add_ln48_199 LOOP {} BUNDLEDNAME {} DSP 1 BRAM 0 URAM 0 STORAGESUBTYPE {} DISPNAME {bind_op add} VISIBLE true} {BINDTYPE op ID {} IMPL fabric LATENCY 0 OPTYPE sub PRAGMA {} RTLNAME tmp403_fu_3327_p2 SOURCE ../dct.c:46 VARIABLE tmp403 LOOP {} BUNDLEDNAME {} DSP 0 BRAM 0 URAM 0 STORAGESUBTYPE {} DISPNAME {bind_op sub} VISIBLE true} {BINDTYPE op ID {} IMPL fabric LATENCY 0 OPTYPE add PRAGMA {} RTLNAME tmp404_fu_3336_p2 SOURCE ../dct.c:46 VARIABLE tmp404 LOOP {} BUNDLEDNAME {} DSP 0 BRAM 0 URAM 0 STORAGESUBTYPE {} DISPNAME {bind_op add} VISIBLE true} {BINDTYPE op ID {} IMPL dsp_slice LATENCY 3 OPTYPE sub PRAGMA {} RTLNAME ama_submuladd_18s_16s_14ns_29s_29_4_1_U323 SOURCE ../dct.c:46 VARIABLE tmp405 LOOP {} BUNDLEDNAME {} DSP 1 BRAM 0 URAM 0 STORAGESUBTYPE {} DISPNAME {bind_op sub} VISIBLE true} {BINDTYPE op ID {} IMPL dsp_slice LATENCY 3 OPTYPE sext PRAGMA {} RTLNAME ama_submuladd_18s_16s_14ns_29s_29_4_1_U323 SOURCE ../dct.c:46 VARIABLE tmp405_cast LOOP {} BUNDLEDNAME {} DSP 1 BRAM 0 URAM 0 STORAGESUBTYPE {} DISPNAME {bind_op sext} VISIBLE false} {BINDTYPE op ID {} IMPL dsp_slice LATENCY 3 OPTYPE mul PRAGMA {} RTLNAME ama_submuladd_18s_16s_14ns_29s_29_4_1_U323 SOURCE ../dct.c:46 VARIABLE tmp406 LOOP {} BUNDLEDNAME {} DSP 1 BRAM 0 URAM 0 STORAGESUBTYPE {} DISPNAME {bind_op mul} VISIBLE true} {BINDTYPE op ID {} IMPL dsp_slice LATENCY 3 OPTYPE mul PRAGMA {} RTLNAME mac_muladd_18s_13ns_13ns_29_4_1_U294 SOURCE ../dct.c:48 VARIABLE mul_ln48_148 LOOP {} BUNDLEDNAME {} DSP 1 BRAM 0 URAM 0 STORAGESUBTYPE {} DISPNAME {bind_op mul} VISIBLE true} {BINDTYPE op ID {} IMPL dsp_slice LATENCY 3 OPTYPE add PRAGMA {} RTLNAME mac_muladd_18s_13ns_13ns_29_4_1_U294 SOURCE ../dct.c:48 VARIABLE add_ln48_202 LOOP {} BUNDLEDNAME {} DSP 1 BRAM 0 URAM 0 STORAGESUBTYPE {} DISPNAME {bind_op add} VISIBLE true} {BINDTYPE op ID {} IMPL dsp_slice LATENCY 3 OPTYPE add PRAGMA {} RTLNAME ama_submuladd_18s_16s_14ns_29s_29_4_1_U323 SOURCE ../dct.c:48 VARIABLE add_ln48_203 LOOP {} BUNDLEDNAME {} DSP 1 BRAM 0 URAM 0 STORAGESUBTYPE {} DISPNAME {bind_op add} VISIBLE true} {BINDTYPE op ID {} IMPL auto LATENCY 0 OPTYPE mul PRAGMA {} RTLNAME mul_16s_15s_29_1_1_U64 SOURCE ../dct.c:48 VARIABLE mul_ln48_149 LOOP {} BUNDLEDNAME {} DSP 1 BRAM 0 URAM 0 STORAGESUBTYPE {} DISPNAME {bind_op mul} VISIBLE true} {BINDTYPE op ID {} IMPL dsp_slice LATENCY 3 OPTYPE mul PRAGMA {} RTLNAME mac_muladd_16s_14ns_29s_29_4_1_U263 SOURCE ../dct.c:48 VARIABLE mul_ln48_150 LOOP {} BUNDLEDNAME {} DSP 1 BRAM 0 URAM 0 STORAGESUBTYPE {} DISPNAME {bind_op mul} VISIBLE true} {BINDTYPE op ID {} IMPL auto LATENCY 0 OPTYPE mul PRAGMA {} RTLNAME mul_16s_15s_29_1_1_U65 SOURCE ../dct.c:48 VARIABLE mul_ln48_151 LOOP {} BUNDLEDNAME {} DSP 1 BRAM 0 URAM 0 STORAGESUBTYPE {} DISPNAME {bind_op mul} VISIBLE true} {BINDTYPE op ID {} IMPL dsp_slice LATENCY 3 OPTYPE mul PRAGMA {} RTLNAME mac_muladd_16s_14ns_29s_29_4_1_U295 SOURCE ../dct.c:48 VARIABLE mul_ln48_152 LOOP {} BUNDLEDNAME {} DSP 1 BRAM 0 URAM 0 STORAGESUBTYPE {} DISPNAME {bind_op mul} VISIBLE true} {BINDTYPE op ID {} IMPL dsp_slice LATENCY 3 OPTYPE mul PRAGMA {} RTLNAME mac_muladd_17s_13ns_29s_29_4_1_U264 SOURCE ../dct.c:46 VARIABLE tmp415 LOOP {} BUNDLEDNAME {} DSP 1 BRAM 0 URAM 0 STORAGESUBTYPE {} DISPNAME {bind_op mul} VISIBLE true} {BINDTYPE op ID {} IMPL dsp_slice LATENCY 3 OPTYPE mul PRAGMA {} RTLNAME mac_muladd_17s_12ns_13ns_29_4_1_U265 SOURCE ../dct.c:48 VARIABLE mul_ln48_153 LOOP {} BUNDLEDNAME {} DSP 1 BRAM 0 URAM 0 STORAGESUBTYPE {} DISPNAME {bind_op mul} VISIBLE true} {BINDTYPE op ID {} IMPL dsp_slice LATENCY 3 OPTYPE add PRAGMA {} RTLNAME mac_muladd_16s_14ns_29s_29_4_1_U263 SOURCE ../dct.c:48 VARIABLE add_ln48_204 LOOP {} BUNDLEDNAME {} DSP 1 BRAM 0 URAM 0 STORAGESUBTYPE {} DISPNAME {bind_op add} VISIBLE true} {BINDTYPE op ID {} IMPL dsp_slice LATENCY 3 OPTYPE add PRAGMA {} RTLNAME mac_muladd_16s_14ns_29s_29_4_1_U295 SOURCE ../dct.c:48 VARIABLE add_ln48_205 LOOP {} BUNDLEDNAME {} DSP 1 BRAM 0 URAM 0 STORAGESUBTYPE {} DISPNAME {bind_op add} VISIBLE true} {BINDTYPE op ID {} IMPL dsp_slice LATENCY 3 OPTYPE add PRAGMA {} RTLNAME mac_muladd_17s_13ns_29s_29_4_1_U264 SOURCE ../dct.c:48 VARIABLE add_ln48_206 LOOP {} BUNDLEDNAME {} DSP 1 BRAM 0 URAM 0 STORAGESUBTYPE {} DISPNAME {bind_op add} VISIBLE true} {BINDTYPE op ID {} IMPL dsp_slice LATENCY 3 OPTYPE add PRAGMA {} RTLNAME mac_muladd_17s_12ns_13ns_29_4_1_U265 SOURCE ../dct.c:48 VARIABLE add_ln48_207 LOOP {} BUNDLEDNAME {} DSP 1 BRAM 0 URAM 0 STORAGESUBTYPE {} DISPNAME {bind_op add} VISIBLE true} {BINDTYPE op ID {} IMPL fabric LATENCY 0 OPTYPE add PRAGMA {} RTLNAME grp_fu_734_p2 SOURCE ../dct.c:46 VARIABLE tmp423 LOOP {} BUNDLEDNAME {} DSP 0 BRAM 0 URAM 0 STORAGESUBTYPE {} DISPNAME {bind_op add} VISIBLE true} {BINDTYPE op ID {} IMPL fabric LATENCY 0 OPTYPE add PRAGMA {} RTLNAME grp_fu_758_p2 SOURCE ../dct.c:46 VARIABLE tmp380 LOOP {} BUNDLEDNAME {} DSP 0 BRAM 0 URAM 0 STORAGESUBTYPE {} DISPNAME {bind_op add} VISIBLE true} {BINDTYPE op ID {} IMPL fabric LATENCY 0 OPTYPE add PRAGMA {} RTLNAME add_ln48_210_fu_3370_p2 SOURCE ../dct.c:48 VARIABLE add_ln48_210 LOOP {} BUNDLEDNAME {} DSP 0 BRAM 0 URAM 0 STORAGESUBTYPE {} DISPNAME {bind_op add} VISIBLE true} {BINDTYPE op ID {} IMPL auto LATENCY 0 OPTYPE mul PRAGMA {} RTLNAME mul_16s_15ns_29_1_1_U66 SOURCE ../dct.c:48 VARIABLE mul_ln48_154 LOOP {} BUNDLEDNAME {} DSP 1 BRAM 0 URAM 0 STORAGESUBTYPE {} DISPNAME {bind_op mul} VISIBLE true} {BINDTYPE op ID {} IMPL dsp_slice LATENCY 3 OPTYPE mul PRAGMA {} RTLNAME mac_muladd_16s_15s_13ns_29_4_1_U266 SOURCE ../dct.c:48 VARIABLE mul_ln48_155 LOOP {} BUNDLEDNAME {} DSP 1 BRAM 0 URAM 0 STORAGESUBTYPE {} DISPNAME {bind_op mul} VISIBLE true} {BINDTYPE op ID {} IMPL dsp_slice LATENCY 3 OPTYPE mul PRAGMA {} RTLNAME mac_muladd_16s_15s_29s_29_4_1_U267 SOURCE ../dct.c:48 VARIABLE mul_ln48_156 LOOP {} BUNDLEDNAME {} DSP 1 BRAM 0 URAM 0 STORAGESUBTYPE {} DISPNAME {bind_op mul} VISIBLE true} {BINDTYPE op ID {} IMPL dsp_slice LATENCY 3 OPTYPE mul PRAGMA {} RTLNAME mac_muladd_16s_14ns_29s_29_4_1_U296 SOURCE ../dct.c:48 VARIABLE mul_ln48_157 LOOP {} BUNDLEDNAME {} DSP 1 BRAM 0 URAM 0 STORAGESUBTYPE {} DISPNAME {bind_op mul} VISIBLE true} {BINDTYPE op ID {} IMPL dsp_slice LATENCY 3 OPTYPE sub PRAGMA {} RTLNAME ama_submuladd_16s_16s_12ns_29s_29_4_1_U268 SOURCE ../dct.c:46 VARIABLE tmp428 LOOP {} BUNDLEDNAME {} DSP 1 BRAM 0 URAM 0 STORAGESUBTYPE {} DISPNAME {bind_op sub} VISIBLE true} {BINDTYPE op ID {} IMPL dsp_slice LATENCY 3 OPTYPE sext PRAGMA {} RTLNAME ama_submuladd_16s_16s_12ns_29s_29_4_1_U268 SOURCE ../dct.c:46 VARIABLE tmp428_cast LOOP {} BUNDLEDNAME {} DSP 1 BRAM 0 URAM 0 STORAGESUBTYPE {} DISPNAME {bind_op sext} VISIBLE false} {BINDTYPE op ID {} IMPL dsp_slice LATENCY 3 OPTYPE mul PRAGMA {} RTLNAME ama_submuladd_16s_16s_12ns_29s_29_4_1_U268 SOURCE ../dct.c:46 VARIABLE tmp429 LOOP {} BUNDLEDNAME {} DSP 1 BRAM 0 URAM 0 STORAGESUBTYPE {} DISPNAME {bind_op mul} VISIBLE true} {BINDTYPE op ID {} IMPL fabric LATENCY 0 OPTYPE sub PRAGMA {} RTLNAME tmp431_fu_3390_p2 SOURCE ../dct.c:46 VARIABLE tmp431 LOOP {} BUNDLEDNAME {} DSP 0 BRAM 0 URAM 0 STORAGESUBTYPE {} DISPNAME {bind_op sub} VISIBLE true} {BINDTYPE op ID {} IMPL auto LATENCY 0 OPTYPE mul PRAGMA {} RTLNAME mul_17s_14ns_29_1_1_U79 SOURCE ../dct.c:48 VARIABLE mul_ln48_158 LOOP {} BUNDLEDNAME {} DSP 1 BRAM 0 URAM 0 STORAGESUBTYPE {} DISPNAME {bind_op mul} VISIBLE true} {BINDTYPE op ID {} IMPL dsp_slice LATENCY 3 OPTYPE add PRAGMA {} RTLNAME ama_submuladd_16s_16s_12ns_29s_29_4_1_U268 SOURCE ../dct.c:48 VARIABLE add_ln48_211 LOOP {} BUNDLEDNAME {} DSP 1 BRAM 0 URAM 0 STORAGESUBTYPE {} DISPNAME {bind_op add} VISIBLE true} {BINDTYPE op ID {} IMPL dsp_slice LATENCY 3 OPTYPE add PRAGMA {} RTLNAME mac_muladd_16s_14ns_29s_29_4_1_U296 SOURCE ../dct.c:48 VARIABLE add_ln48_212 LOOP {} BUNDLEDNAME {} DSP 1 BRAM 0 URAM 0 STORAGESUBTYPE {} DISPNAME {bind_op add} VISIBLE true} {BINDTYPE op ID {} IMPL dsp_slice LATENCY 3 OPTYPE add PRAGMA {} RTLNAME mac_muladd_16s_15s_29s_29_4_1_U267 SOURCE ../dct.c:48 VARIABLE add_ln48_213 LOOP {} BUNDLEDNAME {} DSP 1 BRAM 0 URAM 0 STORAGESUBTYPE {} DISPNAME {bind_op add} VISIBLE true} {BINDTYPE op ID {} IMPL dsp_slice LATENCY 3 OPTYPE add PRAGMA {} RTLNAME mac_muladd_16s_15s_13ns_29_4_1_U266 SOURCE ../dct.c:48 VARIABLE add_ln48_214 LOOP {} BUNDLEDNAME {} DSP 1 BRAM 0 URAM 0 STORAGESUBTYPE {} DISPNAME {bind_op add} VISIBLE true} {BINDTYPE op ID {} IMPL fabric LATENCY 0 OPTYPE sub PRAGMA {} RTLNAME tmp435_fu_3406_p2 SOURCE ../dct.c:46 VARIABLE tmp435 LOOP {} BUNDLEDNAME {} DSP 0 BRAM 0 URAM 0 STORAGESUBTYPE {} DISPNAME {bind_op sub} VISIBLE true} {BINDTYPE op ID {} IMPL fabric LATENCY 0 OPTYPE sub PRAGMA {} RTLNAME tmp436_fu_3415_p2 SOURCE ../dct.c:46 VARIABLE tmp436 LOOP {} BUNDLEDNAME {} DSP 0 BRAM 0 URAM 0 STORAGESUBTYPE {} DISPNAME {bind_op sub} VISIBLE true} {BINDTYPE op ID {} IMPL dsp_slice LATENCY 3 OPTYPE add PRAGMA {} RTLNAME ama_addmuladd_18s_16s_13ns_29s_29_4_1_U324 SOURCE ../dct.c:46 VARIABLE tmp437 LOOP {} BUNDLEDNAME {} DSP 1 BRAM 0 URAM 0 STORAGESUBTYPE {} DISPNAME {bind_op add} VISIBLE true} {BINDTYPE op ID {} IMPL dsp_slice LATENCY 3 OPTYPE sext PRAGMA {} RTLNAME ama_addmuladd_18s_16s_13ns_29s_29_4_1_U324 SOURCE ../dct.c:46 VARIABLE tmp437_cast LOOP {} BUNDLEDNAME {} DSP 1 BRAM 0 URAM 0 STORAGESUBTYPE {} DISPNAME {bind_op sext} VISIBLE false} {BINDTYPE op ID {} IMPL dsp_slice LATENCY 3 OPTYPE mul PRAGMA {} RTLNAME ama_addmuladd_18s_16s_13ns_29s_29_4_1_U324 SOURCE ../dct.c:46 VARIABLE tmp438 LOOP {} BUNDLEDNAME {} DSP 1 BRAM 0 URAM 0 STORAGESUBTYPE {} DISPNAME {bind_op mul} VISIBLE true} {BINDTYPE op ID {} IMPL fabric LATENCY 0 OPTYPE sub PRAGMA {} RTLNAME tmp441_fu_2946_p2 SOURCE ../dct.c:46 VARIABLE tmp441 LOOP {} BUNDLEDNAME {} DSP 0 BRAM 0 URAM 0 STORAGESUBTYPE {} DISPNAME {bind_op sub} VISIBLE true} {BINDTYPE op ID {} IMPL dsp_slice LATENCY 3 OPTYPE mul PRAGMA {} RTLNAME mac_muladd_18s_14ns_13ns_29_4_1_U297 SOURCE ../dct.c:48 VARIABLE mul_ln48_159 LOOP {} BUNDLEDNAME {} DSP 1 BRAM 0 URAM 0 STORAGESUBTYPE {} DISPNAME {bind_op mul} VISIBLE true} {BINDTYPE op ID {} IMPL dsp_slice LATENCY 3 OPTYPE add PRAGMA {} RTLNAME mac_muladd_18s_14ns_13ns_29_4_1_U297 SOURCE ../dct.c:48 VARIABLE add_ln48_217 LOOP {} BUNDLEDNAME {} DSP 1 BRAM 0 URAM 0 STORAGESUBTYPE {} DISPNAME {bind_op add} VISIBLE true} {BINDTYPE op ID {} IMPL dsp_slice LATENCY 3 OPTYPE add PRAGMA {} RTLNAME ama_addmuladd_18s_16s_13ns_29s_29_4_1_U324 SOURCE ../dct.c:48 VARIABLE add_ln48_218 LOOP {} BUNDLEDNAME {} DSP 1 BRAM 0 URAM 0 STORAGESUBTYPE {} DISPNAME {bind_op add} VISIBLE true} {BINDTYPE op ID {} IMPL dsp_slice LATENCY 3 OPTYPE mul PRAGMA {} RTLNAME mac_muladd_16s_15s_13ns_29_4_1_U269 SOURCE ../dct.c:48 VARIABLE mul_ln48_160 LOOP {} BUNDLEDNAME {} DSP 1 BRAM 0 URAM 0 STORAGESUBTYPE {} DISPNAME {bind_op mul} VISIBLE true} {BINDTYPE op ID {} IMPL auto LATENCY 0 OPTYPE mul PRAGMA {} RTLNAME mul_16s_15ns_29_1_1_U67 SOURCE ../dct.c:48 VARIABLE mul_ln48_161 LOOP {} BUNDLEDNAME {} DSP 1 BRAM 0 URAM 0 STORAGESUBTYPE {} DISPNAME {bind_op mul} VISIBLE true} {BINDTYPE op ID {} IMPL auto LATENCY 0 OPTYPE mul PRAGMA {} RTLNAME mul_16s_15s_29_1_1_U68 SOURCE ../dct.c:48 VARIABLE mul_ln48_162 LOOP {} BUNDLEDNAME {} DSP 1 BRAM 0 URAM 0 STORAGESUBTYPE {} DISPNAME {bind_op mul} VISIBLE true} {BINDTYPE op ID {} IMPL dsp_slice LATENCY 3 OPTYPE mul PRAGMA {} RTLNAME mac_muladd_16s_14ns_29s_29_4_1_U298 SOURCE ../dct.c:48 VARIABLE mul_ln48_163 LOOP {} BUNDLEDNAME {} DSP 1 BRAM 0 URAM 0 STORAGESUBTYPE {} DISPNAME {bind_op mul} VISIBLE true} {BINDTYPE op ID {} IMPL dsp_slice LATENCY 3 OPTYPE sub PRAGMA {} RTLNAME ama_submuladd_16s_16s_13ns_29s_29_4_1_U270 SOURCE ../dct.c:46 VARIABLE tmp446 LOOP {} BUNDLEDNAME {} DSP 1 BRAM 0 URAM 0 STORAGESUBTYPE {} DISPNAME {bind_op sub} VISIBLE true} {BINDTYPE op ID {} IMPL dsp_slice LATENCY 3 OPTYPE sext PRAGMA {} RTLNAME ama_submuladd_16s_16s_13ns_29s_29_4_1_U270 SOURCE ../dct.c:46 VARIABLE tmp446_cast LOOP {} BUNDLEDNAME {} DSP 1 BRAM 0 URAM 0 STORAGESUBTYPE {} DISPNAME {bind_op sext} VISIBLE false} {BINDTYPE op ID {} IMPL dsp_slice LATENCY 3 OPTYPE mul PRAGMA {} RTLNAME ama_submuladd_16s_16s_13ns_29s_29_4_1_U270 SOURCE ../dct.c:46 VARIABLE tmp447 LOOP {} BUNDLEDNAME {} DSP 1 BRAM 0 URAM 0 STORAGESUBTYPE {} DISPNAME {bind_op mul} VISIBLE true} {BINDTYPE op ID {} IMPL fabric LATENCY 0 OPTYPE sub PRAGMA {} RTLNAME tmp449_fu_2988_p2 SOURCE ../dct.c:46 VARIABLE tmp449 LOOP {} BUNDLEDNAME {} DSP 0 BRAM 0 URAM 0 STORAGESUBTYPE {} DISPNAME {bind_op sub} VISIBLE true} {BINDTYPE op ID {} IMPL dsp_slice LATENCY 3 OPTYPE mul PRAGMA {} RTLNAME mac_muladd_17s_12ns_29s_29_4_1_U271 SOURCE ../dct.c:48 VARIABLE mul_ln48_164 LOOP {} BUNDLEDNAME {} DSP 1 BRAM 0 URAM 0 STORAGESUBTYPE {} DISPNAME {bind_op mul} VISIBLE true} {BINDTYPE op ID {} IMPL dsp_slice LATENCY 3 OPTYPE add PRAGMA {} RTLNAME ama_submuladd_16s_16s_13ns_29s_29_4_1_U270 SOURCE ../dct.c:48 VARIABLE add_ln48_219 LOOP {} BUNDLEDNAME {} DSP 1 BRAM 0 URAM 0 STORAGESUBTYPE {} DISPNAME {bind_op add} VISIBLE true} {BINDTYPE op ID {} IMPL dsp_slice LATENCY 3 OPTYPE add PRAGMA {} RTLNAME mac_muladd_16s_14ns_29s_29_4_1_U298 SOURCE ../dct.c:48 VARIABLE add_ln48_220 LOOP {} BUNDLEDNAME {} DSP 1 BRAM 0 URAM 0 STORAGESUBTYPE {} DISPNAME {bind_op add} VISIBLE true} {BINDTYPE op ID {} IMPL dsp_slice LATENCY 3 OPTYPE add PRAGMA {} RTLNAME mac_muladd_17s_12ns_29s_29_4_1_U271 SOURCE ../dct.c:48 VARIABLE add_ln48_221 LOOP {} BUNDLEDNAME {} DSP 1 BRAM 0 URAM 0 STORAGESUBTYPE {} DISPNAME {bind_op add} VISIBLE true} {BINDTYPE op ID {} IMPL dsp_slice LATENCY 3 OPTYPE add PRAGMA {} RTLNAME mac_muladd_16s_15s_13ns_29_4_1_U269 SOURCE ../dct.c:48 VARIABLE add_ln48_222 LOOP {} BUNDLEDNAME {} DSP 1 BRAM 0 URAM 0 STORAGESUBTYPE {} DISPNAME {bind_op add} VISIBLE true} {BINDTYPE op ID {} IMPL fabric LATENCY 0 OPTYPE add PRAGMA {} RTLNAME tmp451_fu_3424_p2 SOURCE ../dct.c:46 VARIABLE tmp451 LOOP {} BUNDLEDNAME {} DSP 0 BRAM 0 URAM 0 STORAGESUBTYPE {} DISPNAME {bind_op add} VISIBLE true} {BINDTYPE op ID {} IMPL fabric LATENCY 0 OPTYPE sub PRAGMA {} RTLNAME sub_ln48_7_fu_3459_p2 SOURCE ../dct.c:48 VARIABLE sub_ln48_7 LOOP {} BUNDLEDNAME {} DSP 0 BRAM 0 URAM 0 STORAGESUBTYPE {} DISPNAME {bind_op sub} VISIBLE true} {BINDTYPE op ID {} IMPL dsp_slice LATENCY 3 OPTYPE mul PRAGMA {} RTLNAME mac_muladd_16s_15s_29s_29_4_1_U299 SOURCE ../dct.c:48 VARIABLE mul_ln48_165 LOOP {} BUNDLEDNAME {} DSP 1 BRAM 0 URAM 0 STORAGESUBTYPE {} DISPNAME {bind_op mul} VISIBLE true} {BINDTYPE op ID {} IMPL dsp_slice LATENCY 3 OPTYPE mul PRAGMA {} RTLNAME mac_muladd_16s_14ns_29s_29_4_1_U272 SOURCE ../dct.c:48 VARIABLE mul_ln48_166 LOOP {} BUNDLEDNAME {} DSP 1 BRAM 0 URAM 0 STORAGESUBTYPE {} DISPNAME {bind_op mul} VISIBLE true} {BINDTYPE op ID {} IMPL dsp_slice LATENCY 3 OPTYPE mul PRAGMA {} RTLNAME mac_muladd_16s_15s_29s_29_4_1_U273 SOURCE ../dct.c:48 VARIABLE mul_ln48_167 LOOP {} BUNDLEDNAME {} DSP 1 BRAM 0 URAM 0 STORAGESUBTYPE {} DISPNAME {bind_op mul} VISIBLE true} {BINDTYPE op ID {} IMPL auto LATENCY 0 OPTYPE mul PRAGMA {} RTLNAME mul_16s_15ns_29_1_1_U69 SOURCE ../dct.c:48 VARIABLE mul_ln48_168 LOOP {} BUNDLEDNAME {} DSP 1 BRAM 0 URAM 0 STORAGESUBTYPE {} DISPNAME {bind_op mul} VISIBLE true} {BINDTYPE op ID {} IMPL auto LATENCY 0 OPTYPE mul PRAGMA {} RTLNAME mul_17s_13ns_29_1_1_U80 SOURCE ../dct.c:46 VARIABLE tmp457 LOOP {} BUNDLEDNAME {} DSP 1 BRAM 0 URAM 0 STORAGESUBTYPE {} DISPNAME {bind_op mul} VISIBLE true} {BINDTYPE op ID {} IMPL fabric LATENCY 0 OPTYPE sub PRAGMA {} RTLNAME tmp459_fu_3012_p2 SOURCE ../dct.c:46 VARIABLE tmp459 LOOP {} BUNDLEDNAME {} DSP 0 BRAM 0 URAM 0 STORAGESUBTYPE {} DISPNAME {bind_op sub} VISIBLE true} {BINDTYPE op ID {} IMPL dsp_slice LATENCY 3 OPTYPE mul PRAGMA {} RTLNAME mac_muladd_17s_13ns_13ns_29_4_1_U274 SOURCE ../dct.c:48 VARIABLE mul_ln48_169 LOOP {} BUNDLEDNAME {} DSP 1 BRAM 0 URAM 0 STORAGESUBTYPE {} DISPNAME {bind_op mul} VISIBLE true} {BINDTYPE op ID {} IMPL dsp_slice LATENCY 3 OPTYPE add PRAGMA {} RTLNAME mac_muladd_16s_15s_29s_29_4_1_U273 SOURCE ../dct.c:48 VARIABLE add_ln48_226 LOOP {} BUNDLEDNAME {} DSP 1 BRAM 0 URAM 0 STORAGESUBTYPE {} DISPNAME {bind_op add} VISIBLE true} {BINDTYPE op ID {} IMPL dsp_slice LATENCY 3 OPTYPE add PRAGMA {} RTLNAME mac_muladd_16s_15s_29s_29_4_1_U299 SOURCE ../dct.c:48 VARIABLE add_ln48_227 LOOP {} BUNDLEDNAME {} DSP 1 BRAM 0 URAM 0 STORAGESUBTYPE {} DISPNAME {bind_op add} VISIBLE true} {BINDTYPE op ID {} IMPL dsp_slice LATENCY 3 OPTYPE add PRAGMA {} RTLNAME mac_muladd_16s_14ns_29s_29_4_1_U272 SOURCE ../dct.c:48 VARIABLE add_ln48_228 LOOP {} BUNDLEDNAME {} DSP 1 BRAM 0 URAM 0 STORAGESUBTYPE {} DISPNAME {bind_op add} VISIBLE true} {BINDTYPE op ID {} IMPL dsp_slice LATENCY 3 OPTYPE add PRAGMA {} RTLNAME mac_muladd_17s_13ns_13ns_29_4_1_U274 SOURCE ../dct.c:48 VARIABLE add_ln48_229 LOOP {} BUNDLEDNAME {} DSP 1 BRAM 0 URAM 0 STORAGESUBTYPE {} DISPNAME {bind_op add} VISIBLE true} {BINDTYPE op ID {} IMPL fabric LATENCY 0 OPTYPE sub PRAGMA {} RTLNAME tmp463_fu_3487_p2 SOURCE ../dct.c:46 VARIABLE tmp463 LOOP {} BUNDLEDNAME {} DSP 0 BRAM 0 URAM 0 STORAGESUBTYPE {} DISPNAME {bind_op sub} VISIBLE true} {BINDTYPE op ID {} IMPL fabric LATENCY 0 OPTYPE add PRAGMA {} RTLNAME tmp464_fu_3496_p2 SOURCE ../dct.c:46 VARIABLE tmp464 LOOP {} BUNDLEDNAME {} DSP 0 BRAM 0 URAM 0 STORAGESUBTYPE {} DISPNAME {bind_op add} VISIBLE true} {BINDTYPE op ID {} IMPL dsp_slice LATENCY 3 OPTYPE sub PRAGMA {} RTLNAME ama_submuladd_18s_16s_14ns_29s_29_4_1_U325 SOURCE ../dct.c:46 VARIABLE tmp465 LOOP {} BUNDLEDNAME {} DSP 1 BRAM 0 URAM 0 STORAGESUBTYPE {} DISPNAME {bind_op sub} VISIBLE true} {BINDTYPE op ID {} IMPL dsp_slice LATENCY 3 OPTYPE sext PRAGMA {} RTLNAME ama_submuladd_18s_16s_14ns_29s_29_4_1_U325 SOURCE ../dct.c:46 VARIABLE tmp465_cast LOOP {} BUNDLEDNAME {} DSP 1 BRAM 0 URAM 0 STORAGESUBTYPE {} DISPNAME {bind_op sext} VISIBLE false} {BINDTYPE op ID {} IMPL dsp_slice LATENCY 3 OPTYPE mul PRAGMA {} RTLNAME ama_submuladd_18s_16s_14ns_29s_29_4_1_U325 SOURCE ../dct.c:46 VARIABLE tmp466 LOOP {} BUNDLEDNAME {} DSP 1 BRAM 0 URAM 0 STORAGESUBTYPE {} DISPNAME {bind_op mul} VISIBLE true} {BINDTYPE op ID {} IMPL dsp_slice LATENCY 3 OPTYPE mul PRAGMA {} RTLNAME mac_muladd_18s_13ns_13ns_29_4_1_U300 SOURCE ../dct.c:48 VARIABLE mul_ln48_170 LOOP {} BUNDLEDNAME {} DSP 1 BRAM 0 URAM 0 STORAGESUBTYPE {} DISPNAME {bind_op mul} VISIBLE true} {BINDTYPE op ID {} IMPL dsp_slice LATENCY 3 OPTYPE add PRAGMA {} RTLNAME mac_muladd_18s_13ns_13ns_29_4_1_U300 SOURCE ../dct.c:48 VARIABLE add_ln48_232 LOOP {} BUNDLEDNAME {} DSP 1 BRAM 0 URAM 0 STORAGESUBTYPE {} DISPNAME {bind_op add} VISIBLE true} {BINDTYPE op ID {} IMPL dsp_slice LATENCY 3 OPTYPE add PRAGMA {} RTLNAME ama_submuladd_18s_16s_14ns_29s_29_4_1_U325 SOURCE ../dct.c:48 VARIABLE add_ln48_233 LOOP {} BUNDLEDNAME {} DSP 1 BRAM 0 URAM 0 STORAGESUBTYPE {} DISPNAME {bind_op add} VISIBLE true} {BINDTYPE op ID {} IMPL auto LATENCY 0 OPTYPE mul PRAGMA {} RTLNAME mul_16s_15s_29_1_1_U70 SOURCE ../dct.c:48 VARIABLE mul_ln48_171 LOOP {} BUNDLEDNAME {} DSP 1 BRAM 0 URAM 0 STORAGESUBTYPE {} DISPNAME {bind_op mul} VISIBLE true} {BINDTYPE op ID {} IMPL dsp_slice LATENCY 3 OPTYPE mul PRAGMA {} RTLNAME mac_muladd_16s_14ns_29s_29_4_1_U275 SOURCE ../dct.c:48 VARIABLE mul_ln48_172 LOOP {} BUNDLEDNAME {} DSP 1 BRAM 0 URAM 0 STORAGESUBTYPE {} DISPNAME {bind_op mul} VISIBLE true} {BINDTYPE op ID {} IMPL auto LATENCY 0 OPTYPE mul PRAGMA {} RTLNAME mul_16s_15s_29_1_1_U71 SOURCE ../dct.c:48 VARIABLE mul_ln48_173 LOOP {} BUNDLEDNAME {} DSP 1 BRAM 0 URAM 0 STORAGESUBTYPE {} DISPNAME {bind_op mul} VISIBLE true} {BINDTYPE op ID {} IMPL dsp_slice LATENCY 3 OPTYPE mul PRAGMA {} RTLNAME mac_muladd_16s_14ns_29s_29_4_1_U301 SOURCE ../dct.c:48 VARIABLE mul_ln48_174 LOOP {} BUNDLEDNAME {} DSP 1 BRAM 0 URAM 0 STORAGESUBTYPE {} DISPNAME {bind_op mul} VISIBLE true} {BINDTYPE op ID {} IMPL dsp_slice LATENCY 3 OPTYPE mul PRAGMA {} RTLNAME mac_muladd_17s_13ns_29s_29_4_1_U276 SOURCE ../dct.c:46 VARIABLE tmp475 LOOP {} BUNDLEDNAME {} DSP 1 BRAM 0 URAM 0 STORAGESUBTYPE {} DISPNAME {bind_op mul} VISIBLE true} {BINDTYPE op ID {} IMPL dsp_slice LATENCY 3 OPTYPE mul PRAGMA {} RTLNAME mac_muladd_17s_12ns_13ns_29_4_1_U277 SOURCE ../dct.c:48 VARIABLE mul_ln48_175 LOOP {} BUNDLEDNAME {} DSP 1 BRAM 0 URAM 0 STORAGESUBTYPE {} DISPNAME {bind_op mul} VISIBLE true} {BINDTYPE op ID {} IMPL dsp_slice LATENCY 3 OPTYPE add PRAGMA {} RTLNAME mac_muladd_16s_14ns_29s_29_4_1_U275 SOURCE ../dct.c:48 VARIABLE add_ln48_234 LOOP {} BUNDLEDNAME {} DSP 1 BRAM 0 URAM 0 STORAGESUBTYPE {} DISPNAME {bind_op add} VISIBLE true} {BINDTYPE op ID {} IMPL dsp_slice LATENCY 3 OPTYPE add PRAGMA {} RTLNAME mac_muladd_16s_14ns_29s_29_4_1_U301 SOURCE ../dct.c:48 VARIABLE add_ln48_235 LOOP {} BUNDLEDNAME {} DSP 1 BRAM 0 URAM 0 STORAGESUBTYPE {} DISPNAME {bind_op add} VISIBLE true} {BINDTYPE op ID {} IMPL dsp_slice LATENCY 3 OPTYPE add PRAGMA {} RTLNAME mac_muladd_17s_13ns_29s_29_4_1_U276 SOURCE ../dct.c:48 VARIABLE add_ln48_236 LOOP {} BUNDLEDNAME {} DSP 1 BRAM 0 URAM 0 STORAGESUBTYPE {} DISPNAME {bind_op add} VISIBLE true} {BINDTYPE op ID {} IMPL dsp_slice LATENCY 3 OPTYPE add PRAGMA {} RTLNAME mac_muladd_17s_12ns_13ns_29_4_1_U277 SOURCE ../dct.c:48 VARIABLE add_ln48_237 LOOP {} BUNDLEDNAME {} DSP 1 BRAM 0 URAM 0 STORAGESUBTYPE {} DISPNAME {bind_op add} VISIBLE true} {BINDTYPE op ID {} IMPL fabric LATENCY 0 OPTYPE add PRAGMA {} RTLNAME tmp479_fu_3041_p2 SOURCE ../dct.c:46 VARIABLE tmp479 LOOP {} BUNDLEDNAME {} DSP 0 BRAM 0 URAM 0 STORAGESUBTYPE {} DISPNAME {bind_op add} VISIBLE true} {BINDTYPE op ID {} IMPL fabric LATENCY 0 OPTYPE add PRAGMA {} RTLNAME tmp483_fu_3538_p2 SOURCE ../dct.c:46 VARIABLE tmp483 LOOP {} BUNDLEDNAME {} DSP 0 BRAM 0 URAM 0 STORAGESUBTYPE {} DISPNAME {bind_op add} VISIBLE true} {BINDTYPE op ID {} IMPL fabric LATENCY 0 OPTYPE add PRAGMA {} RTLNAME add_ln48_240_fu_3995_p2 SOURCE ../dct.c:48 VARIABLE add_ln48_240 LOOP {} BUNDLEDNAME {} DSP 0 BRAM 0 URAM 0 STORAGESUBTYPE {} DISPNAME {bind_op add} VISIBLE true} {BINDTYPE op ID {} IMPL dsp_slice LATENCY 3 OPTYPE mul PRAGMA {} RTLNAME mac_muladd_16s_14ns_29s_29_4_1_U302 SOURCE ../dct.c:48 VARIABLE mul_ln48_176 LOOP {} BUNDLEDNAME {} DSP 1 BRAM 0 URAM 0 STORAGESUBTYPE {} DISPNAME {bind_op mul} VISIBLE true} {BINDTYPE op ID {} IMPL dsp_slice LATENCY 3 OPTYPE mul PRAGMA {} RTLNAME mac_muladd_16s_15s_13ns_29_4_1_U303 SOURCE ../dct.c:48 VARIABLE mul_ln48_177 LOOP {} BUNDLEDNAME {} DSP 1 BRAM 0 URAM 0 STORAGESUBTYPE {} DISPNAME {bind_op mul} VISIBLE true} {BINDTYPE op ID {} IMPL auto LATENCY 0 OPTYPE mul PRAGMA {} RTLNAME mul_16s_15s_29_1_1_U81 SOURCE ../dct.c:48 VARIABLE mul_ln48_178 LOOP {} BUNDLEDNAME {} DSP 1 BRAM 0 URAM 0 STORAGESUBTYPE {} DISPNAME {bind_op mul} VISIBLE true} {BINDTYPE op ID {} IMPL dsp_slice LATENCY 3 OPTYPE mul PRAGMA {} RTLNAME mac_muladd_16s_14ns_29s_29_4_1_U278 SOURCE ../dct.c:48 VARIABLE mul_ln48_179 LOOP {} BUNDLEDNAME {} DSP 1 BRAM 0 URAM 0 STORAGESUBTYPE {} DISPNAME {bind_op mul} VISIBLE true} {BINDTYPE op ID {} IMPL dsp_slice LATENCY 3 OPTYPE sub PRAGMA {} RTLNAME ama_submuladd_16s_16s_12ns_29s_29_4_1_U279 SOURCE ../dct.c:46 VARIABLE tmp488 LOOP {} BUNDLEDNAME {} DSP 1 BRAM 0 URAM 0 STORAGESUBTYPE {} DISPNAME {bind_op sub} VISIBLE true} {BINDTYPE op ID {} IMPL dsp_slice LATENCY 3 OPTYPE sext PRAGMA {} RTLNAME ama_submuladd_16s_16s_12ns_29s_29_4_1_U279 SOURCE ../dct.c:46 VARIABLE tmp488_cast LOOP {} BUNDLEDNAME {} DSP 1 BRAM 0 URAM 0 STORAGESUBTYPE {} DISPNAME {bind_op sext} VISIBLE false} {BINDTYPE op ID {} IMPL dsp_slice LATENCY 3 OPTYPE mul PRAGMA {} RTLNAME ama_submuladd_16s_16s_12ns_29s_29_4_1_U279 SOURCE ../dct.c:46 VARIABLE tmp489 LOOP {} BUNDLEDNAME {} DSP 1 BRAM 0 URAM 0 STORAGESUBTYPE {} DISPNAME {bind_op mul} VISIBLE true} {BINDTYPE op ID {} IMPL fabric LATENCY 0 OPTYPE sub PRAGMA {} RTLNAME tmp491_fu_3590_p2 SOURCE ../dct.c:46 VARIABLE tmp491 LOOP {} BUNDLEDNAME {} DSP 0 BRAM 0 URAM 0 STORAGESUBTYPE {} DISPNAME {bind_op sub} VISIBLE true} {BINDTYPE op ID {} IMPL auto LATENCY 0 OPTYPE mul PRAGMA {} RTLNAME mul_17s_14ns_29_1_1_U82 SOURCE ../dct.c:48 VARIABLE mul_ln48_180 LOOP {} BUNDLEDNAME {} DSP 1 BRAM 0 URAM 0 STORAGESUBTYPE {} DISPNAME {bind_op mul} VISIBLE true} {BINDTYPE op ID {} IMPL dsp_slice LATENCY 3 OPTYPE add PRAGMA {} RTLNAME ama_submuladd_16s_16s_12ns_29s_29_4_1_U279 SOURCE ../dct.c:48 VARIABLE add_ln48_241 LOOP {} BUNDLEDNAME {} DSP 1 BRAM 0 URAM 0 STORAGESUBTYPE {} DISPNAME {bind_op add} VISIBLE true} {BINDTYPE op ID {} IMPL dsp_slice LATENCY 3 OPTYPE add PRAGMA {} RTLNAME mac_muladd_16s_14ns_29s_29_4_1_U302 SOURCE ../dct.c:48 VARIABLE add_ln48_242 LOOP {} BUNDLEDNAME {} DSP 1 BRAM 0 URAM 0 STORAGESUBTYPE {} DISPNAME {bind_op add} VISIBLE true} {BINDTYPE op ID {} IMPL dsp_slice LATENCY 3 OPTYPE add PRAGMA {} RTLNAME mac_muladd_16s_14ns_29s_29_4_1_U278 SOURCE ../dct.c:48 VARIABLE add_ln48_243 LOOP {} BUNDLEDNAME {} DSP 1 BRAM 0 URAM 0 STORAGESUBTYPE {} DISPNAME {bind_op add} VISIBLE true} {BINDTYPE op ID {} IMPL dsp_slice LATENCY 3 OPTYPE add PRAGMA {} RTLNAME mac_muladd_16s_15s_13ns_29_4_1_U303 SOURCE ../dct.c:48 VARIABLE add_ln48_244 LOOP {} BUNDLEDNAME {} DSP 1 BRAM 0 URAM 0 STORAGESUBTYPE {} DISPNAME {bind_op add} VISIBLE true} {BINDTYPE op ID {} IMPL dsp_slice LATENCY 3 OPTYPE mul PRAGMA {} RTLNAME mac_muladd_18s_14ns_13ns_29_4_1_U304 SOURCE ../dct.c:46 VARIABLE tmp498_cast LOOP {} BUNDLEDNAME {} DSP 1 BRAM 0 URAM 0 STORAGESUBTYPE {} DISPNAME {bind_op mul} VISIBLE true} {BINDTYPE op ID {} IMPL fabric LATENCY 0 OPTYPE sub PRAGMA {} RTLNAME tmp501_fu_3622_p2 SOURCE ../dct.c:46 VARIABLE tmp501 LOOP {} BUNDLEDNAME {} DSP 0 BRAM 0 URAM 0 STORAGESUBTYPE {} DISPNAME {bind_op sub} VISIBLE true} {BINDTYPE op ID {} IMPL fabric LATENCY 0 OPTYPE sub PRAGMA {} RTLNAME tmp502_fu_3632_p2 SOURCE ../dct.c:46 VARIABLE tmp502 LOOP {} BUNDLEDNAME {} DSP 0 BRAM 0 URAM 0 STORAGESUBTYPE {} DISPNAME {bind_op sub} VISIBLE true} {BINDTYPE op ID {} IMPL dsp_slice LATENCY 3 OPTYPE add PRAGMA {} RTLNAME ama_addmuladd_18s_16s_13ns_29s_29_4_1_U326 SOURCE ../dct.c:46 VARIABLE tmp503 LOOP {} BUNDLEDNAME {} DSP 1 BRAM 0 URAM 0 STORAGESUBTYPE {} DISPNAME {bind_op add} VISIBLE true} {BINDTYPE op ID {} IMPL dsp_slice LATENCY 3 OPTYPE sext PRAGMA {} RTLNAME ama_addmuladd_18s_16s_13ns_29s_29_4_1_U326 SOURCE ../dct.c:48 VARIABLE sext_ln48_77 LOOP {} BUNDLEDNAME {} DSP 1 BRAM 0 URAM 0 STORAGESUBTYPE {} DISPNAME {bind_op sext} VISIBLE false} {BINDTYPE op ID {} IMPL dsp_slice LATENCY 3 OPTYPE mul PRAGMA {} RTLNAME ama_addmuladd_18s_16s_13ns_29s_29_4_1_U326 SOURCE ../dct.c:48 VARIABLE mul_ln48_181 LOOP {} BUNDLEDNAME {} DSP 1 BRAM 0 URAM 0 STORAGESUBTYPE {} DISPNAME {bind_op mul} VISIBLE true} {BINDTYPE op ID {} IMPL dsp_slice LATENCY 3 OPTYPE add PRAGMA {} RTLNAME mac_muladd_18s_14ns_13ns_29_4_1_U304 SOURCE ../dct.c:48 VARIABLE add_ln48_247 LOOP {} BUNDLEDNAME {} DSP 1 BRAM 0 URAM 0 STORAGESUBTYPE {} DISPNAME {bind_op add} VISIBLE true} {BINDTYPE op ID {} IMPL dsp_slice LATENCY 3 OPTYPE add PRAGMA {} RTLNAME ama_addmuladd_18s_16s_13ns_29s_29_4_1_U326 SOURCE ../dct.c:48 VARIABLE add_ln48_248 LOOP {} BUNDLEDNAME {} DSP 1 BRAM 0 URAM 0 STORAGESUBTYPE {} DISPNAME {bind_op add} VISIBLE true} {BINDTYPE op ID {} IMPL dsp_slice LATENCY 3 OPTYPE mul PRAGMA {} RTLNAME mac_muladd_16s_15s_13ns_29_4_1_U305 SOURCE ../dct.c:48 VARIABLE mul_ln48_182 LOOP {} BUNDLEDNAME {} DSP 1 BRAM 0 URAM 0 STORAGESUBTYPE {} DISPNAME {bind_op mul} VISIBLE true} {BINDTYPE op ID {} IMPL auto LATENCY 0 OPTYPE mul PRAGMA {} RTLNAME mul_16s_15ns_29_1_1_U72 SOURCE ../dct.c:48 VARIABLE mul_ln48_183 LOOP {} BUNDLEDNAME {} DSP 1 BRAM 0 URAM 0 STORAGESUBTYPE {} DISPNAME {bind_op mul} VISIBLE true} {BINDTYPE op ID {} IMPL dsp_slice LATENCY 3 OPTYPE mul PRAGMA {} RTLNAME mac_muladd_16s_15s_29s_29_4_1_U306 SOURCE ../dct.c:48 VARIABLE mul_ln48_184 LOOP {} BUNDLEDNAME {} DSP 1 BRAM 0 URAM 0 STORAGESUBTYPE {} DISPNAME {bind_op mul} VISIBLE true} {BINDTYPE op ID {} IMPL dsp_slice LATENCY 3 OPTYPE mul PRAGMA {} RTLNAME mac_muladd_16s_14ns_29s_29_4_1_U280 SOURCE ../dct.c:48 VARIABLE mul_ln48_185 LOOP {} BUNDLEDNAME {} DSP 1 BRAM 0 URAM 0 STORAGESUBTYPE {} DISPNAME {bind_op mul} VISIBLE true} {BINDTYPE op ID {} IMPL fabric LATENCY 0 OPTYPE sub PRAGMA {} RTLNAME tmp506_fu_3641_p2 SOURCE ../dct.c:46 VARIABLE tmp506 LOOP {} BUNDLEDNAME {} DSP 0 BRAM 0 URAM 0 STORAGESUBTYPE {} DISPNAME {bind_op sub} VISIBLE true} {BINDTYPE op ID {} IMPL auto LATENCY 0 OPTYPE mul PRAGMA {} RTLNAME mul_17s_13ns_29_1_1_U89 SOURCE ../dct.c:48 VARIABLE tmp507 LOOP {} BUNDLEDNAME {} DSP 1 BRAM 0 URAM 0 STORAGESUBTYPE {} DISPNAME {bind_op mul} VISIBLE true} {BINDTYPE op ID {} IMPL dsp_slice LATENCY 3 OPTYPE sub PRAGMA {} RTLNAME ama_submuladd_16s_16s_13ns_29s_29_4_1_U281 SOURCE ../dct.c:46 VARIABLE tmp509 LOOP {} BUNDLEDNAME {} DSP 1 BRAM 0 URAM 0 STORAGESUBTYPE {} DISPNAME {bind_op sub} VISIBLE true} {BINDTYPE op ID {} IMPL dsp_slice LATENCY 3 OPTYPE sext PRAGMA {} RTLNAME ama_submuladd_16s_16s_13ns_29s_29_4_1_U281 SOURCE ../dct.c:48 VARIABLE sext_ln48_81 LOOP {} BUNDLEDNAME {} DSP 1 BRAM 0 URAM 0 STORAGESUBTYPE {} DISPNAME {bind_op sext} VISIBLE false} {BINDTYPE op ID {} IMPL dsp_slice LATENCY 3 OPTYPE mul PRAGMA {} RTLNAME ama_submuladd_16s_16s_13ns_29s_29_4_1_U281 SOURCE ../dct.c:48 VARIABLE mul_ln48_186 LOOP {} BUNDLEDNAME {} DSP 1 BRAM 0 URAM 0 STORAGESUBTYPE {} DISPNAME {bind_op mul} VISIBLE true} {BINDTYPE op ID {} IMPL dsp_slice LATENCY 3 OPTYPE add PRAGMA {} RTLNAME ama_submuladd_16s_16s_13ns_29s_29_4_1_U281 SOURCE ../dct.c:48 VARIABLE add_ln48_249 LOOP {} BUNDLEDNAME {} DSP 1 BRAM 0 URAM 0 STORAGESUBTYPE {} DISPNAME {bind_op add} VISIBLE true} {BINDTYPE op ID {} IMPL dsp_slice LATENCY 3 OPTYPE add PRAGMA {} RTLNAME mac_muladd_16s_15s_29s_29_4_1_U306 SOURCE ../dct.c:48 VARIABLE add_ln48_250 LOOP {} BUNDLEDNAME {} DSP 1 BRAM 0 URAM 0 STORAGESUBTYPE {} DISPNAME {bind_op add} VISIBLE true} {BINDTYPE op ID {} IMPL dsp_slice LATENCY 3 OPTYPE add PRAGMA {} RTLNAME mac_muladd_16s_14ns_29s_29_4_1_U280 SOURCE ../dct.c:48 VARIABLE add_ln48_251 LOOP {} BUNDLEDNAME {} DSP 1 BRAM 0 URAM 0 STORAGESUBTYPE {} DISPNAME {bind_op add} VISIBLE true} {BINDTYPE op ID {} IMPL dsp_slice LATENCY 3 OPTYPE add PRAGMA {} RTLNAME mac_muladd_16s_15s_13ns_29_4_1_U305 SOURCE ../dct.c:48 VARIABLE add_ln48_252 LOOP {} BUNDLEDNAME {} DSP 1 BRAM 0 URAM 0 STORAGESUBTYPE {} DISPNAME {bind_op add} VISIBLE true} {BINDTYPE op ID {} IMPL fabric LATENCY 0 OPTYPE add PRAGMA {} RTLNAME tmp511_fu_3651_p2 SOURCE ../dct.c:46 VARIABLE tmp511 LOOP {} BUNDLEDNAME {} DSP 0 BRAM 0 URAM 0 STORAGESUBTYPE {} DISPNAME {bind_op add} VISIBLE true} {BINDTYPE op ID {} IMPL fabric LATENCY 0 OPTYPE add PRAGMA {} RTLNAME add_ln48_255_fu_3661_p2 SOURCE ../dct.c:48 VARIABLE add_ln48_255 LOOP {} BUNDLEDNAME {} DSP 0 BRAM 0 URAM 0 STORAGESUBTYPE {} DISPNAME {bind_op add} VISIBLE true} {BINDTYPE op ID {} IMPL fabric LATENCY 0 OPTYPE sub PRAGMA {} RTLNAME sub_ln48_8_fu_4039_p2 SOURCE ../dct.c:48 VARIABLE sub_ln48_8 LOOP {} BUNDLEDNAME {} DSP 0 BRAM 0 URAM 0 STORAGESUBTYPE {} DISPNAME {bind_op sub} VISIBLE true} {BINDTYPE op ID {} IMPL dsp_slice LATENCY 3 OPTYPE mul PRAGMA {} RTLNAME mac_muladd_16s_15s_29s_29_4_1_U307 SOURCE ../dct.c:48 VARIABLE mul_ln48_187 LOOP {} BUNDLEDNAME {} DSP 1 BRAM 0 URAM 0 STORAGESUBTYPE {} DISPNAME {bind_op mul} VISIBLE true} {BINDTYPE op ID {} IMPL dsp_slice LATENCY 3 OPTYPE mul PRAGMA {} RTLNAME mac_muladd_16s_14ns_29s_29_4_1_U308 SOURCE ../dct.c:48 VARIABLE mul_ln48_188 LOOP {} BUNDLEDNAME {} DSP 1 BRAM 0 URAM 0 STORAGESUBTYPE {} DISPNAME {bind_op mul} VISIBLE true} {BINDTYPE op ID {} IMPL dsp_slice LATENCY 3 OPTYPE mul PRAGMA {} RTLNAME mac_muladd_16s_15s_29s_29_4_1_U282 SOURCE ../dct.c:48 VARIABLE mul_ln48_189 LOOP {} BUNDLEDNAME {} DSP 1 BRAM 0 URAM 0 STORAGESUBTYPE {} DISPNAME {bind_op mul} VISIBLE true} {BINDTYPE op ID {} IMPL auto LATENCY 0 OPTYPE mul PRAGMA {} RTLNAME mul_16s_15ns_29_1_1_U54 SOURCE ../dct.c:48 VARIABLE mul_ln48_190 LOOP {} BUNDLEDNAME {} DSP 1 BRAM 0 URAM 0 STORAGESUBTYPE {} DISPNAME {bind_op mul} VISIBLE true} {BINDTYPE op ID {} IMPL fabric LATENCY 0 OPTYPE sub PRAGMA {} RTLNAME tmp516_fu_3665_p2 SOURCE ../dct.c:46 VARIABLE tmp516 LOOP {} BUNDLEDNAME {} DSP 0 BRAM 0 URAM 0 STORAGESUBTYPE {} DISPNAME {bind_op sub} VISIBLE true} {BINDTYPE op ID {} IMPL dsp_slice LATENCY 3 OPTYPE mul PRAGMA {} RTLNAME mac_muladd_17s_13ns_13ns_29_4_1_U309 SOURCE ../dct.c:46 VARIABLE tmp517 LOOP {} BUNDLEDNAME {} DSP 1 BRAM 0 URAM 0 STORAGESUBTYPE {} DISPNAME {bind_op mul} VISIBLE true} {BINDTYPE op ID {} IMPL auto LATENCY 0 OPTYPE mul PRAGMA {} RTLNAME mul_17s_13ns_29_1_1_U83 SOURCE ../dct.c:48 VARIABLE mul_ln48_191 LOOP {} BUNDLEDNAME {} DSP 1 BRAM 0 URAM 0 STORAGESUBTYPE {} DISPNAME {bind_op mul} VISIBLE true} {BINDTYPE op ID {} IMPL dsp_slice LATENCY 3 OPTYPE add PRAGMA {} RTLNAME mac_muladd_16s_15s_29s_29_4_1_U282 SOURCE ../dct.c:48 VARIABLE add_ln48_257 LOOP {} BUNDLEDNAME {} DSP 1 BRAM 0 URAM 0 STORAGESUBTYPE {} DISPNAME {bind_op add} VISIBLE true} {BINDTYPE op ID {} IMPL dsp_slice LATENCY 3 OPTYPE add PRAGMA {} RTLNAME mac_muladd_16s_15s_29s_29_4_1_U307 SOURCE ../dct.c:48 VARIABLE add_ln48_258 LOOP {} BUNDLEDNAME {} DSP 1 BRAM 0 URAM 0 STORAGESUBTYPE {} DISPNAME {bind_op add} VISIBLE true} {BINDTYPE op ID {} IMPL dsp_slice LATENCY 3 OPTYPE add PRAGMA {} RTLNAME mac_muladd_16s_14ns_29s_29_4_1_U308 SOURCE ../dct.c:48 VARIABLE add_ln48_259 LOOP {} BUNDLEDNAME {} DSP 1 BRAM 0 URAM 0 STORAGESUBTYPE {} DISPNAME {bind_op add} VISIBLE true} {BINDTYPE op ID {} IMPL dsp_slice LATENCY 3 OPTYPE add PRAGMA {} RTLNAME mac_muladd_17s_13ns_13ns_29_4_1_U309 SOURCE ../dct.c:48 VARIABLE add_ln48_260 LOOP {} BUNDLEDNAME {} DSP 1 BRAM 0 URAM 0 STORAGESUBTYPE {} DISPNAME {bind_op add} VISIBLE true} {BINDTYPE op ID {} IMPL dsp_slice LATENCY 3 OPTYPE mul PRAGMA {} RTLNAME mac_muladd_18s_13ns_13ns_29_4_1_U310 SOURCE ../dct.c:46 VARIABLE tmp526_cast LOOP {} BUNDLEDNAME {} DSP 1 BRAM 0 URAM 0 STORAGESUBTYPE {} DISPNAME {bind_op mul} VISIBLE true} {BINDTYPE op ID {} IMPL fabric LATENCY 0 OPTYPE sub PRAGMA {} RTLNAME tmp530_fu_3681_p2 SOURCE ../dct.c:46 VARIABLE tmp530 LOOP {} BUNDLEDNAME {} DSP 0 BRAM 0 URAM 0 STORAGESUBTYPE {} DISPNAME {bind_op sub} VISIBLE true} {BINDTYPE op ID {} IMPL dsp_slice LATENCY 3 OPTYPE sub PRAGMA {} RTLNAME ama_submuladd_18s_16s_14ns_29s_29_4_1_U327 SOURCE ../dct.c:46 VARIABLE tmp531 LOOP {} BUNDLEDNAME {} DSP 1 BRAM 0 URAM 0 STORAGESUBTYPE {} DISPNAME {bind_op sub} VISIBLE true} {BINDTYPE op ID {} IMPL dsp_slice LATENCY 3 OPTYPE sext PRAGMA {} RTLNAME ama_submuladd_18s_16s_14ns_29s_29_4_1_U327 SOURCE ../dct.c:48 VARIABLE sext_ln48_84 LOOP {} BUNDLEDNAME {} DSP 1 BRAM 0 URAM 0 STORAGESUBTYPE {} DISPNAME {bind_op sext} VISIBLE false} {BINDTYPE op ID {} IMPL dsp_slice LATENCY 3 OPTYPE mul PRAGMA {} RTLNAME ama_submuladd_18s_16s_14ns_29s_29_4_1_U327 SOURCE ../dct.c:48 VARIABLE mul_ln48_192 LOOP {} BUNDLEDNAME {} DSP 1 BRAM 0 URAM 0 STORAGESUBTYPE {} DISPNAME {bind_op mul} VISIBLE true} {BINDTYPE op ID {} IMPL dsp_slice LATENCY 3 OPTYPE add PRAGMA {} RTLNAME mac_muladd_18s_13ns_13ns_29_4_1_U310 SOURCE ../dct.c:48 VARIABLE add_ln48_263 LOOP {} BUNDLEDNAME {} DSP 1 BRAM 0 URAM 0 STORAGESUBTYPE {} DISPNAME {bind_op add} VISIBLE true} {BINDTYPE op ID {} IMPL dsp_slice LATENCY 3 OPTYPE add PRAGMA {} RTLNAME ama_submuladd_18s_16s_14ns_29s_29_4_1_U327 SOURCE ../dct.c:48 VARIABLE add_ln48_264 LOOP {} BUNDLEDNAME {} DSP 1 BRAM 0 URAM 0 STORAGESUBTYPE {} DISPNAME {bind_op add} VISIBLE true} {BINDTYPE op ID {} IMPL auto LATENCY 0 OPTYPE mul PRAGMA {} RTLNAME mul_16s_15s_29_1_1_U73 SOURCE ../dct.c:48 VARIABLE mul_ln48_193 LOOP {} BUNDLEDNAME {} DSP 1 BRAM 0 URAM 0 STORAGESUBTYPE {} DISPNAME {bind_op mul} VISIBLE true} {BINDTYPE op ID {} IMPL dsp_slice LATENCY 3 OPTYPE mul PRAGMA {} RTLNAME mac_muladd_16s_14ns_29s_29_4_1_U283 SOURCE ../dct.c:48 VARIABLE mul_ln48_194 LOOP {} BUNDLEDNAME {} DSP 1 BRAM 0 URAM 0 STORAGESUBTYPE {} DISPNAME {bind_op mul} VISIBLE true} {BINDTYPE op ID {} IMPL auto LATENCY 0 OPTYPE mul PRAGMA {} RTLNAME mul_16s_15s_29_1_1_U55 SOURCE ../dct.c:48 VARIABLE mul_ln48_195 LOOP {} BUNDLEDNAME {} DSP 1 BRAM 0 URAM 0 STORAGESUBTYPE {} DISPNAME {bind_op mul} VISIBLE true} {BINDTYPE op ID {} IMPL dsp_slice LATENCY 3 OPTYPE mul PRAGMA {} RTLNAME mac_muladd_16s_14ns_29s_29_4_1_U311 SOURCE ../dct.c:48 VARIABLE mul_ln48_196 LOOP {} BUNDLEDNAME {} DSP 1 BRAM 0 URAM 0 STORAGESUBTYPE {} DISPNAME {bind_op mul} VISIBLE true} {BINDTYPE op ID {} IMPL dsp_slice LATENCY 3 OPTYPE mul PRAGMA {} RTLNAME mac_muladd_17s_12ns_13ns_29_4_1_U312 SOURCE ../dct.c:46 VARIABLE tmp535 LOOP {} BUNDLEDNAME {} DSP 1 BRAM 0 URAM 0 STORAGESUBTYPE {} DISPNAME {bind_op mul} VISIBLE true} {BINDTYPE op ID {} IMPL dsp_slice LATENCY 3 OPTYPE mul PRAGMA {} RTLNAME mac_muladd_17s_13ns_29s_29_4_1_U313 SOURCE ../dct.c:48 VARIABLE mul_ln48_197 LOOP {} BUNDLEDNAME {} DSP 1 BRAM 0 URAM 0 STORAGESUBTYPE {} DISPNAME {bind_op mul} VISIBLE true} {BINDTYPE op ID {} IMPL dsp_slice LATENCY 3 OPTYPE add PRAGMA {} RTLNAME mac_muladd_16s_14ns_29s_29_4_1_U283 SOURCE ../dct.c:48 VARIABLE add_ln48_265 LOOP {} BUNDLEDNAME {} DSP 1 BRAM 0 URAM 0 STORAGESUBTYPE {} DISPNAME {bind_op add} VISIBLE true} {BINDTYPE op ID {} IMPL dsp_slice LATENCY 3 OPTYPE add PRAGMA {} RTLNAME mac_muladd_16s_14ns_29s_29_4_1_U311 SOURCE ../dct.c:48 VARIABLE add_ln48_266 LOOP {} BUNDLEDNAME {} DSP 1 BRAM 0 URAM 0 STORAGESUBTYPE {} DISPNAME {bind_op add} VISIBLE true} {BINDTYPE op ID {} IMPL dsp_slice LATENCY 3 OPTYPE add PRAGMA {} RTLNAME mac_muladd_17s_13ns_29s_29_4_1_U313 SOURCE ../dct.c:48 VARIABLE add_ln48_267 LOOP {} BUNDLEDNAME {} DSP 1 BRAM 0 URAM 0 STORAGESUBTYPE {} DISPNAME {bind_op add} VISIBLE true} {BINDTYPE op ID {} IMPL dsp_slice LATENCY 3 OPTYPE add PRAGMA {} RTLNAME mac_muladd_17s_12ns_13ns_29_4_1_U312 SOURCE ../dct.c:48 VARIABLE add_ln48_268 LOOP {} BUNDLEDNAME {} DSP 1 BRAM 0 URAM 0 STORAGESUBTYPE {} DISPNAME {bind_op add} VISIBLE true} {BINDTYPE op ID {} IMPL fabric LATENCY 0 OPTYPE add PRAGMA {} RTLNAME tmp539_fu_4995_p2 SOURCE ../dct.c:46 VARIABLE tmp539 LOOP {} BUNDLEDNAME {} DSP 0 BRAM 0 URAM 0 STORAGESUBTYPE {} DISPNAME {bind_op add} VISIBLE true} {BINDTYPE op ID {} IMPL fabric LATENCY 0 OPTYPE add PRAGMA {} RTLNAME tmp543_fu_5302_p2 SOURCE ../dct.c:46 VARIABLE tmp543 LOOP {} BUNDLEDNAME {} DSP 0 BRAM 0 URAM 0 STORAGESUBTYPE {} DISPNAME {bind_op add} VISIBLE true} {BINDTYPE op ID {} IMPL fabric LATENCY 0 OPTYPE add PRAGMA {} RTLNAME add_ln48_271_fu_5349_p2 SOURCE ../dct.c:48 VARIABLE add_ln48_271 LOOP {} BUNDLEDNAME {} DSP 0 BRAM 0 URAM 0 STORAGESUBTYPE {} DISPNAME {bind_op add} VISIBLE true} {BINDTYPE op ID {} IMPL dsp_slice LATENCY 3 OPTYPE mul PRAGMA {} RTLNAME mac_muladd_16s_14ns_29s_29_4_1_U413 SOURCE ../dct.c:48 VARIABLE mul_ln48_198 LOOP {} BUNDLEDNAME {} DSP 1 BRAM 0 URAM 0 STORAGESUBTYPE {} DISPNAME {bind_op mul} VISIBLE true} {BINDTYPE op ID {} IMPL dsp_slice LATENCY 3 OPTYPE mul PRAGMA {} RTLNAME mac_muladd_16s_15s_13ns_29_4_1_U357 SOURCE ../dct.c:48 VARIABLE mul_ln48_199 LOOP {} BUNDLEDNAME {} DSP 1 BRAM 0 URAM 0 STORAGESUBTYPE {} DISPNAME {bind_op mul} VISIBLE true} {BINDTYPE op ID {} IMPL auto LATENCY 0 OPTYPE mul PRAGMA {} RTLNAME mul_16s_15s_29_1_1_U118 SOURCE ../dct.c:48 VARIABLE mul_ln48_200 LOOP {} BUNDLEDNAME {} DSP 1 BRAM 0 URAM 0 STORAGESUBTYPE {} DISPNAME {bind_op mul} VISIBLE true} {BINDTYPE op ID {} IMPL dsp_slice LATENCY 3 OPTYPE mul PRAGMA {} RTLNAME mac_muladd_16s_14ns_29s_29_4_1_U338 SOURCE ../dct.c:48 VARIABLE mul_ln48_201 LOOP {} BUNDLEDNAME {} DSP 1 BRAM 0 URAM 0 STORAGESUBTYPE {} DISPNAME {bind_op mul} VISIBLE true} {BINDTYPE op ID {} IMPL dsp_slice LATENCY 3 OPTYPE sub PRAGMA {} RTLNAME ama_submuladd_16s_16s_12ns_29s_29_4_1_U358 SOURCE ../dct.c:46 VARIABLE tmp548 LOOP {} BUNDLEDNAME {} DSP 1 BRAM 0 URAM 0 STORAGESUBTYPE {} DISPNAME {bind_op sub} VISIBLE true} {BINDTYPE op ID {} IMPL dsp_slice LATENCY 3 OPTYPE sext PRAGMA {} RTLNAME ama_submuladd_16s_16s_12ns_29s_29_4_1_U358 SOURCE ../dct.c:46 VARIABLE tmp548_cast LOOP {} BUNDLEDNAME {} DSP 1 BRAM 0 URAM 0 STORAGESUBTYPE {} DISPNAME {bind_op sext} VISIBLE false} {BINDTYPE op ID {} IMPL dsp_slice LATENCY 3 OPTYPE mul PRAGMA {} RTLNAME ama_submuladd_16s_16s_12ns_29s_29_4_1_U358 SOURCE ../dct.c:46 VARIABLE tmp549 LOOP {} BUNDLEDNAME {} DSP 1 BRAM 0 URAM 0 STORAGESUBTYPE {} DISPNAME {bind_op mul} VISIBLE true} {BINDTYPE op ID {} IMPL fabric LATENCY 0 OPTYPE sub PRAGMA {} RTLNAME tmp551_fu_5016_p2 SOURCE ../dct.c:46 VARIABLE tmp551 LOOP {} BUNDLEDNAME {} DSP 0 BRAM 0 URAM 0 STORAGESUBTYPE {} DISPNAME {bind_op sub} VISIBLE true} {BINDTYPE op ID {} IMPL auto LATENCY 0 OPTYPE mul PRAGMA {} RTLNAME mul_17s_14ns_29_1_1_U107 SOURCE ../dct.c:48 VARIABLE mul_ln48_202 LOOP {} BUNDLEDNAME {} DSP 1 BRAM 0 URAM 0 STORAGESUBTYPE {} DISPNAME {bind_op mul} VISIBLE true} {BINDTYPE op ID {} IMPL dsp_slice LATENCY 3 OPTYPE add PRAGMA {} RTLNAME ama_submuladd_16s_16s_12ns_29s_29_4_1_U358 SOURCE ../dct.c:48 VARIABLE add_ln48_272 LOOP {} BUNDLEDNAME {} DSP 1 BRAM 0 URAM 0 STORAGESUBTYPE {} DISPNAME {bind_op add} VISIBLE true} {BINDTYPE op ID {} IMPL dsp_slice LATENCY 3 OPTYPE add PRAGMA {} RTLNAME mac_muladd_16s_14ns_29s_29_4_1_U413 SOURCE ../dct.c:48 VARIABLE add_ln48_273 LOOP {} BUNDLEDNAME {} DSP 1 BRAM 0 URAM 0 STORAGESUBTYPE {} DISPNAME {bind_op add} VISIBLE true} {BINDTYPE op ID {} IMPL dsp_slice LATENCY 3 OPTYPE add PRAGMA {} RTLNAME mac_muladd_16s_14ns_29s_29_4_1_U338 SOURCE ../dct.c:48 VARIABLE add_ln48_274 LOOP {} BUNDLEDNAME {} DSP 1 BRAM 0 URAM 0 STORAGESUBTYPE {} DISPNAME {bind_op add} VISIBLE true} {BINDTYPE op ID {} IMPL dsp_slice LATENCY 3 OPTYPE add PRAGMA {} RTLNAME mac_muladd_16s_15s_13ns_29_4_1_U357 SOURCE ../dct.c:48 VARIABLE add_ln48_275 LOOP {} BUNDLEDNAME {} DSP 1 BRAM 0 URAM 0 STORAGESUBTYPE {} DISPNAME {bind_op add} VISIBLE true} {BINDTYPE op ID {} IMPL dsp_slice LATENCY 3 OPTYPE mul PRAGMA {} RTLNAME mac_muladd_18s_14ns_13ns_29_4_1_U385 SOURCE ../dct.c:46 VARIABLE tmp558_cast LOOP {} BUNDLEDNAME {} DSP 1 BRAM 0 URAM 0 STORAGESUBTYPE {} DISPNAME {bind_op mul} VISIBLE true} {BINDTYPE op ID {} IMPL fabric LATENCY 0 OPTYPE sub PRAGMA {} RTLNAME tmp561_fu_5386_p2 SOURCE ../dct.c:46 VARIABLE tmp561 LOOP {} BUNDLEDNAME {} DSP 0 BRAM 0 URAM 0 STORAGESUBTYPE {} DISPNAME {bind_op sub} VISIBLE true} {BINDTYPE op ID {} IMPL fabric LATENCY 0 OPTYPE sub PRAGMA {} RTLNAME tmp562_fu_5395_p2 SOURCE ../dct.c:46 VARIABLE tmp562 LOOP {} BUNDLEDNAME {} DSP 0 BRAM 0 URAM 0 STORAGESUBTYPE {} DISPNAME {bind_op sub} VISIBLE true} {BINDTYPE op ID {} IMPL dsp_slice LATENCY 3 OPTYPE add PRAGMA {} RTLNAME ama_addmuladd_18s_16s_13ns_29s_29_4_1_U414 SOURCE ../dct.c:46 VARIABLE tmp563 LOOP {} BUNDLEDNAME {} DSP 1 BRAM 0 URAM 0 STORAGESUBTYPE {} DISPNAME {bind_op add} VISIBLE true} {BINDTYPE op ID {} IMPL dsp_slice LATENCY 3 OPTYPE sext PRAGMA {} RTLNAME ama_addmuladd_18s_16s_13ns_29s_29_4_1_U414 SOURCE ../dct.c:48 VARIABLE sext_ln48_90 LOOP {} BUNDLEDNAME {} DSP 1 BRAM 0 URAM 0 STORAGESUBTYPE {} DISPNAME {bind_op sext} VISIBLE false} {BINDTYPE op ID {} IMPL dsp_slice LATENCY 3 OPTYPE mul PRAGMA {} RTLNAME ama_addmuladd_18s_16s_13ns_29s_29_4_1_U414 SOURCE ../dct.c:48 VARIABLE mul_ln48_203 LOOP {} BUNDLEDNAME {} DSP 1 BRAM 0 URAM 0 STORAGESUBTYPE {} DISPNAME {bind_op mul} VISIBLE true} {BINDTYPE op ID {} IMPL dsp_slice LATENCY 3 OPTYPE add PRAGMA {} RTLNAME mac_muladd_18s_14ns_13ns_29_4_1_U385 SOURCE ../dct.c:48 VARIABLE add_ln48_278 LOOP {} BUNDLEDNAME {} DSP 1 BRAM 0 URAM 0 STORAGESUBTYPE {} DISPNAME {bind_op add} VISIBLE true} {BINDTYPE op ID {} IMPL dsp_slice LATENCY 3 OPTYPE add PRAGMA {} RTLNAME ama_addmuladd_18s_16s_13ns_29s_29_4_1_U414 SOURCE ../dct.c:48 VARIABLE add_ln48_279 LOOP {} BUNDLEDNAME {} DSP 1 BRAM 0 URAM 0 STORAGESUBTYPE {} DISPNAME {bind_op add} VISIBLE true} {BINDTYPE op ID {} IMPL dsp_slice LATENCY 3 OPTYPE mul PRAGMA {} RTLNAME mac_muladd_16s_15s_13ns_29_4_1_U359 SOURCE ../dct.c:48 VARIABLE mul_ln48_204 LOOP {} BUNDLEDNAME {} DSP 1 BRAM 0 URAM 0 STORAGESUBTYPE {} DISPNAME {bind_op mul} VISIBLE true} {BINDTYPE op ID {} IMPL auto LATENCY 0 OPTYPE mul PRAGMA {} RTLNAME mul_16s_15ns_29_1_1_U108 SOURCE ../dct.c:48 VARIABLE mul_ln48_205 LOOP {} BUNDLEDNAME {} DSP 1 BRAM 0 URAM 0 STORAGESUBTYPE {} DISPNAME {bind_op mul} VISIBLE true} {BINDTYPE op ID {} IMPL dsp_slice LATENCY 3 OPTYPE mul PRAGMA {} RTLNAME mac_muladd_16s_15s_29s_29_4_1_U415 SOURCE ../dct.c:48 VARIABLE mul_ln48_206 LOOP {} BUNDLEDNAME {} DSP 1 BRAM 0 URAM 0 STORAGESUBTYPE {} DISPNAME {bind_op mul} VISIBLE true} {BINDTYPE op ID {} IMPL dsp_slice LATENCY 3 OPTYPE mul PRAGMA {} RTLNAME mac_muladd_16s_14ns_29s_29_4_1_U360 SOURCE ../dct.c:48 VARIABLE mul_ln48_207 LOOP {} BUNDLEDNAME {} DSP 1 BRAM 0 URAM 0 STORAGESUBTYPE {} DISPNAME {bind_op mul} VISIBLE true} {BINDTYPE op ID {} IMPL fabric LATENCY 0 OPTYPE sub PRAGMA {} RTLNAME tmp566_fu_5401_p2 SOURCE ../dct.c:46 VARIABLE tmp566 LOOP {} BUNDLEDNAME {} DSP 0 BRAM 0 URAM 0 STORAGESUBTYPE {} DISPNAME {bind_op sub} VISIBLE true} {BINDTYPE op ID {} IMPL auto LATENCY 0 OPTYPE mul PRAGMA {} RTLNAME mul_17s_13ns_29_1_1_U119 SOURCE ../dct.c:48 VARIABLE tmp567 LOOP {} BUNDLEDNAME {} DSP 1 BRAM 0 URAM 0 STORAGESUBTYPE {} DISPNAME {bind_op mul} VISIBLE true} {BINDTYPE op ID {} IMPL dsp_slice LATENCY 3 OPTYPE sub PRAGMA {} RTLNAME ama_submuladd_16s_16s_13ns_29s_29_4_1_U361 SOURCE ../dct.c:46 VARIABLE tmp569 LOOP {} BUNDLEDNAME {} DSP 1 BRAM 0 URAM 0 STORAGESUBTYPE {} DISPNAME {bind_op sub} VISIBLE true} {BINDTYPE op ID {} IMPL dsp_slice LATENCY 3 OPTYPE sext PRAGMA {} RTLNAME ama_submuladd_16s_16s_13ns_29s_29_4_1_U361 SOURCE ../dct.c:48 VARIABLE sext_ln48_94 LOOP {} BUNDLEDNAME {} DSP 1 BRAM 0 URAM 0 STORAGESUBTYPE {} DISPNAME {bind_op sext} VISIBLE false} {BINDTYPE op ID {} IMPL dsp_slice LATENCY 3 OPTYPE mul PRAGMA {} RTLNAME ama_submuladd_16s_16s_13ns_29s_29_4_1_U361 SOURCE ../dct.c:48 VARIABLE mul_ln48_208 LOOP {} BUNDLEDNAME {} DSP 1 BRAM 0 URAM 0 STORAGESUBTYPE {} DISPNAME {bind_op mul} VISIBLE true} {BINDTYPE op ID {} IMPL dsp_slice LATENCY 3 OPTYPE add PRAGMA {} RTLNAME ama_submuladd_16s_16s_13ns_29s_29_4_1_U361 SOURCE ../dct.c:48 VARIABLE add_ln48_280 LOOP {} BUNDLEDNAME {} DSP 1 BRAM 0 URAM 0 STORAGESUBTYPE {} DISPNAME {bind_op add} VISIBLE true} {BINDTYPE op ID {} IMPL dsp_slice LATENCY 3 OPTYPE add PRAGMA {} RTLNAME mac_muladd_16s_15s_29s_29_4_1_U415 SOURCE ../dct.c:48 VARIABLE add_ln48_281 LOOP {} BUNDLEDNAME {} DSP 1 BRAM 0 URAM 0 STORAGESUBTYPE {} DISPNAME {bind_op add} VISIBLE true} {BINDTYPE op ID {} IMPL dsp_slice LATENCY 3 OPTYPE add PRAGMA {} RTLNAME mac_muladd_16s_14ns_29s_29_4_1_U360 SOURCE ../dct.c:48 VARIABLE add_ln48_282 LOOP {} BUNDLEDNAME {} DSP 1 BRAM 0 URAM 0 STORAGESUBTYPE {} DISPNAME {bind_op add} VISIBLE true} {BINDTYPE op ID {} IMPL dsp_slice LATENCY 3 OPTYPE add PRAGMA {} RTLNAME mac_muladd_16s_15s_13ns_29_4_1_U359 SOURCE ../dct.c:48 VARIABLE add_ln48_283 LOOP {} BUNDLEDNAME {} DSP 1 BRAM 0 URAM 0 STORAGESUBTYPE {} DISPNAME {bind_op add} VISIBLE true} {BINDTYPE op ID {} IMPL fabric LATENCY 0 OPTYPE add PRAGMA {} RTLNAME tmp571_fu_5417_p2 SOURCE ../dct.c:46 VARIABLE tmp571 LOOP {} BUNDLEDNAME {} DSP 0 BRAM 0 URAM 0 STORAGESUBTYPE {} DISPNAME {bind_op add} VISIBLE true} {BINDTYPE op ID {} IMPL fabric LATENCY 0 OPTYPE add PRAGMA {} RTLNAME add_ln48_286_fu_5044_p2 SOURCE ../dct.c:48 VARIABLE add_ln48_286 LOOP {} BUNDLEDNAME {} DSP 0 BRAM 0 URAM 0 STORAGESUBTYPE {} DISPNAME {bind_op add} VISIBLE true} {BINDTYPE op ID {} IMPL fabric LATENCY 0 OPTYPE sub PRAGMA {} RTLNAME sub_ln48_9_fu_5433_p2 SOURCE ../dct.c:48 VARIABLE sub_ln48_9 LOOP {} BUNDLEDNAME {} DSP 0 BRAM 0 URAM 0 STORAGESUBTYPE {} DISPNAME {bind_op sub} VISIBLE true} {BINDTYPE op ID {} IMPL dsp_slice LATENCY 3 OPTYPE mul PRAGMA {} RTLNAME mac_muladd_16s_15s_29s_29_4_1_U362 SOURCE ../dct.c:48 VARIABLE mul_ln48_209 LOOP {} BUNDLEDNAME {} DSP 1 BRAM 0 URAM 0 STORAGESUBTYPE {} DISPNAME {bind_op mul} VISIBLE true} {BINDTYPE op ID {} IMPL dsp_slice LATENCY 3 OPTYPE mul PRAGMA {} RTLNAME mac_muladd_16s_14ns_29s_29_4_1_U363 SOURCE ../dct.c:48 VARIABLE mul_ln48_210 LOOP {} BUNDLEDNAME {} DSP 1 BRAM 0 URAM 0 STORAGESUBTYPE {} DISPNAME {bind_op mul} VISIBLE true} {BINDTYPE op ID {} IMPL dsp_slice LATENCY 3 OPTYPE mul PRAGMA {} RTLNAME mac_muladd_16s_15s_29s_29_4_1_U339 SOURCE ../dct.c:48 VARIABLE mul_ln48_211 LOOP {} BUNDLEDNAME {} DSP 1 BRAM 0 URAM 0 STORAGESUBTYPE {} DISPNAME {bind_op mul} VISIBLE true} {BINDTYPE op ID {} IMPL auto LATENCY 0 OPTYPE mul PRAGMA {} RTLNAME mul_16s_15ns_29_1_1_U96 SOURCE ../dct.c:48 VARIABLE mul_ln48_212 LOOP {} BUNDLEDNAME {} DSP 1 BRAM 0 URAM 0 STORAGESUBTYPE {} DISPNAME {bind_op mul} VISIBLE true} {BINDTYPE op ID {} IMPL fabric LATENCY 0 OPTYPE sub PRAGMA {} RTLNAME tmp576_fu_5439_p2 SOURCE ../dct.c:46 VARIABLE tmp576 LOOP {} BUNDLEDNAME {} DSP 0 BRAM 0 URAM 0 STORAGESUBTYPE {} DISPNAME {bind_op sub} VISIBLE true} {BINDTYPE op ID {} IMPL dsp_slice LATENCY 3 OPTYPE mul PRAGMA {} RTLNAME mac_muladd_17s_13ns_13ns_29_4_1_U386 SOURCE ../dct.c:46 VARIABLE tmp577 LOOP {} BUNDLEDNAME {} DSP 1 BRAM 0 URAM 0 STORAGESUBTYPE {} DISPNAME {bind_op mul} VISIBLE true} {BINDTYPE op ID {} IMPL auto LATENCY 0 OPTYPE mul PRAGMA {} RTLNAME mul_17s_13ns_29_1_1_U109 SOURCE ../dct.c:48 VARIABLE mul_ln48_213 LOOP {} BUNDLEDNAME {} DSP 1 BRAM 0 URAM 0 STORAGESUBTYPE {} DISPNAME {bind_op mul} VISIBLE true} {BINDTYPE op ID {} IMPL dsp_slice LATENCY 3 OPTYPE add PRAGMA {} RTLNAME mac_muladd_16s_15s_29s_29_4_1_U339 SOURCE ../dct.c:48 VARIABLE add_ln48_288 LOOP {} BUNDLEDNAME {} DSP 1 BRAM 0 URAM 0 STORAGESUBTYPE {} DISPNAME {bind_op add} VISIBLE true} {BINDTYPE op ID {} IMPL dsp_slice LATENCY 3 OPTYPE add PRAGMA {} RTLNAME mac_muladd_16s_15s_29s_29_4_1_U362 SOURCE ../dct.c:48 VARIABLE add_ln48_289 LOOP {} BUNDLEDNAME {} DSP 1 BRAM 0 URAM 0 STORAGESUBTYPE {} DISPNAME {bind_op add} VISIBLE true} {BINDTYPE op ID {} IMPL dsp_slice LATENCY 3 OPTYPE add PRAGMA {} RTLNAME mac_muladd_16s_14ns_29s_29_4_1_U363 SOURCE ../dct.c:48 VARIABLE add_ln48_290 LOOP {} BUNDLEDNAME {} DSP 1 BRAM 0 URAM 0 STORAGESUBTYPE {} DISPNAME {bind_op add} VISIBLE true} {BINDTYPE op ID {} IMPL dsp_slice LATENCY 3 OPTYPE add PRAGMA {} RTLNAME mac_muladd_17s_13ns_13ns_29_4_1_U386 SOURCE ../dct.c:48 VARIABLE add_ln48_291 LOOP {} BUNDLEDNAME {} DSP 1 BRAM 0 URAM 0 STORAGESUBTYPE {} DISPNAME {bind_op add} VISIBLE true} {BINDTYPE op ID {} IMPL dsp_slice LATENCY 3 OPTYPE mul PRAGMA {} RTLNAME mac_muladd_18s_13ns_13ns_29_4_1_U387 SOURCE ../dct.c:46 VARIABLE tmp586_cast LOOP {} BUNDLEDNAME {} DSP 1 BRAM 0 URAM 0 STORAGESUBTYPE {} DISPNAME {bind_op mul} VISIBLE true} {BINDTYPE op ID {} IMPL fabric LATENCY 0 OPTYPE sub PRAGMA {} RTLNAME tmp590_fu_5449_p2 SOURCE ../dct.c:46 VARIABLE tmp590 LOOP {} BUNDLEDNAME {} DSP 0 BRAM 0 URAM 0 STORAGESUBTYPE {} DISPNAME {bind_op sub} VISIBLE true} {BINDTYPE op ID {} IMPL dsp_slice LATENCY 3 OPTYPE sub PRAGMA {} RTLNAME ama_submuladd_18s_16s_14ns_29s_29_4_1_U416 SOURCE ../dct.c:46 VARIABLE tmp591 LOOP {} BUNDLEDNAME {} DSP 1 BRAM 0 URAM 0 STORAGESUBTYPE {} DISPNAME {bind_op sub} VISIBLE true} {BINDTYPE op ID {} IMPL dsp_slice LATENCY 3 OPTYPE sext PRAGMA {} RTLNAME ama_submuladd_18s_16s_14ns_29s_29_4_1_U416 SOURCE ../dct.c:48 VARIABLE sext_ln48_97 LOOP {} BUNDLEDNAME {} DSP 1 BRAM 0 URAM 0 STORAGESUBTYPE {} DISPNAME {bind_op sext} VISIBLE false} {BINDTYPE op ID {} IMPL dsp_slice LATENCY 3 OPTYPE mul PRAGMA {} RTLNAME ama_submuladd_18s_16s_14ns_29s_29_4_1_U416 SOURCE ../dct.c:48 VARIABLE mul_ln48_214 LOOP {} BUNDLEDNAME {} DSP 1 BRAM 0 URAM 0 STORAGESUBTYPE {} DISPNAME {bind_op mul} VISIBLE true} {BINDTYPE op ID {} IMPL dsp_slice LATENCY 3 OPTYPE add PRAGMA {} RTLNAME mac_muladd_18s_13ns_13ns_29_4_1_U387 SOURCE ../dct.c:48 VARIABLE add_ln48_294 LOOP {} BUNDLEDNAME {} DSP 1 BRAM 0 URAM 0 STORAGESUBTYPE {} DISPNAME {bind_op add} VISIBLE true} {BINDTYPE op ID {} IMPL dsp_slice LATENCY 3 OPTYPE add PRAGMA {} RTLNAME ama_submuladd_18s_16s_14ns_29s_29_4_1_U416 SOURCE ../dct.c:48 VARIABLE add_ln48_295 LOOP {} BUNDLEDNAME {} DSP 1 BRAM 0 URAM 0 STORAGESUBTYPE {} DISPNAME {bind_op add} VISIBLE true} {BINDTYPE op ID {} IMPL auto LATENCY 0 OPTYPE mul PRAGMA {} RTLNAME mul_16s_15s_29_1_1_U110 SOURCE ../dct.c:48 VARIABLE mul_ln48_215 LOOP {} BUNDLEDNAME {} DSP 1 BRAM 0 URAM 0 STORAGESUBTYPE {} DISPNAME {bind_op mul} VISIBLE true} {BINDTYPE op ID {} IMPL dsp_slice LATENCY 3 OPTYPE mul PRAGMA {} RTLNAME mac_muladd_16s_14ns_29s_29_4_1_U340 SOURCE ../dct.c:48 VARIABLE mul_ln48_216 LOOP {} BUNDLEDNAME {} DSP 1 BRAM 0 URAM 0 STORAGESUBTYPE {} DISPNAME {bind_op mul} VISIBLE true} {BINDTYPE op ID {} IMPL auto LATENCY 0 OPTYPE mul PRAGMA {} RTLNAME mul_16s_15s_29_1_1_U97 SOURCE ../dct.c:48 VARIABLE mul_ln48_217 LOOP {} BUNDLEDNAME {} DSP 1 BRAM 0 URAM 0 STORAGESUBTYPE {} DISPNAME {bind_op mul} VISIBLE true} {BINDTYPE op ID {} IMPL dsp_slice LATENCY 3 OPTYPE mul PRAGMA {} RTLNAME mac_muladd_16s_14ns_29s_29_4_1_U364 SOURCE ../dct.c:48 VARIABLE mul_ln48_218 LOOP {} BUNDLEDNAME {} DSP 1 BRAM 0 URAM 0 STORAGESUBTYPE {} DISPNAME {bind_op mul} VISIBLE true} {BINDTYPE op ID {} IMPL dsp_slice LATENCY 3 OPTYPE mul PRAGMA {} RTLNAME mac_muladd_17s_12ns_13ns_29_4_1_U388 SOURCE ../dct.c:46 VARIABLE tmp595 LOOP {} BUNDLEDNAME {} DSP 1 BRAM 0 URAM 0 STORAGESUBTYPE {} DISPNAME {bind_op mul} VISIBLE true} {BINDTYPE op ID {} IMPL dsp_slice LATENCY 3 OPTYPE mul PRAGMA {} RTLNAME mac_muladd_17s_13ns_29s_29_4_1_U389 SOURCE ../dct.c:48 VARIABLE mul_ln48_219 LOOP {} BUNDLEDNAME {} DSP 1 BRAM 0 URAM 0 STORAGESUBTYPE {} DISPNAME {bind_op mul} VISIBLE true} {BINDTYPE op ID {} IMPL dsp_slice LATENCY 3 OPTYPE add PRAGMA {} RTLNAME mac_muladd_16s_14ns_29s_29_4_1_U340 SOURCE ../dct.c:48 VARIABLE add_ln48_296 LOOP {} BUNDLEDNAME {} DSP 1 BRAM 0 URAM 0 STORAGESUBTYPE {} DISPNAME {bind_op add} VISIBLE true} {BINDTYPE op ID {} IMPL dsp_slice LATENCY 3 OPTYPE add PRAGMA {} RTLNAME mac_muladd_16s_14ns_29s_29_4_1_U364 SOURCE ../dct.c:48 VARIABLE add_ln48_297 LOOP {} BUNDLEDNAME {} DSP 1 BRAM 0 URAM 0 STORAGESUBTYPE {} DISPNAME {bind_op add} VISIBLE true} {BINDTYPE op ID {} IMPL dsp_slice LATENCY 3 OPTYPE add PRAGMA {} RTLNAME mac_muladd_17s_13ns_29s_29_4_1_U389 SOURCE ../dct.c:48 VARIABLE add_ln48_298 LOOP {} BUNDLEDNAME {} DSP 1 BRAM 0 URAM 0 STORAGESUBTYPE {} DISPNAME {bind_op add} VISIBLE true} {BINDTYPE op ID {} IMPL dsp_slice LATENCY 3 OPTYPE add PRAGMA {} RTLNAME mac_muladd_17s_12ns_13ns_29_4_1_U388 SOURCE ../dct.c:48 VARIABLE add_ln48_299 LOOP {} BUNDLEDNAME {} DSP 1 BRAM 0 URAM 0 STORAGESUBTYPE {} DISPNAME {bind_op add} VISIBLE true} {BINDTYPE op ID {} IMPL fabric LATENCY 0 OPTYPE add PRAGMA {} RTLNAME tmp599_fu_4565_p2 SOURCE ../dct.c:46 VARIABLE tmp599 LOOP {} BUNDLEDNAME {} DSP 0 BRAM 0 URAM 0 STORAGESUBTYPE {} DISPNAME {bind_op add} VISIBLE true} {BINDTYPE op ID {} IMPL fabric LATENCY 0 OPTYPE add PRAGMA {} RTLNAME tmp603_fu_6170_p2 SOURCE ../dct.c:46 VARIABLE tmp603 LOOP {} BUNDLEDNAME {} DSP 0 BRAM 0 URAM 0 STORAGESUBTYPE {} DISPNAME {bind_op add} VISIBLE true} {BINDTYPE op ID {} IMPL fabric LATENCY 0 OPTYPE add PRAGMA {} RTLNAME add_ln48_302_fu_6207_p2 SOURCE ../dct.c:48 VARIABLE add_ln48_302 LOOP {} BUNDLEDNAME {} DSP 0 BRAM 0 URAM 0 STORAGESUBTYPE {} DISPNAME {bind_op add} VISIBLE true} {BINDTYPE op ID {} IMPL dsp_slice LATENCY 3 OPTYPE mul PRAGMA {} RTLNAME mac_muladd_16s_14ns_29s_29_4_1_U417 SOURCE ../dct.c:48 VARIABLE mul_ln48_220 LOOP {} BUNDLEDNAME {} DSP 1 BRAM 0 URAM 0 STORAGESUBTYPE {} DISPNAME {bind_op mul} VISIBLE true} {BINDTYPE op ID {} IMPL dsp_slice LATENCY 3 OPTYPE mul PRAGMA {} RTLNAME mac_muladd_16s_15s_13ns_29_4_1_U390 SOURCE ../dct.c:48 VARIABLE mul_ln48_221 LOOP {} BUNDLEDNAME {} DSP 1 BRAM 0 URAM 0 STORAGESUBTYPE {} DISPNAME {bind_op mul} VISIBLE true} {BINDTYPE op ID {} IMPL auto LATENCY 0 OPTYPE mul PRAGMA {} RTLNAME mul_16s_15s_29_1_1_U120 SOURCE ../dct.c:48 VARIABLE mul_ln48_222 LOOP {} BUNDLEDNAME {} DSP 1 BRAM 0 URAM 0 STORAGESUBTYPE {} DISPNAME {bind_op mul} VISIBLE true} {BINDTYPE op ID {} IMPL dsp_slice LATENCY 3 OPTYPE mul PRAGMA {} RTLNAME mac_muladd_16s_14ns_29s_29_4_1_U365 SOURCE ../dct.c:48 VARIABLE mul_ln48_223 LOOP {} BUNDLEDNAME {} DSP 1 BRAM 0 URAM 0 STORAGESUBTYPE {} DISPNAME {bind_op mul} VISIBLE true} {BINDTYPE op ID {} IMPL dsp_slice LATENCY 3 OPTYPE sub PRAGMA {} RTLNAME ama_submuladd_16s_16s_12ns_29s_29_4_1_U341 SOURCE ../dct.c:46 VARIABLE tmp608 LOOP {} BUNDLEDNAME {} DSP 1 BRAM 0 URAM 0 STORAGESUBTYPE {} DISPNAME {bind_op sub} VISIBLE true} {BINDTYPE op ID {} IMPL dsp_slice LATENCY 3 OPTYPE sext PRAGMA {} RTLNAME ama_submuladd_16s_16s_12ns_29s_29_4_1_U341 SOURCE ../dct.c:46 VARIABLE tmp608_cast LOOP {} BUNDLEDNAME {} DSP 1 BRAM 0 URAM 0 STORAGESUBTYPE {} DISPNAME {bind_op sext} VISIBLE false} {BINDTYPE op ID {} IMPL dsp_slice LATENCY 3 OPTYPE mul PRAGMA {} RTLNAME ama_submuladd_16s_16s_12ns_29s_29_4_1_U341 SOURCE ../dct.c:46 VARIABLE tmp609 LOOP {} BUNDLEDNAME {} DSP 1 BRAM 0 URAM 0 STORAGESUBTYPE {} DISPNAME {bind_op mul} VISIBLE true} {BINDTYPE op ID {} IMPL fabric LATENCY 0 OPTYPE sub PRAGMA {} RTLNAME tmp611_fu_5071_p2 SOURCE ../dct.c:46 VARIABLE tmp611 LOOP {} BUNDLEDNAME {} DSP 0 BRAM 0 URAM 0 STORAGESUBTYPE {} DISPNAME {bind_op sub} VISIBLE true} {BINDTYPE op ID {} IMPL auto LATENCY 0 OPTYPE mul PRAGMA {} RTLNAME mul_17s_14ns_29_1_1_U121 SOURCE ../dct.c:48 VARIABLE mul_ln48_224 LOOP {} BUNDLEDNAME {} DSP 1 BRAM 0 URAM 0 STORAGESUBTYPE {} DISPNAME {bind_op mul} VISIBLE true} {BINDTYPE op ID {} IMPL dsp_slice LATENCY 3 OPTYPE add PRAGMA {} RTLNAME ama_submuladd_16s_16s_12ns_29s_29_4_1_U341 SOURCE ../dct.c:48 VARIABLE add_ln48_303 LOOP {} BUNDLEDNAME {} DSP 1 BRAM 0 URAM 0 STORAGESUBTYPE {} DISPNAME {bind_op add} VISIBLE true} {BINDTYPE op ID {} IMPL dsp_slice LATENCY 3 OPTYPE add PRAGMA {} RTLNAME mac_muladd_16s_14ns_29s_29_4_1_U417 SOURCE ../dct.c:48 VARIABLE add_ln48_304 LOOP {} BUNDLEDNAME {} DSP 1 BRAM 0 URAM 0 STORAGESUBTYPE {} DISPNAME {bind_op add} VISIBLE true} {BINDTYPE op ID {} IMPL dsp_slice LATENCY 3 OPTYPE add PRAGMA {} RTLNAME mac_muladd_16s_14ns_29s_29_4_1_U365 SOURCE ../dct.c:48 VARIABLE add_ln48_305 LOOP {} BUNDLEDNAME {} DSP 1 BRAM 0 URAM 0 STORAGESUBTYPE {} DISPNAME {bind_op add} VISIBLE true} {BINDTYPE op ID {} IMPL dsp_slice LATENCY 3 OPTYPE add PRAGMA {} RTLNAME mac_muladd_16s_15s_13ns_29_4_1_U390 SOURCE ../dct.c:48 VARIABLE add_ln48_306 LOOP {} BUNDLEDNAME {} DSP 1 BRAM 0 URAM 0 STORAGESUBTYPE {} DISPNAME {bind_op add} VISIBLE true} {BINDTYPE op ID {} IMPL dsp_slice LATENCY 3 OPTYPE mul PRAGMA {} RTLNAME mac_muladd_18s_14ns_13ns_29_4_1_U391 SOURCE ../dct.c:46 VARIABLE tmp618_cast LOOP {} BUNDLEDNAME {} DSP 1 BRAM 0 URAM 0 STORAGESUBTYPE {} DISPNAME {bind_op mul} VISIBLE true} {BINDTYPE op ID {} IMPL fabric LATENCY 0 OPTYPE sub PRAGMA {} RTLNAME tmp621_fu_5531_p2 SOURCE ../dct.c:46 VARIABLE tmp621 LOOP {} BUNDLEDNAME {} DSP 0 BRAM 0 URAM 0 STORAGESUBTYPE {} DISPNAME {bind_op sub} VISIBLE true} {BINDTYPE op ID {} IMPL fabric LATENCY 0 OPTYPE sub PRAGMA {} RTLNAME tmp622_fu_5540_p2 SOURCE ../dct.c:46 VARIABLE tmp622 LOOP {} BUNDLEDNAME {} DSP 0 BRAM 0 URAM 0 STORAGESUBTYPE {} DISPNAME {bind_op sub} VISIBLE true} {BINDTYPE op ID {} IMPL dsp_slice LATENCY 3 OPTYPE add PRAGMA {} RTLNAME ama_addmuladd_18s_16s_13ns_29s_29_4_1_U443 SOURCE ../dct.c:46 VARIABLE tmp623 LOOP {} BUNDLEDNAME {} DSP 1 BRAM 0 URAM 0 STORAGESUBTYPE {} DISPNAME {bind_op add} VISIBLE true} {BINDTYPE op ID {} IMPL dsp_slice LATENCY 3 OPTYPE sext PRAGMA {} RTLNAME ama_addmuladd_18s_16s_13ns_29s_29_4_1_U443 SOURCE ../dct.c:48 VARIABLE sext_ln48_103 LOOP {} BUNDLEDNAME {} DSP 1 BRAM 0 URAM 0 STORAGESUBTYPE {} DISPNAME {bind_op sext} VISIBLE false} {BINDTYPE op ID {} IMPL dsp_slice LATENCY 3 OPTYPE mul PRAGMA {} RTLNAME ama_addmuladd_18s_16s_13ns_29s_29_4_1_U443 SOURCE ../dct.c:48 VARIABLE mul_ln48_225 LOOP {} BUNDLEDNAME {} DSP 1 BRAM 0 URAM 0 STORAGESUBTYPE {} DISPNAME {bind_op mul} VISIBLE true} {BINDTYPE op ID {} IMPL dsp_slice LATENCY 3 OPTYPE add PRAGMA {} RTLNAME mac_muladd_18s_14ns_13ns_29_4_1_U391 SOURCE ../dct.c:48 VARIABLE add_ln48_309 LOOP {} BUNDLEDNAME {} DSP 1 BRAM 0 URAM 0 STORAGESUBTYPE {} DISPNAME {bind_op add} VISIBLE true} {BINDTYPE op ID {} IMPL dsp_slice LATENCY 3 OPTYPE add PRAGMA {} RTLNAME ama_addmuladd_18s_16s_13ns_29s_29_4_1_U443 SOURCE ../dct.c:48 VARIABLE add_ln48_310 LOOP {} BUNDLEDNAME {} DSP 1 BRAM 0 URAM 0 STORAGESUBTYPE {} DISPNAME {bind_op add} VISIBLE true} {BINDTYPE op ID {} IMPL dsp_slice LATENCY 3 OPTYPE mul PRAGMA {} RTLNAME mac_muladd_16s_15s_13ns_29_4_1_U392 SOURCE ../dct.c:48 VARIABLE mul_ln48_226 LOOP {} BUNDLEDNAME {} DSP 1 BRAM 0 URAM 0 STORAGESUBTYPE {} DISPNAME {bind_op mul} VISIBLE true} {BINDTYPE op ID {} IMPL auto LATENCY 0 OPTYPE mul PRAGMA {} RTLNAME mul_16s_15ns_29_1_1_U111 SOURCE ../dct.c:48 VARIABLE mul_ln48_227 LOOP {} BUNDLEDNAME {} DSP 1 BRAM 0 URAM 0 STORAGESUBTYPE {} DISPNAME {bind_op mul} VISIBLE true} {BINDTYPE op ID {} IMPL dsp_slice LATENCY 3 OPTYPE mul PRAGMA {} RTLNAME mac_muladd_16s_15s_29s_29_4_1_U418 SOURCE ../dct.c:48 VARIABLE mul_ln48_228 LOOP {} BUNDLEDNAME {} DSP 1 BRAM 0 URAM 0 STORAGESUBTYPE {} DISPNAME {bind_op mul} VISIBLE true} {BINDTYPE op ID {} IMPL dsp_slice LATENCY 3 OPTYPE mul PRAGMA {} RTLNAME mac_muladd_16s_14ns_29s_29_4_1_U366 SOURCE ../dct.c:48 VARIABLE mul_ln48_229 LOOP {} BUNDLEDNAME {} DSP 1 BRAM 0 URAM 0 STORAGESUBTYPE {} DISPNAME {bind_op mul} VISIBLE true} {BINDTYPE op ID {} IMPL fabric LATENCY 0 OPTYPE sub PRAGMA {} RTLNAME tmp626_fu_5546_p2 SOURCE ../dct.c:46 VARIABLE tmp626 LOOP {} BUNDLEDNAME {} DSP 0 BRAM 0 URAM 0 STORAGESUBTYPE {} DISPNAME {bind_op sub} VISIBLE true} {BINDTYPE op ID {} IMPL auto LATENCY 0 OPTYPE mul PRAGMA {} RTLNAME mul_17s_13ns_29_1_1_U126 SOURCE ../dct.c:48 VARIABLE tmp627 LOOP {} BUNDLEDNAME {} DSP 1 BRAM 0 URAM 0 STORAGESUBTYPE {} DISPNAME {bind_op mul} VISIBLE true} {BINDTYPE op ID {} IMPL dsp_slice LATENCY 3 OPTYPE sub PRAGMA {} RTLNAME ama_submuladd_16s_16s_13ns_29s_29_4_1_U342 SOURCE ../dct.c:46 VARIABLE tmp629 LOOP {} BUNDLEDNAME {} DSP 1 BRAM 0 URAM 0 STORAGESUBTYPE {} DISPNAME {bind_op sub} VISIBLE true} {BINDTYPE op ID {} IMPL dsp_slice LATENCY 3 OPTYPE sext PRAGMA {} RTLNAME ama_submuladd_16s_16s_13ns_29s_29_4_1_U342 SOURCE ../dct.c:48 VARIABLE sext_ln48_107 LOOP {} BUNDLEDNAME {} DSP 1 BRAM 0 URAM 0 STORAGESUBTYPE {} DISPNAME {bind_op sext} VISIBLE false} {BINDTYPE op ID {} IMPL dsp_slice LATENCY 3 OPTYPE mul PRAGMA {} RTLNAME ama_submuladd_16s_16s_13ns_29s_29_4_1_U342 SOURCE ../dct.c:48 VARIABLE mul_ln48_230 LOOP {} BUNDLEDNAME {} DSP 1 BRAM 0 URAM 0 STORAGESUBTYPE {} DISPNAME {bind_op mul} VISIBLE true} {BINDTYPE op ID {} IMPL dsp_slice LATENCY 3 OPTYPE add PRAGMA {} RTLNAME ama_submuladd_16s_16s_13ns_29s_29_4_1_U342 SOURCE ../dct.c:48 VARIABLE add_ln48_311 LOOP {} BUNDLEDNAME {} DSP 1 BRAM 0 URAM 0 STORAGESUBTYPE {} DISPNAME {bind_op add} VISIBLE true} {BINDTYPE op ID {} IMPL dsp_slice LATENCY 3 OPTYPE add PRAGMA {} RTLNAME mac_muladd_16s_15s_29s_29_4_1_U418 SOURCE ../dct.c:48 VARIABLE add_ln48_312 LOOP {} BUNDLEDNAME {} DSP 1 BRAM 0 URAM 0 STORAGESUBTYPE {} DISPNAME {bind_op add} VISIBLE true} {BINDTYPE op ID {} IMPL dsp_slice LATENCY 3 OPTYPE add PRAGMA {} RTLNAME mac_muladd_16s_14ns_29s_29_4_1_U366 SOURCE ../dct.c:48 VARIABLE add_ln48_313 LOOP {} BUNDLEDNAME {} DSP 1 BRAM 0 URAM 0 STORAGESUBTYPE {} DISPNAME {bind_op add} VISIBLE true} {BINDTYPE op ID {} IMPL dsp_slice LATENCY 3 OPTYPE add PRAGMA {} RTLNAME mac_muladd_16s_15s_13ns_29_4_1_U392 SOURCE ../dct.c:48 VARIABLE add_ln48_314 LOOP {} BUNDLEDNAME {} DSP 1 BRAM 0 URAM 0 STORAGESUBTYPE {} DISPNAME {bind_op add} VISIBLE true} {BINDTYPE op ID {} IMPL fabric LATENCY 0 OPTYPE add PRAGMA {} RTLNAME tmp631_fu_6234_p2 SOURCE ../dct.c:46 VARIABLE tmp631 LOOP {} BUNDLEDNAME {} DSP 0 BRAM 0 URAM 0 STORAGESUBTYPE {} DISPNAME {bind_op add} VISIBLE true} {BINDTYPE op ID {} IMPL fabric LATENCY 0 OPTYPE add PRAGMA {} RTLNAME add_ln48_317_fu_5556_p2 SOURCE ../dct.c:48 VARIABLE add_ln48_317 LOOP {} BUNDLEDNAME {} DSP 0 BRAM 0 URAM 0 STORAGESUBTYPE {} DISPNAME {bind_op add} VISIBLE true} {BINDTYPE op ID {} IMPL fabric LATENCY 0 OPTYPE sub PRAGMA {} RTLNAME sub_ln48_10_fu_6267_p2 SOURCE ../dct.c:48 VARIABLE sub_ln48_10 LOOP {} BUNDLEDNAME {} DSP 0 BRAM 0 URAM 0 STORAGESUBTYPE {} DISPNAME {bind_op sub} VISIBLE true} {BINDTYPE op ID {} IMPL dsp_slice LATENCY 3 OPTYPE mul PRAGMA {} RTLNAME mac_muladd_16s_15s_29s_29_4_1_U419 SOURCE ../dct.c:48 VARIABLE mul_ln48_231 LOOP {} BUNDLEDNAME {} DSP 1 BRAM 0 URAM 0 STORAGESUBTYPE {} DISPNAME {bind_op mul} VISIBLE true} {BINDTYPE op ID {} IMPL dsp_slice LATENCY 3 OPTYPE mul PRAGMA {} RTLNAME mac_muladd_16s_14ns_29s_29_4_1_U393 SOURCE ../dct.c:48 VARIABLE mul_ln48_232 LOOP {} BUNDLEDNAME {} DSP 1 BRAM 0 URAM 0 STORAGESUBTYPE {} DISPNAME {bind_op mul} VISIBLE true} {BINDTYPE op ID {} IMPL dsp_slice LATENCY 3 OPTYPE mul PRAGMA {} RTLNAME mac_muladd_16s_15s_29s_29_4_1_U343 SOURCE ../dct.c:48 VARIABLE mul_ln48_233 LOOP {} BUNDLEDNAME {} DSP 1 BRAM 0 URAM 0 STORAGESUBTYPE {} DISPNAME {bind_op mul} VISIBLE true} {BINDTYPE op ID {} IMPL auto LATENCY 0 OPTYPE mul PRAGMA {} RTLNAME mul_16s_15ns_29_1_1_U90 SOURCE ../dct.c:48 VARIABLE mul_ln48_234 LOOP {} BUNDLEDNAME {} DSP 1 BRAM 0 URAM 0 STORAGESUBTYPE {} DISPNAME {bind_op mul} VISIBLE true} {BINDTYPE op ID {} IMPL fabric LATENCY 0 OPTYPE sub PRAGMA {} RTLNAME tmp636_fu_5560_p2 SOURCE ../dct.c:46 VARIABLE tmp636 LOOP {} BUNDLEDNAME {} DSP 0 BRAM 0 URAM 0 STORAGESUBTYPE {} DISPNAME {bind_op sub} VISIBLE true} {BINDTYPE op ID {} IMPL dsp_slice LATENCY 3 OPTYPE mul PRAGMA {} RTLNAME mac_muladd_17s_13ns_13ns_29_4_1_U394 SOURCE ../dct.c:46 VARIABLE tmp637 LOOP {} BUNDLEDNAME {} DSP 1 BRAM 0 URAM 0 STORAGESUBTYPE {} DISPNAME {bind_op mul} VISIBLE true} {BINDTYPE op ID {} IMPL auto LATENCY 0 OPTYPE mul PRAGMA {} RTLNAME mul_17s_13ns_29_1_1_U135 SOURCE ../dct.c:48 VARIABLE mul_ln48_235 LOOP {} BUNDLEDNAME {} DSP 1 BRAM 0 URAM 0 STORAGESUBTYPE {} DISPNAME {bind_op mul} VISIBLE true} {BINDTYPE op ID {} IMPL dsp_slice LATENCY 3 OPTYPE add PRAGMA {} RTLNAME mac_muladd_16s_15s_29s_29_4_1_U343 SOURCE ../dct.c:48 VARIABLE add_ln48_319 LOOP {} BUNDLEDNAME {} DSP 1 BRAM 0 URAM 0 STORAGESUBTYPE {} DISPNAME {bind_op add} VISIBLE true} {BINDTYPE op ID {} IMPL dsp_slice LATENCY 3 OPTYPE add PRAGMA {} RTLNAME mac_muladd_16s_15s_29s_29_4_1_U419 SOURCE ../dct.c:48 VARIABLE add_ln48_320 LOOP {} BUNDLEDNAME {} DSP 1 BRAM 0 URAM 0 STORAGESUBTYPE {} DISPNAME {bind_op add} VISIBLE true} {BINDTYPE op ID {} IMPL dsp_slice LATENCY 3 OPTYPE add PRAGMA {} RTLNAME mac_muladd_16s_14ns_29s_29_4_1_U393 SOURCE ../dct.c:48 VARIABLE add_ln48_321 LOOP {} BUNDLEDNAME {} DSP 1 BRAM 0 URAM 0 STORAGESUBTYPE {} DISPNAME {bind_op add} VISIBLE true} {BINDTYPE op ID {} IMPL dsp_slice LATENCY 3 OPTYPE add PRAGMA {} RTLNAME mac_muladd_17s_13ns_13ns_29_4_1_U394 SOURCE ../dct.c:48 VARIABLE add_ln48_322 LOOP {} BUNDLEDNAME {} DSP 1 BRAM 0 URAM 0 STORAGESUBTYPE {} DISPNAME {bind_op add} VISIBLE true} {BINDTYPE op ID {} IMPL dsp_slice LATENCY 3 OPTYPE mul PRAGMA {} RTLNAME mac_muladd_18s_13ns_13ns_29_4_1_U395 SOURCE ../dct.c:46 VARIABLE tmp646_cast LOOP {} BUNDLEDNAME {} DSP 1 BRAM 0 URAM 0 STORAGESUBTYPE {} DISPNAME {bind_op mul} VISIBLE true} {BINDTYPE op ID {} IMPL fabric LATENCY 0 OPTYPE sub PRAGMA {} RTLNAME tmp650_fu_6289_p2 SOURCE ../dct.c:46 VARIABLE tmp650 LOOP {} BUNDLEDNAME {} DSP 0 BRAM 0 URAM 0 STORAGESUBTYPE {} DISPNAME {bind_op sub} VISIBLE true} {BINDTYPE op ID {} IMPL dsp_slice LATENCY 3 OPTYPE sub PRAGMA {} RTLNAME ama_submuladd_18s_16s_14ns_29s_29_4_1_U444 SOURCE ../dct.c:46 VARIABLE tmp651 LOOP {} BUNDLEDNAME {} DSP 1 BRAM 0 URAM 0 STORAGESUBTYPE {} DISPNAME {bind_op sub} VISIBLE true} {BINDTYPE op ID {} IMPL dsp_slice LATENCY 3 OPTYPE sext PRAGMA {} RTLNAME ama_submuladd_18s_16s_14ns_29s_29_4_1_U444 SOURCE ../dct.c:48 VARIABLE sext_ln48_110 LOOP {} BUNDLEDNAME {} DSP 1 BRAM 0 URAM 0 STORAGESUBTYPE {} DISPNAME {bind_op sext} VISIBLE false} {BINDTYPE op ID {} IMPL dsp_slice LATENCY 3 OPTYPE mul PRAGMA {} RTLNAME ama_submuladd_18s_16s_14ns_29s_29_4_1_U444 SOURCE ../dct.c:48 VARIABLE mul_ln48_236 LOOP {} BUNDLEDNAME {} DSP 1 BRAM 0 URAM 0 STORAGESUBTYPE {} DISPNAME {bind_op mul} VISIBLE true} {BINDTYPE op ID {} IMPL dsp_slice LATENCY 3 OPTYPE add PRAGMA {} RTLNAME mac_muladd_18s_13ns_13ns_29_4_1_U395 SOURCE ../dct.c:48 VARIABLE add_ln48_325 LOOP {} BUNDLEDNAME {} DSP 1 BRAM 0 URAM 0 STORAGESUBTYPE {} DISPNAME {bind_op add} VISIBLE true} {BINDTYPE op ID {} IMPL dsp_slice LATENCY 3 OPTYPE add PRAGMA {} RTLNAME ama_submuladd_18s_16s_14ns_29s_29_4_1_U444 SOURCE ../dct.c:48 VARIABLE add_ln48_326 LOOP {} BUNDLEDNAME {} DSP 1 BRAM 0 URAM 0 STORAGESUBTYPE {} DISPNAME {bind_op add} VISIBLE true} {BINDTYPE op ID {} IMPL auto LATENCY 0 OPTYPE mul PRAGMA {} RTLNAME mul_16s_15s_29_1_1_U112 SOURCE ../dct.c:48 VARIABLE mul_ln48_237 LOOP {} BUNDLEDNAME {} DSP 1 BRAM 0 URAM 0 STORAGESUBTYPE {} DISPNAME {bind_op mul} VISIBLE true} {BINDTYPE op ID {} IMPL dsp_slice LATENCY 3 OPTYPE mul PRAGMA {} RTLNAME mac_muladd_16s_14ns_29s_29_4_1_U344 SOURCE ../dct.c:48 VARIABLE mul_ln48_238 LOOP {} BUNDLEDNAME {} DSP 1 BRAM 0 URAM 0 STORAGESUBTYPE {} DISPNAME {bind_op mul} VISIBLE true} {BINDTYPE op ID {} IMPL auto LATENCY 0 OPTYPE mul PRAGMA {} RTLNAME mul_16s_15s_29_1_1_U91 SOURCE ../dct.c:48 VARIABLE mul_ln48_239 LOOP {} BUNDLEDNAME {} DSP 1 BRAM 0 URAM 0 STORAGESUBTYPE {} DISPNAME {bind_op mul} VISIBLE true} {BINDTYPE op ID {} IMPL dsp_slice LATENCY 3 OPTYPE mul PRAGMA {} RTLNAME mac_muladd_16s_14ns_29s_29_4_1_U420 SOURCE ../dct.c:48 VARIABLE mul_ln48_240 LOOP {} BUNDLEDNAME {} DSP 1 BRAM 0 URAM 0 STORAGESUBTYPE {} DISPNAME {bind_op mul} VISIBLE true} {BINDTYPE op ID {} IMPL dsp_slice LATENCY 3 OPTYPE mul PRAGMA {} RTLNAME mac_muladd_17s_12ns_13ns_29_4_1_U396 SOURCE ../dct.c:46 VARIABLE tmp655 LOOP {} BUNDLEDNAME {} DSP 1 BRAM 0 URAM 0 STORAGESUBTYPE {} DISPNAME {bind_op mul} VISIBLE true} {BINDTYPE op ID {} IMPL dsp_slice LATENCY 3 OPTYPE mul PRAGMA {} RTLNAME mac_muladd_17s_13ns_29s_29_4_1_U397 SOURCE ../dct.c:48 VARIABLE mul_ln48_241 LOOP {} BUNDLEDNAME {} DSP 1 BRAM 0 URAM 0 STORAGESUBTYPE {} DISPNAME {bind_op mul} VISIBLE true} {BINDTYPE op ID {} IMPL dsp_slice LATENCY 3 OPTYPE add PRAGMA {} RTLNAME mac_muladd_16s_14ns_29s_29_4_1_U344 SOURCE ../dct.c:48 VARIABLE add_ln48_327 LOOP {} BUNDLEDNAME {} DSP 1 BRAM 0 URAM 0 STORAGESUBTYPE {} DISPNAME {bind_op add} VISIBLE true} {BINDTYPE op ID {} IMPL dsp_slice LATENCY 3 OPTYPE add PRAGMA {} RTLNAME mac_muladd_16s_14ns_29s_29_4_1_U420 SOURCE ../dct.c:48 VARIABLE add_ln48_328 LOOP {} BUNDLEDNAME {} DSP 1 BRAM 0 URAM 0 STORAGESUBTYPE {} DISPNAME {bind_op add} VISIBLE true} {BINDTYPE op ID {} IMPL dsp_slice LATENCY 3 OPTYPE add PRAGMA {} RTLNAME mac_muladd_17s_13ns_29s_29_4_1_U397 SOURCE ../dct.c:48 VARIABLE add_ln48_329 LOOP {} BUNDLEDNAME {} DSP 1 BRAM 0 URAM 0 STORAGESUBTYPE {} DISPNAME {bind_op add} VISIBLE true} {BINDTYPE op ID {} IMPL dsp_slice LATENCY 3 OPTYPE add PRAGMA {} RTLNAME mac_muladd_17s_12ns_13ns_29_4_1_U396 SOURCE ../dct.c:48 VARIABLE add_ln48_330 LOOP {} BUNDLEDNAME {} DSP 1 BRAM 0 URAM 0 STORAGESUBTYPE {} DISPNAME {bind_op add} VISIBLE true} {BINDTYPE op ID {} IMPL fabric LATENCY 0 OPTYPE add PRAGMA {} RTLNAME tmp659_fu_5105_p2 SOURCE ../dct.c:46 VARIABLE tmp659 LOOP {} BUNDLEDNAME {} DSP 0 BRAM 0 URAM 0 STORAGESUBTYPE {} DISPNAME {bind_op add} VISIBLE true} {BINDTYPE op ID {} IMPL fabric LATENCY 0 OPTYPE add PRAGMA {} RTLNAME tmp663_fu_5597_p2 SOURCE ../dct.c:46 VARIABLE tmp663 LOOP {} BUNDLEDNAME {} DSP 0 BRAM 0 URAM 0 STORAGESUBTYPE {} DISPNAME {bind_op add} VISIBLE true} {BINDTYPE op ID {} IMPL fabric LATENCY 0 OPTYPE add PRAGMA {} RTLNAME add_ln48_333_fu_5644_p2 SOURCE ../dct.c:48 VARIABLE add_ln48_333 LOOP {} BUNDLEDNAME {} DSP 0 BRAM 0 URAM 0 STORAGESUBTYPE {} DISPNAME {bind_op add} VISIBLE true} {BINDTYPE op ID {} IMPL dsp_slice LATENCY 3 OPTYPE mul PRAGMA {} RTLNAME mac_muladd_16s_14ns_29s_29_4_1_U421 SOURCE ../dct.c:48 VARIABLE mul_ln48_242 LOOP {} BUNDLEDNAME {} DSP 1 BRAM 0 URAM 0 STORAGESUBTYPE {} DISPNAME {bind_op mul} VISIBLE true} {BINDTYPE op ID {} IMPL dsp_slice LATENCY 3 OPTYPE mul PRAGMA {} RTLNAME mac_muladd_16s_15s_29s_29_4_1_U367 SOURCE ../dct.c:48 VARIABLE mul_ln48_243 LOOP {} BUNDLEDNAME {} DSP 1 BRAM 0 URAM 0 STORAGESUBTYPE {} DISPNAME {bind_op mul} VISIBLE true} {BINDTYPE op ID {} IMPL auto LATENCY 0 OPTYPE mul PRAGMA {} RTLNAME mul_16s_15s_29_1_1_U122 SOURCE ../dct.c:48 VARIABLE mul_ln48_244 LOOP {} BUNDLEDNAME {} DSP 1 BRAM 0 URAM 0 STORAGESUBTYPE {} DISPNAME {bind_op mul} VISIBLE true} {BINDTYPE op ID {} IMPL dsp_slice LATENCY 3 OPTYPE mul PRAGMA {} RTLNAME mac_muladd_16s_14ns_13ns_29_4_1_U328 SOURCE ../dct.c:48 VARIABLE mul_ln48_245 LOOP {} BUNDLEDNAME {} DSP 1 BRAM 0 URAM 0 STORAGESUBTYPE {} DISPNAME {bind_op mul} VISIBLE true} {BINDTYPE op ID {} IMPL dsp_slice LATENCY 3 OPTYPE sub PRAGMA {} RTLNAME ama_submuladd_16s_16s_12ns_29s_29_4_1_U368 SOURCE ../dct.c:46 VARIABLE tmp668 LOOP {} BUNDLEDNAME {} DSP 1 BRAM 0 URAM 0 STORAGESUBTYPE {} DISPNAME {bind_op sub} VISIBLE true} {BINDTYPE op ID {} IMPL dsp_slice LATENCY 3 OPTYPE sext PRAGMA {} RTLNAME ama_submuladd_16s_16s_12ns_29s_29_4_1_U368 SOURCE ../dct.c:46 VARIABLE tmp668_cast LOOP {} BUNDLEDNAME {} DSP 1 BRAM 0 URAM 0 STORAGESUBTYPE {} DISPNAME {bind_op sext} VISIBLE false} {BINDTYPE op ID {} IMPL dsp_slice LATENCY 3 OPTYPE mul PRAGMA {} RTLNAME ama_submuladd_16s_16s_12ns_29s_29_4_1_U368 SOURCE ../dct.c:46 VARIABLE tmp669 LOOP {} BUNDLEDNAME {} DSP 1 BRAM 0 URAM 0 STORAGESUBTYPE {} DISPNAME {bind_op mul} VISIBLE true} {BINDTYPE op ID {} IMPL fabric LATENCY 0 OPTYPE sub PRAGMA {} RTLNAME tmp671_fu_5126_p2 SOURCE ../dct.c:46 VARIABLE tmp671 LOOP {} BUNDLEDNAME {} DSP 0 BRAM 0 URAM 0 STORAGESUBTYPE {} DISPNAME {bind_op sub} VISIBLE true} {BINDTYPE op ID {} IMPL auto LATENCY 0 OPTYPE mul PRAGMA {} RTLNAME mul_17s_14ns_29_1_1_U113 SOURCE ../dct.c:48 VARIABLE mul_ln48_246 LOOP {} BUNDLEDNAME {} DSP 1 BRAM 0 URAM 0 STORAGESUBTYPE {} DISPNAME {bind_op mul} VISIBLE true} {BINDTYPE op ID {} IMPL dsp_slice LATENCY 3 OPTYPE add PRAGMA {} RTLNAME ama_submuladd_16s_16s_12ns_29s_29_4_1_U368 SOURCE ../dct.c:48 VARIABLE add_ln48_334 LOOP {} BUNDLEDNAME {} DSP 1 BRAM 0 URAM 0 STORAGESUBTYPE {} DISPNAME {bind_op add} VISIBLE true} {BINDTYPE op ID {} IMPL dsp_slice LATENCY 3 OPTYPE add PRAGMA {} RTLNAME mac_muladd_16s_14ns_29s_29_4_1_U421 SOURCE ../dct.c:48 VARIABLE add_ln48_335 LOOP {} BUNDLEDNAME {} DSP 1 BRAM 0 URAM 0 STORAGESUBTYPE {} DISPNAME {bind_op add} VISIBLE true} {BINDTYPE op ID {} IMPL dsp_slice LATENCY 3 OPTYPE add PRAGMA {} RTLNAME mac_muladd_16s_15s_29s_29_4_1_U367 SOURCE ../dct.c:48 VARIABLE add_ln48_336 LOOP {} BUNDLEDNAME {} DSP 1 BRAM 0 URAM 0 STORAGESUBTYPE {} DISPNAME {bind_op add} VISIBLE true} {BINDTYPE op ID {} IMPL dsp_slice LATENCY 3 OPTYPE add PRAGMA {} RTLNAME mac_muladd_16s_14ns_13ns_29_4_1_U328 SOURCE ../dct.c:48 VARIABLE add_ln48_337 LOOP {} BUNDLEDNAME {} DSP 1 BRAM 0 URAM 0 STORAGESUBTYPE {} DISPNAME {bind_op add} VISIBLE true} {BINDTYPE op ID {} IMPL dsp_slice LATENCY 3 OPTYPE mul PRAGMA {} RTLNAME mac_muladd_18s_14ns_13ns_29_4_1_U398 SOURCE ../dct.c:48 VARIABLE tmp678_cast LOOP {} BUNDLEDNAME {} DSP 1 BRAM 0 URAM 0 STORAGESUBTYPE {} DISPNAME {bind_op mul} VISIBLE true} {BINDTYPE op ID {} IMPL fabric LATENCY 0 OPTYPE sub PRAGMA {} RTLNAME tmp681_fu_5681_p2 SOURCE ../dct.c:46 VARIABLE tmp681 LOOP {} BUNDLEDNAME {} DSP 0 BRAM 0 URAM 0 STORAGESUBTYPE {} DISPNAME {bind_op sub} VISIBLE true} {BINDTYPE op ID {} IMPL fabric LATENCY 0 OPTYPE sub PRAGMA {} RTLNAME tmp682_fu_5690_p2 SOURCE ../dct.c:46 VARIABLE tmp682 LOOP {} BUNDLEDNAME {} DSP 0 BRAM 0 URAM 0 STORAGESUBTYPE {} DISPNAME {bind_op sub} VISIBLE true} {BINDTYPE op ID {} IMPL dsp_slice LATENCY 3 OPTYPE add PRAGMA {} RTLNAME ama_addmuladd_18s_16s_13ns_29s_29_4_1_U422 SOURCE ../dct.c:46 VARIABLE tmp683 LOOP {} BUNDLEDNAME {} DSP 1 BRAM 0 URAM 0 STORAGESUBTYPE {} DISPNAME {bind_op add} VISIBLE true} {BINDTYPE op ID {} IMPL dsp_slice LATENCY 3 OPTYPE sext PRAGMA {} RTLNAME ama_addmuladd_18s_16s_13ns_29s_29_4_1_U422 SOURCE ../dct.c:48 VARIABLE sext_ln48_116 LOOP {} BUNDLEDNAME {} DSP 1 BRAM 0 URAM 0 STORAGESUBTYPE {} DISPNAME {bind_op sext} VISIBLE false} {BINDTYPE op ID {} IMPL dsp_slice LATENCY 3 OPTYPE mul PRAGMA {} RTLNAME ama_addmuladd_18s_16s_13ns_29s_29_4_1_U422 SOURCE ../dct.c:48 VARIABLE mul_ln48_247 LOOP {} BUNDLEDNAME {} DSP 1 BRAM 0 URAM 0 STORAGESUBTYPE {} DISPNAME {bind_op mul} VISIBLE true} {BINDTYPE op ID {} IMPL dsp_slice LATENCY 3 OPTYPE add PRAGMA {} RTLNAME mac_muladd_18s_14ns_13ns_29_4_1_U398 SOURCE ../dct.c:48 VARIABLE add_ln48_340 LOOP {} BUNDLEDNAME {} DSP 1 BRAM 0 URAM 0 STORAGESUBTYPE {} DISPNAME {bind_op add} VISIBLE true} {BINDTYPE op ID {} IMPL dsp_slice LATENCY 3 OPTYPE add PRAGMA {} RTLNAME ama_addmuladd_18s_16s_13ns_29s_29_4_1_U422 SOURCE ../dct.c:48 VARIABLE add_ln48_341 LOOP {} BUNDLEDNAME {} DSP 1 BRAM 0 URAM 0 STORAGESUBTYPE {} DISPNAME {bind_op add} VISIBLE true} {BINDTYPE op ID {} IMPL dsp_slice LATENCY 3 OPTYPE mul PRAGMA {} RTLNAME mac_muladd_16s_15s_29s_29_4_1_U369 SOURCE ../dct.c:48 VARIABLE mul_ln48_248 LOOP {} BUNDLEDNAME {} DSP 1 BRAM 0 URAM 0 STORAGESUBTYPE {} DISPNAME {bind_op mul} VISIBLE true} {BINDTYPE op ID {} IMPL auto LATENCY 0 OPTYPE mul PRAGMA {} RTLNAME mul_16s_15ns_29_1_1_U114 SOURCE ../dct.c:48 VARIABLE mul_ln48_249 LOOP {} BUNDLEDNAME {} DSP 1 BRAM 0 URAM 0 STORAGESUBTYPE {} DISPNAME {bind_op mul} VISIBLE true} {BINDTYPE op ID {} IMPL dsp_slice LATENCY 3 OPTYPE mul PRAGMA {} RTLNAME mac_muladd_16s_15s_29s_29_4_1_U423 SOURCE ../dct.c:48 VARIABLE mul_ln48_250 LOOP {} BUNDLEDNAME {} DSP 1 BRAM 0 URAM 0 STORAGESUBTYPE {} DISPNAME {bind_op mul} VISIBLE true} {BINDTYPE op ID {} IMPL dsp_slice LATENCY 3 OPTYPE mul PRAGMA {} RTLNAME mac_muladd_16s_14ns_13ns_29_4_1_U329 SOURCE ../dct.c:48 VARIABLE mul_ln48_251 LOOP {} BUNDLEDNAME {} DSP 1 BRAM 0 URAM 0 STORAGESUBTYPE {} DISPNAME {bind_op mul} VISIBLE true} {BINDTYPE op ID {} IMPL fabric LATENCY 0 OPTYPE sub PRAGMA {} RTLNAME tmp686_fu_5699_p2 SOURCE ../dct.c:46 VARIABLE tmp686 LOOP {} BUNDLEDNAME {} DSP 0 BRAM 0 URAM 0 STORAGESUBTYPE {} DISPNAME {bind_op sub} VISIBLE true} {BINDTYPE op ID {} IMPL auto LATENCY 0 OPTYPE mul PRAGMA {} RTLNAME mul_17s_13ns_29_1_1_U123 SOURCE ../dct.c:48 VARIABLE tmp687 LOOP {} BUNDLEDNAME {} DSP 1 BRAM 0 URAM 0 STORAGESUBTYPE {} DISPNAME {bind_op mul} VISIBLE true} {BINDTYPE op ID {} IMPL dsp_slice LATENCY 3 OPTYPE sub PRAGMA {} RTLNAME ama_submuladd_16s_16s_13ns_29s_29_4_1_U370 SOURCE ../dct.c:46 VARIABLE tmp689 LOOP {} BUNDLEDNAME {} DSP 1 BRAM 0 URAM 0 STORAGESUBTYPE {} DISPNAME {bind_op sub} VISIBLE true} {BINDTYPE op ID {} IMPL dsp_slice LATENCY 3 OPTYPE sext PRAGMA {} RTLNAME ama_submuladd_16s_16s_13ns_29s_29_4_1_U370 SOURCE ../dct.c:48 VARIABLE sext_ln48_120 LOOP {} BUNDLEDNAME {} DSP 1 BRAM 0 URAM 0 STORAGESUBTYPE {} DISPNAME {bind_op sext} VISIBLE false} {BINDTYPE op ID {} IMPL dsp_slice LATENCY 3 OPTYPE mul PRAGMA {} RTLNAME ama_submuladd_16s_16s_13ns_29s_29_4_1_U370 SOURCE ../dct.c:48 VARIABLE mul_ln48_252 LOOP {} BUNDLEDNAME {} DSP 1 BRAM 0 URAM 0 STORAGESUBTYPE {} DISPNAME {bind_op mul} VISIBLE true} {BINDTYPE op ID {} IMPL dsp_slice LATENCY 3 OPTYPE add PRAGMA {} RTLNAME ama_submuladd_16s_16s_13ns_29s_29_4_1_U370 SOURCE ../dct.c:48 VARIABLE add_ln48_342 LOOP {} BUNDLEDNAME {} DSP 1 BRAM 0 URAM 0 STORAGESUBTYPE {} DISPNAME {bind_op add} VISIBLE true} {BINDTYPE op ID {} IMPL dsp_slice LATENCY 3 OPTYPE add PRAGMA {} RTLNAME mac_muladd_16s_15s_29s_29_4_1_U423 SOURCE ../dct.c:48 VARIABLE add_ln48_343 LOOP {} BUNDLEDNAME {} DSP 1 BRAM 0 URAM 0 STORAGESUBTYPE {} DISPNAME {bind_op add} VISIBLE true} {BINDTYPE op ID {} IMPL dsp_slice LATENCY 3 OPTYPE add PRAGMA {} RTLNAME mac_muladd_16s_15s_29s_29_4_1_U369 SOURCE ../dct.c:48 VARIABLE add_ln48_344 LOOP {} BUNDLEDNAME {} DSP 1 BRAM 0 URAM 0 STORAGESUBTYPE {} DISPNAME {bind_op add} VISIBLE true} {BINDTYPE op ID {} IMPL dsp_slice LATENCY 3 OPTYPE add PRAGMA {} RTLNAME mac_muladd_16s_14ns_13ns_29_4_1_U329 SOURCE ../dct.c:48 VARIABLE add_ln48_345 LOOP {} BUNDLEDNAME {} DSP 1 BRAM 0 URAM 0 STORAGESUBTYPE {} DISPNAME {bind_op add} VISIBLE true} {BINDTYPE op ID {} IMPL fabric LATENCY 0 OPTYPE add PRAGMA {} RTLNAME tmp691_fu_5715_p2 SOURCE ../dct.c:46 VARIABLE tmp691 LOOP {} BUNDLEDNAME {} DSP 0 BRAM 0 URAM 0 STORAGESUBTYPE {} DISPNAME {bind_op add} VISIBLE true} {BINDTYPE op ID {} IMPL fabric LATENCY 0 OPTYPE add PRAGMA {} RTLNAME add_ln48_348_fu_5724_p2 SOURCE ../dct.c:48 VARIABLE add_ln48_348 LOOP {} BUNDLEDNAME {} DSP 0 BRAM 0 URAM 0 STORAGESUBTYPE {} DISPNAME {bind_op add} VISIBLE true} {BINDTYPE op ID {} IMPL fabric LATENCY 0 OPTYPE sub PRAGMA {} RTLNAME sub_ln48_11_fu_5736_p2 SOURCE ../dct.c:48 VARIABLE sub_ln48_11 LOOP {} BUNDLEDNAME {} DSP 0 BRAM 0 URAM 0 STORAGESUBTYPE {} DISPNAME {bind_op sub} VISIBLE true} {BINDTYPE op ID {} IMPL dsp_slice LATENCY 3 OPTYPE mul PRAGMA {} RTLNAME mac_muladd_16s_15s_29s_29_4_1_U371 SOURCE ../dct.c:48 VARIABLE mul_ln48_253 LOOP {} BUNDLEDNAME {} DSP 1 BRAM 0 URAM 0 STORAGESUBTYPE {} DISPNAME {bind_op mul} VISIBLE true} {BINDTYPE op ID {} IMPL dsp_slice LATENCY 3 OPTYPE mul PRAGMA {} RTLNAME mac_muladd_16s_14ns_29s_29_4_1_U372 SOURCE ../dct.c:48 VARIABLE mul_ln48_254 LOOP {} BUNDLEDNAME {} DSP 1 BRAM 0 URAM 0 STORAGESUBTYPE {} DISPNAME {bind_op mul} VISIBLE true} {BINDTYPE op ID {} IMPL dsp_slice LATENCY 3 OPTYPE mul PRAGMA {} RTLNAME mac_muladd_16s_15s_29s_29_4_1_U345 SOURCE ../dct.c:48 VARIABLE mul_ln48_255 LOOP {} BUNDLEDNAME {} DSP 1 BRAM 0 URAM 0 STORAGESUBTYPE {} DISPNAME {bind_op mul} VISIBLE true} {BINDTYPE op ID {} IMPL auto LATENCY 0 OPTYPE mul PRAGMA {} RTLNAME mul_16s_15ns_29_1_1_U98 SOURCE ../dct.c:48 VARIABLE mul_ln48_256 LOOP {} BUNDLEDNAME {} DSP 1 BRAM 0 URAM 0 STORAGESUBTYPE {} DISPNAME {bind_op mul} VISIBLE true} {BINDTYPE op ID {} IMPL fabric LATENCY 0 OPTYPE sub PRAGMA {} RTLNAME tmp696_fu_5742_p2 SOURCE ../dct.c:46 VARIABLE tmp696 LOOP {} BUNDLEDNAME {} DSP 0 BRAM 0 URAM 0 STORAGESUBTYPE {} DISPNAME {bind_op sub} VISIBLE true} {BINDTYPE op ID {} IMPL dsp_slice LATENCY 3 OPTYPE mul PRAGMA {} RTLNAME mac_muladd_17s_13ns_13ns_29_4_1_U399 SOURCE ../dct.c:46 VARIABLE tmp697 LOOP {} BUNDLEDNAME {} DSP 1 BRAM 0 URAM 0 STORAGESUBTYPE {} DISPNAME {bind_op mul} VISIBLE true} {BINDTYPE op ID {} IMPL auto LATENCY 0 OPTYPE mul PRAGMA {} RTLNAME mul_17s_13ns_29_1_1_U115 SOURCE ../dct.c:48 VARIABLE mul_ln48_257 LOOP {} BUNDLEDNAME {} DSP 1 BRAM 0 URAM 0 STORAGESUBTYPE {} DISPNAME {bind_op mul} VISIBLE true} {BINDTYPE op ID {} IMPL dsp_slice LATENCY 3 OPTYPE add PRAGMA {} RTLNAME mac_muladd_16s_15s_29s_29_4_1_U345 SOURCE ../dct.c:48 VARIABLE add_ln48_350 LOOP {} BUNDLEDNAME {} DSP 1 BRAM 0 URAM 0 STORAGESUBTYPE {} DISPNAME {bind_op add} VISIBLE true} {BINDTYPE op ID {} IMPL dsp_slice LATENCY 3 OPTYPE add PRAGMA {} RTLNAME mac_muladd_16s_15s_29s_29_4_1_U371 SOURCE ../dct.c:48 VARIABLE add_ln48_351 LOOP {} BUNDLEDNAME {} DSP 1 BRAM 0 URAM 0 STORAGESUBTYPE {} DISPNAME {bind_op add} VISIBLE true} {BINDTYPE op ID {} IMPL dsp_slice LATENCY 3 OPTYPE add PRAGMA {} RTLNAME mac_muladd_16s_14ns_29s_29_4_1_U372 SOURCE ../dct.c:48 VARIABLE add_ln48_352 LOOP {} BUNDLEDNAME {} DSP 1 BRAM 0 URAM 0 STORAGESUBTYPE {} DISPNAME {bind_op add} VISIBLE true} {BINDTYPE op ID {} IMPL dsp_slice LATENCY 3 OPTYPE add PRAGMA {} RTLNAME mac_muladd_17s_13ns_13ns_29_4_1_U399 SOURCE ../dct.c:48 VARIABLE add_ln48_353 LOOP {} BUNDLEDNAME {} DSP 1 BRAM 0 URAM 0 STORAGESUBTYPE {} DISPNAME {bind_op add} VISIBLE true} {BINDTYPE op ID {} IMPL dsp_slice LATENCY 3 OPTYPE mul PRAGMA {} RTLNAME mac_muladd_18s_13ns_13ns_29_4_1_U400 SOURCE ../dct.c:48 VARIABLE tmp706_cast LOOP {} BUNDLEDNAME {} DSP 1 BRAM 0 URAM 0 STORAGESUBTYPE {} DISPNAME {bind_op mul} VISIBLE true} {BINDTYPE op ID {} IMPL fabric LATENCY 0 OPTYPE sub PRAGMA {} RTLNAME tmp710_fu_5752_p2 SOURCE ../dct.c:46 VARIABLE tmp710 LOOP {} BUNDLEDNAME {} DSP 0 BRAM 0 URAM 0 STORAGESUBTYPE {} DISPNAME {bind_op sub} VISIBLE true} {BINDTYPE op ID {} IMPL dsp_slice LATENCY 3 OPTYPE sub PRAGMA {} RTLNAME ama_submuladd_18s_16s_14ns_29s_29_4_1_U424 SOURCE ../dct.c:46 VARIABLE tmp711 LOOP {} BUNDLEDNAME {} DSP 1 BRAM 0 URAM 0 STORAGESUBTYPE {} DISPNAME {bind_op sub} VISIBLE true} {BINDTYPE op ID {} IMPL dsp_slice LATENCY 3 OPTYPE sext PRAGMA {} RTLNAME ama_submuladd_18s_16s_14ns_29s_29_4_1_U424 SOURCE ../dct.c:48 VARIABLE sext_ln48_123 LOOP {} BUNDLEDNAME {} DSP 1 BRAM 0 URAM 0 STORAGESUBTYPE {} DISPNAME {bind_op sext} VISIBLE false} {BINDTYPE op ID {} IMPL dsp_slice LATENCY 3 OPTYPE mul PRAGMA {} RTLNAME ama_submuladd_18s_16s_14ns_29s_29_4_1_U424 SOURCE ../dct.c:48 VARIABLE mul_ln48_258 LOOP {} BUNDLEDNAME {} DSP 1 BRAM 0 URAM 0 STORAGESUBTYPE {} DISPNAME {bind_op mul} VISIBLE true} {BINDTYPE op ID {} IMPL dsp_slice LATENCY 3 OPTYPE add PRAGMA {} RTLNAME mac_muladd_18s_13ns_13ns_29_4_1_U400 SOURCE ../dct.c:48 VARIABLE add_ln48_356 LOOP {} BUNDLEDNAME {} DSP 1 BRAM 0 URAM 0 STORAGESUBTYPE {} DISPNAME {bind_op add} VISIBLE true} {BINDTYPE op ID {} IMPL dsp_slice LATENCY 3 OPTYPE add PRAGMA {} RTLNAME ama_submuladd_18s_16s_14ns_29s_29_4_1_U424 SOURCE ../dct.c:48 VARIABLE add_ln48_357 LOOP {} BUNDLEDNAME {} DSP 1 BRAM 0 URAM 0 STORAGESUBTYPE {} DISPNAME {bind_op add} VISIBLE true} {BINDTYPE op ID {} IMPL auto LATENCY 0 OPTYPE mul PRAGMA {} RTLNAME mul_16s_15s_29_1_1_U116 SOURCE ../dct.c:48 VARIABLE mul_ln48_259 LOOP {} BUNDLEDNAME {} DSP 1 BRAM 0 URAM 0 STORAGESUBTYPE {} DISPNAME {bind_op mul} VISIBLE true} {BINDTYPE op ID {} IMPL dsp_slice LATENCY 3 OPTYPE mul PRAGMA {} RTLNAME mac_muladd_16s_14ns_29s_29_4_1_U346 SOURCE ../dct.c:48 VARIABLE mul_ln48_260 LOOP {} BUNDLEDNAME {} DSP 1 BRAM 0 URAM 0 STORAGESUBTYPE {} DISPNAME {bind_op mul} VISIBLE true} {BINDTYPE op ID {} IMPL auto LATENCY 0 OPTYPE mul PRAGMA {} RTLNAME mul_16s_15s_29_1_1_U99 SOURCE ../dct.c:48 VARIABLE mul_ln48_261 LOOP {} BUNDLEDNAME {} DSP 1 BRAM 0 URAM 0 STORAGESUBTYPE {} DISPNAME {bind_op mul} VISIBLE true} {BINDTYPE op ID {} IMPL dsp_slice LATENCY 3 OPTYPE mul PRAGMA {} RTLNAME mac_muladd_16s_14ns_29s_29_4_1_U401 SOURCE ../dct.c:48 VARIABLE mul_ln48_262 LOOP {} BUNDLEDNAME {} DSP 1 BRAM 0 URAM 0 STORAGESUBTYPE {} DISPNAME {bind_op mul} VISIBLE true} {BINDTYPE op ID {} IMPL dsp_slice LATENCY 3 OPTYPE mul PRAGMA {} RTLNAME mac_muladd_17s_12ns_13ns_29_4_1_U402 SOURCE ../dct.c:46 VARIABLE tmp715 LOOP {} BUNDLEDNAME {} DSP 1 BRAM 0 URAM 0 STORAGESUBTYPE {} DISPNAME {bind_op mul} VISIBLE true} {BINDTYPE op ID {} IMPL dsp_slice LATENCY 3 OPTYPE mul PRAGMA {} RTLNAME mac_muladd_17s_13ns_29s_29_4_1_U403 SOURCE ../dct.c:48 VARIABLE mul_ln48_263 LOOP {} BUNDLEDNAME {} DSP 1 BRAM 0 URAM 0 STORAGESUBTYPE {} DISPNAME {bind_op mul} VISIBLE true} {BINDTYPE op ID {} IMPL dsp_slice LATENCY 3 OPTYPE add PRAGMA {} RTLNAME mac_muladd_16s_14ns_29s_29_4_1_U346 SOURCE ../dct.c:48 VARIABLE add_ln48_358 LOOP {} BUNDLEDNAME {} DSP 1 BRAM 0 URAM 0 STORAGESUBTYPE {} DISPNAME {bind_op add} VISIBLE true} {BINDTYPE op ID {} IMPL dsp_slice LATENCY 3 OPTYPE add PRAGMA {} RTLNAME mac_muladd_16s_14ns_29s_29_4_1_U401 SOURCE ../dct.c:48 VARIABLE add_ln48_359 LOOP {} BUNDLEDNAME {} DSP 1 BRAM 0 URAM 0 STORAGESUBTYPE {} DISPNAME {bind_op add} VISIBLE true} {BINDTYPE op ID {} IMPL dsp_slice LATENCY 3 OPTYPE add PRAGMA {} RTLNAME mac_muladd_17s_13ns_29s_29_4_1_U403 SOURCE ../dct.c:48 VARIABLE add_ln48_360 LOOP {} BUNDLEDNAME {} DSP 1 BRAM 0 URAM 0 STORAGESUBTYPE {} DISPNAME {bind_op add} VISIBLE true} {BINDTYPE op ID {} IMPL dsp_slice LATENCY 3 OPTYPE add PRAGMA {} RTLNAME mac_muladd_17s_12ns_13ns_29_4_1_U402 SOURCE ../dct.c:48 VARIABLE add_ln48_361 LOOP {} BUNDLEDNAME {} DSP 1 BRAM 0 URAM 0 STORAGESUBTYPE {} DISPNAME {bind_op add} VISIBLE true} {BINDTYPE op ID {} IMPL fabric LATENCY 0 OPTYPE add PRAGMA {} RTLNAME tmp719_fu_3699_p2 SOURCE ../dct.c:46 VARIABLE tmp719 LOOP {} BUNDLEDNAME {} DSP 0 BRAM 0 URAM 0 STORAGESUBTYPE {} DISPNAME {bind_op add} VISIBLE true} {BINDTYPE op ID {} IMPL fabric LATENCY 0 OPTYPE add PRAGMA {} RTLNAME tmp723_fu_4108_p2 SOURCE ../dct.c:46 VARIABLE tmp723 LOOP {} BUNDLEDNAME {} DSP 0 BRAM 0 URAM 0 STORAGESUBTYPE {} DISPNAME {bind_op add} VISIBLE true} {BINDTYPE op ID {} IMPL fabric LATENCY 0 OPTYPE add PRAGMA {} RTLNAME add_ln48_364_fu_4155_p2 SOURCE ../dct.c:48 VARIABLE add_ln48_364 LOOP {} BUNDLEDNAME {} DSP 0 BRAM 0 URAM 0 STORAGESUBTYPE {} DISPNAME {bind_op add} VISIBLE true} {BINDTYPE op ID {} IMPL auto LATENCY 0 OPTYPE mul PRAGMA {} RTLNAME mul_16s_15ns_29_1_1_U74 SOURCE ../dct.c:48 VARIABLE mul_ln48_264 LOOP {} BUNDLEDNAME {} DSP 1 BRAM 0 URAM 0 STORAGESUBTYPE {} DISPNAME {bind_op mul} VISIBLE true} {BINDTYPE op ID {} IMPL dsp_slice LATENCY 3 OPTYPE mul PRAGMA {} RTLNAME mac_muladd_16s_15s_13ns_29_4_1_U314 SOURCE ../dct.c:48 VARIABLE mul_ln48_265 LOOP {} BUNDLEDNAME {} DSP 1 BRAM 0 URAM 0 STORAGESUBTYPE {} DISPNAME {bind_op mul} VISIBLE true} {BINDTYPE op ID {} IMPL dsp_slice LATENCY 3 OPTYPE mul PRAGMA {} RTLNAME mac_muladd_16s_15s_29s_29_4_1_U315 SOURCE ../dct.c:48 VARIABLE mul_ln48_266 LOOP {} BUNDLEDNAME {} DSP 1 BRAM 0 URAM 0 STORAGESUBTYPE {} DISPNAME {bind_op mul} VISIBLE true} {BINDTYPE op ID {} IMPL dsp_slice LATENCY 3 OPTYPE mul PRAGMA {} RTLNAME mac_muladd_16s_14ns_29s_29_4_1_U330 SOURCE ../dct.c:48 VARIABLE mul_ln48_267 LOOP {} BUNDLEDNAME {} DSP 1 BRAM 0 URAM 0 STORAGESUBTYPE {} DISPNAME {bind_op mul} VISIBLE true} {BINDTYPE op ID {} IMPL dsp_slice LATENCY 3 OPTYPE sub PRAGMA {} RTLNAME ama_submuladd_16s_16s_12ns_29s_29_4_1_U316 SOURCE ../dct.c:46 VARIABLE tmp728 LOOP {} BUNDLEDNAME {} DSP 1 BRAM 0 URAM 0 STORAGESUBTYPE {} DISPNAME {bind_op sub} VISIBLE true} {BINDTYPE op ID {} IMPL dsp_slice LATENCY 3 OPTYPE sext PRAGMA {} RTLNAME ama_submuladd_16s_16s_12ns_29s_29_4_1_U316 SOURCE ../dct.c:46 VARIABLE tmp728_cast LOOP {} BUNDLEDNAME {} DSP 1 BRAM 0 URAM 0 STORAGESUBTYPE {} DISPNAME {bind_op sext} VISIBLE false} {BINDTYPE op ID {} IMPL dsp_slice LATENCY 3 OPTYPE mul PRAGMA {} RTLNAME ama_submuladd_16s_16s_12ns_29s_29_4_1_U316 SOURCE ../dct.c:46 VARIABLE tmp729 LOOP {} BUNDLEDNAME {} DSP 1 BRAM 0 URAM 0 STORAGESUBTYPE {} DISPNAME {bind_op mul} VISIBLE true} {BINDTYPE op ID {} IMPL fabric LATENCY 0 OPTYPE sub PRAGMA {} RTLNAME tmp731_fu_3717_p2 SOURCE ../dct.c:46 VARIABLE tmp731 LOOP {} BUNDLEDNAME {} DSP 0 BRAM 0 URAM 0 STORAGESUBTYPE {} DISPNAME {bind_op sub} VISIBLE true} {BINDTYPE op ID {} IMPL auto LATENCY 0 OPTYPE mul PRAGMA {} RTLNAME mul_17s_14ns_29_1_1_U84 SOURCE ../dct.c:48 VARIABLE mul_ln48_268 LOOP {} BUNDLEDNAME {} DSP 1 BRAM 0 URAM 0 STORAGESUBTYPE {} DISPNAME {bind_op mul} VISIBLE true} {BINDTYPE op ID {} IMPL dsp_slice LATENCY 3 OPTYPE add PRAGMA {} RTLNAME ama_submuladd_16s_16s_12ns_29s_29_4_1_U316 SOURCE ../dct.c:48 VARIABLE add_ln48_365 LOOP {} BUNDLEDNAME {} DSP 1 BRAM 0 URAM 0 STORAGESUBTYPE {} DISPNAME {bind_op add} VISIBLE true} {BINDTYPE op ID {} IMPL dsp_slice LATENCY 3 OPTYPE add PRAGMA {} RTLNAME mac_muladd_16s_14ns_29s_29_4_1_U330 SOURCE ../dct.c:48 VARIABLE add_ln48_366 LOOP {} BUNDLEDNAME {} DSP 1 BRAM 0 URAM 0 STORAGESUBTYPE {} DISPNAME {bind_op add} VISIBLE true} {BINDTYPE op ID {} IMPL dsp_slice LATENCY 3 OPTYPE add PRAGMA {} RTLNAME mac_muladd_16s_15s_29s_29_4_1_U315 SOURCE ../dct.c:48 VARIABLE add_ln48_367 LOOP {} BUNDLEDNAME {} DSP 1 BRAM 0 URAM 0 STORAGESUBTYPE {} DISPNAME {bind_op add} VISIBLE true} {BINDTYPE op ID {} IMPL dsp_slice LATENCY 3 OPTYPE add PRAGMA {} RTLNAME mac_muladd_16s_15s_13ns_29_4_1_U314 SOURCE ../dct.c:48 VARIABLE add_ln48_368 LOOP {} BUNDLEDNAME {} DSP 1 BRAM 0 URAM 0 STORAGESUBTYPE {} DISPNAME {bind_op add} VISIBLE true} {BINDTYPE op ID {} IMPL dsp_slice LATENCY 3 OPTYPE mul PRAGMA {} RTLNAME mac_muladd_18s_14ns_13ns_29_4_1_U331 SOURCE ../dct.c:48 VARIABLE tmp738_cast LOOP {} BUNDLEDNAME {} DSP 1 BRAM 0 URAM 0 STORAGESUBTYPE {} DISPNAME {bind_op mul} VISIBLE true} {BINDTYPE op ID {} IMPL fabric LATENCY 0 OPTYPE sub PRAGMA {} RTLNAME tmp741_fu_4190_p2 SOURCE ../dct.c:46 VARIABLE tmp741 LOOP {} BUNDLEDNAME {} DSP 0 BRAM 0 URAM 0 STORAGESUBTYPE {} DISPNAME {bind_op sub} VISIBLE true} {BINDTYPE op ID {} IMPL fabric LATENCY 0 OPTYPE sub PRAGMA {} RTLNAME tmp742_fu_4199_p2 SOURCE ../dct.c:46 VARIABLE tmp742 LOOP {} BUNDLEDNAME {} DSP 0 BRAM 0 URAM 0 STORAGESUBTYPE {} DISPNAME {bind_op sub} VISIBLE true} {BINDTYPE op ID {} IMPL dsp_slice LATENCY 3 OPTYPE add PRAGMA {} RTLNAME ama_addmuladd_18s_16s_13ns_29s_29_4_1_U347 SOURCE ../dct.c:46 VARIABLE tmp743 LOOP {} BUNDLEDNAME {} DSP 1 BRAM 0 URAM 0 STORAGESUBTYPE {} DISPNAME {bind_op add} VISIBLE true} {BINDTYPE op ID {} IMPL dsp_slice LATENCY 3 OPTYPE sext PRAGMA {} RTLNAME ama_addmuladd_18s_16s_13ns_29s_29_4_1_U347 SOURCE ../dct.c:48 VARIABLE sext_ln48_129 LOOP {} BUNDLEDNAME {} DSP 1 BRAM 0 URAM 0 STORAGESUBTYPE {} DISPNAME {bind_op sext} VISIBLE false} {BINDTYPE op ID {} IMPL dsp_slice LATENCY 3 OPTYPE mul PRAGMA {} RTLNAME ama_addmuladd_18s_16s_13ns_29s_29_4_1_U347 SOURCE ../dct.c:48 VARIABLE mul_ln48_269 LOOP {} BUNDLEDNAME {} DSP 1 BRAM 0 URAM 0 STORAGESUBTYPE {} DISPNAME {bind_op mul} VISIBLE true} {BINDTYPE op ID {} IMPL dsp_slice LATENCY 3 OPTYPE add PRAGMA {} RTLNAME mac_muladd_18s_14ns_13ns_29_4_1_U331 SOURCE ../dct.c:48 VARIABLE add_ln48_371 LOOP {} BUNDLEDNAME {} DSP 1 BRAM 0 URAM 0 STORAGESUBTYPE {} DISPNAME {bind_op add} VISIBLE true} {BINDTYPE op ID {} IMPL dsp_slice LATENCY 3 OPTYPE add PRAGMA {} RTLNAME ama_addmuladd_18s_16s_13ns_29s_29_4_1_U347 SOURCE ../dct.c:48 VARIABLE add_ln48_372 LOOP {} BUNDLEDNAME {} DSP 1 BRAM 0 URAM 0 STORAGESUBTYPE {} DISPNAME {bind_op add} VISIBLE true} {BINDTYPE op ID {} IMPL dsp_slice LATENCY 3 OPTYPE mul PRAGMA {} RTLNAME mac_muladd_16s_15s_13ns_29_4_1_U317 SOURCE ../dct.c:48 VARIABLE mul_ln48_270 LOOP {} BUNDLEDNAME {} DSP 1 BRAM 0 URAM 0 STORAGESUBTYPE {} DISPNAME {bind_op mul} VISIBLE true} {BINDTYPE op ID {} IMPL auto LATENCY 0 OPTYPE mul PRAGMA {} RTLNAME mul_16s_15ns_29_1_1_U85 SOURCE ../dct.c:48 VARIABLE mul_ln48_271 LOOP {} BUNDLEDNAME {} DSP 1 BRAM 0 URAM 0 STORAGESUBTYPE {} DISPNAME {bind_op mul} VISIBLE true} {BINDTYPE op ID {} IMPL auto LATENCY 0 OPTYPE mul PRAGMA {} RTLNAME mul_16s_15s_29_1_1_U86 SOURCE ../dct.c:48 VARIABLE mul_ln48_272 LOOP {} BUNDLEDNAME {} DSP 1 BRAM 0 URAM 0 STORAGESUBTYPE {} DISPNAME {bind_op mul} VISIBLE true} {BINDTYPE op ID {} IMPL dsp_slice LATENCY 3 OPTYPE mul PRAGMA {} RTLNAME mac_muladd_16s_14ns_29s_29_4_1_U332 SOURCE ../dct.c:48 VARIABLE mul_ln48_273 LOOP {} BUNDLEDNAME {} DSP 1 BRAM 0 URAM 0 STORAGESUBTYPE {} DISPNAME {bind_op mul} VISIBLE true} {BINDTYPE op ID {} IMPL fabric LATENCY 0 OPTYPE sub PRAGMA {} RTLNAME tmp746_fu_4205_p2 SOURCE ../dct.c:46 VARIABLE tmp746 LOOP {} BUNDLEDNAME {} DSP 0 BRAM 0 URAM 0 STORAGESUBTYPE {} DISPNAME {bind_op sub} VISIBLE true} {BINDTYPE op ID {} IMPL dsp_slice LATENCY 3 OPTYPE mul PRAGMA {} RTLNAME mac_muladd_17s_12ns_29s_29_4_1_U333 SOURCE ../dct.c:48 VARIABLE tmp747 LOOP {} BUNDLEDNAME {} DSP 1 BRAM 0 URAM 0 STORAGESUBTYPE {} DISPNAME {bind_op mul} VISIBLE true} {BINDTYPE op ID {} IMPL dsp_slice LATENCY 3 OPTYPE sub PRAGMA {} RTLNAME ama_submuladd_16s_16s_13ns_29s_29_4_1_U318 SOURCE ../dct.c:46 VARIABLE tmp749 LOOP {} BUNDLEDNAME {} DSP 1 BRAM 0 URAM 0 STORAGESUBTYPE {} DISPNAME {bind_op sub} VISIBLE true} {BINDTYPE op ID {} IMPL dsp_slice LATENCY 3 OPTYPE sext PRAGMA {} RTLNAME ama_submuladd_16s_16s_13ns_29s_29_4_1_U318 SOURCE ../dct.c:48 VARIABLE sext_ln48_133 LOOP {} BUNDLEDNAME {} DSP 1 BRAM 0 URAM 0 STORAGESUBTYPE {} DISPNAME {bind_op sext} VISIBLE false} {BINDTYPE op ID {} IMPL dsp_slice LATENCY 3 OPTYPE mul PRAGMA {} RTLNAME ama_submuladd_16s_16s_13ns_29s_29_4_1_U318 SOURCE ../dct.c:48 VARIABLE mul_ln48_274 LOOP {} BUNDLEDNAME {} DSP 1 BRAM 0 URAM 0 STORAGESUBTYPE {} DISPNAME {bind_op mul} VISIBLE true} {BINDTYPE op ID {} IMPL dsp_slice LATENCY 3 OPTYPE add PRAGMA {} RTLNAME ama_submuladd_16s_16s_13ns_29s_29_4_1_U318 SOURCE ../dct.c:48 VARIABLE add_ln48_373 LOOP {} BUNDLEDNAME {} DSP 1 BRAM 0 URAM 0 STORAGESUBTYPE {} DISPNAME {bind_op add} VISIBLE true} {BINDTYPE op ID {} IMPL dsp_slice LATENCY 3 OPTYPE add PRAGMA {} RTLNAME mac_muladd_16s_14ns_29s_29_4_1_U332 SOURCE ../dct.c:48 VARIABLE add_ln48_374 LOOP {} BUNDLEDNAME {} DSP 1 BRAM 0 URAM 0 STORAGESUBTYPE {} DISPNAME {bind_op add} VISIBLE true} {BINDTYPE op ID {} IMPL dsp_slice LATENCY 3 OPTYPE add PRAGMA {} RTLNAME mac_muladd_17s_12ns_29s_29_4_1_U333 SOURCE ../dct.c:48 VARIABLE add_ln48_375 LOOP {} BUNDLEDNAME {} DSP 1 BRAM 0 URAM 0 STORAGESUBTYPE {} DISPNAME {bind_op add} VISIBLE true} {BINDTYPE op ID {} IMPL dsp_slice LATENCY 3 OPTYPE add PRAGMA {} RTLNAME mac_muladd_16s_15s_13ns_29_4_1_U317 SOURCE ../dct.c:48 VARIABLE add_ln48_376 LOOP {} BUNDLEDNAME {} DSP 1 BRAM 0 URAM 0 STORAGESUBTYPE {} DISPNAME {bind_op add} VISIBLE true} {BINDTYPE op ID {} IMPL fabric LATENCY 0 OPTYPE add PRAGMA {} RTLNAME tmp751_fu_4215_p2 SOURCE ../dct.c:46 VARIABLE tmp751 LOOP {} BUNDLEDNAME {} DSP 0 BRAM 0 URAM 0 STORAGESUBTYPE {} DISPNAME {bind_op add} VISIBLE true} {BINDTYPE op ID {} IMPL fabric LATENCY 0 OPTYPE add PRAGMA {} RTLNAME add_ln48_379_fu_4224_p2 SOURCE ../dct.c:48 VARIABLE add_ln48_379 LOOP {} BUNDLEDNAME {} DSP 0 BRAM 0 URAM 0 STORAGESUBTYPE {} DISPNAME {bind_op add} VISIBLE true} {BINDTYPE op ID {} IMPL fabric LATENCY 0 OPTYPE sub PRAGMA {} RTLNAME sub_ln48_12_fu_4236_p2 SOURCE ../dct.c:48 VARIABLE sub_ln48_12 LOOP {} BUNDLEDNAME {} DSP 0 BRAM 0 URAM 0 STORAGESUBTYPE {} DISPNAME {bind_op sub} VISIBLE true} {BINDTYPE op ID {} IMPL dsp_slice LATENCY 3 OPTYPE mul PRAGMA {} RTLNAME mac_muladd_16s_15s_29s_29_4_1_U319 SOURCE ../dct.c:48 VARIABLE mul_ln48_275 LOOP {} BUNDLEDNAME {} DSP 1 BRAM 0 URAM 0 STORAGESUBTYPE {} DISPNAME {bind_op mul} VISIBLE true} {BINDTYPE op ID {} IMPL dsp_slice LATENCY 3 OPTYPE mul PRAGMA {} RTLNAME mac_muladd_16s_14ns_29s_29_4_1_U320 SOURCE ../dct.c:48 VARIABLE mul_ln48_276 LOOP {} BUNDLEDNAME {} DSP 1 BRAM 0 URAM 0 STORAGESUBTYPE {} DISPNAME {bind_op mul} VISIBLE true} {BINDTYPE op ID {} IMPL dsp_slice LATENCY 3 OPTYPE mul PRAGMA {} RTLNAME mac_muladd_16s_15s_29s_29_4_1_U284 SOURCE ../dct.c:48 VARIABLE mul_ln48_277 LOOP {} BUNDLEDNAME {} DSP 1 BRAM 0 URAM 0 STORAGESUBTYPE {} DISPNAME {bind_op mul} VISIBLE true} {BINDTYPE op ID {} IMPL auto LATENCY 0 OPTYPE mul PRAGMA {} RTLNAME mul_16s_15ns_29_1_1_U75 SOURCE ../dct.c:48 VARIABLE mul_ln48_278 LOOP {} BUNDLEDNAME {} DSP 1 BRAM 0 URAM 0 STORAGESUBTYPE {} DISPNAME {bind_op mul} VISIBLE true} {BINDTYPE op ID {} IMPL fabric LATENCY 0 OPTYPE sub PRAGMA {} RTLNAME tmp756_fu_4242_p2 SOURCE ../dct.c:46 VARIABLE tmp756 LOOP {} BUNDLEDNAME {} DSP 0 BRAM 0 URAM 0 STORAGESUBTYPE {} DISPNAME {bind_op sub} VISIBLE true} {BINDTYPE op ID {} IMPL dsp_slice LATENCY 3 OPTYPE mul PRAGMA {} RTLNAME mac_muladd_17s_13ns_13ns_29_4_1_U334 SOURCE ../dct.c:46 VARIABLE tmp757 LOOP {} BUNDLEDNAME {} DSP 1 BRAM 0 URAM 0 STORAGESUBTYPE {} DISPNAME {bind_op mul} VISIBLE true} {BINDTYPE op ID {} IMPL auto LATENCY 0 OPTYPE mul PRAGMA {} RTLNAME mul_17s_13ns_29_1_1_U87 SOURCE ../dct.c:48 VARIABLE mul_ln48_279 LOOP {} BUNDLEDNAME {} DSP 1 BRAM 0 URAM 0 STORAGESUBTYPE {} DISPNAME {bind_op mul} VISIBLE true} {BINDTYPE op ID {} IMPL dsp_slice LATENCY 3 OPTYPE add PRAGMA {} RTLNAME mac_muladd_16s_15s_29s_29_4_1_U284 SOURCE ../dct.c:48 VARIABLE add_ln48_381 LOOP {} BUNDLEDNAME {} DSP 1 BRAM 0 URAM 0 STORAGESUBTYPE {} DISPNAME {bind_op add} VISIBLE true} {BINDTYPE op ID {} IMPL dsp_slice LATENCY 3 OPTYPE add PRAGMA {} RTLNAME mac_muladd_16s_15s_29s_29_4_1_U319 SOURCE ../dct.c:48 VARIABLE add_ln48_382 LOOP {} BUNDLEDNAME {} DSP 1 BRAM 0 URAM 0 STORAGESUBTYPE {} DISPNAME {bind_op add} VISIBLE true} {BINDTYPE op ID {} IMPL dsp_slice LATENCY 3 OPTYPE add PRAGMA {} RTLNAME mac_muladd_16s_14ns_29s_29_4_1_U320 SOURCE ../dct.c:48 VARIABLE add_ln48_383 LOOP {} BUNDLEDNAME {} DSP 1 BRAM 0 URAM 0 STORAGESUBTYPE {} DISPNAME {bind_op add} VISIBLE true} {BINDTYPE op ID {} IMPL dsp_slice LATENCY 3 OPTYPE add PRAGMA {} RTLNAME mac_muladd_17s_13ns_13ns_29_4_1_U334 SOURCE ../dct.c:48 VARIABLE add_ln48_384 LOOP {} BUNDLEDNAME {} DSP 1 BRAM 0 URAM 0 STORAGESUBTYPE {} DISPNAME {bind_op add} VISIBLE true} {BINDTYPE op ID {} IMPL dsp_slice LATENCY 3 OPTYPE mul PRAGMA {} RTLNAME mac_muladd_18s_13ns_13ns_29_4_1_U335 SOURCE ../dct.c:48 VARIABLE tmp766_cast LOOP {} BUNDLEDNAME {} DSP 1 BRAM 0 URAM 0 STORAGESUBTYPE {} DISPNAME {bind_op mul} VISIBLE true} {BINDTYPE op ID {} IMPL fabric LATENCY 0 OPTYPE sub PRAGMA {} RTLNAME tmp770_fu_4252_p2 SOURCE ../dct.c:46 VARIABLE tmp770 LOOP {} BUNDLEDNAME {} DSP 0 BRAM 0 URAM 0 STORAGESUBTYPE {} DISPNAME {bind_op sub} VISIBLE true} {BINDTYPE op ID {} IMPL dsp_slice LATENCY 3 OPTYPE sub PRAGMA {} RTLNAME ama_submuladd_18s_16s_14ns_29s_29_4_1_U348 SOURCE ../dct.c:46 VARIABLE tmp771 LOOP {} BUNDLEDNAME {} DSP 1 BRAM 0 URAM 0 STORAGESUBTYPE {} DISPNAME {bind_op sub} VISIBLE true} {BINDTYPE op ID {} IMPL dsp_slice LATENCY 3 OPTYPE sext PRAGMA {} RTLNAME ama_submuladd_18s_16s_14ns_29s_29_4_1_U348 SOURCE ../dct.c:48 VARIABLE sext_ln48_136 LOOP {} BUNDLEDNAME {} DSP 1 BRAM 0 URAM 0 STORAGESUBTYPE {} DISPNAME {bind_op sext} VISIBLE false} {BINDTYPE op ID {} IMPL dsp_slice LATENCY 3 OPTYPE mul PRAGMA {} RTLNAME ama_submuladd_18s_16s_14ns_29s_29_4_1_U348 SOURCE ../dct.c:48 VARIABLE mul_ln48_280 LOOP {} BUNDLEDNAME {} DSP 1 BRAM 0 URAM 0 STORAGESUBTYPE {} DISPNAME {bind_op mul} VISIBLE true} {BINDTYPE op ID {} IMPL dsp_slice LATENCY 3 OPTYPE add PRAGMA {} RTLNAME mac_muladd_18s_13ns_13ns_29_4_1_U335 SOURCE ../dct.c:48 VARIABLE add_ln48_387 LOOP {} BUNDLEDNAME {} DSP 1 BRAM 0 URAM 0 STORAGESUBTYPE {} DISPNAME {bind_op add} VISIBLE true} {BINDTYPE op ID {} IMPL dsp_slice LATENCY 3 OPTYPE add PRAGMA {} RTLNAME ama_submuladd_18s_16s_14ns_29s_29_4_1_U348 SOURCE ../dct.c:48 VARIABLE add_ln48_388 LOOP {} BUNDLEDNAME {} DSP 1 BRAM 0 URAM 0 STORAGESUBTYPE {} DISPNAME {bind_op add} VISIBLE true} {BINDTYPE op ID {} IMPL auto LATENCY 0 OPTYPE mul PRAGMA {} RTLNAME mul_16s_15s_29_1_1_U88 SOURCE ../dct.c:48 VARIABLE mul_ln48_281 LOOP {} BUNDLEDNAME {} DSP 1 BRAM 0 URAM 0 STORAGESUBTYPE {} DISPNAME {bind_op mul} VISIBLE true} {BINDTYPE op ID {} IMPL dsp_slice LATENCY 3 OPTYPE mul PRAGMA {} RTLNAME mac_muladd_16s_14ns_29s_29_4_1_U285 SOURCE ../dct.c:48 VARIABLE mul_ln48_282 LOOP {} BUNDLEDNAME {} DSP 1 BRAM 0 URAM 0 STORAGESUBTYPE {} DISPNAME {bind_op mul} VISIBLE true} {BINDTYPE op ID {} IMPL auto LATENCY 0 OPTYPE mul PRAGMA {} RTLNAME mul_16s_15s_29_1_1_U76 SOURCE ../dct.c:48 VARIABLE mul_ln48_283 LOOP {} BUNDLEDNAME {} DSP 1 BRAM 0 URAM 0 STORAGESUBTYPE {} DISPNAME {bind_op mul} VISIBLE true} {BINDTYPE op ID {} IMPL dsp_slice LATENCY 3 OPTYPE mul PRAGMA {} RTLNAME mac_muladd_16s_14ns_29s_29_4_1_U321 SOURCE ../dct.c:48 VARIABLE mul_ln48_284 LOOP {} BUNDLEDNAME {} DSP 1 BRAM 0 URAM 0 STORAGESUBTYPE {} DISPNAME {bind_op mul} VISIBLE true} {BINDTYPE op ID {} IMPL dsp_slice LATENCY 3 OPTYPE mul PRAGMA {} RTLNAME mac_muladd_17s_12ns_13ns_29_4_1_U336 SOURCE ../dct.c:46 VARIABLE tmp775 LOOP {} BUNDLEDNAME {} DSP 1 BRAM 0 URAM 0 STORAGESUBTYPE {} DISPNAME {bind_op mul} VISIBLE true} {BINDTYPE op ID {} IMPL dsp_slice LATENCY 3 OPTYPE mul PRAGMA {} RTLNAME mac_muladd_17s_13ns_29s_29_4_1_U337 SOURCE ../dct.c:48 VARIABLE mul_ln48_285 LOOP {} BUNDLEDNAME {} DSP 1 BRAM 0 URAM 0 STORAGESUBTYPE {} DISPNAME {bind_op mul} VISIBLE true} {BINDTYPE op ID {} IMPL dsp_slice LATENCY 3 OPTYPE add PRAGMA {} RTLNAME mac_muladd_16s_14ns_29s_29_4_1_U285 SOURCE ../dct.c:48 VARIABLE add_ln48_389 LOOP {} BUNDLEDNAME {} DSP 1 BRAM 0 URAM 0 STORAGESUBTYPE {} DISPNAME {bind_op add} VISIBLE true} {BINDTYPE op ID {} IMPL dsp_slice LATENCY 3 OPTYPE add PRAGMA {} RTLNAME mac_muladd_16s_14ns_29s_29_4_1_U321 SOURCE ../dct.c:48 VARIABLE add_ln48_390 LOOP {} BUNDLEDNAME {} DSP 1 BRAM 0 URAM 0 STORAGESUBTYPE {} DISPNAME {bind_op add} VISIBLE true} {BINDTYPE op ID {} IMPL dsp_slice LATENCY 3 OPTYPE add PRAGMA {} RTLNAME mac_muladd_17s_13ns_29s_29_4_1_U337 SOURCE ../dct.c:48 VARIABLE add_ln48_391 LOOP {} BUNDLEDNAME {} DSP 1 BRAM 0 URAM 0 STORAGESUBTYPE {} DISPNAME {bind_op add} VISIBLE true} {BINDTYPE op ID {} IMPL dsp_slice LATENCY 3 OPTYPE add PRAGMA {} RTLNAME mac_muladd_17s_12ns_13ns_29_4_1_U336 SOURCE ../dct.c:48 VARIABLE add_ln48_392 LOOP {} BUNDLEDNAME {} DSP 1 BRAM 0 URAM 0 STORAGESUBTYPE {} DISPNAME {bind_op add} VISIBLE true} {BINDTYPE op ID {} IMPL fabric LATENCY 0 OPTYPE add PRAGMA {} RTLNAME tmp779_fu_5169_p2 SOURCE ../dct.c:46 VARIABLE tmp779 LOOP {} BUNDLEDNAME {} DSP 0 BRAM 0 URAM 0 STORAGESUBTYPE {} DISPNAME {bind_op add} VISIBLE true} {BINDTYPE op ID {} IMPL fabric LATENCY 0 OPTYPE add PRAGMA {} RTLNAME tmp783_fu_5867_p2 SOURCE ../dct.c:46 VARIABLE tmp783 LOOP {} BUNDLEDNAME {} DSP 0 BRAM 0 URAM 0 STORAGESUBTYPE {} DISPNAME {bind_op add} VISIBLE true} {BINDTYPE op ID {} IMPL fabric LATENCY 0 OPTYPE add PRAGMA {} RTLNAME add_ln48_395_fu_5916_p2 SOURCE ../dct.c:48 VARIABLE add_ln48_395 LOOP {} BUNDLEDNAME {} DSP 0 BRAM 0 URAM 0 STORAGESUBTYPE {} DISPNAME {bind_op add} VISIBLE true} {BINDTYPE op ID {} IMPL auto LATENCY 0 OPTYPE mul PRAGMA {} RTLNAME mul_16s_15ns_29_1_1_U92 SOURCE ../dct.c:48 VARIABLE mul_ln48_286 LOOP {} BUNDLEDNAME {} DSP 1 BRAM 0 URAM 0 STORAGESUBTYPE {} DISPNAME {bind_op mul} VISIBLE true} {BINDTYPE op ID {} IMPL dsp_slice LATENCY 3 OPTYPE mul PRAGMA {} RTLNAME mac_muladd_16s_15s_13ns_29_4_1_U373 SOURCE ../dct.c:48 VARIABLE mul_ln48_287 LOOP {} BUNDLEDNAME {} DSP 1 BRAM 0 URAM 0 STORAGESUBTYPE {} DISPNAME {bind_op mul} VISIBLE true} {BINDTYPE op ID {} IMPL dsp_slice LATENCY 3 OPTYPE mul PRAGMA {} RTLNAME mac_muladd_16s_15s_29s_29_4_1_U374 SOURCE ../dct.c:48 VARIABLE mul_ln48_288 LOOP {} BUNDLEDNAME {} DSP 1 BRAM 0 URAM 0 STORAGESUBTYPE {} DISPNAME {bind_op mul} VISIBLE true} {BINDTYPE op ID {} IMPL dsp_slice LATENCY 3 OPTYPE mul PRAGMA {} RTLNAME mac_muladd_16s_14ns_29s_29_4_1_U425 SOURCE ../dct.c:48 VARIABLE mul_ln48_289 LOOP {} BUNDLEDNAME {} DSP 1 BRAM 0 URAM 0 STORAGESUBTYPE {} DISPNAME {bind_op mul} VISIBLE true} {BINDTYPE op ID {} IMPL dsp_slice LATENCY 3 OPTYPE sub PRAGMA {} RTLNAME ama_submuladd_16s_16s_12ns_29s_29_4_1_U375 SOURCE ../dct.c:46 VARIABLE tmp788 LOOP {} BUNDLEDNAME {} DSP 1 BRAM 0 URAM 0 STORAGESUBTYPE {} DISPNAME {bind_op sub} VISIBLE true} {BINDTYPE op ID {} IMPL dsp_slice LATENCY 3 OPTYPE sext PRAGMA {} RTLNAME ama_submuladd_16s_16s_12ns_29s_29_4_1_U375 SOURCE ../dct.c:46 VARIABLE tmp788_cast LOOP {} BUNDLEDNAME {} DSP 1 BRAM 0 URAM 0 STORAGESUBTYPE {} DISPNAME {bind_op sext} VISIBLE false} {BINDTYPE op ID {} IMPL dsp_slice LATENCY 3 OPTYPE mul PRAGMA {} RTLNAME ama_submuladd_16s_16s_12ns_29s_29_4_1_U375 SOURCE ../dct.c:46 VARIABLE tmp789 LOOP {} BUNDLEDNAME {} DSP 1 BRAM 0 URAM 0 STORAGESUBTYPE {} DISPNAME {bind_op mul} VISIBLE true} {BINDTYPE op ID {} IMPL fabric LATENCY 0 OPTYPE sub PRAGMA {} RTLNAME tmp791_fu_5932_p2 SOURCE ../dct.c:46 VARIABLE tmp791 LOOP {} BUNDLEDNAME {} DSP 0 BRAM 0 URAM 0 STORAGESUBTYPE {} DISPNAME {bind_op sub} VISIBLE true} {BINDTYPE op ID {} IMPL auto LATENCY 0 OPTYPE mul PRAGMA {} RTLNAME mul_17s_14ns_29_1_1_U124 SOURCE ../dct.c:48 VARIABLE mul_ln48_290 LOOP {} BUNDLEDNAME {} DSP 1 BRAM 0 URAM 0 STORAGESUBTYPE {} DISPNAME {bind_op mul} VISIBLE true} {BINDTYPE op ID {} IMPL dsp_slice LATENCY 3 OPTYPE add PRAGMA {} RTLNAME ama_submuladd_16s_16s_12ns_29s_29_4_1_U375 SOURCE ../dct.c:48 VARIABLE add_ln48_396 LOOP {} BUNDLEDNAME {} DSP 1 BRAM 0 URAM 0 STORAGESUBTYPE {} DISPNAME {bind_op add} VISIBLE true} {BINDTYPE op ID {} IMPL dsp_slice LATENCY 3 OPTYPE add PRAGMA {} RTLNAME mac_muladd_16s_14ns_29s_29_4_1_U425 SOURCE ../dct.c:48 VARIABLE add_ln48_397 LOOP {} BUNDLEDNAME {} DSP 1 BRAM 0 URAM 0 STORAGESUBTYPE {} DISPNAME {bind_op add} VISIBLE true} {BINDTYPE op ID {} IMPL dsp_slice LATENCY 3 OPTYPE add PRAGMA {} RTLNAME mac_muladd_16s_15s_29s_29_4_1_U374 SOURCE ../dct.c:48 VARIABLE add_ln48_398 LOOP {} BUNDLEDNAME {} DSP 1 BRAM 0 URAM 0 STORAGESUBTYPE {} DISPNAME {bind_op add} VISIBLE true} {BINDTYPE op ID {} IMPL dsp_slice LATENCY 3 OPTYPE add PRAGMA {} RTLNAME mac_muladd_16s_15s_13ns_29_4_1_U373 SOURCE ../dct.c:48 VARIABLE add_ln48_399 LOOP {} BUNDLEDNAME {} DSP 1 BRAM 0 URAM 0 STORAGESUBTYPE {} DISPNAME {bind_op add} VISIBLE true} {BINDTYPE op ID {} IMPL dsp_slice LATENCY 3 OPTYPE mul PRAGMA {} RTLNAME mac_muladd_18s_14ns_13ns_29_4_1_U404 SOURCE ../dct.c:48 VARIABLE tmp798_cast LOOP {} BUNDLEDNAME {} DSP 1 BRAM 0 URAM 0 STORAGESUBTYPE {} DISPNAME {bind_op mul} VISIBLE true} {BINDTYPE op ID {} IMPL fabric LATENCY 0 OPTYPE sub PRAGMA {} RTLNAME tmp801_fu_5964_p2 SOURCE ../dct.c:46 VARIABLE tmp801 LOOP {} BUNDLEDNAME {} DSP 0 BRAM 0 URAM 0 STORAGESUBTYPE {} DISPNAME {bind_op sub} VISIBLE true} {BINDTYPE op ID {} IMPL fabric LATENCY 0 OPTYPE sub PRAGMA {} RTLNAME tmp802_fu_5974_p2 SOURCE ../dct.c:46 VARIABLE tmp802 LOOP {} BUNDLEDNAME {} DSP 0 BRAM 0 URAM 0 STORAGESUBTYPE {} DISPNAME {bind_op sub} VISIBLE true} {BINDTYPE op ID {} IMPL dsp_slice LATENCY 3 OPTYPE add PRAGMA {} RTLNAME ama_addmuladd_18s_16s_13ns_29s_29_4_1_U445 SOURCE ../dct.c:46 VARIABLE tmp803 LOOP {} BUNDLEDNAME {} DSP 1 BRAM 0 URAM 0 STORAGESUBTYPE {} DISPNAME {bind_op add} VISIBLE true} {BINDTYPE op ID {} IMPL dsp_slice LATENCY 3 OPTYPE sext PRAGMA {} RTLNAME ama_addmuladd_18s_16s_13ns_29s_29_4_1_U445 SOURCE ../dct.c:48 VARIABLE sext_ln48_142 LOOP {} BUNDLEDNAME {} DSP 1 BRAM 0 URAM 0 STORAGESUBTYPE {} DISPNAME {bind_op sext} VISIBLE false} {BINDTYPE op ID {} IMPL dsp_slice LATENCY 3 OPTYPE mul PRAGMA {} RTLNAME ama_addmuladd_18s_16s_13ns_29s_29_4_1_U445 SOURCE ../dct.c:48 VARIABLE mul_ln48_291 LOOP {} BUNDLEDNAME {} DSP 1 BRAM 0 URAM 0 STORAGESUBTYPE {} DISPNAME {bind_op mul} VISIBLE true} {BINDTYPE op ID {} IMPL dsp_slice LATENCY 3 OPTYPE add PRAGMA {} RTLNAME mac_muladd_18s_14ns_13ns_29_4_1_U404 SOURCE ../dct.c:48 VARIABLE add_ln48_402 LOOP {} BUNDLEDNAME {} DSP 1 BRAM 0 URAM 0 STORAGESUBTYPE {} DISPNAME {bind_op add} VISIBLE true} {BINDTYPE op ID {} IMPL dsp_slice LATENCY 3 OPTYPE add PRAGMA {} RTLNAME ama_addmuladd_18s_16s_13ns_29s_29_4_1_U445 SOURCE ../dct.c:48 VARIABLE add_ln48_403 LOOP {} BUNDLEDNAME {} DSP 1 BRAM 0 URAM 0 STORAGESUBTYPE {} DISPNAME {bind_op add} VISIBLE true} {BINDTYPE op ID {} IMPL dsp_slice LATENCY 3 OPTYPE mul PRAGMA {} RTLNAME mac_muladd_16s_15s_13ns_29_4_1_U376 SOURCE ../dct.c:48 VARIABLE mul_ln48_292 LOOP {} BUNDLEDNAME {} DSP 1 BRAM 0 URAM 0 STORAGESUBTYPE {} DISPNAME {bind_op mul} VISIBLE true} {BINDTYPE op ID {} IMPL auto LATENCY 0 OPTYPE mul PRAGMA {} RTLNAME mul_16s_15ns_29_1_1_U125 SOURCE ../dct.c:48 VARIABLE mul_ln48_293 LOOP {} BUNDLEDNAME {} DSP 1 BRAM 0 URAM 0 STORAGESUBTYPE {} DISPNAME {bind_op mul} VISIBLE true} {BINDTYPE op ID {} IMPL auto LATENCY 0 OPTYPE mul PRAGMA {} RTLNAME mul_16s_15s_29_1_1_U100 SOURCE ../dct.c:48 VARIABLE mul_ln48_294 LOOP {} BUNDLEDNAME {} DSP 1 BRAM 0 URAM 0 STORAGESUBTYPE {} DISPNAME {bind_op mul} VISIBLE true} {BINDTYPE op ID {} IMPL dsp_slice LATENCY 3 OPTYPE mul PRAGMA {} RTLNAME mac_muladd_16s_14ns_29s_29_4_1_U446 SOURCE ../dct.c:48 VARIABLE mul_ln48_295 LOOP {} BUNDLEDNAME {} DSP 1 BRAM 0 URAM 0 STORAGESUBTYPE {} DISPNAME {bind_op mul} VISIBLE true} {BINDTYPE op ID {} IMPL fabric LATENCY 0 OPTYPE sub PRAGMA {} RTLNAME tmp806_fu_5989_p2 SOURCE ../dct.c:46 VARIABLE tmp806 LOOP {} BUNDLEDNAME {} DSP 0 BRAM 0 URAM 0 STORAGESUBTYPE {} DISPNAME {bind_op sub} VISIBLE true} {BINDTYPE op ID {} IMPL dsp_slice LATENCY 3 OPTYPE mul PRAGMA {} RTLNAME mac_muladd_17s_12ns_29s_29_4_1_U405 SOURCE ../dct.c:48 VARIABLE tmp807 LOOP {} BUNDLEDNAME {} DSP 1 BRAM 0 URAM 0 STORAGESUBTYPE {} DISPNAME {bind_op mul} VISIBLE true} {BINDTYPE op ID {} IMPL dsp_slice LATENCY 3 OPTYPE sub PRAGMA {} RTLNAME ama_submuladd_16s_16s_13ns_29s_29_4_1_U377 SOURCE ../dct.c:46 VARIABLE tmp809 LOOP {} BUNDLEDNAME {} DSP 1 BRAM 0 URAM 0 STORAGESUBTYPE {} DISPNAME {bind_op sub} VISIBLE true} {BINDTYPE op ID {} IMPL dsp_slice LATENCY 3 OPTYPE sext PRAGMA {} RTLNAME ama_submuladd_16s_16s_13ns_29s_29_4_1_U377 SOURCE ../dct.c:48 VARIABLE sext_ln48_146 LOOP {} BUNDLEDNAME {} DSP 1 BRAM 0 URAM 0 STORAGESUBTYPE {} DISPNAME {bind_op sext} VISIBLE false} {BINDTYPE op ID {} IMPL dsp_slice LATENCY 3 OPTYPE mul PRAGMA {} RTLNAME ama_submuladd_16s_16s_13ns_29s_29_4_1_U377 SOURCE ../dct.c:48 VARIABLE mul_ln48_296 LOOP {} BUNDLEDNAME {} DSP 1 BRAM 0 URAM 0 STORAGESUBTYPE {} DISPNAME {bind_op mul} VISIBLE true} {BINDTYPE op ID {} IMPL dsp_slice LATENCY 3 OPTYPE add PRAGMA {} RTLNAME ama_submuladd_16s_16s_13ns_29s_29_4_1_U377 SOURCE ../dct.c:48 VARIABLE add_ln48_404 LOOP {} BUNDLEDNAME {} DSP 1 BRAM 0 URAM 0 STORAGESUBTYPE {} DISPNAME {bind_op add} VISIBLE true} {BINDTYPE op ID {} IMPL dsp_slice LATENCY 3 OPTYPE add PRAGMA {} RTLNAME mac_muladd_16s_14ns_29s_29_4_1_U446 SOURCE ../dct.c:48 VARIABLE add_ln48_405 LOOP {} BUNDLEDNAME {} DSP 1 BRAM 0 URAM 0 STORAGESUBTYPE {} DISPNAME {bind_op add} VISIBLE true} {BINDTYPE op ID {} IMPL dsp_slice LATENCY 3 OPTYPE add PRAGMA {} RTLNAME mac_muladd_17s_12ns_29s_29_4_1_U405 SOURCE ../dct.c:48 VARIABLE add_ln48_406 LOOP {} BUNDLEDNAME {} DSP 1 BRAM 0 URAM 0 STORAGESUBTYPE {} DISPNAME {bind_op add} VISIBLE true} {BINDTYPE op ID {} IMPL dsp_slice LATENCY 3 OPTYPE add PRAGMA {} RTLNAME mac_muladd_16s_15s_13ns_29_4_1_U376 SOURCE ../dct.c:48 VARIABLE add_ln48_407 LOOP {} BUNDLEDNAME {} DSP 1 BRAM 0 URAM 0 STORAGESUBTYPE {} DISPNAME {bind_op add} VISIBLE true} {BINDTYPE op ID {} IMPL fabric LATENCY 0 OPTYPE add PRAGMA {} RTLNAME tmp811_fu_5999_p2 SOURCE ../dct.c:46 VARIABLE tmp811 LOOP {} BUNDLEDNAME {} DSP 0 BRAM 0 URAM 0 STORAGESUBTYPE {} DISPNAME {bind_op add} VISIBLE true} {BINDTYPE op ID {} IMPL fabric LATENCY 0 OPTYPE add PRAGMA {} RTLNAME add_ln48_410_fu_6009_p2 SOURCE ../dct.c:48 VARIABLE add_ln48_410 LOOP {} BUNDLEDNAME {} DSP 0 BRAM 0 URAM 0 STORAGESUBTYPE {} DISPNAME {bind_op add} VISIBLE true} {BINDTYPE op ID {} IMPL fabric LATENCY 0 OPTYPE sub PRAGMA {} RTLNAME sub_ln48_13_fu_6021_p2 SOURCE ../dct.c:48 VARIABLE sub_ln48_13 LOOP {} BUNDLEDNAME {} DSP 0 BRAM 0 URAM 0 STORAGESUBTYPE {} DISPNAME {bind_op sub} VISIBLE true} {BINDTYPE op ID {} IMPL dsp_slice LATENCY 3 OPTYPE mul PRAGMA {} RTLNAME mac_muladd_16s_15s_29s_29_4_1_U406 SOURCE ../dct.c:48 VARIABLE mul_ln48_297 LOOP {} BUNDLEDNAME {} DSP 1 BRAM 0 URAM 0 STORAGESUBTYPE {} DISPNAME {bind_op mul} VISIBLE true} {BINDTYPE op ID {} IMPL dsp_slice LATENCY 3 OPTYPE mul PRAGMA {} RTLNAME mac_muladd_16s_14ns_29s_29_4_1_U378 SOURCE ../dct.c:48 VARIABLE mul_ln48_298 LOOP {} BUNDLEDNAME {} DSP 1 BRAM 0 URAM 0 STORAGESUBTYPE {} DISPNAME {bind_op mul} VISIBLE true} {BINDTYPE op ID {} IMPL dsp_slice LATENCY 3 OPTYPE mul PRAGMA {} RTLNAME mac_muladd_16s_15s_29s_29_4_1_U349 SOURCE ../dct.c:48 VARIABLE mul_ln48_299 LOOP {} BUNDLEDNAME {} DSP 1 BRAM 0 URAM 0 STORAGESUBTYPE {} DISPNAME {bind_op mul} VISIBLE true} {BINDTYPE op ID {} IMPL auto LATENCY 0 OPTYPE mul PRAGMA {} RTLNAME mul_16s_15ns_29_1_1_U101 SOURCE ../dct.c:48 VARIABLE mul_ln48_300 LOOP {} BUNDLEDNAME {} DSP 1 BRAM 0 URAM 0 STORAGESUBTYPE {} DISPNAME {bind_op mul} VISIBLE true} {BINDTYPE op ID {} IMPL fabric LATENCY 0 OPTYPE sub PRAGMA {} RTLNAME tmp816_fu_6027_p2 SOURCE ../dct.c:46 VARIABLE tmp816 LOOP {} BUNDLEDNAME {} DSP 0 BRAM 0 URAM 0 STORAGESUBTYPE {} DISPNAME {bind_op sub} VISIBLE true} {BINDTYPE op ID {} IMPL dsp_slice LATENCY 3 OPTYPE mul PRAGMA {} RTLNAME mac_muladd_17s_13ns_13ns_29_4_1_U407 SOURCE ../dct.c:46 VARIABLE tmp817 LOOP {} BUNDLEDNAME {} DSP 1 BRAM 0 URAM 0 STORAGESUBTYPE {} DISPNAME {bind_op mul} VISIBLE true} {BINDTYPE op ID {} IMPL auto LATENCY 0 OPTYPE mul PRAGMA {} RTLNAME mul_17s_13ns_29_1_1_U127 SOURCE ../dct.c:48 VARIABLE mul_ln48_301 LOOP {} BUNDLEDNAME {} DSP 1 BRAM 0 URAM 0 STORAGESUBTYPE {} DISPNAME {bind_op mul} VISIBLE true} {BINDTYPE op ID {} IMPL dsp_slice LATENCY 3 OPTYPE add PRAGMA {} RTLNAME mac_muladd_16s_15s_29s_29_4_1_U349 SOURCE ../dct.c:48 VARIABLE add_ln48_412 LOOP {} BUNDLEDNAME {} DSP 1 BRAM 0 URAM 0 STORAGESUBTYPE {} DISPNAME {bind_op add} VISIBLE true} {BINDTYPE op ID {} IMPL dsp_slice LATENCY 3 OPTYPE add PRAGMA {} RTLNAME mac_muladd_16s_15s_29s_29_4_1_U406 SOURCE ../dct.c:48 VARIABLE add_ln48_413 LOOP {} BUNDLEDNAME {} DSP 1 BRAM 0 URAM 0 STORAGESUBTYPE {} DISPNAME {bind_op add} VISIBLE true} {BINDTYPE op ID {} IMPL dsp_slice LATENCY 3 OPTYPE add PRAGMA {} RTLNAME mac_muladd_16s_14ns_29s_29_4_1_U378 SOURCE ../dct.c:48 VARIABLE add_ln48_414 LOOP {} BUNDLEDNAME {} DSP 1 BRAM 0 URAM 0 STORAGESUBTYPE {} DISPNAME {bind_op add} VISIBLE true} {BINDTYPE op ID {} IMPL dsp_slice LATENCY 3 OPTYPE add PRAGMA {} RTLNAME mac_muladd_17s_13ns_13ns_29_4_1_U407 SOURCE ../dct.c:48 VARIABLE add_ln48_415 LOOP {} BUNDLEDNAME {} DSP 1 BRAM 0 URAM 0 STORAGESUBTYPE {} DISPNAME {bind_op add} VISIBLE true} {BINDTYPE op ID {} IMPL dsp_slice LATENCY 3 OPTYPE mul PRAGMA {} RTLNAME mac_muladd_18s_13ns_13ns_29_4_1_U408 SOURCE ../dct.c:48 VARIABLE tmp826_cast LOOP {} BUNDLEDNAME {} DSP 1 BRAM 0 URAM 0 STORAGESUBTYPE {} DISPNAME {bind_op mul} VISIBLE true} {BINDTYPE op ID {} IMPL fabric LATENCY 0 OPTYPE sub PRAGMA {} RTLNAME tmp830_fu_6037_p2 SOURCE ../dct.c:46 VARIABLE tmp830 LOOP {} BUNDLEDNAME {} DSP 0 BRAM 0 URAM 0 STORAGESUBTYPE {} DISPNAME {bind_op sub} VISIBLE true} {BINDTYPE op ID {} IMPL dsp_slice LATENCY 3 OPTYPE sub PRAGMA {} RTLNAME ama_submuladd_18s_16s_14ns_29s_29_4_1_U447 SOURCE ../dct.c:46 VARIABLE tmp831 LOOP {} BUNDLEDNAME {} DSP 1 BRAM 0 URAM 0 STORAGESUBTYPE {} DISPNAME {bind_op sub} VISIBLE true} {BINDTYPE op ID {} IMPL dsp_slice LATENCY 3 OPTYPE sext PRAGMA {} RTLNAME ama_submuladd_18s_16s_14ns_29s_29_4_1_U447 SOURCE ../dct.c:48 VARIABLE sext_ln48_149 LOOP {} BUNDLEDNAME {} DSP 1 BRAM 0 URAM 0 STORAGESUBTYPE {} DISPNAME {bind_op sext} VISIBLE false} {BINDTYPE op ID {} IMPL dsp_slice LATENCY 3 OPTYPE mul PRAGMA {} RTLNAME ama_submuladd_18s_16s_14ns_29s_29_4_1_U447 SOURCE ../dct.c:48 VARIABLE mul_ln48_302 LOOP {} BUNDLEDNAME {} DSP 1 BRAM 0 URAM 0 STORAGESUBTYPE {} DISPNAME {bind_op mul} VISIBLE true} {BINDTYPE op ID {} IMPL dsp_slice LATENCY 3 OPTYPE add PRAGMA {} RTLNAME mac_muladd_18s_13ns_13ns_29_4_1_U408 SOURCE ../dct.c:48 VARIABLE add_ln48_418 LOOP {} BUNDLEDNAME {} DSP 1 BRAM 0 URAM 0 STORAGESUBTYPE {} DISPNAME {bind_op add} VISIBLE true} {BINDTYPE op ID {} IMPL dsp_slice LATENCY 3 OPTYPE add PRAGMA {} RTLNAME ama_submuladd_18s_16s_14ns_29s_29_4_1_U447 SOURCE ../dct.c:48 VARIABLE add_ln48_419 LOOP {} BUNDLEDNAME {} DSP 1 BRAM 0 URAM 0 STORAGESUBTYPE {} DISPNAME {bind_op add} VISIBLE true} {BINDTYPE op ID {} IMPL auto LATENCY 0 OPTYPE mul PRAGMA {} RTLNAME mul_16s_15s_29_1_1_U128 SOURCE ../dct.c:48 VARIABLE mul_ln48_303 LOOP {} BUNDLEDNAME {} DSP 1 BRAM 0 URAM 0 STORAGESUBTYPE {} DISPNAME {bind_op mul} VISIBLE true} {BINDTYPE op ID {} IMPL dsp_slice LATENCY 3 OPTYPE mul PRAGMA {} RTLNAME mac_muladd_16s_14ns_29s_29_4_1_U350 SOURCE ../dct.c:48 VARIABLE mul_ln48_304 LOOP {} BUNDLEDNAME {} DSP 1 BRAM 0 URAM 0 STORAGESUBTYPE {} DISPNAME {bind_op mul} VISIBLE true} {BINDTYPE op ID {} IMPL auto LATENCY 0 OPTYPE mul PRAGMA {} RTLNAME mul_16s_15s_29_1_1_U102 SOURCE ../dct.c:48 VARIABLE mul_ln48_305 LOOP {} BUNDLEDNAME {} DSP 1 BRAM 0 URAM 0 STORAGESUBTYPE {} DISPNAME {bind_op mul} VISIBLE true} {BINDTYPE op ID {} IMPL dsp_slice LATENCY 3 OPTYPE mul PRAGMA {} RTLNAME mac_muladd_16s_14ns_29s_29_4_1_U426 SOURCE ../dct.c:48 VARIABLE mul_ln48_306 LOOP {} BUNDLEDNAME {} DSP 1 BRAM 0 URAM 0 STORAGESUBTYPE {} DISPNAME {bind_op mul} VISIBLE true} {BINDTYPE op ID {} IMPL dsp_slice LATENCY 3 OPTYPE mul PRAGMA {} RTLNAME mac_muladd_17s_12ns_13ns_29_4_1_U427 SOURCE ../dct.c:46 VARIABLE tmp835 LOOP {} BUNDLEDNAME {} DSP 1 BRAM 0 URAM 0 STORAGESUBTYPE {} DISPNAME {bind_op mul} VISIBLE true} {BINDTYPE op ID {} IMPL dsp_slice LATENCY 3 OPTYPE mul PRAGMA {} RTLNAME mac_muladd_17s_13ns_29s_29_4_1_U428 SOURCE ../dct.c:48 VARIABLE mul_ln48_307 LOOP {} BUNDLEDNAME {} DSP 1 BRAM 0 URAM 0 STORAGESUBTYPE {} DISPNAME {bind_op mul} VISIBLE true} {BINDTYPE op ID {} IMPL dsp_slice LATENCY 3 OPTYPE add PRAGMA {} RTLNAME mac_muladd_16s_14ns_29s_29_4_1_U350 SOURCE ../dct.c:48 VARIABLE add_ln48_420 LOOP {} BUNDLEDNAME {} DSP 1 BRAM 0 URAM 0 STORAGESUBTYPE {} DISPNAME {bind_op add} VISIBLE true} {BINDTYPE op ID {} IMPL dsp_slice LATENCY 3 OPTYPE add PRAGMA {} RTLNAME mac_muladd_16s_14ns_29s_29_4_1_U426 SOURCE ../dct.c:48 VARIABLE add_ln48_421 LOOP {} BUNDLEDNAME {} DSP 1 BRAM 0 URAM 0 STORAGESUBTYPE {} DISPNAME {bind_op add} VISIBLE true} {BINDTYPE op ID {} IMPL dsp_slice LATENCY 3 OPTYPE add PRAGMA {} RTLNAME mac_muladd_17s_13ns_29s_29_4_1_U428 SOURCE ../dct.c:48 VARIABLE add_ln48_422 LOOP {} BUNDLEDNAME {} DSP 1 BRAM 0 URAM 0 STORAGESUBTYPE {} DISPNAME {bind_op add} VISIBLE true} {BINDTYPE op ID {} IMPL dsp_slice LATENCY 3 OPTYPE add PRAGMA {} RTLNAME mac_muladd_17s_12ns_13ns_29_4_1_U427 SOURCE ../dct.c:48 VARIABLE add_ln48_423 LOOP {} BUNDLEDNAME {} DSP 1 BRAM 0 URAM 0 STORAGESUBTYPE {} DISPNAME {bind_op add} VISIBLE true} {BINDTYPE op ID {} IMPL fabric LATENCY 0 OPTYPE add PRAGMA {} RTLNAME tmp839_fu_4667_p2 SOURCE ../dct.c:46 VARIABLE tmp839 LOOP {} BUNDLEDNAME {} DSP 0 BRAM 0 URAM 0 STORAGESUBTYPE {} DISPNAME {bind_op add} VISIBLE true} {BINDTYPE op ID {} IMPL fabric LATENCY 0 OPTYPE add PRAGMA {} RTLNAME tmp843_fu_6415_p2 SOURCE ../dct.c:46 VARIABLE tmp843 LOOP {} BUNDLEDNAME {} DSP 0 BRAM 0 URAM 0 STORAGESUBTYPE {} DISPNAME {bind_op add} VISIBLE true} {BINDTYPE op ID {} IMPL fabric LATENCY 0 OPTYPE add PRAGMA {} RTLNAME add_ln48_426_fu_6454_p2 SOURCE ../dct.c:48 VARIABLE add_ln48_426 LOOP {} BUNDLEDNAME {} DSP 0 BRAM 0 URAM 0 STORAGESUBTYPE {} DISPNAME {bind_op add} VISIBLE true} {BINDTYPE op ID {} IMPL auto LATENCY 0 OPTYPE mul PRAGMA {} RTLNAME mul_16s_15ns_29_1_1_U103 SOURCE ../dct.c:48 VARIABLE mul_ln48_308 LOOP {} BUNDLEDNAME {} DSP 1 BRAM 0 URAM 0 STORAGESUBTYPE {} DISPNAME {bind_op mul} VISIBLE true} {BINDTYPE op ID {} IMPL dsp_slice LATENCY 3 OPTYPE mul PRAGMA {} RTLNAME mac_muladd_16s_15s_13ns_29_4_1_U429 SOURCE ../dct.c:48 VARIABLE mul_ln48_309 LOOP {} BUNDLEDNAME {} DSP 1 BRAM 0 URAM 0 STORAGESUBTYPE {} DISPNAME {bind_op mul} VISIBLE true} {BINDTYPE op ID {} IMPL dsp_slice LATENCY 3 OPTYPE mul PRAGMA {} RTLNAME mac_muladd_16s_15s_29s_29_4_1_U430 SOURCE ../dct.c:48 VARIABLE mul_ln48_310 LOOP {} BUNDLEDNAME {} DSP 1 BRAM 0 URAM 0 STORAGESUBTYPE {} DISPNAME {bind_op mul} VISIBLE true} {BINDTYPE op ID {} IMPL dsp_slice LATENCY 3 OPTYPE mul PRAGMA {} RTLNAME mac_muladd_16s_14ns_29s_29_4_1_U448 SOURCE ../dct.c:48 VARIABLE mul_ln48_311 LOOP {} BUNDLEDNAME {} DSP 1 BRAM 0 URAM 0 STORAGESUBTYPE {} DISPNAME {bind_op mul} VISIBLE true} {BINDTYPE op ID {} IMPL dsp_slice LATENCY 3 OPTYPE sub PRAGMA {} RTLNAME ama_submuladd_16s_16s_12ns_29s_29_4_1_U351 SOURCE ../dct.c:46 VARIABLE tmp848 LOOP {} BUNDLEDNAME {} DSP 1 BRAM 0 URAM 0 STORAGESUBTYPE {} DISPNAME {bind_op sub} VISIBLE true} {BINDTYPE op ID {} IMPL dsp_slice LATENCY 3 OPTYPE sext PRAGMA {} RTLNAME ama_submuladd_16s_16s_12ns_29s_29_4_1_U351 SOURCE ../dct.c:46 VARIABLE tmp848_cast LOOP {} BUNDLEDNAME {} DSP 1 BRAM 0 URAM 0 STORAGESUBTYPE {} DISPNAME {bind_op sext} VISIBLE false} {BINDTYPE op ID {} IMPL dsp_slice LATENCY 3 OPTYPE mul PRAGMA {} RTLNAME ama_submuladd_16s_16s_12ns_29s_29_4_1_U351 SOURCE ../dct.c:46 VARIABLE tmp849 LOOP {} BUNDLEDNAME {} DSP 1 BRAM 0 URAM 0 STORAGESUBTYPE {} DISPNAME {bind_op mul} VISIBLE true} {BINDTYPE op ID {} IMPL fabric LATENCY 0 OPTYPE sub PRAGMA {} RTLNAME tmp851_fu_6476_p2 SOURCE ../dct.c:46 VARIABLE tmp851 LOOP {} BUNDLEDNAME {} DSP 0 BRAM 0 URAM 0 STORAGESUBTYPE {} DISPNAME {bind_op sub} VISIBLE true} {BINDTYPE op ID {} IMPL auto LATENCY 0 OPTYPE mul PRAGMA {} RTLNAME mul_17s_14ns_29_1_1_U136 SOURCE ../dct.c:48 VARIABLE mul_ln48_312 LOOP {} BUNDLEDNAME {} DSP 1 BRAM 0 URAM 0 STORAGESUBTYPE {} DISPNAME {bind_op mul} VISIBLE true} {BINDTYPE op ID {} IMPL dsp_slice LATENCY 3 OPTYPE add PRAGMA {} RTLNAME ama_submuladd_16s_16s_12ns_29s_29_4_1_U351 SOURCE ../dct.c:48 VARIABLE add_ln48_427 LOOP {} BUNDLEDNAME {} DSP 1 BRAM 0 URAM 0 STORAGESUBTYPE {} DISPNAME {bind_op add} VISIBLE true} {BINDTYPE op ID {} IMPL dsp_slice LATENCY 3 OPTYPE add PRAGMA {} RTLNAME mac_muladd_16s_14ns_29s_29_4_1_U448 SOURCE ../dct.c:48 VARIABLE add_ln48_428 LOOP {} BUNDLEDNAME {} DSP 1 BRAM 0 URAM 0 STORAGESUBTYPE {} DISPNAME {bind_op add} VISIBLE true} {BINDTYPE op ID {} IMPL dsp_slice LATENCY 3 OPTYPE add PRAGMA {} RTLNAME mac_muladd_16s_15s_29s_29_4_1_U430 SOURCE ../dct.c:48 VARIABLE add_ln48_429 LOOP {} BUNDLEDNAME {} DSP 1 BRAM 0 URAM 0 STORAGESUBTYPE {} DISPNAME {bind_op add} VISIBLE true} {BINDTYPE op ID {} IMPL dsp_slice LATENCY 3 OPTYPE add PRAGMA {} RTLNAME mac_muladd_16s_15s_13ns_29_4_1_U429 SOURCE ../dct.c:48 VARIABLE add_ln48_430 LOOP {} BUNDLEDNAME {} DSP 1 BRAM 0 URAM 0 STORAGESUBTYPE {} DISPNAME {bind_op add} VISIBLE true} {BINDTYPE op ID {} IMPL dsp_slice LATENCY 3 OPTYPE mul PRAGMA {} RTLNAME mac_muladd_18s_14ns_13ns_29_4_1_U409 SOURCE ../dct.c:48 VARIABLE tmp858_cast LOOP {} BUNDLEDNAME {} DSP 1 BRAM 0 URAM 0 STORAGESUBTYPE {} DISPNAME {bind_op mul} VISIBLE true} {BINDTYPE op ID {} IMPL fabric LATENCY 0 OPTYPE sub PRAGMA {} RTLNAME tmp861_fu_6482_p2 SOURCE ../dct.c:46 VARIABLE tmp861 LOOP {} BUNDLEDNAME {} DSP 0 BRAM 0 URAM 0 STORAGESUBTYPE {} DISPNAME {bind_op sub} VISIBLE true} {BINDTYPE op ID {} IMPL fabric LATENCY 0 OPTYPE sub PRAGMA {} RTLNAME tmp862_fu_6492_p2 SOURCE ../dct.c:46 VARIABLE tmp862 LOOP {} BUNDLEDNAME {} DSP 0 BRAM 0 URAM 0 STORAGESUBTYPE {} DISPNAME {bind_op sub} VISIBLE true} {BINDTYPE op ID {} IMPL dsp_slice LATENCY 3 OPTYPE add PRAGMA {} RTLNAME ama_addmuladd_18s_16s_13ns_29s_29_4_1_U449 SOURCE ../dct.c:46 VARIABLE tmp863 LOOP {} BUNDLEDNAME {} DSP 1 BRAM 0 URAM 0 STORAGESUBTYPE {} DISPNAME {bind_op add} VISIBLE true} {BINDTYPE op ID {} IMPL dsp_slice LATENCY 3 OPTYPE sext PRAGMA {} RTLNAME ama_addmuladd_18s_16s_13ns_29s_29_4_1_U449 SOURCE ../dct.c:48 VARIABLE sext_ln48_155 LOOP {} BUNDLEDNAME {} DSP 1 BRAM 0 URAM 0 STORAGESUBTYPE {} DISPNAME {bind_op sext} VISIBLE false} {BINDTYPE op ID {} IMPL dsp_slice LATENCY 3 OPTYPE mul PRAGMA {} RTLNAME ama_addmuladd_18s_16s_13ns_29s_29_4_1_U449 SOURCE ../dct.c:48 VARIABLE mul_ln48_313 LOOP {} BUNDLEDNAME {} DSP 1 BRAM 0 URAM 0 STORAGESUBTYPE {} DISPNAME {bind_op mul} VISIBLE true} {BINDTYPE op ID {} IMPL dsp_slice LATENCY 3 OPTYPE add PRAGMA {} RTLNAME mac_muladd_18s_14ns_13ns_29_4_1_U409 SOURCE ../dct.c:48 VARIABLE add_ln48_433 LOOP {} BUNDLEDNAME {} DSP 1 BRAM 0 URAM 0 STORAGESUBTYPE {} DISPNAME {bind_op add} VISIBLE true} {BINDTYPE op ID {} IMPL dsp_slice LATENCY 3 OPTYPE add PRAGMA {} RTLNAME ama_addmuladd_18s_16s_13ns_29s_29_4_1_U449 SOURCE ../dct.c:48 VARIABLE add_ln48_434 LOOP {} BUNDLEDNAME {} DSP 1 BRAM 0 URAM 0 STORAGESUBTYPE {} DISPNAME {bind_op add} VISIBLE true} {BINDTYPE op ID {} IMPL dsp_slice LATENCY 3 OPTYPE mul PRAGMA {} RTLNAME mac_muladd_16s_15s_13ns_29_4_1_U431 SOURCE ../dct.c:48 VARIABLE mul_ln48_314 LOOP {} BUNDLEDNAME {} DSP 1 BRAM 0 URAM 0 STORAGESUBTYPE {} DISPNAME {bind_op mul} VISIBLE true} {BINDTYPE op ID {} IMPL auto LATENCY 0 OPTYPE mul PRAGMA {} RTLNAME mul_16s_15ns_29_1_1_U129 SOURCE ../dct.c:48 VARIABLE mul_ln48_315 LOOP {} BUNDLEDNAME {} DSP 1 BRAM 0 URAM 0 STORAGESUBTYPE {} DISPNAME {bind_op mul} VISIBLE true} {BINDTYPE op ID {} IMPL auto LATENCY 0 OPTYPE mul PRAGMA {} RTLNAME mul_16s_15s_29_1_1_U117 SOURCE ../dct.c:48 VARIABLE mul_ln48_316 LOOP {} BUNDLEDNAME {} DSP 1 BRAM 0 URAM 0 STORAGESUBTYPE {} DISPNAME {bind_op mul} VISIBLE true} {BINDTYPE op ID {} IMPL dsp_slice LATENCY 3 OPTYPE mul PRAGMA {} RTLNAME mac_muladd_16s_14ns_29s_29_4_1_U450 SOURCE ../dct.c:48 VARIABLE mul_ln48_317 LOOP {} BUNDLEDNAME {} DSP 1 BRAM 0 URAM 0 STORAGESUBTYPE {} DISPNAME {bind_op mul} VISIBLE true} {BINDTYPE op ID {} IMPL fabric LATENCY 0 OPTYPE sub PRAGMA {} RTLNAME tmp866_fu_6507_p2 SOURCE ../dct.c:46 VARIABLE tmp866 LOOP {} BUNDLEDNAME {} DSP 0 BRAM 0 URAM 0 STORAGESUBTYPE {} DISPNAME {bind_op sub} VISIBLE true} {BINDTYPE op ID {} IMPL dsp_slice LATENCY 3 OPTYPE mul PRAGMA {} RTLNAME mac_muladd_17s_12ns_29s_29_4_1_U432 SOURCE ../dct.c:48 VARIABLE tmp867 LOOP {} BUNDLEDNAME {} DSP 1 BRAM 0 URAM 0 STORAGESUBTYPE {} DISPNAME {bind_op mul} VISIBLE true} {BINDTYPE op ID {} IMPL dsp_slice LATENCY 3 OPTYPE sub PRAGMA {} RTLNAME ama_submuladd_16s_16s_13ns_29s_29_4_1_U352 SOURCE ../dct.c:46 VARIABLE tmp869 LOOP {} BUNDLEDNAME {} DSP 1 BRAM 0 URAM 0 STORAGESUBTYPE {} DISPNAME {bind_op sub} VISIBLE true} {BINDTYPE op ID {} IMPL dsp_slice LATENCY 3 OPTYPE sext PRAGMA {} RTLNAME ama_submuladd_16s_16s_13ns_29s_29_4_1_U352 SOURCE ../dct.c:48 VARIABLE sext_ln48_159 LOOP {} BUNDLEDNAME {} DSP 1 BRAM 0 URAM 0 STORAGESUBTYPE {} DISPNAME {bind_op sext} VISIBLE false} {BINDTYPE op ID {} IMPL dsp_slice LATENCY 3 OPTYPE mul PRAGMA {} RTLNAME ama_submuladd_16s_16s_13ns_29s_29_4_1_U352 SOURCE ../dct.c:48 VARIABLE mul_ln48_318 LOOP {} BUNDLEDNAME {} DSP 1 BRAM 0 URAM 0 STORAGESUBTYPE {} DISPNAME {bind_op mul} VISIBLE true} {BINDTYPE op ID {} IMPL dsp_slice LATENCY 3 OPTYPE add PRAGMA {} RTLNAME ama_submuladd_16s_16s_13ns_29s_29_4_1_U352 SOURCE ../dct.c:48 VARIABLE add_ln48_435 LOOP {} BUNDLEDNAME {} DSP 1 BRAM 0 URAM 0 STORAGESUBTYPE {} DISPNAME {bind_op add} VISIBLE true} {BINDTYPE op ID {} IMPL dsp_slice LATENCY 3 OPTYPE add PRAGMA {} RTLNAME mac_muladd_16s_14ns_29s_29_4_1_U450 SOURCE ../dct.c:48 VARIABLE add_ln48_436 LOOP {} BUNDLEDNAME {} DSP 1 BRAM 0 URAM 0 STORAGESUBTYPE {} DISPNAME {bind_op add} VISIBLE true} {BINDTYPE op ID {} IMPL dsp_slice LATENCY 3 OPTYPE add PRAGMA {} RTLNAME mac_muladd_17s_12ns_29s_29_4_1_U432 SOURCE ../dct.c:48 VARIABLE add_ln48_437 LOOP {} BUNDLEDNAME {} DSP 1 BRAM 0 URAM 0 STORAGESUBTYPE {} DISPNAME {bind_op add} VISIBLE true} {BINDTYPE op ID {} IMPL dsp_slice LATENCY 3 OPTYPE add PRAGMA {} RTLNAME mac_muladd_16s_15s_13ns_29_4_1_U431 SOURCE ../dct.c:48 VARIABLE add_ln48_438 LOOP {} BUNDLEDNAME {} DSP 1 BRAM 0 URAM 0 STORAGESUBTYPE {} DISPNAME {bind_op add} VISIBLE true} {BINDTYPE op ID {} IMPL fabric LATENCY 0 OPTYPE add PRAGMA {} RTLNAME tmp871_fu_6517_p2 SOURCE ../dct.c:46 VARIABLE tmp871 LOOP {} BUNDLEDNAME {} DSP 0 BRAM 0 URAM 0 STORAGESUBTYPE {} DISPNAME {bind_op add} VISIBLE true} {BINDTYPE op ID {} IMPL fabric LATENCY 0 OPTYPE add PRAGMA {} RTLNAME add_ln48_441_fu_6079_p2 SOURCE ../dct.c:48 VARIABLE add_ln48_441 LOOP {} BUNDLEDNAME {} DSP 0 BRAM 0 URAM 0 STORAGESUBTYPE {} DISPNAME {bind_op add} VISIBLE true} {BINDTYPE op ID {} IMPL fabric LATENCY 0 OPTYPE sub PRAGMA {} RTLNAME sub_ln48_14_fu_6552_p2 SOURCE ../dct.c:48 VARIABLE sub_ln48_14 LOOP {} BUNDLEDNAME {} DSP 0 BRAM 0 URAM 0 STORAGESUBTYPE {} DISPNAME {bind_op sub} VISIBLE true} {BINDTYPE op ID {} IMPL dsp_slice LATENCY 3 OPTYPE mul PRAGMA {} RTLNAME mac_muladd_16s_15s_29s_29_4_1_U451 SOURCE ../dct.c:48 VARIABLE mul_ln48_319 LOOP {} BUNDLEDNAME {} DSP 1 BRAM 0 URAM 0 STORAGESUBTYPE {} DISPNAME {bind_op mul} VISIBLE true} {BINDTYPE op ID {} IMPL dsp_slice LATENCY 3 OPTYPE mul PRAGMA {} RTLNAME mac_muladd_16s_14ns_29s_29_4_1_U433 SOURCE ../dct.c:48 VARIABLE mul_ln48_320 LOOP {} BUNDLEDNAME {} DSP 1 BRAM 0 URAM 0 STORAGESUBTYPE {} DISPNAME {bind_op mul} VISIBLE true} {BINDTYPE op ID {} IMPL dsp_slice LATENCY 3 OPTYPE mul PRAGMA {} RTLNAME mac_muladd_16s_15s_29s_29_4_1_U353 SOURCE ../dct.c:48 VARIABLE mul_ln48_321 LOOP {} BUNDLEDNAME {} DSP 1 BRAM 0 URAM 0 STORAGESUBTYPE {} DISPNAME {bind_op mul} VISIBLE true} {BINDTYPE op ID {} IMPL auto LATENCY 0 OPTYPE mul PRAGMA {} RTLNAME mul_16s_15ns_29_1_1_U93 SOURCE ../dct.c:48 VARIABLE mul_ln48_322 LOOP {} BUNDLEDNAME {} DSP 1 BRAM 0 URAM 0 STORAGESUBTYPE {} DISPNAME {bind_op mul} VISIBLE true} {BINDTYPE op ID {} IMPL fabric LATENCY 0 OPTYPE sub PRAGMA {} RTLNAME tmp876_fu_6574_p2 SOURCE ../dct.c:46 VARIABLE tmp876 LOOP {} BUNDLEDNAME {} DSP 0 BRAM 0 URAM 0 STORAGESUBTYPE {} DISPNAME {bind_op sub} VISIBLE true} {BINDTYPE op ID {} IMPL dsp_slice LATENCY 3 OPTYPE mul PRAGMA {} RTLNAME mac_muladd_17s_13ns_13ns_29_4_1_U434 SOURCE ../dct.c:46 VARIABLE tmp877 LOOP {} BUNDLEDNAME {} DSP 1 BRAM 0 URAM 0 STORAGESUBTYPE {} DISPNAME {bind_op mul} VISIBLE true} {BINDTYPE op ID {} IMPL auto LATENCY 0 OPTYPE mul PRAGMA {} RTLNAME mul_17s_13ns_29_1_1_U137 SOURCE ../dct.c:48 VARIABLE mul_ln48_323 LOOP {} BUNDLEDNAME {} DSP 1 BRAM 0 URAM 0 STORAGESUBTYPE {} DISPNAME {bind_op mul} VISIBLE true} {BINDTYPE op ID {} IMPL dsp_slice LATENCY 3 OPTYPE add PRAGMA {} RTLNAME mac_muladd_16s_15s_29s_29_4_1_U353 SOURCE ../dct.c:48 VARIABLE add_ln48_443 LOOP {} BUNDLEDNAME {} DSP 1 BRAM 0 URAM 0 STORAGESUBTYPE {} DISPNAME {bind_op add} VISIBLE true} {BINDTYPE op ID {} IMPL dsp_slice LATENCY 3 OPTYPE add PRAGMA {} RTLNAME mac_muladd_16s_15s_29s_29_4_1_U451 SOURCE ../dct.c:48 VARIABLE add_ln48_444 LOOP {} BUNDLEDNAME {} DSP 1 BRAM 0 URAM 0 STORAGESUBTYPE {} DISPNAME {bind_op add} VISIBLE true} {BINDTYPE op ID {} IMPL dsp_slice LATENCY 3 OPTYPE add PRAGMA {} RTLNAME mac_muladd_16s_14ns_29s_29_4_1_U433 SOURCE ../dct.c:48 VARIABLE add_ln48_445 LOOP {} BUNDLEDNAME {} DSP 1 BRAM 0 URAM 0 STORAGESUBTYPE {} DISPNAME {bind_op add} VISIBLE true} {BINDTYPE op ID {} IMPL dsp_slice LATENCY 3 OPTYPE add PRAGMA {} RTLNAME mac_muladd_17s_13ns_13ns_29_4_1_U434 SOURCE ../dct.c:48 VARIABLE add_ln48_446 LOOP {} BUNDLEDNAME {} DSP 1 BRAM 0 URAM 0 STORAGESUBTYPE {} DISPNAME {bind_op add} VISIBLE true} {BINDTYPE op ID {} IMPL dsp_slice LATENCY 3 OPTYPE mul PRAGMA {} RTLNAME mac_muladd_18s_13ns_13ns_29_4_1_U410 SOURCE ../dct.c:48 VARIABLE tmp886_cast LOOP {} BUNDLEDNAME {} DSP 1 BRAM 0 URAM 0 STORAGESUBTYPE {} DISPNAME {bind_op mul} VISIBLE true} {BINDTYPE op ID {} IMPL fabric LATENCY 0 OPTYPE sub PRAGMA {} RTLNAME tmp890_fu_6584_p2 SOURCE ../dct.c:46 VARIABLE tmp890 LOOP {} BUNDLEDNAME {} DSP 0 BRAM 0 URAM 0 STORAGESUBTYPE {} DISPNAME {bind_op sub} VISIBLE true} {BINDTYPE op ID {} IMPL dsp_slice LATENCY 3 OPTYPE sub PRAGMA {} RTLNAME ama_submuladd_18s_16s_14ns_29s_29_4_1_U452 SOURCE ../dct.c:46 VARIABLE tmp891 LOOP {} BUNDLEDNAME {} DSP 1 BRAM 0 URAM 0 STORAGESUBTYPE {} DISPNAME {bind_op sub} VISIBLE true} {BINDTYPE op ID {} IMPL dsp_slice LATENCY 3 OPTYPE sext PRAGMA {} RTLNAME ama_submuladd_18s_16s_14ns_29s_29_4_1_U452 SOURCE ../dct.c:48 VARIABLE sext_ln48_162 LOOP {} BUNDLEDNAME {} DSP 1 BRAM 0 URAM 0 STORAGESUBTYPE {} DISPNAME {bind_op sext} VISIBLE false} {BINDTYPE op ID {} IMPL dsp_slice LATENCY 3 OPTYPE mul PRAGMA {} RTLNAME ama_submuladd_18s_16s_14ns_29s_29_4_1_U452 SOURCE ../dct.c:48 VARIABLE mul_ln48_324 LOOP {} BUNDLEDNAME {} DSP 1 BRAM 0 URAM 0 STORAGESUBTYPE {} DISPNAME {bind_op mul} VISIBLE true} {BINDTYPE op ID {} IMPL dsp_slice LATENCY 3 OPTYPE add PRAGMA {} RTLNAME mac_muladd_18s_13ns_13ns_29_4_1_U410 SOURCE ../dct.c:48 VARIABLE add_ln48_449 LOOP {} BUNDLEDNAME {} DSP 1 BRAM 0 URAM 0 STORAGESUBTYPE {} DISPNAME {bind_op add} VISIBLE true} {BINDTYPE op ID {} IMPL dsp_slice LATENCY 3 OPTYPE add PRAGMA {} RTLNAME ama_submuladd_18s_16s_14ns_29s_29_4_1_U452 SOURCE ../dct.c:48 VARIABLE add_ln48_450 LOOP {} BUNDLEDNAME {} DSP 1 BRAM 0 URAM 0 STORAGESUBTYPE {} DISPNAME {bind_op add} VISIBLE true} {BINDTYPE op ID {} IMPL auto LATENCY 0 OPTYPE mul PRAGMA {} RTLNAME mul_16s_15s_29_1_1_U130 SOURCE ../dct.c:48 VARIABLE mul_ln48_325 LOOP {} BUNDLEDNAME {} DSP 1 BRAM 0 URAM 0 STORAGESUBTYPE {} DISPNAME {bind_op mul} VISIBLE true} {BINDTYPE op ID {} IMPL dsp_slice LATENCY 3 OPTYPE mul PRAGMA {} RTLNAME mac_muladd_16s_14ns_29s_29_4_1_U354 SOURCE ../dct.c:48 VARIABLE mul_ln48_326 LOOP {} BUNDLEDNAME {} DSP 1 BRAM 0 URAM 0 STORAGESUBTYPE {} DISPNAME {bind_op mul} VISIBLE true} {BINDTYPE op ID {} IMPL auto LATENCY 0 OPTYPE mul PRAGMA {} RTLNAME mul_16s_15s_29_1_1_U94 SOURCE ../dct.c:48 VARIABLE mul_ln48_327 LOOP {} BUNDLEDNAME {} DSP 1 BRAM 0 URAM 0 STORAGESUBTYPE {} DISPNAME {bind_op mul} VISIBLE true} {BINDTYPE op ID {} IMPL dsp_slice LATENCY 3 OPTYPE mul PRAGMA {} RTLNAME mac_muladd_16s_14ns_29s_29_4_1_U453 SOURCE ../dct.c:48 VARIABLE mul_ln48_328 LOOP {} BUNDLEDNAME {} DSP 1 BRAM 0 URAM 0 STORAGESUBTYPE {} DISPNAME {bind_op mul} VISIBLE true} {BINDTYPE op ID {} IMPL dsp_slice LATENCY 3 OPTYPE mul PRAGMA {} RTLNAME mac_muladd_17s_12ns_13ns_29_4_1_U435 SOURCE ../dct.c:46 VARIABLE tmp895 LOOP {} BUNDLEDNAME {} DSP 1 BRAM 0 URAM 0 STORAGESUBTYPE {} DISPNAME {bind_op mul} VISIBLE true} {BINDTYPE op ID {} IMPL dsp_slice LATENCY 3 OPTYPE mul PRAGMA {} RTLNAME mac_muladd_17s_13ns_29s_29_4_1_U436 SOURCE ../dct.c:48 VARIABLE mul_ln48_329 LOOP {} BUNDLEDNAME {} DSP 1 BRAM 0 URAM 0 STORAGESUBTYPE {} DISPNAME {bind_op mul} VISIBLE true} {BINDTYPE op ID {} IMPL dsp_slice LATENCY 3 OPTYPE add PRAGMA {} RTLNAME mac_muladd_16s_14ns_29s_29_4_1_U354 SOURCE ../dct.c:48 VARIABLE add_ln48_451 LOOP {} BUNDLEDNAME {} DSP 1 BRAM 0 URAM 0 STORAGESUBTYPE {} DISPNAME {bind_op add} VISIBLE true} {BINDTYPE op ID {} IMPL dsp_slice LATENCY 3 OPTYPE add PRAGMA {} RTLNAME mac_muladd_16s_14ns_29s_29_4_1_U453 SOURCE ../dct.c:48 VARIABLE add_ln48_452 LOOP {} BUNDLEDNAME {} DSP 1 BRAM 0 URAM 0 STORAGESUBTYPE {} DISPNAME {bind_op add} VISIBLE true} {BINDTYPE op ID {} IMPL dsp_slice LATENCY 3 OPTYPE add PRAGMA {} RTLNAME mac_muladd_17s_13ns_29s_29_4_1_U436 SOURCE ../dct.c:48 VARIABLE add_ln48_453 LOOP {} BUNDLEDNAME {} DSP 1 BRAM 0 URAM 0 STORAGESUBTYPE {} DISPNAME {bind_op add} VISIBLE true} {BINDTYPE op ID {} IMPL dsp_slice LATENCY 3 OPTYPE add PRAGMA {} RTLNAME mac_muladd_17s_12ns_13ns_29_4_1_U435 SOURCE ../dct.c:48 VARIABLE add_ln48_454 LOOP {} BUNDLEDNAME {} DSP 1 BRAM 0 URAM 0 STORAGESUBTYPE {} DISPNAME {bind_op add} VISIBLE true} {BINDTYPE op ID {} IMPL fabric LATENCY 0 OPTYPE add PRAGMA {} RTLNAME tmp899_fu_5203_p2 SOURCE ../dct.c:46 VARIABLE tmp899 LOOP {} BUNDLEDNAME {} DSP 0 BRAM 0 URAM 0 STORAGESUBTYPE {} DISPNAME {bind_op add} VISIBLE true} {BINDTYPE op ID {} IMPL fabric LATENCY 0 OPTYPE add PRAGMA {} RTLNAME tmp903_fu_6614_p2 SOURCE ../dct.c:46 VARIABLE tmp903 LOOP {} BUNDLEDNAME {} DSP 0 BRAM 0 URAM 0 STORAGESUBTYPE {} DISPNAME {bind_op add} VISIBLE true} {BINDTYPE op ID {} IMPL fabric LATENCY 0 OPTYPE add PRAGMA {} RTLNAME add_ln48_457_fu_6651_p2 SOURCE ../dct.c:48 VARIABLE add_ln48_457 LOOP {} BUNDLEDNAME {} DSP 0 BRAM 0 URAM 0 STORAGESUBTYPE {} DISPNAME {bind_op add} VISIBLE true} {BINDTYPE op ID {} IMPL auto LATENCY 0 OPTYPE mul PRAGMA {} RTLNAME mul_16s_15ns_29_1_1_U95 SOURCE ../dct.c:48 VARIABLE mul_ln48_330 LOOP {} BUNDLEDNAME {} DSP 1 BRAM 0 URAM 0 STORAGESUBTYPE {} DISPNAME {bind_op mul} VISIBLE true} {BINDTYPE op ID {} IMPL dsp_slice LATENCY 3 OPTYPE mul PRAGMA {} RTLNAME mac_muladd_16s_15s_13ns_29_4_1_U379 SOURCE ../dct.c:48 VARIABLE mul_ln48_331 LOOP {} BUNDLEDNAME {} DSP 1 BRAM 0 URAM 0 STORAGESUBTYPE {} DISPNAME {bind_op mul} VISIBLE true} {BINDTYPE op ID {} IMPL dsp_slice LATENCY 3 OPTYPE mul PRAGMA {} RTLNAME mac_muladd_16s_15s_29s_29_4_1_U380 SOURCE ../dct.c:48 VARIABLE mul_ln48_332 LOOP {} BUNDLEDNAME {} DSP 1 BRAM 0 URAM 0 STORAGESUBTYPE {} DISPNAME {bind_op mul} VISIBLE true} {BINDTYPE op ID {} IMPL dsp_slice LATENCY 3 OPTYPE mul PRAGMA {} RTLNAME mac_muladd_16s_14ns_29s_29_4_1_U454 SOURCE ../dct.c:48 VARIABLE mul_ln48_333 LOOP {} BUNDLEDNAME {} DSP 1 BRAM 0 URAM 0 STORAGESUBTYPE {} DISPNAME {bind_op mul} VISIBLE true} {BINDTYPE op ID {} IMPL dsp_slice LATENCY 3 OPTYPE sub PRAGMA {} RTLNAME ama_submuladd_16s_16s_12ns_29s_29_4_1_U381 SOURCE ../dct.c:46 VARIABLE tmp908 LOOP {} BUNDLEDNAME {} DSP 1 BRAM 0 URAM 0 STORAGESUBTYPE {} DISPNAME {bind_op sub} VISIBLE true} {BINDTYPE op ID {} IMPL dsp_slice LATENCY 3 OPTYPE sext PRAGMA {} RTLNAME ama_submuladd_16s_16s_12ns_29s_29_4_1_U381 SOURCE ../dct.c:46 VARIABLE tmp908_cast LOOP {} BUNDLEDNAME {} DSP 1 BRAM 0 URAM 0 STORAGESUBTYPE {} DISPNAME {bind_op sext} VISIBLE false} {BINDTYPE op ID {} IMPL dsp_slice LATENCY 3 OPTYPE mul PRAGMA {} RTLNAME ama_submuladd_16s_16s_12ns_29s_29_4_1_U381 SOURCE ../dct.c:46 VARIABLE tmp909 LOOP {} BUNDLEDNAME {} DSP 1 BRAM 0 URAM 0 STORAGESUBTYPE {} DISPNAME {bind_op mul} VISIBLE true} {BINDTYPE op ID {} IMPL fabric LATENCY 0 OPTYPE sub PRAGMA {} RTLNAME tmp911_fu_6107_p2 SOURCE ../dct.c:46 VARIABLE tmp911 LOOP {} BUNDLEDNAME {} DSP 0 BRAM 0 URAM 0 STORAGESUBTYPE {} DISPNAME {bind_op sub} VISIBLE true} {BINDTYPE op ID {} IMPL auto LATENCY 0 OPTYPE mul PRAGMA {} RTLNAME mul_17s_14ns_29_1_1_U131 SOURCE ../dct.c:48 VARIABLE mul_ln48_334 LOOP {} BUNDLEDNAME {} DSP 1 BRAM 0 URAM 0 STORAGESUBTYPE {} DISPNAME {bind_op mul} VISIBLE true} {BINDTYPE op ID {} IMPL dsp_slice LATENCY 3 OPTYPE add PRAGMA {} RTLNAME ama_submuladd_16s_16s_12ns_29s_29_4_1_U381 SOURCE ../dct.c:48 VARIABLE add_ln48_458 LOOP {} BUNDLEDNAME {} DSP 1 BRAM 0 URAM 0 STORAGESUBTYPE {} DISPNAME {bind_op add} VISIBLE true} {BINDTYPE op ID {} IMPL dsp_slice LATENCY 3 OPTYPE add PRAGMA {} RTLNAME mac_muladd_16s_14ns_29s_29_4_1_U454 SOURCE ../dct.c:48 VARIABLE add_ln48_459 LOOP {} BUNDLEDNAME {} DSP 1 BRAM 0 URAM 0 STORAGESUBTYPE {} DISPNAME {bind_op add} VISIBLE true} {BINDTYPE op ID {} IMPL dsp_slice LATENCY 3 OPTYPE add PRAGMA {} RTLNAME mac_muladd_16s_15s_29s_29_4_1_U380 SOURCE ../dct.c:48 VARIABLE add_ln48_460 LOOP {} BUNDLEDNAME {} DSP 1 BRAM 0 URAM 0 STORAGESUBTYPE {} DISPNAME {bind_op add} VISIBLE true} {BINDTYPE op ID {} IMPL dsp_slice LATENCY 3 OPTYPE add PRAGMA {} RTLNAME mac_muladd_16s_15s_13ns_29_4_1_U379 SOURCE ../dct.c:48 VARIABLE add_ln48_461 LOOP {} BUNDLEDNAME {} DSP 1 BRAM 0 URAM 0 STORAGESUBTYPE {} DISPNAME {bind_op add} VISIBLE true} {BINDTYPE op ID {} IMPL dsp_slice LATENCY 3 OPTYPE mul PRAGMA {} RTLNAME mac_muladd_18s_14ns_13ns_29_4_1_U411 SOURCE ../dct.c:48 VARIABLE tmp918_cast LOOP {} BUNDLEDNAME {} DSP 1 BRAM 0 URAM 0 STORAGESUBTYPE {} DISPNAME {bind_op mul} VISIBLE true} {BINDTYPE op ID {} IMPL fabric LATENCY 0 OPTYPE sub PRAGMA {} RTLNAME tmp921_fu_6676_p2 SOURCE ../dct.c:46 VARIABLE tmp921 LOOP {} BUNDLEDNAME {} DSP 0 BRAM 0 URAM 0 STORAGESUBTYPE {} DISPNAME {bind_op sub} VISIBLE true} {BINDTYPE op ID {} IMPL fabric LATENCY 0 OPTYPE sub PRAGMA {} RTLNAME tmp922_fu_6685_p2 SOURCE ../dct.c:46 VARIABLE tmp922 LOOP {} BUNDLEDNAME {} DSP 0 BRAM 0 URAM 0 STORAGESUBTYPE {} DISPNAME {bind_op sub} VISIBLE true} {BINDTYPE op ID {} IMPL dsp_slice LATENCY 3 OPTYPE add PRAGMA {} RTLNAME ama_addmuladd_18s_16s_13ns_29s_29_4_1_U455 SOURCE ../dct.c:46 VARIABLE tmp923 LOOP {} BUNDLEDNAME {} DSP 1 BRAM 0 URAM 0 STORAGESUBTYPE {} DISPNAME {bind_op add} VISIBLE true} {BINDTYPE op ID {} IMPL dsp_slice LATENCY 3 OPTYPE sext PRAGMA {} RTLNAME ama_addmuladd_18s_16s_13ns_29s_29_4_1_U455 SOURCE ../dct.c:48 VARIABLE sext_ln48_168 LOOP {} BUNDLEDNAME {} DSP 1 BRAM 0 URAM 0 STORAGESUBTYPE {} DISPNAME {bind_op sext} VISIBLE false} {BINDTYPE op ID {} IMPL dsp_slice LATENCY 3 OPTYPE mul PRAGMA {} RTLNAME ama_addmuladd_18s_16s_13ns_29s_29_4_1_U455 SOURCE ../dct.c:48 VARIABLE mul_ln48_335 LOOP {} BUNDLEDNAME {} DSP 1 BRAM 0 URAM 0 STORAGESUBTYPE {} DISPNAME {bind_op mul} VISIBLE true} {BINDTYPE op ID {} IMPL dsp_slice LATENCY 3 OPTYPE add PRAGMA {} RTLNAME mac_muladd_18s_14ns_13ns_29_4_1_U411 SOURCE ../dct.c:48 VARIABLE add_ln48_464 LOOP {} BUNDLEDNAME {} DSP 1 BRAM 0 URAM 0 STORAGESUBTYPE {} DISPNAME {bind_op add} VISIBLE true} {BINDTYPE op ID {} IMPL dsp_slice LATENCY 3 OPTYPE add PRAGMA {} RTLNAME ama_addmuladd_18s_16s_13ns_29s_29_4_1_U455 SOURCE ../dct.c:48 VARIABLE add_ln48_465 LOOP {} BUNDLEDNAME {} DSP 1 BRAM 0 URAM 0 STORAGESUBTYPE {} DISPNAME {bind_op add} VISIBLE true} {BINDTYPE op ID {} IMPL dsp_slice LATENCY 3 OPTYPE mul PRAGMA {} RTLNAME mac_muladd_16s_15s_13ns_29_4_1_U382 SOURCE ../dct.c:48 VARIABLE mul_ln48_336 LOOP {} BUNDLEDNAME {} DSP 1 BRAM 0 URAM 0 STORAGESUBTYPE {} DISPNAME {bind_op mul} VISIBLE true} {BINDTYPE op ID {} IMPL auto LATENCY 0 OPTYPE mul PRAGMA {} RTLNAME mul_16s_15ns_29_1_1_U132 SOURCE ../dct.c:48 VARIABLE mul_ln48_337 LOOP {} BUNDLEDNAME {} DSP 1 BRAM 0 URAM 0 STORAGESUBTYPE {} DISPNAME {bind_op mul} VISIBLE true} {BINDTYPE op ID {} IMPL auto LATENCY 0 OPTYPE mul PRAGMA {} RTLNAME mul_16s_15s_29_1_1_U104 SOURCE ../dct.c:48 VARIABLE mul_ln48_338 LOOP {} BUNDLEDNAME {} DSP 1 BRAM 0 URAM 0 STORAGESUBTYPE {} DISPNAME {bind_op mul} VISIBLE true} {BINDTYPE op ID {} IMPL dsp_slice LATENCY 3 OPTYPE mul PRAGMA {} RTLNAME mac_muladd_16s_14ns_29s_29_4_1_U456 SOURCE ../dct.c:48 VARIABLE mul_ln48_339 LOOP {} BUNDLEDNAME {} DSP 1 BRAM 0 URAM 0 STORAGESUBTYPE {} DISPNAME {bind_op mul} VISIBLE true} {BINDTYPE op ID {} IMPL fabric LATENCY 0 OPTYPE sub PRAGMA {} RTLNAME tmp926_fu_6700_p2 SOURCE ../dct.c:46 VARIABLE tmp926 LOOP {} BUNDLEDNAME {} DSP 0 BRAM 0 URAM 0 STORAGESUBTYPE {} DISPNAME {bind_op sub} VISIBLE true} {BINDTYPE op ID {} IMPL dsp_slice LATENCY 3 OPTYPE mul PRAGMA {} RTLNAME mac_muladd_17s_12ns_29s_29_4_1_U437 SOURCE ../dct.c:48 VARIABLE tmp927 LOOP {} BUNDLEDNAME {} DSP 1 BRAM 0 URAM 0 STORAGESUBTYPE {} DISPNAME {bind_op mul} VISIBLE true} {BINDTYPE op ID {} IMPL dsp_slice LATENCY 3 OPTYPE sub PRAGMA {} RTLNAME ama_submuladd_16s_16s_13ns_29s_29_4_1_U383 SOURCE ../dct.c:46 VARIABLE tmp929 LOOP {} BUNDLEDNAME {} DSP 1 BRAM 0 URAM 0 STORAGESUBTYPE {} DISPNAME {bind_op sub} VISIBLE true} {BINDTYPE op ID {} IMPL dsp_slice LATENCY 3 OPTYPE sext PRAGMA {} RTLNAME ama_submuladd_16s_16s_13ns_29s_29_4_1_U383 SOURCE ../dct.c:48 VARIABLE sext_ln48_172 LOOP {} BUNDLEDNAME {} DSP 1 BRAM 0 URAM 0 STORAGESUBTYPE {} DISPNAME {bind_op sext} VISIBLE false} {BINDTYPE op ID {} IMPL dsp_slice LATENCY 3 OPTYPE mul PRAGMA {} RTLNAME ama_submuladd_16s_16s_13ns_29s_29_4_1_U383 SOURCE ../dct.c:48 VARIABLE mul_ln48_340 LOOP {} BUNDLEDNAME {} DSP 1 BRAM 0 URAM 0 STORAGESUBTYPE {} DISPNAME {bind_op mul} VISIBLE true} {BINDTYPE op ID {} IMPL dsp_slice LATENCY 3 OPTYPE add PRAGMA {} RTLNAME ama_submuladd_16s_16s_13ns_29s_29_4_1_U383 SOURCE ../dct.c:48 VARIABLE add_ln48_466 LOOP {} BUNDLEDNAME {} DSP 1 BRAM 0 URAM 0 STORAGESUBTYPE {} DISPNAME {bind_op add} VISIBLE true} {BINDTYPE op ID {} IMPL dsp_slice LATENCY 3 OPTYPE add PRAGMA {} RTLNAME mac_muladd_16s_14ns_29s_29_4_1_U456 SOURCE ../dct.c:48 VARIABLE add_ln48_467 LOOP {} BUNDLEDNAME {} DSP 1 BRAM 0 URAM 0 STORAGESUBTYPE {} DISPNAME {bind_op add} VISIBLE true} {BINDTYPE op ID {} IMPL dsp_slice LATENCY 3 OPTYPE add PRAGMA {} RTLNAME mac_muladd_17s_12ns_29s_29_4_1_U437 SOURCE ../dct.c:48 VARIABLE add_ln48_468 LOOP {} BUNDLEDNAME {} DSP 1 BRAM 0 URAM 0 STORAGESUBTYPE {} DISPNAME {bind_op add} VISIBLE true} {BINDTYPE op ID {} IMPL dsp_slice LATENCY 3 OPTYPE add PRAGMA {} RTLNAME mac_muladd_16s_15s_13ns_29_4_1_U382 SOURCE ../dct.c:48 VARIABLE add_ln48_469 LOOP {} BUNDLEDNAME {} DSP 1 BRAM 0 URAM 0 STORAGESUBTYPE {} DISPNAME {bind_op add} VISIBLE true} {BINDTYPE op ID {} IMPL fabric LATENCY 0 OPTYPE add PRAGMA {} RTLNAME tmp931_fu_6710_p2 SOURCE ../dct.c:46 VARIABLE tmp931 LOOP {} BUNDLEDNAME {} DSP 0 BRAM 0 URAM 0 STORAGESUBTYPE {} DISPNAME {bind_op add} VISIBLE true} {BINDTYPE op ID {} IMPL fabric LATENCY 0 OPTYPE add PRAGMA {} RTLNAME add_ln48_472_fu_6129_p2 SOURCE ../dct.c:48 VARIABLE add_ln48_472 LOOP {} BUNDLEDNAME {} DSP 0 BRAM 0 URAM 0 STORAGESUBTYPE {} DISPNAME {bind_op add} VISIBLE true} {BINDTYPE op ID {} IMPL fabric LATENCY 0 OPTYPE sub PRAGMA {} RTLNAME sub_ln48_15_fu_6744_p2 SOURCE ../dct.c:48 VARIABLE sub_ln48_15 LOOP {} BUNDLEDNAME {} DSP 0 BRAM 0 URAM 0 STORAGESUBTYPE {} DISPNAME {bind_op sub} VISIBLE true} {BINDTYPE op ID {} IMPL dsp_slice LATENCY 3 OPTYPE mul PRAGMA {} RTLNAME mac_muladd_16s_15s_29s_29_4_1_U438 SOURCE ../dct.c:48 VARIABLE mul_ln48_341 LOOP {} BUNDLEDNAME {} DSP 1 BRAM 0 URAM 0 STORAGESUBTYPE {} DISPNAME {bind_op mul} VISIBLE true} {BINDTYPE op ID {} IMPL dsp_slice LATENCY 3 OPTYPE mul PRAGMA {} RTLNAME mac_muladd_16s_14ns_29s_29_4_1_U384 SOURCE ../dct.c:48 VARIABLE mul_ln48_342 LOOP {} BUNDLEDNAME {} DSP 1 BRAM 0 URAM 0 STORAGESUBTYPE {} DISPNAME {bind_op mul} VISIBLE true} {BINDTYPE op ID {} IMPL dsp_slice LATENCY 3 OPTYPE mul PRAGMA {} RTLNAME mac_muladd_16s_15s_29s_29_4_1_U355 SOURCE ../dct.c:48 VARIABLE mul_ln48_343 LOOP {} BUNDLEDNAME {} DSP 1 BRAM 0 URAM 0 STORAGESUBTYPE {} DISPNAME {bind_op mul} VISIBLE true} {BINDTYPE op ID {} IMPL auto LATENCY 0 OPTYPE mul PRAGMA {} RTLNAME mul_16s_15ns_29_1_1_U105 SOURCE ../dct.c:48 VARIABLE mul_ln48_344 LOOP {} BUNDLEDNAME {} DSP 1 BRAM 0 URAM 0 STORAGESUBTYPE {} DISPNAME {bind_op mul} VISIBLE true} {BINDTYPE op ID {} IMPL fabric LATENCY 0 OPTYPE sub PRAGMA {} RTLNAME tmp936_fu_6766_p2 SOURCE ../dct.c:46 VARIABLE tmp936 LOOP {} BUNDLEDNAME {} DSP 0 BRAM 0 URAM 0 STORAGESUBTYPE {} DISPNAME {bind_op sub} VISIBLE true} {BINDTYPE op ID {} IMPL dsp_slice LATENCY 3 OPTYPE mul PRAGMA {} RTLNAME mac_muladd_17s_13ns_13ns_29_4_1_U439 SOURCE ../dct.c:46 VARIABLE tmp937 LOOP {} BUNDLEDNAME {} DSP 1 BRAM 0 URAM 0 STORAGESUBTYPE {} DISPNAME {bind_op mul} VISIBLE true} {BINDTYPE op ID {} IMPL auto LATENCY 0 OPTYPE mul PRAGMA {} RTLNAME mul_17s_13ns_29_1_1_U133 SOURCE ../dct.c:48 VARIABLE mul_ln48_345 LOOP {} BUNDLEDNAME {} DSP 1 BRAM 0 URAM 0 STORAGESUBTYPE {} DISPNAME {bind_op mul} VISIBLE true} {BINDTYPE op ID {} IMPL dsp_slice LATENCY 3 OPTYPE add PRAGMA {} RTLNAME mac_muladd_16s_15s_29s_29_4_1_U355 SOURCE ../dct.c:48 VARIABLE add_ln48_474 LOOP {} BUNDLEDNAME {} DSP 1 BRAM 0 URAM 0 STORAGESUBTYPE {} DISPNAME {bind_op add} VISIBLE true} {BINDTYPE op ID {} IMPL dsp_slice LATENCY 3 OPTYPE add PRAGMA {} RTLNAME mac_muladd_16s_15s_29s_29_4_1_U438 SOURCE ../dct.c:48 VARIABLE add_ln48_475 LOOP {} BUNDLEDNAME {} DSP 1 BRAM 0 URAM 0 STORAGESUBTYPE {} DISPNAME {bind_op add} VISIBLE true} {BINDTYPE op ID {} IMPL dsp_slice LATENCY 3 OPTYPE add PRAGMA {} RTLNAME mac_muladd_16s_14ns_29s_29_4_1_U384 SOURCE ../dct.c:48 VARIABLE add_ln48_476 LOOP {} BUNDLEDNAME {} DSP 1 BRAM 0 URAM 0 STORAGESUBTYPE {} DISPNAME {bind_op add} VISIBLE true} {BINDTYPE op ID {} IMPL dsp_slice LATENCY 3 OPTYPE add PRAGMA {} RTLNAME mac_muladd_17s_13ns_13ns_29_4_1_U439 SOURCE ../dct.c:48 VARIABLE add_ln48_477 LOOP {} BUNDLEDNAME {} DSP 1 BRAM 0 URAM 0 STORAGESUBTYPE {} DISPNAME {bind_op add} VISIBLE true} {BINDTYPE op ID {} IMPL dsp_slice LATENCY 3 OPTYPE mul PRAGMA {} RTLNAME mac_muladd_18s_13ns_13ns_29_4_1_U412 SOURCE ../dct.c:48 VARIABLE tmp946_cast LOOP {} BUNDLEDNAME {} DSP 1 BRAM 0 URAM 0 STORAGESUBTYPE {} DISPNAME {bind_op mul} VISIBLE true} {BINDTYPE op ID {} IMPL fabric LATENCY 0 OPTYPE sub PRAGMA {} RTLNAME tmp950_fu_6782_p2 SOURCE ../dct.c:46 VARIABLE tmp950 LOOP {} BUNDLEDNAME {} DSP 0 BRAM 0 URAM 0 STORAGESUBTYPE {} DISPNAME {bind_op sub} VISIBLE true} {BINDTYPE op ID {} IMPL dsp_slice LATENCY 3 OPTYPE sub PRAGMA {} RTLNAME ama_submuladd_18s_16s_14ns_29s_29_4_1_U457 SOURCE ../dct.c:46 VARIABLE tmp951 LOOP {} BUNDLEDNAME {} DSP 1 BRAM 0 URAM 0 STORAGESUBTYPE {} DISPNAME {bind_op sub} VISIBLE true} {BINDTYPE op ID {} IMPL dsp_slice LATENCY 3 OPTYPE sext PRAGMA {} RTLNAME ama_submuladd_18s_16s_14ns_29s_29_4_1_U457 SOURCE ../dct.c:48 VARIABLE sext_ln48_175 LOOP {} BUNDLEDNAME {} DSP 1 BRAM 0 URAM 0 STORAGESUBTYPE {} DISPNAME {bind_op sext} VISIBLE false} {BINDTYPE op ID {} IMPL dsp_slice LATENCY 3 OPTYPE mul PRAGMA {} RTLNAME ama_submuladd_18s_16s_14ns_29s_29_4_1_U457 SOURCE ../dct.c:48 VARIABLE mul_ln48_346 LOOP {} BUNDLEDNAME {} DSP 1 BRAM 0 URAM 0 STORAGESUBTYPE {} DISPNAME {bind_op mul} VISIBLE true} {BINDTYPE op ID {} IMPL dsp_slice LATENCY 3 OPTYPE add PRAGMA {} RTLNAME mac_muladd_18s_13ns_13ns_29_4_1_U412 SOURCE ../dct.c:48 VARIABLE add_ln48_480 LOOP {} BUNDLEDNAME {} DSP 1 BRAM 0 URAM 0 STORAGESUBTYPE {} DISPNAME {bind_op add} VISIBLE true} {BINDTYPE op ID {} IMPL dsp_slice LATENCY 3 OPTYPE add PRAGMA {} RTLNAME ama_submuladd_18s_16s_14ns_29s_29_4_1_U457 SOURCE ../dct.c:48 VARIABLE add_ln48_481 LOOP {} BUNDLEDNAME {} DSP 1 BRAM 0 URAM 0 STORAGESUBTYPE {} DISPNAME {bind_op add} VISIBLE true} {BINDTYPE op ID {} IMPL auto LATENCY 0 OPTYPE mul PRAGMA {} RTLNAME mul_16s_15s_29_1_1_U134 SOURCE ../dct.c:48 VARIABLE mul_ln48_347 LOOP {} BUNDLEDNAME {} DSP 1 BRAM 0 URAM 0 STORAGESUBTYPE {} DISPNAME {bind_op mul} VISIBLE true} {BINDTYPE op ID {} IMPL dsp_slice LATENCY 3 OPTYPE mul PRAGMA {} RTLNAME mac_muladd_16s_14ns_29s_29_4_1_U356 SOURCE ../dct.c:48 VARIABLE mul_ln48_348 LOOP {} BUNDLEDNAME {} DSP 1 BRAM 0 URAM 0 STORAGESUBTYPE {} DISPNAME {bind_op mul} VISIBLE true} {BINDTYPE op ID {} IMPL auto LATENCY 0 OPTYPE mul PRAGMA {} RTLNAME mul_16s_15s_29_1_1_U106 SOURCE ../dct.c:48 VARIABLE mul_ln48_349 LOOP {} BUNDLEDNAME {} DSP 1 BRAM 0 URAM 0 STORAGESUBTYPE {} DISPNAME {bind_op mul} VISIBLE true} {BINDTYPE op ID {} IMPL dsp_slice LATENCY 3 OPTYPE mul PRAGMA {} RTLNAME mac_muladd_16s_14ns_29s_29_4_1_U440 SOURCE ../dct.c:48 VARIABLE mul_ln48_350 LOOP {} BUNDLEDNAME {} DSP 1 BRAM 0 URAM 0 STORAGESUBTYPE {} DISPNAME {bind_op mul} VISIBLE true} {BINDTYPE op ID {} IMPL dsp_slice LATENCY 3 OPTYPE mul PRAGMA {} RTLNAME mac_muladd_17s_12ns_13ns_29_4_1_U441 SOURCE ../dct.c:46 VARIABLE tmp955 LOOP {} BUNDLEDNAME {} DSP 1 BRAM 0 URAM 0 STORAGESUBTYPE {} DISPNAME {bind_op mul} VISIBLE true} {BINDTYPE op ID {} IMPL dsp_slice LATENCY 3 OPTYPE mul PRAGMA {} RTLNAME mac_muladd_17s_13ns_29s_29_4_1_U442 SOURCE ../dct.c:48 VARIABLE mul_ln48_351 LOOP {} BUNDLEDNAME {} DSP 1 BRAM 0 URAM 0 STORAGESUBTYPE {} DISPNAME {bind_op mul} VISIBLE true} {BINDTYPE op ID {} IMPL dsp_slice LATENCY 3 OPTYPE add PRAGMA {} RTLNAME mac_muladd_16s_14ns_29s_29_4_1_U356 SOURCE ../dct.c:48 VARIABLE add_ln48_482 LOOP {} BUNDLEDNAME {} DSP 1 BRAM 0 URAM 0 STORAGESUBTYPE {} DISPNAME {bind_op add} VISIBLE true} {BINDTYPE op ID {} IMPL dsp_slice LATENCY 3 OPTYPE add PRAGMA {} RTLNAME mac_muladd_16s_14ns_29s_29_4_1_U440 SOURCE ../dct.c:48 VARIABLE add_ln48_483 LOOP {} BUNDLEDNAME {} DSP 1 BRAM 0 URAM 0 STORAGESUBTYPE {} DISPNAME {bind_op add} VISIBLE true} {BINDTYPE op ID {} IMPL dsp_slice LATENCY 3 OPTYPE add PRAGMA {} RTLNAME mac_muladd_17s_13ns_29s_29_4_1_U442 SOURCE ../dct.c:48 VARIABLE add_ln48_484 LOOP {} BUNDLEDNAME {} DSP 1 BRAM 0 URAM 0 STORAGESUBTYPE {} DISPNAME {bind_op add} VISIBLE true} {BINDTYPE op ID {} IMPL dsp_slice LATENCY 3 OPTYPE add PRAGMA {} RTLNAME mac_muladd_17s_12ns_13ns_29_4_1_U441 SOURCE ../dct.c:48 VARIABLE add_ln48_485 LOOP {} BUNDLEDNAME {} DSP 1 BRAM 0 URAM 0 STORAGESUBTYPE {} DISPNAME {bind_op add} VISIBLE true}} AREA {DSP 448 BRAM 0 URAM 0}} dct {BINDINFO {{BINDTYPE storage ID {} IMPL auto LATENCY 1 OPTYPE ram_2p PRAGMA {} RTLNAME buf_2d_in_U SOURCE ../dct.c:126 VARIABLE buf_2d_in LOOP {} BUNDLEDNAME {} DSP 0 BRAM 0 URAM 0 STORAGESUBTYPE {} STORAGESIZE {16 8 1} STORAGEUSAGE {ram_2p array} DISPNAME {bind_storage ram_2p} VISIBLE true} {BINDTYPE storage ID {} IMPL auto LATENCY 1 OPTYPE ram_2p PRAGMA {} RTLNAME buf_2d_in_1_U SOURCE ../dct.c:126 VARIABLE buf_2d_in_1 LOOP {} BUNDLEDNAME {} DSP 0 BRAM 0 URAM 0 STORAGESUBTYPE {} STORAGESIZE {16 8 1} STORAGEUSAGE {ram_2p array} DISPNAME {bind_storage ram_2p} VISIBLE true} {BINDTYPE storage ID {} IMPL auto LATENCY 1 OPTYPE ram_2p PRAGMA {} RTLNAME buf_2d_in_2_U SOURCE ../dct.c:126 VARIABLE buf_2d_in_2 LOOP {} BUNDLEDNAME {} DSP 0 BRAM 0 URAM 0 STORAGESUBTYPE {} STORAGESIZE {16 8 1} STORAGEUSAGE {ram_2p array} DISPNAME {bind_storage ram_2p} VISIBLE true} {BINDTYPE storage ID {} IMPL auto LATENCY 1 OPTYPE ram_2p PRAGMA {} RTLNAME buf_2d_in_3_U SOURCE ../dct.c:126 VARIABLE buf_2d_in_3 LOOP {} BUNDLEDNAME {} DSP 0 BRAM 0 URAM 0 STORAGESUBTYPE {} STORAGESIZE {16 8 1} STORAGEUSAGE {ram_2p array} DISPNAME {bind_storage ram_2p} VISIBLE true} {BINDTYPE storage ID {} IMPL auto LATENCY 1 OPTYPE ram_2p PRAGMA {} RTLNAME buf_2d_in_4_U SOURCE ../dct.c:126 VARIABLE buf_2d_in_4 LOOP {} BUNDLEDNAME {} DSP 0 BRAM 0 URAM 0 STORAGESUBTYPE {} STORAGESIZE {16 8 1} STORAGEUSAGE {ram_2p array} DISPNAME {bind_storage ram_2p} VISIBLE true} {BINDTYPE storage ID {} IMPL auto LATENCY 1 OPTYPE ram_2p PRAGMA {} RTLNAME buf_2d_in_5_U SOURCE ../dct.c:126 VARIABLE buf_2d_in_5 LOOP {} BUNDLEDNAME {} DSP 0 BRAM 0 URAM 0 STORAGESUBTYPE {} STORAGESIZE {16 8 1} STORAGEUSAGE {ram_2p array} DISPNAME {bind_storage ram_2p} VISIBLE true} {BINDTYPE storage ID {} IMPL auto LATENCY 1 OPTYPE ram_2p PRAGMA {} RTLNAME buf_2d_in_6_U SOURCE ../dct.c:126 VARIABLE buf_2d_in_6 LOOP {} BUNDLEDNAME {} DSP 0 BRAM 0 URAM 0 STORAGESUBTYPE {} STORAGESIZE {16 8 1} STORAGEUSAGE {ram_2p array} DISPNAME {bind_storage ram_2p} VISIBLE true} {BINDTYPE storage ID {} IMPL auto LATENCY 1 OPTYPE ram_2p PRAGMA {} RTLNAME buf_2d_in_7_U SOURCE ../dct.c:126 VARIABLE buf_2d_in_7 LOOP {} BUNDLEDNAME {} DSP 0 BRAM 0 URAM 0 STORAGESUBTYPE {} STORAGESIZE {16 8 1} STORAGEUSAGE {ram_2p array} DISPNAME {bind_storage ram_2p} VISIBLE true}} AREA {DSP 448 BRAM 0 URAM 0}} read_data {AREA {DSP 0 BRAM 0 URAM 0}} write_data {AREA {DSP 0 BRAM 0 URAM 0}}}}'
INFO-FLOW: DBG:PUTS:      update_csynth_reports json2rpt_hw_sw_interfaces
INFO-FLOW: Running: gen_csynth_sec_pragma
INFO-FLOW: DBG:PRAGMA: all_user_pragmas_dict locs:
INFO-FLOW:   ../dct.c:40:0: pragmaType pipeline pragmaStatus warning isDirective 0 isSlxDirective 0 isCsimDirective 0 msgs {{msg_groups PRAGMA_PIPELINE msg_id 214-189 msg_severity WARNING msg_loc ../dct.c:40:1 msg_body {Pipeline directive for loop 'DCT_Outer_Loop' (../dct.c:39:4) in function 'dct_1d' has been removed because the loop is unrolled completely} args {LoopLoc ../dct.c:39:4 LoopName DCT_Outer_Loop}}} parentFunction dct_1d pragmaVar {} options ii=1 loc ../dct.c:40:0
INFO-FLOW:   ../dct.c:57:0: pragmaType array_partition pragmaStatus invalid isDirective 0 isSlxDirective 0 isCsimDirective 0 msgs {{msg_groups PRAGMA_INVALID msg_id 207-7036 msg_severity WARNING msg_loc ../dct.c:57:53 msg_body {unexpected pragma argument '2', expects identifier} args {ClangWarningOption invalid-hls-pragmas}}} parentFunction dct_2d pragmaVar col_inbuf options {variable=col_inbuf type=2 dim=2} loc ../dct.c:57:0
INFO-FLOW:   ../dct.c:69:0: pragmaType pipeline pragmaStatus warning isDirective 0 isSlxDirective 0 isCsimDirective 0 msgs {{msg_groups PRAGMA_INVALID msg_id 207-7018 msg_severity WARNING msg_loc ../dct.c:69:1 msg_body {multiple compatible 'PIPELINE' pragmas (../dct.c:69:1, ../dct.c:84:1) in the same function scope (dct_2d). Combining them into pragma 'PIPELINE II=1'} args {ClangWarningOption ignored-hls-pragmas}}} parentFunction dct_2d pragmaVar {} options ii=1 loc ../dct.c:69:0
INFO-FLOW:   ../dct.c:84:0: pragmaType pipeline pragmaStatus {} isDirective 0 isSlxDirective 0 isCsimDirective 0 msgs {} parentFunction dct_2d pragmaVar {} options ii=1 loc ../dct.c:84:0
INFO-FLOW:   ../dct.c:98:0: pragmaType pipeline pragmaStatus {} isDirective 0 isSlxDirective 0 isCsimDirective 0 msgs {} parentFunction read_data pragmaVar {} options ii=1 loc ../dct.c:98:0
INFO-FLOW:   ../dct.c:113:0: pragmaType pipeline pragmaStatus {} isDirective 0 isSlxDirective 0 isCsimDirective 0 msgs {} parentFunction write_data pragmaVar {} options ii=1 loc ../dct.c:113:0
INFO-FLOW:   ../dct.c:129:0: pragmaType array_partition pragmaStatus invalid isDirective 0 isSlxDirective 0 isCsimDirective 0 msgs {{msg_groups PRAGMA_INVALID msg_id 207-7036 msg_severity WARNING msg_loc ../dct.c:129:53 msg_body {unexpected pragma argument '2', expects identifier} args {ClangWarningOption invalid-hls-pragmas}}} parentFunction dct pragmaVar buf_2d_in options {variable=buf_2d_in type=2} loc ../dct.c:129:0
INFO-FLOW: end all_user_pragmas_dict

INFO-FLOW: DBG:PRAGMA: all_user_directives_dict locs:
INFO-FLOW: end all_user_directives_dict

INFO-FLOW: DBG:PRAGMA: all_auto_pragmas_dict locs:
INFO-FLOW:   ../dct.c:55:0 : array_partition
INFO-FLOW:   ../dct.c:56:0 : array_partition
INFO-FLOW: end all_auto_pragmas_dict

INFO-FLOW: DBG:PRAGMA: Found pragma report data problems (1):
INFO-FLOW: DBG:PRAGMA: (1)   Found duplicate messages from FE with location ../dct.c:56:0 and type array_partition:
    pragmaType array_partition pragmaStatus {} isDirective 0 isSlxDirective 0 isCsimDirective 0 msgs {} parentFunction dct_2d pragmaVar col_inbuf options {dim=1 type=complete variable=col_inbuf} loc ../dct.c:56:0 pragmaLocId ../dct.c:56:0 pragmaLocOpt dct_2d/col_inbuf objDict {variable col_inbuf varLoc ../dct.c:56} objInfo {variable col_inbuf} reason {} metrics {} srcPragmaLoc ../dct.c:69:0 srcInferReason {}
    pragmaType array_partition pragmaStatus {} isDirective 0 isSlxDirective 0 isCsimDirective 0 msgs {} parentFunction dct_2d pragmaVar col_outbuf options {dim=1 type=cyclic factor=3 variable=col_outbuf} loc ../dct.c:56:0 pragmaLocId ../dct.c:56:0 pragmaLocOpt dct_2d/col_outbuf objDict {variable col_outbuf varLoc ../dct.c:56} objInfo {variable col_outbuf} reason {} metrics {} srcPragmaLoc ../dct.c:69:0 srcInferReason {}
INFO-FLOW: Done: gen_csynth_sec_pragma time: 0.1 seconds 
Execute     send_msg_by_id INFO @200-2225@%s C:/Users/duong/Desktop/xup_high_level_synthesis_design_flow-main/source/lab3/dct_array_partition/dct/hls/syn/inferred_directives.ini 
INFO: [HLS 200-2225] Wrote inferred directives to file C:/Users/duong/Desktop/xup_high_level_synthesis_design_flow-main/source/lab3/dct_array_partition/dct/hls/syn/inferred_directives.ini
INFO-FLOW: DBG:PUTS:      update_csynth_reports wrote xml
INFO-FLOW: DBG:PUTS:      update_csynth_reports appended to csynth rpt file
INFO-FLOW: Done: add_csynth_report_sections time: 0.4 seconds 
INFO: [HLS 200-111] Finished Updating report files: CPU user time: 1 seconds. CPU system time: 0 seconds. Elapsed time: 1.723 seconds; current allocated memory: 348.500 MB.
INFO: [VHDL 208-304] Generating VHDL RTL for dct.
INFO: [VLOG 209-307] Generating Verilog RTL for dct.
Execute     syn_report -model dct -printsummary 
INFO: [HLS 200-789] **** Estimated Fmax: 137.49 MHz
Execute     AP::msg_collection_file -close 
Command   csynth_design done; 49.511 sec.
Execute   close_project 
Execute     close_solution 
Execute       cleanup_all 
Execute       cleanup_all 
