

================================================================
== Vitis HLS Report for 'read_data'
================================================================
* Date:           Sun Jun 14 22:50:28 2026

* Version:        2025.2 (Build 6295257 on Nov 12 2025)
* Project:        dct
* Solution:       hls (Vivado IP Flow Target)
* Product family: artix7
* Target device:  xc7a35t-fgg484-2


================================================================
== Performance Estimates
================================================================
+ Timing: 
    * Summary: 
    +--------+----------+----------+------------+
    |  Clock |  Target  | Estimated| Uncertainty|
    +--------+----------+----------+------------+
    |ap_clk  |  10.00 ns|  1.755 ns|     2.70 ns|
    +--------+----------+----------+------------+

+ Latency: 
    * Summary: 
    +---------+---------+----------+----------+-----+-----+---------+
    |  Latency (cycles) |  Latency (absolute) |  Interval | Pipeline|
    |   min   |   max   |    min   |    max   | min | max |   Type  |
    +---------+---------+----------+----------+-----+-----+---------+
    |       32|       32|  0.320 us|  0.320 us|   32|   32|      yes|
    +---------+---------+----------+----------+-----+-----+---------+

    + Detail: 
        * Instance: 
        N/A

        * Loop: 
        N/A

============================================================
+ Verbose Summary: Synthesis Manager
============================================================
InlineROM: 1
ExposeGlobal: 0
============================================================
+ Verbose Summary: CDFG Model
============================================================
IsTopModel: 0
ResetActiveHigh: 1
IsCombinational: 0
IsDatapathOnly: 0
HasWiredReturn: 1
HasMFsm: 2
HasVarLatency: 0
IsPipeline: 1
IsRtlPipelined: 1
IsInstanceOverlapped: 0
IsDontTouch: 0
HasImplIP: 0
IsGatedGlobalClock: 0

+ Individual pipeline summary: 
  * Pipeline-0: initiation interval (II) = 32, depth = 33


============================================================
+ Verbose Summary: Schedule
============================================================
* Number of FSM states : 33
* Pipeline : 1
  Pipeline-0 : II = 32, D = 33, States = { 1 2 3 4 5 6 7 8 9 10 11 12 13 14 15 16 17 18 19 20 21 22 23 24 25 26 27 28 29 30 31 32 33 }
* Dataflow Pipeline: 0

* FSM state transitions: 
1 --> 2 
2 --> 3 
3 --> 4 
4 --> 5 
5 --> 6 
6 --> 7 
7 --> 8 
8 --> 9 
9 --> 10 
10 --> 11 
11 --> 12 
12 --> 13 
13 --> 14 
14 --> 15 
15 --> 16 
16 --> 17 
17 --> 18 
18 --> 19 
19 --> 20 
20 --> 21 
21 --> 22 
22 --> 23 
23 --> 24 
24 --> 25 
25 --> 26 
26 --> 27 
27 --> 28 
28 --> 29 
29 --> 30 
30 --> 31 
31 --> 32 
32 --> 33 
33 --> 

* FSM state operations: 

State 1 <SV = 0> <Delay = 0.00>
ST_1 : Operation 34 [1/1] (0.00ns)   --->   "%input_r_addr = getelementptr i16 %input_r, i64 0, i64 0" [../dct.c:104]   --->   Operation 34 'getelementptr' 'input_r_addr' <Predicate = true> <Delay = 0.00>
ST_1 : Operation 35 [2/2] (0.00ns)   --->   "%input_r_load = load i6 %input_r_addr" [../dct.c:104]   --->   Operation 35 'load' 'input_r_load' <Predicate = true> <Delay = 0.00> <CoreInst = "RAM">   --->   Core 81 'RAM' <Latency = 1> <II = 1> <Delay = 2.77> <Storage> <Opcode : 'load' 'store'> <Ports = 2> <Width = 16> <Depth = 64> <RAM>
ST_1 : Operation 36 [1/1] (0.00ns)   --->   "%input_r_addr_1 = getelementptr i16 %input_r, i64 0, i64 1" [../dct.c:104]   --->   Operation 36 'getelementptr' 'input_r_addr_1' <Predicate = true> <Delay = 0.00>
ST_1 : Operation 37 [2/2] (0.00ns)   --->   "%input_r_load_1 = load i6 %input_r_addr_1" [../dct.c:104]   --->   Operation 37 'load' 'input_r_load_1' <Predicate = true> <Delay = 0.00> <CoreInst = "RAM">   --->   Core 81 'RAM' <Latency = 1> <II = 1> <Delay = 2.77> <Storage> <Opcode : 'load' 'store'> <Ports = 2> <Width = 16> <Depth = 64> <RAM>

State 2 <SV = 1> <Delay = 1.75>
ST_2 : Operation 38 [1/2] ( I:0.00ns O:0.00ns )   --->   "%input_r_load = load i6 %input_r_addr" [../dct.c:104]   --->   Operation 38 'load' 'input_r_load' <Predicate = true> <Delay = 0.00> <CoreInst = "RAM">   --->   Core 81 'RAM' <Latency = 1> <II = 1> <Delay = 2.77> <Storage> <Opcode : 'load' 'store'> <Ports = 2> <Width = 16> <Depth = 64> <RAM>
ST_2 : Operation 39 [1/1] (0.00ns)   --->   "%buf_0_addr = getelementptr i16 %buf_0, i64 0, i64 0" [../dct.c:104]   --->   Operation 39 'getelementptr' 'buf_0_addr' <Predicate = true> <Delay = 0.00>
ST_2 : Operation 40 [1/2] ( I:0.00ns O:0.00ns )   --->   "%input_r_load_1 = load i6 %input_r_addr_1" [../dct.c:104]   --->   Operation 40 'load' 'input_r_load_1' <Predicate = true> <Delay = 0.00> <CoreInst = "RAM">   --->   Core 81 'RAM' <Latency = 1> <II = 1> <Delay = 2.77> <Storage> <Opcode : 'load' 'store'> <Ports = 2> <Width = 16> <Depth = 64> <RAM>
ST_2 : Operation 41 [1/1] (0.00ns)   --->   "%buf_1_addr = getelementptr i16 %buf_1, i64 0, i64 0" [../dct.c:104]   --->   Operation 41 'getelementptr' 'buf_1_addr' <Predicate = true> <Delay = 0.00>
ST_2 : Operation 42 [1/1] (0.00ns)   --->   "%input_r_addr_2 = getelementptr i16 %input_r, i64 0, i64 2" [../dct.c:104]   --->   Operation 42 'getelementptr' 'input_r_addr_2' <Predicate = true> <Delay = 0.00>
ST_2 : Operation 43 [2/2] (0.00ns)   --->   "%input_r_load_2 = load i6 %input_r_addr_2" [../dct.c:104]   --->   Operation 43 'load' 'input_r_load_2' <Predicate = true> <Delay = 0.00> <CoreInst = "RAM">   --->   Core 81 'RAM' <Latency = 1> <II = 1> <Delay = 2.77> <Storage> <Opcode : 'load' 'store'> <Ports = 2> <Width = 16> <Depth = 64> <RAM>
ST_2 : Operation 44 [1/1] (0.00ns)   --->   "%input_r_addr_3 = getelementptr i16 %input_r, i64 0, i64 3" [../dct.c:104]   --->   Operation 44 'getelementptr' 'input_r_addr_3' <Predicate = true> <Delay = 0.00>
ST_2 : Operation 45 [2/2] (0.00ns)   --->   "%input_r_load_3 = load i6 %input_r_addr_3" [../dct.c:104]   --->   Operation 45 'load' 'input_r_load_3' <Predicate = true> <Delay = 0.00> <CoreInst = "RAM">   --->   Core 81 'RAM' <Latency = 1> <II = 1> <Delay = 2.77> <Storage> <Opcode : 'load' 'store'> <Ports = 2> <Width = 16> <Depth = 64> <RAM>
ST_2 : Operation 46 [1/1] ( I:1.75ns O:1.75ns )   --->   "%store_ln104 = store i16 %input_r_load, i3 %buf_0_addr" [../dct.c:104]   --->   Operation 46 'store' 'store_ln104' <Predicate = true> <Delay = 1.75> <CoreInst = "RAM">   --->   Core 81 'RAM' <Latency = 1> <II = 1> <Delay = 1.75> <Storage> <Opcode : 'load' 'store'> <Ports = 2> <Width = 16> <Depth = 8> <RAM>
ST_2 : Operation 47 [1/1] ( I:1.75ns O:1.75ns )   --->   "%store_ln104 = store i16 %input_r_load_1, i3 %buf_1_addr" [../dct.c:104]   --->   Operation 47 'store' 'store_ln104' <Predicate = true> <Delay = 1.75> <CoreInst = "RAM">   --->   Core 81 'RAM' <Latency = 1> <II = 1> <Delay = 1.75> <Storage> <Opcode : 'load' 'store'> <Ports = 2> <Width = 16> <Depth = 8> <RAM>

State 3 <SV = 2> <Delay = 1.75>
ST_3 : Operation 48 [1/2] ( I:0.00ns O:0.00ns )   --->   "%input_r_load_2 = load i6 %input_r_addr_2" [../dct.c:104]   --->   Operation 48 'load' 'input_r_load_2' <Predicate = true> <Delay = 0.00> <CoreInst = "RAM">   --->   Core 81 'RAM' <Latency = 1> <II = 1> <Delay = 2.77> <Storage> <Opcode : 'load' 'store'> <Ports = 2> <Width = 16> <Depth = 64> <RAM>
ST_3 : Operation 49 [1/1] (0.00ns)   --->   "%buf_2_addr = getelementptr i16 %buf_2, i64 0, i64 0" [../dct.c:104]   --->   Operation 49 'getelementptr' 'buf_2_addr' <Predicate = true> <Delay = 0.00>
ST_3 : Operation 50 [1/2] ( I:0.00ns O:0.00ns )   --->   "%input_r_load_3 = load i6 %input_r_addr_3" [../dct.c:104]   --->   Operation 50 'load' 'input_r_load_3' <Predicate = true> <Delay = 0.00> <CoreInst = "RAM">   --->   Core 81 'RAM' <Latency = 1> <II = 1> <Delay = 2.77> <Storage> <Opcode : 'load' 'store'> <Ports = 2> <Width = 16> <Depth = 64> <RAM>
ST_3 : Operation 51 [1/1] (0.00ns)   --->   "%buf_3_addr = getelementptr i16 %buf_3, i64 0, i64 0" [../dct.c:104]   --->   Operation 51 'getelementptr' 'buf_3_addr' <Predicate = true> <Delay = 0.00>
ST_3 : Operation 52 [1/1] (0.00ns)   --->   "%input_r_addr_4 = getelementptr i16 %input_r, i64 0, i64 4" [../dct.c:104]   --->   Operation 52 'getelementptr' 'input_r_addr_4' <Predicate = true> <Delay = 0.00>
ST_3 : Operation 53 [2/2] (0.00ns)   --->   "%input_r_load_4 = load i6 %input_r_addr_4" [../dct.c:104]   --->   Operation 53 'load' 'input_r_load_4' <Predicate = true> <Delay = 0.00> <CoreInst = "RAM">   --->   Core 81 'RAM' <Latency = 1> <II = 1> <Delay = 2.77> <Storage> <Opcode : 'load' 'store'> <Ports = 2> <Width = 16> <Depth = 64> <RAM>
ST_3 : Operation 54 [1/1] (0.00ns)   --->   "%input_r_addr_5 = getelementptr i16 %input_r, i64 0, i64 5" [../dct.c:104]   --->   Operation 54 'getelementptr' 'input_r_addr_5' <Predicate = true> <Delay = 0.00>
ST_3 : Operation 55 [2/2] (0.00ns)   --->   "%input_r_load_5 = load i6 %input_r_addr_5" [../dct.c:104]   --->   Operation 55 'load' 'input_r_load_5' <Predicate = true> <Delay = 0.00> <CoreInst = "RAM">   --->   Core 81 'RAM' <Latency = 1> <II = 1> <Delay = 2.77> <Storage> <Opcode : 'load' 'store'> <Ports = 2> <Width = 16> <Depth = 64> <RAM>
ST_3 : Operation 56 [1/1] ( I:1.75ns O:1.75ns )   --->   "%store_ln104 = store i16 %input_r_load_2, i3 %buf_2_addr" [../dct.c:104]   --->   Operation 56 'store' 'store_ln104' <Predicate = true> <Delay = 1.75> <CoreInst = "RAM">   --->   Core 81 'RAM' <Latency = 1> <II = 1> <Delay = 1.75> <Storage> <Opcode : 'load' 'store'> <Ports = 2> <Width = 16> <Depth = 8> <RAM>
ST_3 : Operation 57 [1/1] ( I:1.75ns O:1.75ns )   --->   "%store_ln104 = store i16 %input_r_load_3, i3 %buf_3_addr" [../dct.c:104]   --->   Operation 57 'store' 'store_ln104' <Predicate = true> <Delay = 1.75> <CoreInst = "RAM">   --->   Core 81 'RAM' <Latency = 1> <II = 1> <Delay = 1.75> <Storage> <Opcode : 'load' 'store'> <Ports = 2> <Width = 16> <Depth = 8> <RAM>

State 4 <SV = 3> <Delay = 1.75>
ST_4 : Operation 58 [1/2] ( I:0.00ns O:0.00ns )   --->   "%input_r_load_4 = load i6 %input_r_addr_4" [../dct.c:104]   --->   Operation 58 'load' 'input_r_load_4' <Predicate = true> <Delay = 0.00> <CoreInst = "RAM">   --->   Core 81 'RAM' <Latency = 1> <II = 1> <Delay = 2.77> <Storage> <Opcode : 'load' 'store'> <Ports = 2> <Width = 16> <Depth = 64> <RAM>
ST_4 : Operation 59 [1/1] (0.00ns)   --->   "%buf_4_addr = getelementptr i16 %buf_4, i64 0, i64 0" [../dct.c:104]   --->   Operation 59 'getelementptr' 'buf_4_addr' <Predicate = true> <Delay = 0.00>
ST_4 : Operation 60 [1/2] ( I:0.00ns O:0.00ns )   --->   "%input_r_load_5 = load i6 %input_r_addr_5" [../dct.c:104]   --->   Operation 60 'load' 'input_r_load_5' <Predicate = true> <Delay = 0.00> <CoreInst = "RAM">   --->   Core 81 'RAM' <Latency = 1> <II = 1> <Delay = 2.77> <Storage> <Opcode : 'load' 'store'> <Ports = 2> <Width = 16> <Depth = 64> <RAM>
ST_4 : Operation 61 [1/1] (0.00ns)   --->   "%buf_5_addr = getelementptr i16 %buf_5, i64 0, i64 0" [../dct.c:104]   --->   Operation 61 'getelementptr' 'buf_5_addr' <Predicate = true> <Delay = 0.00>
ST_4 : Operation 62 [1/1] (0.00ns)   --->   "%input_r_addr_6 = getelementptr i16 %input_r, i64 0, i64 6" [../dct.c:104]   --->   Operation 62 'getelementptr' 'input_r_addr_6' <Predicate = true> <Delay = 0.00>
ST_4 : Operation 63 [2/2] (0.00ns)   --->   "%input_r_load_6 = load i6 %input_r_addr_6" [../dct.c:104]   --->   Operation 63 'load' 'input_r_load_6' <Predicate = true> <Delay = 0.00> <CoreInst = "RAM">   --->   Core 81 'RAM' <Latency = 1> <II = 1> <Delay = 2.77> <Storage> <Opcode : 'load' 'store'> <Ports = 2> <Width = 16> <Depth = 64> <RAM>
ST_4 : Operation 64 [1/1] (0.00ns)   --->   "%input_r_addr_7 = getelementptr i16 %input_r, i64 0, i64 7" [../dct.c:104]   --->   Operation 64 'getelementptr' 'input_r_addr_7' <Predicate = true> <Delay = 0.00>
ST_4 : Operation 65 [2/2] (0.00ns)   --->   "%input_r_load_7 = load i6 %input_r_addr_7" [../dct.c:104]   --->   Operation 65 'load' 'input_r_load_7' <Predicate = true> <Delay = 0.00> <CoreInst = "RAM">   --->   Core 81 'RAM' <Latency = 1> <II = 1> <Delay = 2.77> <Storage> <Opcode : 'load' 'store'> <Ports = 2> <Width = 16> <Depth = 64> <RAM>
ST_4 : Operation 66 [1/1] ( I:1.75ns O:1.75ns )   --->   "%store_ln104 = store i16 %input_r_load_4, i3 %buf_4_addr" [../dct.c:104]   --->   Operation 66 'store' 'store_ln104' <Predicate = true> <Delay = 1.75> <CoreInst = "RAM">   --->   Core 81 'RAM' <Latency = 1> <II = 1> <Delay = 1.75> <Storage> <Opcode : 'load' 'store'> <Ports = 2> <Width = 16> <Depth = 8> <RAM>
ST_4 : Operation 67 [1/1] ( I:1.75ns O:1.75ns )   --->   "%store_ln104 = store i16 %input_r_load_5, i3 %buf_5_addr" [../dct.c:104]   --->   Operation 67 'store' 'store_ln104' <Predicate = true> <Delay = 1.75> <CoreInst = "RAM">   --->   Core 81 'RAM' <Latency = 1> <II = 1> <Delay = 1.75> <Storage> <Opcode : 'load' 'store'> <Ports = 2> <Width = 16> <Depth = 8> <RAM>

State 5 <SV = 4> <Delay = 1.75>
ST_5 : Operation 68 [1/2] ( I:0.00ns O:0.00ns )   --->   "%input_r_load_6 = load i6 %input_r_addr_6" [../dct.c:104]   --->   Operation 68 'load' 'input_r_load_6' <Predicate = true> <Delay = 0.00> <CoreInst = "RAM">   --->   Core 81 'RAM' <Latency = 1> <II = 1> <Delay = 2.77> <Storage> <Opcode : 'load' 'store'> <Ports = 2> <Width = 16> <Depth = 64> <RAM>
ST_5 : Operation 69 [1/1] (0.00ns)   --->   "%buf_6_addr = getelementptr i16 %buf_6, i64 0, i64 0" [../dct.c:104]   --->   Operation 69 'getelementptr' 'buf_6_addr' <Predicate = true> <Delay = 0.00>
ST_5 : Operation 70 [1/2] ( I:0.00ns O:0.00ns )   --->   "%input_r_load_7 = load i6 %input_r_addr_7" [../dct.c:104]   --->   Operation 70 'load' 'input_r_load_7' <Predicate = true> <Delay = 0.00> <CoreInst = "RAM">   --->   Core 81 'RAM' <Latency = 1> <II = 1> <Delay = 2.77> <Storage> <Opcode : 'load' 'store'> <Ports = 2> <Width = 16> <Depth = 64> <RAM>
ST_5 : Operation 71 [1/1] (0.00ns)   --->   "%buf_7_addr = getelementptr i16 %buf_7, i64 0, i64 0" [../dct.c:104]   --->   Operation 71 'getelementptr' 'buf_7_addr' <Predicate = true> <Delay = 0.00>
ST_5 : Operation 72 [1/1] (0.00ns)   --->   "%input_r_addr_8 = getelementptr i16 %input_r, i64 0, i64 8" [../dct.c:104]   --->   Operation 72 'getelementptr' 'input_r_addr_8' <Predicate = true> <Delay = 0.00>
ST_5 : Operation 73 [2/2] (0.00ns)   --->   "%input_r_load_8 = load i6 %input_r_addr_8" [../dct.c:104]   --->   Operation 73 'load' 'input_r_load_8' <Predicate = true> <Delay = 0.00> <CoreInst = "RAM">   --->   Core 81 'RAM' <Latency = 1> <II = 1> <Delay = 2.77> <Storage> <Opcode : 'load' 'store'> <Ports = 2> <Width = 16> <Depth = 64> <RAM>
ST_5 : Operation 74 [1/1] (0.00ns)   --->   "%input_r_addr_9 = getelementptr i16 %input_r, i64 0, i64 9" [../dct.c:104]   --->   Operation 74 'getelementptr' 'input_r_addr_9' <Predicate = true> <Delay = 0.00>
ST_5 : Operation 75 [2/2] (0.00ns)   --->   "%input_r_load_9 = load i6 %input_r_addr_9" [../dct.c:104]   --->   Operation 75 'load' 'input_r_load_9' <Predicate = true> <Delay = 0.00> <CoreInst = "RAM">   --->   Core 81 'RAM' <Latency = 1> <II = 1> <Delay = 2.77> <Storage> <Opcode : 'load' 'store'> <Ports = 2> <Width = 16> <Depth = 64> <RAM>
ST_5 : Operation 76 [1/1] ( I:1.75ns O:1.75ns )   --->   "%store_ln104 = store i16 %input_r_load_6, i3 %buf_6_addr" [../dct.c:104]   --->   Operation 76 'store' 'store_ln104' <Predicate = true> <Delay = 1.75> <CoreInst = "RAM">   --->   Core 81 'RAM' <Latency = 1> <II = 1> <Delay = 1.75> <Storage> <Opcode : 'load' 'store'> <Ports = 2> <Width = 16> <Depth = 8> <RAM>
ST_5 : Operation 77 [1/1] ( I:1.75ns O:1.75ns )   --->   "%store_ln104 = store i16 %input_r_load_7, i3 %buf_7_addr" [../dct.c:104]   --->   Operation 77 'store' 'store_ln104' <Predicate = true> <Delay = 1.75> <CoreInst = "RAM">   --->   Core 81 'RAM' <Latency = 1> <II = 1> <Delay = 1.75> <Storage> <Opcode : 'load' 'store'> <Ports = 2> <Width = 16> <Depth = 8> <RAM>

State 6 <SV = 5> <Delay = 1.75>
ST_6 : Operation 78 [1/2] ( I:0.00ns O:0.00ns )   --->   "%input_r_load_8 = load i6 %input_r_addr_8" [../dct.c:104]   --->   Operation 78 'load' 'input_r_load_8' <Predicate = true> <Delay = 0.00> <CoreInst = "RAM">   --->   Core 81 'RAM' <Latency = 1> <II = 1> <Delay = 2.77> <Storage> <Opcode : 'load' 'store'> <Ports = 2> <Width = 16> <Depth = 64> <RAM>
ST_6 : Operation 79 [1/1] (0.00ns)   --->   "%buf_0_addr_1 = getelementptr i16 %buf_0, i64 0, i64 1" [../dct.c:104]   --->   Operation 79 'getelementptr' 'buf_0_addr_1' <Predicate = true> <Delay = 0.00>
ST_6 : Operation 80 [1/2] ( I:0.00ns O:0.00ns )   --->   "%input_r_load_9 = load i6 %input_r_addr_9" [../dct.c:104]   --->   Operation 80 'load' 'input_r_load_9' <Predicate = true> <Delay = 0.00> <CoreInst = "RAM">   --->   Core 81 'RAM' <Latency = 1> <II = 1> <Delay = 2.77> <Storage> <Opcode : 'load' 'store'> <Ports = 2> <Width = 16> <Depth = 64> <RAM>
ST_6 : Operation 81 [1/1] (0.00ns)   --->   "%buf_1_addr_1 = getelementptr i16 %buf_1, i64 0, i64 1" [../dct.c:104]   --->   Operation 81 'getelementptr' 'buf_1_addr_1' <Predicate = true> <Delay = 0.00>
ST_6 : Operation 82 [1/1] (0.00ns)   --->   "%input_r_addr_10 = getelementptr i16 %input_r, i64 0, i64 10" [../dct.c:104]   --->   Operation 82 'getelementptr' 'input_r_addr_10' <Predicate = true> <Delay = 0.00>
ST_6 : Operation 83 [2/2] (0.00ns)   --->   "%input_r_load_10 = load i6 %input_r_addr_10" [../dct.c:104]   --->   Operation 83 'load' 'input_r_load_10' <Predicate = true> <Delay = 0.00> <CoreInst = "RAM">   --->   Core 81 'RAM' <Latency = 1> <II = 1> <Delay = 2.77> <Storage> <Opcode : 'load' 'store'> <Ports = 2> <Width = 16> <Depth = 64> <RAM>
ST_6 : Operation 84 [1/1] (0.00ns)   --->   "%input_r_addr_11 = getelementptr i16 %input_r, i64 0, i64 11" [../dct.c:104]   --->   Operation 84 'getelementptr' 'input_r_addr_11' <Predicate = true> <Delay = 0.00>
ST_6 : Operation 85 [2/2] (0.00ns)   --->   "%input_r_load_11 = load i6 %input_r_addr_11" [../dct.c:104]   --->   Operation 85 'load' 'input_r_load_11' <Predicate = true> <Delay = 0.00> <CoreInst = "RAM">   --->   Core 81 'RAM' <Latency = 1> <II = 1> <Delay = 2.77> <Storage> <Opcode : 'load' 'store'> <Ports = 2> <Width = 16> <Depth = 64> <RAM>
ST_6 : Operation 86 [1/1] ( I:1.75ns O:1.75ns )   --->   "%store_ln104 = store i16 %input_r_load_8, i3 %buf_0_addr_1" [../dct.c:104]   --->   Operation 86 'store' 'store_ln104' <Predicate = true> <Delay = 1.75> <CoreInst = "RAM">   --->   Core 81 'RAM' <Latency = 1> <II = 1> <Delay = 1.75> <Storage> <Opcode : 'load' 'store'> <Ports = 2> <Width = 16> <Depth = 8> <RAM>
ST_6 : Operation 87 [1/1] ( I:1.75ns O:1.75ns )   --->   "%store_ln104 = store i16 %input_r_load_9, i3 %buf_1_addr_1" [../dct.c:104]   --->   Operation 87 'store' 'store_ln104' <Predicate = true> <Delay = 1.75> <CoreInst = "RAM">   --->   Core 81 'RAM' <Latency = 1> <II = 1> <Delay = 1.75> <Storage> <Opcode : 'load' 'store'> <Ports = 2> <Width = 16> <Depth = 8> <RAM>

State 7 <SV = 6> <Delay = 1.75>
ST_7 : Operation 88 [1/2] ( I:0.00ns O:0.00ns )   --->   "%input_r_load_10 = load i6 %input_r_addr_10" [../dct.c:104]   --->   Operation 88 'load' 'input_r_load_10' <Predicate = true> <Delay = 0.00> <CoreInst = "RAM">   --->   Core 81 'RAM' <Latency = 1> <II = 1> <Delay = 2.77> <Storage> <Opcode : 'load' 'store'> <Ports = 2> <Width = 16> <Depth = 64> <RAM>
ST_7 : Operation 89 [1/1] (0.00ns)   --->   "%buf_2_addr_1 = getelementptr i16 %buf_2, i64 0, i64 1" [../dct.c:104]   --->   Operation 89 'getelementptr' 'buf_2_addr_1' <Predicate = true> <Delay = 0.00>
ST_7 : Operation 90 [1/2] ( I:0.00ns O:0.00ns )   --->   "%input_r_load_11 = load i6 %input_r_addr_11" [../dct.c:104]   --->   Operation 90 'load' 'input_r_load_11' <Predicate = true> <Delay = 0.00> <CoreInst = "RAM">   --->   Core 81 'RAM' <Latency = 1> <II = 1> <Delay = 2.77> <Storage> <Opcode : 'load' 'store'> <Ports = 2> <Width = 16> <Depth = 64> <RAM>
ST_7 : Operation 91 [1/1] (0.00ns)   --->   "%buf_3_addr_1 = getelementptr i16 %buf_3, i64 0, i64 1" [../dct.c:104]   --->   Operation 91 'getelementptr' 'buf_3_addr_1' <Predicate = true> <Delay = 0.00>
ST_7 : Operation 92 [1/1] (0.00ns)   --->   "%input_r_addr_12 = getelementptr i16 %input_r, i64 0, i64 12" [../dct.c:104]   --->   Operation 92 'getelementptr' 'input_r_addr_12' <Predicate = true> <Delay = 0.00>
ST_7 : Operation 93 [2/2] (0.00ns)   --->   "%input_r_load_12 = load i6 %input_r_addr_12" [../dct.c:104]   --->   Operation 93 'load' 'input_r_load_12' <Predicate = true> <Delay = 0.00> <CoreInst = "RAM">   --->   Core 81 'RAM' <Latency = 1> <II = 1> <Delay = 2.77> <Storage> <Opcode : 'load' 'store'> <Ports = 2> <Width = 16> <Depth = 64> <RAM>
ST_7 : Operation 94 [1/1] (0.00ns)   --->   "%input_r_addr_13 = getelementptr i16 %input_r, i64 0, i64 13" [../dct.c:104]   --->   Operation 94 'getelementptr' 'input_r_addr_13' <Predicate = true> <Delay = 0.00>
ST_7 : Operation 95 [2/2] (0.00ns)   --->   "%input_r_load_13 = load i6 %input_r_addr_13" [../dct.c:104]   --->   Operation 95 'load' 'input_r_load_13' <Predicate = true> <Delay = 0.00> <CoreInst = "RAM">   --->   Core 81 'RAM' <Latency = 1> <II = 1> <Delay = 2.77> <Storage> <Opcode : 'load' 'store'> <Ports = 2> <Width = 16> <Depth = 64> <RAM>
ST_7 : Operation 96 [1/1] ( I:1.75ns O:1.75ns )   --->   "%store_ln104 = store i16 %input_r_load_10, i3 %buf_2_addr_1" [../dct.c:104]   --->   Operation 96 'store' 'store_ln104' <Predicate = true> <Delay = 1.75> <CoreInst = "RAM">   --->   Core 81 'RAM' <Latency = 1> <II = 1> <Delay = 1.75> <Storage> <Opcode : 'load' 'store'> <Ports = 2> <Width = 16> <Depth = 8> <RAM>
ST_7 : Operation 97 [1/1] ( I:1.75ns O:1.75ns )   --->   "%store_ln104 = store i16 %input_r_load_11, i3 %buf_3_addr_1" [../dct.c:104]   --->   Operation 97 'store' 'store_ln104' <Predicate = true> <Delay = 1.75> <CoreInst = "RAM">   --->   Core 81 'RAM' <Latency = 1> <II = 1> <Delay = 1.75> <Storage> <Opcode : 'load' 'store'> <Ports = 2> <Width = 16> <Depth = 8> <RAM>

State 8 <SV = 7> <Delay = 1.75>
ST_8 : Operation 98 [1/2] ( I:0.00ns O:0.00ns )   --->   "%input_r_load_12 = load i6 %input_r_addr_12" [../dct.c:104]   --->   Operation 98 'load' 'input_r_load_12' <Predicate = true> <Delay = 0.00> <CoreInst = "RAM">   --->   Core 81 'RAM' <Latency = 1> <II = 1> <Delay = 2.77> <Storage> <Opcode : 'load' 'store'> <Ports = 2> <Width = 16> <Depth = 64> <RAM>
ST_8 : Operation 99 [1/1] (0.00ns)   --->   "%buf_4_addr_1 = getelementptr i16 %buf_4, i64 0, i64 1" [../dct.c:104]   --->   Operation 99 'getelementptr' 'buf_4_addr_1' <Predicate = true> <Delay = 0.00>
ST_8 : Operation 100 [1/2] ( I:0.00ns O:0.00ns )   --->   "%input_r_load_13 = load i6 %input_r_addr_13" [../dct.c:104]   --->   Operation 100 'load' 'input_r_load_13' <Predicate = true> <Delay = 0.00> <CoreInst = "RAM">   --->   Core 81 'RAM' <Latency = 1> <II = 1> <Delay = 2.77> <Storage> <Opcode : 'load' 'store'> <Ports = 2> <Width = 16> <Depth = 64> <RAM>
ST_8 : Operation 101 [1/1] (0.00ns)   --->   "%buf_5_addr_1 = getelementptr i16 %buf_5, i64 0, i64 1" [../dct.c:104]   --->   Operation 101 'getelementptr' 'buf_5_addr_1' <Predicate = true> <Delay = 0.00>
ST_8 : Operation 102 [1/1] (0.00ns)   --->   "%input_r_addr_14 = getelementptr i16 %input_r, i64 0, i64 14" [../dct.c:104]   --->   Operation 102 'getelementptr' 'input_r_addr_14' <Predicate = true> <Delay = 0.00>
ST_8 : Operation 103 [2/2] (0.00ns)   --->   "%input_r_load_14 = load i6 %input_r_addr_14" [../dct.c:104]   --->   Operation 103 'load' 'input_r_load_14' <Predicate = true> <Delay = 0.00> <CoreInst = "RAM">   --->   Core 81 'RAM' <Latency = 1> <II = 1> <Delay = 2.77> <Storage> <Opcode : 'load' 'store'> <Ports = 2> <Width = 16> <Depth = 64> <RAM>
ST_8 : Operation 104 [1/1] (0.00ns)   --->   "%input_r_addr_15 = getelementptr i16 %input_r, i64 0, i64 15" [../dct.c:104]   --->   Operation 104 'getelementptr' 'input_r_addr_15' <Predicate = true> <Delay = 0.00>
ST_8 : Operation 105 [2/2] (0.00ns)   --->   "%input_r_load_15 = load i6 %input_r_addr_15" [../dct.c:104]   --->   Operation 105 'load' 'input_r_load_15' <Predicate = true> <Delay = 0.00> <CoreInst = "RAM">   --->   Core 81 'RAM' <Latency = 1> <II = 1> <Delay = 2.77> <Storage> <Opcode : 'load' 'store'> <Ports = 2> <Width = 16> <Depth = 64> <RAM>
ST_8 : Operation 106 [1/1] ( I:1.75ns O:1.75ns )   --->   "%store_ln104 = store i16 %input_r_load_12, i3 %buf_4_addr_1" [../dct.c:104]   --->   Operation 106 'store' 'store_ln104' <Predicate = true> <Delay = 1.75> <CoreInst = "RAM">   --->   Core 81 'RAM' <Latency = 1> <II = 1> <Delay = 1.75> <Storage> <Opcode : 'load' 'store'> <Ports = 2> <Width = 16> <Depth = 8> <RAM>
ST_8 : Operation 107 [1/1] ( I:1.75ns O:1.75ns )   --->   "%store_ln104 = store i16 %input_r_load_13, i3 %buf_5_addr_1" [../dct.c:104]   --->   Operation 107 'store' 'store_ln104' <Predicate = true> <Delay = 1.75> <CoreInst = "RAM">   --->   Core 81 'RAM' <Latency = 1> <II = 1> <Delay = 1.75> <Storage> <Opcode : 'load' 'store'> <Ports = 2> <Width = 16> <Depth = 8> <RAM>

State 9 <SV = 8> <Delay = 1.75>
ST_9 : Operation 108 [1/2] ( I:0.00ns O:0.00ns )   --->   "%input_r_load_14 = load i6 %input_r_addr_14" [../dct.c:104]   --->   Operation 108 'load' 'input_r_load_14' <Predicate = true> <Delay = 0.00> <CoreInst = "RAM">   --->   Core 81 'RAM' <Latency = 1> <II = 1> <Delay = 2.77> <Storage> <Opcode : 'load' 'store'> <Ports = 2> <Width = 16> <Depth = 64> <RAM>
ST_9 : Operation 109 [1/1] (0.00ns)   --->   "%buf_6_addr_1 = getelementptr i16 %buf_6, i64 0, i64 1" [../dct.c:104]   --->   Operation 109 'getelementptr' 'buf_6_addr_1' <Predicate = true> <Delay = 0.00>
ST_9 : Operation 110 [1/2] ( I:0.00ns O:0.00ns )   --->   "%input_r_load_15 = load i6 %input_r_addr_15" [../dct.c:104]   --->   Operation 110 'load' 'input_r_load_15' <Predicate = true> <Delay = 0.00> <CoreInst = "RAM">   --->   Core 81 'RAM' <Latency = 1> <II = 1> <Delay = 2.77> <Storage> <Opcode : 'load' 'store'> <Ports = 2> <Width = 16> <Depth = 64> <RAM>
ST_9 : Operation 111 [1/1] (0.00ns)   --->   "%buf_7_addr_1 = getelementptr i16 %buf_7, i64 0, i64 1" [../dct.c:104]   --->   Operation 111 'getelementptr' 'buf_7_addr_1' <Predicate = true> <Delay = 0.00>
ST_9 : Operation 112 [1/1] (0.00ns)   --->   "%input_r_addr_16 = getelementptr i16 %input_r, i64 0, i64 16" [../dct.c:104]   --->   Operation 112 'getelementptr' 'input_r_addr_16' <Predicate = true> <Delay = 0.00>
ST_9 : Operation 113 [2/2] (0.00ns)   --->   "%input_r_load_16 = load i6 %input_r_addr_16" [../dct.c:104]   --->   Operation 113 'load' 'input_r_load_16' <Predicate = true> <Delay = 0.00> <CoreInst = "RAM">   --->   Core 81 'RAM' <Latency = 1> <II = 1> <Delay = 2.77> <Storage> <Opcode : 'load' 'store'> <Ports = 2> <Width = 16> <Depth = 64> <RAM>
ST_9 : Operation 114 [1/1] (0.00ns)   --->   "%input_r_addr_17 = getelementptr i16 %input_r, i64 0, i64 17" [../dct.c:104]   --->   Operation 114 'getelementptr' 'input_r_addr_17' <Predicate = true> <Delay = 0.00>
ST_9 : Operation 115 [2/2] (0.00ns)   --->   "%input_r_load_17 = load i6 %input_r_addr_17" [../dct.c:104]   --->   Operation 115 'load' 'input_r_load_17' <Predicate = true> <Delay = 0.00> <CoreInst = "RAM">   --->   Core 81 'RAM' <Latency = 1> <II = 1> <Delay = 2.77> <Storage> <Opcode : 'load' 'store'> <Ports = 2> <Width = 16> <Depth = 64> <RAM>
ST_9 : Operation 116 [1/1] ( I:1.75ns O:1.75ns )   --->   "%store_ln104 = store i16 %input_r_load_14, i3 %buf_6_addr_1" [../dct.c:104]   --->   Operation 116 'store' 'store_ln104' <Predicate = true> <Delay = 1.75> <CoreInst = "RAM">   --->   Core 81 'RAM' <Latency = 1> <II = 1> <Delay = 1.75> <Storage> <Opcode : 'load' 'store'> <Ports = 2> <Width = 16> <Depth = 8> <RAM>
ST_9 : Operation 117 [1/1] ( I:1.75ns O:1.75ns )   --->   "%store_ln104 = store i16 %input_r_load_15, i3 %buf_7_addr_1" [../dct.c:104]   --->   Operation 117 'store' 'store_ln104' <Predicate = true> <Delay = 1.75> <CoreInst = "RAM">   --->   Core 81 'RAM' <Latency = 1> <II = 1> <Delay = 1.75> <Storage> <Opcode : 'load' 'store'> <Ports = 2> <Width = 16> <Depth = 8> <RAM>

State 10 <SV = 9> <Delay = 1.75>
ST_10 : Operation 118 [1/2] ( I:0.00ns O:0.00ns )   --->   "%input_r_load_16 = load i6 %input_r_addr_16" [../dct.c:104]   --->   Operation 118 'load' 'input_r_load_16' <Predicate = true> <Delay = 0.00> <CoreInst = "RAM">   --->   Core 81 'RAM' <Latency = 1> <II = 1> <Delay = 2.77> <Storage> <Opcode : 'load' 'store'> <Ports = 2> <Width = 16> <Depth = 64> <RAM>
ST_10 : Operation 119 [1/1] (0.00ns)   --->   "%buf_0_addr_2 = getelementptr i16 %buf_0, i64 0, i64 2" [../dct.c:104]   --->   Operation 119 'getelementptr' 'buf_0_addr_2' <Predicate = true> <Delay = 0.00>
ST_10 : Operation 120 [1/2] ( I:0.00ns O:0.00ns )   --->   "%input_r_load_17 = load i6 %input_r_addr_17" [../dct.c:104]   --->   Operation 120 'load' 'input_r_load_17' <Predicate = true> <Delay = 0.00> <CoreInst = "RAM">   --->   Core 81 'RAM' <Latency = 1> <II = 1> <Delay = 2.77> <Storage> <Opcode : 'load' 'store'> <Ports = 2> <Width = 16> <Depth = 64> <RAM>
ST_10 : Operation 121 [1/1] (0.00ns)   --->   "%buf_1_addr_2 = getelementptr i16 %buf_1, i64 0, i64 2" [../dct.c:104]   --->   Operation 121 'getelementptr' 'buf_1_addr_2' <Predicate = true> <Delay = 0.00>
ST_10 : Operation 122 [1/1] (0.00ns)   --->   "%input_r_addr_18 = getelementptr i16 %input_r, i64 0, i64 18" [../dct.c:104]   --->   Operation 122 'getelementptr' 'input_r_addr_18' <Predicate = true> <Delay = 0.00>
ST_10 : Operation 123 [2/2] (0.00ns)   --->   "%input_r_load_18 = load i6 %input_r_addr_18" [../dct.c:104]   --->   Operation 123 'load' 'input_r_load_18' <Predicate = true> <Delay = 0.00> <CoreInst = "RAM">   --->   Core 81 'RAM' <Latency = 1> <II = 1> <Delay = 2.77> <Storage> <Opcode : 'load' 'store'> <Ports = 2> <Width = 16> <Depth = 64> <RAM>
ST_10 : Operation 124 [1/1] (0.00ns)   --->   "%input_r_addr_19 = getelementptr i16 %input_r, i64 0, i64 19" [../dct.c:104]   --->   Operation 124 'getelementptr' 'input_r_addr_19' <Predicate = true> <Delay = 0.00>
ST_10 : Operation 125 [2/2] (0.00ns)   --->   "%input_r_load_19 = load i6 %input_r_addr_19" [../dct.c:104]   --->   Operation 125 'load' 'input_r_load_19' <Predicate = true> <Delay = 0.00> <CoreInst = "RAM">   --->   Core 81 'RAM' <Latency = 1> <II = 1> <Delay = 2.77> <Storage> <Opcode : 'load' 'store'> <Ports = 2> <Width = 16> <Depth = 64> <RAM>
ST_10 : Operation 126 [1/1] ( I:1.75ns O:1.75ns )   --->   "%store_ln104 = store i16 %input_r_load_16, i3 %buf_0_addr_2" [../dct.c:104]   --->   Operation 126 'store' 'store_ln104' <Predicate = true> <Delay = 1.75> <CoreInst = "RAM">   --->   Core 81 'RAM' <Latency = 1> <II = 1> <Delay = 1.75> <Storage> <Opcode : 'load' 'store'> <Ports = 2> <Width = 16> <Depth = 8> <RAM>
ST_10 : Operation 127 [1/1] ( I:1.75ns O:1.75ns )   --->   "%store_ln104 = store i16 %input_r_load_17, i3 %buf_1_addr_2" [../dct.c:104]   --->   Operation 127 'store' 'store_ln104' <Predicate = true> <Delay = 1.75> <CoreInst = "RAM">   --->   Core 81 'RAM' <Latency = 1> <II = 1> <Delay = 1.75> <Storage> <Opcode : 'load' 'store'> <Ports = 2> <Width = 16> <Depth = 8> <RAM>

State 11 <SV = 10> <Delay = 1.75>
ST_11 : Operation 128 [1/2] ( I:0.00ns O:0.00ns )   --->   "%input_r_load_18 = load i6 %input_r_addr_18" [../dct.c:104]   --->   Operation 128 'load' 'input_r_load_18' <Predicate = true> <Delay = 0.00> <CoreInst = "RAM">   --->   Core 81 'RAM' <Latency = 1> <II = 1> <Delay = 2.77> <Storage> <Opcode : 'load' 'store'> <Ports = 2> <Width = 16> <Depth = 64> <RAM>
ST_11 : Operation 129 [1/1] (0.00ns)   --->   "%buf_2_addr_2 = getelementptr i16 %buf_2, i64 0, i64 2" [../dct.c:104]   --->   Operation 129 'getelementptr' 'buf_2_addr_2' <Predicate = true> <Delay = 0.00>
ST_11 : Operation 130 [1/2] ( I:0.00ns O:0.00ns )   --->   "%input_r_load_19 = load i6 %input_r_addr_19" [../dct.c:104]   --->   Operation 130 'load' 'input_r_load_19' <Predicate = true> <Delay = 0.00> <CoreInst = "RAM">   --->   Core 81 'RAM' <Latency = 1> <II = 1> <Delay = 2.77> <Storage> <Opcode : 'load' 'store'> <Ports = 2> <Width = 16> <Depth = 64> <RAM>
ST_11 : Operation 131 [1/1] (0.00ns)   --->   "%buf_3_addr_2 = getelementptr i16 %buf_3, i64 0, i64 2" [../dct.c:104]   --->   Operation 131 'getelementptr' 'buf_3_addr_2' <Predicate = true> <Delay = 0.00>
ST_11 : Operation 132 [1/1] (0.00ns)   --->   "%input_r_addr_20 = getelementptr i16 %input_r, i64 0, i64 20" [../dct.c:104]   --->   Operation 132 'getelementptr' 'input_r_addr_20' <Predicate = true> <Delay = 0.00>
ST_11 : Operation 133 [2/2] (0.00ns)   --->   "%input_r_load_20 = load i6 %input_r_addr_20" [../dct.c:104]   --->   Operation 133 'load' 'input_r_load_20' <Predicate = true> <Delay = 0.00> <CoreInst = "RAM">   --->   Core 81 'RAM' <Latency = 1> <II = 1> <Delay = 2.77> <Storage> <Opcode : 'load' 'store'> <Ports = 2> <Width = 16> <Depth = 64> <RAM>
ST_11 : Operation 134 [1/1] (0.00ns)   --->   "%input_r_addr_21 = getelementptr i16 %input_r, i64 0, i64 21" [../dct.c:104]   --->   Operation 134 'getelementptr' 'input_r_addr_21' <Predicate = true> <Delay = 0.00>
ST_11 : Operation 135 [2/2] (0.00ns)   --->   "%input_r_load_21 = load i6 %input_r_addr_21" [../dct.c:104]   --->   Operation 135 'load' 'input_r_load_21' <Predicate = true> <Delay = 0.00> <CoreInst = "RAM">   --->   Core 81 'RAM' <Latency = 1> <II = 1> <Delay = 2.77> <Storage> <Opcode : 'load' 'store'> <Ports = 2> <Width = 16> <Depth = 64> <RAM>
ST_11 : Operation 136 [1/1] ( I:1.75ns O:1.75ns )   --->   "%store_ln104 = store i16 %input_r_load_18, i3 %buf_2_addr_2" [../dct.c:104]   --->   Operation 136 'store' 'store_ln104' <Predicate = true> <Delay = 1.75> <CoreInst = "RAM">   --->   Core 81 'RAM' <Latency = 1> <II = 1> <Delay = 1.75> <Storage> <Opcode : 'load' 'store'> <Ports = 2> <Width = 16> <Depth = 8> <RAM>
ST_11 : Operation 137 [1/1] ( I:1.75ns O:1.75ns )   --->   "%store_ln104 = store i16 %input_r_load_19, i3 %buf_3_addr_2" [../dct.c:104]   --->   Operation 137 'store' 'store_ln104' <Predicate = true> <Delay = 1.75> <CoreInst = "RAM">   --->   Core 81 'RAM' <Latency = 1> <II = 1> <Delay = 1.75> <Storage> <Opcode : 'load' 'store'> <Ports = 2> <Width = 16> <Depth = 8> <RAM>

State 12 <SV = 11> <Delay = 1.75>
ST_12 : Operation 138 [1/2] ( I:0.00ns O:0.00ns )   --->   "%input_r_load_20 = load i6 %input_r_addr_20" [../dct.c:104]   --->   Operation 138 'load' 'input_r_load_20' <Predicate = true> <Delay = 0.00> <CoreInst = "RAM">   --->   Core 81 'RAM' <Latency = 1> <II = 1> <Delay = 2.77> <Storage> <Opcode : 'load' 'store'> <Ports = 2> <Width = 16> <Depth = 64> <RAM>
ST_12 : Operation 139 [1/1] (0.00ns)   --->   "%buf_4_addr_2 = getelementptr i16 %buf_4, i64 0, i64 2" [../dct.c:104]   --->   Operation 139 'getelementptr' 'buf_4_addr_2' <Predicate = true> <Delay = 0.00>
ST_12 : Operation 140 [1/2] ( I:0.00ns O:0.00ns )   --->   "%input_r_load_21 = load i6 %input_r_addr_21" [../dct.c:104]   --->   Operation 140 'load' 'input_r_load_21' <Predicate = true> <Delay = 0.00> <CoreInst = "RAM">   --->   Core 81 'RAM' <Latency = 1> <II = 1> <Delay = 2.77> <Storage> <Opcode : 'load' 'store'> <Ports = 2> <Width = 16> <Depth = 64> <RAM>
ST_12 : Operation 141 [1/1] (0.00ns)   --->   "%buf_5_addr_2 = getelementptr i16 %buf_5, i64 0, i64 2" [../dct.c:104]   --->   Operation 141 'getelementptr' 'buf_5_addr_2' <Predicate = true> <Delay = 0.00>
ST_12 : Operation 142 [1/1] (0.00ns)   --->   "%input_r_addr_22 = getelementptr i16 %input_r, i64 0, i64 22" [../dct.c:104]   --->   Operation 142 'getelementptr' 'input_r_addr_22' <Predicate = true> <Delay = 0.00>
ST_12 : Operation 143 [2/2] (0.00ns)   --->   "%input_r_load_22 = load i6 %input_r_addr_22" [../dct.c:104]   --->   Operation 143 'load' 'input_r_load_22' <Predicate = true> <Delay = 0.00> <CoreInst = "RAM">   --->   Core 81 'RAM' <Latency = 1> <II = 1> <Delay = 2.77> <Storage> <Opcode : 'load' 'store'> <Ports = 2> <Width = 16> <Depth = 64> <RAM>
ST_12 : Operation 144 [1/1] (0.00ns)   --->   "%input_r_addr_23 = getelementptr i16 %input_r, i64 0, i64 23" [../dct.c:104]   --->   Operation 144 'getelementptr' 'input_r_addr_23' <Predicate = true> <Delay = 0.00>
ST_12 : Operation 145 [2/2] (0.00ns)   --->   "%input_r_load_23 = load i6 %input_r_addr_23" [../dct.c:104]   --->   Operation 145 'load' 'input_r_load_23' <Predicate = true> <Delay = 0.00> <CoreInst = "RAM">   --->   Core 81 'RAM' <Latency = 1> <II = 1> <Delay = 2.77> <Storage> <Opcode : 'load' 'store'> <Ports = 2> <Width = 16> <Depth = 64> <RAM>
ST_12 : Operation 146 [1/1] ( I:1.75ns O:1.75ns )   --->   "%store_ln104 = store i16 %input_r_load_20, i3 %buf_4_addr_2" [../dct.c:104]   --->   Operation 146 'store' 'store_ln104' <Predicate = true> <Delay = 1.75> <CoreInst = "RAM">   --->   Core 81 'RAM' <Latency = 1> <II = 1> <Delay = 1.75> <Storage> <Opcode : 'load' 'store'> <Ports = 2> <Width = 16> <Depth = 8> <RAM>
ST_12 : Operation 147 [1/1] ( I:1.75ns O:1.75ns )   --->   "%store_ln104 = store i16 %input_r_load_21, i3 %buf_5_addr_2" [../dct.c:104]   --->   Operation 147 'store' 'store_ln104' <Predicate = true> <Delay = 1.75> <CoreInst = "RAM">   --->   Core 81 'RAM' <Latency = 1> <II = 1> <Delay = 1.75> <Storage> <Opcode : 'load' 'store'> <Ports = 2> <Width = 16> <Depth = 8> <RAM>

State 13 <SV = 12> <Delay = 1.75>
ST_13 : Operation 148 [1/2] ( I:0.00ns O:0.00ns )   --->   "%input_r_load_22 = load i6 %input_r_addr_22" [../dct.c:104]   --->   Operation 148 'load' 'input_r_load_22' <Predicate = true> <Delay = 0.00> <CoreInst = "RAM">   --->   Core 81 'RAM' <Latency = 1> <II = 1> <Delay = 2.77> <Storage> <Opcode : 'load' 'store'> <Ports = 2> <Width = 16> <Depth = 64> <RAM>
ST_13 : Operation 149 [1/1] (0.00ns)   --->   "%buf_6_addr_2 = getelementptr i16 %buf_6, i64 0, i64 2" [../dct.c:104]   --->   Operation 149 'getelementptr' 'buf_6_addr_2' <Predicate = true> <Delay = 0.00>
ST_13 : Operation 150 [1/2] ( I:0.00ns O:0.00ns )   --->   "%input_r_load_23 = load i6 %input_r_addr_23" [../dct.c:104]   --->   Operation 150 'load' 'input_r_load_23' <Predicate = true> <Delay = 0.00> <CoreInst = "RAM">   --->   Core 81 'RAM' <Latency = 1> <II = 1> <Delay = 2.77> <Storage> <Opcode : 'load' 'store'> <Ports = 2> <Width = 16> <Depth = 64> <RAM>
ST_13 : Operation 151 [1/1] (0.00ns)   --->   "%buf_7_addr_2 = getelementptr i16 %buf_7, i64 0, i64 2" [../dct.c:104]   --->   Operation 151 'getelementptr' 'buf_7_addr_2' <Predicate = true> <Delay = 0.00>
ST_13 : Operation 152 [1/1] (0.00ns)   --->   "%input_r_addr_24 = getelementptr i16 %input_r, i64 0, i64 24" [../dct.c:104]   --->   Operation 152 'getelementptr' 'input_r_addr_24' <Predicate = true> <Delay = 0.00>
ST_13 : Operation 153 [2/2] (0.00ns)   --->   "%input_r_load_24 = load i6 %input_r_addr_24" [../dct.c:104]   --->   Operation 153 'load' 'input_r_load_24' <Predicate = true> <Delay = 0.00> <CoreInst = "RAM">   --->   Core 81 'RAM' <Latency = 1> <II = 1> <Delay = 2.77> <Storage> <Opcode : 'load' 'store'> <Ports = 2> <Width = 16> <Depth = 64> <RAM>
ST_13 : Operation 154 [1/1] (0.00ns)   --->   "%input_r_addr_25 = getelementptr i16 %input_r, i64 0, i64 25" [../dct.c:104]   --->   Operation 154 'getelementptr' 'input_r_addr_25' <Predicate = true> <Delay = 0.00>
ST_13 : Operation 155 [2/2] (0.00ns)   --->   "%input_r_load_25 = load i6 %input_r_addr_25" [../dct.c:104]   --->   Operation 155 'load' 'input_r_load_25' <Predicate = true> <Delay = 0.00> <CoreInst = "RAM">   --->   Core 81 'RAM' <Latency = 1> <II = 1> <Delay = 2.77> <Storage> <Opcode : 'load' 'store'> <Ports = 2> <Width = 16> <Depth = 64> <RAM>
ST_13 : Operation 156 [1/1] ( I:1.75ns O:1.75ns )   --->   "%store_ln104 = store i16 %input_r_load_22, i3 %buf_6_addr_2" [../dct.c:104]   --->   Operation 156 'store' 'store_ln104' <Predicate = true> <Delay = 1.75> <CoreInst = "RAM">   --->   Core 81 'RAM' <Latency = 1> <II = 1> <Delay = 1.75> <Storage> <Opcode : 'load' 'store'> <Ports = 2> <Width = 16> <Depth = 8> <RAM>
ST_13 : Operation 157 [1/1] ( I:1.75ns O:1.75ns )   --->   "%store_ln104 = store i16 %input_r_load_23, i3 %buf_7_addr_2" [../dct.c:104]   --->   Operation 157 'store' 'store_ln104' <Predicate = true> <Delay = 1.75> <CoreInst = "RAM">   --->   Core 81 'RAM' <Latency = 1> <II = 1> <Delay = 1.75> <Storage> <Opcode : 'load' 'store'> <Ports = 2> <Width = 16> <Depth = 8> <RAM>

State 14 <SV = 13> <Delay = 1.75>
ST_14 : Operation 158 [1/2] ( I:0.00ns O:0.00ns )   --->   "%input_r_load_24 = load i6 %input_r_addr_24" [../dct.c:104]   --->   Operation 158 'load' 'input_r_load_24' <Predicate = true> <Delay = 0.00> <CoreInst = "RAM">   --->   Core 81 'RAM' <Latency = 1> <II = 1> <Delay = 2.77> <Storage> <Opcode : 'load' 'store'> <Ports = 2> <Width = 16> <Depth = 64> <RAM>
ST_14 : Operation 159 [1/1] (0.00ns)   --->   "%buf_0_addr_3 = getelementptr i16 %buf_0, i64 0, i64 3" [../dct.c:104]   --->   Operation 159 'getelementptr' 'buf_0_addr_3' <Predicate = true> <Delay = 0.00>
ST_14 : Operation 160 [1/2] ( I:0.00ns O:0.00ns )   --->   "%input_r_load_25 = load i6 %input_r_addr_25" [../dct.c:104]   --->   Operation 160 'load' 'input_r_load_25' <Predicate = true> <Delay = 0.00> <CoreInst = "RAM">   --->   Core 81 'RAM' <Latency = 1> <II = 1> <Delay = 2.77> <Storage> <Opcode : 'load' 'store'> <Ports = 2> <Width = 16> <Depth = 64> <RAM>
ST_14 : Operation 161 [1/1] (0.00ns)   --->   "%buf_1_addr_3 = getelementptr i16 %buf_1, i64 0, i64 3" [../dct.c:104]   --->   Operation 161 'getelementptr' 'buf_1_addr_3' <Predicate = true> <Delay = 0.00>
ST_14 : Operation 162 [1/1] (0.00ns)   --->   "%input_r_addr_26 = getelementptr i16 %input_r, i64 0, i64 26" [../dct.c:104]   --->   Operation 162 'getelementptr' 'input_r_addr_26' <Predicate = true> <Delay = 0.00>
ST_14 : Operation 163 [2/2] (0.00ns)   --->   "%input_r_load_26 = load i6 %input_r_addr_26" [../dct.c:104]   --->   Operation 163 'load' 'input_r_load_26' <Predicate = true> <Delay = 0.00> <CoreInst = "RAM">   --->   Core 81 'RAM' <Latency = 1> <II = 1> <Delay = 2.77> <Storage> <Opcode : 'load' 'store'> <Ports = 2> <Width = 16> <Depth = 64> <RAM>
ST_14 : Operation 164 [1/1] (0.00ns)   --->   "%input_r_addr_27 = getelementptr i16 %input_r, i64 0, i64 27" [../dct.c:104]   --->   Operation 164 'getelementptr' 'input_r_addr_27' <Predicate = true> <Delay = 0.00>
ST_14 : Operation 165 [2/2] (0.00ns)   --->   "%input_r_load_27 = load i6 %input_r_addr_27" [../dct.c:104]   --->   Operation 165 'load' 'input_r_load_27' <Predicate = true> <Delay = 0.00> <CoreInst = "RAM">   --->   Core 81 'RAM' <Latency = 1> <II = 1> <Delay = 2.77> <Storage> <Opcode : 'load' 'store'> <Ports = 2> <Width = 16> <Depth = 64> <RAM>
ST_14 : Operation 166 [1/1] ( I:1.75ns O:1.75ns )   --->   "%store_ln104 = store i16 %input_r_load_24, i3 %buf_0_addr_3" [../dct.c:104]   --->   Operation 166 'store' 'store_ln104' <Predicate = true> <Delay = 1.75> <CoreInst = "RAM">   --->   Core 81 'RAM' <Latency = 1> <II = 1> <Delay = 1.75> <Storage> <Opcode : 'load' 'store'> <Ports = 2> <Width = 16> <Depth = 8> <RAM>
ST_14 : Operation 167 [1/1] ( I:1.75ns O:1.75ns )   --->   "%store_ln104 = store i16 %input_r_load_25, i3 %buf_1_addr_3" [../dct.c:104]   --->   Operation 167 'store' 'store_ln104' <Predicate = true> <Delay = 1.75> <CoreInst = "RAM">   --->   Core 81 'RAM' <Latency = 1> <II = 1> <Delay = 1.75> <Storage> <Opcode : 'load' 'store'> <Ports = 2> <Width = 16> <Depth = 8> <RAM>

State 15 <SV = 14> <Delay = 1.75>
ST_15 : Operation 168 [1/2] ( I:0.00ns O:0.00ns )   --->   "%input_r_load_26 = load i6 %input_r_addr_26" [../dct.c:104]   --->   Operation 168 'load' 'input_r_load_26' <Predicate = true> <Delay = 0.00> <CoreInst = "RAM">   --->   Core 81 'RAM' <Latency = 1> <II = 1> <Delay = 2.77> <Storage> <Opcode : 'load' 'store'> <Ports = 2> <Width = 16> <Depth = 64> <RAM>
ST_15 : Operation 169 [1/1] (0.00ns)   --->   "%buf_2_addr_3 = getelementptr i16 %buf_2, i64 0, i64 3" [../dct.c:104]   --->   Operation 169 'getelementptr' 'buf_2_addr_3' <Predicate = true> <Delay = 0.00>
ST_15 : Operation 170 [1/2] ( I:0.00ns O:0.00ns )   --->   "%input_r_load_27 = load i6 %input_r_addr_27" [../dct.c:104]   --->   Operation 170 'load' 'input_r_load_27' <Predicate = true> <Delay = 0.00> <CoreInst = "RAM">   --->   Core 81 'RAM' <Latency = 1> <II = 1> <Delay = 2.77> <Storage> <Opcode : 'load' 'store'> <Ports = 2> <Width = 16> <Depth = 64> <RAM>
ST_15 : Operation 171 [1/1] (0.00ns)   --->   "%buf_3_addr_3 = getelementptr i16 %buf_3, i64 0, i64 3" [../dct.c:104]   --->   Operation 171 'getelementptr' 'buf_3_addr_3' <Predicate = true> <Delay = 0.00>
ST_15 : Operation 172 [1/1] (0.00ns)   --->   "%input_r_addr_28 = getelementptr i16 %input_r, i64 0, i64 28" [../dct.c:104]   --->   Operation 172 'getelementptr' 'input_r_addr_28' <Predicate = true> <Delay = 0.00>
ST_15 : Operation 173 [2/2] (0.00ns)   --->   "%input_r_load_28 = load i6 %input_r_addr_28" [../dct.c:104]   --->   Operation 173 'load' 'input_r_load_28' <Predicate = true> <Delay = 0.00> <CoreInst = "RAM">   --->   Core 81 'RAM' <Latency = 1> <II = 1> <Delay = 2.77> <Storage> <Opcode : 'load' 'store'> <Ports = 2> <Width = 16> <Depth = 64> <RAM>
ST_15 : Operation 174 [1/1] (0.00ns)   --->   "%input_r_addr_29 = getelementptr i16 %input_r, i64 0, i64 29" [../dct.c:104]   --->   Operation 174 'getelementptr' 'input_r_addr_29' <Predicate = true> <Delay = 0.00>
ST_15 : Operation 175 [2/2] (0.00ns)   --->   "%input_r_load_29 = load i6 %input_r_addr_29" [../dct.c:104]   --->   Operation 175 'load' 'input_r_load_29' <Predicate = true> <Delay = 0.00> <CoreInst = "RAM">   --->   Core 81 'RAM' <Latency = 1> <II = 1> <Delay = 2.77> <Storage> <Opcode : 'load' 'store'> <Ports = 2> <Width = 16> <Depth = 64> <RAM>
ST_15 : Operation 176 [1/1] ( I:1.75ns O:1.75ns )   --->   "%store_ln104 = store i16 %input_r_load_26, i3 %buf_2_addr_3" [../dct.c:104]   --->   Operation 176 'store' 'store_ln104' <Predicate = true> <Delay = 1.75> <CoreInst = "RAM">   --->   Core 81 'RAM' <Latency = 1> <II = 1> <Delay = 1.75> <Storage> <Opcode : 'load' 'store'> <Ports = 2> <Width = 16> <Depth = 8> <RAM>
ST_15 : Operation 177 [1/1] ( I:1.75ns O:1.75ns )   --->   "%store_ln104 = store i16 %input_r_load_27, i3 %buf_3_addr_3" [../dct.c:104]   --->   Operation 177 'store' 'store_ln104' <Predicate = true> <Delay = 1.75> <CoreInst = "RAM">   --->   Core 81 'RAM' <Latency = 1> <II = 1> <Delay = 1.75> <Storage> <Opcode : 'load' 'store'> <Ports = 2> <Width = 16> <Depth = 8> <RAM>

State 16 <SV = 15> <Delay = 1.75>
ST_16 : Operation 178 [1/2] ( I:0.00ns O:0.00ns )   --->   "%input_r_load_28 = load i6 %input_r_addr_28" [../dct.c:104]   --->   Operation 178 'load' 'input_r_load_28' <Predicate = true> <Delay = 0.00> <CoreInst = "RAM">   --->   Core 81 'RAM' <Latency = 1> <II = 1> <Delay = 2.77> <Storage> <Opcode : 'load' 'store'> <Ports = 2> <Width = 16> <Depth = 64> <RAM>
ST_16 : Operation 179 [1/1] (0.00ns)   --->   "%buf_4_addr_3 = getelementptr i16 %buf_4, i64 0, i64 3" [../dct.c:104]   --->   Operation 179 'getelementptr' 'buf_4_addr_3' <Predicate = true> <Delay = 0.00>
ST_16 : Operation 180 [1/2] ( I:0.00ns O:0.00ns )   --->   "%input_r_load_29 = load i6 %input_r_addr_29" [../dct.c:104]   --->   Operation 180 'load' 'input_r_load_29' <Predicate = true> <Delay = 0.00> <CoreInst = "RAM">   --->   Core 81 'RAM' <Latency = 1> <II = 1> <Delay = 2.77> <Storage> <Opcode : 'load' 'store'> <Ports = 2> <Width = 16> <Depth = 64> <RAM>
ST_16 : Operation 181 [1/1] (0.00ns)   --->   "%buf_5_addr_3 = getelementptr i16 %buf_5, i64 0, i64 3" [../dct.c:104]   --->   Operation 181 'getelementptr' 'buf_5_addr_3' <Predicate = true> <Delay = 0.00>
ST_16 : Operation 182 [1/1] (0.00ns)   --->   "%input_r_addr_30 = getelementptr i16 %input_r, i64 0, i64 30" [../dct.c:104]   --->   Operation 182 'getelementptr' 'input_r_addr_30' <Predicate = true> <Delay = 0.00>
ST_16 : Operation 183 [2/2] (0.00ns)   --->   "%input_r_load_30 = load i6 %input_r_addr_30" [../dct.c:104]   --->   Operation 183 'load' 'input_r_load_30' <Predicate = true> <Delay = 0.00> <CoreInst = "RAM">   --->   Core 81 'RAM' <Latency = 1> <II = 1> <Delay = 2.77> <Storage> <Opcode : 'load' 'store'> <Ports = 2> <Width = 16> <Depth = 64> <RAM>
ST_16 : Operation 184 [1/1] (0.00ns)   --->   "%input_r_addr_31 = getelementptr i16 %input_r, i64 0, i64 31" [../dct.c:104]   --->   Operation 184 'getelementptr' 'input_r_addr_31' <Predicate = true> <Delay = 0.00>
ST_16 : Operation 185 [2/2] (0.00ns)   --->   "%input_r_load_31 = load i6 %input_r_addr_31" [../dct.c:104]   --->   Operation 185 'load' 'input_r_load_31' <Predicate = true> <Delay = 0.00> <CoreInst = "RAM">   --->   Core 81 'RAM' <Latency = 1> <II = 1> <Delay = 2.77> <Storage> <Opcode : 'load' 'store'> <Ports = 2> <Width = 16> <Depth = 64> <RAM>
ST_16 : Operation 186 [1/1] ( I:1.75ns O:1.75ns )   --->   "%store_ln104 = store i16 %input_r_load_28, i3 %buf_4_addr_3" [../dct.c:104]   --->   Operation 186 'store' 'store_ln104' <Predicate = true> <Delay = 1.75> <CoreInst = "RAM">   --->   Core 81 'RAM' <Latency = 1> <II = 1> <Delay = 1.75> <Storage> <Opcode : 'load' 'store'> <Ports = 2> <Width = 16> <Depth = 8> <RAM>
ST_16 : Operation 187 [1/1] ( I:1.75ns O:1.75ns )   --->   "%store_ln104 = store i16 %input_r_load_29, i3 %buf_5_addr_3" [../dct.c:104]   --->   Operation 187 'store' 'store_ln104' <Predicate = true> <Delay = 1.75> <CoreInst = "RAM">   --->   Core 81 'RAM' <Latency = 1> <II = 1> <Delay = 1.75> <Storage> <Opcode : 'load' 'store'> <Ports = 2> <Width = 16> <Depth = 8> <RAM>

State 17 <SV = 16> <Delay = 1.75>
ST_17 : Operation 188 [1/2] ( I:0.00ns O:0.00ns )   --->   "%input_r_load_30 = load i6 %input_r_addr_30" [../dct.c:104]   --->   Operation 188 'load' 'input_r_load_30' <Predicate = true> <Delay = 0.00> <CoreInst = "RAM">   --->   Core 81 'RAM' <Latency = 1> <II = 1> <Delay = 2.77> <Storage> <Opcode : 'load' 'store'> <Ports = 2> <Width = 16> <Depth = 64> <RAM>
ST_17 : Operation 189 [1/1] (0.00ns)   --->   "%buf_6_addr_3 = getelementptr i16 %buf_6, i64 0, i64 3" [../dct.c:104]   --->   Operation 189 'getelementptr' 'buf_6_addr_3' <Predicate = true> <Delay = 0.00>
ST_17 : Operation 190 [1/2] ( I:0.00ns O:0.00ns )   --->   "%input_r_load_31 = load i6 %input_r_addr_31" [../dct.c:104]   --->   Operation 190 'load' 'input_r_load_31' <Predicate = true> <Delay = 0.00> <CoreInst = "RAM">   --->   Core 81 'RAM' <Latency = 1> <II = 1> <Delay = 2.77> <Storage> <Opcode : 'load' 'store'> <Ports = 2> <Width = 16> <Depth = 64> <RAM>
ST_17 : Operation 191 [1/1] (0.00ns)   --->   "%buf_7_addr_3 = getelementptr i16 %buf_7, i64 0, i64 3" [../dct.c:104]   --->   Operation 191 'getelementptr' 'buf_7_addr_3' <Predicate = true> <Delay = 0.00>
ST_17 : Operation 192 [1/1] (0.00ns)   --->   "%input_r_addr_32 = getelementptr i16 %input_r, i64 0, i64 32" [../dct.c:104]   --->   Operation 192 'getelementptr' 'input_r_addr_32' <Predicate = true> <Delay = 0.00>
ST_17 : Operation 193 [2/2] (0.00ns)   --->   "%input_r_load_32 = load i6 %input_r_addr_32" [../dct.c:104]   --->   Operation 193 'load' 'input_r_load_32' <Predicate = true> <Delay = 0.00> <CoreInst = "RAM">   --->   Core 81 'RAM' <Latency = 1> <II = 1> <Delay = 2.77> <Storage> <Opcode : 'load' 'store'> <Ports = 2> <Width = 16> <Depth = 64> <RAM>
ST_17 : Operation 194 [1/1] (0.00ns)   --->   "%input_r_addr_33 = getelementptr i16 %input_r, i64 0, i64 33" [../dct.c:104]   --->   Operation 194 'getelementptr' 'input_r_addr_33' <Predicate = true> <Delay = 0.00>
ST_17 : Operation 195 [2/2] (0.00ns)   --->   "%input_r_load_33 = load i6 %input_r_addr_33" [../dct.c:104]   --->   Operation 195 'load' 'input_r_load_33' <Predicate = true> <Delay = 0.00> <CoreInst = "RAM">   --->   Core 81 'RAM' <Latency = 1> <II = 1> <Delay = 2.77> <Storage> <Opcode : 'load' 'store'> <Ports = 2> <Width = 16> <Depth = 64> <RAM>
ST_17 : Operation 196 [1/1] ( I:1.75ns O:1.75ns )   --->   "%store_ln104 = store i16 %input_r_load_30, i3 %buf_6_addr_3" [../dct.c:104]   --->   Operation 196 'store' 'store_ln104' <Predicate = true> <Delay = 1.75> <CoreInst = "RAM">   --->   Core 81 'RAM' <Latency = 1> <II = 1> <Delay = 1.75> <Storage> <Opcode : 'load' 'store'> <Ports = 2> <Width = 16> <Depth = 8> <RAM>
ST_17 : Operation 197 [1/1] ( I:1.75ns O:1.75ns )   --->   "%store_ln104 = store i16 %input_r_load_31, i3 %buf_7_addr_3" [../dct.c:104]   --->   Operation 197 'store' 'store_ln104' <Predicate = true> <Delay = 1.75> <CoreInst = "RAM">   --->   Core 81 'RAM' <Latency = 1> <II = 1> <Delay = 1.75> <Storage> <Opcode : 'load' 'store'> <Ports = 2> <Width = 16> <Depth = 8> <RAM>

State 18 <SV = 17> <Delay = 1.75>
ST_18 : Operation 198 [1/2] ( I:0.00ns O:0.00ns )   --->   "%input_r_load_32 = load i6 %input_r_addr_32" [../dct.c:104]   --->   Operation 198 'load' 'input_r_load_32' <Predicate = true> <Delay = 0.00> <CoreInst = "RAM">   --->   Core 81 'RAM' <Latency = 1> <II = 1> <Delay = 2.77> <Storage> <Opcode : 'load' 'store'> <Ports = 2> <Width = 16> <Depth = 64> <RAM>
ST_18 : Operation 199 [1/1] (0.00ns)   --->   "%buf_0_addr_4 = getelementptr i16 %buf_0, i64 0, i64 4" [../dct.c:104]   --->   Operation 199 'getelementptr' 'buf_0_addr_4' <Predicate = true> <Delay = 0.00>
ST_18 : Operation 200 [1/2] ( I:0.00ns O:0.00ns )   --->   "%input_r_load_33 = load i6 %input_r_addr_33" [../dct.c:104]   --->   Operation 200 'load' 'input_r_load_33' <Predicate = true> <Delay = 0.00> <CoreInst = "RAM">   --->   Core 81 'RAM' <Latency = 1> <II = 1> <Delay = 2.77> <Storage> <Opcode : 'load' 'store'> <Ports = 2> <Width = 16> <Depth = 64> <RAM>
ST_18 : Operation 201 [1/1] (0.00ns)   --->   "%buf_1_addr_4 = getelementptr i16 %buf_1, i64 0, i64 4" [../dct.c:104]   --->   Operation 201 'getelementptr' 'buf_1_addr_4' <Predicate = true> <Delay = 0.00>
ST_18 : Operation 202 [1/1] (0.00ns)   --->   "%input_r_addr_34 = getelementptr i16 %input_r, i64 0, i64 34" [../dct.c:104]   --->   Operation 202 'getelementptr' 'input_r_addr_34' <Predicate = true> <Delay = 0.00>
ST_18 : Operation 203 [2/2] (0.00ns)   --->   "%input_r_load_34 = load i6 %input_r_addr_34" [../dct.c:104]   --->   Operation 203 'load' 'input_r_load_34' <Predicate = true> <Delay = 0.00> <CoreInst = "RAM">   --->   Core 81 'RAM' <Latency = 1> <II = 1> <Delay = 2.77> <Storage> <Opcode : 'load' 'store'> <Ports = 2> <Width = 16> <Depth = 64> <RAM>
ST_18 : Operation 204 [1/1] (0.00ns)   --->   "%input_r_addr_35 = getelementptr i16 %input_r, i64 0, i64 35" [../dct.c:104]   --->   Operation 204 'getelementptr' 'input_r_addr_35' <Predicate = true> <Delay = 0.00>
ST_18 : Operation 205 [2/2] (0.00ns)   --->   "%input_r_load_35 = load i6 %input_r_addr_35" [../dct.c:104]   --->   Operation 205 'load' 'input_r_load_35' <Predicate = true> <Delay = 0.00> <CoreInst = "RAM">   --->   Core 81 'RAM' <Latency = 1> <II = 1> <Delay = 2.77> <Storage> <Opcode : 'load' 'store'> <Ports = 2> <Width = 16> <Depth = 64> <RAM>
ST_18 : Operation 206 [1/1] ( I:1.75ns O:1.75ns )   --->   "%store_ln104 = store i16 %input_r_load_32, i3 %buf_0_addr_4" [../dct.c:104]   --->   Operation 206 'store' 'store_ln104' <Predicate = true> <Delay = 1.75> <CoreInst = "RAM">   --->   Core 81 'RAM' <Latency = 1> <II = 1> <Delay = 1.75> <Storage> <Opcode : 'load' 'store'> <Ports = 2> <Width = 16> <Depth = 8> <RAM>
ST_18 : Operation 207 [1/1] ( I:1.75ns O:1.75ns )   --->   "%store_ln104 = store i16 %input_r_load_33, i3 %buf_1_addr_4" [../dct.c:104]   --->   Operation 207 'store' 'store_ln104' <Predicate = true> <Delay = 1.75> <CoreInst = "RAM">   --->   Core 81 'RAM' <Latency = 1> <II = 1> <Delay = 1.75> <Storage> <Opcode : 'load' 'store'> <Ports = 2> <Width = 16> <Depth = 8> <RAM>

State 19 <SV = 18> <Delay = 1.75>
ST_19 : Operation 208 [1/2] ( I:0.00ns O:0.00ns )   --->   "%input_r_load_34 = load i6 %input_r_addr_34" [../dct.c:104]   --->   Operation 208 'load' 'input_r_load_34' <Predicate = true> <Delay = 0.00> <CoreInst = "RAM">   --->   Core 81 'RAM' <Latency = 1> <II = 1> <Delay = 2.77> <Storage> <Opcode : 'load' 'store'> <Ports = 2> <Width = 16> <Depth = 64> <RAM>
ST_19 : Operation 209 [1/1] (0.00ns)   --->   "%buf_2_addr_4 = getelementptr i16 %buf_2, i64 0, i64 4" [../dct.c:104]   --->   Operation 209 'getelementptr' 'buf_2_addr_4' <Predicate = true> <Delay = 0.00>
ST_19 : Operation 210 [1/2] ( I:0.00ns O:0.00ns )   --->   "%input_r_load_35 = load i6 %input_r_addr_35" [../dct.c:104]   --->   Operation 210 'load' 'input_r_load_35' <Predicate = true> <Delay = 0.00> <CoreInst = "RAM">   --->   Core 81 'RAM' <Latency = 1> <II = 1> <Delay = 2.77> <Storage> <Opcode : 'load' 'store'> <Ports = 2> <Width = 16> <Depth = 64> <RAM>
ST_19 : Operation 211 [1/1] (0.00ns)   --->   "%buf_3_addr_4 = getelementptr i16 %buf_3, i64 0, i64 4" [../dct.c:104]   --->   Operation 211 'getelementptr' 'buf_3_addr_4' <Predicate = true> <Delay = 0.00>
ST_19 : Operation 212 [1/1] (0.00ns)   --->   "%input_r_addr_36 = getelementptr i16 %input_r, i64 0, i64 36" [../dct.c:104]   --->   Operation 212 'getelementptr' 'input_r_addr_36' <Predicate = true> <Delay = 0.00>
ST_19 : Operation 213 [2/2] (0.00ns)   --->   "%input_r_load_36 = load i6 %input_r_addr_36" [../dct.c:104]   --->   Operation 213 'load' 'input_r_load_36' <Predicate = true> <Delay = 0.00> <CoreInst = "RAM">   --->   Core 81 'RAM' <Latency = 1> <II = 1> <Delay = 2.77> <Storage> <Opcode : 'load' 'store'> <Ports = 2> <Width = 16> <Depth = 64> <RAM>
ST_19 : Operation 214 [1/1] (0.00ns)   --->   "%input_r_addr_37 = getelementptr i16 %input_r, i64 0, i64 37" [../dct.c:104]   --->   Operation 214 'getelementptr' 'input_r_addr_37' <Predicate = true> <Delay = 0.00>
ST_19 : Operation 215 [2/2] (0.00ns)   --->   "%input_r_load_37 = load i6 %input_r_addr_37" [../dct.c:104]   --->   Operation 215 'load' 'input_r_load_37' <Predicate = true> <Delay = 0.00> <CoreInst = "RAM">   --->   Core 81 'RAM' <Latency = 1> <II = 1> <Delay = 2.77> <Storage> <Opcode : 'load' 'store'> <Ports = 2> <Width = 16> <Depth = 64> <RAM>
ST_19 : Operation 216 [1/1] ( I:1.75ns O:1.75ns )   --->   "%store_ln104 = store i16 %input_r_load_34, i3 %buf_2_addr_4" [../dct.c:104]   --->   Operation 216 'store' 'store_ln104' <Predicate = true> <Delay = 1.75> <CoreInst = "RAM">   --->   Core 81 'RAM' <Latency = 1> <II = 1> <Delay = 1.75> <Storage> <Opcode : 'load' 'store'> <Ports = 2> <Width = 16> <Depth = 8> <RAM>
ST_19 : Operation 217 [1/1] ( I:1.75ns O:1.75ns )   --->   "%store_ln104 = store i16 %input_r_load_35, i3 %buf_3_addr_4" [../dct.c:104]   --->   Operation 217 'store' 'store_ln104' <Predicate = true> <Delay = 1.75> <CoreInst = "RAM">   --->   Core 81 'RAM' <Latency = 1> <II = 1> <Delay = 1.75> <Storage> <Opcode : 'load' 'store'> <Ports = 2> <Width = 16> <Depth = 8> <RAM>

State 20 <SV = 19> <Delay = 1.75>
ST_20 : Operation 218 [1/2] ( I:0.00ns O:0.00ns )   --->   "%input_r_load_36 = load i6 %input_r_addr_36" [../dct.c:104]   --->   Operation 218 'load' 'input_r_load_36' <Predicate = true> <Delay = 0.00> <CoreInst = "RAM">   --->   Core 81 'RAM' <Latency = 1> <II = 1> <Delay = 2.77> <Storage> <Opcode : 'load' 'store'> <Ports = 2> <Width = 16> <Depth = 64> <RAM>
ST_20 : Operation 219 [1/1] (0.00ns)   --->   "%buf_4_addr_4 = getelementptr i16 %buf_4, i64 0, i64 4" [../dct.c:104]   --->   Operation 219 'getelementptr' 'buf_4_addr_4' <Predicate = true> <Delay = 0.00>
ST_20 : Operation 220 [1/2] ( I:0.00ns O:0.00ns )   --->   "%input_r_load_37 = load i6 %input_r_addr_37" [../dct.c:104]   --->   Operation 220 'load' 'input_r_load_37' <Predicate = true> <Delay = 0.00> <CoreInst = "RAM">   --->   Core 81 'RAM' <Latency = 1> <II = 1> <Delay = 2.77> <Storage> <Opcode : 'load' 'store'> <Ports = 2> <Width = 16> <Depth = 64> <RAM>
ST_20 : Operation 221 [1/1] (0.00ns)   --->   "%buf_5_addr_4 = getelementptr i16 %buf_5, i64 0, i64 4" [../dct.c:104]   --->   Operation 221 'getelementptr' 'buf_5_addr_4' <Predicate = true> <Delay = 0.00>
ST_20 : Operation 222 [1/1] (0.00ns)   --->   "%input_r_addr_38 = getelementptr i16 %input_r, i64 0, i64 38" [../dct.c:104]   --->   Operation 222 'getelementptr' 'input_r_addr_38' <Predicate = true> <Delay = 0.00>
ST_20 : Operation 223 [2/2] (0.00ns)   --->   "%input_r_load_38 = load i6 %input_r_addr_38" [../dct.c:104]   --->   Operation 223 'load' 'input_r_load_38' <Predicate = true> <Delay = 0.00> <CoreInst = "RAM">   --->   Core 81 'RAM' <Latency = 1> <II = 1> <Delay = 2.77> <Storage> <Opcode : 'load' 'store'> <Ports = 2> <Width = 16> <Depth = 64> <RAM>
ST_20 : Operation 224 [1/1] (0.00ns)   --->   "%input_r_addr_39 = getelementptr i16 %input_r, i64 0, i64 39" [../dct.c:104]   --->   Operation 224 'getelementptr' 'input_r_addr_39' <Predicate = true> <Delay = 0.00>
ST_20 : Operation 225 [2/2] (0.00ns)   --->   "%input_r_load_39 = load i6 %input_r_addr_39" [../dct.c:104]   --->   Operation 225 'load' 'input_r_load_39' <Predicate = true> <Delay = 0.00> <CoreInst = "RAM">   --->   Core 81 'RAM' <Latency = 1> <II = 1> <Delay = 2.77> <Storage> <Opcode : 'load' 'store'> <Ports = 2> <Width = 16> <Depth = 64> <RAM>
ST_20 : Operation 226 [1/1] ( I:1.75ns O:1.75ns )   --->   "%store_ln104 = store i16 %input_r_load_36, i3 %buf_4_addr_4" [../dct.c:104]   --->   Operation 226 'store' 'store_ln104' <Predicate = true> <Delay = 1.75> <CoreInst = "RAM">   --->   Core 81 'RAM' <Latency = 1> <II = 1> <Delay = 1.75> <Storage> <Opcode : 'load' 'store'> <Ports = 2> <Width = 16> <Depth = 8> <RAM>
ST_20 : Operation 227 [1/1] ( I:1.75ns O:1.75ns )   --->   "%store_ln104 = store i16 %input_r_load_37, i3 %buf_5_addr_4" [../dct.c:104]   --->   Operation 227 'store' 'store_ln104' <Predicate = true> <Delay = 1.75> <CoreInst = "RAM">   --->   Core 81 'RAM' <Latency = 1> <II = 1> <Delay = 1.75> <Storage> <Opcode : 'load' 'store'> <Ports = 2> <Width = 16> <Depth = 8> <RAM>

State 21 <SV = 20> <Delay = 1.75>
ST_21 : Operation 228 [1/2] ( I:0.00ns O:0.00ns )   --->   "%input_r_load_38 = load i6 %input_r_addr_38" [../dct.c:104]   --->   Operation 228 'load' 'input_r_load_38' <Predicate = true> <Delay = 0.00> <CoreInst = "RAM">   --->   Core 81 'RAM' <Latency = 1> <II = 1> <Delay = 2.77> <Storage> <Opcode : 'load' 'store'> <Ports = 2> <Width = 16> <Depth = 64> <RAM>
ST_21 : Operation 229 [1/1] (0.00ns)   --->   "%buf_6_addr_4 = getelementptr i16 %buf_6, i64 0, i64 4" [../dct.c:104]   --->   Operation 229 'getelementptr' 'buf_6_addr_4' <Predicate = true> <Delay = 0.00>
ST_21 : Operation 230 [1/2] ( I:0.00ns O:0.00ns )   --->   "%input_r_load_39 = load i6 %input_r_addr_39" [../dct.c:104]   --->   Operation 230 'load' 'input_r_load_39' <Predicate = true> <Delay = 0.00> <CoreInst = "RAM">   --->   Core 81 'RAM' <Latency = 1> <II = 1> <Delay = 2.77> <Storage> <Opcode : 'load' 'store'> <Ports = 2> <Width = 16> <Depth = 64> <RAM>
ST_21 : Operation 231 [1/1] (0.00ns)   --->   "%buf_7_addr_4 = getelementptr i16 %buf_7, i64 0, i64 4" [../dct.c:104]   --->   Operation 231 'getelementptr' 'buf_7_addr_4' <Predicate = true> <Delay = 0.00>
ST_21 : Operation 232 [1/1] (0.00ns)   --->   "%input_r_addr_40 = getelementptr i16 %input_r, i64 0, i64 40" [../dct.c:104]   --->   Operation 232 'getelementptr' 'input_r_addr_40' <Predicate = true> <Delay = 0.00>
ST_21 : Operation 233 [2/2] (0.00ns)   --->   "%input_r_load_40 = load i6 %input_r_addr_40" [../dct.c:104]   --->   Operation 233 'load' 'input_r_load_40' <Predicate = true> <Delay = 0.00> <CoreInst = "RAM">   --->   Core 81 'RAM' <Latency = 1> <II = 1> <Delay = 2.77> <Storage> <Opcode : 'load' 'store'> <Ports = 2> <Width = 16> <Depth = 64> <RAM>
ST_21 : Operation 234 [1/1] (0.00ns)   --->   "%input_r_addr_41 = getelementptr i16 %input_r, i64 0, i64 41" [../dct.c:104]   --->   Operation 234 'getelementptr' 'input_r_addr_41' <Predicate = true> <Delay = 0.00>
ST_21 : Operation 235 [2/2] (0.00ns)   --->   "%input_r_load_41 = load i6 %input_r_addr_41" [../dct.c:104]   --->   Operation 235 'load' 'input_r_load_41' <Predicate = true> <Delay = 0.00> <CoreInst = "RAM">   --->   Core 81 'RAM' <Latency = 1> <II = 1> <Delay = 2.77> <Storage> <Opcode : 'load' 'store'> <Ports = 2> <Width = 16> <Depth = 64> <RAM>
ST_21 : Operation 236 [1/1] ( I:1.75ns O:1.75ns )   --->   "%store_ln104 = store i16 %input_r_load_38, i3 %buf_6_addr_4" [../dct.c:104]   --->   Operation 236 'store' 'store_ln104' <Predicate = true> <Delay = 1.75> <CoreInst = "RAM">   --->   Core 81 'RAM' <Latency = 1> <II = 1> <Delay = 1.75> <Storage> <Opcode : 'load' 'store'> <Ports = 2> <Width = 16> <Depth = 8> <RAM>
ST_21 : Operation 237 [1/1] ( I:1.75ns O:1.75ns )   --->   "%store_ln104 = store i16 %input_r_load_39, i3 %buf_7_addr_4" [../dct.c:104]   --->   Operation 237 'store' 'store_ln104' <Predicate = true> <Delay = 1.75> <CoreInst = "RAM">   --->   Core 81 'RAM' <Latency = 1> <II = 1> <Delay = 1.75> <Storage> <Opcode : 'load' 'store'> <Ports = 2> <Width = 16> <Depth = 8> <RAM>

State 22 <SV = 21> <Delay = 1.75>
ST_22 : Operation 238 [1/2] ( I:0.00ns O:0.00ns )   --->   "%input_r_load_40 = load i6 %input_r_addr_40" [../dct.c:104]   --->   Operation 238 'load' 'input_r_load_40' <Predicate = true> <Delay = 0.00> <CoreInst = "RAM">   --->   Core 81 'RAM' <Latency = 1> <II = 1> <Delay = 2.77> <Storage> <Opcode : 'load' 'store'> <Ports = 2> <Width = 16> <Depth = 64> <RAM>
ST_22 : Operation 239 [1/1] (0.00ns)   --->   "%buf_0_addr_5 = getelementptr i16 %buf_0, i64 0, i64 5" [../dct.c:104]   --->   Operation 239 'getelementptr' 'buf_0_addr_5' <Predicate = true> <Delay = 0.00>
ST_22 : Operation 240 [1/2] ( I:0.00ns O:0.00ns )   --->   "%input_r_load_41 = load i6 %input_r_addr_41" [../dct.c:104]   --->   Operation 240 'load' 'input_r_load_41' <Predicate = true> <Delay = 0.00> <CoreInst = "RAM">   --->   Core 81 'RAM' <Latency = 1> <II = 1> <Delay = 2.77> <Storage> <Opcode : 'load' 'store'> <Ports = 2> <Width = 16> <Depth = 64> <RAM>
ST_22 : Operation 241 [1/1] (0.00ns)   --->   "%buf_1_addr_5 = getelementptr i16 %buf_1, i64 0, i64 5" [../dct.c:104]   --->   Operation 241 'getelementptr' 'buf_1_addr_5' <Predicate = true> <Delay = 0.00>
ST_22 : Operation 242 [1/1] (0.00ns)   --->   "%input_r_addr_42 = getelementptr i16 %input_r, i64 0, i64 42" [../dct.c:104]   --->   Operation 242 'getelementptr' 'input_r_addr_42' <Predicate = true> <Delay = 0.00>
ST_22 : Operation 243 [2/2] (0.00ns)   --->   "%input_r_load_42 = load i6 %input_r_addr_42" [../dct.c:104]   --->   Operation 243 'load' 'input_r_load_42' <Predicate = true> <Delay = 0.00> <CoreInst = "RAM">   --->   Core 81 'RAM' <Latency = 1> <II = 1> <Delay = 2.77> <Storage> <Opcode : 'load' 'store'> <Ports = 2> <Width = 16> <Depth = 64> <RAM>
ST_22 : Operation 244 [1/1] (0.00ns)   --->   "%input_r_addr_43 = getelementptr i16 %input_r, i64 0, i64 43" [../dct.c:104]   --->   Operation 244 'getelementptr' 'input_r_addr_43' <Predicate = true> <Delay = 0.00>
ST_22 : Operation 245 [2/2] (0.00ns)   --->   "%input_r_load_43 = load i6 %input_r_addr_43" [../dct.c:104]   --->   Operation 245 'load' 'input_r_load_43' <Predicate = true> <Delay = 0.00> <CoreInst = "RAM">   --->   Core 81 'RAM' <Latency = 1> <II = 1> <Delay = 2.77> <Storage> <Opcode : 'load' 'store'> <Ports = 2> <Width = 16> <Depth = 64> <RAM>
ST_22 : Operation 246 [1/1] ( I:1.75ns O:1.75ns )   --->   "%store_ln104 = store i16 %input_r_load_40, i3 %buf_0_addr_5" [../dct.c:104]   --->   Operation 246 'store' 'store_ln104' <Predicate = true> <Delay = 1.75> <CoreInst = "RAM">   --->   Core 81 'RAM' <Latency = 1> <II = 1> <Delay = 1.75> <Storage> <Opcode : 'load' 'store'> <Ports = 2> <Width = 16> <Depth = 8> <RAM>
ST_22 : Operation 247 [1/1] ( I:1.75ns O:1.75ns )   --->   "%store_ln104 = store i16 %input_r_load_41, i3 %buf_1_addr_5" [../dct.c:104]   --->   Operation 247 'store' 'store_ln104' <Predicate = true> <Delay = 1.75> <CoreInst = "RAM">   --->   Core 81 'RAM' <Latency = 1> <II = 1> <Delay = 1.75> <Storage> <Opcode : 'load' 'store'> <Ports = 2> <Width = 16> <Depth = 8> <RAM>

State 23 <SV = 22> <Delay = 1.75>
ST_23 : Operation 248 [1/2] ( I:0.00ns O:0.00ns )   --->   "%input_r_load_42 = load i6 %input_r_addr_42" [../dct.c:104]   --->   Operation 248 'load' 'input_r_load_42' <Predicate = true> <Delay = 0.00> <CoreInst = "RAM">   --->   Core 81 'RAM' <Latency = 1> <II = 1> <Delay = 2.77> <Storage> <Opcode : 'load' 'store'> <Ports = 2> <Width = 16> <Depth = 64> <RAM>
ST_23 : Operation 249 [1/1] (0.00ns)   --->   "%buf_2_addr_5 = getelementptr i16 %buf_2, i64 0, i64 5" [../dct.c:104]   --->   Operation 249 'getelementptr' 'buf_2_addr_5' <Predicate = true> <Delay = 0.00>
ST_23 : Operation 250 [1/2] ( I:0.00ns O:0.00ns )   --->   "%input_r_load_43 = load i6 %input_r_addr_43" [../dct.c:104]   --->   Operation 250 'load' 'input_r_load_43' <Predicate = true> <Delay = 0.00> <CoreInst = "RAM">   --->   Core 81 'RAM' <Latency = 1> <II = 1> <Delay = 2.77> <Storage> <Opcode : 'load' 'store'> <Ports = 2> <Width = 16> <Depth = 64> <RAM>
ST_23 : Operation 251 [1/1] (0.00ns)   --->   "%buf_3_addr_5 = getelementptr i16 %buf_3, i64 0, i64 5" [../dct.c:104]   --->   Operation 251 'getelementptr' 'buf_3_addr_5' <Predicate = true> <Delay = 0.00>
ST_23 : Operation 252 [1/1] (0.00ns)   --->   "%input_r_addr_44 = getelementptr i16 %input_r, i64 0, i64 44" [../dct.c:104]   --->   Operation 252 'getelementptr' 'input_r_addr_44' <Predicate = true> <Delay = 0.00>
ST_23 : Operation 253 [2/2] (0.00ns)   --->   "%input_r_load_44 = load i6 %input_r_addr_44" [../dct.c:104]   --->   Operation 253 'load' 'input_r_load_44' <Predicate = true> <Delay = 0.00> <CoreInst = "RAM">   --->   Core 81 'RAM' <Latency = 1> <II = 1> <Delay = 2.77> <Storage> <Opcode : 'load' 'store'> <Ports = 2> <Width = 16> <Depth = 64> <RAM>
ST_23 : Operation 254 [1/1] (0.00ns)   --->   "%input_r_addr_45 = getelementptr i16 %input_r, i64 0, i64 45" [../dct.c:104]   --->   Operation 254 'getelementptr' 'input_r_addr_45' <Predicate = true> <Delay = 0.00>
ST_23 : Operation 255 [2/2] (0.00ns)   --->   "%input_r_load_45 = load i6 %input_r_addr_45" [../dct.c:104]   --->   Operation 255 'load' 'input_r_load_45' <Predicate = true> <Delay = 0.00> <CoreInst = "RAM">   --->   Core 81 'RAM' <Latency = 1> <II = 1> <Delay = 2.77> <Storage> <Opcode : 'load' 'store'> <Ports = 2> <Width = 16> <Depth = 64> <RAM>
ST_23 : Operation 256 [1/1] ( I:1.75ns O:1.75ns )   --->   "%store_ln104 = store i16 %input_r_load_42, i3 %buf_2_addr_5" [../dct.c:104]   --->   Operation 256 'store' 'store_ln104' <Predicate = true> <Delay = 1.75> <CoreInst = "RAM">   --->   Core 81 'RAM' <Latency = 1> <II = 1> <Delay = 1.75> <Storage> <Opcode : 'load' 'store'> <Ports = 2> <Width = 16> <Depth = 8> <RAM>
ST_23 : Operation 257 [1/1] ( I:1.75ns O:1.75ns )   --->   "%store_ln104 = store i16 %input_r_load_43, i3 %buf_3_addr_5" [../dct.c:104]   --->   Operation 257 'store' 'store_ln104' <Predicate = true> <Delay = 1.75> <CoreInst = "RAM">   --->   Core 81 'RAM' <Latency = 1> <II = 1> <Delay = 1.75> <Storage> <Opcode : 'load' 'store'> <Ports = 2> <Width = 16> <Depth = 8> <RAM>

State 24 <SV = 23> <Delay = 1.75>
ST_24 : Operation 258 [1/2] ( I:0.00ns O:0.00ns )   --->   "%input_r_load_44 = load i6 %input_r_addr_44" [../dct.c:104]   --->   Operation 258 'load' 'input_r_load_44' <Predicate = true> <Delay = 0.00> <CoreInst = "RAM">   --->   Core 81 'RAM' <Latency = 1> <II = 1> <Delay = 2.77> <Storage> <Opcode : 'load' 'store'> <Ports = 2> <Width = 16> <Depth = 64> <RAM>
ST_24 : Operation 259 [1/1] (0.00ns)   --->   "%buf_4_addr_5 = getelementptr i16 %buf_4, i64 0, i64 5" [../dct.c:104]   --->   Operation 259 'getelementptr' 'buf_4_addr_5' <Predicate = true> <Delay = 0.00>
ST_24 : Operation 260 [1/2] ( I:0.00ns O:0.00ns )   --->   "%input_r_load_45 = load i6 %input_r_addr_45" [../dct.c:104]   --->   Operation 260 'load' 'input_r_load_45' <Predicate = true> <Delay = 0.00> <CoreInst = "RAM">   --->   Core 81 'RAM' <Latency = 1> <II = 1> <Delay = 2.77> <Storage> <Opcode : 'load' 'store'> <Ports = 2> <Width = 16> <Depth = 64> <RAM>
ST_24 : Operation 261 [1/1] (0.00ns)   --->   "%buf_5_addr_5 = getelementptr i16 %buf_5, i64 0, i64 5" [../dct.c:104]   --->   Operation 261 'getelementptr' 'buf_5_addr_5' <Predicate = true> <Delay = 0.00>
ST_24 : Operation 262 [1/1] (0.00ns)   --->   "%input_r_addr_46 = getelementptr i16 %input_r, i64 0, i64 46" [../dct.c:104]   --->   Operation 262 'getelementptr' 'input_r_addr_46' <Predicate = true> <Delay = 0.00>
ST_24 : Operation 263 [2/2] (0.00ns)   --->   "%input_r_load_46 = load i6 %input_r_addr_46" [../dct.c:104]   --->   Operation 263 'load' 'input_r_load_46' <Predicate = true> <Delay = 0.00> <CoreInst = "RAM">   --->   Core 81 'RAM' <Latency = 1> <II = 1> <Delay = 2.77> <Storage> <Opcode : 'load' 'store'> <Ports = 2> <Width = 16> <Depth = 64> <RAM>
ST_24 : Operation 264 [1/1] (0.00ns)   --->   "%input_r_addr_47 = getelementptr i16 %input_r, i64 0, i64 47" [../dct.c:104]   --->   Operation 264 'getelementptr' 'input_r_addr_47' <Predicate = true> <Delay = 0.00>
ST_24 : Operation 265 [2/2] (0.00ns)   --->   "%input_r_load_47 = load i6 %input_r_addr_47" [../dct.c:104]   --->   Operation 265 'load' 'input_r_load_47' <Predicate = true> <Delay = 0.00> <CoreInst = "RAM">   --->   Core 81 'RAM' <Latency = 1> <II = 1> <Delay = 2.77> <Storage> <Opcode : 'load' 'store'> <Ports = 2> <Width = 16> <Depth = 64> <RAM>
ST_24 : Operation 266 [1/1] ( I:1.75ns O:1.75ns )   --->   "%store_ln104 = store i16 %input_r_load_44, i3 %buf_4_addr_5" [../dct.c:104]   --->   Operation 266 'store' 'store_ln104' <Predicate = true> <Delay = 1.75> <CoreInst = "RAM">   --->   Core 81 'RAM' <Latency = 1> <II = 1> <Delay = 1.75> <Storage> <Opcode : 'load' 'store'> <Ports = 2> <Width = 16> <Depth = 8> <RAM>
ST_24 : Operation 267 [1/1] ( I:1.75ns O:1.75ns )   --->   "%store_ln104 = store i16 %input_r_load_45, i3 %buf_5_addr_5" [../dct.c:104]   --->   Operation 267 'store' 'store_ln104' <Predicate = true> <Delay = 1.75> <CoreInst = "RAM">   --->   Core 81 'RAM' <Latency = 1> <II = 1> <Delay = 1.75> <Storage> <Opcode : 'load' 'store'> <Ports = 2> <Width = 16> <Depth = 8> <RAM>

State 25 <SV = 24> <Delay = 1.75>
ST_25 : Operation 268 [1/2] ( I:0.00ns O:0.00ns )   --->   "%input_r_load_46 = load i6 %input_r_addr_46" [../dct.c:104]   --->   Operation 268 'load' 'input_r_load_46' <Predicate = true> <Delay = 0.00> <CoreInst = "RAM">   --->   Core 81 'RAM' <Latency = 1> <II = 1> <Delay = 2.77> <Storage> <Opcode : 'load' 'store'> <Ports = 2> <Width = 16> <Depth = 64> <RAM>
ST_25 : Operation 269 [1/1] (0.00ns)   --->   "%buf_6_addr_5 = getelementptr i16 %buf_6, i64 0, i64 5" [../dct.c:104]   --->   Operation 269 'getelementptr' 'buf_6_addr_5' <Predicate = true> <Delay = 0.00>
ST_25 : Operation 270 [1/2] ( I:0.00ns O:0.00ns )   --->   "%input_r_load_47 = load i6 %input_r_addr_47" [../dct.c:104]   --->   Operation 270 'load' 'input_r_load_47' <Predicate = true> <Delay = 0.00> <CoreInst = "RAM">   --->   Core 81 'RAM' <Latency = 1> <II = 1> <Delay = 2.77> <Storage> <Opcode : 'load' 'store'> <Ports = 2> <Width = 16> <Depth = 64> <RAM>
ST_25 : Operation 271 [1/1] (0.00ns)   --->   "%buf_7_addr_5 = getelementptr i16 %buf_7, i64 0, i64 5" [../dct.c:104]   --->   Operation 271 'getelementptr' 'buf_7_addr_5' <Predicate = true> <Delay = 0.00>
ST_25 : Operation 272 [1/1] (0.00ns)   --->   "%input_r_addr_48 = getelementptr i16 %input_r, i64 0, i64 48" [../dct.c:104]   --->   Operation 272 'getelementptr' 'input_r_addr_48' <Predicate = true> <Delay = 0.00>
ST_25 : Operation 273 [2/2] (0.00ns)   --->   "%input_r_load_48 = load i6 %input_r_addr_48" [../dct.c:104]   --->   Operation 273 'load' 'input_r_load_48' <Predicate = true> <Delay = 0.00> <CoreInst = "RAM">   --->   Core 81 'RAM' <Latency = 1> <II = 1> <Delay = 2.77> <Storage> <Opcode : 'load' 'store'> <Ports = 2> <Width = 16> <Depth = 64> <RAM>
ST_25 : Operation 274 [1/1] (0.00ns)   --->   "%input_r_addr_49 = getelementptr i16 %input_r, i64 0, i64 49" [../dct.c:104]   --->   Operation 274 'getelementptr' 'input_r_addr_49' <Predicate = true> <Delay = 0.00>
ST_25 : Operation 275 [2/2] (0.00ns)   --->   "%input_r_load_49 = load i6 %input_r_addr_49" [../dct.c:104]   --->   Operation 275 'load' 'input_r_load_49' <Predicate = true> <Delay = 0.00> <CoreInst = "RAM">   --->   Core 81 'RAM' <Latency = 1> <II = 1> <Delay = 2.77> <Storage> <Opcode : 'load' 'store'> <Ports = 2> <Width = 16> <Depth = 64> <RAM>
ST_25 : Operation 276 [1/1] ( I:1.75ns O:1.75ns )   --->   "%store_ln104 = store i16 %input_r_load_46, i3 %buf_6_addr_5" [../dct.c:104]   --->   Operation 276 'store' 'store_ln104' <Predicate = true> <Delay = 1.75> <CoreInst = "RAM">   --->   Core 81 'RAM' <Latency = 1> <II = 1> <Delay = 1.75> <Storage> <Opcode : 'load' 'store'> <Ports = 2> <Width = 16> <Depth = 8> <RAM>
ST_25 : Operation 277 [1/1] ( I:1.75ns O:1.75ns )   --->   "%store_ln104 = store i16 %input_r_load_47, i3 %buf_7_addr_5" [../dct.c:104]   --->   Operation 277 'store' 'store_ln104' <Predicate = true> <Delay = 1.75> <CoreInst = "RAM">   --->   Core 81 'RAM' <Latency = 1> <II = 1> <Delay = 1.75> <Storage> <Opcode : 'load' 'store'> <Ports = 2> <Width = 16> <Depth = 8> <RAM>

State 26 <SV = 25> <Delay = 1.75>
ST_26 : Operation 278 [1/2] ( I:0.00ns O:0.00ns )   --->   "%input_r_load_48 = load i6 %input_r_addr_48" [../dct.c:104]   --->   Operation 278 'load' 'input_r_load_48' <Predicate = true> <Delay = 0.00> <CoreInst = "RAM">   --->   Core 81 'RAM' <Latency = 1> <II = 1> <Delay = 2.77> <Storage> <Opcode : 'load' 'store'> <Ports = 2> <Width = 16> <Depth = 64> <RAM>
ST_26 : Operation 279 [1/1] (0.00ns)   --->   "%buf_0_addr_6 = getelementptr i16 %buf_0, i64 0, i64 6" [../dct.c:104]   --->   Operation 279 'getelementptr' 'buf_0_addr_6' <Predicate = true> <Delay = 0.00>
ST_26 : Operation 280 [1/2] ( I:0.00ns O:0.00ns )   --->   "%input_r_load_49 = load i6 %input_r_addr_49" [../dct.c:104]   --->   Operation 280 'load' 'input_r_load_49' <Predicate = true> <Delay = 0.00> <CoreInst = "RAM">   --->   Core 81 'RAM' <Latency = 1> <II = 1> <Delay = 2.77> <Storage> <Opcode : 'load' 'store'> <Ports = 2> <Width = 16> <Depth = 64> <RAM>
ST_26 : Operation 281 [1/1] (0.00ns)   --->   "%buf_1_addr_6 = getelementptr i16 %buf_1, i64 0, i64 6" [../dct.c:104]   --->   Operation 281 'getelementptr' 'buf_1_addr_6' <Predicate = true> <Delay = 0.00>
ST_26 : Operation 282 [1/1] (0.00ns)   --->   "%input_r_addr_50 = getelementptr i16 %input_r, i64 0, i64 50" [../dct.c:104]   --->   Operation 282 'getelementptr' 'input_r_addr_50' <Predicate = true> <Delay = 0.00>
ST_26 : Operation 283 [2/2] (0.00ns)   --->   "%input_r_load_50 = load i6 %input_r_addr_50" [../dct.c:104]   --->   Operation 283 'load' 'input_r_load_50' <Predicate = true> <Delay = 0.00> <CoreInst = "RAM">   --->   Core 81 'RAM' <Latency = 1> <II = 1> <Delay = 2.77> <Storage> <Opcode : 'load' 'store'> <Ports = 2> <Width = 16> <Depth = 64> <RAM>
ST_26 : Operation 284 [1/1] (0.00ns)   --->   "%input_r_addr_51 = getelementptr i16 %input_r, i64 0, i64 51" [../dct.c:104]   --->   Operation 284 'getelementptr' 'input_r_addr_51' <Predicate = true> <Delay = 0.00>
ST_26 : Operation 285 [2/2] (0.00ns)   --->   "%input_r_load_51 = load i6 %input_r_addr_51" [../dct.c:104]   --->   Operation 285 'load' 'input_r_load_51' <Predicate = true> <Delay = 0.00> <CoreInst = "RAM">   --->   Core 81 'RAM' <Latency = 1> <II = 1> <Delay = 2.77> <Storage> <Opcode : 'load' 'store'> <Ports = 2> <Width = 16> <Depth = 64> <RAM>
ST_26 : Operation 286 [1/1] ( I:1.75ns O:1.75ns )   --->   "%store_ln104 = store i16 %input_r_load_48, i3 %buf_0_addr_6" [../dct.c:104]   --->   Operation 286 'store' 'store_ln104' <Predicate = true> <Delay = 1.75> <CoreInst = "RAM">   --->   Core 81 'RAM' <Latency = 1> <II = 1> <Delay = 1.75> <Storage> <Opcode : 'load' 'store'> <Ports = 2> <Width = 16> <Depth = 8> <RAM>
ST_26 : Operation 287 [1/1] ( I:1.75ns O:1.75ns )   --->   "%store_ln104 = store i16 %input_r_load_49, i3 %buf_1_addr_6" [../dct.c:104]   --->   Operation 287 'store' 'store_ln104' <Predicate = true> <Delay = 1.75> <CoreInst = "RAM">   --->   Core 81 'RAM' <Latency = 1> <II = 1> <Delay = 1.75> <Storage> <Opcode : 'load' 'store'> <Ports = 2> <Width = 16> <Depth = 8> <RAM>

State 27 <SV = 26> <Delay = 1.75>
ST_27 : Operation 288 [1/2] ( I:0.00ns O:0.00ns )   --->   "%input_r_load_50 = load i6 %input_r_addr_50" [../dct.c:104]   --->   Operation 288 'load' 'input_r_load_50' <Predicate = true> <Delay = 0.00> <CoreInst = "RAM">   --->   Core 81 'RAM' <Latency = 1> <II = 1> <Delay = 2.77> <Storage> <Opcode : 'load' 'store'> <Ports = 2> <Width = 16> <Depth = 64> <RAM>
ST_27 : Operation 289 [1/1] (0.00ns)   --->   "%buf_2_addr_6 = getelementptr i16 %buf_2, i64 0, i64 6" [../dct.c:104]   --->   Operation 289 'getelementptr' 'buf_2_addr_6' <Predicate = true> <Delay = 0.00>
ST_27 : Operation 290 [1/2] ( I:0.00ns O:0.00ns )   --->   "%input_r_load_51 = load i6 %input_r_addr_51" [../dct.c:104]   --->   Operation 290 'load' 'input_r_load_51' <Predicate = true> <Delay = 0.00> <CoreInst = "RAM">   --->   Core 81 'RAM' <Latency = 1> <II = 1> <Delay = 2.77> <Storage> <Opcode : 'load' 'store'> <Ports = 2> <Width = 16> <Depth = 64> <RAM>
ST_27 : Operation 291 [1/1] (0.00ns)   --->   "%buf_3_addr_6 = getelementptr i16 %buf_3, i64 0, i64 6" [../dct.c:104]   --->   Operation 291 'getelementptr' 'buf_3_addr_6' <Predicate = true> <Delay = 0.00>
ST_27 : Operation 292 [1/1] (0.00ns)   --->   "%input_r_addr_52 = getelementptr i16 %input_r, i64 0, i64 52" [../dct.c:104]   --->   Operation 292 'getelementptr' 'input_r_addr_52' <Predicate = true> <Delay = 0.00>
ST_27 : Operation 293 [2/2] (0.00ns)   --->   "%input_r_load_52 = load i6 %input_r_addr_52" [../dct.c:104]   --->   Operation 293 'load' 'input_r_load_52' <Predicate = true> <Delay = 0.00> <CoreInst = "RAM">   --->   Core 81 'RAM' <Latency = 1> <II = 1> <Delay = 2.77> <Storage> <Opcode : 'load' 'store'> <Ports = 2> <Width = 16> <Depth = 64> <RAM>
ST_27 : Operation 294 [1/1] (0.00ns)   --->   "%input_r_addr_53 = getelementptr i16 %input_r, i64 0, i64 53" [../dct.c:104]   --->   Operation 294 'getelementptr' 'input_r_addr_53' <Predicate = true> <Delay = 0.00>
ST_27 : Operation 295 [2/2] (0.00ns)   --->   "%input_r_load_53 = load i6 %input_r_addr_53" [../dct.c:104]   --->   Operation 295 'load' 'input_r_load_53' <Predicate = true> <Delay = 0.00> <CoreInst = "RAM">   --->   Core 81 'RAM' <Latency = 1> <II = 1> <Delay = 2.77> <Storage> <Opcode : 'load' 'store'> <Ports = 2> <Width = 16> <Depth = 64> <RAM>
ST_27 : Operation 296 [1/1] ( I:1.75ns O:1.75ns )   --->   "%store_ln104 = store i16 %input_r_load_50, i3 %buf_2_addr_6" [../dct.c:104]   --->   Operation 296 'store' 'store_ln104' <Predicate = true> <Delay = 1.75> <CoreInst = "RAM">   --->   Core 81 'RAM' <Latency = 1> <II = 1> <Delay = 1.75> <Storage> <Opcode : 'load' 'store'> <Ports = 2> <Width = 16> <Depth = 8> <RAM>
ST_27 : Operation 297 [1/1] ( I:1.75ns O:1.75ns )   --->   "%store_ln104 = store i16 %input_r_load_51, i3 %buf_3_addr_6" [../dct.c:104]   --->   Operation 297 'store' 'store_ln104' <Predicate = true> <Delay = 1.75> <CoreInst = "RAM">   --->   Core 81 'RAM' <Latency = 1> <II = 1> <Delay = 1.75> <Storage> <Opcode : 'load' 'store'> <Ports = 2> <Width = 16> <Depth = 8> <RAM>

State 28 <SV = 27> <Delay = 1.75>
ST_28 : Operation 298 [1/2] ( I:0.00ns O:0.00ns )   --->   "%input_r_load_52 = load i6 %input_r_addr_52" [../dct.c:104]   --->   Operation 298 'load' 'input_r_load_52' <Predicate = true> <Delay = 0.00> <CoreInst = "RAM">   --->   Core 81 'RAM' <Latency = 1> <II = 1> <Delay = 2.77> <Storage> <Opcode : 'load' 'store'> <Ports = 2> <Width = 16> <Depth = 64> <RAM>
ST_28 : Operation 299 [1/1] (0.00ns)   --->   "%buf_4_addr_6 = getelementptr i16 %buf_4, i64 0, i64 6" [../dct.c:104]   --->   Operation 299 'getelementptr' 'buf_4_addr_6' <Predicate = true> <Delay = 0.00>
ST_28 : Operation 300 [1/2] ( I:0.00ns O:0.00ns )   --->   "%input_r_load_53 = load i6 %input_r_addr_53" [../dct.c:104]   --->   Operation 300 'load' 'input_r_load_53' <Predicate = true> <Delay = 0.00> <CoreInst = "RAM">   --->   Core 81 'RAM' <Latency = 1> <II = 1> <Delay = 2.77> <Storage> <Opcode : 'load' 'store'> <Ports = 2> <Width = 16> <Depth = 64> <RAM>
ST_28 : Operation 301 [1/1] (0.00ns)   --->   "%buf_5_addr_6 = getelementptr i16 %buf_5, i64 0, i64 6" [../dct.c:104]   --->   Operation 301 'getelementptr' 'buf_5_addr_6' <Predicate = true> <Delay = 0.00>
ST_28 : Operation 302 [1/1] (0.00ns)   --->   "%input_r_addr_54 = getelementptr i16 %input_r, i64 0, i64 54" [../dct.c:104]   --->   Operation 302 'getelementptr' 'input_r_addr_54' <Predicate = true> <Delay = 0.00>
ST_28 : Operation 303 [2/2] (0.00ns)   --->   "%input_r_load_54 = load i6 %input_r_addr_54" [../dct.c:104]   --->   Operation 303 'load' 'input_r_load_54' <Predicate = true> <Delay = 0.00> <CoreInst = "RAM">   --->   Core 81 'RAM' <Latency = 1> <II = 1> <Delay = 2.77> <Storage> <Opcode : 'load' 'store'> <Ports = 2> <Width = 16> <Depth = 64> <RAM>
ST_28 : Operation 304 [1/1] (0.00ns)   --->   "%input_r_addr_55 = getelementptr i16 %input_r, i64 0, i64 55" [../dct.c:104]   --->   Operation 304 'getelementptr' 'input_r_addr_55' <Predicate = true> <Delay = 0.00>
ST_28 : Operation 305 [2/2] (0.00ns)   --->   "%input_r_load_55 = load i6 %input_r_addr_55" [../dct.c:104]   --->   Operation 305 'load' 'input_r_load_55' <Predicate = true> <Delay = 0.00> <CoreInst = "RAM">   --->   Core 81 'RAM' <Latency = 1> <II = 1> <Delay = 2.77> <Storage> <Opcode : 'load' 'store'> <Ports = 2> <Width = 16> <Depth = 64> <RAM>
ST_28 : Operation 306 [1/1] ( I:1.75ns O:1.75ns )   --->   "%store_ln104 = store i16 %input_r_load_52, i3 %buf_4_addr_6" [../dct.c:104]   --->   Operation 306 'store' 'store_ln104' <Predicate = true> <Delay = 1.75> <CoreInst = "RAM">   --->   Core 81 'RAM' <Latency = 1> <II = 1> <Delay = 1.75> <Storage> <Opcode : 'load' 'store'> <Ports = 2> <Width = 16> <Depth = 8> <RAM>
ST_28 : Operation 307 [1/1] ( I:1.75ns O:1.75ns )   --->   "%store_ln104 = store i16 %input_r_load_53, i3 %buf_5_addr_6" [../dct.c:104]   --->   Operation 307 'store' 'store_ln104' <Predicate = true> <Delay = 1.75> <CoreInst = "RAM">   --->   Core 81 'RAM' <Latency = 1> <II = 1> <Delay = 1.75> <Storage> <Opcode : 'load' 'store'> <Ports = 2> <Width = 16> <Depth = 8> <RAM>

State 29 <SV = 28> <Delay = 1.75>
ST_29 : Operation 308 [1/2] ( I:0.00ns O:0.00ns )   --->   "%input_r_load_54 = load i6 %input_r_addr_54" [../dct.c:104]   --->   Operation 308 'load' 'input_r_load_54' <Predicate = true> <Delay = 0.00> <CoreInst = "RAM">   --->   Core 81 'RAM' <Latency = 1> <II = 1> <Delay = 2.77> <Storage> <Opcode : 'load' 'store'> <Ports = 2> <Width = 16> <Depth = 64> <RAM>
ST_29 : Operation 309 [1/1] (0.00ns)   --->   "%buf_6_addr_6 = getelementptr i16 %buf_6, i64 0, i64 6" [../dct.c:104]   --->   Operation 309 'getelementptr' 'buf_6_addr_6' <Predicate = true> <Delay = 0.00>
ST_29 : Operation 310 [1/2] ( I:0.00ns O:0.00ns )   --->   "%input_r_load_55 = load i6 %input_r_addr_55" [../dct.c:104]   --->   Operation 310 'load' 'input_r_load_55' <Predicate = true> <Delay = 0.00> <CoreInst = "RAM">   --->   Core 81 'RAM' <Latency = 1> <II = 1> <Delay = 2.77> <Storage> <Opcode : 'load' 'store'> <Ports = 2> <Width = 16> <Depth = 64> <RAM>
ST_29 : Operation 311 [1/1] (0.00ns)   --->   "%buf_7_addr_6 = getelementptr i16 %buf_7, i64 0, i64 6" [../dct.c:104]   --->   Operation 311 'getelementptr' 'buf_7_addr_6' <Predicate = true> <Delay = 0.00>
ST_29 : Operation 312 [1/1] (0.00ns)   --->   "%input_r_addr_56 = getelementptr i16 %input_r, i64 0, i64 56" [../dct.c:104]   --->   Operation 312 'getelementptr' 'input_r_addr_56' <Predicate = true> <Delay = 0.00>
ST_29 : Operation 313 [2/2] (0.00ns)   --->   "%input_r_load_56 = load i6 %input_r_addr_56" [../dct.c:104]   --->   Operation 313 'load' 'input_r_load_56' <Predicate = true> <Delay = 0.00> <CoreInst = "RAM">   --->   Core 81 'RAM' <Latency = 1> <II = 1> <Delay = 2.77> <Storage> <Opcode : 'load' 'store'> <Ports = 2> <Width = 16> <Depth = 64> <RAM>
ST_29 : Operation 314 [1/1] (0.00ns)   --->   "%input_r_addr_57 = getelementptr i16 %input_r, i64 0, i64 57" [../dct.c:104]   --->   Operation 314 'getelementptr' 'input_r_addr_57' <Predicate = true> <Delay = 0.00>
ST_29 : Operation 315 [2/2] (0.00ns)   --->   "%input_r_load_57 = load i6 %input_r_addr_57" [../dct.c:104]   --->   Operation 315 'load' 'input_r_load_57' <Predicate = true> <Delay = 0.00> <CoreInst = "RAM">   --->   Core 81 'RAM' <Latency = 1> <II = 1> <Delay = 2.77> <Storage> <Opcode : 'load' 'store'> <Ports = 2> <Width = 16> <Depth = 64> <RAM>
ST_29 : Operation 316 [1/1] ( I:1.75ns O:1.75ns )   --->   "%store_ln104 = store i16 %input_r_load_54, i3 %buf_6_addr_6" [../dct.c:104]   --->   Operation 316 'store' 'store_ln104' <Predicate = true> <Delay = 1.75> <CoreInst = "RAM">   --->   Core 81 'RAM' <Latency = 1> <II = 1> <Delay = 1.75> <Storage> <Opcode : 'load' 'store'> <Ports = 2> <Width = 16> <Depth = 8> <RAM>
ST_29 : Operation 317 [1/1] ( I:1.75ns O:1.75ns )   --->   "%store_ln104 = store i16 %input_r_load_55, i3 %buf_7_addr_6" [../dct.c:104]   --->   Operation 317 'store' 'store_ln104' <Predicate = true> <Delay = 1.75> <CoreInst = "RAM">   --->   Core 81 'RAM' <Latency = 1> <II = 1> <Delay = 1.75> <Storage> <Opcode : 'load' 'store'> <Ports = 2> <Width = 16> <Depth = 8> <RAM>

State 30 <SV = 29> <Delay = 1.75>
ST_30 : Operation 318 [1/2] ( I:0.00ns O:0.00ns )   --->   "%input_r_load_56 = load i6 %input_r_addr_56" [../dct.c:104]   --->   Operation 318 'load' 'input_r_load_56' <Predicate = true> <Delay = 0.00> <CoreInst = "RAM">   --->   Core 81 'RAM' <Latency = 1> <II = 1> <Delay = 2.77> <Storage> <Opcode : 'load' 'store'> <Ports = 2> <Width = 16> <Depth = 64> <RAM>
ST_30 : Operation 319 [1/1] (0.00ns)   --->   "%buf_0_addr_7 = getelementptr i16 %buf_0, i64 0, i64 7" [../dct.c:104]   --->   Operation 319 'getelementptr' 'buf_0_addr_7' <Predicate = true> <Delay = 0.00>
ST_30 : Operation 320 [1/2] ( I:0.00ns O:0.00ns )   --->   "%input_r_load_57 = load i6 %input_r_addr_57" [../dct.c:104]   --->   Operation 320 'load' 'input_r_load_57' <Predicate = true> <Delay = 0.00> <CoreInst = "RAM">   --->   Core 81 'RAM' <Latency = 1> <II = 1> <Delay = 2.77> <Storage> <Opcode : 'load' 'store'> <Ports = 2> <Width = 16> <Depth = 64> <RAM>
ST_30 : Operation 321 [1/1] (0.00ns)   --->   "%buf_1_addr_7 = getelementptr i16 %buf_1, i64 0, i64 7" [../dct.c:104]   --->   Operation 321 'getelementptr' 'buf_1_addr_7' <Predicate = true> <Delay = 0.00>
ST_30 : Operation 322 [1/1] (0.00ns)   --->   "%input_r_addr_58 = getelementptr i16 %input_r, i64 0, i64 58" [../dct.c:104]   --->   Operation 322 'getelementptr' 'input_r_addr_58' <Predicate = true> <Delay = 0.00>
ST_30 : Operation 323 [2/2] (0.00ns)   --->   "%input_r_load_58 = load i6 %input_r_addr_58" [../dct.c:104]   --->   Operation 323 'load' 'input_r_load_58' <Predicate = true> <Delay = 0.00> <CoreInst = "RAM">   --->   Core 81 'RAM' <Latency = 1> <II = 1> <Delay = 2.77> <Storage> <Opcode : 'load' 'store'> <Ports = 2> <Width = 16> <Depth = 64> <RAM>
ST_30 : Operation 324 [1/1] (0.00ns)   --->   "%input_r_addr_59 = getelementptr i16 %input_r, i64 0, i64 59" [../dct.c:104]   --->   Operation 324 'getelementptr' 'input_r_addr_59' <Predicate = true> <Delay = 0.00>
ST_30 : Operation 325 [2/2] (0.00ns)   --->   "%input_r_load_59 = load i6 %input_r_addr_59" [../dct.c:104]   --->   Operation 325 'load' 'input_r_load_59' <Predicate = true> <Delay = 0.00> <CoreInst = "RAM">   --->   Core 81 'RAM' <Latency = 1> <II = 1> <Delay = 2.77> <Storage> <Opcode : 'load' 'store'> <Ports = 2> <Width = 16> <Depth = 64> <RAM>
ST_30 : Operation 326 [1/1] ( I:1.75ns O:1.75ns )   --->   "%store_ln104 = store i16 %input_r_load_56, i3 %buf_0_addr_7" [../dct.c:104]   --->   Operation 326 'store' 'store_ln104' <Predicate = true> <Delay = 1.75> <CoreInst = "RAM">   --->   Core 81 'RAM' <Latency = 1> <II = 1> <Delay = 1.75> <Storage> <Opcode : 'load' 'store'> <Ports = 2> <Width = 16> <Depth = 8> <RAM>
ST_30 : Operation 327 [1/1] ( I:1.75ns O:1.75ns )   --->   "%store_ln104 = store i16 %input_r_load_57, i3 %buf_1_addr_7" [../dct.c:104]   --->   Operation 327 'store' 'store_ln104' <Predicate = true> <Delay = 1.75> <CoreInst = "RAM">   --->   Core 81 'RAM' <Latency = 1> <II = 1> <Delay = 1.75> <Storage> <Opcode : 'load' 'store'> <Ports = 2> <Width = 16> <Depth = 8> <RAM>

State 31 <SV = 30> <Delay = 1.75>
ST_31 : Operation 328 [1/2] ( I:0.00ns O:0.00ns )   --->   "%input_r_load_58 = load i6 %input_r_addr_58" [../dct.c:104]   --->   Operation 328 'load' 'input_r_load_58' <Predicate = true> <Delay = 0.00> <CoreInst = "RAM">   --->   Core 81 'RAM' <Latency = 1> <II = 1> <Delay = 2.77> <Storage> <Opcode : 'load' 'store'> <Ports = 2> <Width = 16> <Depth = 64> <RAM>
ST_31 : Operation 329 [1/1] (0.00ns)   --->   "%buf_2_addr_7 = getelementptr i16 %buf_2, i64 0, i64 7" [../dct.c:104]   --->   Operation 329 'getelementptr' 'buf_2_addr_7' <Predicate = true> <Delay = 0.00>
ST_31 : Operation 330 [1/2] ( I:0.00ns O:0.00ns )   --->   "%input_r_load_59 = load i6 %input_r_addr_59" [../dct.c:104]   --->   Operation 330 'load' 'input_r_load_59' <Predicate = true> <Delay = 0.00> <CoreInst = "RAM">   --->   Core 81 'RAM' <Latency = 1> <II = 1> <Delay = 2.77> <Storage> <Opcode : 'load' 'store'> <Ports = 2> <Width = 16> <Depth = 64> <RAM>
ST_31 : Operation 331 [1/1] (0.00ns)   --->   "%buf_3_addr_7 = getelementptr i16 %buf_3, i64 0, i64 7" [../dct.c:104]   --->   Operation 331 'getelementptr' 'buf_3_addr_7' <Predicate = true> <Delay = 0.00>
ST_31 : Operation 332 [1/1] (0.00ns)   --->   "%input_r_addr_60 = getelementptr i16 %input_r, i64 0, i64 60" [../dct.c:104]   --->   Operation 332 'getelementptr' 'input_r_addr_60' <Predicate = true> <Delay = 0.00>
ST_31 : Operation 333 [2/2] (0.00ns)   --->   "%input_r_load_60 = load i6 %input_r_addr_60" [../dct.c:104]   --->   Operation 333 'load' 'input_r_load_60' <Predicate = true> <Delay = 0.00> <CoreInst = "RAM">   --->   Core 81 'RAM' <Latency = 1> <II = 1> <Delay = 2.77> <Storage> <Opcode : 'load' 'store'> <Ports = 2> <Width = 16> <Depth = 64> <RAM>
ST_31 : Operation 334 [1/1] (0.00ns)   --->   "%input_r_addr_61 = getelementptr i16 %input_r, i64 0, i64 61" [../dct.c:104]   --->   Operation 334 'getelementptr' 'input_r_addr_61' <Predicate = true> <Delay = 0.00>
ST_31 : Operation 335 [2/2] (0.00ns)   --->   "%input_r_load_61 = load i6 %input_r_addr_61" [../dct.c:104]   --->   Operation 335 'load' 'input_r_load_61' <Predicate = true> <Delay = 0.00> <CoreInst = "RAM">   --->   Core 81 'RAM' <Latency = 1> <II = 1> <Delay = 2.77> <Storage> <Opcode : 'load' 'store'> <Ports = 2> <Width = 16> <Depth = 64> <RAM>
ST_31 : Operation 336 [1/1] ( I:1.75ns O:1.75ns )   --->   "%store_ln104 = store i16 %input_r_load_58, i3 %buf_2_addr_7" [../dct.c:104]   --->   Operation 336 'store' 'store_ln104' <Predicate = true> <Delay = 1.75> <CoreInst = "RAM">   --->   Core 81 'RAM' <Latency = 1> <II = 1> <Delay = 1.75> <Storage> <Opcode : 'load' 'store'> <Ports = 2> <Width = 16> <Depth = 8> <RAM>
ST_31 : Operation 337 [1/1] ( I:1.75ns O:1.75ns )   --->   "%store_ln104 = store i16 %input_r_load_59, i3 %buf_3_addr_7" [../dct.c:104]   --->   Operation 337 'store' 'store_ln104' <Predicate = true> <Delay = 1.75> <CoreInst = "RAM">   --->   Core 81 'RAM' <Latency = 1> <II = 1> <Delay = 1.75> <Storage> <Opcode : 'load' 'store'> <Ports = 2> <Width = 16> <Depth = 8> <RAM>

State 32 <SV = 31> <Delay = 1.75>
ST_32 : Operation 338 [1/2] ( I:0.00ns O:0.00ns )   --->   "%input_r_load_60 = load i6 %input_r_addr_60" [../dct.c:104]   --->   Operation 338 'load' 'input_r_load_60' <Predicate = true> <Delay = 0.00> <CoreInst = "RAM">   --->   Core 81 'RAM' <Latency = 1> <II = 1> <Delay = 2.77> <Storage> <Opcode : 'load' 'store'> <Ports = 2> <Width = 16> <Depth = 64> <RAM>
ST_32 : Operation 339 [1/1] (0.00ns)   --->   "%buf_4_addr_7 = getelementptr i16 %buf_4, i64 0, i64 7" [../dct.c:104]   --->   Operation 339 'getelementptr' 'buf_4_addr_7' <Predicate = true> <Delay = 0.00>
ST_32 : Operation 340 [1/2] ( I:0.00ns O:0.00ns )   --->   "%input_r_load_61 = load i6 %input_r_addr_61" [../dct.c:104]   --->   Operation 340 'load' 'input_r_load_61' <Predicate = true> <Delay = 0.00> <CoreInst = "RAM">   --->   Core 81 'RAM' <Latency = 1> <II = 1> <Delay = 2.77> <Storage> <Opcode : 'load' 'store'> <Ports = 2> <Width = 16> <Depth = 64> <RAM>
ST_32 : Operation 341 [1/1] (0.00ns)   --->   "%buf_5_addr_7 = getelementptr i16 %buf_5, i64 0, i64 7" [../dct.c:104]   --->   Operation 341 'getelementptr' 'buf_5_addr_7' <Predicate = true> <Delay = 0.00>
ST_32 : Operation 342 [1/1] (0.00ns)   --->   "%input_r_addr_62 = getelementptr i16 %input_r, i64 0, i64 62" [../dct.c:104]   --->   Operation 342 'getelementptr' 'input_r_addr_62' <Predicate = true> <Delay = 0.00>
ST_32 : Operation 343 [2/2] (0.00ns)   --->   "%input_r_load_62 = load i6 %input_r_addr_62" [../dct.c:104]   --->   Operation 343 'load' 'input_r_load_62' <Predicate = true> <Delay = 0.00> <CoreInst = "RAM">   --->   Core 81 'RAM' <Latency = 1> <II = 1> <Delay = 2.77> <Storage> <Opcode : 'load' 'store'> <Ports = 2> <Width = 16> <Depth = 64> <RAM>
ST_32 : Operation 344 [1/1] (0.00ns)   --->   "%input_r_addr_63 = getelementptr i16 %input_r, i64 0, i64 63" [../dct.c:104]   --->   Operation 344 'getelementptr' 'input_r_addr_63' <Predicate = true> <Delay = 0.00>
ST_32 : Operation 345 [2/2] (0.00ns)   --->   "%input_r_load_63 = load i6 %input_r_addr_63" [../dct.c:104]   --->   Operation 345 'load' 'input_r_load_63' <Predicate = true> <Delay = 0.00> <CoreInst = "RAM">   --->   Core 81 'RAM' <Latency = 1> <II = 1> <Delay = 2.77> <Storage> <Opcode : 'load' 'store'> <Ports = 2> <Width = 16> <Depth = 64> <RAM>
ST_32 : Operation 346 [1/1] ( I:1.75ns O:1.75ns )   --->   "%store_ln104 = store i16 %input_r_load_60, i3 %buf_4_addr_7" [../dct.c:104]   --->   Operation 346 'store' 'store_ln104' <Predicate = true> <Delay = 1.75> <CoreInst = "RAM">   --->   Core 81 'RAM' <Latency = 1> <II = 1> <Delay = 1.75> <Storage> <Opcode : 'load' 'store'> <Ports = 2> <Width = 16> <Depth = 8> <RAM>
ST_32 : Operation 347 [1/1] ( I:1.75ns O:1.75ns )   --->   "%store_ln104 = store i16 %input_r_load_61, i3 %buf_5_addr_7" [../dct.c:104]   --->   Operation 347 'store' 'store_ln104' <Predicate = true> <Delay = 1.75> <CoreInst = "RAM">   --->   Core 81 'RAM' <Latency = 1> <II = 1> <Delay = 1.75> <Storage> <Opcode : 'load' 'store'> <Ports = 2> <Width = 16> <Depth = 8> <RAM>

State 33 <SV = 32> <Delay = 1.75>
ST_33 : Operation 348 [1/1] (0.00ns)   --->   "%specinterface_ln0 = specinterface void @_ssdm_op_SpecInterface, i16 %input_r, void @empty, i32 0, i32 0, void @empty_0, i32 4294967295, i32 0, void @empty_0, void @empty_0, void @empty_0, i32 0, i32 0, i32 0, i32 0, void @empty_0, void @empty_0, i32 4294967295, i32 0, i32 0, i32 0"   --->   Operation 348 'specinterface' 'specinterface_ln0' <Predicate = true> <Delay = 0.00>
ST_33 : Operation 349 [1/1] (0.00ns)   --->   "%specpipeline_ln98 = specpipeline void @_ssdm_op_SpecPipeline, i32 1, i32 0, i32 0, i32 0, i32 4294967295, void @empty_0" [../dct.c:98]   --->   Operation 349 'specpipeline' 'specpipeline_ln98' <Predicate = true> <Delay = 0.00>
ST_33 : Operation 350 [1/2] ( I:0.00ns O:0.00ns )   --->   "%input_r_load_62 = load i6 %input_r_addr_62" [../dct.c:104]   --->   Operation 350 'load' 'input_r_load_62' <Predicate = true> <Delay = 0.00> <CoreInst = "RAM">   --->   Core 81 'RAM' <Latency = 1> <II = 1> <Delay = 2.77> <Storage> <Opcode : 'load' 'store'> <Ports = 2> <Width = 16> <Depth = 64> <RAM>
ST_33 : Operation 351 [1/1] (0.00ns)   --->   "%buf_6_addr_7 = getelementptr i16 %buf_6, i64 0, i64 7" [../dct.c:104]   --->   Operation 351 'getelementptr' 'buf_6_addr_7' <Predicate = true> <Delay = 0.00>
ST_33 : Operation 352 [1/2] ( I:0.00ns O:0.00ns )   --->   "%input_r_load_63 = load i6 %input_r_addr_63" [../dct.c:104]   --->   Operation 352 'load' 'input_r_load_63' <Predicate = true> <Delay = 0.00> <CoreInst = "RAM">   --->   Core 81 'RAM' <Latency = 1> <II = 1> <Delay = 2.77> <Storage> <Opcode : 'load' 'store'> <Ports = 2> <Width = 16> <Depth = 64> <RAM>
ST_33 : Operation 353 [1/1] (0.00ns)   --->   "%buf_7_addr_7 = getelementptr i16 %buf_7, i64 0, i64 7" [../dct.c:104]   --->   Operation 353 'getelementptr' 'buf_7_addr_7' <Predicate = true> <Delay = 0.00>
ST_33 : Operation 354 [1/1] ( I:1.75ns O:1.75ns )   --->   "%store_ln104 = store i16 %input_r_load_62, i3 %buf_6_addr_7" [../dct.c:104]   --->   Operation 354 'store' 'store_ln104' <Predicate = true> <Delay = 1.75> <CoreInst = "RAM">   --->   Core 81 'RAM' <Latency = 1> <II = 1> <Delay = 1.75> <Storage> <Opcode : 'load' 'store'> <Ports = 2> <Width = 16> <Depth = 8> <RAM>
ST_33 : Operation 355 [1/1] ( I:1.75ns O:1.75ns )   --->   "%store_ln104 = store i16 %input_r_load_63, i3 %buf_7_addr_7" [../dct.c:104]   --->   Operation 355 'store' 'store_ln104' <Predicate = true> <Delay = 1.75> <CoreInst = "RAM">   --->   Core 81 'RAM' <Latency = 1> <II = 1> <Delay = 1.75> <Storage> <Opcode : 'load' 'store'> <Ports = 2> <Width = 16> <Depth = 8> <RAM>
ST_33 : Operation 356 [1/1] (0.00ns)   --->   "%ret_ln106 = ret" [../dct.c:106]   --->   Operation 356 'ret' 'ret_ln106' <Predicate = true> <Delay = 0.00>


============================================================
+ Verbose Summary: Binding
============================================================
STG Binding: 
---------------- STG Properties BEGIN ----------------
- Is combinational: 0
- Is one-state seq: 0
- Is datapath-only: 0
- Is pipelined: 1
- Is top level: 0
Port [ Return ] is wired: 1; IO mode=ap_ctrl_hs:ce=0
Port [ input_r]:  wired=1; compound=1; hidden=0; nouse=0; global=0; static=0; extern=0; dir=0; type=1; pingpong=0; private_global=0; MemPort=[11]; IO mode=ap_memory:ce=0
Port [ buf_0]:  wired=1; compound=1; hidden=0; nouse=0; global=0; static=0; extern=0; dir=1; type=1; pingpong=0; private_global=0; MemPort=[03]; IO mode=ap_memory:ce=0
Port [ buf_1]:  wired=1; compound=1; hidden=0; nouse=0; global=0; static=0; extern=0; dir=1; type=1; pingpong=0; private_global=0; MemPort=[03]; IO mode=ap_memory:ce=0
Port [ buf_2]:  wired=1; compound=1; hidden=0; nouse=0; global=0; static=0; extern=0; dir=1; type=1; pingpong=0; private_global=0; MemPort=[03]; IO mode=ap_memory:ce=0
Port [ buf_3]:  wired=1; compound=1; hidden=0; nouse=0; global=0; static=0; extern=0; dir=1; type=1; pingpong=0; private_global=0; MemPort=[03]; IO mode=ap_memory:ce=0
Port [ buf_4]:  wired=1; compound=1; hidden=0; nouse=0; global=0; static=0; extern=0; dir=1; type=1; pingpong=0; private_global=0; MemPort=[03]; IO mode=ap_memory:ce=0
Port [ buf_5]:  wired=1; compound=1; hidden=0; nouse=0; global=0; static=0; extern=0; dir=1; type=1; pingpong=0; private_global=0; MemPort=[03]; IO mode=ap_memory:ce=0
Port [ buf_6]:  wired=1; compound=1; hidden=0; nouse=0; global=0; static=0; extern=0; dir=1; type=1; pingpong=0; private_global=0; MemPort=[03]; IO mode=ap_memory:ce=0
Port [ buf_7]:  wired=1; compound=1; hidden=0; nouse=0; global=0; static=0; extern=0; dir=1; type=1; pingpong=0; private_global=0; MemPort=[03]; IO mode=ap_memory:ce=0
---------------- STG Properties END ------------------

---------------- Datapath Model BEGIN ----------------

<LifeTime>
<method=bitvector/>
input_r_addr      (getelementptr) [ 0010000000000000000000000000000000]
input_r_addr_1    (getelementptr) [ 0010000000000000000000000000000000]
input_r_load      (load         ) [ 0000000000000000000000000000000000]
buf_0_addr        (getelementptr) [ 0000000000000000000000000000000000]
input_r_load_1    (load         ) [ 0000000000000000000000000000000000]
buf_1_addr        (getelementptr) [ 0000000000000000000000000000000000]
input_r_addr_2    (getelementptr) [ 0001000000000000000000000000000000]
input_r_addr_3    (getelementptr) [ 0001000000000000000000000000000000]
store_ln104       (store        ) [ 0000000000000000000000000000000000]
store_ln104       (store        ) [ 0000000000000000000000000000000000]
input_r_load_2    (load         ) [ 0000000000000000000000000000000000]
buf_2_addr        (getelementptr) [ 0000000000000000000000000000000000]
input_r_load_3    (load         ) [ 0000000000000000000000000000000000]
buf_3_addr        (getelementptr) [ 0000000000000000000000000000000000]
input_r_addr_4    (getelementptr) [ 0000100000000000000000000000000000]
input_r_addr_5    (getelementptr) [ 0000100000000000000000000000000000]
store_ln104       (store        ) [ 0000000000000000000000000000000000]
store_ln104       (store        ) [ 0000000000000000000000000000000000]
input_r_load_4    (load         ) [ 0000000000000000000000000000000000]
buf_4_addr        (getelementptr) [ 0000000000000000000000000000000000]
input_r_load_5    (load         ) [ 0000000000000000000000000000000000]
buf_5_addr        (getelementptr) [ 0000000000000000000000000000000000]
input_r_addr_6    (getelementptr) [ 0000010000000000000000000000000000]
input_r_addr_7    (getelementptr) [ 0000010000000000000000000000000000]
store_ln104       (store        ) [ 0000000000000000000000000000000000]
store_ln104       (store        ) [ 0000000000000000000000000000000000]
input_r_load_6    (load         ) [ 0000000000000000000000000000000000]
buf_6_addr        (getelementptr) [ 0000000000000000000000000000000000]
input_r_load_7    (load         ) [ 0000000000000000000000000000000000]
buf_7_addr        (getelementptr) [ 0000000000000000000000000000000000]
input_r_addr_8    (getelementptr) [ 0000001000000000000000000000000000]
input_r_addr_9    (getelementptr) [ 0000001000000000000000000000000000]
store_ln104       (store        ) [ 0000000000000000000000000000000000]
store_ln104       (store        ) [ 0000000000000000000000000000000000]
input_r_load_8    (load         ) [ 0000000000000000000000000000000000]
buf_0_addr_1      (getelementptr) [ 0000000000000000000000000000000000]
input_r_load_9    (load         ) [ 0000000000000000000000000000000000]
buf_1_addr_1      (getelementptr) [ 0000000000000000000000000000000000]
input_r_addr_10   (getelementptr) [ 0000000100000000000000000000000000]
input_r_addr_11   (getelementptr) [ 0000000100000000000000000000000000]
store_ln104       (store        ) [ 0000000000000000000000000000000000]
store_ln104       (store        ) [ 0000000000000000000000000000000000]
input_r_load_10   (load         ) [ 0000000000000000000000000000000000]
buf_2_addr_1      (getelementptr) [ 0000000000000000000000000000000000]
input_r_load_11   (load         ) [ 0000000000000000000000000000000000]
buf_3_addr_1      (getelementptr) [ 0000000000000000000000000000000000]
input_r_addr_12   (getelementptr) [ 0000000010000000000000000000000000]
input_r_addr_13   (getelementptr) [ 0000000010000000000000000000000000]
store_ln104       (store        ) [ 0000000000000000000000000000000000]
store_ln104       (store        ) [ 0000000000000000000000000000000000]
input_r_load_12   (load         ) [ 0000000000000000000000000000000000]
buf_4_addr_1      (getelementptr) [ 0000000000000000000000000000000000]
input_r_load_13   (load         ) [ 0000000000000000000000000000000000]
buf_5_addr_1      (getelementptr) [ 0000000000000000000000000000000000]
input_r_addr_14   (getelementptr) [ 0000000001000000000000000000000000]
input_r_addr_15   (getelementptr) [ 0000000001000000000000000000000000]
store_ln104       (store        ) [ 0000000000000000000000000000000000]
store_ln104       (store        ) [ 0000000000000000000000000000000000]
input_r_load_14   (load         ) [ 0000000000000000000000000000000000]
buf_6_addr_1      (getelementptr) [ 0000000000000000000000000000000000]
input_r_load_15   (load         ) [ 0000000000000000000000000000000000]
buf_7_addr_1      (getelementptr) [ 0000000000000000000000000000000000]
input_r_addr_16   (getelementptr) [ 0000000000100000000000000000000000]
input_r_addr_17   (getelementptr) [ 0000000000100000000000000000000000]
store_ln104       (store        ) [ 0000000000000000000000000000000000]
store_ln104       (store        ) [ 0000000000000000000000000000000000]
input_r_load_16   (load         ) [ 0000000000000000000000000000000000]
buf_0_addr_2      (getelementptr) [ 0000000000000000000000000000000000]
input_r_load_17   (load         ) [ 0000000000000000000000000000000000]
buf_1_addr_2      (getelementptr) [ 0000000000000000000000000000000000]
input_r_addr_18   (getelementptr) [ 0000000000010000000000000000000000]
input_r_addr_19   (getelementptr) [ 0000000000010000000000000000000000]
store_ln104       (store        ) [ 0000000000000000000000000000000000]
store_ln104       (store        ) [ 0000000000000000000000000000000000]
input_r_load_18   (load         ) [ 0000000000000000000000000000000000]
buf_2_addr_2      (getelementptr) [ 0000000000000000000000000000000000]
input_r_load_19   (load         ) [ 0000000000000000000000000000000000]
buf_3_addr_2      (getelementptr) [ 0000000000000000000000000000000000]
input_r_addr_20   (getelementptr) [ 0000000000001000000000000000000000]
input_r_addr_21   (getelementptr) [ 0000000000001000000000000000000000]
store_ln104       (store        ) [ 0000000000000000000000000000000000]
store_ln104       (store        ) [ 0000000000000000000000000000000000]
input_r_load_20   (load         ) [ 0000000000000000000000000000000000]
buf_4_addr_2      (getelementptr) [ 0000000000000000000000000000000000]
input_r_load_21   (load         ) [ 0000000000000000000000000000000000]
buf_5_addr_2      (getelementptr) [ 0000000000000000000000000000000000]
input_r_addr_22   (getelementptr) [ 0000000000000100000000000000000000]
input_r_addr_23   (getelementptr) [ 0000000000000100000000000000000000]
store_ln104       (store        ) [ 0000000000000000000000000000000000]
store_ln104       (store        ) [ 0000000000000000000000000000000000]
input_r_load_22   (load         ) [ 0000000000000000000000000000000000]
buf_6_addr_2      (getelementptr) [ 0000000000000000000000000000000000]
input_r_load_23   (load         ) [ 0000000000000000000000000000000000]
buf_7_addr_2      (getelementptr) [ 0000000000000000000000000000000000]
input_r_addr_24   (getelementptr) [ 0000000000000010000000000000000000]
input_r_addr_25   (getelementptr) [ 0000000000000010000000000000000000]
store_ln104       (store        ) [ 0000000000000000000000000000000000]
store_ln104       (store        ) [ 0000000000000000000000000000000000]
input_r_load_24   (load         ) [ 0000000000000000000000000000000000]
buf_0_addr_3      (getelementptr) [ 0000000000000000000000000000000000]
input_r_load_25   (load         ) [ 0000000000000000000000000000000000]
buf_1_addr_3      (getelementptr) [ 0000000000000000000000000000000000]
input_r_addr_26   (getelementptr) [ 0000000000000001000000000000000000]
input_r_addr_27   (getelementptr) [ 0000000000000001000000000000000000]
store_ln104       (store        ) [ 0000000000000000000000000000000000]
store_ln104       (store        ) [ 0000000000000000000000000000000000]
input_r_load_26   (load         ) [ 0000000000000000000000000000000000]
buf_2_addr_3      (getelementptr) [ 0000000000000000000000000000000000]
input_r_load_27   (load         ) [ 0000000000000000000000000000000000]
buf_3_addr_3      (getelementptr) [ 0000000000000000000000000000000000]
input_r_addr_28   (getelementptr) [ 0000000000000000100000000000000000]
input_r_addr_29   (getelementptr) [ 0000000000000000100000000000000000]
store_ln104       (store        ) [ 0000000000000000000000000000000000]
store_ln104       (store        ) [ 0000000000000000000000000000000000]
input_r_load_28   (load         ) [ 0000000000000000000000000000000000]
buf_4_addr_3      (getelementptr) [ 0000000000000000000000000000000000]
input_r_load_29   (load         ) [ 0000000000000000000000000000000000]
buf_5_addr_3      (getelementptr) [ 0000000000000000000000000000000000]
input_r_addr_30   (getelementptr) [ 0000000000000000010000000000000000]
input_r_addr_31   (getelementptr) [ 0000000000000000010000000000000000]
store_ln104       (store        ) [ 0000000000000000000000000000000000]
store_ln104       (store        ) [ 0000000000000000000000000000000000]
input_r_load_30   (load         ) [ 0000000000000000000000000000000000]
buf_6_addr_3      (getelementptr) [ 0000000000000000000000000000000000]
input_r_load_31   (load         ) [ 0000000000000000000000000000000000]
buf_7_addr_3      (getelementptr) [ 0000000000000000000000000000000000]
input_r_addr_32   (getelementptr) [ 0000000000000000001000000000000000]
input_r_addr_33   (getelementptr) [ 0000000000000000001000000000000000]
store_ln104       (store        ) [ 0000000000000000000000000000000000]
store_ln104       (store        ) [ 0000000000000000000000000000000000]
input_r_load_32   (load         ) [ 0000000000000000000000000000000000]
buf_0_addr_4      (getelementptr) [ 0000000000000000000000000000000000]
input_r_load_33   (load         ) [ 0000000000000000000000000000000000]
buf_1_addr_4      (getelementptr) [ 0000000000000000000000000000000000]
input_r_addr_34   (getelementptr) [ 0000000000000000000100000000000000]
input_r_addr_35   (getelementptr) [ 0000000000000000000100000000000000]
store_ln104       (store        ) [ 0000000000000000000000000000000000]
store_ln104       (store        ) [ 0000000000000000000000000000000000]
input_r_load_34   (load         ) [ 0000000000000000000000000000000000]
buf_2_addr_4      (getelementptr) [ 0000000000000000000000000000000000]
input_r_load_35   (load         ) [ 0000000000000000000000000000000000]
buf_3_addr_4      (getelementptr) [ 0000000000000000000000000000000000]
input_r_addr_36   (getelementptr) [ 0000000000000000000010000000000000]
input_r_addr_37   (getelementptr) [ 0000000000000000000010000000000000]
store_ln104       (store        ) [ 0000000000000000000000000000000000]
store_ln104       (store        ) [ 0000000000000000000000000000000000]
input_r_load_36   (load         ) [ 0000000000000000000000000000000000]
buf_4_addr_4      (getelementptr) [ 0000000000000000000000000000000000]
input_r_load_37   (load         ) [ 0000000000000000000000000000000000]
buf_5_addr_4      (getelementptr) [ 0000000000000000000000000000000000]
input_r_addr_38   (getelementptr) [ 0000000000000000000001000000000000]
input_r_addr_39   (getelementptr) [ 0000000000000000000001000000000000]
store_ln104       (store        ) [ 0000000000000000000000000000000000]
store_ln104       (store        ) [ 0000000000000000000000000000000000]
input_r_load_38   (load         ) [ 0000000000000000000000000000000000]
buf_6_addr_4      (getelementptr) [ 0000000000000000000000000000000000]
input_r_load_39   (load         ) [ 0000000000000000000000000000000000]
buf_7_addr_4      (getelementptr) [ 0000000000000000000000000000000000]
input_r_addr_40   (getelementptr) [ 0000000000000000000000100000000000]
input_r_addr_41   (getelementptr) [ 0000000000000000000000100000000000]
store_ln104       (store        ) [ 0000000000000000000000000000000000]
store_ln104       (store        ) [ 0000000000000000000000000000000000]
input_r_load_40   (load         ) [ 0000000000000000000000000000000000]
buf_0_addr_5      (getelementptr) [ 0000000000000000000000000000000000]
input_r_load_41   (load         ) [ 0000000000000000000000000000000000]
buf_1_addr_5      (getelementptr) [ 0000000000000000000000000000000000]
input_r_addr_42   (getelementptr) [ 0000000000000000000000010000000000]
input_r_addr_43   (getelementptr) [ 0000000000000000000000010000000000]
store_ln104       (store        ) [ 0000000000000000000000000000000000]
store_ln104       (store        ) [ 0000000000000000000000000000000000]
input_r_load_42   (load         ) [ 0000000000000000000000000000000000]
buf_2_addr_5      (getelementptr) [ 0000000000000000000000000000000000]
input_r_load_43   (load         ) [ 0000000000000000000000000000000000]
buf_3_addr_5      (getelementptr) [ 0000000000000000000000000000000000]
input_r_addr_44   (getelementptr) [ 0000000000000000000000001000000000]
input_r_addr_45   (getelementptr) [ 0000000000000000000000001000000000]
store_ln104       (store        ) [ 0000000000000000000000000000000000]
store_ln104       (store        ) [ 0000000000000000000000000000000000]
input_r_load_44   (load         ) [ 0000000000000000000000000000000000]
buf_4_addr_5      (getelementptr) [ 0000000000000000000000000000000000]
input_r_load_45   (load         ) [ 0000000000000000000000000000000000]
buf_5_addr_5      (getelementptr) [ 0000000000000000000000000000000000]
input_r_addr_46   (getelementptr) [ 0000000000000000000000000100000000]
input_r_addr_47   (getelementptr) [ 0000000000000000000000000100000000]
store_ln104       (store        ) [ 0000000000000000000000000000000000]
store_ln104       (store        ) [ 0000000000000000000000000000000000]
input_r_load_46   (load         ) [ 0000000000000000000000000000000000]
buf_6_addr_5      (getelementptr) [ 0000000000000000000000000000000000]
input_r_load_47   (load         ) [ 0000000000000000000000000000000000]
buf_7_addr_5      (getelementptr) [ 0000000000000000000000000000000000]
input_r_addr_48   (getelementptr) [ 0000000000000000000000000010000000]
input_r_addr_49   (getelementptr) [ 0000000000000000000000000010000000]
store_ln104       (store        ) [ 0000000000000000000000000000000000]
store_ln104       (store        ) [ 0000000000000000000000000000000000]
input_r_load_48   (load         ) [ 0000000000000000000000000000000000]
buf_0_addr_6      (getelementptr) [ 0000000000000000000000000000000000]
input_r_load_49   (load         ) [ 0000000000000000000000000000000000]
buf_1_addr_6      (getelementptr) [ 0000000000000000000000000000000000]
input_r_addr_50   (getelementptr) [ 0000000000000000000000000001000000]
input_r_addr_51   (getelementptr) [ 0000000000000000000000000001000000]
store_ln104       (store        ) [ 0000000000000000000000000000000000]
store_ln104       (store        ) [ 0000000000000000000000000000000000]
input_r_load_50   (load         ) [ 0000000000000000000000000000000000]
buf_2_addr_6      (getelementptr) [ 0000000000000000000000000000000000]
input_r_load_51   (load         ) [ 0000000000000000000000000000000000]
buf_3_addr_6      (getelementptr) [ 0000000000000000000000000000000000]
input_r_addr_52   (getelementptr) [ 0000000000000000000000000000100000]
input_r_addr_53   (getelementptr) [ 0000000000000000000000000000100000]
store_ln104       (store        ) [ 0000000000000000000000000000000000]
store_ln104       (store        ) [ 0000000000000000000000000000000000]
input_r_load_52   (load         ) [ 0000000000000000000000000000000000]
buf_4_addr_6      (getelementptr) [ 0000000000000000000000000000000000]
input_r_load_53   (load         ) [ 0000000000000000000000000000000000]
buf_5_addr_6      (getelementptr) [ 0000000000000000000000000000000000]
input_r_addr_54   (getelementptr) [ 0000000000000000000000000000010000]
input_r_addr_55   (getelementptr) [ 0000000000000000000000000000010000]
store_ln104       (store        ) [ 0000000000000000000000000000000000]
store_ln104       (store        ) [ 0000000000000000000000000000000000]
input_r_load_54   (load         ) [ 0000000000000000000000000000000000]
buf_6_addr_6      (getelementptr) [ 0000000000000000000000000000000000]
input_r_load_55   (load         ) [ 0000000000000000000000000000000000]
buf_7_addr_6      (getelementptr) [ 0000000000000000000000000000000000]
input_r_addr_56   (getelementptr) [ 0000000000000000000000000000001000]
input_r_addr_57   (getelementptr) [ 0000000000000000000000000000001000]
store_ln104       (store        ) [ 0000000000000000000000000000000000]
store_ln104       (store        ) [ 0000000000000000000000000000000000]
input_r_load_56   (load         ) [ 0000000000000000000000000000000000]
buf_0_addr_7      (getelementptr) [ 0000000000000000000000000000000000]
input_r_load_57   (load         ) [ 0000000000000000000000000000000000]
buf_1_addr_7      (getelementptr) [ 0000000000000000000000000000000000]
input_r_addr_58   (getelementptr) [ 0000000000000000000000000000000100]
input_r_addr_59   (getelementptr) [ 0000000000000000000000000000000100]
store_ln104       (store        ) [ 0000000000000000000000000000000000]
store_ln104       (store        ) [ 0000000000000000000000000000000000]
input_r_load_58   (load         ) [ 0000000000000000000000000000000000]
buf_2_addr_7      (getelementptr) [ 0000000000000000000000000000000000]
input_r_load_59   (load         ) [ 0000000000000000000000000000000000]
buf_3_addr_7      (getelementptr) [ 0000000000000000000000000000000000]
input_r_addr_60   (getelementptr) [ 0000000000000000000000000000000010]
input_r_addr_61   (getelementptr) [ 0000000000000000000000000000000010]
store_ln104       (store        ) [ 0000000000000000000000000000000000]
store_ln104       (store        ) [ 0000000000000000000000000000000000]
input_r_load_60   (load         ) [ 0000000000000000000000000000000000]
buf_4_addr_7      (getelementptr) [ 0000000000000000000000000000000000]
input_r_load_61   (load         ) [ 0000000000000000000000000000000000]
buf_5_addr_7      (getelementptr) [ 0000000000000000000000000000000000]
input_r_addr_62   (getelementptr) [ 0100000000000000000000000000000001]
input_r_addr_63   (getelementptr) [ 0100000000000000000000000000000001]
store_ln104       (store        ) [ 0000000000000000000000000000000000]
store_ln104       (store        ) [ 0000000000000000000000000000000000]
specinterface_ln0 (specinterface) [ 0000000000000000000000000000000000]
specpipeline_ln98 (specpipeline ) [ 0000000000000000000000000000000000]
input_r_load_62   (load         ) [ 0000000000000000000000000000000000]
buf_6_addr_7      (getelementptr) [ 0000000000000000000000000000000000]
input_r_load_63   (load         ) [ 0000000000000000000000000000000000]
buf_7_addr_7      (getelementptr) [ 0000000000000000000000000000000000]
store_ln104       (store        ) [ 0000000000000000000000000000000000]
store_ln104       (store        ) [ 0000000000000000000000000000000000]
ret_ln106         (ret          ) [ 0000000000000000000000000000000000]
</LifeTime>

<model>

<comp_list>
<comp id="0" class="1000" name="input_r">
<pin_list>
<pin id="1" dir="1" index="0" bw="1" slack="0"/>
</pin_list>
<bind>
<StgValue><ssdm name="input_r"/><MemPortTyVec>1 1 </MemPortTyVec>
</StgValue>
</bind>
</comp>

<comp id="2" class="1000" name="buf_0">
<pin_list>
<pin id="3" dir="1" index="0" bw="1" slack="0"/>
</pin_list>
<bind>
<StgValue><ssdm name="buf_0"/><MemPortTyVec>0 3 </MemPortTyVec>
</StgValue>
</bind>
</comp>

<comp id="4" class="1000" name="buf_1">
<pin_list>
<pin id="5" dir="1" index="0" bw="1" slack="0"/>
</pin_list>
<bind>
<StgValue><ssdm name="buf_1"/><MemPortTyVec>0 3 </MemPortTyVec>
</StgValue>
</bind>
</comp>

<comp id="6" class="1000" name="buf_2">
<pin_list>
<pin id="7" dir="1" index="0" bw="1" slack="0"/>
</pin_list>
<bind>
<StgValue><ssdm name="buf_2"/><MemPortTyVec>0 3 </MemPortTyVec>
</StgValue>
</bind>
</comp>

<comp id="8" class="1000" name="buf_3">
<pin_list>
<pin id="9" dir="1" index="0" bw="1" slack="0"/>
</pin_list>
<bind>
<StgValue><ssdm name="buf_3"/><MemPortTyVec>0 3 </MemPortTyVec>
</StgValue>
</bind>
</comp>

<comp id="10" class="1000" name="buf_4">
<pin_list>
<pin id="11" dir="1" index="0" bw="1" slack="0"/>
</pin_list>
<bind>
<StgValue><ssdm name="buf_4"/><MemPortTyVec>0 3 </MemPortTyVec>
</StgValue>
</bind>
</comp>

<comp id="12" class="1000" name="buf_5">
<pin_list>
<pin id="13" dir="1" index="0" bw="1" slack="0"/>
</pin_list>
<bind>
<StgValue><ssdm name="buf_5"/><MemPortTyVec>0 3 </MemPortTyVec>
</StgValue>
</bind>
</comp>

<comp id="14" class="1000" name="buf_6">
<pin_list>
<pin id="15" dir="1" index="0" bw="1" slack="0"/>
</pin_list>
<bind>
<StgValue><ssdm name="buf_6"/><MemPortTyVec>0 3 </MemPortTyVec>
</StgValue>
</bind>
</comp>

<comp id="16" class="1000" name="buf_7">
<pin_list>
<pin id="17" dir="1" index="0" bw="1" slack="0"/>
</pin_list>
<bind>
<StgValue><ssdm name="buf_7"/><MemPortTyVec>0 3 </MemPortTyVec>
</StgValue>
</bind>
</comp>

<comp id="18" class="1001" name="const_18">
<pin_list>
<pin id="19" dir="1" index="0" bw="1" slack="0"/>
</pin_list>
<bind>
<StgValue><ssdm name=""/></StgValue>
</bind>
</comp>

<comp id="20" class="1001" name="const_20">
<pin_list>
<pin id="21" dir="1" index="0" bw="1" slack="0"/>
</pin_list>
<bind>
<StgValue><ssdm name=""/></StgValue>
</bind>
</comp>

<comp id="22" class="1001" name="const_22">
<pin_list>
<pin id="23" dir="1" index="0" bw="1" slack="0"/>
</pin_list>
<bind>
<StgValue><ssdm name=""/></StgValue>
</bind>
</comp>

<comp id="24" class="1001" name="const_24">
<pin_list>
<pin id="25" dir="1" index="0" bw="1" slack="0"/>
</pin_list>
<bind>
<StgValue><ssdm name=""/></StgValue>
</bind>
</comp>

<comp id="26" class="1001" name="const_26">
<pin_list>
<pin id="27" dir="1" index="0" bw="1" slack="0"/>
</pin_list>
<bind>
<StgValue><ssdm name=""/></StgValue>
</bind>
</comp>

<comp id="28" class="1001" name="const_28">
<pin_list>
<pin id="29" dir="1" index="0" bw="1" slack="0"/>
</pin_list>
<bind>
<StgValue><ssdm name=""/></StgValue>
</bind>
</comp>

<comp id="30" class="1001" name="const_30">
<pin_list>
<pin id="31" dir="1" index="0" bw="1" slack="0"/>
</pin_list>
<bind>
<StgValue><ssdm name=""/></StgValue>
</bind>
</comp>

<comp id="32" class="1001" name="const_32">
<pin_list>
<pin id="33" dir="1" index="0" bw="1" slack="0"/>
</pin_list>
<bind>
<StgValue><ssdm name=""/></StgValue>
</bind>
</comp>

<comp id="34" class="1001" name="const_34">
<pin_list>
<pin id="35" dir="1" index="0" bw="1" slack="0"/>
</pin_list>
<bind>
<StgValue><ssdm name=""/></StgValue>
</bind>
</comp>

<comp id="36" class="1001" name="const_36">
<pin_list>
<pin id="37" dir="1" index="0" bw="1" slack="0"/>
</pin_list>
<bind>
<StgValue><ssdm name=""/></StgValue>
</bind>
</comp>

<comp id="38" class="1001" name="const_38">
<pin_list>
<pin id="39" dir="1" index="0" bw="1" slack="0"/>
</pin_list>
<bind>
<StgValue><ssdm name=""/></StgValue>
</bind>
</comp>

<comp id="40" class="1001" name="const_40">
<pin_list>
<pin id="41" dir="1" index="0" bw="1" slack="0"/>
</pin_list>
<bind>
<StgValue><ssdm name=""/></StgValue>
</bind>
</comp>

<comp id="42" class="1001" name="const_42">
<pin_list>
<pin id="43" dir="1" index="0" bw="1" slack="0"/>
</pin_list>
<bind>
<StgValue><ssdm name=""/></StgValue>
</bind>
</comp>

<comp id="44" class="1001" name="const_44">
<pin_list>
<pin id="45" dir="1" index="0" bw="1" slack="0"/>
</pin_list>
<bind>
<StgValue><ssdm name=""/></StgValue>
</bind>
</comp>

<comp id="46" class="1001" name="const_46">
<pin_list>
<pin id="47" dir="1" index="0" bw="1" slack="0"/>
</pin_list>
<bind>
<StgValue><ssdm name=""/></StgValue>
</bind>
</comp>

<comp id="48" class="1001" name="const_48">
<pin_list>
<pin id="49" dir="1" index="0" bw="1" slack="0"/>
</pin_list>
<bind>
<StgValue><ssdm name=""/></StgValue>
</bind>
</comp>

<comp id="50" class="1001" name="const_50">
<pin_list>
<pin id="51" dir="1" index="0" bw="1" slack="0"/>
</pin_list>
<bind>
<StgValue><ssdm name=""/></StgValue>
</bind>
</comp>

<comp id="52" class="1001" name="const_52">
<pin_list>
<pin id="53" dir="1" index="0" bw="1" slack="0"/>
</pin_list>
<bind>
<StgValue><ssdm name=""/></StgValue>
</bind>
</comp>

<comp id="54" class="1001" name="const_54">
<pin_list>
<pin id="55" dir="1" index="0" bw="1" slack="0"/>
</pin_list>
<bind>
<StgValue><ssdm name=""/></StgValue>
</bind>
</comp>

<comp id="56" class="1001" name="const_56">
<pin_list>
<pin id="57" dir="1" index="0" bw="1" slack="0"/>
</pin_list>
<bind>
<StgValue><ssdm name=""/></StgValue>
</bind>
</comp>

<comp id="58" class="1001" name="const_58">
<pin_list>
<pin id="59" dir="1" index="0" bw="1" slack="0"/>
</pin_list>
<bind>
<StgValue><ssdm name=""/></StgValue>
</bind>
</comp>

<comp id="60" class="1001" name="const_60">
<pin_list>
<pin id="61" dir="1" index="0" bw="1" slack="0"/>
</pin_list>
<bind>
<StgValue><ssdm name=""/></StgValue>
</bind>
</comp>

<comp id="62" class="1001" name="const_62">
<pin_list>
<pin id="63" dir="1" index="0" bw="1" slack="0"/>
</pin_list>
<bind>
<StgValue><ssdm name=""/></StgValue>
</bind>
</comp>

<comp id="64" class="1001" name="const_64">
<pin_list>
<pin id="65" dir="1" index="0" bw="1" slack="0"/>
</pin_list>
<bind>
<StgValue><ssdm name=""/></StgValue>
</bind>
</comp>

<comp id="66" class="1001" name="const_66">
<pin_list>
<pin id="67" dir="1" index="0" bw="1" slack="0"/>
</pin_list>
<bind>
<StgValue><ssdm name=""/></StgValue>
</bind>
</comp>

<comp id="68" class="1001" name="const_68">
<pin_list>
<pin id="69" dir="1" index="0" bw="1" slack="0"/>
</pin_list>
<bind>
<StgValue><ssdm name=""/></StgValue>
</bind>
</comp>

<comp id="70" class="1001" name="const_70">
<pin_list>
<pin id="71" dir="1" index="0" bw="1" slack="0"/>
</pin_list>
<bind>
<StgValue><ssdm name=""/></StgValue>
</bind>
</comp>

<comp id="72" class="1001" name="const_72">
<pin_list>
<pin id="73" dir="1" index="0" bw="1" slack="0"/>
</pin_list>
<bind>
<StgValue><ssdm name=""/></StgValue>
</bind>
</comp>

<comp id="74" class="1001" name="const_74">
<pin_list>
<pin id="75" dir="1" index="0" bw="1" slack="0"/>
</pin_list>
<bind>
<StgValue><ssdm name=""/></StgValue>
</bind>
</comp>

<comp id="76" class="1001" name="const_76">
<pin_list>
<pin id="77" dir="1" index="0" bw="1" slack="0"/>
</pin_list>
<bind>
<StgValue><ssdm name=""/></StgValue>
</bind>
</comp>

<comp id="78" class="1001" name="const_78">
<pin_list>
<pin id="79" dir="1" index="0" bw="1" slack="0"/>
</pin_list>
<bind>
<StgValue><ssdm name=""/></StgValue>
</bind>
</comp>

<comp id="80" class="1001" name="const_80">
<pin_list>
<pin id="81" dir="1" index="0" bw="1" slack="0"/>
</pin_list>
<bind>
<StgValue><ssdm name=""/></StgValue>
</bind>
</comp>

<comp id="82" class="1001" name="const_82">
<pin_list>
<pin id="83" dir="1" index="0" bw="1" slack="0"/>
</pin_list>
<bind>
<StgValue><ssdm name=""/></StgValue>
</bind>
</comp>

<comp id="84" class="1001" name="const_84">
<pin_list>
<pin id="85" dir="1" index="0" bw="1" slack="0"/>
</pin_list>
<bind>
<StgValue><ssdm name=""/></StgValue>
</bind>
</comp>

<comp id="86" class="1001" name="const_86">
<pin_list>
<pin id="87" dir="1" index="0" bw="1" slack="0"/>
</pin_list>
<bind>
<StgValue><ssdm name=""/></StgValue>
</bind>
</comp>

<comp id="88" class="1001" name="const_88">
<pin_list>
<pin id="89" dir="1" index="0" bw="1" slack="0"/>
</pin_list>
<bind>
<StgValue><ssdm name=""/></StgValue>
</bind>
</comp>

<comp id="90" class="1001" name="const_90">
<pin_list>
<pin id="91" dir="1" index="0" bw="1" slack="0"/>
</pin_list>
<bind>
<StgValue><ssdm name=""/></StgValue>
</bind>
</comp>

<comp id="92" class="1001" name="const_92">
<pin_list>
<pin id="93" dir="1" index="0" bw="1" slack="0"/>
</pin_list>
<bind>
<StgValue><ssdm name=""/></StgValue>
</bind>
</comp>

<comp id="94" class="1001" name="const_94">
<pin_list>
<pin id="95" dir="1" index="0" bw="1" slack="0"/>
</pin_list>
<bind>
<StgValue><ssdm name=""/></StgValue>
</bind>
</comp>

<comp id="96" class="1001" name="const_96">
<pin_list>
<pin id="97" dir="1" index="0" bw="1" slack="0"/>
</pin_list>
<bind>
<StgValue><ssdm name=""/></StgValue>
</bind>
</comp>

<comp id="98" class="1001" name="const_98">
<pin_list>
<pin id="99" dir="1" index="0" bw="1" slack="0"/>
</pin_list>
<bind>
<StgValue><ssdm name=""/></StgValue>
</bind>
</comp>

<comp id="100" class="1001" name="const_100">
<pin_list>
<pin id="101" dir="1" index="0" bw="1" slack="0"/>
</pin_list>
<bind>
<StgValue><ssdm name=""/></StgValue>
</bind>
</comp>

<comp id="102" class="1001" name="const_102">
<pin_list>
<pin id="103" dir="1" index="0" bw="1" slack="0"/>
</pin_list>
<bind>
<StgValue><ssdm name=""/></StgValue>
</bind>
</comp>

<comp id="104" class="1001" name="const_104">
<pin_list>
<pin id="105" dir="1" index="0" bw="1" slack="0"/>
</pin_list>
<bind>
<StgValue><ssdm name=""/></StgValue>
</bind>
</comp>

<comp id="106" class="1001" name="const_106">
<pin_list>
<pin id="107" dir="1" index="0" bw="1" slack="0"/>
</pin_list>
<bind>
<StgValue><ssdm name=""/></StgValue>
</bind>
</comp>

<comp id="108" class="1001" name="const_108">
<pin_list>
<pin id="109" dir="1" index="0" bw="1" slack="0"/>
</pin_list>
<bind>
<StgValue><ssdm name=""/></StgValue>
</bind>
</comp>

<comp id="110" class="1001" name="const_110">
<pin_list>
<pin id="111" dir="1" index="0" bw="1" slack="0"/>
</pin_list>
<bind>
<StgValue><ssdm name=""/></StgValue>
</bind>
</comp>

<comp id="112" class="1001" name="const_112">
<pin_list>
<pin id="113" dir="1" index="0" bw="1" slack="0"/>
</pin_list>
<bind>
<StgValue><ssdm name=""/></StgValue>
</bind>
</comp>

<comp id="114" class="1001" name="const_114">
<pin_list>
<pin id="115" dir="1" index="0" bw="1" slack="0"/>
</pin_list>
<bind>
<StgValue><ssdm name=""/></StgValue>
</bind>
</comp>

<comp id="116" class="1001" name="const_116">
<pin_list>
<pin id="117" dir="1" index="0" bw="1" slack="0"/>
</pin_list>
<bind>
<StgValue><ssdm name=""/></StgValue>
</bind>
</comp>

<comp id="118" class="1001" name="const_118">
<pin_list>
<pin id="119" dir="1" index="0" bw="1" slack="0"/>
</pin_list>
<bind>
<StgValue><ssdm name=""/></StgValue>
</bind>
</comp>

<comp id="120" class="1001" name="const_120">
<pin_list>
<pin id="121" dir="1" index="0" bw="1" slack="0"/>
</pin_list>
<bind>
<StgValue><ssdm name=""/></StgValue>
</bind>
</comp>

<comp id="122" class="1001" name="const_122">
<pin_list>
<pin id="123" dir="1" index="0" bw="1" slack="0"/>
</pin_list>
<bind>
<StgValue><ssdm name=""/></StgValue>
</bind>
</comp>

<comp id="124" class="1001" name="const_124">
<pin_list>
<pin id="125" dir="1" index="0" bw="1" slack="0"/>
</pin_list>
<bind>
<StgValue><ssdm name=""/></StgValue>
</bind>
</comp>

<comp id="126" class="1001" name="const_126">
<pin_list>
<pin id="127" dir="1" index="0" bw="1" slack="0"/>
</pin_list>
<bind>
<StgValue><ssdm name=""/></StgValue>
</bind>
</comp>

<comp id="128" class="1001" name="const_128">
<pin_list>
<pin id="129" dir="1" index="0" bw="1" slack="0"/>
</pin_list>
<bind>
<StgValue><ssdm name=""/></StgValue>
</bind>
</comp>

<comp id="130" class="1001" name="const_130">
<pin_list>
<pin id="131" dir="1" index="0" bw="1" slack="0"/>
</pin_list>
<bind>
<StgValue><ssdm name=""/></StgValue>
</bind>
</comp>

<comp id="132" class="1001" name="const_132">
<pin_list>
<pin id="133" dir="1" index="0" bw="1" slack="0"/>
</pin_list>
<bind>
<StgValue><ssdm name=""/></StgValue>
</bind>
</comp>

<comp id="134" class="1001" name="const_134">
<pin_list>
<pin id="135" dir="1" index="0" bw="1" slack="0"/>
</pin_list>
<bind>
<StgValue><ssdm name=""/></StgValue>
</bind>
</comp>

<comp id="136" class="1001" name="const_136">
<pin_list>
<pin id="137" dir="1" index="0" bw="1" slack="0"/>
</pin_list>
<bind>
<StgValue><ssdm name=""/></StgValue>
</bind>
</comp>

<comp id="138" class="1001" name="const_138">
<pin_list>
<pin id="139" dir="1" index="0" bw="1" slack="0"/>
</pin_list>
<bind>
<StgValue><ssdm name=""/></StgValue>
</bind>
</comp>

<comp id="140" class="1001" name="const_140">
<pin_list>
<pin id="141" dir="1" index="0" bw="1" slack="0"/>
</pin_list>
<bind>
<StgValue><ssdm name=""/></StgValue>
</bind>
</comp>

<comp id="142" class="1001" name="const_142">
<pin_list>
<pin id="143" dir="1" index="0" bw="1" slack="0"/>
</pin_list>
<bind>
<StgValue><ssdm name=""/></StgValue>
</bind>
</comp>

<comp id="144" class="1001" name="const_144">
<pin_list>
<pin id="145" dir="1" index="0" bw="1" slack="0"/>
</pin_list>
<bind>
<StgValue><ssdm name=""/></StgValue>
</bind>
</comp>

<comp id="146" class="1001" name="const_146">
<pin_list>
<pin id="147" dir="1" index="0" bw="1" slack="2147483647"/>
</pin_list>
<bind>
<StgValue><ssdm name="_ssdm_op_SpecInterface"/></StgValue>
</bind>
</comp>

<comp id="148" class="1001" name="const_148">
<pin_list>
<pin id="149" dir="1" index="0" bw="1" slack="2147483647"/>
</pin_list>
<bind>
<StgValue><ssdm name="empty"/></StgValue>
</bind>
</comp>

<comp id="150" class="1001" name="const_150">
<pin_list>
<pin id="151" dir="1" index="0" bw="1" slack="2147483647"/>
</pin_list>
<bind>
<StgValue><ssdm name=""/></StgValue>
</bind>
</comp>

<comp id="152" class="1001" name="const_152">
<pin_list>
<pin id="153" dir="1" index="0" bw="1" slack="2147483647"/>
</pin_list>
<bind>
<StgValue><ssdm name="empty_0"/></StgValue>
</bind>
</comp>

<comp id="154" class="1001" name="const_154">
<pin_list>
<pin id="155" dir="1" index="0" bw="1" slack="2147483647"/>
</pin_list>
<bind>
<StgValue><ssdm name=""/></StgValue>
</bind>
</comp>

<comp id="156" class="1001" name="const_156">
<pin_list>
<pin id="157" dir="1" index="0" bw="1" slack="2147483647"/>
</pin_list>
<bind>
<StgValue><ssdm name="_ssdm_op_SpecPipeline"/></StgValue>
</bind>
</comp>

<comp id="158" class="1001" name="const_158">
<pin_list>
<pin id="159" dir="1" index="0" bw="1" slack="2147483647"/>
</pin_list>
<bind>
<StgValue><ssdm name=""/></StgValue>
</bind>
</comp>

<comp id="160" class="1004" name="input_r_addr_gep_fu_160">
<pin_list>
<pin id="161" dir="0" index="0" bw="16" slack="0"/>
<pin id="162" dir="0" index="1" bw="1" slack="0"/>
<pin id="163" dir="0" index="2" bw="1" slack="0"/>
<pin id="164" dir="1" index="3" bw="6" slack="0"/>
</pin_list>
<bind>
<opcode="getelementptr(29) " fcode="getelementptr"/>
<opset="input_r_addr/1 "/>
</bind>
</comp>

<comp id="168" class="1004" name="grp_access_fu_168">
<pin_list>
<pin id="169" dir="0" index="0" bw="6" slack="0"/>
<pin id="170" dir="0" index="1" bw="16" slack="2147483647"/>
<pin id="171" dir="0" index="2" bw="0" slack="0"/>
<pin id="173" dir="0" index="4" bw="6" slack="2147483647"/>
<pin id="174" dir="0" index="5" bw="16" slack="2147483647"/>
<pin id="175" dir="0" index="6" bw="0" slack="2147483647"/>
<pin id="172" dir="1" index="3" bw="16" slack="0"/>
<pin id="176" dir="1" index="7" bw="16" slack="0"/>
</pin_list>
<bind>
<opcode="load(27) " fcode="load"/>
<opset="input_r_load/1 input_r_load_1/1 input_r_load_2/2 input_r_load_3/2 input_r_load_4/3 input_r_load_5/3 input_r_load_6/4 input_r_load_7/4 input_r_load_8/5 input_r_load_9/5 input_r_load_10/6 input_r_load_11/6 input_r_load_12/7 input_r_load_13/7 input_r_load_14/8 input_r_load_15/8 input_r_load_16/9 input_r_load_17/9 input_r_load_18/10 input_r_load_19/10 input_r_load_20/11 input_r_load_21/11 input_r_load_22/12 input_r_load_23/12 input_r_load_24/13 input_r_load_25/13 input_r_load_26/14 input_r_load_27/14 input_r_load_28/15 input_r_load_29/15 input_r_load_30/16 input_r_load_31/16 input_r_load_32/17 input_r_load_33/17 input_r_load_34/18 input_r_load_35/18 input_r_load_36/19 input_r_load_37/19 input_r_load_38/20 input_r_load_39/20 input_r_load_40/21 input_r_load_41/21 input_r_load_42/22 input_r_load_43/22 input_r_load_44/23 input_r_load_45/23 input_r_load_46/24 input_r_load_47/24 input_r_load_48/25 input_r_load_49/25 input_r_load_50/26 input_r_load_51/26 input_r_load_52/27 input_r_load_53/27 input_r_load_54/28 input_r_load_55/28 input_r_load_56/29 input_r_load_57/29 input_r_load_58/30 input_r_load_59/30 input_r_load_60/31 input_r_load_61/31 input_r_load_62/32 input_r_load_63/32 "/>
</bind>
</comp>

<comp id="178" class="1004" name="input_r_addr_1_gep_fu_178">
<pin_list>
<pin id="179" dir="0" index="0" bw="16" slack="0"/>
<pin id="180" dir="0" index="1" bw="1" slack="0"/>
<pin id="181" dir="0" index="2" bw="1" slack="0"/>
<pin id="182" dir="1" index="3" bw="6" slack="0"/>
</pin_list>
<bind>
<opcode="getelementptr(29) " fcode="getelementptr"/>
<opset="input_r_addr_1/1 "/>
</bind>
</comp>

<comp id="187" class="1004" name="buf_0_addr_gep_fu_187">
<pin_list>
<pin id="188" dir="0" index="0" bw="16" slack="0"/>
<pin id="189" dir="0" index="1" bw="1" slack="0"/>
<pin id="190" dir="0" index="2" bw="1" slack="0"/>
<pin id="191" dir="1" index="3" bw="3" slack="0"/>
</pin_list>
<bind>
<opcode="getelementptr(29) " fcode="getelementptr"/>
<opset="buf_0_addr/2 "/>
</bind>
</comp>

<comp id="195" class="1004" name="buf_1_addr_gep_fu_195">
<pin_list>
<pin id="196" dir="0" index="0" bw="16" slack="0"/>
<pin id="197" dir="0" index="1" bw="1" slack="0"/>
<pin id="198" dir="0" index="2" bw="1" slack="0"/>
<pin id="199" dir="1" index="3" bw="3" slack="0"/>
</pin_list>
<bind>
<opcode="getelementptr(29) " fcode="getelementptr"/>
<opset="buf_1_addr/2 "/>
</bind>
</comp>

<comp id="203" class="1004" name="input_r_addr_2_gep_fu_203">
<pin_list>
<pin id="204" dir="0" index="0" bw="16" slack="0"/>
<pin id="205" dir="0" index="1" bw="1" slack="0"/>
<pin id="206" dir="0" index="2" bw="3" slack="0"/>
<pin id="207" dir="1" index="3" bw="6" slack="0"/>
</pin_list>
<bind>
<opcode="getelementptr(29) " fcode="getelementptr"/>
<opset="input_r_addr_2/2 "/>
</bind>
</comp>

<comp id="212" class="1004" name="input_r_addr_3_gep_fu_212">
<pin_list>
<pin id="213" dir="0" index="0" bw="16" slack="0"/>
<pin id="214" dir="0" index="1" bw="1" slack="0"/>
<pin id="215" dir="0" index="2" bw="3" slack="0"/>
<pin id="216" dir="1" index="3" bw="6" slack="0"/>
</pin_list>
<bind>
<opcode="getelementptr(29) " fcode="getelementptr"/>
<opset="input_r_addr_3/2 "/>
</bind>
</comp>

<comp id="221" class="1004" name="grp_access_fu_221">
<pin_list>
<pin id="222" dir="0" index="0" bw="3" slack="0"/>
<pin id="223" dir="0" index="1" bw="16" slack="0"/>
<pin id="224" dir="0" index="2" bw="0" slack="2147483647"/>
<pin id="225" dir="1" index="3" bw="16" slack="2147483647"/>
</pin_list>
<bind>
<opcode="store(28) " fcode="store"/>
<opset="store_ln104/2 store_ln104/6 store_ln104/10 store_ln104/14 store_ln104/18 store_ln104/22 store_ln104/26 store_ln104/30 "/>
</bind>
</comp>

<comp id="228" class="1004" name="grp_access_fu_228">
<pin_list>
<pin id="229" dir="0" index="0" bw="3" slack="0"/>
<pin id="230" dir="0" index="1" bw="16" slack="0"/>
<pin id="231" dir="0" index="2" bw="0" slack="2147483647"/>
<pin id="232" dir="1" index="3" bw="16" slack="2147483647"/>
</pin_list>
<bind>
<opcode="store(28) " fcode="store"/>
<opset="store_ln104/2 store_ln104/6 store_ln104/10 store_ln104/14 store_ln104/18 store_ln104/22 store_ln104/26 store_ln104/30 "/>
</bind>
</comp>

<comp id="235" class="1004" name="buf_2_addr_gep_fu_235">
<pin_list>
<pin id="236" dir="0" index="0" bw="16" slack="0"/>
<pin id="237" dir="0" index="1" bw="1" slack="0"/>
<pin id="238" dir="0" index="2" bw="1" slack="0"/>
<pin id="239" dir="1" index="3" bw="3" slack="0"/>
</pin_list>
<bind>
<opcode="getelementptr(29) " fcode="getelementptr"/>
<opset="buf_2_addr/3 "/>
</bind>
</comp>

<comp id="243" class="1004" name="buf_3_addr_gep_fu_243">
<pin_list>
<pin id="244" dir="0" index="0" bw="16" slack="0"/>
<pin id="245" dir="0" index="1" bw="1" slack="0"/>
<pin id="246" dir="0" index="2" bw="1" slack="0"/>
<pin id="247" dir="1" index="3" bw="3" slack="0"/>
</pin_list>
<bind>
<opcode="getelementptr(29) " fcode="getelementptr"/>
<opset="buf_3_addr/3 "/>
</bind>
</comp>

<comp id="251" class="1004" name="input_r_addr_4_gep_fu_251">
<pin_list>
<pin id="252" dir="0" index="0" bw="16" slack="0"/>
<pin id="253" dir="0" index="1" bw="1" slack="0"/>
<pin id="254" dir="0" index="2" bw="4" slack="0"/>
<pin id="255" dir="1" index="3" bw="6" slack="0"/>
</pin_list>
<bind>
<opcode="getelementptr(29) " fcode="getelementptr"/>
<opset="input_r_addr_4/3 "/>
</bind>
</comp>

<comp id="260" class="1004" name="input_r_addr_5_gep_fu_260">
<pin_list>
<pin id="261" dir="0" index="0" bw="16" slack="0"/>
<pin id="262" dir="0" index="1" bw="1" slack="0"/>
<pin id="263" dir="0" index="2" bw="4" slack="0"/>
<pin id="264" dir="1" index="3" bw="6" slack="0"/>
</pin_list>
<bind>
<opcode="getelementptr(29) " fcode="getelementptr"/>
<opset="input_r_addr_5/3 "/>
</bind>
</comp>

<comp id="269" class="1004" name="grp_access_fu_269">
<pin_list>
<pin id="270" dir="0" index="0" bw="3" slack="0"/>
<pin id="271" dir="0" index="1" bw="16" slack="0"/>
<pin id="272" dir="0" index="2" bw="0" slack="2147483647"/>
<pin id="273" dir="1" index="3" bw="16" slack="2147483647"/>
</pin_list>
<bind>
<opcode="store(28) " fcode="store"/>
<opset="store_ln104/3 store_ln104/7 store_ln104/11 store_ln104/15 store_ln104/19 store_ln104/23 store_ln104/27 store_ln104/31 "/>
</bind>
</comp>

<comp id="276" class="1004" name="grp_access_fu_276">
<pin_list>
<pin id="277" dir="0" index="0" bw="3" slack="0"/>
<pin id="278" dir="0" index="1" bw="16" slack="0"/>
<pin id="279" dir="0" index="2" bw="0" slack="2147483647"/>
<pin id="280" dir="1" index="3" bw="16" slack="2147483647"/>
</pin_list>
<bind>
<opcode="store(28) " fcode="store"/>
<opset="store_ln104/3 store_ln104/7 store_ln104/11 store_ln104/15 store_ln104/19 store_ln104/23 store_ln104/27 store_ln104/31 "/>
</bind>
</comp>

<comp id="283" class="1004" name="buf_4_addr_gep_fu_283">
<pin_list>
<pin id="284" dir="0" index="0" bw="16" slack="0"/>
<pin id="285" dir="0" index="1" bw="1" slack="0"/>
<pin id="286" dir="0" index="2" bw="1" slack="0"/>
<pin id="287" dir="1" index="3" bw="3" slack="0"/>
</pin_list>
<bind>
<opcode="getelementptr(29) " fcode="getelementptr"/>
<opset="buf_4_addr/4 "/>
</bind>
</comp>

<comp id="291" class="1004" name="buf_5_addr_gep_fu_291">
<pin_list>
<pin id="292" dir="0" index="0" bw="16" slack="0"/>
<pin id="293" dir="0" index="1" bw="1" slack="0"/>
<pin id="294" dir="0" index="2" bw="1" slack="0"/>
<pin id="295" dir="1" index="3" bw="3" slack="0"/>
</pin_list>
<bind>
<opcode="getelementptr(29) " fcode="getelementptr"/>
<opset="buf_5_addr/4 "/>
</bind>
</comp>

<comp id="299" class="1004" name="input_r_addr_6_gep_fu_299">
<pin_list>
<pin id="300" dir="0" index="0" bw="16" slack="0"/>
<pin id="301" dir="0" index="1" bw="1" slack="0"/>
<pin id="302" dir="0" index="2" bw="4" slack="0"/>
<pin id="303" dir="1" index="3" bw="6" slack="0"/>
</pin_list>
<bind>
<opcode="getelementptr(29) " fcode="getelementptr"/>
<opset="input_r_addr_6/4 "/>
</bind>
</comp>

<comp id="308" class="1004" name="input_r_addr_7_gep_fu_308">
<pin_list>
<pin id="309" dir="0" index="0" bw="16" slack="0"/>
<pin id="310" dir="0" index="1" bw="1" slack="0"/>
<pin id="311" dir="0" index="2" bw="4" slack="0"/>
<pin id="312" dir="1" index="3" bw="6" slack="0"/>
</pin_list>
<bind>
<opcode="getelementptr(29) " fcode="getelementptr"/>
<opset="input_r_addr_7/4 "/>
</bind>
</comp>

<comp id="317" class="1004" name="grp_access_fu_317">
<pin_list>
<pin id="318" dir="0" index="0" bw="3" slack="0"/>
<pin id="319" dir="0" index="1" bw="16" slack="0"/>
<pin id="320" dir="0" index="2" bw="0" slack="2147483647"/>
<pin id="321" dir="1" index="3" bw="16" slack="2147483647"/>
</pin_list>
<bind>
<opcode="store(28) " fcode="store"/>
<opset="store_ln104/4 store_ln104/8 store_ln104/12 store_ln104/16 store_ln104/20 store_ln104/24 store_ln104/28 store_ln104/32 "/>
</bind>
</comp>

<comp id="324" class="1004" name="grp_access_fu_324">
<pin_list>
<pin id="325" dir="0" index="0" bw="3" slack="0"/>
<pin id="326" dir="0" index="1" bw="16" slack="0"/>
<pin id="327" dir="0" index="2" bw="0" slack="2147483647"/>
<pin id="328" dir="1" index="3" bw="16" slack="2147483647"/>
</pin_list>
<bind>
<opcode="store(28) " fcode="store"/>
<opset="store_ln104/4 store_ln104/8 store_ln104/12 store_ln104/16 store_ln104/20 store_ln104/24 store_ln104/28 store_ln104/32 "/>
</bind>
</comp>

<comp id="331" class="1004" name="buf_6_addr_gep_fu_331">
<pin_list>
<pin id="332" dir="0" index="0" bw="16" slack="0"/>
<pin id="333" dir="0" index="1" bw="1" slack="0"/>
<pin id="334" dir="0" index="2" bw="1" slack="0"/>
<pin id="335" dir="1" index="3" bw="3" slack="0"/>
</pin_list>
<bind>
<opcode="getelementptr(29) " fcode="getelementptr"/>
<opset="buf_6_addr/5 "/>
</bind>
</comp>

<comp id="339" class="1004" name="buf_7_addr_gep_fu_339">
<pin_list>
<pin id="340" dir="0" index="0" bw="16" slack="0"/>
<pin id="341" dir="0" index="1" bw="1" slack="0"/>
<pin id="342" dir="0" index="2" bw="1" slack="0"/>
<pin id="343" dir="1" index="3" bw="3" slack="0"/>
</pin_list>
<bind>
<opcode="getelementptr(29) " fcode="getelementptr"/>
<opset="buf_7_addr/5 "/>
</bind>
</comp>

<comp id="347" class="1004" name="input_r_addr_8_gep_fu_347">
<pin_list>
<pin id="348" dir="0" index="0" bw="16" slack="0"/>
<pin id="349" dir="0" index="1" bw="1" slack="0"/>
<pin id="350" dir="0" index="2" bw="5" slack="0"/>
<pin id="351" dir="1" index="3" bw="6" slack="0"/>
</pin_list>
<bind>
<opcode="getelementptr(29) " fcode="getelementptr"/>
<opset="input_r_addr_8/5 "/>
</bind>
</comp>

<comp id="356" class="1004" name="input_r_addr_9_gep_fu_356">
<pin_list>
<pin id="357" dir="0" index="0" bw="16" slack="0"/>
<pin id="358" dir="0" index="1" bw="1" slack="0"/>
<pin id="359" dir="0" index="2" bw="5" slack="0"/>
<pin id="360" dir="1" index="3" bw="6" slack="0"/>
</pin_list>
<bind>
<opcode="getelementptr(29) " fcode="getelementptr"/>
<opset="input_r_addr_9/5 "/>
</bind>
</comp>

<comp id="365" class="1004" name="grp_access_fu_365">
<pin_list>
<pin id="366" dir="0" index="0" bw="3" slack="0"/>
<pin id="367" dir="0" index="1" bw="16" slack="0"/>
<pin id="368" dir="0" index="2" bw="0" slack="2147483647"/>
<pin id="369" dir="1" index="3" bw="16" slack="2147483647"/>
</pin_list>
<bind>
<opcode="store(28) " fcode="store"/>
<opset="store_ln104/5 store_ln104/9 store_ln104/13 store_ln104/17 store_ln104/21 store_ln104/25 store_ln104/29 store_ln104/33 "/>
</bind>
</comp>

<comp id="372" class="1004" name="grp_access_fu_372">
<pin_list>
<pin id="373" dir="0" index="0" bw="3" slack="0"/>
<pin id="374" dir="0" index="1" bw="16" slack="0"/>
<pin id="375" dir="0" index="2" bw="0" slack="2147483647"/>
<pin id="376" dir="1" index="3" bw="16" slack="2147483647"/>
</pin_list>
<bind>
<opcode="store(28) " fcode="store"/>
<opset="store_ln104/5 store_ln104/9 store_ln104/13 store_ln104/17 store_ln104/21 store_ln104/25 store_ln104/29 store_ln104/33 "/>
</bind>
</comp>

<comp id="379" class="1004" name="buf_0_addr_1_gep_fu_379">
<pin_list>
<pin id="380" dir="0" index="0" bw="16" slack="0"/>
<pin id="381" dir="0" index="1" bw="1" slack="0"/>
<pin id="382" dir="0" index="2" bw="1" slack="0"/>
<pin id="383" dir="1" index="3" bw="3" slack="0"/>
</pin_list>
<bind>
<opcode="getelementptr(29) " fcode="getelementptr"/>
<opset="buf_0_addr_1/6 "/>
</bind>
</comp>

<comp id="387" class="1004" name="buf_1_addr_1_gep_fu_387">
<pin_list>
<pin id="388" dir="0" index="0" bw="16" slack="0"/>
<pin id="389" dir="0" index="1" bw="1" slack="0"/>
<pin id="390" dir="0" index="2" bw="1" slack="0"/>
<pin id="391" dir="1" index="3" bw="3" slack="0"/>
</pin_list>
<bind>
<opcode="getelementptr(29) " fcode="getelementptr"/>
<opset="buf_1_addr_1/6 "/>
</bind>
</comp>

<comp id="395" class="1004" name="input_r_addr_10_gep_fu_395">
<pin_list>
<pin id="396" dir="0" index="0" bw="16" slack="0"/>
<pin id="397" dir="0" index="1" bw="1" slack="0"/>
<pin id="398" dir="0" index="2" bw="5" slack="0"/>
<pin id="399" dir="1" index="3" bw="6" slack="0"/>
</pin_list>
<bind>
<opcode="getelementptr(29) " fcode="getelementptr"/>
<opset="input_r_addr_10/6 "/>
</bind>
</comp>

<comp id="404" class="1004" name="input_r_addr_11_gep_fu_404">
<pin_list>
<pin id="405" dir="0" index="0" bw="16" slack="0"/>
<pin id="406" dir="0" index="1" bw="1" slack="0"/>
<pin id="407" dir="0" index="2" bw="5" slack="0"/>
<pin id="408" dir="1" index="3" bw="6" slack="0"/>
</pin_list>
<bind>
<opcode="getelementptr(29) " fcode="getelementptr"/>
<opset="input_r_addr_11/6 "/>
</bind>
</comp>

<comp id="415" class="1004" name="buf_2_addr_1_gep_fu_415">
<pin_list>
<pin id="416" dir="0" index="0" bw="16" slack="0"/>
<pin id="417" dir="0" index="1" bw="1" slack="0"/>
<pin id="418" dir="0" index="2" bw="1" slack="0"/>
<pin id="419" dir="1" index="3" bw="3" slack="0"/>
</pin_list>
<bind>
<opcode="getelementptr(29) " fcode="getelementptr"/>
<opset="buf_2_addr_1/7 "/>
</bind>
</comp>

<comp id="423" class="1004" name="buf_3_addr_1_gep_fu_423">
<pin_list>
<pin id="424" dir="0" index="0" bw="16" slack="0"/>
<pin id="425" dir="0" index="1" bw="1" slack="0"/>
<pin id="426" dir="0" index="2" bw="1" slack="0"/>
<pin id="427" dir="1" index="3" bw="3" slack="0"/>
</pin_list>
<bind>
<opcode="getelementptr(29) " fcode="getelementptr"/>
<opset="buf_3_addr_1/7 "/>
</bind>
</comp>

<comp id="431" class="1004" name="input_r_addr_12_gep_fu_431">
<pin_list>
<pin id="432" dir="0" index="0" bw="16" slack="0"/>
<pin id="433" dir="0" index="1" bw="1" slack="0"/>
<pin id="434" dir="0" index="2" bw="5" slack="0"/>
<pin id="435" dir="1" index="3" bw="6" slack="0"/>
</pin_list>
<bind>
<opcode="getelementptr(29) " fcode="getelementptr"/>
<opset="input_r_addr_12/7 "/>
</bind>
</comp>

<comp id="440" class="1004" name="input_r_addr_13_gep_fu_440">
<pin_list>
<pin id="441" dir="0" index="0" bw="16" slack="0"/>
<pin id="442" dir="0" index="1" bw="1" slack="0"/>
<pin id="443" dir="0" index="2" bw="5" slack="0"/>
<pin id="444" dir="1" index="3" bw="6" slack="0"/>
</pin_list>
<bind>
<opcode="getelementptr(29) " fcode="getelementptr"/>
<opset="input_r_addr_13/7 "/>
</bind>
</comp>

<comp id="451" class="1004" name="buf_4_addr_1_gep_fu_451">
<pin_list>
<pin id="452" dir="0" index="0" bw="16" slack="0"/>
<pin id="453" dir="0" index="1" bw="1" slack="0"/>
<pin id="454" dir="0" index="2" bw="1" slack="0"/>
<pin id="455" dir="1" index="3" bw="3" slack="0"/>
</pin_list>
<bind>
<opcode="getelementptr(29) " fcode="getelementptr"/>
<opset="buf_4_addr_1/8 "/>
</bind>
</comp>

<comp id="459" class="1004" name="buf_5_addr_1_gep_fu_459">
<pin_list>
<pin id="460" dir="0" index="0" bw="16" slack="0"/>
<pin id="461" dir="0" index="1" bw="1" slack="0"/>
<pin id="462" dir="0" index="2" bw="1" slack="0"/>
<pin id="463" dir="1" index="3" bw="3" slack="0"/>
</pin_list>
<bind>
<opcode="getelementptr(29) " fcode="getelementptr"/>
<opset="buf_5_addr_1/8 "/>
</bind>
</comp>

<comp id="467" class="1004" name="input_r_addr_14_gep_fu_467">
<pin_list>
<pin id="468" dir="0" index="0" bw="16" slack="0"/>
<pin id="469" dir="0" index="1" bw="1" slack="0"/>
<pin id="470" dir="0" index="2" bw="5" slack="0"/>
<pin id="471" dir="1" index="3" bw="6" slack="0"/>
</pin_list>
<bind>
<opcode="getelementptr(29) " fcode="getelementptr"/>
<opset="input_r_addr_14/8 "/>
</bind>
</comp>

<comp id="476" class="1004" name="input_r_addr_15_gep_fu_476">
<pin_list>
<pin id="477" dir="0" index="0" bw="16" slack="0"/>
<pin id="478" dir="0" index="1" bw="1" slack="0"/>
<pin id="479" dir="0" index="2" bw="5" slack="0"/>
<pin id="480" dir="1" index="3" bw="6" slack="0"/>
</pin_list>
<bind>
<opcode="getelementptr(29) " fcode="getelementptr"/>
<opset="input_r_addr_15/8 "/>
</bind>
</comp>

<comp id="487" class="1004" name="buf_6_addr_1_gep_fu_487">
<pin_list>
<pin id="488" dir="0" index="0" bw="16" slack="0"/>
<pin id="489" dir="0" index="1" bw="1" slack="0"/>
<pin id="490" dir="0" index="2" bw="1" slack="0"/>
<pin id="491" dir="1" index="3" bw="3" slack="0"/>
</pin_list>
<bind>
<opcode="getelementptr(29) " fcode="getelementptr"/>
<opset="buf_6_addr_1/9 "/>
</bind>
</comp>

<comp id="495" class="1004" name="buf_7_addr_1_gep_fu_495">
<pin_list>
<pin id="496" dir="0" index="0" bw="16" slack="0"/>
<pin id="497" dir="0" index="1" bw="1" slack="0"/>
<pin id="498" dir="0" index="2" bw="1" slack="0"/>
<pin id="499" dir="1" index="3" bw="3" slack="0"/>
</pin_list>
<bind>
<opcode="getelementptr(29) " fcode="getelementptr"/>
<opset="buf_7_addr_1/9 "/>
</bind>
</comp>

<comp id="503" class="1004" name="input_r_addr_16_gep_fu_503">
<pin_list>
<pin id="504" dir="0" index="0" bw="16" slack="0"/>
<pin id="505" dir="0" index="1" bw="1" slack="0"/>
<pin id="506" dir="0" index="2" bw="6" slack="0"/>
<pin id="507" dir="1" index="3" bw="6" slack="0"/>
</pin_list>
<bind>
<opcode="getelementptr(29) " fcode="getelementptr"/>
<opset="input_r_addr_16/9 "/>
</bind>
</comp>

<comp id="512" class="1004" name="input_r_addr_17_gep_fu_512">
<pin_list>
<pin id="513" dir="0" index="0" bw="16" slack="0"/>
<pin id="514" dir="0" index="1" bw="1" slack="0"/>
<pin id="515" dir="0" index="2" bw="6" slack="0"/>
<pin id="516" dir="1" index="3" bw="6" slack="0"/>
</pin_list>
<bind>
<opcode="getelementptr(29) " fcode="getelementptr"/>
<opset="input_r_addr_17/9 "/>
</bind>
</comp>

<comp id="523" class="1004" name="buf_0_addr_2_gep_fu_523">
<pin_list>
<pin id="524" dir="0" index="0" bw="16" slack="0"/>
<pin id="525" dir="0" index="1" bw="1" slack="0"/>
<pin id="526" dir="0" index="2" bw="3" slack="0"/>
<pin id="527" dir="1" index="3" bw="3" slack="0"/>
</pin_list>
<bind>
<opcode="getelementptr(29) " fcode="getelementptr"/>
<opset="buf_0_addr_2/10 "/>
</bind>
</comp>

<comp id="531" class="1004" name="buf_1_addr_2_gep_fu_531">
<pin_list>
<pin id="532" dir="0" index="0" bw="16" slack="0"/>
<pin id="533" dir="0" index="1" bw="1" slack="0"/>
<pin id="534" dir="0" index="2" bw="3" slack="0"/>
<pin id="535" dir="1" index="3" bw="3" slack="0"/>
</pin_list>
<bind>
<opcode="getelementptr(29) " fcode="getelementptr"/>
<opset="buf_1_addr_2/10 "/>
</bind>
</comp>

<comp id="539" class="1004" name="input_r_addr_18_gep_fu_539">
<pin_list>
<pin id="540" dir="0" index="0" bw="16" slack="0"/>
<pin id="541" dir="0" index="1" bw="1" slack="0"/>
<pin id="542" dir="0" index="2" bw="6" slack="0"/>
<pin id="543" dir="1" index="3" bw="6" slack="0"/>
</pin_list>
<bind>
<opcode="getelementptr(29) " fcode="getelementptr"/>
<opset="input_r_addr_18/10 "/>
</bind>
</comp>

<comp id="548" class="1004" name="input_r_addr_19_gep_fu_548">
<pin_list>
<pin id="549" dir="0" index="0" bw="16" slack="0"/>
<pin id="550" dir="0" index="1" bw="1" slack="0"/>
<pin id="551" dir="0" index="2" bw="6" slack="0"/>
<pin id="552" dir="1" index="3" bw="6" slack="0"/>
</pin_list>
<bind>
<opcode="getelementptr(29) " fcode="getelementptr"/>
<opset="input_r_addr_19/10 "/>
</bind>
</comp>

<comp id="559" class="1004" name="buf_2_addr_2_gep_fu_559">
<pin_list>
<pin id="560" dir="0" index="0" bw="16" slack="0"/>
<pin id="561" dir="0" index="1" bw="1" slack="0"/>
<pin id="562" dir="0" index="2" bw="3" slack="0"/>
<pin id="563" dir="1" index="3" bw="3" slack="0"/>
</pin_list>
<bind>
<opcode="getelementptr(29) " fcode="getelementptr"/>
<opset="buf_2_addr_2/11 "/>
</bind>
</comp>

<comp id="567" class="1004" name="buf_3_addr_2_gep_fu_567">
<pin_list>
<pin id="568" dir="0" index="0" bw="16" slack="0"/>
<pin id="569" dir="0" index="1" bw="1" slack="0"/>
<pin id="570" dir="0" index="2" bw="3" slack="0"/>
<pin id="571" dir="1" index="3" bw="3" slack="0"/>
</pin_list>
<bind>
<opcode="getelementptr(29) " fcode="getelementptr"/>
<opset="buf_3_addr_2/11 "/>
</bind>
</comp>

<comp id="575" class="1004" name="input_r_addr_20_gep_fu_575">
<pin_list>
<pin id="576" dir="0" index="0" bw="16" slack="0"/>
<pin id="577" dir="0" index="1" bw="1" slack="0"/>
<pin id="578" dir="0" index="2" bw="6" slack="0"/>
<pin id="579" dir="1" index="3" bw="6" slack="0"/>
</pin_list>
<bind>
<opcode="getelementptr(29) " fcode="getelementptr"/>
<opset="input_r_addr_20/11 "/>
</bind>
</comp>

<comp id="584" class="1004" name="input_r_addr_21_gep_fu_584">
<pin_list>
<pin id="585" dir="0" index="0" bw="16" slack="0"/>
<pin id="586" dir="0" index="1" bw="1" slack="0"/>
<pin id="587" dir="0" index="2" bw="6" slack="0"/>
<pin id="588" dir="1" index="3" bw="6" slack="0"/>
</pin_list>
<bind>
<opcode="getelementptr(29) " fcode="getelementptr"/>
<opset="input_r_addr_21/11 "/>
</bind>
</comp>

<comp id="595" class="1004" name="buf_4_addr_2_gep_fu_595">
<pin_list>
<pin id="596" dir="0" index="0" bw="16" slack="0"/>
<pin id="597" dir="0" index="1" bw="1" slack="0"/>
<pin id="598" dir="0" index="2" bw="3" slack="0"/>
<pin id="599" dir="1" index="3" bw="3" slack="0"/>
</pin_list>
<bind>
<opcode="getelementptr(29) " fcode="getelementptr"/>
<opset="buf_4_addr_2/12 "/>
</bind>
</comp>

<comp id="603" class="1004" name="buf_5_addr_2_gep_fu_603">
<pin_list>
<pin id="604" dir="0" index="0" bw="16" slack="0"/>
<pin id="605" dir="0" index="1" bw="1" slack="0"/>
<pin id="606" dir="0" index="2" bw="3" slack="0"/>
<pin id="607" dir="1" index="3" bw="3" slack="0"/>
</pin_list>
<bind>
<opcode="getelementptr(29) " fcode="getelementptr"/>
<opset="buf_5_addr_2/12 "/>
</bind>
</comp>

<comp id="611" class="1004" name="input_r_addr_22_gep_fu_611">
<pin_list>
<pin id="612" dir="0" index="0" bw="16" slack="0"/>
<pin id="613" dir="0" index="1" bw="1" slack="0"/>
<pin id="614" dir="0" index="2" bw="6" slack="0"/>
<pin id="615" dir="1" index="3" bw="6" slack="0"/>
</pin_list>
<bind>
<opcode="getelementptr(29) " fcode="getelementptr"/>
<opset="input_r_addr_22/12 "/>
</bind>
</comp>

<comp id="620" class="1004" name="input_r_addr_23_gep_fu_620">
<pin_list>
<pin id="621" dir="0" index="0" bw="16" slack="0"/>
<pin id="622" dir="0" index="1" bw="1" slack="0"/>
<pin id="623" dir="0" index="2" bw="6" slack="0"/>
<pin id="624" dir="1" index="3" bw="6" slack="0"/>
</pin_list>
<bind>
<opcode="getelementptr(29) " fcode="getelementptr"/>
<opset="input_r_addr_23/12 "/>
</bind>
</comp>

<comp id="631" class="1004" name="buf_6_addr_2_gep_fu_631">
<pin_list>
<pin id="632" dir="0" index="0" bw="16" slack="0"/>
<pin id="633" dir="0" index="1" bw="1" slack="0"/>
<pin id="634" dir="0" index="2" bw="3" slack="0"/>
<pin id="635" dir="1" index="3" bw="3" slack="0"/>
</pin_list>
<bind>
<opcode="getelementptr(29) " fcode="getelementptr"/>
<opset="buf_6_addr_2/13 "/>
</bind>
</comp>

<comp id="639" class="1004" name="buf_7_addr_2_gep_fu_639">
<pin_list>
<pin id="640" dir="0" index="0" bw="16" slack="0"/>
<pin id="641" dir="0" index="1" bw="1" slack="0"/>
<pin id="642" dir="0" index="2" bw="3" slack="0"/>
<pin id="643" dir="1" index="3" bw="3" slack="0"/>
</pin_list>
<bind>
<opcode="getelementptr(29) " fcode="getelementptr"/>
<opset="buf_7_addr_2/13 "/>
</bind>
</comp>

<comp id="647" class="1004" name="input_r_addr_24_gep_fu_647">
<pin_list>
<pin id="648" dir="0" index="0" bw="16" slack="0"/>
<pin id="649" dir="0" index="1" bw="1" slack="0"/>
<pin id="650" dir="0" index="2" bw="6" slack="0"/>
<pin id="651" dir="1" index="3" bw="6" slack="0"/>
</pin_list>
<bind>
<opcode="getelementptr(29) " fcode="getelementptr"/>
<opset="input_r_addr_24/13 "/>
</bind>
</comp>

<comp id="656" class="1004" name="input_r_addr_25_gep_fu_656">
<pin_list>
<pin id="657" dir="0" index="0" bw="16" slack="0"/>
<pin id="658" dir="0" index="1" bw="1" slack="0"/>
<pin id="659" dir="0" index="2" bw="6" slack="0"/>
<pin id="660" dir="1" index="3" bw="6" slack="0"/>
</pin_list>
<bind>
<opcode="getelementptr(29) " fcode="getelementptr"/>
<opset="input_r_addr_25/13 "/>
</bind>
</comp>

<comp id="667" class="1004" name="buf_0_addr_3_gep_fu_667">
<pin_list>
<pin id="668" dir="0" index="0" bw="16" slack="0"/>
<pin id="669" dir="0" index="1" bw="1" slack="0"/>
<pin id="670" dir="0" index="2" bw="3" slack="0"/>
<pin id="671" dir="1" index="3" bw="3" slack="0"/>
</pin_list>
<bind>
<opcode="getelementptr(29) " fcode="getelementptr"/>
<opset="buf_0_addr_3/14 "/>
</bind>
</comp>

<comp id="675" class="1004" name="buf_1_addr_3_gep_fu_675">
<pin_list>
<pin id="676" dir="0" index="0" bw="16" slack="0"/>
<pin id="677" dir="0" index="1" bw="1" slack="0"/>
<pin id="678" dir="0" index="2" bw="3" slack="0"/>
<pin id="679" dir="1" index="3" bw="3" slack="0"/>
</pin_list>
<bind>
<opcode="getelementptr(29) " fcode="getelementptr"/>
<opset="buf_1_addr_3/14 "/>
</bind>
</comp>

<comp id="683" class="1004" name="input_r_addr_26_gep_fu_683">
<pin_list>
<pin id="684" dir="0" index="0" bw="16" slack="0"/>
<pin id="685" dir="0" index="1" bw="1" slack="0"/>
<pin id="686" dir="0" index="2" bw="6" slack="0"/>
<pin id="687" dir="1" index="3" bw="6" slack="0"/>
</pin_list>
<bind>
<opcode="getelementptr(29) " fcode="getelementptr"/>
<opset="input_r_addr_26/14 "/>
</bind>
</comp>

<comp id="692" class="1004" name="input_r_addr_27_gep_fu_692">
<pin_list>
<pin id="693" dir="0" index="0" bw="16" slack="0"/>
<pin id="694" dir="0" index="1" bw="1" slack="0"/>
<pin id="695" dir="0" index="2" bw="6" slack="0"/>
<pin id="696" dir="1" index="3" bw="6" slack="0"/>
</pin_list>
<bind>
<opcode="getelementptr(29) " fcode="getelementptr"/>
<opset="input_r_addr_27/14 "/>
</bind>
</comp>

<comp id="703" class="1004" name="buf_2_addr_3_gep_fu_703">
<pin_list>
<pin id="704" dir="0" index="0" bw="16" slack="0"/>
<pin id="705" dir="0" index="1" bw="1" slack="0"/>
<pin id="706" dir="0" index="2" bw="3" slack="0"/>
<pin id="707" dir="1" index="3" bw="3" slack="0"/>
</pin_list>
<bind>
<opcode="getelementptr(29) " fcode="getelementptr"/>
<opset="buf_2_addr_3/15 "/>
</bind>
</comp>

<comp id="711" class="1004" name="buf_3_addr_3_gep_fu_711">
<pin_list>
<pin id="712" dir="0" index="0" bw="16" slack="0"/>
<pin id="713" dir="0" index="1" bw="1" slack="0"/>
<pin id="714" dir="0" index="2" bw="3" slack="0"/>
<pin id="715" dir="1" index="3" bw="3" slack="0"/>
</pin_list>
<bind>
<opcode="getelementptr(29) " fcode="getelementptr"/>
<opset="buf_3_addr_3/15 "/>
</bind>
</comp>

<comp id="719" class="1004" name="input_r_addr_28_gep_fu_719">
<pin_list>
<pin id="720" dir="0" index="0" bw="16" slack="0"/>
<pin id="721" dir="0" index="1" bw="1" slack="0"/>
<pin id="722" dir="0" index="2" bw="6" slack="0"/>
<pin id="723" dir="1" index="3" bw="6" slack="0"/>
</pin_list>
<bind>
<opcode="getelementptr(29) " fcode="getelementptr"/>
<opset="input_r_addr_28/15 "/>
</bind>
</comp>

<comp id="728" class="1004" name="input_r_addr_29_gep_fu_728">
<pin_list>
<pin id="729" dir="0" index="0" bw="16" slack="0"/>
<pin id="730" dir="0" index="1" bw="1" slack="0"/>
<pin id="731" dir="0" index="2" bw="6" slack="0"/>
<pin id="732" dir="1" index="3" bw="6" slack="0"/>
</pin_list>
<bind>
<opcode="getelementptr(29) " fcode="getelementptr"/>
<opset="input_r_addr_29/15 "/>
</bind>
</comp>

<comp id="739" class="1004" name="buf_4_addr_3_gep_fu_739">
<pin_list>
<pin id="740" dir="0" index="0" bw="16" slack="0"/>
<pin id="741" dir="0" index="1" bw="1" slack="0"/>
<pin id="742" dir="0" index="2" bw="3" slack="0"/>
<pin id="743" dir="1" index="3" bw="3" slack="0"/>
</pin_list>
<bind>
<opcode="getelementptr(29) " fcode="getelementptr"/>
<opset="buf_4_addr_3/16 "/>
</bind>
</comp>

<comp id="747" class="1004" name="buf_5_addr_3_gep_fu_747">
<pin_list>
<pin id="748" dir="0" index="0" bw="16" slack="0"/>
<pin id="749" dir="0" index="1" bw="1" slack="0"/>
<pin id="750" dir="0" index="2" bw="3" slack="0"/>
<pin id="751" dir="1" index="3" bw="3" slack="0"/>
</pin_list>
<bind>
<opcode="getelementptr(29) " fcode="getelementptr"/>
<opset="buf_5_addr_3/16 "/>
</bind>
</comp>

<comp id="755" class="1004" name="input_r_addr_30_gep_fu_755">
<pin_list>
<pin id="756" dir="0" index="0" bw="16" slack="0"/>
<pin id="757" dir="0" index="1" bw="1" slack="0"/>
<pin id="758" dir="0" index="2" bw="6" slack="0"/>
<pin id="759" dir="1" index="3" bw="6" slack="0"/>
</pin_list>
<bind>
<opcode="getelementptr(29) " fcode="getelementptr"/>
<opset="input_r_addr_30/16 "/>
</bind>
</comp>

<comp id="764" class="1004" name="input_r_addr_31_gep_fu_764">
<pin_list>
<pin id="765" dir="0" index="0" bw="16" slack="0"/>
<pin id="766" dir="0" index="1" bw="1" slack="0"/>
<pin id="767" dir="0" index="2" bw="6" slack="0"/>
<pin id="768" dir="1" index="3" bw="6" slack="0"/>
</pin_list>
<bind>
<opcode="getelementptr(29) " fcode="getelementptr"/>
<opset="input_r_addr_31/16 "/>
</bind>
</comp>

<comp id="775" class="1004" name="buf_6_addr_3_gep_fu_775">
<pin_list>
<pin id="776" dir="0" index="0" bw="16" slack="0"/>
<pin id="777" dir="0" index="1" bw="1" slack="0"/>
<pin id="778" dir="0" index="2" bw="3" slack="0"/>
<pin id="779" dir="1" index="3" bw="3" slack="0"/>
</pin_list>
<bind>
<opcode="getelementptr(29) " fcode="getelementptr"/>
<opset="buf_6_addr_3/17 "/>
</bind>
</comp>

<comp id="783" class="1004" name="buf_7_addr_3_gep_fu_783">
<pin_list>
<pin id="784" dir="0" index="0" bw="16" slack="0"/>
<pin id="785" dir="0" index="1" bw="1" slack="0"/>
<pin id="786" dir="0" index="2" bw="3" slack="0"/>
<pin id="787" dir="1" index="3" bw="3" slack="0"/>
</pin_list>
<bind>
<opcode="getelementptr(29) " fcode="getelementptr"/>
<opset="buf_7_addr_3/17 "/>
</bind>
</comp>

<comp id="791" class="1004" name="input_r_addr_32_gep_fu_791">
<pin_list>
<pin id="792" dir="0" index="0" bw="16" slack="0"/>
<pin id="793" dir="0" index="1" bw="1" slack="0"/>
<pin id="794" dir="0" index="2" bw="7" slack="0"/>
<pin id="795" dir="1" index="3" bw="6" slack="0"/>
</pin_list>
<bind>
<opcode="getelementptr(29) " fcode="getelementptr"/>
<opset="input_r_addr_32/17 "/>
</bind>
</comp>

<comp id="800" class="1004" name="input_r_addr_33_gep_fu_800">
<pin_list>
<pin id="801" dir="0" index="0" bw="16" slack="0"/>
<pin id="802" dir="0" index="1" bw="1" slack="0"/>
<pin id="803" dir="0" index="2" bw="7" slack="0"/>
<pin id="804" dir="1" index="3" bw="6" slack="0"/>
</pin_list>
<bind>
<opcode="getelementptr(29) " fcode="getelementptr"/>
<opset="input_r_addr_33/17 "/>
</bind>
</comp>

<comp id="811" class="1004" name="buf_0_addr_4_gep_fu_811">
<pin_list>
<pin id="812" dir="0" index="0" bw="16" slack="0"/>
<pin id="813" dir="0" index="1" bw="1" slack="0"/>
<pin id="814" dir="0" index="2" bw="4" slack="0"/>
<pin id="815" dir="1" index="3" bw="3" slack="0"/>
</pin_list>
<bind>
<opcode="getelementptr(29) " fcode="getelementptr"/>
<opset="buf_0_addr_4/18 "/>
</bind>
</comp>

<comp id="819" class="1004" name="buf_1_addr_4_gep_fu_819">
<pin_list>
<pin id="820" dir="0" index="0" bw="16" slack="0"/>
<pin id="821" dir="0" index="1" bw="1" slack="0"/>
<pin id="822" dir="0" index="2" bw="4" slack="0"/>
<pin id="823" dir="1" index="3" bw="3" slack="0"/>
</pin_list>
<bind>
<opcode="getelementptr(29) " fcode="getelementptr"/>
<opset="buf_1_addr_4/18 "/>
</bind>
</comp>

<comp id="827" class="1004" name="input_r_addr_34_gep_fu_827">
<pin_list>
<pin id="828" dir="0" index="0" bw="16" slack="0"/>
<pin id="829" dir="0" index="1" bw="1" slack="0"/>
<pin id="830" dir="0" index="2" bw="7" slack="0"/>
<pin id="831" dir="1" index="3" bw="6" slack="0"/>
</pin_list>
<bind>
<opcode="getelementptr(29) " fcode="getelementptr"/>
<opset="input_r_addr_34/18 "/>
</bind>
</comp>

<comp id="836" class="1004" name="input_r_addr_35_gep_fu_836">
<pin_list>
<pin id="837" dir="0" index="0" bw="16" slack="0"/>
<pin id="838" dir="0" index="1" bw="1" slack="0"/>
<pin id="839" dir="0" index="2" bw="7" slack="0"/>
<pin id="840" dir="1" index="3" bw="6" slack="0"/>
</pin_list>
<bind>
<opcode="getelementptr(29) " fcode="getelementptr"/>
<opset="input_r_addr_35/18 "/>
</bind>
</comp>

<comp id="847" class="1004" name="buf_2_addr_4_gep_fu_847">
<pin_list>
<pin id="848" dir="0" index="0" bw="16" slack="0"/>
<pin id="849" dir="0" index="1" bw="1" slack="0"/>
<pin id="850" dir="0" index="2" bw="4" slack="0"/>
<pin id="851" dir="1" index="3" bw="3" slack="0"/>
</pin_list>
<bind>
<opcode="getelementptr(29) " fcode="getelementptr"/>
<opset="buf_2_addr_4/19 "/>
</bind>
</comp>

<comp id="855" class="1004" name="buf_3_addr_4_gep_fu_855">
<pin_list>
<pin id="856" dir="0" index="0" bw="16" slack="0"/>
<pin id="857" dir="0" index="1" bw="1" slack="0"/>
<pin id="858" dir="0" index="2" bw="4" slack="0"/>
<pin id="859" dir="1" index="3" bw="3" slack="0"/>
</pin_list>
<bind>
<opcode="getelementptr(29) " fcode="getelementptr"/>
<opset="buf_3_addr_4/19 "/>
</bind>
</comp>

<comp id="863" class="1004" name="input_r_addr_36_gep_fu_863">
<pin_list>
<pin id="864" dir="0" index="0" bw="16" slack="0"/>
<pin id="865" dir="0" index="1" bw="1" slack="0"/>
<pin id="866" dir="0" index="2" bw="7" slack="0"/>
<pin id="867" dir="1" index="3" bw="6" slack="0"/>
</pin_list>
<bind>
<opcode="getelementptr(29) " fcode="getelementptr"/>
<opset="input_r_addr_36/19 "/>
</bind>
</comp>

<comp id="872" class="1004" name="input_r_addr_37_gep_fu_872">
<pin_list>
<pin id="873" dir="0" index="0" bw="16" slack="0"/>
<pin id="874" dir="0" index="1" bw="1" slack="0"/>
<pin id="875" dir="0" index="2" bw="7" slack="0"/>
<pin id="876" dir="1" index="3" bw="6" slack="0"/>
</pin_list>
<bind>
<opcode="getelementptr(29) " fcode="getelementptr"/>
<opset="input_r_addr_37/19 "/>
</bind>
</comp>

<comp id="883" class="1004" name="buf_4_addr_4_gep_fu_883">
<pin_list>
<pin id="884" dir="0" index="0" bw="16" slack="0"/>
<pin id="885" dir="0" index="1" bw="1" slack="0"/>
<pin id="886" dir="0" index="2" bw="4" slack="0"/>
<pin id="887" dir="1" index="3" bw="3" slack="0"/>
</pin_list>
<bind>
<opcode="getelementptr(29) " fcode="getelementptr"/>
<opset="buf_4_addr_4/20 "/>
</bind>
</comp>

<comp id="891" class="1004" name="buf_5_addr_4_gep_fu_891">
<pin_list>
<pin id="892" dir="0" index="0" bw="16" slack="0"/>
<pin id="893" dir="0" index="1" bw="1" slack="0"/>
<pin id="894" dir="0" index="2" bw="4" slack="0"/>
<pin id="895" dir="1" index="3" bw="3" slack="0"/>
</pin_list>
<bind>
<opcode="getelementptr(29) " fcode="getelementptr"/>
<opset="buf_5_addr_4/20 "/>
</bind>
</comp>

<comp id="899" class="1004" name="input_r_addr_38_gep_fu_899">
<pin_list>
<pin id="900" dir="0" index="0" bw="16" slack="0"/>
<pin id="901" dir="0" index="1" bw="1" slack="0"/>
<pin id="902" dir="0" index="2" bw="7" slack="0"/>
<pin id="903" dir="1" index="3" bw="6" slack="0"/>
</pin_list>
<bind>
<opcode="getelementptr(29) " fcode="getelementptr"/>
<opset="input_r_addr_38/20 "/>
</bind>
</comp>

<comp id="908" class="1004" name="input_r_addr_39_gep_fu_908">
<pin_list>
<pin id="909" dir="0" index="0" bw="16" slack="0"/>
<pin id="910" dir="0" index="1" bw="1" slack="0"/>
<pin id="911" dir="0" index="2" bw="7" slack="0"/>
<pin id="912" dir="1" index="3" bw="6" slack="0"/>
</pin_list>
<bind>
<opcode="getelementptr(29) " fcode="getelementptr"/>
<opset="input_r_addr_39/20 "/>
</bind>
</comp>

<comp id="919" class="1004" name="buf_6_addr_4_gep_fu_919">
<pin_list>
<pin id="920" dir="0" index="0" bw="16" slack="0"/>
<pin id="921" dir="0" index="1" bw="1" slack="0"/>
<pin id="922" dir="0" index="2" bw="4" slack="0"/>
<pin id="923" dir="1" index="3" bw="3" slack="0"/>
</pin_list>
<bind>
<opcode="getelementptr(29) " fcode="getelementptr"/>
<opset="buf_6_addr_4/21 "/>
</bind>
</comp>

<comp id="927" class="1004" name="buf_7_addr_4_gep_fu_927">
<pin_list>
<pin id="928" dir="0" index="0" bw="16" slack="0"/>
<pin id="929" dir="0" index="1" bw="1" slack="0"/>
<pin id="930" dir="0" index="2" bw="4" slack="0"/>
<pin id="931" dir="1" index="3" bw="3" slack="0"/>
</pin_list>
<bind>
<opcode="getelementptr(29) " fcode="getelementptr"/>
<opset="buf_7_addr_4/21 "/>
</bind>
</comp>

<comp id="935" class="1004" name="input_r_addr_40_gep_fu_935">
<pin_list>
<pin id="936" dir="0" index="0" bw="16" slack="0"/>
<pin id="937" dir="0" index="1" bw="1" slack="0"/>
<pin id="938" dir="0" index="2" bw="7" slack="0"/>
<pin id="939" dir="1" index="3" bw="6" slack="0"/>
</pin_list>
<bind>
<opcode="getelementptr(29) " fcode="getelementptr"/>
<opset="input_r_addr_40/21 "/>
</bind>
</comp>

<comp id="944" class="1004" name="input_r_addr_41_gep_fu_944">
<pin_list>
<pin id="945" dir="0" index="0" bw="16" slack="0"/>
<pin id="946" dir="0" index="1" bw="1" slack="0"/>
<pin id="947" dir="0" index="2" bw="7" slack="0"/>
<pin id="948" dir="1" index="3" bw="6" slack="0"/>
</pin_list>
<bind>
<opcode="getelementptr(29) " fcode="getelementptr"/>
<opset="input_r_addr_41/21 "/>
</bind>
</comp>

<comp id="955" class="1004" name="buf_0_addr_5_gep_fu_955">
<pin_list>
<pin id="956" dir="0" index="0" bw="16" slack="0"/>
<pin id="957" dir="0" index="1" bw="1" slack="0"/>
<pin id="958" dir="0" index="2" bw="4" slack="0"/>
<pin id="959" dir="1" index="3" bw="3" slack="0"/>
</pin_list>
<bind>
<opcode="getelementptr(29) " fcode="getelementptr"/>
<opset="buf_0_addr_5/22 "/>
</bind>
</comp>

<comp id="963" class="1004" name="buf_1_addr_5_gep_fu_963">
<pin_list>
<pin id="964" dir="0" index="0" bw="16" slack="0"/>
<pin id="965" dir="0" index="1" bw="1" slack="0"/>
<pin id="966" dir="0" index="2" bw="4" slack="0"/>
<pin id="967" dir="1" index="3" bw="3" slack="0"/>
</pin_list>
<bind>
<opcode="getelementptr(29) " fcode="getelementptr"/>
<opset="buf_1_addr_5/22 "/>
</bind>
</comp>

<comp id="971" class="1004" name="input_r_addr_42_gep_fu_971">
<pin_list>
<pin id="972" dir="0" index="0" bw="16" slack="0"/>
<pin id="973" dir="0" index="1" bw="1" slack="0"/>
<pin id="974" dir="0" index="2" bw="7" slack="0"/>
<pin id="975" dir="1" index="3" bw="6" slack="0"/>
</pin_list>
<bind>
<opcode="getelementptr(29) " fcode="getelementptr"/>
<opset="input_r_addr_42/22 "/>
</bind>
</comp>

<comp id="980" class="1004" name="input_r_addr_43_gep_fu_980">
<pin_list>
<pin id="981" dir="0" index="0" bw="16" slack="0"/>
<pin id="982" dir="0" index="1" bw="1" slack="0"/>
<pin id="983" dir="0" index="2" bw="7" slack="0"/>
<pin id="984" dir="1" index="3" bw="6" slack="0"/>
</pin_list>
<bind>
<opcode="getelementptr(29) " fcode="getelementptr"/>
<opset="input_r_addr_43/22 "/>
</bind>
</comp>

<comp id="991" class="1004" name="buf_2_addr_5_gep_fu_991">
<pin_list>
<pin id="992" dir="0" index="0" bw="16" slack="0"/>
<pin id="993" dir="0" index="1" bw="1" slack="0"/>
<pin id="994" dir="0" index="2" bw="4" slack="0"/>
<pin id="995" dir="1" index="3" bw="3" slack="0"/>
</pin_list>
<bind>
<opcode="getelementptr(29) " fcode="getelementptr"/>
<opset="buf_2_addr_5/23 "/>
</bind>
</comp>

<comp id="999" class="1004" name="buf_3_addr_5_gep_fu_999">
<pin_list>
<pin id="1000" dir="0" index="0" bw="16" slack="0"/>
<pin id="1001" dir="0" index="1" bw="1" slack="0"/>
<pin id="1002" dir="0" index="2" bw="4" slack="0"/>
<pin id="1003" dir="1" index="3" bw="3" slack="0"/>
</pin_list>
<bind>
<opcode="getelementptr(29) " fcode="getelementptr"/>
<opset="buf_3_addr_5/23 "/>
</bind>
</comp>

<comp id="1007" class="1004" name="input_r_addr_44_gep_fu_1007">
<pin_list>
<pin id="1008" dir="0" index="0" bw="16" slack="0"/>
<pin id="1009" dir="0" index="1" bw="1" slack="0"/>
<pin id="1010" dir="0" index="2" bw="7" slack="0"/>
<pin id="1011" dir="1" index="3" bw="6" slack="0"/>
</pin_list>
<bind>
<opcode="getelementptr(29) " fcode="getelementptr"/>
<opset="input_r_addr_44/23 "/>
</bind>
</comp>

<comp id="1016" class="1004" name="input_r_addr_45_gep_fu_1016">
<pin_list>
<pin id="1017" dir="0" index="0" bw="16" slack="0"/>
<pin id="1018" dir="0" index="1" bw="1" slack="0"/>
<pin id="1019" dir="0" index="2" bw="7" slack="0"/>
<pin id="1020" dir="1" index="3" bw="6" slack="0"/>
</pin_list>
<bind>
<opcode="getelementptr(29) " fcode="getelementptr"/>
<opset="input_r_addr_45/23 "/>
</bind>
</comp>

<comp id="1027" class="1004" name="buf_4_addr_5_gep_fu_1027">
<pin_list>
<pin id="1028" dir="0" index="0" bw="16" slack="0"/>
<pin id="1029" dir="0" index="1" bw="1" slack="0"/>
<pin id="1030" dir="0" index="2" bw="4" slack="0"/>
<pin id="1031" dir="1" index="3" bw="3" slack="0"/>
</pin_list>
<bind>
<opcode="getelementptr(29) " fcode="getelementptr"/>
<opset="buf_4_addr_5/24 "/>
</bind>
</comp>

<comp id="1035" class="1004" name="buf_5_addr_5_gep_fu_1035">
<pin_list>
<pin id="1036" dir="0" index="0" bw="16" slack="0"/>
<pin id="1037" dir="0" index="1" bw="1" slack="0"/>
<pin id="1038" dir="0" index="2" bw="4" slack="0"/>
<pin id="1039" dir="1" index="3" bw="3" slack="0"/>
</pin_list>
<bind>
<opcode="getelementptr(29) " fcode="getelementptr"/>
<opset="buf_5_addr_5/24 "/>
</bind>
</comp>

<comp id="1043" class="1004" name="input_r_addr_46_gep_fu_1043">
<pin_list>
<pin id="1044" dir="0" index="0" bw="16" slack="0"/>
<pin id="1045" dir="0" index="1" bw="1" slack="0"/>
<pin id="1046" dir="0" index="2" bw="7" slack="0"/>
<pin id="1047" dir="1" index="3" bw="6" slack="0"/>
</pin_list>
<bind>
<opcode="getelementptr(29) " fcode="getelementptr"/>
<opset="input_r_addr_46/24 "/>
</bind>
</comp>

<comp id="1052" class="1004" name="input_r_addr_47_gep_fu_1052">
<pin_list>
<pin id="1053" dir="0" index="0" bw="16" slack="0"/>
<pin id="1054" dir="0" index="1" bw="1" slack="0"/>
<pin id="1055" dir="0" index="2" bw="7" slack="0"/>
<pin id="1056" dir="1" index="3" bw="6" slack="0"/>
</pin_list>
<bind>
<opcode="getelementptr(29) " fcode="getelementptr"/>
<opset="input_r_addr_47/24 "/>
</bind>
</comp>

<comp id="1063" class="1004" name="buf_6_addr_5_gep_fu_1063">
<pin_list>
<pin id="1064" dir="0" index="0" bw="16" slack="0"/>
<pin id="1065" dir="0" index="1" bw="1" slack="0"/>
<pin id="1066" dir="0" index="2" bw="4" slack="0"/>
<pin id="1067" dir="1" index="3" bw="3" slack="0"/>
</pin_list>
<bind>
<opcode="getelementptr(29) " fcode="getelementptr"/>
<opset="buf_6_addr_5/25 "/>
</bind>
</comp>

<comp id="1071" class="1004" name="buf_7_addr_5_gep_fu_1071">
<pin_list>
<pin id="1072" dir="0" index="0" bw="16" slack="0"/>
<pin id="1073" dir="0" index="1" bw="1" slack="0"/>
<pin id="1074" dir="0" index="2" bw="4" slack="0"/>
<pin id="1075" dir="1" index="3" bw="3" slack="0"/>
</pin_list>
<bind>
<opcode="getelementptr(29) " fcode="getelementptr"/>
<opset="buf_7_addr_5/25 "/>
</bind>
</comp>

<comp id="1079" class="1004" name="input_r_addr_48_gep_fu_1079">
<pin_list>
<pin id="1080" dir="0" index="0" bw="16" slack="0"/>
<pin id="1081" dir="0" index="1" bw="1" slack="0"/>
<pin id="1082" dir="0" index="2" bw="7" slack="0"/>
<pin id="1083" dir="1" index="3" bw="6" slack="0"/>
</pin_list>
<bind>
<opcode="getelementptr(29) " fcode="getelementptr"/>
<opset="input_r_addr_48/25 "/>
</bind>
</comp>

<comp id="1088" class="1004" name="input_r_addr_49_gep_fu_1088">
<pin_list>
<pin id="1089" dir="0" index="0" bw="16" slack="0"/>
<pin id="1090" dir="0" index="1" bw="1" slack="0"/>
<pin id="1091" dir="0" index="2" bw="7" slack="0"/>
<pin id="1092" dir="1" index="3" bw="6" slack="0"/>
</pin_list>
<bind>
<opcode="getelementptr(29) " fcode="getelementptr"/>
<opset="input_r_addr_49/25 "/>
</bind>
</comp>

<comp id="1099" class="1004" name="buf_0_addr_6_gep_fu_1099">
<pin_list>
<pin id="1100" dir="0" index="0" bw="16" slack="0"/>
<pin id="1101" dir="0" index="1" bw="1" slack="0"/>
<pin id="1102" dir="0" index="2" bw="4" slack="0"/>
<pin id="1103" dir="1" index="3" bw="3" slack="0"/>
</pin_list>
<bind>
<opcode="getelementptr(29) " fcode="getelementptr"/>
<opset="buf_0_addr_6/26 "/>
</bind>
</comp>

<comp id="1107" class="1004" name="buf_1_addr_6_gep_fu_1107">
<pin_list>
<pin id="1108" dir="0" index="0" bw="16" slack="0"/>
<pin id="1109" dir="0" index="1" bw="1" slack="0"/>
<pin id="1110" dir="0" index="2" bw="4" slack="0"/>
<pin id="1111" dir="1" index="3" bw="3" slack="0"/>
</pin_list>
<bind>
<opcode="getelementptr(29) " fcode="getelementptr"/>
<opset="buf_1_addr_6/26 "/>
</bind>
</comp>

<comp id="1115" class="1004" name="input_r_addr_50_gep_fu_1115">
<pin_list>
<pin id="1116" dir="0" index="0" bw="16" slack="0"/>
<pin id="1117" dir="0" index="1" bw="1" slack="0"/>
<pin id="1118" dir="0" index="2" bw="7" slack="0"/>
<pin id="1119" dir="1" index="3" bw="6" slack="0"/>
</pin_list>
<bind>
<opcode="getelementptr(29) " fcode="getelementptr"/>
<opset="input_r_addr_50/26 "/>
</bind>
</comp>

<comp id="1124" class="1004" name="input_r_addr_51_gep_fu_1124">
<pin_list>
<pin id="1125" dir="0" index="0" bw="16" slack="0"/>
<pin id="1126" dir="0" index="1" bw="1" slack="0"/>
<pin id="1127" dir="0" index="2" bw="7" slack="0"/>
<pin id="1128" dir="1" index="3" bw="6" slack="0"/>
</pin_list>
<bind>
<opcode="getelementptr(29) " fcode="getelementptr"/>
<opset="input_r_addr_51/26 "/>
</bind>
</comp>

<comp id="1135" class="1004" name="buf_2_addr_6_gep_fu_1135">
<pin_list>
<pin id="1136" dir="0" index="0" bw="16" slack="0"/>
<pin id="1137" dir="0" index="1" bw="1" slack="0"/>
<pin id="1138" dir="0" index="2" bw="4" slack="0"/>
<pin id="1139" dir="1" index="3" bw="3" slack="0"/>
</pin_list>
<bind>
<opcode="getelementptr(29) " fcode="getelementptr"/>
<opset="buf_2_addr_6/27 "/>
</bind>
</comp>

<comp id="1143" class="1004" name="buf_3_addr_6_gep_fu_1143">
<pin_list>
<pin id="1144" dir="0" index="0" bw="16" slack="0"/>
<pin id="1145" dir="0" index="1" bw="1" slack="0"/>
<pin id="1146" dir="0" index="2" bw="4" slack="0"/>
<pin id="1147" dir="1" index="3" bw="3" slack="0"/>
</pin_list>
<bind>
<opcode="getelementptr(29) " fcode="getelementptr"/>
<opset="buf_3_addr_6/27 "/>
</bind>
</comp>

<comp id="1151" class="1004" name="input_r_addr_52_gep_fu_1151">
<pin_list>
<pin id="1152" dir="0" index="0" bw="16" slack="0"/>
<pin id="1153" dir="0" index="1" bw="1" slack="0"/>
<pin id="1154" dir="0" index="2" bw="7" slack="0"/>
<pin id="1155" dir="1" index="3" bw="6" slack="0"/>
</pin_list>
<bind>
<opcode="getelementptr(29) " fcode="getelementptr"/>
<opset="input_r_addr_52/27 "/>
</bind>
</comp>

<comp id="1160" class="1004" name="input_r_addr_53_gep_fu_1160">
<pin_list>
<pin id="1161" dir="0" index="0" bw="16" slack="0"/>
<pin id="1162" dir="0" index="1" bw="1" slack="0"/>
<pin id="1163" dir="0" index="2" bw="7" slack="0"/>
<pin id="1164" dir="1" index="3" bw="6" slack="0"/>
</pin_list>
<bind>
<opcode="getelementptr(29) " fcode="getelementptr"/>
<opset="input_r_addr_53/27 "/>
</bind>
</comp>

<comp id="1171" class="1004" name="buf_4_addr_6_gep_fu_1171">
<pin_list>
<pin id="1172" dir="0" index="0" bw="16" slack="0"/>
<pin id="1173" dir="0" index="1" bw="1" slack="0"/>
<pin id="1174" dir="0" index="2" bw="4" slack="0"/>
<pin id="1175" dir="1" index="3" bw="3" slack="0"/>
</pin_list>
<bind>
<opcode="getelementptr(29) " fcode="getelementptr"/>
<opset="buf_4_addr_6/28 "/>
</bind>
</comp>

<comp id="1179" class="1004" name="buf_5_addr_6_gep_fu_1179">
<pin_list>
<pin id="1180" dir="0" index="0" bw="16" slack="0"/>
<pin id="1181" dir="0" index="1" bw="1" slack="0"/>
<pin id="1182" dir="0" index="2" bw="4" slack="0"/>
<pin id="1183" dir="1" index="3" bw="3" slack="0"/>
</pin_list>
<bind>
<opcode="getelementptr(29) " fcode="getelementptr"/>
<opset="buf_5_addr_6/28 "/>
</bind>
</comp>

<comp id="1187" class="1004" name="input_r_addr_54_gep_fu_1187">
<pin_list>
<pin id="1188" dir="0" index="0" bw="16" slack="0"/>
<pin id="1189" dir="0" index="1" bw="1" slack="0"/>
<pin id="1190" dir="0" index="2" bw="7" slack="0"/>
<pin id="1191" dir="1" index="3" bw="6" slack="0"/>
</pin_list>
<bind>
<opcode="getelementptr(29) " fcode="getelementptr"/>
<opset="input_r_addr_54/28 "/>
</bind>
</comp>

<comp id="1196" class="1004" name="input_r_addr_55_gep_fu_1196">
<pin_list>
<pin id="1197" dir="0" index="0" bw="16" slack="0"/>
<pin id="1198" dir="0" index="1" bw="1" slack="0"/>
<pin id="1199" dir="0" index="2" bw="7" slack="0"/>
<pin id="1200" dir="1" index="3" bw="6" slack="0"/>
</pin_list>
<bind>
<opcode="getelementptr(29) " fcode="getelementptr"/>
<opset="input_r_addr_55/28 "/>
</bind>
</comp>

<comp id="1207" class="1004" name="buf_6_addr_6_gep_fu_1207">
<pin_list>
<pin id="1208" dir="0" index="0" bw="16" slack="0"/>
<pin id="1209" dir="0" index="1" bw="1" slack="0"/>
<pin id="1210" dir="0" index="2" bw="4" slack="0"/>
<pin id="1211" dir="1" index="3" bw="3" slack="0"/>
</pin_list>
<bind>
<opcode="getelementptr(29) " fcode="getelementptr"/>
<opset="buf_6_addr_6/29 "/>
</bind>
</comp>

<comp id="1215" class="1004" name="buf_7_addr_6_gep_fu_1215">
<pin_list>
<pin id="1216" dir="0" index="0" bw="16" slack="0"/>
<pin id="1217" dir="0" index="1" bw="1" slack="0"/>
<pin id="1218" dir="0" index="2" bw="4" slack="0"/>
<pin id="1219" dir="1" index="3" bw="3" slack="0"/>
</pin_list>
<bind>
<opcode="getelementptr(29) " fcode="getelementptr"/>
<opset="buf_7_addr_6/29 "/>
</bind>
</comp>

<comp id="1223" class="1004" name="input_r_addr_56_gep_fu_1223">
<pin_list>
<pin id="1224" dir="0" index="0" bw="16" slack="0"/>
<pin id="1225" dir="0" index="1" bw="1" slack="0"/>
<pin id="1226" dir="0" index="2" bw="7" slack="0"/>
<pin id="1227" dir="1" index="3" bw="6" slack="0"/>
</pin_list>
<bind>
<opcode="getelementptr(29) " fcode="getelementptr"/>
<opset="input_r_addr_56/29 "/>
</bind>
</comp>

<comp id="1232" class="1004" name="input_r_addr_57_gep_fu_1232">
<pin_list>
<pin id="1233" dir="0" index="0" bw="16" slack="0"/>
<pin id="1234" dir="0" index="1" bw="1" slack="0"/>
<pin id="1235" dir="0" index="2" bw="7" slack="0"/>
<pin id="1236" dir="1" index="3" bw="6" slack="0"/>
</pin_list>
<bind>
<opcode="getelementptr(29) " fcode="getelementptr"/>
<opset="input_r_addr_57/29 "/>
</bind>
</comp>

<comp id="1243" class="1004" name="buf_0_addr_7_gep_fu_1243">
<pin_list>
<pin id="1244" dir="0" index="0" bw="16" slack="0"/>
<pin id="1245" dir="0" index="1" bw="1" slack="0"/>
<pin id="1246" dir="0" index="2" bw="4" slack="0"/>
<pin id="1247" dir="1" index="3" bw="3" slack="0"/>
</pin_list>
<bind>
<opcode="getelementptr(29) " fcode="getelementptr"/>
<opset="buf_0_addr_7/30 "/>
</bind>
</comp>

<comp id="1251" class="1004" name="buf_1_addr_7_gep_fu_1251">
<pin_list>
<pin id="1252" dir="0" index="0" bw="16" slack="0"/>
<pin id="1253" dir="0" index="1" bw="1" slack="0"/>
<pin id="1254" dir="0" index="2" bw="4" slack="0"/>
<pin id="1255" dir="1" index="3" bw="3" slack="0"/>
</pin_list>
<bind>
<opcode="getelementptr(29) " fcode="getelementptr"/>
<opset="buf_1_addr_7/30 "/>
</bind>
</comp>

<comp id="1259" class="1004" name="input_r_addr_58_gep_fu_1259">
<pin_list>
<pin id="1260" dir="0" index="0" bw="16" slack="0"/>
<pin id="1261" dir="0" index="1" bw="1" slack="0"/>
<pin id="1262" dir="0" index="2" bw="7" slack="0"/>
<pin id="1263" dir="1" index="3" bw="6" slack="0"/>
</pin_list>
<bind>
<opcode="getelementptr(29) " fcode="getelementptr"/>
<opset="input_r_addr_58/30 "/>
</bind>
</comp>

<comp id="1268" class="1004" name="input_r_addr_59_gep_fu_1268">
<pin_list>
<pin id="1269" dir="0" index="0" bw="16" slack="0"/>
<pin id="1270" dir="0" index="1" bw="1" slack="0"/>
<pin id="1271" dir="0" index="2" bw="7" slack="0"/>
<pin id="1272" dir="1" index="3" bw="6" slack="0"/>
</pin_list>
<bind>
<opcode="getelementptr(29) " fcode="getelementptr"/>
<opset="input_r_addr_59/30 "/>
</bind>
</comp>

<comp id="1279" class="1004" name="buf_2_addr_7_gep_fu_1279">
<pin_list>
<pin id="1280" dir="0" index="0" bw="16" slack="0"/>
<pin id="1281" dir="0" index="1" bw="1" slack="0"/>
<pin id="1282" dir="0" index="2" bw="4" slack="0"/>
<pin id="1283" dir="1" index="3" bw="3" slack="0"/>
</pin_list>
<bind>
<opcode="getelementptr(29) " fcode="getelementptr"/>
<opset="buf_2_addr_7/31 "/>
</bind>
</comp>

<comp id="1287" class="1004" name="buf_3_addr_7_gep_fu_1287">
<pin_list>
<pin id="1288" dir="0" index="0" bw="16" slack="0"/>
<pin id="1289" dir="0" index="1" bw="1" slack="0"/>
<pin id="1290" dir="0" index="2" bw="4" slack="0"/>
<pin id="1291" dir="1" index="3" bw="3" slack="0"/>
</pin_list>
<bind>
<opcode="getelementptr(29) " fcode="getelementptr"/>
<opset="buf_3_addr_7/31 "/>
</bind>
</comp>

<comp id="1295" class="1004" name="input_r_addr_60_gep_fu_1295">
<pin_list>
<pin id="1296" dir="0" index="0" bw="16" slack="0"/>
<pin id="1297" dir="0" index="1" bw="1" slack="0"/>
<pin id="1298" dir="0" index="2" bw="7" slack="0"/>
<pin id="1299" dir="1" index="3" bw="6" slack="0"/>
</pin_list>
<bind>
<opcode="getelementptr(29) " fcode="getelementptr"/>
<opset="input_r_addr_60/31 "/>
</bind>
</comp>

<comp id="1304" class="1004" name="input_r_addr_61_gep_fu_1304">
<pin_list>
<pin id="1305" dir="0" index="0" bw="16" slack="0"/>
<pin id="1306" dir="0" index="1" bw="1" slack="0"/>
<pin id="1307" dir="0" index="2" bw="7" slack="0"/>
<pin id="1308" dir="1" index="3" bw="6" slack="0"/>
</pin_list>
<bind>
<opcode="getelementptr(29) " fcode="getelementptr"/>
<opset="input_r_addr_61/31 "/>
</bind>
</comp>

<comp id="1315" class="1004" name="buf_4_addr_7_gep_fu_1315">
<pin_list>
<pin id="1316" dir="0" index="0" bw="16" slack="0"/>
<pin id="1317" dir="0" index="1" bw="1" slack="0"/>
<pin id="1318" dir="0" index="2" bw="4" slack="0"/>
<pin id="1319" dir="1" index="3" bw="3" slack="0"/>
</pin_list>
<bind>
<opcode="getelementptr(29) " fcode="getelementptr"/>
<opset="buf_4_addr_7/32 "/>
</bind>
</comp>

<comp id="1323" class="1004" name="buf_5_addr_7_gep_fu_1323">
<pin_list>
<pin id="1324" dir="0" index="0" bw="16" slack="0"/>
<pin id="1325" dir="0" index="1" bw="1" slack="0"/>
<pin id="1326" dir="0" index="2" bw="4" slack="0"/>
<pin id="1327" dir="1" index="3" bw="3" slack="0"/>
</pin_list>
<bind>
<opcode="getelementptr(29) " fcode="getelementptr"/>
<opset="buf_5_addr_7/32 "/>
</bind>
</comp>

<comp id="1331" class="1004" name="input_r_addr_62_gep_fu_1331">
<pin_list>
<pin id="1332" dir="0" index="0" bw="16" slack="0"/>
<pin id="1333" dir="0" index="1" bw="1" slack="0"/>
<pin id="1334" dir="0" index="2" bw="7" slack="0"/>
<pin id="1335" dir="1" index="3" bw="6" slack="0"/>
</pin_list>
<bind>
<opcode="getelementptr(29) " fcode="getelementptr"/>
<opset="input_r_addr_62/32 "/>
</bind>
</comp>

<comp id="1340" class="1004" name="input_r_addr_63_gep_fu_1340">
<pin_list>
<pin id="1341" dir="0" index="0" bw="16" slack="0"/>
<pin id="1342" dir="0" index="1" bw="1" slack="0"/>
<pin id="1343" dir="0" index="2" bw="7" slack="0"/>
<pin id="1344" dir="1" index="3" bw="6" slack="0"/>
</pin_list>
<bind>
<opcode="getelementptr(29) " fcode="getelementptr"/>
<opset="input_r_addr_63/32 "/>
</bind>
</comp>

<comp id="1351" class="1004" name="buf_6_addr_7_gep_fu_1351">
<pin_list>
<pin id="1352" dir="0" index="0" bw="16" slack="0"/>
<pin id="1353" dir="0" index="1" bw="1" slack="0"/>
<pin id="1354" dir="0" index="2" bw="4" slack="0"/>
<pin id="1355" dir="1" index="3" bw="3" slack="0"/>
</pin_list>
<bind>
<opcode="getelementptr(29) " fcode="getelementptr"/>
<opset="buf_6_addr_7/33 "/>
</bind>
</comp>

<comp id="1359" class="1004" name="buf_7_addr_7_gep_fu_1359">
<pin_list>
<pin id="1360" dir="0" index="0" bw="16" slack="0"/>
<pin id="1361" dir="0" index="1" bw="1" slack="0"/>
<pin id="1362" dir="0" index="2" bw="4" slack="0"/>
<pin id="1363" dir="1" index="3" bw="3" slack="0"/>
</pin_list>
<bind>
<opcode="getelementptr(29) " fcode="getelementptr"/>
<opset="buf_7_addr_7/33 "/>
</bind>
</comp>

<comp id="1369" class="1005" name="input_r_addr_reg_1369">
<pin_list>
<pin id="1370" dir="0" index="0" bw="6" slack="1"/>
<pin id="1371" dir="1" index="1" bw="6" slack="1"/>
</pin_list>
<bind>
<opset="input_r_addr "/>
</bind>
</comp>

<comp id="1374" class="1005" name="input_r_addr_1_reg_1374">
<pin_list>
<pin id="1375" dir="0" index="0" bw="6" slack="1"/>
<pin id="1376" dir="1" index="1" bw="6" slack="1"/>
</pin_list>
<bind>
<opset="input_r_addr_1 "/>
</bind>
</comp>

<comp id="1379" class="1005" name="input_r_addr_2_reg_1379">
<pin_list>
<pin id="1380" dir="0" index="0" bw="6" slack="1"/>
<pin id="1381" dir="1" index="1" bw="6" slack="1"/>
</pin_list>
<bind>
<opset="input_r_addr_2 "/>
</bind>
</comp>

<comp id="1384" class="1005" name="input_r_addr_3_reg_1384">
<pin_list>
<pin id="1385" dir="0" index="0" bw="6" slack="1"/>
<pin id="1386" dir="1" index="1" bw="6" slack="1"/>
</pin_list>
<bind>
<opset="input_r_addr_3 "/>
</bind>
</comp>

<comp id="1389" class="1005" name="input_r_addr_4_reg_1389">
<pin_list>
<pin id="1390" dir="0" index="0" bw="6" slack="1"/>
<pin id="1391" dir="1" index="1" bw="6" slack="1"/>
</pin_list>
<bind>
<opset="input_r_addr_4 "/>
</bind>
</comp>

<comp id="1394" class="1005" name="input_r_addr_5_reg_1394">
<pin_list>
<pin id="1395" dir="0" index="0" bw="6" slack="1"/>
<pin id="1396" dir="1" index="1" bw="6" slack="1"/>
</pin_list>
<bind>
<opset="input_r_addr_5 "/>
</bind>
</comp>

<comp id="1399" class="1005" name="input_r_addr_6_reg_1399">
<pin_list>
<pin id="1400" dir="0" index="0" bw="6" slack="1"/>
<pin id="1401" dir="1" index="1" bw="6" slack="1"/>
</pin_list>
<bind>
<opset="input_r_addr_6 "/>
</bind>
</comp>

<comp id="1404" class="1005" name="input_r_addr_7_reg_1404">
<pin_list>
<pin id="1405" dir="0" index="0" bw="6" slack="1"/>
<pin id="1406" dir="1" index="1" bw="6" slack="1"/>
</pin_list>
<bind>
<opset="input_r_addr_7 "/>
</bind>
</comp>

<comp id="1409" class="1005" name="input_r_addr_8_reg_1409">
<pin_list>
<pin id="1410" dir="0" index="0" bw="6" slack="1"/>
<pin id="1411" dir="1" index="1" bw="6" slack="1"/>
</pin_list>
<bind>
<opset="input_r_addr_8 "/>
</bind>
</comp>

<comp id="1414" class="1005" name="input_r_addr_9_reg_1414">
<pin_list>
<pin id="1415" dir="0" index="0" bw="6" slack="1"/>
<pin id="1416" dir="1" index="1" bw="6" slack="1"/>
</pin_list>
<bind>
<opset="input_r_addr_9 "/>
</bind>
</comp>

<comp id="1419" class="1005" name="input_r_addr_10_reg_1419">
<pin_list>
<pin id="1420" dir="0" index="0" bw="6" slack="1"/>
<pin id="1421" dir="1" index="1" bw="6" slack="1"/>
</pin_list>
<bind>
<opset="input_r_addr_10 "/>
</bind>
</comp>

<comp id="1424" class="1005" name="input_r_addr_11_reg_1424">
<pin_list>
<pin id="1425" dir="0" index="0" bw="6" slack="1"/>
<pin id="1426" dir="1" index="1" bw="6" slack="1"/>
</pin_list>
<bind>
<opset="input_r_addr_11 "/>
</bind>
</comp>

<comp id="1429" class="1005" name="input_r_addr_12_reg_1429">
<pin_list>
<pin id="1430" dir="0" index="0" bw="6" slack="1"/>
<pin id="1431" dir="1" index="1" bw="6" slack="1"/>
</pin_list>
<bind>
<opset="input_r_addr_12 "/>
</bind>
</comp>

<comp id="1434" class="1005" name="input_r_addr_13_reg_1434">
<pin_list>
<pin id="1435" dir="0" index="0" bw="6" slack="1"/>
<pin id="1436" dir="1" index="1" bw="6" slack="1"/>
</pin_list>
<bind>
<opset="input_r_addr_13 "/>
</bind>
</comp>

<comp id="1439" class="1005" name="input_r_addr_14_reg_1439">
<pin_list>
<pin id="1440" dir="0" index="0" bw="6" slack="1"/>
<pin id="1441" dir="1" index="1" bw="6" slack="1"/>
</pin_list>
<bind>
<opset="input_r_addr_14 "/>
</bind>
</comp>

<comp id="1444" class="1005" name="input_r_addr_15_reg_1444">
<pin_list>
<pin id="1445" dir="0" index="0" bw="6" slack="1"/>
<pin id="1446" dir="1" index="1" bw="6" slack="1"/>
</pin_list>
<bind>
<opset="input_r_addr_15 "/>
</bind>
</comp>

<comp id="1449" class="1005" name="input_r_addr_16_reg_1449">
<pin_list>
<pin id="1450" dir="0" index="0" bw="6" slack="1"/>
<pin id="1451" dir="1" index="1" bw="6" slack="1"/>
</pin_list>
<bind>
<opset="input_r_addr_16 "/>
</bind>
</comp>

<comp id="1454" class="1005" name="input_r_addr_17_reg_1454">
<pin_list>
<pin id="1455" dir="0" index="0" bw="6" slack="1"/>
<pin id="1456" dir="1" index="1" bw="6" slack="1"/>
</pin_list>
<bind>
<opset="input_r_addr_17 "/>
</bind>
</comp>

<comp id="1459" class="1005" name="input_r_addr_18_reg_1459">
<pin_list>
<pin id="1460" dir="0" index="0" bw="6" slack="1"/>
<pin id="1461" dir="1" index="1" bw="6" slack="1"/>
</pin_list>
<bind>
<opset="input_r_addr_18 "/>
</bind>
</comp>

<comp id="1464" class="1005" name="input_r_addr_19_reg_1464">
<pin_list>
<pin id="1465" dir="0" index="0" bw="6" slack="1"/>
<pin id="1466" dir="1" index="1" bw="6" slack="1"/>
</pin_list>
<bind>
<opset="input_r_addr_19 "/>
</bind>
</comp>

<comp id="1469" class="1005" name="input_r_addr_20_reg_1469">
<pin_list>
<pin id="1470" dir="0" index="0" bw="6" slack="1"/>
<pin id="1471" dir="1" index="1" bw="6" slack="1"/>
</pin_list>
<bind>
<opset="input_r_addr_20 "/>
</bind>
</comp>

<comp id="1474" class="1005" name="input_r_addr_21_reg_1474">
<pin_list>
<pin id="1475" dir="0" index="0" bw="6" slack="1"/>
<pin id="1476" dir="1" index="1" bw="6" slack="1"/>
</pin_list>
<bind>
<opset="input_r_addr_21 "/>
</bind>
</comp>

<comp id="1479" class="1005" name="input_r_addr_22_reg_1479">
<pin_list>
<pin id="1480" dir="0" index="0" bw="6" slack="1"/>
<pin id="1481" dir="1" index="1" bw="6" slack="1"/>
</pin_list>
<bind>
<opset="input_r_addr_22 "/>
</bind>
</comp>

<comp id="1484" class="1005" name="input_r_addr_23_reg_1484">
<pin_list>
<pin id="1485" dir="0" index="0" bw="6" slack="1"/>
<pin id="1486" dir="1" index="1" bw="6" slack="1"/>
</pin_list>
<bind>
<opset="input_r_addr_23 "/>
</bind>
</comp>

<comp id="1489" class="1005" name="input_r_addr_24_reg_1489">
<pin_list>
<pin id="1490" dir="0" index="0" bw="6" slack="1"/>
<pin id="1491" dir="1" index="1" bw="6" slack="1"/>
</pin_list>
<bind>
<opset="input_r_addr_24 "/>
</bind>
</comp>

<comp id="1494" class="1005" name="input_r_addr_25_reg_1494">
<pin_list>
<pin id="1495" dir="0" index="0" bw="6" slack="1"/>
<pin id="1496" dir="1" index="1" bw="6" slack="1"/>
</pin_list>
<bind>
<opset="input_r_addr_25 "/>
</bind>
</comp>

<comp id="1499" class="1005" name="input_r_addr_26_reg_1499">
<pin_list>
<pin id="1500" dir="0" index="0" bw="6" slack="1"/>
<pin id="1501" dir="1" index="1" bw="6" slack="1"/>
</pin_list>
<bind>
<opset="input_r_addr_26 "/>
</bind>
</comp>

<comp id="1504" class="1005" name="input_r_addr_27_reg_1504">
<pin_list>
<pin id="1505" dir="0" index="0" bw="6" slack="1"/>
<pin id="1506" dir="1" index="1" bw="6" slack="1"/>
</pin_list>
<bind>
<opset="input_r_addr_27 "/>
</bind>
</comp>

<comp id="1509" class="1005" name="input_r_addr_28_reg_1509">
<pin_list>
<pin id="1510" dir="0" index="0" bw="6" slack="1"/>
<pin id="1511" dir="1" index="1" bw="6" slack="1"/>
</pin_list>
<bind>
<opset="input_r_addr_28 "/>
</bind>
</comp>

<comp id="1514" class="1005" name="input_r_addr_29_reg_1514">
<pin_list>
<pin id="1515" dir="0" index="0" bw="6" slack="1"/>
<pin id="1516" dir="1" index="1" bw="6" slack="1"/>
</pin_list>
<bind>
<opset="input_r_addr_29 "/>
</bind>
</comp>

<comp id="1519" class="1005" name="input_r_addr_30_reg_1519">
<pin_list>
<pin id="1520" dir="0" index="0" bw="6" slack="1"/>
<pin id="1521" dir="1" index="1" bw="6" slack="1"/>
</pin_list>
<bind>
<opset="input_r_addr_30 "/>
</bind>
</comp>

<comp id="1524" class="1005" name="input_r_addr_31_reg_1524">
<pin_list>
<pin id="1525" dir="0" index="0" bw="6" slack="1"/>
<pin id="1526" dir="1" index="1" bw="6" slack="1"/>
</pin_list>
<bind>
<opset="input_r_addr_31 "/>
</bind>
</comp>

<comp id="1529" class="1005" name="input_r_addr_32_reg_1529">
<pin_list>
<pin id="1530" dir="0" index="0" bw="6" slack="1"/>
<pin id="1531" dir="1" index="1" bw="6" slack="1"/>
</pin_list>
<bind>
<opset="input_r_addr_32 "/>
</bind>
</comp>

<comp id="1534" class="1005" name="input_r_addr_33_reg_1534">
<pin_list>
<pin id="1535" dir="0" index="0" bw="6" slack="1"/>
<pin id="1536" dir="1" index="1" bw="6" slack="1"/>
</pin_list>
<bind>
<opset="input_r_addr_33 "/>
</bind>
</comp>

<comp id="1539" class="1005" name="input_r_addr_34_reg_1539">
<pin_list>
<pin id="1540" dir="0" index="0" bw="6" slack="1"/>
<pin id="1541" dir="1" index="1" bw="6" slack="1"/>
</pin_list>
<bind>
<opset="input_r_addr_34 "/>
</bind>
</comp>

<comp id="1544" class="1005" name="input_r_addr_35_reg_1544">
<pin_list>
<pin id="1545" dir="0" index="0" bw="6" slack="1"/>
<pin id="1546" dir="1" index="1" bw="6" slack="1"/>
</pin_list>
<bind>
<opset="input_r_addr_35 "/>
</bind>
</comp>

<comp id="1549" class="1005" name="input_r_addr_36_reg_1549">
<pin_list>
<pin id="1550" dir="0" index="0" bw="6" slack="1"/>
<pin id="1551" dir="1" index="1" bw="6" slack="1"/>
</pin_list>
<bind>
<opset="input_r_addr_36 "/>
</bind>
</comp>

<comp id="1554" class="1005" name="input_r_addr_37_reg_1554">
<pin_list>
<pin id="1555" dir="0" index="0" bw="6" slack="1"/>
<pin id="1556" dir="1" index="1" bw="6" slack="1"/>
</pin_list>
<bind>
<opset="input_r_addr_37 "/>
</bind>
</comp>

<comp id="1559" class="1005" name="input_r_addr_38_reg_1559">
<pin_list>
<pin id="1560" dir="0" index="0" bw="6" slack="1"/>
<pin id="1561" dir="1" index="1" bw="6" slack="1"/>
</pin_list>
<bind>
<opset="input_r_addr_38 "/>
</bind>
</comp>

<comp id="1564" class="1005" name="input_r_addr_39_reg_1564">
<pin_list>
<pin id="1565" dir="0" index="0" bw="6" slack="1"/>
<pin id="1566" dir="1" index="1" bw="6" slack="1"/>
</pin_list>
<bind>
<opset="input_r_addr_39 "/>
</bind>
</comp>

<comp id="1569" class="1005" name="input_r_addr_40_reg_1569">
<pin_list>
<pin id="1570" dir="0" index="0" bw="6" slack="1"/>
<pin id="1571" dir="1" index="1" bw="6" slack="1"/>
</pin_list>
<bind>
<opset="input_r_addr_40 "/>
</bind>
</comp>

<comp id="1574" class="1005" name="input_r_addr_41_reg_1574">
<pin_list>
<pin id="1575" dir="0" index="0" bw="6" slack="1"/>
<pin id="1576" dir="1" index="1" bw="6" slack="1"/>
</pin_list>
<bind>
<opset="input_r_addr_41 "/>
</bind>
</comp>

<comp id="1579" class="1005" name="input_r_addr_42_reg_1579">
<pin_list>
<pin id="1580" dir="0" index="0" bw="6" slack="1"/>
<pin id="1581" dir="1" index="1" bw="6" slack="1"/>
</pin_list>
<bind>
<opset="input_r_addr_42 "/>
</bind>
</comp>

<comp id="1584" class="1005" name="input_r_addr_43_reg_1584">
<pin_list>
<pin id="1585" dir="0" index="0" bw="6" slack="1"/>
<pin id="1586" dir="1" index="1" bw="6" slack="1"/>
</pin_list>
<bind>
<opset="input_r_addr_43 "/>
</bind>
</comp>

<comp id="1589" class="1005" name="input_r_addr_44_reg_1589">
<pin_list>
<pin id="1590" dir="0" index="0" bw="6" slack="1"/>
<pin id="1591" dir="1" index="1" bw="6" slack="1"/>
</pin_list>
<bind>
<opset="input_r_addr_44 "/>
</bind>
</comp>

<comp id="1594" class="1005" name="input_r_addr_45_reg_1594">
<pin_list>
<pin id="1595" dir="0" index="0" bw="6" slack="1"/>
<pin id="1596" dir="1" index="1" bw="6" slack="1"/>
</pin_list>
<bind>
<opset="input_r_addr_45 "/>
</bind>
</comp>

<comp id="1599" class="1005" name="input_r_addr_46_reg_1599">
<pin_list>
<pin id="1600" dir="0" index="0" bw="6" slack="1"/>
<pin id="1601" dir="1" index="1" bw="6" slack="1"/>
</pin_list>
<bind>
<opset="input_r_addr_46 "/>
</bind>
</comp>

<comp id="1604" class="1005" name="input_r_addr_47_reg_1604">
<pin_list>
<pin id="1605" dir="0" index="0" bw="6" slack="1"/>
<pin id="1606" dir="1" index="1" bw="6" slack="1"/>
</pin_list>
<bind>
<opset="input_r_addr_47 "/>
</bind>
</comp>

<comp id="1609" class="1005" name="input_r_addr_48_reg_1609">
<pin_list>
<pin id="1610" dir="0" index="0" bw="6" slack="1"/>
<pin id="1611" dir="1" index="1" bw="6" slack="1"/>
</pin_list>
<bind>
<opset="input_r_addr_48 "/>
</bind>
</comp>

<comp id="1614" class="1005" name="input_r_addr_49_reg_1614">
<pin_list>
<pin id="1615" dir="0" index="0" bw="6" slack="1"/>
<pin id="1616" dir="1" index="1" bw="6" slack="1"/>
</pin_list>
<bind>
<opset="input_r_addr_49 "/>
</bind>
</comp>

<comp id="1619" class="1005" name="input_r_addr_50_reg_1619">
<pin_list>
<pin id="1620" dir="0" index="0" bw="6" slack="1"/>
<pin id="1621" dir="1" index="1" bw="6" slack="1"/>
</pin_list>
<bind>
<opset="input_r_addr_50 "/>
</bind>
</comp>

<comp id="1624" class="1005" name="input_r_addr_51_reg_1624">
<pin_list>
<pin id="1625" dir="0" index="0" bw="6" slack="1"/>
<pin id="1626" dir="1" index="1" bw="6" slack="1"/>
</pin_list>
<bind>
<opset="input_r_addr_51 "/>
</bind>
</comp>

<comp id="1629" class="1005" name="input_r_addr_52_reg_1629">
<pin_list>
<pin id="1630" dir="0" index="0" bw="6" slack="1"/>
<pin id="1631" dir="1" index="1" bw="6" slack="1"/>
</pin_list>
<bind>
<opset="input_r_addr_52 "/>
</bind>
</comp>

<comp id="1634" class="1005" name="input_r_addr_53_reg_1634">
<pin_list>
<pin id="1635" dir="0" index="0" bw="6" slack="1"/>
<pin id="1636" dir="1" index="1" bw="6" slack="1"/>
</pin_list>
<bind>
<opset="input_r_addr_53 "/>
</bind>
</comp>

<comp id="1639" class="1005" name="input_r_addr_54_reg_1639">
<pin_list>
<pin id="1640" dir="0" index="0" bw="6" slack="1"/>
<pin id="1641" dir="1" index="1" bw="6" slack="1"/>
</pin_list>
<bind>
<opset="input_r_addr_54 "/>
</bind>
</comp>

<comp id="1644" class="1005" name="input_r_addr_55_reg_1644">
<pin_list>
<pin id="1645" dir="0" index="0" bw="6" slack="1"/>
<pin id="1646" dir="1" index="1" bw="6" slack="1"/>
</pin_list>
<bind>
<opset="input_r_addr_55 "/>
</bind>
</comp>

<comp id="1649" class="1005" name="input_r_addr_56_reg_1649">
<pin_list>
<pin id="1650" dir="0" index="0" bw="6" slack="1"/>
<pin id="1651" dir="1" index="1" bw="6" slack="1"/>
</pin_list>
<bind>
<opset="input_r_addr_56 "/>
</bind>
</comp>

<comp id="1654" class="1005" name="input_r_addr_57_reg_1654">
<pin_list>
<pin id="1655" dir="0" index="0" bw="6" slack="1"/>
<pin id="1656" dir="1" index="1" bw="6" slack="1"/>
</pin_list>
<bind>
<opset="input_r_addr_57 "/>
</bind>
</comp>

<comp id="1659" class="1005" name="input_r_addr_58_reg_1659">
<pin_list>
<pin id="1660" dir="0" index="0" bw="6" slack="1"/>
<pin id="1661" dir="1" index="1" bw="6" slack="1"/>
</pin_list>
<bind>
<opset="input_r_addr_58 "/>
</bind>
</comp>

<comp id="1664" class="1005" name="input_r_addr_59_reg_1664">
<pin_list>
<pin id="1665" dir="0" index="0" bw="6" slack="1"/>
<pin id="1666" dir="1" index="1" bw="6" slack="1"/>
</pin_list>
<bind>
<opset="input_r_addr_59 "/>
</bind>
</comp>

<comp id="1669" class="1005" name="input_r_addr_60_reg_1669">
<pin_list>
<pin id="1670" dir="0" index="0" bw="6" slack="1"/>
<pin id="1671" dir="1" index="1" bw="6" slack="1"/>
</pin_list>
<bind>
<opset="input_r_addr_60 "/>
</bind>
</comp>

<comp id="1674" class="1005" name="input_r_addr_61_reg_1674">
<pin_list>
<pin id="1675" dir="0" index="0" bw="6" slack="1"/>
<pin id="1676" dir="1" index="1" bw="6" slack="1"/>
</pin_list>
<bind>
<opset="input_r_addr_61 "/>
</bind>
</comp>

<comp id="1679" class="1005" name="input_r_addr_62_reg_1679">
<pin_list>
<pin id="1680" dir="0" index="0" bw="6" slack="1"/>
<pin id="1681" dir="1" index="1" bw="6" slack="1"/>
</pin_list>
<bind>
<opset="input_r_addr_62 "/>
</bind>
</comp>

<comp id="1684" class="1005" name="input_r_addr_63_reg_1684">
<pin_list>
<pin id="1685" dir="0" index="0" bw="6" slack="1"/>
<pin id="1686" dir="1" index="1" bw="6" slack="1"/>
</pin_list>
<bind>
<opset="input_r_addr_63 "/>
</bind>
</comp>

</comp_list>

<net_list>
<net id="165"><net_src comp="0" pin="0"/><net_sink comp="160" pin=0"/></net>

<net id="166"><net_src comp="18" pin="0"/><net_sink comp="160" pin=1"/></net>

<net id="167"><net_src comp="18" pin="0"/><net_sink comp="160" pin=2"/></net>

<net id="177"><net_src comp="160" pin="3"/><net_sink comp="168" pin=2"/></net>

<net id="183"><net_src comp="0" pin="0"/><net_sink comp="178" pin=0"/></net>

<net id="184"><net_src comp="18" pin="0"/><net_sink comp="178" pin=1"/></net>

<net id="185"><net_src comp="20" pin="0"/><net_sink comp="178" pin=2"/></net>

<net id="186"><net_src comp="178" pin="3"/><net_sink comp="168" pin=0"/></net>

<net id="192"><net_src comp="2" pin="0"/><net_sink comp="187" pin=0"/></net>

<net id="193"><net_src comp="18" pin="0"/><net_sink comp="187" pin=1"/></net>

<net id="194"><net_src comp="18" pin="0"/><net_sink comp="187" pin=2"/></net>

<net id="200"><net_src comp="4" pin="0"/><net_sink comp="195" pin=0"/></net>

<net id="201"><net_src comp="18" pin="0"/><net_sink comp="195" pin=1"/></net>

<net id="202"><net_src comp="18" pin="0"/><net_sink comp="195" pin=2"/></net>

<net id="208"><net_src comp="0" pin="0"/><net_sink comp="203" pin=0"/></net>

<net id="209"><net_src comp="18" pin="0"/><net_sink comp="203" pin=1"/></net>

<net id="210"><net_src comp="22" pin="0"/><net_sink comp="203" pin=2"/></net>

<net id="211"><net_src comp="203" pin="3"/><net_sink comp="168" pin=2"/></net>

<net id="217"><net_src comp="0" pin="0"/><net_sink comp="212" pin=0"/></net>

<net id="218"><net_src comp="18" pin="0"/><net_sink comp="212" pin=1"/></net>

<net id="219"><net_src comp="24" pin="0"/><net_sink comp="212" pin=2"/></net>

<net id="220"><net_src comp="212" pin="3"/><net_sink comp="168" pin=0"/></net>

<net id="226"><net_src comp="168" pin="7"/><net_sink comp="221" pin=1"/></net>

<net id="227"><net_src comp="187" pin="3"/><net_sink comp="221" pin=0"/></net>

<net id="233"><net_src comp="168" pin="3"/><net_sink comp="228" pin=1"/></net>

<net id="234"><net_src comp="195" pin="3"/><net_sink comp="228" pin=0"/></net>

<net id="240"><net_src comp="6" pin="0"/><net_sink comp="235" pin=0"/></net>

<net id="241"><net_src comp="18" pin="0"/><net_sink comp="235" pin=1"/></net>

<net id="242"><net_src comp="18" pin="0"/><net_sink comp="235" pin=2"/></net>

<net id="248"><net_src comp="8" pin="0"/><net_sink comp="243" pin=0"/></net>

<net id="249"><net_src comp="18" pin="0"/><net_sink comp="243" pin=1"/></net>

<net id="250"><net_src comp="18" pin="0"/><net_sink comp="243" pin=2"/></net>

<net id="256"><net_src comp="0" pin="0"/><net_sink comp="251" pin=0"/></net>

<net id="257"><net_src comp="18" pin="0"/><net_sink comp="251" pin=1"/></net>

<net id="258"><net_src comp="26" pin="0"/><net_sink comp="251" pin=2"/></net>

<net id="259"><net_src comp="251" pin="3"/><net_sink comp="168" pin=2"/></net>

<net id="265"><net_src comp="0" pin="0"/><net_sink comp="260" pin=0"/></net>

<net id="266"><net_src comp="18" pin="0"/><net_sink comp="260" pin=1"/></net>

<net id="267"><net_src comp="28" pin="0"/><net_sink comp="260" pin=2"/></net>

<net id="268"><net_src comp="260" pin="3"/><net_sink comp="168" pin=0"/></net>

<net id="274"><net_src comp="168" pin="7"/><net_sink comp="269" pin=1"/></net>

<net id="275"><net_src comp="235" pin="3"/><net_sink comp="269" pin=0"/></net>

<net id="281"><net_src comp="168" pin="3"/><net_sink comp="276" pin=1"/></net>

<net id="282"><net_src comp="243" pin="3"/><net_sink comp="276" pin=0"/></net>

<net id="288"><net_src comp="10" pin="0"/><net_sink comp="283" pin=0"/></net>

<net id="289"><net_src comp="18" pin="0"/><net_sink comp="283" pin=1"/></net>

<net id="290"><net_src comp="18" pin="0"/><net_sink comp="283" pin=2"/></net>

<net id="296"><net_src comp="12" pin="0"/><net_sink comp="291" pin=0"/></net>

<net id="297"><net_src comp="18" pin="0"/><net_sink comp="291" pin=1"/></net>

<net id="298"><net_src comp="18" pin="0"/><net_sink comp="291" pin=2"/></net>

<net id="304"><net_src comp="0" pin="0"/><net_sink comp="299" pin=0"/></net>

<net id="305"><net_src comp="18" pin="0"/><net_sink comp="299" pin=1"/></net>

<net id="306"><net_src comp="30" pin="0"/><net_sink comp="299" pin=2"/></net>

<net id="307"><net_src comp="299" pin="3"/><net_sink comp="168" pin=2"/></net>

<net id="313"><net_src comp="0" pin="0"/><net_sink comp="308" pin=0"/></net>

<net id="314"><net_src comp="18" pin="0"/><net_sink comp="308" pin=1"/></net>

<net id="315"><net_src comp="32" pin="0"/><net_sink comp="308" pin=2"/></net>

<net id="316"><net_src comp="308" pin="3"/><net_sink comp="168" pin=0"/></net>

<net id="322"><net_src comp="168" pin="7"/><net_sink comp="317" pin=1"/></net>

<net id="323"><net_src comp="283" pin="3"/><net_sink comp="317" pin=0"/></net>

<net id="329"><net_src comp="168" pin="3"/><net_sink comp="324" pin=1"/></net>

<net id="330"><net_src comp="291" pin="3"/><net_sink comp="324" pin=0"/></net>

<net id="336"><net_src comp="14" pin="0"/><net_sink comp="331" pin=0"/></net>

<net id="337"><net_src comp="18" pin="0"/><net_sink comp="331" pin=1"/></net>

<net id="338"><net_src comp="18" pin="0"/><net_sink comp="331" pin=2"/></net>

<net id="344"><net_src comp="16" pin="0"/><net_sink comp="339" pin=0"/></net>

<net id="345"><net_src comp="18" pin="0"/><net_sink comp="339" pin=1"/></net>

<net id="346"><net_src comp="18" pin="0"/><net_sink comp="339" pin=2"/></net>

<net id="352"><net_src comp="0" pin="0"/><net_sink comp="347" pin=0"/></net>

<net id="353"><net_src comp="18" pin="0"/><net_sink comp="347" pin=1"/></net>

<net id="354"><net_src comp="34" pin="0"/><net_sink comp="347" pin=2"/></net>

<net id="355"><net_src comp="347" pin="3"/><net_sink comp="168" pin=2"/></net>

<net id="361"><net_src comp="0" pin="0"/><net_sink comp="356" pin=0"/></net>

<net id="362"><net_src comp="18" pin="0"/><net_sink comp="356" pin=1"/></net>

<net id="363"><net_src comp="36" pin="0"/><net_sink comp="356" pin=2"/></net>

<net id="364"><net_src comp="356" pin="3"/><net_sink comp="168" pin=0"/></net>

<net id="370"><net_src comp="168" pin="7"/><net_sink comp="365" pin=1"/></net>

<net id="371"><net_src comp="331" pin="3"/><net_sink comp="365" pin=0"/></net>

<net id="377"><net_src comp="168" pin="3"/><net_sink comp="372" pin=1"/></net>

<net id="378"><net_src comp="339" pin="3"/><net_sink comp="372" pin=0"/></net>

<net id="384"><net_src comp="2" pin="0"/><net_sink comp="379" pin=0"/></net>

<net id="385"><net_src comp="18" pin="0"/><net_sink comp="379" pin=1"/></net>

<net id="386"><net_src comp="20" pin="0"/><net_sink comp="379" pin=2"/></net>

<net id="392"><net_src comp="4" pin="0"/><net_sink comp="387" pin=0"/></net>

<net id="393"><net_src comp="18" pin="0"/><net_sink comp="387" pin=1"/></net>

<net id="394"><net_src comp="20" pin="0"/><net_sink comp="387" pin=2"/></net>

<net id="400"><net_src comp="0" pin="0"/><net_sink comp="395" pin=0"/></net>

<net id="401"><net_src comp="18" pin="0"/><net_sink comp="395" pin=1"/></net>

<net id="402"><net_src comp="38" pin="0"/><net_sink comp="395" pin=2"/></net>

<net id="403"><net_src comp="395" pin="3"/><net_sink comp="168" pin=2"/></net>

<net id="409"><net_src comp="0" pin="0"/><net_sink comp="404" pin=0"/></net>

<net id="410"><net_src comp="18" pin="0"/><net_sink comp="404" pin=1"/></net>

<net id="411"><net_src comp="40" pin="0"/><net_sink comp="404" pin=2"/></net>

<net id="412"><net_src comp="404" pin="3"/><net_sink comp="168" pin=0"/></net>

<net id="413"><net_src comp="379" pin="3"/><net_sink comp="221" pin=0"/></net>

<net id="414"><net_src comp="387" pin="3"/><net_sink comp="228" pin=0"/></net>

<net id="420"><net_src comp="6" pin="0"/><net_sink comp="415" pin=0"/></net>

<net id="421"><net_src comp="18" pin="0"/><net_sink comp="415" pin=1"/></net>

<net id="422"><net_src comp="20" pin="0"/><net_sink comp="415" pin=2"/></net>

<net id="428"><net_src comp="8" pin="0"/><net_sink comp="423" pin=0"/></net>

<net id="429"><net_src comp="18" pin="0"/><net_sink comp="423" pin=1"/></net>

<net id="430"><net_src comp="20" pin="0"/><net_sink comp="423" pin=2"/></net>

<net id="436"><net_src comp="0" pin="0"/><net_sink comp="431" pin=0"/></net>

<net id="437"><net_src comp="18" pin="0"/><net_sink comp="431" pin=1"/></net>

<net id="438"><net_src comp="42" pin="0"/><net_sink comp="431" pin=2"/></net>

<net id="439"><net_src comp="431" pin="3"/><net_sink comp="168" pin=2"/></net>

<net id="445"><net_src comp="0" pin="0"/><net_sink comp="440" pin=0"/></net>

<net id="446"><net_src comp="18" pin="0"/><net_sink comp="440" pin=1"/></net>

<net id="447"><net_src comp="44" pin="0"/><net_sink comp="440" pin=2"/></net>

<net id="448"><net_src comp="440" pin="3"/><net_sink comp="168" pin=0"/></net>

<net id="449"><net_src comp="415" pin="3"/><net_sink comp="269" pin=0"/></net>

<net id="450"><net_src comp="423" pin="3"/><net_sink comp="276" pin=0"/></net>

<net id="456"><net_src comp="10" pin="0"/><net_sink comp="451" pin=0"/></net>

<net id="457"><net_src comp="18" pin="0"/><net_sink comp="451" pin=1"/></net>

<net id="458"><net_src comp="20" pin="0"/><net_sink comp="451" pin=2"/></net>

<net id="464"><net_src comp="12" pin="0"/><net_sink comp="459" pin=0"/></net>

<net id="465"><net_src comp="18" pin="0"/><net_sink comp="459" pin=1"/></net>

<net id="466"><net_src comp="20" pin="0"/><net_sink comp="459" pin=2"/></net>

<net id="472"><net_src comp="0" pin="0"/><net_sink comp="467" pin=0"/></net>

<net id="473"><net_src comp="18" pin="0"/><net_sink comp="467" pin=1"/></net>

<net id="474"><net_src comp="46" pin="0"/><net_sink comp="467" pin=2"/></net>

<net id="475"><net_src comp="467" pin="3"/><net_sink comp="168" pin=2"/></net>

<net id="481"><net_src comp="0" pin="0"/><net_sink comp="476" pin=0"/></net>

<net id="482"><net_src comp="18" pin="0"/><net_sink comp="476" pin=1"/></net>

<net id="483"><net_src comp="48" pin="0"/><net_sink comp="476" pin=2"/></net>

<net id="484"><net_src comp="476" pin="3"/><net_sink comp="168" pin=0"/></net>

<net id="485"><net_src comp="451" pin="3"/><net_sink comp="317" pin=0"/></net>

<net id="486"><net_src comp="459" pin="3"/><net_sink comp="324" pin=0"/></net>

<net id="492"><net_src comp="14" pin="0"/><net_sink comp="487" pin=0"/></net>

<net id="493"><net_src comp="18" pin="0"/><net_sink comp="487" pin=1"/></net>

<net id="494"><net_src comp="20" pin="0"/><net_sink comp="487" pin=2"/></net>

<net id="500"><net_src comp="16" pin="0"/><net_sink comp="495" pin=0"/></net>

<net id="501"><net_src comp="18" pin="0"/><net_sink comp="495" pin=1"/></net>

<net id="502"><net_src comp="20" pin="0"/><net_sink comp="495" pin=2"/></net>

<net id="508"><net_src comp="0" pin="0"/><net_sink comp="503" pin=0"/></net>

<net id="509"><net_src comp="18" pin="0"/><net_sink comp="503" pin=1"/></net>

<net id="510"><net_src comp="50" pin="0"/><net_sink comp="503" pin=2"/></net>

<net id="511"><net_src comp="503" pin="3"/><net_sink comp="168" pin=2"/></net>

<net id="517"><net_src comp="0" pin="0"/><net_sink comp="512" pin=0"/></net>

<net id="518"><net_src comp="18" pin="0"/><net_sink comp="512" pin=1"/></net>

<net id="519"><net_src comp="52" pin="0"/><net_sink comp="512" pin=2"/></net>

<net id="520"><net_src comp="512" pin="3"/><net_sink comp="168" pin=0"/></net>

<net id="521"><net_src comp="487" pin="3"/><net_sink comp="365" pin=0"/></net>

<net id="522"><net_src comp="495" pin="3"/><net_sink comp="372" pin=0"/></net>

<net id="528"><net_src comp="2" pin="0"/><net_sink comp="523" pin=0"/></net>

<net id="529"><net_src comp="18" pin="0"/><net_sink comp="523" pin=1"/></net>

<net id="530"><net_src comp="22" pin="0"/><net_sink comp="523" pin=2"/></net>

<net id="536"><net_src comp="4" pin="0"/><net_sink comp="531" pin=0"/></net>

<net id="537"><net_src comp="18" pin="0"/><net_sink comp="531" pin=1"/></net>

<net id="538"><net_src comp="22" pin="0"/><net_sink comp="531" pin=2"/></net>

<net id="544"><net_src comp="0" pin="0"/><net_sink comp="539" pin=0"/></net>

<net id="545"><net_src comp="18" pin="0"/><net_sink comp="539" pin=1"/></net>

<net id="546"><net_src comp="54" pin="0"/><net_sink comp="539" pin=2"/></net>

<net id="547"><net_src comp="539" pin="3"/><net_sink comp="168" pin=2"/></net>

<net id="553"><net_src comp="0" pin="0"/><net_sink comp="548" pin=0"/></net>

<net id="554"><net_src comp="18" pin="0"/><net_sink comp="548" pin=1"/></net>

<net id="555"><net_src comp="56" pin="0"/><net_sink comp="548" pin=2"/></net>

<net id="556"><net_src comp="548" pin="3"/><net_sink comp="168" pin=0"/></net>

<net id="557"><net_src comp="523" pin="3"/><net_sink comp="221" pin=0"/></net>

<net id="558"><net_src comp="531" pin="3"/><net_sink comp="228" pin=0"/></net>

<net id="564"><net_src comp="6" pin="0"/><net_sink comp="559" pin=0"/></net>

<net id="565"><net_src comp="18" pin="0"/><net_sink comp="559" pin=1"/></net>

<net id="566"><net_src comp="22" pin="0"/><net_sink comp="559" pin=2"/></net>

<net id="572"><net_src comp="8" pin="0"/><net_sink comp="567" pin=0"/></net>

<net id="573"><net_src comp="18" pin="0"/><net_sink comp="567" pin=1"/></net>

<net id="574"><net_src comp="22" pin="0"/><net_sink comp="567" pin=2"/></net>

<net id="580"><net_src comp="0" pin="0"/><net_sink comp="575" pin=0"/></net>

<net id="581"><net_src comp="18" pin="0"/><net_sink comp="575" pin=1"/></net>

<net id="582"><net_src comp="58" pin="0"/><net_sink comp="575" pin=2"/></net>

<net id="583"><net_src comp="575" pin="3"/><net_sink comp="168" pin=2"/></net>

<net id="589"><net_src comp="0" pin="0"/><net_sink comp="584" pin=0"/></net>

<net id="590"><net_src comp="18" pin="0"/><net_sink comp="584" pin=1"/></net>

<net id="591"><net_src comp="60" pin="0"/><net_sink comp="584" pin=2"/></net>

<net id="592"><net_src comp="584" pin="3"/><net_sink comp="168" pin=0"/></net>

<net id="593"><net_src comp="559" pin="3"/><net_sink comp="269" pin=0"/></net>

<net id="594"><net_src comp="567" pin="3"/><net_sink comp="276" pin=0"/></net>

<net id="600"><net_src comp="10" pin="0"/><net_sink comp="595" pin=0"/></net>

<net id="601"><net_src comp="18" pin="0"/><net_sink comp="595" pin=1"/></net>

<net id="602"><net_src comp="22" pin="0"/><net_sink comp="595" pin=2"/></net>

<net id="608"><net_src comp="12" pin="0"/><net_sink comp="603" pin=0"/></net>

<net id="609"><net_src comp="18" pin="0"/><net_sink comp="603" pin=1"/></net>

<net id="610"><net_src comp="22" pin="0"/><net_sink comp="603" pin=2"/></net>

<net id="616"><net_src comp="0" pin="0"/><net_sink comp="611" pin=0"/></net>

<net id="617"><net_src comp="18" pin="0"/><net_sink comp="611" pin=1"/></net>

<net id="618"><net_src comp="62" pin="0"/><net_sink comp="611" pin=2"/></net>

<net id="619"><net_src comp="611" pin="3"/><net_sink comp="168" pin=2"/></net>

<net id="625"><net_src comp="0" pin="0"/><net_sink comp="620" pin=0"/></net>

<net id="626"><net_src comp="18" pin="0"/><net_sink comp="620" pin=1"/></net>

<net id="627"><net_src comp="64" pin="0"/><net_sink comp="620" pin=2"/></net>

<net id="628"><net_src comp="620" pin="3"/><net_sink comp="168" pin=0"/></net>

<net id="629"><net_src comp="595" pin="3"/><net_sink comp="317" pin=0"/></net>

<net id="630"><net_src comp="603" pin="3"/><net_sink comp="324" pin=0"/></net>

<net id="636"><net_src comp="14" pin="0"/><net_sink comp="631" pin=0"/></net>

<net id="637"><net_src comp="18" pin="0"/><net_sink comp="631" pin=1"/></net>

<net id="638"><net_src comp="22" pin="0"/><net_sink comp="631" pin=2"/></net>

<net id="644"><net_src comp="16" pin="0"/><net_sink comp="639" pin=0"/></net>

<net id="645"><net_src comp="18" pin="0"/><net_sink comp="639" pin=1"/></net>

<net id="646"><net_src comp="22" pin="0"/><net_sink comp="639" pin=2"/></net>

<net id="652"><net_src comp="0" pin="0"/><net_sink comp="647" pin=0"/></net>

<net id="653"><net_src comp="18" pin="0"/><net_sink comp="647" pin=1"/></net>

<net id="654"><net_src comp="66" pin="0"/><net_sink comp="647" pin=2"/></net>

<net id="655"><net_src comp="647" pin="3"/><net_sink comp="168" pin=2"/></net>

<net id="661"><net_src comp="0" pin="0"/><net_sink comp="656" pin=0"/></net>

<net id="662"><net_src comp="18" pin="0"/><net_sink comp="656" pin=1"/></net>

<net id="663"><net_src comp="68" pin="0"/><net_sink comp="656" pin=2"/></net>

<net id="664"><net_src comp="656" pin="3"/><net_sink comp="168" pin=0"/></net>

<net id="665"><net_src comp="631" pin="3"/><net_sink comp="365" pin=0"/></net>

<net id="666"><net_src comp="639" pin="3"/><net_sink comp="372" pin=0"/></net>

<net id="672"><net_src comp="2" pin="0"/><net_sink comp="667" pin=0"/></net>

<net id="673"><net_src comp="18" pin="0"/><net_sink comp="667" pin=1"/></net>

<net id="674"><net_src comp="24" pin="0"/><net_sink comp="667" pin=2"/></net>

<net id="680"><net_src comp="4" pin="0"/><net_sink comp="675" pin=0"/></net>

<net id="681"><net_src comp="18" pin="0"/><net_sink comp="675" pin=1"/></net>

<net id="682"><net_src comp="24" pin="0"/><net_sink comp="675" pin=2"/></net>

<net id="688"><net_src comp="0" pin="0"/><net_sink comp="683" pin=0"/></net>

<net id="689"><net_src comp="18" pin="0"/><net_sink comp="683" pin=1"/></net>

<net id="690"><net_src comp="70" pin="0"/><net_sink comp="683" pin=2"/></net>

<net id="691"><net_src comp="683" pin="3"/><net_sink comp="168" pin=2"/></net>

<net id="697"><net_src comp="0" pin="0"/><net_sink comp="692" pin=0"/></net>

<net id="698"><net_src comp="18" pin="0"/><net_sink comp="692" pin=1"/></net>

<net id="699"><net_src comp="72" pin="0"/><net_sink comp="692" pin=2"/></net>

<net id="700"><net_src comp="692" pin="3"/><net_sink comp="168" pin=0"/></net>

<net id="701"><net_src comp="667" pin="3"/><net_sink comp="221" pin=0"/></net>

<net id="702"><net_src comp="675" pin="3"/><net_sink comp="228" pin=0"/></net>

<net id="708"><net_src comp="6" pin="0"/><net_sink comp="703" pin=0"/></net>

<net id="709"><net_src comp="18" pin="0"/><net_sink comp="703" pin=1"/></net>

<net id="710"><net_src comp="24" pin="0"/><net_sink comp="703" pin=2"/></net>

<net id="716"><net_src comp="8" pin="0"/><net_sink comp="711" pin=0"/></net>

<net id="717"><net_src comp="18" pin="0"/><net_sink comp="711" pin=1"/></net>

<net id="718"><net_src comp="24" pin="0"/><net_sink comp="711" pin=2"/></net>

<net id="724"><net_src comp="0" pin="0"/><net_sink comp="719" pin=0"/></net>

<net id="725"><net_src comp="18" pin="0"/><net_sink comp="719" pin=1"/></net>

<net id="726"><net_src comp="74" pin="0"/><net_sink comp="719" pin=2"/></net>

<net id="727"><net_src comp="719" pin="3"/><net_sink comp="168" pin=2"/></net>

<net id="733"><net_src comp="0" pin="0"/><net_sink comp="728" pin=0"/></net>

<net id="734"><net_src comp="18" pin="0"/><net_sink comp="728" pin=1"/></net>

<net id="735"><net_src comp="76" pin="0"/><net_sink comp="728" pin=2"/></net>

<net id="736"><net_src comp="728" pin="3"/><net_sink comp="168" pin=0"/></net>

<net id="737"><net_src comp="703" pin="3"/><net_sink comp="269" pin=0"/></net>

<net id="738"><net_src comp="711" pin="3"/><net_sink comp="276" pin=0"/></net>

<net id="744"><net_src comp="10" pin="0"/><net_sink comp="739" pin=0"/></net>

<net id="745"><net_src comp="18" pin="0"/><net_sink comp="739" pin=1"/></net>

<net id="746"><net_src comp="24" pin="0"/><net_sink comp="739" pin=2"/></net>

<net id="752"><net_src comp="12" pin="0"/><net_sink comp="747" pin=0"/></net>

<net id="753"><net_src comp="18" pin="0"/><net_sink comp="747" pin=1"/></net>

<net id="754"><net_src comp="24" pin="0"/><net_sink comp="747" pin=2"/></net>

<net id="760"><net_src comp="0" pin="0"/><net_sink comp="755" pin=0"/></net>

<net id="761"><net_src comp="18" pin="0"/><net_sink comp="755" pin=1"/></net>

<net id="762"><net_src comp="78" pin="0"/><net_sink comp="755" pin=2"/></net>

<net id="763"><net_src comp="755" pin="3"/><net_sink comp="168" pin=2"/></net>

<net id="769"><net_src comp="0" pin="0"/><net_sink comp="764" pin=0"/></net>

<net id="770"><net_src comp="18" pin="0"/><net_sink comp="764" pin=1"/></net>

<net id="771"><net_src comp="80" pin="0"/><net_sink comp="764" pin=2"/></net>

<net id="772"><net_src comp="764" pin="3"/><net_sink comp="168" pin=0"/></net>

<net id="773"><net_src comp="739" pin="3"/><net_sink comp="317" pin=0"/></net>

<net id="774"><net_src comp="747" pin="3"/><net_sink comp="324" pin=0"/></net>

<net id="780"><net_src comp="14" pin="0"/><net_sink comp="775" pin=0"/></net>

<net id="781"><net_src comp="18" pin="0"/><net_sink comp="775" pin=1"/></net>

<net id="782"><net_src comp="24" pin="0"/><net_sink comp="775" pin=2"/></net>

<net id="788"><net_src comp="16" pin="0"/><net_sink comp="783" pin=0"/></net>

<net id="789"><net_src comp="18" pin="0"/><net_sink comp="783" pin=1"/></net>

<net id="790"><net_src comp="24" pin="0"/><net_sink comp="783" pin=2"/></net>

<net id="796"><net_src comp="0" pin="0"/><net_sink comp="791" pin=0"/></net>

<net id="797"><net_src comp="18" pin="0"/><net_sink comp="791" pin=1"/></net>

<net id="798"><net_src comp="82" pin="0"/><net_sink comp="791" pin=2"/></net>

<net id="799"><net_src comp="791" pin="3"/><net_sink comp="168" pin=2"/></net>

<net id="805"><net_src comp="0" pin="0"/><net_sink comp="800" pin=0"/></net>

<net id="806"><net_src comp="18" pin="0"/><net_sink comp="800" pin=1"/></net>

<net id="807"><net_src comp="84" pin="0"/><net_sink comp="800" pin=2"/></net>

<net id="808"><net_src comp="800" pin="3"/><net_sink comp="168" pin=0"/></net>

<net id="809"><net_src comp="775" pin="3"/><net_sink comp="365" pin=0"/></net>

<net id="810"><net_src comp="783" pin="3"/><net_sink comp="372" pin=0"/></net>

<net id="816"><net_src comp="2" pin="0"/><net_sink comp="811" pin=0"/></net>

<net id="817"><net_src comp="18" pin="0"/><net_sink comp="811" pin=1"/></net>

<net id="818"><net_src comp="26" pin="0"/><net_sink comp="811" pin=2"/></net>

<net id="824"><net_src comp="4" pin="0"/><net_sink comp="819" pin=0"/></net>

<net id="825"><net_src comp="18" pin="0"/><net_sink comp="819" pin=1"/></net>

<net id="826"><net_src comp="26" pin="0"/><net_sink comp="819" pin=2"/></net>

<net id="832"><net_src comp="0" pin="0"/><net_sink comp="827" pin=0"/></net>

<net id="833"><net_src comp="18" pin="0"/><net_sink comp="827" pin=1"/></net>

<net id="834"><net_src comp="86" pin="0"/><net_sink comp="827" pin=2"/></net>

<net id="835"><net_src comp="827" pin="3"/><net_sink comp="168" pin=2"/></net>

<net id="841"><net_src comp="0" pin="0"/><net_sink comp="836" pin=0"/></net>

<net id="842"><net_src comp="18" pin="0"/><net_sink comp="836" pin=1"/></net>

<net id="843"><net_src comp="88" pin="0"/><net_sink comp="836" pin=2"/></net>

<net id="844"><net_src comp="836" pin="3"/><net_sink comp="168" pin=0"/></net>

<net id="845"><net_src comp="811" pin="3"/><net_sink comp="221" pin=0"/></net>

<net id="846"><net_src comp="819" pin="3"/><net_sink comp="228" pin=0"/></net>

<net id="852"><net_src comp="6" pin="0"/><net_sink comp="847" pin=0"/></net>

<net id="853"><net_src comp="18" pin="0"/><net_sink comp="847" pin=1"/></net>

<net id="854"><net_src comp="26" pin="0"/><net_sink comp="847" pin=2"/></net>

<net id="860"><net_src comp="8" pin="0"/><net_sink comp="855" pin=0"/></net>

<net id="861"><net_src comp="18" pin="0"/><net_sink comp="855" pin=1"/></net>

<net id="862"><net_src comp="26" pin="0"/><net_sink comp="855" pin=2"/></net>

<net id="868"><net_src comp="0" pin="0"/><net_sink comp="863" pin=0"/></net>

<net id="869"><net_src comp="18" pin="0"/><net_sink comp="863" pin=1"/></net>

<net id="870"><net_src comp="90" pin="0"/><net_sink comp="863" pin=2"/></net>

<net id="871"><net_src comp="863" pin="3"/><net_sink comp="168" pin=2"/></net>

<net id="877"><net_src comp="0" pin="0"/><net_sink comp="872" pin=0"/></net>

<net id="878"><net_src comp="18" pin="0"/><net_sink comp="872" pin=1"/></net>

<net id="879"><net_src comp="92" pin="0"/><net_sink comp="872" pin=2"/></net>

<net id="880"><net_src comp="872" pin="3"/><net_sink comp="168" pin=0"/></net>

<net id="881"><net_src comp="847" pin="3"/><net_sink comp="269" pin=0"/></net>

<net id="882"><net_src comp="855" pin="3"/><net_sink comp="276" pin=0"/></net>

<net id="888"><net_src comp="10" pin="0"/><net_sink comp="883" pin=0"/></net>

<net id="889"><net_src comp="18" pin="0"/><net_sink comp="883" pin=1"/></net>

<net id="890"><net_src comp="26" pin="0"/><net_sink comp="883" pin=2"/></net>

<net id="896"><net_src comp="12" pin="0"/><net_sink comp="891" pin=0"/></net>

<net id="897"><net_src comp="18" pin="0"/><net_sink comp="891" pin=1"/></net>

<net id="898"><net_src comp="26" pin="0"/><net_sink comp="891" pin=2"/></net>

<net id="904"><net_src comp="0" pin="0"/><net_sink comp="899" pin=0"/></net>

<net id="905"><net_src comp="18" pin="0"/><net_sink comp="899" pin=1"/></net>

<net id="906"><net_src comp="94" pin="0"/><net_sink comp="899" pin=2"/></net>

<net id="907"><net_src comp="899" pin="3"/><net_sink comp="168" pin=2"/></net>

<net id="913"><net_src comp="0" pin="0"/><net_sink comp="908" pin=0"/></net>

<net id="914"><net_src comp="18" pin="0"/><net_sink comp="908" pin=1"/></net>

<net id="915"><net_src comp="96" pin="0"/><net_sink comp="908" pin=2"/></net>

<net id="916"><net_src comp="908" pin="3"/><net_sink comp="168" pin=0"/></net>

<net id="917"><net_src comp="883" pin="3"/><net_sink comp="317" pin=0"/></net>

<net id="918"><net_src comp="891" pin="3"/><net_sink comp="324" pin=0"/></net>

<net id="924"><net_src comp="14" pin="0"/><net_sink comp="919" pin=0"/></net>

<net id="925"><net_src comp="18" pin="0"/><net_sink comp="919" pin=1"/></net>

<net id="926"><net_src comp="26" pin="0"/><net_sink comp="919" pin=2"/></net>

<net id="932"><net_src comp="16" pin="0"/><net_sink comp="927" pin=0"/></net>

<net id="933"><net_src comp="18" pin="0"/><net_sink comp="927" pin=1"/></net>

<net id="934"><net_src comp="26" pin="0"/><net_sink comp="927" pin=2"/></net>

<net id="940"><net_src comp="0" pin="0"/><net_sink comp="935" pin=0"/></net>

<net id="941"><net_src comp="18" pin="0"/><net_sink comp="935" pin=1"/></net>

<net id="942"><net_src comp="98" pin="0"/><net_sink comp="935" pin=2"/></net>

<net id="943"><net_src comp="935" pin="3"/><net_sink comp="168" pin=2"/></net>

<net id="949"><net_src comp="0" pin="0"/><net_sink comp="944" pin=0"/></net>

<net id="950"><net_src comp="18" pin="0"/><net_sink comp="944" pin=1"/></net>

<net id="951"><net_src comp="100" pin="0"/><net_sink comp="944" pin=2"/></net>

<net id="952"><net_src comp="944" pin="3"/><net_sink comp="168" pin=0"/></net>

<net id="953"><net_src comp="919" pin="3"/><net_sink comp="365" pin=0"/></net>

<net id="954"><net_src comp="927" pin="3"/><net_sink comp="372" pin=0"/></net>

<net id="960"><net_src comp="2" pin="0"/><net_sink comp="955" pin=0"/></net>

<net id="961"><net_src comp="18" pin="0"/><net_sink comp="955" pin=1"/></net>

<net id="962"><net_src comp="28" pin="0"/><net_sink comp="955" pin=2"/></net>

<net id="968"><net_src comp="4" pin="0"/><net_sink comp="963" pin=0"/></net>

<net id="969"><net_src comp="18" pin="0"/><net_sink comp="963" pin=1"/></net>

<net id="970"><net_src comp="28" pin="0"/><net_sink comp="963" pin=2"/></net>

<net id="976"><net_src comp="0" pin="0"/><net_sink comp="971" pin=0"/></net>

<net id="977"><net_src comp="18" pin="0"/><net_sink comp="971" pin=1"/></net>

<net id="978"><net_src comp="102" pin="0"/><net_sink comp="971" pin=2"/></net>

<net id="979"><net_src comp="971" pin="3"/><net_sink comp="168" pin=2"/></net>

<net id="985"><net_src comp="0" pin="0"/><net_sink comp="980" pin=0"/></net>

<net id="986"><net_src comp="18" pin="0"/><net_sink comp="980" pin=1"/></net>

<net id="987"><net_src comp="104" pin="0"/><net_sink comp="980" pin=2"/></net>

<net id="988"><net_src comp="980" pin="3"/><net_sink comp="168" pin=0"/></net>

<net id="989"><net_src comp="955" pin="3"/><net_sink comp="221" pin=0"/></net>

<net id="990"><net_src comp="963" pin="3"/><net_sink comp="228" pin=0"/></net>

<net id="996"><net_src comp="6" pin="0"/><net_sink comp="991" pin=0"/></net>

<net id="997"><net_src comp="18" pin="0"/><net_sink comp="991" pin=1"/></net>

<net id="998"><net_src comp="28" pin="0"/><net_sink comp="991" pin=2"/></net>

<net id="1004"><net_src comp="8" pin="0"/><net_sink comp="999" pin=0"/></net>

<net id="1005"><net_src comp="18" pin="0"/><net_sink comp="999" pin=1"/></net>

<net id="1006"><net_src comp="28" pin="0"/><net_sink comp="999" pin=2"/></net>

<net id="1012"><net_src comp="0" pin="0"/><net_sink comp="1007" pin=0"/></net>

<net id="1013"><net_src comp="18" pin="0"/><net_sink comp="1007" pin=1"/></net>

<net id="1014"><net_src comp="106" pin="0"/><net_sink comp="1007" pin=2"/></net>

<net id="1015"><net_src comp="1007" pin="3"/><net_sink comp="168" pin=2"/></net>

<net id="1021"><net_src comp="0" pin="0"/><net_sink comp="1016" pin=0"/></net>

<net id="1022"><net_src comp="18" pin="0"/><net_sink comp="1016" pin=1"/></net>

<net id="1023"><net_src comp="108" pin="0"/><net_sink comp="1016" pin=2"/></net>

<net id="1024"><net_src comp="1016" pin="3"/><net_sink comp="168" pin=0"/></net>

<net id="1025"><net_src comp="991" pin="3"/><net_sink comp="269" pin=0"/></net>

<net id="1026"><net_src comp="999" pin="3"/><net_sink comp="276" pin=0"/></net>

<net id="1032"><net_src comp="10" pin="0"/><net_sink comp="1027" pin=0"/></net>

<net id="1033"><net_src comp="18" pin="0"/><net_sink comp="1027" pin=1"/></net>

<net id="1034"><net_src comp="28" pin="0"/><net_sink comp="1027" pin=2"/></net>

<net id="1040"><net_src comp="12" pin="0"/><net_sink comp="1035" pin=0"/></net>

<net id="1041"><net_src comp="18" pin="0"/><net_sink comp="1035" pin=1"/></net>

<net id="1042"><net_src comp="28" pin="0"/><net_sink comp="1035" pin=2"/></net>

<net id="1048"><net_src comp="0" pin="0"/><net_sink comp="1043" pin=0"/></net>

<net id="1049"><net_src comp="18" pin="0"/><net_sink comp="1043" pin=1"/></net>

<net id="1050"><net_src comp="110" pin="0"/><net_sink comp="1043" pin=2"/></net>

<net id="1051"><net_src comp="1043" pin="3"/><net_sink comp="168" pin=2"/></net>

<net id="1057"><net_src comp="0" pin="0"/><net_sink comp="1052" pin=0"/></net>

<net id="1058"><net_src comp="18" pin="0"/><net_sink comp="1052" pin=1"/></net>

<net id="1059"><net_src comp="112" pin="0"/><net_sink comp="1052" pin=2"/></net>

<net id="1060"><net_src comp="1052" pin="3"/><net_sink comp="168" pin=0"/></net>

<net id="1061"><net_src comp="1027" pin="3"/><net_sink comp="317" pin=0"/></net>

<net id="1062"><net_src comp="1035" pin="3"/><net_sink comp="324" pin=0"/></net>

<net id="1068"><net_src comp="14" pin="0"/><net_sink comp="1063" pin=0"/></net>

<net id="1069"><net_src comp="18" pin="0"/><net_sink comp="1063" pin=1"/></net>

<net id="1070"><net_src comp="28" pin="0"/><net_sink comp="1063" pin=2"/></net>

<net id="1076"><net_src comp="16" pin="0"/><net_sink comp="1071" pin=0"/></net>

<net id="1077"><net_src comp="18" pin="0"/><net_sink comp="1071" pin=1"/></net>

<net id="1078"><net_src comp="28" pin="0"/><net_sink comp="1071" pin=2"/></net>

<net id="1084"><net_src comp="0" pin="0"/><net_sink comp="1079" pin=0"/></net>

<net id="1085"><net_src comp="18" pin="0"/><net_sink comp="1079" pin=1"/></net>

<net id="1086"><net_src comp="114" pin="0"/><net_sink comp="1079" pin=2"/></net>

<net id="1087"><net_src comp="1079" pin="3"/><net_sink comp="168" pin=2"/></net>

<net id="1093"><net_src comp="0" pin="0"/><net_sink comp="1088" pin=0"/></net>

<net id="1094"><net_src comp="18" pin="0"/><net_sink comp="1088" pin=1"/></net>

<net id="1095"><net_src comp="116" pin="0"/><net_sink comp="1088" pin=2"/></net>

<net id="1096"><net_src comp="1088" pin="3"/><net_sink comp="168" pin=0"/></net>

<net id="1097"><net_src comp="1063" pin="3"/><net_sink comp="365" pin=0"/></net>

<net id="1098"><net_src comp="1071" pin="3"/><net_sink comp="372" pin=0"/></net>

<net id="1104"><net_src comp="2" pin="0"/><net_sink comp="1099" pin=0"/></net>

<net id="1105"><net_src comp="18" pin="0"/><net_sink comp="1099" pin=1"/></net>

<net id="1106"><net_src comp="30" pin="0"/><net_sink comp="1099" pin=2"/></net>

<net id="1112"><net_src comp="4" pin="0"/><net_sink comp="1107" pin=0"/></net>

<net id="1113"><net_src comp="18" pin="0"/><net_sink comp="1107" pin=1"/></net>

<net id="1114"><net_src comp="30" pin="0"/><net_sink comp="1107" pin=2"/></net>

<net id="1120"><net_src comp="0" pin="0"/><net_sink comp="1115" pin=0"/></net>

<net id="1121"><net_src comp="18" pin="0"/><net_sink comp="1115" pin=1"/></net>

<net id="1122"><net_src comp="118" pin="0"/><net_sink comp="1115" pin=2"/></net>

<net id="1123"><net_src comp="1115" pin="3"/><net_sink comp="168" pin=2"/></net>

<net id="1129"><net_src comp="0" pin="0"/><net_sink comp="1124" pin=0"/></net>

<net id="1130"><net_src comp="18" pin="0"/><net_sink comp="1124" pin=1"/></net>

<net id="1131"><net_src comp="120" pin="0"/><net_sink comp="1124" pin=2"/></net>

<net id="1132"><net_src comp="1124" pin="3"/><net_sink comp="168" pin=0"/></net>

<net id="1133"><net_src comp="1099" pin="3"/><net_sink comp="221" pin=0"/></net>

<net id="1134"><net_src comp="1107" pin="3"/><net_sink comp="228" pin=0"/></net>

<net id="1140"><net_src comp="6" pin="0"/><net_sink comp="1135" pin=0"/></net>

<net id="1141"><net_src comp="18" pin="0"/><net_sink comp="1135" pin=1"/></net>

<net id="1142"><net_src comp="30" pin="0"/><net_sink comp="1135" pin=2"/></net>

<net id="1148"><net_src comp="8" pin="0"/><net_sink comp="1143" pin=0"/></net>

<net id="1149"><net_src comp="18" pin="0"/><net_sink comp="1143" pin=1"/></net>

<net id="1150"><net_src comp="30" pin="0"/><net_sink comp="1143" pin=2"/></net>

<net id="1156"><net_src comp="0" pin="0"/><net_sink comp="1151" pin=0"/></net>

<net id="1157"><net_src comp="18" pin="0"/><net_sink comp="1151" pin=1"/></net>

<net id="1158"><net_src comp="122" pin="0"/><net_sink comp="1151" pin=2"/></net>

<net id="1159"><net_src comp="1151" pin="3"/><net_sink comp="168" pin=2"/></net>

<net id="1165"><net_src comp="0" pin="0"/><net_sink comp="1160" pin=0"/></net>

<net id="1166"><net_src comp="18" pin="0"/><net_sink comp="1160" pin=1"/></net>

<net id="1167"><net_src comp="124" pin="0"/><net_sink comp="1160" pin=2"/></net>

<net id="1168"><net_src comp="1160" pin="3"/><net_sink comp="168" pin=0"/></net>

<net id="1169"><net_src comp="1135" pin="3"/><net_sink comp="269" pin=0"/></net>

<net id="1170"><net_src comp="1143" pin="3"/><net_sink comp="276" pin=0"/></net>

<net id="1176"><net_src comp="10" pin="0"/><net_sink comp="1171" pin=0"/></net>

<net id="1177"><net_src comp="18" pin="0"/><net_sink comp="1171" pin=1"/></net>

<net id="1178"><net_src comp="30" pin="0"/><net_sink comp="1171" pin=2"/></net>

<net id="1184"><net_src comp="12" pin="0"/><net_sink comp="1179" pin=0"/></net>

<net id="1185"><net_src comp="18" pin="0"/><net_sink comp="1179" pin=1"/></net>

<net id="1186"><net_src comp="30" pin="0"/><net_sink comp="1179" pin=2"/></net>

<net id="1192"><net_src comp="0" pin="0"/><net_sink comp="1187" pin=0"/></net>

<net id="1193"><net_src comp="18" pin="0"/><net_sink comp="1187" pin=1"/></net>

<net id="1194"><net_src comp="126" pin="0"/><net_sink comp="1187" pin=2"/></net>

<net id="1195"><net_src comp="1187" pin="3"/><net_sink comp="168" pin=2"/></net>

<net id="1201"><net_src comp="0" pin="0"/><net_sink comp="1196" pin=0"/></net>

<net id="1202"><net_src comp="18" pin="0"/><net_sink comp="1196" pin=1"/></net>

<net id="1203"><net_src comp="128" pin="0"/><net_sink comp="1196" pin=2"/></net>

<net id="1204"><net_src comp="1196" pin="3"/><net_sink comp="168" pin=0"/></net>

<net id="1205"><net_src comp="1171" pin="3"/><net_sink comp="317" pin=0"/></net>

<net id="1206"><net_src comp="1179" pin="3"/><net_sink comp="324" pin=0"/></net>

<net id="1212"><net_src comp="14" pin="0"/><net_sink comp="1207" pin=0"/></net>

<net id="1213"><net_src comp="18" pin="0"/><net_sink comp="1207" pin=1"/></net>

<net id="1214"><net_src comp="30" pin="0"/><net_sink comp="1207" pin=2"/></net>

<net id="1220"><net_src comp="16" pin="0"/><net_sink comp="1215" pin=0"/></net>

<net id="1221"><net_src comp="18" pin="0"/><net_sink comp="1215" pin=1"/></net>

<net id="1222"><net_src comp="30" pin="0"/><net_sink comp="1215" pin=2"/></net>

<net id="1228"><net_src comp="0" pin="0"/><net_sink comp="1223" pin=0"/></net>

<net id="1229"><net_src comp="18" pin="0"/><net_sink comp="1223" pin=1"/></net>

<net id="1230"><net_src comp="130" pin="0"/><net_sink comp="1223" pin=2"/></net>

<net id="1231"><net_src comp="1223" pin="3"/><net_sink comp="168" pin=2"/></net>

<net id="1237"><net_src comp="0" pin="0"/><net_sink comp="1232" pin=0"/></net>

<net id="1238"><net_src comp="18" pin="0"/><net_sink comp="1232" pin=1"/></net>

<net id="1239"><net_src comp="132" pin="0"/><net_sink comp="1232" pin=2"/></net>

<net id="1240"><net_src comp="1232" pin="3"/><net_sink comp="168" pin=0"/></net>

<net id="1241"><net_src comp="1207" pin="3"/><net_sink comp="365" pin=0"/></net>

<net id="1242"><net_src comp="1215" pin="3"/><net_sink comp="372" pin=0"/></net>

<net id="1248"><net_src comp="2" pin="0"/><net_sink comp="1243" pin=0"/></net>

<net id="1249"><net_src comp="18" pin="0"/><net_sink comp="1243" pin=1"/></net>

<net id="1250"><net_src comp="32" pin="0"/><net_sink comp="1243" pin=2"/></net>

<net id="1256"><net_src comp="4" pin="0"/><net_sink comp="1251" pin=0"/></net>

<net id="1257"><net_src comp="18" pin="0"/><net_sink comp="1251" pin=1"/></net>

<net id="1258"><net_src comp="32" pin="0"/><net_sink comp="1251" pin=2"/></net>

<net id="1264"><net_src comp="0" pin="0"/><net_sink comp="1259" pin=0"/></net>

<net id="1265"><net_src comp="18" pin="0"/><net_sink comp="1259" pin=1"/></net>

<net id="1266"><net_src comp="134" pin="0"/><net_sink comp="1259" pin=2"/></net>

<net id="1267"><net_src comp="1259" pin="3"/><net_sink comp="168" pin=2"/></net>

<net id="1273"><net_src comp="0" pin="0"/><net_sink comp="1268" pin=0"/></net>

<net id="1274"><net_src comp="18" pin="0"/><net_sink comp="1268" pin=1"/></net>

<net id="1275"><net_src comp="136" pin="0"/><net_sink comp="1268" pin=2"/></net>

<net id="1276"><net_src comp="1268" pin="3"/><net_sink comp="168" pin=0"/></net>

<net id="1277"><net_src comp="1243" pin="3"/><net_sink comp="221" pin=0"/></net>

<net id="1278"><net_src comp="1251" pin="3"/><net_sink comp="228" pin=0"/></net>

<net id="1284"><net_src comp="6" pin="0"/><net_sink comp="1279" pin=0"/></net>

<net id="1285"><net_src comp="18" pin="0"/><net_sink comp="1279" pin=1"/></net>

<net id="1286"><net_src comp="32" pin="0"/><net_sink comp="1279" pin=2"/></net>

<net id="1292"><net_src comp="8" pin="0"/><net_sink comp="1287" pin=0"/></net>

<net id="1293"><net_src comp="18" pin="0"/><net_sink comp="1287" pin=1"/></net>

<net id="1294"><net_src comp="32" pin="0"/><net_sink comp="1287" pin=2"/></net>

<net id="1300"><net_src comp="0" pin="0"/><net_sink comp="1295" pin=0"/></net>

<net id="1301"><net_src comp="18" pin="0"/><net_sink comp="1295" pin=1"/></net>

<net id="1302"><net_src comp="138" pin="0"/><net_sink comp="1295" pin=2"/></net>

<net id="1303"><net_src comp="1295" pin="3"/><net_sink comp="168" pin=2"/></net>

<net id="1309"><net_src comp="0" pin="0"/><net_sink comp="1304" pin=0"/></net>

<net id="1310"><net_src comp="18" pin="0"/><net_sink comp="1304" pin=1"/></net>

<net id="1311"><net_src comp="140" pin="0"/><net_sink comp="1304" pin=2"/></net>

<net id="1312"><net_src comp="1304" pin="3"/><net_sink comp="168" pin=0"/></net>

<net id="1313"><net_src comp="1279" pin="3"/><net_sink comp="269" pin=0"/></net>

<net id="1314"><net_src comp="1287" pin="3"/><net_sink comp="276" pin=0"/></net>

<net id="1320"><net_src comp="10" pin="0"/><net_sink comp="1315" pin=0"/></net>

<net id="1321"><net_src comp="18" pin="0"/><net_sink comp="1315" pin=1"/></net>

<net id="1322"><net_src comp="32" pin="0"/><net_sink comp="1315" pin=2"/></net>

<net id="1328"><net_src comp="12" pin="0"/><net_sink comp="1323" pin=0"/></net>

<net id="1329"><net_src comp="18" pin="0"/><net_sink comp="1323" pin=1"/></net>

<net id="1330"><net_src comp="32" pin="0"/><net_sink comp="1323" pin=2"/></net>

<net id="1336"><net_src comp="0" pin="0"/><net_sink comp="1331" pin=0"/></net>

<net id="1337"><net_src comp="18" pin="0"/><net_sink comp="1331" pin=1"/></net>

<net id="1338"><net_src comp="142" pin="0"/><net_sink comp="1331" pin=2"/></net>

<net id="1339"><net_src comp="1331" pin="3"/><net_sink comp="168" pin=2"/></net>

<net id="1345"><net_src comp="0" pin="0"/><net_sink comp="1340" pin=0"/></net>

<net id="1346"><net_src comp="18" pin="0"/><net_sink comp="1340" pin=1"/></net>

<net id="1347"><net_src comp="144" pin="0"/><net_sink comp="1340" pin=2"/></net>

<net id="1348"><net_src comp="1340" pin="3"/><net_sink comp="168" pin=0"/></net>

<net id="1349"><net_src comp="1315" pin="3"/><net_sink comp="317" pin=0"/></net>

<net id="1350"><net_src comp="1323" pin="3"/><net_sink comp="324" pin=0"/></net>

<net id="1356"><net_src comp="14" pin="0"/><net_sink comp="1351" pin=0"/></net>

<net id="1357"><net_src comp="18" pin="0"/><net_sink comp="1351" pin=1"/></net>

<net id="1358"><net_src comp="32" pin="0"/><net_sink comp="1351" pin=2"/></net>

<net id="1364"><net_src comp="16" pin="0"/><net_sink comp="1359" pin=0"/></net>

<net id="1365"><net_src comp="18" pin="0"/><net_sink comp="1359" pin=1"/></net>

<net id="1366"><net_src comp="32" pin="0"/><net_sink comp="1359" pin=2"/></net>

<net id="1367"><net_src comp="1351" pin="3"/><net_sink comp="365" pin=0"/></net>

<net id="1368"><net_src comp="1359" pin="3"/><net_sink comp="372" pin=0"/></net>

<net id="1372"><net_src comp="160" pin="3"/><net_sink comp="1369" pin=0"/></net>

<net id="1373"><net_src comp="1369" pin="1"/><net_sink comp="168" pin=2"/></net>

<net id="1377"><net_src comp="178" pin="3"/><net_sink comp="1374" pin=0"/></net>

<net id="1378"><net_src comp="1374" pin="1"/><net_sink comp="168" pin=0"/></net>

<net id="1382"><net_src comp="203" pin="3"/><net_sink comp="1379" pin=0"/></net>

<net id="1383"><net_src comp="1379" pin="1"/><net_sink comp="168" pin=2"/></net>

<net id="1387"><net_src comp="212" pin="3"/><net_sink comp="1384" pin=0"/></net>

<net id="1388"><net_src comp="1384" pin="1"/><net_sink comp="168" pin=0"/></net>

<net id="1392"><net_src comp="251" pin="3"/><net_sink comp="1389" pin=0"/></net>

<net id="1393"><net_src comp="1389" pin="1"/><net_sink comp="168" pin=2"/></net>

<net id="1397"><net_src comp="260" pin="3"/><net_sink comp="1394" pin=0"/></net>

<net id="1398"><net_src comp="1394" pin="1"/><net_sink comp="168" pin=0"/></net>

<net id="1402"><net_src comp="299" pin="3"/><net_sink comp="1399" pin=0"/></net>

<net id="1403"><net_src comp="1399" pin="1"/><net_sink comp="168" pin=2"/></net>

<net id="1407"><net_src comp="308" pin="3"/><net_sink comp="1404" pin=0"/></net>

<net id="1408"><net_src comp="1404" pin="1"/><net_sink comp="168" pin=0"/></net>

<net id="1412"><net_src comp="347" pin="3"/><net_sink comp="1409" pin=0"/></net>

<net id="1413"><net_src comp="1409" pin="1"/><net_sink comp="168" pin=2"/></net>

<net id="1417"><net_src comp="356" pin="3"/><net_sink comp="1414" pin=0"/></net>

<net id="1418"><net_src comp="1414" pin="1"/><net_sink comp="168" pin=0"/></net>

<net id="1422"><net_src comp="395" pin="3"/><net_sink comp="1419" pin=0"/></net>

<net id="1423"><net_src comp="1419" pin="1"/><net_sink comp="168" pin=2"/></net>

<net id="1427"><net_src comp="404" pin="3"/><net_sink comp="1424" pin=0"/></net>

<net id="1428"><net_src comp="1424" pin="1"/><net_sink comp="168" pin=0"/></net>

<net id="1432"><net_src comp="431" pin="3"/><net_sink comp="1429" pin=0"/></net>

<net id="1433"><net_src comp="1429" pin="1"/><net_sink comp="168" pin=2"/></net>

<net id="1437"><net_src comp="440" pin="3"/><net_sink comp="1434" pin=0"/></net>

<net id="1438"><net_src comp="1434" pin="1"/><net_sink comp="168" pin=0"/></net>

<net id="1442"><net_src comp="467" pin="3"/><net_sink comp="1439" pin=0"/></net>

<net id="1443"><net_src comp="1439" pin="1"/><net_sink comp="168" pin=2"/></net>

<net id="1447"><net_src comp="476" pin="3"/><net_sink comp="1444" pin=0"/></net>

<net id="1448"><net_src comp="1444" pin="1"/><net_sink comp="168" pin=0"/></net>

<net id="1452"><net_src comp="503" pin="3"/><net_sink comp="1449" pin=0"/></net>

<net id="1453"><net_src comp="1449" pin="1"/><net_sink comp="168" pin=2"/></net>

<net id="1457"><net_src comp="512" pin="3"/><net_sink comp="1454" pin=0"/></net>

<net id="1458"><net_src comp="1454" pin="1"/><net_sink comp="168" pin=0"/></net>

<net id="1462"><net_src comp="539" pin="3"/><net_sink comp="1459" pin=0"/></net>

<net id="1463"><net_src comp="1459" pin="1"/><net_sink comp="168" pin=2"/></net>

<net id="1467"><net_src comp="548" pin="3"/><net_sink comp="1464" pin=0"/></net>

<net id="1468"><net_src comp="1464" pin="1"/><net_sink comp="168" pin=0"/></net>

<net id="1472"><net_src comp="575" pin="3"/><net_sink comp="1469" pin=0"/></net>

<net id="1473"><net_src comp="1469" pin="1"/><net_sink comp="168" pin=2"/></net>

<net id="1477"><net_src comp="584" pin="3"/><net_sink comp="1474" pin=0"/></net>

<net id="1478"><net_src comp="1474" pin="1"/><net_sink comp="168" pin=0"/></net>

<net id="1482"><net_src comp="611" pin="3"/><net_sink comp="1479" pin=0"/></net>

<net id="1483"><net_src comp="1479" pin="1"/><net_sink comp="168" pin=2"/></net>

<net id="1487"><net_src comp="620" pin="3"/><net_sink comp="1484" pin=0"/></net>

<net id="1488"><net_src comp="1484" pin="1"/><net_sink comp="168" pin=0"/></net>

<net id="1492"><net_src comp="647" pin="3"/><net_sink comp="1489" pin=0"/></net>

<net id="1493"><net_src comp="1489" pin="1"/><net_sink comp="168" pin=2"/></net>

<net id="1497"><net_src comp="656" pin="3"/><net_sink comp="1494" pin=0"/></net>

<net id="1498"><net_src comp="1494" pin="1"/><net_sink comp="168" pin=0"/></net>

<net id="1502"><net_src comp="683" pin="3"/><net_sink comp="1499" pin=0"/></net>

<net id="1503"><net_src comp="1499" pin="1"/><net_sink comp="168" pin=2"/></net>

<net id="1507"><net_src comp="692" pin="3"/><net_sink comp="1504" pin=0"/></net>

<net id="1508"><net_src comp="1504" pin="1"/><net_sink comp="168" pin=0"/></net>

<net id="1512"><net_src comp="719" pin="3"/><net_sink comp="1509" pin=0"/></net>

<net id="1513"><net_src comp="1509" pin="1"/><net_sink comp="168" pin=2"/></net>

<net id="1517"><net_src comp="728" pin="3"/><net_sink comp="1514" pin=0"/></net>

<net id="1518"><net_src comp="1514" pin="1"/><net_sink comp="168" pin=0"/></net>

<net id="1522"><net_src comp="755" pin="3"/><net_sink comp="1519" pin=0"/></net>

<net id="1523"><net_src comp="1519" pin="1"/><net_sink comp="168" pin=2"/></net>

<net id="1527"><net_src comp="764" pin="3"/><net_sink comp="1524" pin=0"/></net>

<net id="1528"><net_src comp="1524" pin="1"/><net_sink comp="168" pin=0"/></net>

<net id="1532"><net_src comp="791" pin="3"/><net_sink comp="1529" pin=0"/></net>

<net id="1533"><net_src comp="1529" pin="1"/><net_sink comp="168" pin=2"/></net>

<net id="1537"><net_src comp="800" pin="3"/><net_sink comp="1534" pin=0"/></net>

<net id="1538"><net_src comp="1534" pin="1"/><net_sink comp="168" pin=0"/></net>

<net id="1542"><net_src comp="827" pin="3"/><net_sink comp="1539" pin=0"/></net>

<net id="1543"><net_src comp="1539" pin="1"/><net_sink comp="168" pin=2"/></net>

<net id="1547"><net_src comp="836" pin="3"/><net_sink comp="1544" pin=0"/></net>

<net id="1548"><net_src comp="1544" pin="1"/><net_sink comp="168" pin=0"/></net>

<net id="1552"><net_src comp="863" pin="3"/><net_sink comp="1549" pin=0"/></net>

<net id="1553"><net_src comp="1549" pin="1"/><net_sink comp="168" pin=2"/></net>

<net id="1557"><net_src comp="872" pin="3"/><net_sink comp="1554" pin=0"/></net>

<net id="1558"><net_src comp="1554" pin="1"/><net_sink comp="168" pin=0"/></net>

<net id="1562"><net_src comp="899" pin="3"/><net_sink comp="1559" pin=0"/></net>

<net id="1563"><net_src comp="1559" pin="1"/><net_sink comp="168" pin=2"/></net>

<net id="1567"><net_src comp="908" pin="3"/><net_sink comp="1564" pin=0"/></net>

<net id="1568"><net_src comp="1564" pin="1"/><net_sink comp="168" pin=0"/></net>

<net id="1572"><net_src comp="935" pin="3"/><net_sink comp="1569" pin=0"/></net>

<net id="1573"><net_src comp="1569" pin="1"/><net_sink comp="168" pin=2"/></net>

<net id="1577"><net_src comp="944" pin="3"/><net_sink comp="1574" pin=0"/></net>

<net id="1578"><net_src comp="1574" pin="1"/><net_sink comp="168" pin=0"/></net>

<net id="1582"><net_src comp="971" pin="3"/><net_sink comp="1579" pin=0"/></net>

<net id="1583"><net_src comp="1579" pin="1"/><net_sink comp="168" pin=2"/></net>

<net id="1587"><net_src comp="980" pin="3"/><net_sink comp="1584" pin=0"/></net>

<net id="1588"><net_src comp="1584" pin="1"/><net_sink comp="168" pin=0"/></net>

<net id="1592"><net_src comp="1007" pin="3"/><net_sink comp="1589" pin=0"/></net>

<net id="1593"><net_src comp="1589" pin="1"/><net_sink comp="168" pin=2"/></net>

<net id="1597"><net_src comp="1016" pin="3"/><net_sink comp="1594" pin=0"/></net>

<net id="1598"><net_src comp="1594" pin="1"/><net_sink comp="168" pin=0"/></net>

<net id="1602"><net_src comp="1043" pin="3"/><net_sink comp="1599" pin=0"/></net>

<net id="1603"><net_src comp="1599" pin="1"/><net_sink comp="168" pin=2"/></net>

<net id="1607"><net_src comp="1052" pin="3"/><net_sink comp="1604" pin=0"/></net>

<net id="1608"><net_src comp="1604" pin="1"/><net_sink comp="168" pin=0"/></net>

<net id="1612"><net_src comp="1079" pin="3"/><net_sink comp="1609" pin=0"/></net>

<net id="1613"><net_src comp="1609" pin="1"/><net_sink comp="168" pin=2"/></net>

<net id="1617"><net_src comp="1088" pin="3"/><net_sink comp="1614" pin=0"/></net>

<net id="1618"><net_src comp="1614" pin="1"/><net_sink comp="168" pin=0"/></net>

<net id="1622"><net_src comp="1115" pin="3"/><net_sink comp="1619" pin=0"/></net>

<net id="1623"><net_src comp="1619" pin="1"/><net_sink comp="168" pin=2"/></net>

<net id="1627"><net_src comp="1124" pin="3"/><net_sink comp="1624" pin=0"/></net>

<net id="1628"><net_src comp="1624" pin="1"/><net_sink comp="168" pin=0"/></net>

<net id="1632"><net_src comp="1151" pin="3"/><net_sink comp="1629" pin=0"/></net>

<net id="1633"><net_src comp="1629" pin="1"/><net_sink comp="168" pin=2"/></net>

<net id="1637"><net_src comp="1160" pin="3"/><net_sink comp="1634" pin=0"/></net>

<net id="1638"><net_src comp="1634" pin="1"/><net_sink comp="168" pin=0"/></net>

<net id="1642"><net_src comp="1187" pin="3"/><net_sink comp="1639" pin=0"/></net>

<net id="1643"><net_src comp="1639" pin="1"/><net_sink comp="168" pin=2"/></net>

<net id="1647"><net_src comp="1196" pin="3"/><net_sink comp="1644" pin=0"/></net>

<net id="1648"><net_src comp="1644" pin="1"/><net_sink comp="168" pin=0"/></net>

<net id="1652"><net_src comp="1223" pin="3"/><net_sink comp="1649" pin=0"/></net>

<net id="1653"><net_src comp="1649" pin="1"/><net_sink comp="168" pin=2"/></net>

<net id="1657"><net_src comp="1232" pin="3"/><net_sink comp="1654" pin=0"/></net>

<net id="1658"><net_src comp="1654" pin="1"/><net_sink comp="168" pin=0"/></net>

<net id="1662"><net_src comp="1259" pin="3"/><net_sink comp="1659" pin=0"/></net>

<net id="1663"><net_src comp="1659" pin="1"/><net_sink comp="168" pin=2"/></net>

<net id="1667"><net_src comp="1268" pin="3"/><net_sink comp="1664" pin=0"/></net>

<net id="1668"><net_src comp="1664" pin="1"/><net_sink comp="168" pin=0"/></net>

<net id="1672"><net_src comp="1295" pin="3"/><net_sink comp="1669" pin=0"/></net>

<net id="1673"><net_src comp="1669" pin="1"/><net_sink comp="168" pin=2"/></net>

<net id="1677"><net_src comp="1304" pin="3"/><net_sink comp="1674" pin=0"/></net>

<net id="1678"><net_src comp="1674" pin="1"/><net_sink comp="168" pin=0"/></net>

<net id="1682"><net_src comp="1331" pin="3"/><net_sink comp="1679" pin=0"/></net>

<net id="1683"><net_src comp="1679" pin="1"/><net_sink comp="168" pin=2"/></net>

<net id="1687"><net_src comp="1340" pin="3"/><net_sink comp="1684" pin=0"/></net>

<net id="1688"><net_src comp="1684" pin="1"/><net_sink comp="168" pin=0"/></net>

</net_list>

</model> 
---------------- Datapath Model END ------------------

* FSMD analyzer results:
  - Output states:
	Port: buf_0 | {2 6 10 14 18 22 26 30 }
	Port: buf_1 | {2 6 10 14 18 22 26 30 }
	Port: buf_2 | {3 7 11 15 19 23 27 31 }
	Port: buf_3 | {3 7 11 15 19 23 27 31 }
	Port: buf_4 | {4 8 12 16 20 24 28 32 }
	Port: buf_5 | {4 8 12 16 20 24 28 32 }
	Port: buf_6 | {5 9 13 17 21 25 29 33 }
	Port: buf_7 | {5 9 13 17 21 25 29 33 }
 - Input state : 
	Port: read_data : input_r | {1 2 3 4 5 6 7 8 9 10 11 12 13 14 15 16 17 18 19 20 21 22 23 24 25 26 27 28 29 30 31 32 33 }
  - Chain level:
	State 1
		input_r_load : 1
		input_r_load_1 : 1
	State 2
		input_r_load_2 : 1
		input_r_load_3 : 1
		store_ln104 : 1
		store_ln104 : 1
	State 3
		input_r_load_4 : 1
		input_r_load_5 : 1
		store_ln104 : 1
		store_ln104 : 1
	State 4
		input_r_load_6 : 1
		input_r_load_7 : 1
		store_ln104 : 1
		store_ln104 : 1
	State 5
		input_r_load_8 : 1
		input_r_load_9 : 1
		store_ln104 : 1
		store_ln104 : 1
	State 6
		input_r_load_10 : 1
		input_r_load_11 : 1
		store_ln104 : 1
		store_ln104 : 1
	State 7
		input_r_load_12 : 1
		input_r_load_13 : 1
		store_ln104 : 1
		store_ln104 : 1
	State 8
		input_r_load_14 : 1
		input_r_load_15 : 1
		store_ln104 : 1
		store_ln104 : 1
	State 9
		input_r_load_16 : 1
		input_r_load_17 : 1
		store_ln104 : 1
		store_ln104 : 1
	State 10
		input_r_load_18 : 1
		input_r_load_19 : 1
		store_ln104 : 1
		store_ln104 : 1
	State 11
		input_r_load_20 : 1
		input_r_load_21 : 1
		store_ln104 : 1
		store_ln104 : 1
	State 12
		input_r_load_22 : 1
		input_r_load_23 : 1
		store_ln104 : 1
		store_ln104 : 1
	State 13
		input_r_load_24 : 1
		input_r_load_25 : 1
		store_ln104 : 1
		store_ln104 : 1
	State 14
		input_r_load_26 : 1
		input_r_load_27 : 1
		store_ln104 : 1
		store_ln104 : 1
	State 15
		input_r_load_28 : 1
		input_r_load_29 : 1
		store_ln104 : 1
		store_ln104 : 1
	State 16
		input_r_load_30 : 1
		input_r_load_31 : 1
		store_ln104 : 1
		store_ln104 : 1
	State 17
		input_r_load_32 : 1
		input_r_load_33 : 1
		store_ln104 : 1
		store_ln104 : 1
	State 18
		input_r_load_34 : 1
		input_r_load_35 : 1
		store_ln104 : 1
		store_ln104 : 1
	State 19
		input_r_load_36 : 1
		input_r_load_37 : 1
		store_ln104 : 1
		store_ln104 : 1
	State 20
		input_r_load_38 : 1
		input_r_load_39 : 1
		store_ln104 : 1
		store_ln104 : 1
	State 21
		input_r_load_40 : 1
		input_r_load_41 : 1
		store_ln104 : 1
		store_ln104 : 1
	State 22
		input_r_load_42 : 1
		input_r_load_43 : 1
		store_ln104 : 1
		store_ln104 : 1
	State 23
		input_r_load_44 : 1
		input_r_load_45 : 1
		store_ln104 : 1
		store_ln104 : 1
	State 24
		input_r_load_46 : 1
		input_r_load_47 : 1
		store_ln104 : 1
		store_ln104 : 1
	State 25
		input_r_load_48 : 1
		input_r_load_49 : 1
		store_ln104 : 1
		store_ln104 : 1
	State 26
		input_r_load_50 : 1
		input_r_load_51 : 1
		store_ln104 : 1
		store_ln104 : 1
	State 27
		input_r_load_52 : 1
		input_r_load_53 : 1
		store_ln104 : 1
		store_ln104 : 1
	State 28
		input_r_load_54 : 1
		input_r_load_55 : 1
		store_ln104 : 1
		store_ln104 : 1
	State 29
		input_r_load_56 : 1
		input_r_load_57 : 1
		store_ln104 : 1
		store_ln104 : 1
	State 30
		input_r_load_58 : 1
		input_r_load_59 : 1
		store_ln104 : 1
		store_ln104 : 1
	State 31
		input_r_load_60 : 1
		input_r_load_61 : 1
		store_ln104 : 1
		store_ln104 : 1
	State 32
		input_r_load_62 : 1
		input_r_load_63 : 1
		store_ln104 : 1
		store_ln104 : 1
	State 33
		store_ln104 : 1
		store_ln104 : 1


============================================================
+ Verbose Summary: Datapath Resource usage 
============================================================

* Functional unit list:
|----------|----------------|
| Operation| Functional Unit|
|----------|----------------|
|   Total  |                |
|----------|----------------|

Memories:
N/A

* Register list:
+------------------------+--------+
|                        |   FF   |
+------------------------+--------+
|input_r_addr_10_reg_1419|    6   |
|input_r_addr_11_reg_1424|    6   |
|input_r_addr_12_reg_1429|    6   |
|input_r_addr_13_reg_1434|    6   |
|input_r_addr_14_reg_1439|    6   |
|input_r_addr_15_reg_1444|    6   |
|input_r_addr_16_reg_1449|    6   |
|input_r_addr_17_reg_1454|    6   |
|input_r_addr_18_reg_1459|    6   |
|input_r_addr_19_reg_1464|    6   |
| input_r_addr_1_reg_1374|    6   |
|input_r_addr_20_reg_1469|    6   |
|input_r_addr_21_reg_1474|    6   |
|input_r_addr_22_reg_1479|    6   |
|input_r_addr_23_reg_1484|    6   |
|input_r_addr_24_reg_1489|    6   |
|input_r_addr_25_reg_1494|    6   |
|input_r_addr_26_reg_1499|    6   |
|input_r_addr_27_reg_1504|    6   |
|input_r_addr_28_reg_1509|    6   |
|input_r_addr_29_reg_1514|    6   |
| input_r_addr_2_reg_1379|    6   |
|input_r_addr_30_reg_1519|    6   |
|input_r_addr_31_reg_1524|    6   |
|input_r_addr_32_reg_1529|    6   |
|input_r_addr_33_reg_1534|    6   |
|input_r_addr_34_reg_1539|    6   |
|input_r_addr_35_reg_1544|    6   |
|input_r_addr_36_reg_1549|    6   |
|input_r_addr_37_reg_1554|    6   |
|input_r_addr_38_reg_1559|    6   |
|input_r_addr_39_reg_1564|    6   |
| input_r_addr_3_reg_1384|    6   |
|input_r_addr_40_reg_1569|    6   |
|input_r_addr_41_reg_1574|    6   |
|input_r_addr_42_reg_1579|    6   |
|input_r_addr_43_reg_1584|    6   |
|input_r_addr_44_reg_1589|    6   |
|input_r_addr_45_reg_1594|    6   |
|input_r_addr_46_reg_1599|    6   |
|input_r_addr_47_reg_1604|    6   |
|input_r_addr_48_reg_1609|    6   |
|input_r_addr_49_reg_1614|    6   |
| input_r_addr_4_reg_1389|    6   |
|input_r_addr_50_reg_1619|    6   |
|input_r_addr_51_reg_1624|    6   |
|input_r_addr_52_reg_1629|    6   |
|input_r_addr_53_reg_1634|    6   |
|input_r_addr_54_reg_1639|    6   |
|input_r_addr_55_reg_1644|    6   |
|input_r_addr_56_reg_1649|    6   |
|input_r_addr_57_reg_1654|    6   |
|input_r_addr_58_reg_1659|    6   |
|input_r_addr_59_reg_1664|    6   |
| input_r_addr_5_reg_1394|    6   |
|input_r_addr_60_reg_1669|    6   |
|input_r_addr_61_reg_1674|    6   |
|input_r_addr_62_reg_1679|    6   |
|input_r_addr_63_reg_1684|    6   |
| input_r_addr_6_reg_1399|    6   |
| input_r_addr_7_reg_1404|    6   |
| input_r_addr_8_reg_1409|    6   |
| input_r_addr_9_reg_1414|    6   |
|  input_r_addr_reg_1369 |    6   |
+------------------------+--------+
|          Total         |   384  |
+------------------------+--------+

* Multiplexer (MUX) list: 
|-------------------|------|------|------|--------||---------||---------||---------|
|        Comp       |  Pin | Size |  BW  | S x BW ||  Delay  ||    FF   ||   LUT   |
|-------------------|------|------|------|--------||---------||---------||---------|
| grp_access_fu_168 |  p0  |  64  |   6  |   384  ||    0    ||   273   |
| grp_access_fu_168 |  p2  |  64  |   0  |    0   ||    0    ||   273   |
| grp_access_fu_221 |  p0  |   8  |   3  |   24   ||    0    ||    33   |
| grp_access_fu_228 |  p0  |   8  |   3  |   24   ||    0    ||    33   |
| grp_access_fu_269 |  p0  |   8  |   3  |   24   ||    0    ||    33   |
| grp_access_fu_276 |  p0  |   8  |   3  |   24   ||    0    ||    33   |
| grp_access_fu_317 |  p0  |   8  |   3  |   24   ||    0    ||    33   |
| grp_access_fu_324 |  p0  |   8  |   3  |   24   ||    0    ||    33   |
| grp_access_fu_365 |  p0  |   8  |   3  |   24   ||    0    ||    33   |
| grp_access_fu_372 |  p0  |   8  |   3  |   24   ||    0    ||    33   |
|-------------------|------|------|------|--------||---------||---------||---------|
|       Total       |      |      |      |   576  || 16.8643 ||    0    ||   810   |
|-------------------|------|------|------|--------||---------||---------||---------|



* Summary:
+-----------+--------+--------+--------+
|           |  Delay |   FF   |   LUT  |
+-----------+--------+--------+--------+
|  Function |    -   |    -   |    -   |
|   Memory  |    -   |    -   |    -   |
|Multiplexer|   16   |    0   |   810  |
|  Register |    -   |   384  |    -   |
+-----------+--------+--------+--------+
|   Total   |   16   |   384  |   810  |
+-----------+--------+--------+--------+
