

================================================================
== Vitis HLS Report for 'read_data'
================================================================
* Date:           Sun Jun 14 22:50:28 2026

* Version:        2025.2 (Build 6295257 on Nov 12 2025)
* Project:        dct
* Solution:       hls (Vivado IP Flow Target)
* Product family: artix7
* Target device:  xc7a35t-fgg484-2


================================================================
== Performance Estimates
================================================================
+ Timing: 
    * Summary: 
    +--------+----------+----------+------------+
    |  Clock |  Target  | Estimated| Uncertainty|
    +--------+----------+----------+------------+
    |ap_clk  |  10.00 ns|  1.755 ns|     2.70 ns|
    +--------+----------+----------+------------+

+ Latency: 
    * Summary: 
    +---------+---------+----------+----------+-----+-----+---------+
    |  Latency (cycles) |  Latency (absolute) |  Interval | Pipeline|
    |   min   |   max   |    min   |    max   | min | max |   Type  |
    +---------+---------+----------+----------+-----+-----+---------+
    |       32|       32|  0.320 us|  0.320 us|   32|   32|      yes|
    +---------+---------+----------+----------+-----+-----+---------+

    + Detail: 
        * Instance: 
        N/A

        * Loop: 
        N/A

============================================================
+ Verbose Summary: Synthesis Manager
============================================================
InlineROM: 1
ExposeGlobal: 0
============================================================
+ Verbose Summary: CDFG Model
============================================================
IsTopModel: 0
ResetActiveHigh: 1
IsCombinational: 0
IsDatapathOnly: 0
HasWiredReturn: 1
HasMFsm: 2
HasVarLatency: 0
IsPipeline: 1
IsRtlPipelined: 1
IsInstanceOverlapped: 0
IsDontTouch: 0
HasImplIP: 0
IsGatedGlobalClock: 0

+ Individual pipeline summary: 
  * Pipeline-0: initiation interval (II) = 32, depth = 33


============================================================
+ Verbose Summary: Schedule
============================================================
* Number of FSM states : 33
* Pipeline : 1
  Pipeline-0 : II = 32, D = 33, States = { 1 2 3 4 5 6 7 8 9 10 11 12 13 14 15 16 17 18 19 20 21 22 23 24 25 26 27 28 29 30 31 32 33 }
* Dataflow Pipeline: 0

* FSM state transitions: 
1 --> 2 
2 --> 3 
3 --> 4 
4 --> 5 
5 --> 6 
6 --> 7 
7 --> 8 
8 --> 9 
9 --> 10 
10 --> 11 
11 --> 12 
12 --> 13 
13 --> 14 
14 --> 15 
15 --> 16 
16 --> 17 
17 --> 18 
18 --> 19 
19 --> 20 
20 --> 21 
21 --> 22 
22 --> 23 
23 --> 24 
24 --> 25 
25 --> 26 
26 --> 27 
27 --> 28 
28 --> 29 
29 --> 30 
30 --> 31 
31 --> 32 
32 --> 33 
33 --> 

* FSM state operations: 

State 1 <SV = 0> <Delay = 0.00>
ST_1 : Operation 34 [1/1] (0.00ns)   --->   "%input_r_addr = getelementptr i16 %input_r, i64 0, i64 0" [../dct.c:104]   --->   Operation 34 'getelementptr' 'input_r_addr' <Predicate = true> <Delay = 0.00>
ST_1 : Operation 35 [2/2] (0.00ns)   --->   "%input_r_load = load i6 %input_r_addr" [../dct.c:104]   --->   Operation 35 'load' 'input_r_load' <Predicate = true> <Delay = 0.00> <CoreInst = "RAM">   --->   Core 81 'RAM' <Latency = 1> <II = 1> <Delay = 2.77> <Storage> <Opcode : 'load' 'store'> <Ports = 2> <Width = 16> <Depth = 64> <RAM>
ST_1 : Operation 36 [1/1] (0.00ns)   --->   "%input_r_addr_1 = getelementptr i16 %input_r, i64 0, i64 1" [../dct.c:104]   --->   Operation 36 'getelementptr' 'input_r_addr_1' <Predicate = true> <Delay = 0.00>
ST_1 : Operation 37 [2/2] (0.00ns)   --->   "%input_r_load_1 = load i6 %input_r_addr_1" [../dct.c:104]   --->   Operation 37 'load' 'input_r_load_1' <Predicate = true> <Delay = 0.00> <CoreInst = "RAM">   --->   Core 81 'RAM' <Latency = 1> <II = 1> <Delay = 2.77> <Storage> <Opcode : 'load' 'store'> <Ports = 2> <Width = 16> <Depth = 64> <RAM>

State 2 <SV = 1> <Delay = 1.75>
ST_2 : Operation 38 [1/2] ( I:0.00ns O:0.00ns )   --->   "%input_r_load = load i6 %input_r_addr" [../dct.c:104]   --->   Operation 38 'load' 'input_r_load' <Predicate = true> <Delay = 0.00> <CoreInst = "RAM">   --->   Core 81 'RAM' <Latency = 1> <II = 1> <Delay = 2.77> <Storage> <Opcode : 'load' 'store'> <Ports = 2> <Width = 16> <Depth = 64> <RAM>
ST_2 : Operation 39 [1/1] (0.00ns)   --->   "%buf_0_addr = getelementptr i16 %buf_0, i64 0, i64 0" [../dct.c:104]   --->   Operation 39 'getelementptr' 'buf_0_addr' <Predicate = true> <Delay = 0.00>
ST_2 : Operation 40 [1/2] ( I:0.00ns O:0.00ns )   --->   "%input_r_load_1 = load i6 %input_r_addr_1" [../dct.c:104]   --->   Operation 40 'load' 'input_r_load_1' <Predicate = true> <Delay = 0.00> <CoreInst = "RAM">   --->   Core 81 'RAM' <Latency = 1> <II = 1> <Delay = 2.77> <Storage> <Opcode : 'load' 'store'> <Ports = 2> <Width = 16> <Depth = 64> <RAM>
ST_2 : Operation 41 [1/1] (0.00ns)   --->   "%buf_1_addr = getelementptr i16 %buf_1, i64 0, i64 0" [../dct.c:104]   --->   Operation 41 'getelementptr' 'buf_1_addr' <Predicate = true> <Delay = 0.00>
ST_2 : Operation 42 [1/1] (0.00ns)   --->   "%input_r_addr_2 = getelementptr i16 %input_r, i64 0, i64 2" [../dct.c:104]   --->   Operation 42 'getelementptr' 'input_r_addr_2' <Predicate = true> <Delay = 0.00>
ST_2 : Operation 43 [2/2] (0.00ns)   --->   "%input_r_load_2 = load i6 %input_r_addr_2" [../dct.c:104]   --->   Operation 43 'load' 'input_r_load_2' <Predicate = true> <Delay = 0.00> <CoreInst = "RAM">   --->   Core 81 'RAM' <Latency = 1> <II = 1> <Delay = 2.77> <Storage> <Opcode : 'load' 'store'> <Ports = 2> <Width = 16> <Depth = 64> <RAM>
ST_2 : Operation 44 [1/1] (0.00ns)   --->   "%input_r_addr_3 = getelementptr i16 %input_r, i64 0, i64 3" [../dct.c:104]   --->   Operation 44 'getelementptr' 'input_r_addr_3' <Predicate = true> <Delay = 0.00>
ST_2 : Operation 45 [2/2] (0.00ns)   --->   "%input_r_load_3 = load i6 %input_r_addr_3" [../dct.c:104]   --->   Operation 45 'load' 'input_r_load_3' <Predicate = true> <Delay = 0.00> <CoreInst = "RAM">   --->   Core 81 'RAM' <Latency = 1> <II = 1> <Delay = 2.77> <Storage> <Opcode : 'load' 'store'> <Ports = 2> <Width = 16> <Depth = 64> <RAM>
ST_2 : Operation 46 [1/1] ( I:1.75ns O:1.75ns )   --->   "%store_ln104 = store i16 %input_r_load, i3 %buf_0_addr" [../dct.c:104]   --->   Operation 46 'store' 'store_ln104' <Predicate = true> <Delay = 1.75> <CoreInst = "RAM">   --->   Core 81 'RAM' <Latency = 1> <II = 1> <Delay = 1.75> <Storage> <Opcode : 'load' 'store'> <Ports = 2> <Width = 16> <Depth = 8> <RAM>
ST_2 : Operation 47 [1/1] ( I:1.75ns O:1.75ns )   --->   "%store_ln104 = store i16 %input_r_load_1, i3 %buf_1_addr" [../dct.c:104]   --->   Operation 47 'store' 'store_ln104' <Predicate = true> <Delay = 1.75> <CoreInst = "RAM">   --->   Core 81 'RAM' <Latency = 1> <II = 1> <Delay = 1.75> <Storage> <Opcode : 'load' 'store'> <Ports = 2> <Width = 16> <Depth = 8> <RAM>

State 3 <SV = 2> <Delay = 1.75>
ST_3 : Operation 48 [1/2] ( I:0.00ns O:0.00ns )   --->   "%input_r_load_2 = load i6 %input_r_addr_2" [../dct.c:104]   --->   Operation 48 'load' 'input_r_load_2' <Predicate = true> <Delay = 0.00> <CoreInst = "RAM">   --->   Core 81 'RAM' <Latency = 1> <II = 1> <Delay = 2.77> <Storage> <Opcode : 'load' 'store'> <Ports = 2> <Width = 16> <Depth = 64> <RAM>
ST_3 : Operation 49 [1/1] (0.00ns)   --->   "%buf_2_addr = getelementptr i16 %buf_2, i64 0, i64 0" [../dct.c:104]   --->   Operation 49 'getelementptr' 'buf_2_addr' <Predicate = true> <Delay = 0.00>
ST_3 : Operation 50 [1/2] ( I:0.00ns O:0.00ns )   --->   "%input_r_load_3 = load i6 %input_r_addr_3" [../dct.c:104]   --->   Operation 50 'load' 'input_r_load_3' <Predicate = true> <Delay = 0.00> <CoreInst = "RAM">   --->   Core 81 'RAM' <Latency = 1> <II = 1> <Delay = 2.77> <Storage> <Opcode : 'load' 'store'> <Ports = 2> <Width = 16> <Depth = 64> <RAM>
ST_3 : Operation 51 [1/1] (0.00ns)   --->   "%buf_3_addr = getelementptr i16 %buf_3, i64 0, i64 0" [../dct.c:104]   --->   Operation 51 'getelementptr' 'buf_3_addr' <Predicate = true> <Delay = 0.00>
ST_3 : Operation 52 [1/1] (0.00ns)   --->   "%input_r_addr_4 = getelementptr i16 %input_r, i64 0, i64 4" [../dct.c:104]   --->   Operation 52 'getelementptr' 'input_r_addr_4' <Predicate = true> <Delay = 0.00>
ST_3 : Operation 53 [2/2] (0.00ns)   --->   "%input_r_load_4 = load i6 %input_r_addr_4" [../dct.c:104]   --->   Operation 53 'load' 'input_r_load_4' <Predicate = true> <Delay = 0.00> <CoreInst = "RAM">   --->   Core 81 'RAM' <Latency = 1> <II = 1> <Delay = 2.77> <Storage> <Opcode : 'load' 'store'> <Ports = 2> <Width = 16> <Depth = 64> <RAM>
ST_3 : Operation 54 [1/1] (0.00ns)   --->   "%input_r_addr_5 = getelementptr i16 %input_r, i64 0, i64 5" [../dct.c:104]   --->   Operation 54 'getelementptr' 'input_r_addr_5' <Predicate = true> <Delay = 0.00>
ST_3 : Operation 55 [2/2] (0.00ns)   --->   "%input_r_load_5 = load i6 %input_r_addr_5" [../dct.c:104]   --->   Operation 55 'load' 'input_r_load_5' <Predicate = true> <Delay = 0.00> <CoreInst = "RAM">   --->   Core 81 'RAM' <Latency = 1> <II = 1> <Delay = 2.77> <Storage> <Opcode : 'load' 'store'> <Ports = 2> <Width = 16> <Depth = 64> <RAM>
ST_3 : Operation 56 [1/1] ( I:1.75ns O:1.75ns )   --->   "%store_ln104 = store i16 %input_r_load_2, i3 %buf_2_addr" [../dct.c:104]   --->   Operation 56 'store' 'store_ln104' <Predicate = true> <Delay = 1.75> <CoreInst = "RAM">   --->   Core 81 'RAM' <Latency = 1> <II = 1> <Delay = 1.75> <Storage> <Opcode : 'load' 'store'> <Ports = 2> <Width = 16> <Depth = 8> <RAM>
ST_3 : Operation 57 [1/1] ( I:1.75ns O:1.75ns )   --->   "%store_ln104 = store i16 %input_r_load_3, i3 %buf_3_addr" [../dct.c:104]   --->   Operation 57 'store' 'store_ln104' <Predicate = true> <Delay = 1.75> <CoreInst = "RAM">   --->   Core 81 'RAM' <Latency = 1> <II = 1> <Delay = 1.75> <Storage> <Opcode : 'load' 'store'> <Ports = 2> <Width = 16> <Depth = 8> <RAM>

State 4 <SV = 3> <Delay = 1.75>
ST_4 : Operation 58 [1/2] ( I:0.00ns O:0.00ns )   --->   "%input_r_load_4 = load i6 %input_r_addr_4" [../dct.c:104]   --->   Operation 58 'load' 'input_r_load_4' <Predicate = true> <Delay = 0.00> <CoreInst = "RAM">   --->   Core 81 'RAM' <Latency = 1> <II = 1> <Delay = 2.77> <Storage> <Opcode : 'load' 'store'> <Ports = 2> <Width = 16> <Depth = 64> <RAM>
ST_4 : Operation 59 [1/1] (0.00ns)   --->   "%buf_4_addr = getelementptr i16 %buf_4, i64 0, i64 0" [../dct.c:104]   --->   Operation 59 'getelementptr' 'buf_4_addr' <Predicate = true> <Delay = 0.00>
ST_4 : Operation 60 [1/2] ( I:0.00ns O:0.00ns )   --->   "%input_r_load_5 = load i6 %input_r_addr_5" [../dct.c:104]   --->   Operation 60 'load' 'input_r_load_5' <Predicate = true> <Delay = 0.00> <CoreInst = "RAM">   --->   Core 81 'RAM' <Latency = 1> <II = 1> <Delay = 2.77> <Storage> <Opcode : 'load' 'store'> <Ports = 2> <Width = 16> <Depth = 64> <RAM>
ST_4 : Operation 61 [1/1] (0.00ns)   --->   "%buf_5_addr = getelementptr i16 %buf_5, i64 0, i64 0" [../dct.c:104]   --->   Operation 61 'getelementptr' 'buf_5_addr' <Predicate = true> <Delay = 0.00>
ST_4 : Operation 62 [1/1] (0.00ns)   --->   "%input_r_addr_6 = getelementptr i16 %input_r, i64 0, i64 6" [../dct.c:104]   --->   Operation 62 'getelementptr' 'input_r_addr_6' <Predicate = true> <Delay = 0.00>
ST_4 : Operation 63 [2/2] (0.00ns)   --->   "%input_r_load_6 = load i6 %input_r_addr_6" [../dct.c:104]   --->   Operation 63 'load' 'input_r_load_6' <Predicate = true> <Delay = 0.00> <CoreInst = "RAM">   --->   Core 81 'RAM' <Latency = 1> <II = 1> <Delay = 2.77> <Storage> <Opcode : 'load' 'store'> <Ports = 2> <Width = 16> <Depth = 64> <RAM>
ST_4 : Operation 64 [1/1] (0.00ns)   --->   "%input_r_addr_7 = getelementptr i16 %input_r, i64 0, i64 7" [../dct.c:104]   --->   Operation 64 'getelementptr' 'input_r_addr_7' <Predicate = true> <Delay = 0.00>
ST_4 : Operation 65 [2/2] (0.00ns)   --->   "%input_r_load_7 = load i6 %input_r_addr_7" [../dct.c:104]   --->   Operation 65 'load' 'input_r_load_7' <Predicate = true> <Delay = 0.00> <CoreInst = "RAM">   --->   Core 81 'RAM' <Latency = 1> <II = 1> <Delay = 2.77> <Storage> <Opcode : 'load' 'store'> <Ports = 2> <Width = 16> <Depth = 64> <RAM>
ST_4 : Operation 66 [1/1] ( I:1.75ns O:1.75ns )   --->   "%store_ln104 = store i16 %input_r_load_4, i3 %buf_4_addr" [../dct.c:104]   --->   Operation 66 'store' 'store_ln104' <Predicate = true> <Delay = 1.75> <CoreInst = "RAM">   --->   Core 81 'RAM' <Latency = 1> <II = 1> <Delay = 1.75> <Storage> <Opcode : 'load' 'store'> <Ports = 2> <Width = 16> <Depth = 8> <RAM>
ST_4 : Operation 67 [1/1] ( I:1.75ns O:1.75ns )   --->   "%store_ln104 = store i16 %input_r_load_5, i3 %buf_5_addr" [../dct.c:104]   --->   Operation 67 'store' 'store_ln104' <Predicate = true> <Delay = 1.75> <CoreInst = "RAM">   --->   Core 81 'RAM' <Latency = 1> <II = 1> <Delay = 1.75> <Storage> <Opcode : 'load' 'store'> <Ports = 2> <Width = 16> <Depth = 8> <RAM>

State 5 <SV = 4> <Delay = 1.75>
ST_5 : Operation 68 [1/2] ( I:0.00ns O:0.00ns )   --->   "%input_r_load_6 = load i6 %input_r_addr_6" [../dct.c:104]   --->   Operation 68 'load' 'input_r_load_6' <Predicate = true> <Delay = 0.00> <CoreInst = "RAM">   --->   Core 81 'RAM' <Latency = 1> <II = 1> <Delay = 2.77> <Storage> <Opcode : 'load' 'store'> <Ports = 2> <Width = 16> <Depth = 64> <RAM>
ST_5 : Operation 69 [1/1] (0.00ns)   --->   "%buf_6_addr = getelementptr i16 %buf_6, i64 0, i64 0" [../dct.c:104]   --->   Operation 69 'getelementptr' 'buf_6_addr' <Predicate = true> <Delay = 0.00>
ST_5 : Operation 70 [1/2] ( I:0.00ns O:0.00ns )   --->   "%input_r_load_7 = load i6 %input_r_addr_7" [../dct.c:104]   --->   Operation 70 'load' 'input_r_load_7' <Predicate = true> <Delay = 0.00> <CoreInst = "RAM">   --->   Core 81 'RAM' <Latency = 1> <II = 1> <Delay = 2.77> <Storage> <Opcode : 'load' 'store'> <Ports = 2> <Width = 16> <Depth = 64> <RAM>
ST_5 : Operation 71 [1/1] (0.00ns)   --->   "%buf_7_addr = getelementptr i16 %buf_7, i64 0, i64 0" [../dct.c:104]   --->   Operation 71 'getelementptr' 'buf_7_addr' <Predicate = true> <Delay = 0.00>
ST_5 : Operation 72 [1/1] (0.00ns)   --->   "%input_r_addr_8 = getelementptr i16 %input_r, i64 0, i64 8" [../dct.c:104]   --->   Operation 72 'getelementptr' 'input_r_addr_8' <Predicate = true> <Delay = 0.00>
ST_5 : Operation 73 [2/2] (0.00ns)   --->   "%input_r_load_8 = load i6 %input_r_addr_8" [../dct.c:104]   --->   Operation 73 'load' 'input_r_load_8' <Predicate = true> <Delay = 0.00> <CoreInst = "RAM">   --->   Core 81 'RAM' <Latency = 1> <II = 1> <Delay = 2.77> <Storage> <Opcode : 'load' 'store'> <Ports = 2> <Width = 16> <Depth = 64> <RAM>
ST_5 : Operation 74 [1/1] (0.00ns)   --->   "%input_r_addr_9 = getelementptr i16 %input_r, i64 0, i64 9" [../dct.c:104]   --->   Operation 74 'getelementptr' 'input_r_addr_9' <Predicate = true> <Delay = 0.00>
ST_5 : Operation 75 [2/2] (0.00ns)   --->   "%input_r_load_9 = load i6 %input_r_addr_9" [../dct.c:104]   --->   Operation 75 'load' 'input_r_load_9' <Predicate = true> <Delay = 0.00> <CoreInst = "RAM">   --->   Core 81 'RAM' <Latency = 1> <II = 1> <Delay = 2.77> <Storage> <Opcode : 'load' 'store'> <Ports = 2> <Width = 16> <Depth = 64> <RAM>
ST_5 : Operation 76 [1/1] ( I:1.75ns O:1.75ns )   --->   "%store_ln104 = store i16 %input_r_load_6, i3 %buf_6_addr" [../dct.c:104]   --->   Operation 76 'store' 'store_ln104' <Predicate = true> <Delay = 1.75> <CoreInst = "RAM">   --->   Core 81 'RAM' <Latency = 1> <II = 1> <Delay = 1.75> <Storage> <Opcode : 'load' 'store'> <Ports = 2> <Width = 16> <Depth = 8> <RAM>
ST_5 : Operation 77 [1/1] ( I:1.75ns O:1.75ns )   --->   "%store_ln104 = store i16 %input_r_load_7, i3 %buf_7_addr" [../dct.c:104]   --->   Operation 77 'store' 'store_ln104' <Predicate = true> <Delay = 1.75> <CoreInst = "RAM">   --->   Core 81 'RAM' <Latency = 1> <II = 1> <Delay = 1.75> <Storage> <Opcode : 'load' 'store'> <Ports = 2> <Width = 16> <Depth = 8> <RAM>

State 6 <SV = 5> <Delay = 1.75>
ST_6 : Operation 78 [1/2] ( I:0.00ns O:0.00ns )   --->   "%input_r_load_8 = load i6 %input_r_addr_8" [../dct.c:104]   --->   Operation 78 'load' 'input_r_load_8' <Predicate = true> <Delay = 0.00> <CoreInst = "RAM">   --->   Core 81 'RAM' <Latency = 1> <II = 1> <Delay = 2.77> <Storage> <Opcode : 'load' 'store'> <Ports = 2> <Width = 16> <Depth = 64> <RAM>
ST_6 : Operation 79 [1/1] (0.00ns)   --->   "%buf_0_addr_1 = getelementptr i16 %buf_0, i64 0, i64 1" [../dct.c:104]   --->   Operation 79 'getelementptr' 'buf_0_addr_1' <Predicate = true> <Delay = 0.00>
ST_6 : Operation 80 [1/2] ( I:0.00ns O:0.00ns )   --->   "%input_r_load_9 = load i6 %input_r_addr_9" [../dct.c:104]   --->   Operation 80 'load' 'input_r_load_9' <Predicate = true> <Delay = 0.00> <CoreInst = "RAM">   --->   Core 81 'RAM' <Latency = 1> <II = 1> <Delay = 2.77> <Storage> <Opcode : 'load' 'store'> <Ports = 2> <Width = 16> <Depth = 64> <RAM>
ST_6 : Operation 81 [1/1] (0.00ns)   --->   "%buf_1_addr_1 = getelementptr i16 %buf_1, i64 0, i64 1" [../dct.c:104]   --->   Operation 81 'getelementptr' 'buf_1_addr_1' <Predicate = true> <Delay = 0.00>
ST_6 : Operation 82 [1/1] (0.00ns)   --->   "%input_r_addr_10 = getelementptr i16 %input_r, i64 0, i64 10" [../dct.c:104]   --->   Operation 82 'getelementptr' 'input_r_addr_10' <Predicate = true> <Delay = 0.00>
ST_6 : Operation 83 [2/2] (0.00ns)   --->   "%input_r_load_10 = load i6 %input_r_addr_10" [../dct.c:104]   --->   Operation 83 'load' 'input_r_load_10' <Predicate = true> <Delay = 0.00> <CoreInst = "RAM">   --->   Core 81 'RAM' <Latency = 1> <II = 1> <Delay = 2.77> <Storage> <Opcode : 'load' 'store'> <Ports = 2> <Width = 16> <Depth = 64> <RAM>
ST_6 : Operation 84 [1/1] (0.00ns)   --->   "%input_r_addr_11 = getelementptr i16 %input_r, i64 0, i64 11" [../dct.c:104]   --->   Operation 84 'getelementptr' 'input_r_addr_11' <Predicate = true> <Delay = 0.00>
ST_6 : Operation 85 [2/2] (0.00ns)   --->   "%input_r_load_11 = load i6 %input_r_addr_11" [../dct.c:104]   --->   Operation 85 'load' 'input_r_load_11' <Predicate = true> <Delay = 0.00> <CoreInst = "RAM">   --->   Core 81 'RAM' <Latency = 1> <II = 1> <Delay = 2.77> <Storage> <Opcode : 'load' 'store'> <Ports = 2> <Width = 16> <Depth = 64> <RAM>
ST_6 : Operation 86 [1/1] ( I:1.75ns O:1.75ns )   --->   "%store_ln104 = store i16 %input_r_load_8, i3 %buf_0_addr_1" [../dct.c:104]   --->   Operation 86 'store' 'store_ln104' <Predicate = true> <Delay = 1.75> <CoreInst = "RAM">   --->   Core 81 'RAM' <Latency = 1> <II = 1> <Delay = 1.75> <Storage> <Opcode : 'load' 'store'> <Ports = 2> <Width = 16> <Depth = 8> <RAM>
ST_6 : Operation 87 [1/1] ( I:1.75ns O:1.75ns )   --->   "%store_ln104 = store i16 %input_r_load_9, i3 %buf_1_addr_1" [../dct.c:104]   --->   Operation 87 'store' 'store_ln104' <Predicate = true> <Delay = 1.75> <CoreInst = "RAM">   --->   Core 81 'RAM' <Latency = 1> <II = 1> <Delay = 1.75> <Storage> <Opcode : 'load' 'store'> <Ports = 2> <Width = 16> <Depth = 8> <RAM>

State 7 <SV = 6> <Delay = 1.75>
ST_7 : Operation 88 [1/2] ( I:0.00ns O:0.00ns )   --->   "%input_r_load_10 = load i6 %input_r_addr_10" [../dct.c:104]   --->   Operation 88 'load' 'input_r_load_10' <Predicate = true> <Delay = 0.00> <CoreInst = "RAM">   --->   Core 81 'RAM' <Latency = 1> <II = 1> <Delay = 2.77> <Storage> <Opcode : 'load' 'store'> <Ports = 2> <Width = 16> <Depth = 64> <RAM>
ST_7 : Operation 89 [1/1] (0.00ns)   --->   "%buf_2_addr_1 = getelementptr i16 %buf_2, i64 0, i64 1" [../dct.c:104]   --->   Operation 89 'getelementptr' 'buf_2_addr_1' <Predicate = true> <Delay = 0.00>
ST_7 : Operation 90 [1/2] ( I:0.00ns O:0.00ns )   --->   "%input_r_load_11 = load i6 %input_r_addr_11" [../dct.c:104]   --->   Operation 90 'load' 'input_r_load_11' <Predicate = true> <Delay = 0.00> <CoreInst = "RAM">   --->   Core 81 'RAM' <Latency = 1> <II = 1> <Delay = 2.77> <Storage> <Opcode : 'load' 'store'> <Ports = 2> <Width = 16> <Depth = 64> <RAM>
ST_7 : Operation 91 [1/1] (0.00ns)   --->   "%buf_3_addr_1 = getelementptr i16 %buf_3, i64 0, i64 1" [../dct.c:104]   --->   Operation 91 'getelementptr' 'buf_3_addr_1' <Predicate = true> <Delay = 0.00>
ST_7 : Operation 92 [1/1] (0.00ns)   --->   "%input_r_addr_12 = getelementptr i16 %input_r, i64 0, i64 12" [../dct.c:104]   --->   Operation 92 'getelementptr' 'input_r_addr_12' <Predicate = true> <Delay = 0.00>
ST_7 : Operation 93 [2/2] (0.00ns)   --->   "%input_r_load_12 = load i6 %input_r_addr_12" [../dct.c:104]   --->   Operation 93 'load' 'input_r_load_12' <Predicate = true> <Delay = 0.00> <CoreInst = "RAM">   --->   Core 81 'RAM' <Latency = 1> <II = 1> <Delay = 2.77> <Storage> <Opcode : 'load' 'store'> <Ports = 2> <Width = 16> <Depth = 64> <RAM>
ST_7 : Operation 94 [1/1] (0.00ns)   --->   "%input_r_addr_13 = getelementptr i16 %input_r, i64 0, i64 13" [../dct.c:104]   --->   Operation 94 'getelementptr' 'input_r_addr_13' <Predicate = true> <Delay = 0.00>
ST_7 : Operation 95 [2/2] (0.00ns)   --->   "%input_r_load_13 = load i6 %input_r_addr_13" [../dct.c:104]   --->   Operation 95 'load' 'input_r_load_13' <Predicate = true> <Delay = 0.00> <CoreInst = "RAM">   --->   Core 81 'RAM' <Latency = 1> <II = 1> <Delay = 2.77> <Storage> <Opcode : 'load' 'store'> <Ports = 2> <Width = 16> <Depth = 64> <RAM>
ST_7 : Operation 96 [1/1] ( I:1.75ns O:1.75ns )   --->   "%store_ln104 = store i16 %input_r_load_10, i3 %buf_2_addr_1" [../dct.c:104]   --->   Operation 96 'store' 'store_ln104' <Predicate = true> <Delay = 1.75> <CoreInst = "RAM">   --->   Core 81 'RAM' <Latency = 1> <II = 1> <Delay = 1.75> <Storage> <Opcode : 'load' 'store'> <Ports = 2> <Width = 16> <Depth = 8> <RAM>
ST_7 : Operation 97 [1/1] ( I:1.75ns O:1.75ns )   --->   "%store_ln104 = store i16 %input_r_load_11, i3 %buf_3_addr_1" [../dct.c:104]   --->   Operation 97 'store' 'store_ln104' <Predicate = true> <Delay = 1.75> <CoreInst = "RAM">   --->   Core 81 'RAM' <Latency = 1> <II = 1> <Delay = 1.75> <Storage> <Opcode : 'load' 'store'> <Ports = 2> <Width = 16> <Depth = 8> <RAM>

State 8 <SV = 7> <Delay = 1.75>
ST_8 : Operation 98 [1/2] ( I:0.00ns O:0.00ns )   --->   "%input_r_load_12 = load i6 %input_r_addr_12" [../dct.c:104]   --->   Operation 98 'load' 'input_r_load_12' <Predicate = true> <Delay = 0.00> <CoreInst = "RAM">   --->   Core 81 'RAM' <Latency = 1> <II = 1> <Delay = 2.77> <Storage> <Opcode : 'load' 'store'> <Ports = 2> <Width = 16> <Depth = 64> <RAM>
ST_8 : Operation 99 [1/1] (0.00ns)   --->   "%buf_4_addr_1 = getelementptr i16 %buf_4, i64 0, i64 1" [../dct.c:104]   --->   Operation 99 'getelementptr' 'buf_4_addr_1' <Predicate = true> <Delay = 0.00>
ST_8 : Operation 100 [1/2] ( I:0.00ns O:0.00ns )   --->   "%input_r_load_13 = load i6 %input_r_addr_13" [../dct.c:104]   --->   Operation 100 'load' 'input_r_load_13' <Predicate = true> <Delay = 0.00> <CoreInst = "RAM">   --->   Core 81 'RAM' <Latency = 1> <II = 1> <Delay = 2.77> <Storage> <Opcode : 'load' 'store'> <Ports = 2> <Width = 16> <Depth = 64> <RAM>
ST_8 : Operation 101 [1/1] (0.00ns)   --->   "%buf_5_addr_1 = getelementptr i16 %buf_5, i64 0, i64 1" [../dct.c:104]   --->   Operation 101 'getelementptr' 'buf_5_addr_1' <Predicate = true> <Delay = 0.00>
ST_8 : Operation 102 [1/1] (0.00ns)   --->   "%input_r_addr_14 = getelementptr i16 %input_r, i64 0, i64 14" [../dct.c:104]   --->   Operation 102 'getelementptr' 'input_r_addr_14' <Predicate = true> <Delay = 0.00>
ST_8 : Operation 103 [2/2] (0.00ns)   --->   "%input_r_load_14 = load i6 %input_r_addr_14" [../dct.c:104]   --->   Operation 103 'load' 'input_r_load_14' <Predicate = true> <Delay = 0.00> <CoreInst = "RAM">   --->   Core 81 'RAM' <Latency = 1> <II = 1> <Delay = 2.77> <Storage> <Opcode : 'load' 'store'> <Ports = 2> <Width = 16> <Depth = 64> <RAM>
ST_8 : Operation 104 [1/1] (0.00ns)   --->   "%input_r_addr_15 = getelementptr i16 %input_r, i64 0, i64 15" [../dct.c:104]   --->   Operation 104 'getelementptr' 'input_r_addr_15' <Predicate = true> <Delay = 0.00>
ST_8 : Operation 105 [2/2] (0.00ns)   --->   "%input_r_load_15 = load i6 %input_r_addr_15" [../dct.c:104]   --->   Operation 105 'load' 'input_r_load_15' <Predicate = true> <Delay = 0.00> <CoreInst = "RAM">   --->   Core 81 'RAM' <Latency = 1> <II = 1> <Delay = 2.77> <Storage> <Opcode : 'load' 'store'> <Ports = 2> <Width = 16> <Depth = 64> <RAM>
ST_8 : Operation 106 [1/1] ( I:1.75ns O:1.75ns )   --->   "%store_ln104 = store i16 %input_r_load_12, i3 %buf_4_addr_1" [../dct.c:104]   --->   Operation 106 'store' 'store_ln104' <Predicate = true> <Delay = 1.75> <CoreInst = "RAM">   --->   Core 81 'RAM' <Latency = 1> <II = 1> <Delay = 1.75> <Storage> <Opcode : 'load' 'store'> <Ports = 2> <Width = 16> <Depth = 8> <RAM>
ST_8 : Operation 107 [1/1] ( I:1.75ns O:1.75ns )   --->   "%store_ln104 = store i16 %input_r_load_13, i3 %buf_5_addr_1" [../dct.c:104]   --->   Operation 107 'store' 'store_ln104' <Predicate = true> <Delay = 1.75> <CoreInst = "RAM">   --->   Core 81 'RAM' <Latency = 1> <II = 1> <Delay = 1.75> <Storage> <Opcode : 'load' 'store'> <Ports = 2> <Width = 16> <Depth = 8> <RAM>

State 9 <SV = 8> <Delay = 1.75>
ST_9 : Operation 108 [1/2] ( I:0.00ns O:0.00ns )   --->   "%input_r_load_14 = load i6 %input_r_addr_14" [../dct.c:104]   --->   Operation 108 'load' 'input_r_load_14' <Predicate = true> <Delay = 0.00> <CoreInst = "RAM">   --->   Core 81 'RAM' <Latency = 1> <II = 1> <Delay = 2.77> <Storage> <Opcode : 'load' 'store'> <Ports = 2> <Width = 16> <Depth = 64> <RAM>
ST_9 : Operation 109 [1/1] (0.00ns)   --->   "%buf_6_addr_1 = getelementptr i16 %buf_6, i64 0, i64 1" [../dct.c:104]   --->   Operation 109 'getelementptr' 'buf_6_addr_1' <Predicate = true> <Delay = 0.00>
ST_9 : Operation 110 [1/2] ( I:0.00ns O:0.00ns )   --->   "%input_r_load_15 = load i6 %input_r_addr_15" [../dct.c:104]   --->   Operation 110 'load' 'input_r_load_15' <Predicate = true> <Delay = 0.00> <CoreInst = "RAM">   --->   Core 81 'RAM' <Latency = 1> <II = 1> <Delay = 2.77> <Storage> <Opcode : 'load' 'store'> <Ports = 2> <Width = 16> <Depth = 64> <RAM>
ST_9 : Operation 111 [1/1] (0.00ns)   --->   "%buf_7_addr_1 = getelementptr i16 %buf_7, i64 0, i64 1" [../dct.c:104]   --->   Operation 111 'getelementptr' 'buf_7_addr_1' <Predicate = true> <Delay = 0.00>
ST_9 : Operation 112 [1/1] (0.00ns)   --->   "%input_r_addr_16 = getelementptr i16 %input_r, i64 0, i64 16" [../dct.c:104]   --->   Operation 112 'getelementptr' 'input_r_addr_16' <Predicate = true> <Delay = 0.00>
ST_9 : Operation 113 [2/2] (0.00ns)   --->   "%input_r_load_16 = load i6 %input_r_addr_16" [../dct.c:104]   --->   Operation 113 'load' 'input_r_load_16' <Predicate = true> <Delay = 0.00> <CoreInst = "RAM">   --->   Core 81 'RAM' <Latency = 1> <II = 1> <Delay = 2.77> <Storage> <Opcode : 'load' 'store'> <Ports = 2> <Width = 16> <Depth = 64> <RAM>
ST_9 : Operation 114 [1/1] (0.00ns)   --->   "%input_r_addr_17 = getelementptr i16 %input_r, i64 0, i64 17" [../dct.c:104]   --->   Operation 114 'getelementptr' 'input_r_addr_17' <Predicate = true> <Delay = 0.00>
ST_9 : Operation 115 [2/2] (0.00ns)   --->   "%input_r_load_17 = load i6 %input_r_addr_17" [../dct.c:104]   --->   Operation 115 'load' 'input_r_load_17' <Predicate = true> <Delay = 0.00> <CoreInst = "RAM">   --->   Core 81 'RAM' <Latency = 1> <II = 1> <Delay = 2.77> <Storage> <Opcode : 'load' 'store'> <Ports = 2> <Width = 16> <Depth = 64> <RAM>
ST_9 : Operation 116 [1/1] ( I:1.75ns O:1.75ns )   --->   "%store_ln104 = store i16 %input_r_load_14, i3 %buf_6_addr_1" [../dct.c:104]   --->   Operation 116 'store' 'store_ln104' <Predicate = true> <Delay = 1.75> <CoreInst = "RAM">   --->   Core 81 'RAM' <Latency = 1> <II = 1> <Delay = 1.75> <Storage> <Opcode : 'load' 'store'> <Ports = 2> <Width = 16> <Depth = 8> <RAM>
ST_9 : Operation 117 [1/1] ( I:1.75ns O:1.75ns )   --->   "%store_ln104 = store i16 %input_r_load_15, i3 %buf_7_addr_1" [../dct.c:104]   --->   Operation 117 'store' 'store_ln104' <Predicate = true> <Delay = 1.75> <CoreInst = "RAM">   --->   Core 81 'RAM' <Latency = 1> <II = 1> <Delay = 1.75> <Storage> <Opcode : 'load' 'store'> <Ports = 2> <Width = 16> <Depth = 8> <RAM>

State 10 <SV = 9> <Delay = 1.75>
ST_10 : Operation 118 [1/2] ( I:0.00ns O:0.00ns )   --->   "%input_r_load_16 = load i6 %input_r_addr_16" [../dct.c:104]   --->   Operation 118 'load' 'input_r_load_16' <Predicate = true> <Delay = 0.00> <CoreInst = "RAM">   --->   Core 81 'RAM' <Latency = 1> <II = 1> <Delay = 2.77> <Storage> <Opcode : 'load' 'store'> <Ports = 2> <Width = 16> <Depth = 64> <RAM>
ST_10 : Operation 119 [1/1] (0.00ns)   --->   "%buf_0_addr_2 = getelementptr i16 %buf_0, i64 0, i64 2" [../dct.c:104]   --->   Operation 119 'getelementptr' 'buf_0_addr_2' <Predicate = true> <Delay = 0.00>
ST_10 : Operation 120 [1/2] ( I:0.00ns O:0.00ns )   --->   "%input_r_load_17 = load i6 %input_r_addr_17" [../dct.c:104]   --->   Operation 120 'load' 'input_r_load_17' <Predicate = true> <Delay = 0.00> <CoreInst = "RAM">   --->   Core 81 'RAM' <Latency = 1> <II = 1> <Delay = 2.77> <Storage> <Opcode : 'load' 'store'> <Ports = 2> <Width = 16> <Depth = 64> <RAM>
ST_10 : Operation 121 [1/1] (0.00ns)   --->   "%buf_1_addr_2 = getelementptr i16 %buf_1, i64 0, i64 2" [../dct.c:104]   --->   Operation 121 'getelementptr' 'buf_1_addr_2' <Predicate = true> <Delay = 0.00>
ST_10 : Operation 122 [1/1] (0.00ns)   --->   "%input_r_addr_18 = getelementptr i16 %input_r, i64 0, i64 18" [../dct.c:104]   --->   Operation 122 'getelementptr' 'input_r_addr_18' <Predicate = true> <Delay = 0.00>
ST_10 : Operation 123 [2/2] (0.00ns)   --->   "%input_r_load_18 = load i6 %input_r_addr_18" [../dct.c:104]   --->   Operation 123 'load' 'input_r_load_18' <Predicate = true> <Delay = 0.00> <CoreInst = "RAM">   --->   Core 81 'RAM' <Latency = 1> <II = 1> <Delay = 2.77> <Storage> <Opcode : 'load' 'store'> <Ports = 2> <Width = 16> <Depth = 64> <RAM>
ST_10 : Operation 124 [1/1] (0.00ns)   --->   "%input_r_addr_19 = getelementptr i16 %input_r, i64 0, i64 19" [../dct.c:104]   --->   Operation 124 'getelementptr' 'input_r_addr_19' <Predicate = true> <Delay = 0.00>
ST_10 : Operation 125 [2/2] (0.00ns)   --->   "%input_r_load_19 = load i6 %input_r_addr_19" [../dct.c:104]   --->   Operation 125 'load' 'input_r_load_19' <Predicate = true> <Delay = 0.00> <CoreInst = "RAM">   --->   Core 81 'RAM' <Latency = 1> <II = 1> <Delay = 2.77> <Storage> <Opcode : 'load' 'store'> <Ports = 2> <Width = 16> <Depth = 64> <RAM>
ST_10 : Operation 126 [1/1] ( I:1.75ns O:1.75ns )   --->   "%store_ln104 = store i16 %input_r_load_16, i3 %buf_0_addr_2" [../dct.c:104]   --->   Operation 126 'store' 'store_ln104' <Predicate = true> <Delay = 1.75> <CoreInst = "RAM">   --->   Core 81 'RAM' <Latency = 1> <II = 1> <Delay = 1.75> <Storage> <Opcode : 'load' 'store'> <Ports = 2> <Width = 16> <Depth = 8> <RAM>
ST_10 : Operation 127 [1/1] ( I:1.75ns O:1.75ns )   --->   "%store_ln104 = store i16 %input_r_load_17, i3 %buf_1_addr_2" [../dct.c:104]   --->   Operation 127 'store' 'store_ln104' <Predicate = true> <Delay = 1.75> <CoreInst = "RAM">   --->   Core 81 'RAM' <Latency = 1> <II = 1> <Delay = 1.75> <Storage> <Opcode : 'load' 'store'> <Ports = 2> <Width = 16> <Depth = 8> <RAM>

State 11 <SV = 10> <Delay = 1.75>
ST_11 : Operation 128 [1/2] ( I:0.00ns O:0.00ns )   --->   "%input_r_load_18 = load i6 %input_r_addr_18" [../dct.c:104]   --->   Operation 128 'load' 'input_r_load_18' <Predicate = true> <Delay = 0.00> <CoreInst = "RAM">   --->   Core 81 'RAM' <Latency = 1> <II = 1> <Delay = 2.77> <Storage> <Opcode : 'load' 'store'> <Ports = 2> <Width = 16> <Depth = 64> <RAM>
ST_11 : Operation 129 [1/1] (0.00ns)   --->   "%buf_2_addr_2 = getelementptr i16 %buf_2, i64 0, i64 2" [../dct.c:104]   --->   Operation 129 'getelementptr' 'buf_2_addr_2' <Predicate = true> <Delay = 0.00>
ST_11 : Operation 130 [1/2] ( I:0.00ns O:0.00ns )   --->   "%input_r_load_19 = load i6 %input_r_addr_19" [../dct.c:104]   --->   Operation 130 'load' 'input_r_load_19' <Predicate = true> <Delay = 0.00> <CoreInst = "RAM">   --->   Core 81 'RAM' <Latency = 1> <II = 1> <Delay = 2.77> <Storage> <Opcode : 'load' 'store'> <Ports = 2> <Width = 16> <Depth = 64> <RAM>
ST_11 : Operation 131 [1/1] (0.00ns)   --->   "%buf_3_addr_2 = getelementptr i16 %buf_3, i64 0, i64 2" [../dct.c:104]   --->   Operation 131 'getelementptr' 'buf_3_addr_2' <Predicate = true> <Delay = 0.00>
ST_11 : Operation 132 [1/1] (0.00ns)   --->   "%input_r_addr_20 = getelementptr i16 %input_r, i64 0, i64 20" [../dct.c:104]   --->   Operation 132 'getelementptr' 'input_r_addr_20' <Predicate = true> <Delay = 0.00>
ST_11 : Operation 133 [2/2] (0.00ns)   --->   "%input_r_load_20 = load i6 %input_r_addr_20" [../dct.c:104]   --->   Operation 133 'load' 'input_r_load_20' <Predicate = true> <Delay = 0.00> <CoreInst = "RAM">   --->   Core 81 'RAM' <Latency = 1> <II = 1> <Delay = 2.77> <Storage> <Opcode : 'load' 'store'> <Ports = 2> <Width = 16> <Depth = 64> <RAM>
ST_11 : Operation 134 [1/1] (0.00ns)   --->   "%input_r_addr_21 = getelementptr i16 %input_r, i64 0, i64 21" [../dct.c:104]   --->   Operation 134 'getelementptr' 'input_r_addr_21' <Predicate = true> <Delay = 0.00>
ST_11 : Operation 135 [2/2] (0.00ns)   --->   "%input_r_load_21 = load i6 %input_r_addr_21" [../dct.c:104]   --->   Operation 135 'load' 'input_r_load_21' <Predicate = true> <Delay = 0.00> <CoreInst = "RAM">   --->   Core 81 'RAM' <Latency = 1> <II = 1> <Delay = 2.77> <Storage> <Opcode : 'load' 'store'> <Ports = 2> <Width = 16> <Depth = 64> <RAM>
ST_11 : Operation 136 [1/1] ( I:1.75ns O:1.75ns )   --->   "%store_ln104 = store i16 %input_r_load_18, i3 %buf_2_addr_2" [../dct.c:104]   --->   Operation 136 'store' 'store_ln104' <Predicate = true> <Delay = 1.75> <CoreInst = "RAM">   --->   Core 81 'RAM' <Latency = 1> <II = 1> <Delay = 1.75> <Storage> <Opcode : 'load' 'store'> <Ports = 2> <Width = 16> <Depth = 8> <RAM>
ST_11 : Operation 137 [1/1] ( I:1.75ns O:1.75ns )   --->   "%store_ln104 = store i16 %input_r_load_19, i3 %buf_3_addr_2" [../dct.c:104]   --->   Operation 137 'store' 'store_ln104' <Predicate = true> <Delay = 1.75> <CoreInst = "RAM">   --->   Core 81 'RAM' <Latency = 1> <II = 1> <Delay = 1.75> <Storage> <Opcode : 'load' 'store'> <Ports = 2> <Width = 16> <Depth = 8> <RAM>

State 12 <SV = 11> <Delay = 1.75>
ST_12 : Operation 138 [1/2] ( I:0.00ns O:0.00ns )   --->   "%input_r_load_20 = load i6 %input_r_addr_20" [../dct.c:104]   --->   Operation 138 'load' 'input_r_load_20' <Predicate = true> <Delay = 0.00> <CoreInst = "RAM">   --->   Core 81 'RAM' <Latency = 1> <II = 1> <Delay = 2.77> <Storage> <Opcode : 'load' 'store'> <Ports = 2> <Width = 16> <Depth = 64> <RAM>
ST_12 : Operation 139 [1/1] (0.00ns)   --->   "%buf_4_addr_2 = getelementptr i16 %buf_4, i64 0, i64 2" [../dct.c:104]   --->   Operation 139 'getelementptr' 'buf_4_addr_2' <Predicate = true> <Delay = 0.00>
ST_12 : Operation 140 [1/2] ( I:0.00ns O:0.00ns )   --->   "%input_r_load_21 = load i6 %input_r_addr_21" [../dct.c:104]   --->   Operation 140 'load' 'input_r_load_21' <Predicate = true> <Delay = 0.00> <CoreInst = "RAM">   --->   Core 81 'RAM' <Latency = 1> <II = 1> <Delay = 2.77> <Storage> <Opcode : 'load' 'store'> <Ports = 2> <Width = 16> <Depth = 64> <RAM>
ST_12 : Operation 141 [1/1] (0.00ns)   --->   "%buf_5_addr_2 = getelementptr i16 %buf_5, i64 0, i64 2" [../dct.c:104]   --->   Operation 141 'getelementptr' 'buf_5_addr_2' <Predicate = true> <Delay = 0.00>
ST_12 : Operation 142 [1/1] (0.00ns)   --->   "%input_r_addr_22 = getelementptr i16 %input_r, i64 0, i64 22" [../dct.c:104]   --->   Operation 142 'getelementptr' 'input_r_addr_22' <Predicate = true> <Delay = 0.00>
ST_12 : Operation 143 [2/2] (0.00ns)   --->   "%input_r_load_22 = load i6 %input_r_addr_22" [../dct.c:104]   --->   Operation 143 'load' 'input_r_load_22' <Predicate = true> <Delay = 0.00> <CoreInst = "RAM">   --->   Core 81 'RAM' <Latency = 1> <II = 1> <Delay = 2.77> <Storage> <Opcode : 'load' 'store'> <Ports = 2> <Width = 16> <Depth = 64> <RAM>
ST_12 : Operation 144 [1/1] (0.00ns)   --->   "%input_r_addr_23 = getelementptr i16 %input_r, i64 0, i64 23" [../dct.c:104]   --->   Operation 144 'getelementptr' 'input_r_addr_23' <Predicate = true> <Delay = 0.00>
ST_12 : Operation 145 [2/2] (0.00ns)   --->   "%input_r_load_23 = load i6 %input_r_addr_23" [../dct.c:104]   --->   Operation 145 'load' 'input_r_load_23' <Predicate = true> <Delay = 0.00> <CoreInst = "RAM">   --->   Core 81 'RAM' <Latency = 1> <II = 1> <Delay = 2.77> <Storage> <Opcode : 'load' 'store'> <Ports = 2> <Width = 16> <Depth = 64> <RAM>
ST_12 : Operation 146 [1/1] ( I:1.75ns O:1.75ns )   --->   "%store_ln104 = store i16 %input_r_load_20, i3 %buf_4_addr_2" [../dct.c:104]   --->   Operation 146 'store' 'store_ln104' <Predicate = true> <Delay = 1.75> <CoreInst = "RAM">   --->   Core 81 'RAM' <Latency = 1> <II = 1> <Delay = 1.75> <Storage> <Opcode : 'load' 'store'> <Ports = 2> <Width = 16> <Depth = 8> <RAM>
ST_12 : Operation 147 [1/1] ( I:1.75ns O:1.75ns )   --->   "%store_ln104 = store i16 %input_r_load_21, i3 %buf_5_addr_2" [../dct.c:104]   --->   Operation 147 'store' 'store_ln104' <Predicate = true> <Delay = 1.75> <CoreInst = "RAM">   --->   Core 81 'RAM' <Latency = 1> <II = 1> <Delay = 1.75> <Storage> <Opcode : 'load' 'store'> <Ports = 2> <Width = 16> <Depth = 8> <RAM>

State 13 <SV = 12> <Delay = 1.75>
ST_13 : Operation 148 [1/2] ( I:0.00ns O:0.00ns )   --->   "%input_r_load_22 = load i6 %input_r_addr_22" [../dct.c:104]   --->   Operation 148 'load' 'input_r_load_22' <Predicate = true> <Delay = 0.00> <CoreInst = "RAM">   --->   Core 81 'RAM' <Latency = 1> <II = 1> <Delay = 2.77> <Storage> <Opcode : 'load' 'store'> <Ports = 2> <Width = 16> <Depth = 64> <RAM>
ST_13 : Operation 149 [1/1] (0.00ns)   --->   "%buf_6_addr_2 = getelementptr i16 %buf_6, i64 0, i64 2" [../dct.c:104]   --->   Operation 149 'getelementptr' 'buf_6_addr_2' <Predicate = true> <Delay = 0.00>
ST_13 : Operation 150 [1/2] ( I:0.00ns O:0.00ns )   --->   "%input_r_load_23 = load i6 %input_r_addr_23" [../dct.c:104]   --->   Operation 150 'load' 'input_r_load_23' <Predicate = true> <Delay = 0.00> <CoreInst = "RAM">   --->   Core 81 'RAM' <Latency = 1> <II = 1> <Delay = 2.77> <Storage> <Opcode : 'load' 'store'> <Ports = 2> <Width = 16> <Depth = 64> <RAM>
ST_13 : Operation 151 [1/1] (0.00ns)   --->   "%buf_7_addr_2 = getelementptr i16 %buf_7, i64 0, i64 2" [../dct.c:104]   --->   Operation 151 'getelementptr' 'buf_7_addr_2' <Predicate = true> <Delay = 0.00>
ST_13 : Operation 152 [1/1] (0.00ns)   --->   "%input_r_addr_24 = getelementptr i16 %input_r, i64 0, i64 24" [../dct.c:104]   --->   Operation 152 'getelementptr' 'input_r_addr_24' <Predicate = true> <Delay = 0.00>
ST_13 : Operation 153 [2/2] (0.00ns)   --->   "%input_r_load_24 = load i6 %input_r_addr_24" [../dct.c:104]   --->   Operation 153 'load' 'input_r_load_24' <Predicate = true> <Delay = 0.00> <CoreInst = "RAM">   --->   Core 81 'RAM' <Latency = 1> <II = 1> <Delay = 2.77> <Storage> <Opcode : 'load' 'store'> <Ports = 2> <Width = 16> <Depth = 64> <RAM>
ST_13 : Operation 154 [1/1] (0.00ns)   --->   "%input_r_addr_25 = getelementptr i16 %input_r, i64 0, i64 25" [../dct.c:104]   --->   Operation 154 'getelementptr' 'input_r_addr_25' <Predicate = true> <Delay = 0.00>
ST_13 : Operation 155 [2/2] (0.00ns)   --->   "%input_r_load_25 = load i6 %input_r_addr_25" [../dct.c:104]   --->   Operation 155 'load' 'input_r_load_25' <Predicate = true> <Delay = 0.00> <CoreInst = "RAM">   --->   Core 81 'RAM' <Latency = 1> <II = 1> <Delay = 2.77> <Storage> <Opcode : 'load' 'store'> <Ports = 2> <Width = 16> <Depth = 64> <RAM>
ST_13 : Operation 156 [1/1] ( I:1.75ns O:1.75ns )   --->   "%store_ln104 = store i16 %input_r_load_22, i3 %buf_6_addr_2" [../dct.c:104]   --->   Operation 156 'store' 'store_ln104' <Predicate = true> <Delay = 1.75> <CoreInst = "RAM">   --->   Core 81 'RAM' <Latency = 1> <II = 1> <Delay = 1.75> <Storage> <Opcode : 'load' 'store'> <Ports = 2> <Width = 16> <Depth = 8> <RAM>
ST_13 : Operation 157 [1/1] ( I:1.75ns O:1.75ns )   --->   "%store_ln104 = store i16 %input_r_load_23, i3 %buf_7_addr_2" [../dct.c:104]   --->   Operation 157 'store' 'store_ln104' <Predicate = true> <Delay = 1.75> <CoreInst = "RAM">   --->   Core 81 'RAM' <Latency = 1> <II = 1> <Delay = 1.75> <Storage> <Opcode : 'load' 'store'> <Ports = 2> <Width = 16> <Depth = 8> <RAM>

State 14 <SV = 13> <Delay = 1.75>
ST_14 : Operation 158 [1/2] ( I:0.00ns O:0.00ns )   --->   "%input_r_load_24 = load i6 %input_r_addr_24" [../dct.c:104]   --->   Operation 158 'load' 'input_r_load_24' <Predicate = true> <Delay = 0.00> <CoreInst = "RAM">   --->   Core 81 'RAM' <Latency = 1> <II = 1> <Delay = 2.77> <Storage> <Opcode : 'load' 'store'> <Ports = 2> <Width = 16> <Depth = 64> <RAM>
ST_14 : Operation 159 [1/1] (0.00ns)   --->   "%buf_0_addr_3 = getelementptr i16 %buf_0, i64 0, i64 3" [../dct.c:104]   --->   Operation 159 'getelementptr' 'buf_0_addr_3' <Predicate = true> <Delay = 0.00>
ST_14 : Operation 160 [1/2] ( I:0.00ns O:0.00ns )   --->   "%input_r_load_25 = load i6 %input_r_addr_25" [../dct.c:104]   --->   Operation 160 'load' 'input_r_load_25' <Predicate = true> <Delay = 0.00> <CoreInst = "RAM">   --->   Core 81 'RAM' <Latency = 1> <II = 1> <Delay = 2.77> <Storage> <Opcode : 'load' 'store'> <Ports = 2> <Width = 16> <Depth = 64> <RAM>
ST_14 : Operation 161 [1/1] (0.00ns)   --->   "%buf_1_addr_3 = getelementptr i16 %buf_1, i64 0, i64 3" [../dct.c:104]   --->   Operation 161 'getelementptr' 'buf_1_addr_3' <Predicate = true> <Delay = 0.00>
ST_14 : Operation 162 [1/1] (0.00ns)   --->   "%input_r_addr_26 = getelementptr i16 %input_r, i64 0, i64 26" [../dct.c:104]   --->   Operation 162 'getelementptr' 'input_r_addr_26' <Predicate = true> <Delay = 0.00>
ST_14 : Operation 163 [2/2] (0.00ns)   --->   "%input_r_load_26 = load i6 %input_r_addr_26" [../dct.c:104]   --->   Operation 163 'load' 'input_r_load_26' <Predicate = true> <Delay = 0.00> <CoreInst = "RAM">   --->   Core 81 'RAM' <Latency = 1> <II = 1> <Delay = 2.77> <Storage> <Opcode : 'load' 'store'> <Ports = 2> <Width = 16> <Depth = 64> <RAM>
ST_14 : Operation 164 [1/1] (0.00ns)   --->   "%input_r_addr_27 = getelementptr i16 %input_r, i64 0, i64 27" [../dct.c:104]   --->   Operation 164 'getelementptr' 'input_r_addr_27' <Predicate = true> <Delay = 0.00>
ST_14 : Operation 165 [2/2] (0.00ns)   --->   "%input_r_load_27 = load i6 %input_r_addr_27" [../dct.c:104]   --->   Operation 165 'load' 'input_r_load_27' <Predicate = true> <Delay = 0.00> <CoreInst = "RAM">   --->   Core 81 'RAM' <Latency = 1> <II = 1> <Delay = 2.77> <Storage> <Opcode : 'load' 'store'> <Ports = 2> <Width = 16> <Depth = 64> <RAM>
ST_14 : Operation 166 [1/1] ( I:1.75ns O:1.75ns )   --->   "%store_ln104 = store i16 %input_r_load_24, i3 %buf_0_addr_3" [../dct.c:104]   --->   Operation 166 'store' 'store_ln104' <Predicate = true> <Delay = 1.75> <CoreInst = "RAM">   --->   Core 81 'RAM' <Latency = 1> <II = 1> <Delay = 1.75> <Storage> <Opcode : 'load' 'store'> <Ports = 2> <Width = 16> <Depth = 8> <RAM>
ST_14 : Operation 167 [1/1] ( I:1.75ns O:1.75ns )   --->   "%store_ln104 = store i16 %input_r_load_25, i3 %buf_1_addr_3" [../dct.c:104]   --->   Operation 167 'store' 'store_ln104' <Predicate = true> <Delay = 1.75> <CoreInst = "RAM">   --->   Core 81 'RAM' <Latency = 1> <II = 1> <Delay = 1.75> <Storage> <Opcode : 'load' 'store'> <Ports = 2> <Width = 16> <Depth = 8> <RAM>

State 15 <SV = 14> <Delay = 1.75>
ST_15 : Operation 168 [1/2] ( I:0.00ns O:0.00ns )   --->   "%input_r_load_26 = load i6 %input_r_addr_26" [../dct.c:104]   --->   Operation 168 'load' 'input_r_load_26' <Predicate = true> <Delay = 0.00> <CoreInst = "RAM">   --->   Core 81 'RAM' <Latency = 1> <II = 1> <Delay = 2.77> <Storage> <Opcode : 'load' 'store'> <Ports = 2> <Width = 16> <Depth = 64> <RAM>
ST_15 : Operation 169 [1/1] (0.00ns)   --->   "%buf_2_addr_3 = getelementptr i16 %buf_2, i64 0, i64 3" [../dct.c:104]   --->   Operation 169 'getelementptr' 'buf_2_addr_3' <Predicate = true> <Delay = 0.00>
ST_15 : Operation 170 [1/2] ( I:0.00ns O:0.00ns )   --->   "%input_r_load_27 = load i6 %input_r_addr_27" [../dct.c:104]   --->   Operation 170 'load' 'input_r_load_27' <Predicate = true> <Delay = 0.00> <CoreInst = "RAM">   --->   Core 81 'RAM' <Latency = 1> <II = 1> <Delay = 2.77> <Storage> <Opcode : 'load' 'store'> <Ports = 2> <Width = 16> <Depth = 64> <RAM>
ST_15 : Operation 171 [1/1] (0.00ns)   --->   "%buf_3_addr_3 = getelementptr i16 %buf_3, i64 0, i64 3" [../dct.c:104]   --->   Operation 171 'getelementptr' 'buf_3_addr_3' <Predicate = true> <Delay = 0.00>
ST_15 : Operation 172 [1/1] (0.00ns)   --->   "%input_r_addr_28 = getelementptr i16 %input_r, i64 0, i64 28" [../dct.c:104]   --->   Operation 172 'getelementptr' 'input_r_addr_28' <Predicate = true> <Delay = 0.00>
ST_15 : Operation 173 [2/2] (0.00ns)   --->   "%input_r_load_28 = load i6 %input_r_addr_28" [../dct.c:104]   --->   Operation 173 'load' 'input_r_load_28' <Predicate = true> <Delay = 0.00> <CoreInst = "RAM">   --->   Core 81 'RAM' <Latency = 1> <II = 1> <Delay = 2.77> <Storage> <Opcode : 'load' 'store'> <Ports = 2> <Width = 16> <Depth = 64> <RAM>
ST_15 : Operation 174 [1/1] (0.00ns)   --->   "%input_r_addr_29 = getelementptr i16 %input_r, i64 0, i64 29" [../dct.c:104]   --->   Operation 174 'getelementptr' 'input_r_addr_29' <Predicate = true> <Delay = 0.00>
ST_15 : Operation 175 [2/2] (0.00ns)   --->   "%input_r_load_29 = load i6 %input_r_addr_29" [../dct.c:104]   --->   Operation 175 'load' 'input_r_load_29' <Predicate = true> <Delay = 0.00> <CoreInst = "RAM">   --->   Core 81 'RAM' <Latency = 1> <II = 1> <Delay = 2.77> <Storage> <Opcode : 'load' 'store'> <Ports = 2> <Width = 16> <Depth = 64> <RAM>
ST_15 : Operation 176 [1/1] ( I:1.75ns O:1.75ns )   --->   "%store_ln104 = store i16 %input_r_load_26, i3 %buf_2_addr_3" [../dct.c:104]   --->   Operation 176 'store' 'store_ln104' <Predicate = true> <Delay = 1.75> <CoreInst = "RAM">   --->   Core 81 'RAM' <Latency = 1> <II = 1> <Delay = 1.75> <Storage> <Opcode : 'load' 'store'> <Ports = 2> <Width = 16> <Depth = 8> <RAM>
ST_15 : Operation 177 [1/1] ( I:1.75ns O:1.75ns )   --->   "%store_ln104 = store i16 %input_r_load_27, i3 %buf_3_addr_3" [../dct.c:104]   --->   Operation 177 'store' 'store_ln104' <Predicate = true> <Delay = 1.75> <CoreInst = "RAM">   --->   Core 81 'RAM' <Latency = 1> <II = 1> <Delay = 1.75> <Storage> <Opcode : 'load' 'store'> <Ports = 2> <Width = 16> <Depth = 8> <RAM>

State 16 <SV = 15> <Delay = 1.75>
ST_16 : Operation 178 [1/2] ( I:0.00ns O:0.00ns )   --->   "%input_r_load_28 = load i6 %input_r_addr_28" [../dct.c:104]   --->   Operation 178 'load' 'input_r_load_28' <Predicate = true> <Delay = 0.00> <CoreInst = "RAM">   --->   Core 81 'RAM' <Latency = 1> <II = 1> <Delay = 2.77> <Storage> <Opcode : 'load' 'store'> <Ports = 2> <Width = 16> <Depth = 64> <RAM>
ST_16 : Operation 179 [1/1] (0.00ns)   --->   "%buf_4_addr_3 = getelementptr i16 %buf_4, i64 0, i64 3" [../dct.c:104]   --->   Operation 179 'getelementptr' 'buf_4_addr_3' <Predicate = true> <Delay = 0.00>
ST_16 : Operation 180 [1/2] ( I:0.00ns O:0.00ns )   --->   "%input_r_load_29 = load i6 %input_r_addr_29" [../dct.c:104]   --->   Operation 180 'load' 'input_r_load_29' <Predicate = true> <Delay = 0.00> <CoreInst = "RAM">   --->   Core 81 'RAM' <Latency = 1> <II = 1> <Delay = 2.77> <Storage> <Opcode : 'load' 'store'> <Ports = 2> <Width = 16> <Depth = 64> <RAM>
ST_16 : Operation 181 [1/1] (0.00ns)   --->   "%buf_5_addr_3 = getelementptr i16 %buf_5, i64 0, i64 3" [../dct.c:104]   --->   Operation 181 'getelementptr' 'buf_5_addr_3' <Predicate = true> <Delay = 0.00>
ST_16 : Operation 182 [1/1] (0.00ns)   --->   "%input_r_addr_30 = getelementptr i16 %input_r, i64 0, i64 30" [../dct.c:104]   --->   Operation 182 'getelementptr' 'input_r_addr_30' <Predicate = true> <Delay = 0.00>
ST_16 : Operation 183 [2/2] (0.00ns)   --->   "%input_r_load_30 = load i6 %input_r_addr_30" [../dct.c:104]   --->   Operation 183 'load' 'input_r_load_30' <Predicate = true> <Delay = 0.00> <CoreInst = "RAM">   --->   Core 81 'RAM' <Latency = 1> <II = 1> <Delay = 2.77> <Storage> <Opcode : 'load' 'store'> <Ports = 2> <Width = 16> <Depth = 64> <RAM>
ST_16 : Operation 184 [1/1] (0.00ns)   --->   "%input_r_addr_31 = getelementptr i16 %input_r, i64 0, i64 31" [../dct.c:104]   --->   Operation 184 'getelementptr' 'input_r_addr_31' <Predicate = true> <Delay = 0.00>
ST_16 : Operation 185 [2/2] (0.00ns)   --->   "%input_r_load_31 = load i6 %input_r_addr_31" [../dct.c:104]   --->   Operation 185 'load' 'input_r_load_31' <Predicate = true> <Delay = 0.00> <CoreInst = "RAM">   --->   Core 81 'RAM' <Latency = 1> <II = 1> <Delay = 2.77> <Storage> <Opcode : 'load' 'store'> <Ports = 2> <Width = 16> <Depth = 64> <RAM>
ST_16 : Operation 186 [1/1] ( I:1.75ns O:1.75ns )   --->   "%store_ln104 = store i16 %input_r_load_28, i3 %buf_4_addr_3" [../dct.c:104]   --->   Operation 186 'store' 'store_ln104' <Predicate = true> <Delay = 1.75> <CoreInst = "RAM">   --->   Core 81 'RAM' <Latency = 1> <II = 1> <Delay = 1.75> <Storage> <Opcode : 'load' 'store'> <Ports = 2> <Width = 16> <Depth = 8> <RAM>
ST_16 : Operation 187 [1/1] ( I:1.75ns O:1.75ns )   --->   "%store_ln104 = store i16 %input_r_load_29, i3 %buf_5_addr_3" [../dct.c:104]   --->   Operation 187 'store' 'store_ln104' <Predicate = true> <Delay = 1.75> <CoreInst = "RAM">   --->   Core 81 'RAM' <Latency = 1> <II = 1> <Delay = 1.75> <Storage> <Opcode : 'load' 'store'> <Ports = 2> <Width = 16> <Depth = 8> <RAM>

State 17 <SV = 16> <Delay = 1.75>
ST_17 : Operation 188 [1/2] ( I:0.00ns O:0.00ns )   --->   "%input_r_load_30 = load i6 %input_r_addr_30" [../dct.c:104]   --->   Operation 188 'load' 'input_r_load_30' <Predicate = true> <Delay = 0.00> <CoreInst = "RAM">   --->   Core 81 'RAM' <Latency = 1> <II = 1> <Delay = 2.77> <Storage> <Opcode : 'load' 'store'> <Ports = 2> <Width = 16> <Depth = 64> <RAM>
ST_17 : Operation 189 [1/1] (0.00ns)   --->   "%buf_6_addr_3 = getelementptr i16 %buf_6, i64 0, i64 3" [../dct.c:104]   --->   Operation 189 'getelementptr' 'buf_6_addr_3' <Predicate = true> <Delay = 0.00>
ST_17 : Operation 190 [1/2] ( I:0.00ns O:0.00ns )   --->   "%input_r_load_31 = load i6 %input_r_addr_31" [../dct.c:104]   --->   Operation 190 'load' 'input_r_load_31' <Predicate = true> <Delay = 0.00> <CoreInst = "RAM">   --->   Core 81 'RAM' <Latency = 1> <II = 1> <Delay = 2.77> <Storage> <Opcode : 'load' 'store'> <Ports = 2> <Width = 16> <Depth = 64> <RAM>
ST_17 : Operation 191 [1/1] (0.00ns)   --->   "%buf_7_addr_3 = getelementptr i16 %buf_7, i64 0, i64 3" [../dct.c:104]   --->   Operation 191 'getelementptr' 'buf_7_addr_3' <Predicate = true> <Delay = 0.00>
ST_17 : Operation 192 [1/1] (0.00ns)   --->   "%input_r_addr_32 = getelementptr i16 %input_r, i64 0, i64 32" [../dct.c:104]   --->   Operation 192 'getelementptr' 'input_r_addr_32' <Predicate = true> <Delay = 0.00>
ST_17 : Operation 193 [2/2] (0.00ns)   --->   "%input_r_load_32 = load i6 %input_r_addr_32" [../dct.c:104]   --->   Operation 193 'load' 'input_r_load_32' <Predicate = true> <Delay = 0.00> <CoreInst = "RAM">   --->   Core 81 'RAM' <Latency = 1> <II = 1> <Delay = 2.77> <Storage> <Opcode : 'load' 'store'> <Ports = 2> <Width = 16> <Depth = 64> <RAM>
ST_17 : Operation 194 [1/1] (0.00ns)   --->   "%input_r_addr_33 = getelementptr i16 %input_r, i64 0, i64 33" [../dct.c:104]   --->   Operation 194 'getelementptr' 'input_r_addr_33' <Predicate = true> <Delay = 0.00>
ST_17 : Operation 195 [2/2] (0.00ns)   --->   "%input_r_load_33 = load i6 %input_r_addr_33" [../dct.c:104]   --->   Operation 195 'load' 'input_r_load_33' <Predicate = true> <Delay = 0.00> <CoreInst = "RAM">   --->   Core 81 'RAM' <Latency = 1> <II = 1> <Delay = 2.77> <Storage> <Opcode : 'load' 'store'> <Ports = 2> <Width = 16> <Depth = 64> <RAM>
ST_17 : Operation 196 [1/1] ( I:1.75ns O:1.75ns )   --->   "%store_ln104 = store i16 %input_r_load_30, i3 %buf_6_addr_3" [../dct.c:104]   --->   Operation 196 'store' 'store_ln104' <Predicate = true> <Delay = 1.75> <CoreInst = "RAM">   --->   Core 81 'RAM' <Latency = 1> <II = 1> <Delay = 1.75> <Storage> <Opcode : 'load' 'store'> <Ports = 2> <Width = 16> <Depth = 8> <RAM>
ST_17 : Operation 197 [1/1] ( I:1.75ns O:1.75ns )   --->   "%store_ln104 = store i16 %input_r_load_31, i3 %buf_7_addr_3" [../dct.c:104]   --->   Operation 197 'store' 'store_ln104' <Predicate = true> <Delay = 1.75> <CoreInst = "RAM">   --->   Core 81 'RAM' <Latency = 1> <II = 1> <Delay = 1.75> <Storage> <Opcode : 'load' 'store'> <Ports = 2> <Width = 16> <Depth = 8> <RAM>

State 18 <SV = 17> <Delay = 1.75>
ST_18 : Operation 198 [1/2] ( I:0.00ns O:0.00ns )   --->   "%input_r_load_32 = load i6 %input_r_addr_32" [../dct.c:104]   --->   Operation 198 'load' 'input_r_load_32' <Predicate = true> <Delay = 0.00> <CoreInst = "RAM">   --->   Core 81 'RAM' <Latency = 1> <II = 1> <Delay = 2.77> <Storage> <Opcode : 'load' 'store'> <Ports = 2> <Width = 16> <Depth = 64> <RAM>
ST_18 : Operation 199 [1/1] (0.00ns)   --->   "%buf_0_addr_4 = getelementptr i16 %buf_0, i64 0, i64 4" [../dct.c:104]   --->   Operation 199 'getelementptr' 'buf_0_addr_4' <Predicate = true> <Delay = 0.00>
ST_18 : Operation 200 [1/2] ( I:0.00ns O:0.00ns )   --->   "%input_r_load_33 = load i6 %input_r_addr_33" [../dct.c:104]   --->   Operation 200 'load' 'input_r_load_33' <Predicate = true> <Delay = 0.00> <CoreInst = "RAM">   --->   Core 81 'RAM' <Latency = 1> <II = 1> <Delay = 2.77> <Storage> <Opcode : 'load' 'store'> <Ports = 2> <Width = 16> <Depth = 64> <RAM>
ST_18 : Operation 201 [1/1] (0.00ns)   --->   "%buf_1_addr_4 = getelementptr i16 %buf_1, i64 0, i64 4" [../dct.c:104]   --->   Operation 201 'getelementptr' 'buf_1_addr_4' <Predicate = true> <Delay = 0.00>
ST_18 : Operation 202 [1/1] (0.00ns)   --->   "%input_r_addr_34 = getelementptr i16 %input_r, i64 0, i64 34" [../dct.c:104]   --->   Operation 202 'getelementptr' 'input_r_addr_34' <Predicate = true> <Delay = 0.00>
ST_18 : Operation 203 [2/2] (0.00ns)   --->   "%input_r_load_34 = load i6 %input_r_addr_34" [../dct.c:104]   --->   Operation 203 'load' 'input_r_load_34' <Predicate = true> <Delay = 0.00> <CoreInst = "RAM">   --->   Core 81 'RAM' <Latency = 1> <II = 1> <Delay = 2.77> <Storage> <Opcode : 'load' 'store'> <Ports = 2> <Width = 16> <Depth = 64> <RAM>
ST_18 : Operation 204 [1/1] (0.00ns)   --->   "%input_r_addr_35 = getelementptr i16 %input_r, i64 0, i64 35" [../dct.c:104]   --->   Operation 204 'getelementptr' 'input_r_addr_35' <Predicate = true> <Delay = 0.00>
ST_18 : Operation 205 [2/2] (0.00ns)   --->   "%input_r_load_35 = load i6 %input_r_addr_35" [../dct.c:104]   --->   Operation 205 'load' 'input_r_load_35' <Predicate = true> <Delay = 0.00> <CoreInst = "RAM">   --->   Core 81 'RAM' <Latency = 1> <II = 1> <Delay = 2.77> <Storage> <Opcode : 'load' 'store'> <Ports = 2> <Width = 16> <Depth = 64> <RAM>
ST_18 : Operation 206 [1/1] ( I:1.75ns O:1.75ns )   --->   "%store_ln104 = store i16 %input_r_load_32, i3 %buf_0_addr_4" [../dct.c:104]   --->   Operation 206 'store' 'store_ln104' <Predicate = true> <Delay = 1.75> <CoreInst = "RAM">   --->   Core 81 'RAM' <Latency = 1> <II = 1> <Delay = 1.75> <Storage> <Opcode : 'load' 'store'> <Ports = 2> <Width = 16> <Depth = 8> <RAM>
ST_18 : Operation 207 [1/1] ( I:1.75ns O:1.75ns )   --->   "%store_ln104 = store i16 %input_r_load_33, i3 %buf_1_addr_4" [../dct.c:104]   --->   Operation 207 'store' 'store_ln104' <Predicate = true> <Delay = 1.75> <CoreInst = "RAM">   --->   Core 81 'RAM' <Latency = 1> <II = 1> <Delay = 1.75> <Storage> <Opcode : 'load' 'store'> <Ports = 2> <Width = 16> <Depth = 8> <RAM>

State 19 <SV = 18> <Delay = 1.75>
ST_19 : Operation 208 [1/2] ( I:0.00ns O:0.00ns )   --->   "%input_r_load_34 = load i6 %input_r_addr_34" [../dct.c:104]   --->   Operation 208 'load' 'input_r_load_34' <Predicate = true> <Delay = 0.00> <CoreInst = "RAM">   --->   Core 81 'RAM' <Latency = 1> <II = 1> <Delay = 2.77> <Storage> <Opcode : 'load' 'store'> <Ports = 2> <Width = 16> <Depth = 64> <RAM>
ST_19 : Operation 209 [1/1] (0.00ns)   --->   "%buf_2_addr_4 = getelementptr i16 %buf_2, i64 0, i64 4" [../dct.c:104]   --->   Operation 209 'getelementptr' 'buf_2_addr_4' <Predicate = true> <Delay = 0.00>
ST_19 : Operation 210 [1/2] ( I:0.00ns O:0.00ns )   --->   "%input_r_load_35 = load i6 %input_r_addr_35" [../dct.c:104]   --->   Operation 210 'load' 'input_r_load_35' <Predicate = true> <Delay = 0.00> <CoreInst = "RAM">   --->   Core 81 'RAM' <Latency = 1> <II = 1> <Delay = 2.77> <Storage> <Opcode : 'load' 'store'> <Ports = 2> <Width = 16> <Depth = 64> <RAM>
ST_19 : Operation 211 [1/1] (0.00ns)   --->   "%buf_3_addr_4 = getelementptr i16 %buf_3, i64 0, i64 4" [../dct.c:104]   --->   Operation 211 'getelementptr' 'buf_3_addr_4' <Predicate = true> <Delay = 0.00>
ST_19 : Operation 212 [1/1] (0.00ns)   --->   "%input_r_addr_36 = getelementptr i16 %input_r, i64 0, i64 36" [../dct.c:104]   --->   Operation 212 'getelementptr' 'input_r_addr_36' <Predicate = true> <Delay = 0.00>
ST_19 : Operation 213 [2/2] (0.00ns)   --->   "%input_r_load_36 = load i6 %input_r_addr_36" [../dct.c:104]   --->   Operation 213 'load' 'input_r_load_36' <Predicate = true> <Delay = 0.00> <CoreInst = "RAM">   --->   Core 81 'RAM' <Latency = 1> <II = 1> <Delay = 2.77> <Storage> <Opcode : 'load' 'store'> <Ports = 2> <Width = 16> <Depth = 64> <RAM>
ST_19 : Operation 214 [1/1] (0.00ns)   --->   "%input_r_addr_37 = getelementptr i16 %input_r, i64 0, i64 37" [../dct.c:104]   --->   Operation 214 'getelementptr' 'input_r_addr_37' <Predicate = true> <Delay = 0.00>
ST_19 : Operation 215 [2/2] (0.00ns)   --->   "%input_r_load_37 = load i6 %input_r_addr_37" [../dct.c:104]   --->   Operation 215 'load' 'input_r_load_37' <Predicate = true> <Delay = 0.00> <CoreInst = "RAM">   --->   Core 81 'RAM' <Latency = 1> <II = 1> <Delay = 2.77> <Storage> <Opcode : 'load' 'store'> <Ports = 2> <Width = 16> <Depth = 64> <RAM>
ST_19 : Operation 216 [1/1] ( I:1.75ns O:1.75ns )   --->   "%store_ln104 = store i16 %input_r_load_34, i3 %buf_2_addr_4" [../dct.c:104]   --->   Operation 216 'store' 'store_ln104' <Predicate = true> <Delay = 1.75> <CoreInst = "RAM">   --->   Core 81 'RAM' <Latency = 1> <II = 1> <Delay = 1.75> <Storage> <Opcode : 'load' 'store'> <Ports = 2> <Width = 16> <Depth = 8> <RAM>
ST_19 : Operation 217 [1/1] ( I:1.75ns O:1.75ns )   --->   "%store_ln104 = store i16 %input_r_load_35, i3 %buf_3_addr_4" [../dct.c:104]   --->   Operation 217 'store' 'store_ln104' <Predicate = true> <Delay = 1.75> <CoreInst = "RAM">   --->   Core 81 'RAM' <Latency = 1> <II = 1> <Delay = 1.75> <Storage> <Opcode : 'load' 'store'> <Ports = 2> <Width = 16> <Depth = 8> <RAM>

State 20 <SV = 19> <Delay = 1.75>
ST_20 : Operation 218 [1/2] ( I:0.00ns O:0.00ns )   --->   "%input_r_load_36 = load i6 %input_r_addr_36" [../dct.c:104]   --->   Operation 218 'load' 'input_r_load_36' <Predicate = true> <Delay = 0.00> <CoreInst = "RAM">   --->   Core 81 'RAM' <Latency = 1> <II = 1> <Delay = 2.77> <Storage> <Opcode : 'load' 'store'> <Ports = 2> <Width = 16> <Depth = 64> <RAM>
ST_20 : Operation 219 [1/1] (0.00ns)   --->   "%buf_4_addr_4 = getelementptr i16 %buf_4, i64 0, i64 4" [../dct.c:104]   --->   Operation 219 'getelementptr' 'buf_4_addr_4' <Predicate = true> <Delay = 0.00>
ST_20 : Operation 220 [1/2] ( I:0.00ns O:0.00ns )   --->   "%input_r_load_37 = load i6 %input_r_addr_37" [../dct.c:104]   --->   Operation 220 'load' 'input_r_load_37' <Predicate = true> <Delay = 0.00> <CoreInst = "RAM">   --->   Core 81 'RAM' <Latency = 1> <II = 1> <Delay = 2.77> <Storage> <Opcode : 'load' 'store'> <Ports = 2> <Width = 16> <Depth = 64> <RAM>
ST_20 : Operation 221 [1/1] (0.00ns)   --->   "%buf_5_addr_4 = getelementptr i16 %buf_5, i64 0, i64 4" [../dct.c:104]   --->   Operation 221 'getelementptr' 'buf_5_addr_4' <Predicate = true> <Delay = 0.00>
ST_20 : Operation 222 [1/1] (0.00ns)   --->   "%input_r_addr_38 = getelementptr i16 %input_r, i64 0, i64 38" [../dct.c:104]   --->   Operation 222 'getelementptr' 'input_r_addr_38' <Predicate = true> <Delay = 0.00>
ST_20 : Operation 223 [2/2] (0.00ns)   --->   "%input_r_load_38 = load i6 %input_r_addr_38" [../dct.c:104]   --->   Operation 223 'load' 'input_r_load_38' <Predicate = true> <Delay = 0.00> <CoreInst = "RAM">   --->   Core 81 'RAM' <Latency = 1> <II = 1> <Delay = 2.77> <Storage> <Opcode : 'load' 'store'> <Ports = 2> <Width = 16> <Depth = 64> <RAM>
ST_20 : Operation 224 [1/1] (0.00ns)   --->   "%input_r_addr_39 = getelementptr i16 %input_r, i64 0, i64 39" [../dct.c:104]   --->   Operation 224 'getelementptr' 'input_r_addr_39' <Predicate = true> <Delay = 0.00>
ST_20 : Operation 225 [2/2] (0.00ns)   --->   "%input_r_load_39 = load i6 %input_r_addr_39" [../dct.c:104]   --->   Operation 225 'load' 'input_r_load_39' <Predicate = true> <Delay = 0.00> <CoreInst = "RAM">   --->   Core 81 'RAM' <Latency = 1> <II = 1> <Delay = 2.77> <Storage> <Opcode : 'load' 'store'> <Ports = 2> <Width = 16> <Depth = 64> <RAM>
ST_20 : Operation 226 [1/1] ( I:1.75ns O:1.75ns )   --->   "%store_ln104 = store i16 %input_r_load_36, i3 %buf_4_addr_4" [../dct.c:104]   --->   Operation 226 'store' 'store_ln104' <Predicate = true> <Delay = 1.75> <CoreInst = "RAM">   --->   Core 81 'RAM' <Latency = 1> <II = 1> <Delay = 1.75> <Storage> <Opcode : 'load' 'store'> <Ports = 2> <Width = 16> <Depth = 8> <RAM>
ST_20 : Operation 227 [1/1] ( I:1.75ns O:1.75ns )   --->   "%store_ln104 = store i16 %input_r_load_37, i3 %buf_5_addr_4" [../dct.c:104]   --->   Operation 227 'store' 'store_ln104' <Predicate = true> <Delay = 1.75> <CoreInst = "RAM">   --->   Core 81 'RAM' <Latency = 1> <II = 1> <Delay = 1.75> <Storage> <Opcode : 'load' 'store'> <Ports = 2> <Width = 16> <Depth = 8> <RAM>

State 21 <SV = 20> <Delay = 1.75>
ST_21 : Operation 228 [1/2] ( I:0.00ns O:0.00ns )   --->   "%input_r_load_38 = load i6 %input_r_addr_38" [../dct.c:104]   --->   Operation 228 'load' 'input_r_load_38' <Predicate = true> <Delay = 0.00> <CoreInst = "RAM">   --->   Core 81 'RAM' <Latency = 1> <II = 1> <Delay = 2.77> <Storage> <Opcode : 'load' 'store'> <Ports = 2> <Width = 16> <Depth = 64> <RAM>
ST_21 : Operation 229 [1/1] (0.00ns)   --->   "%buf_6_addr_4 = getelementptr i16 %buf_6, i64 0, i64 4" [../dct.c:104]   --->   Operation 229 'getelementptr' 'buf_6_addr_4' <Predicate = true> <Delay = 0.00>
ST_21 : Operation 230 [1/2] ( I:0.00ns O:0.00ns )   --->   "%input_r_load_39 = load i6 %input_r_addr_39" [../dct.c:104]   --->   Operation 230 'load' 'input_r_load_39' <Predicate = true> <Delay = 0.00> <CoreInst = "RAM">   --->   Core 81 'RAM' <Latency = 1> <II = 1> <Delay = 2.77> <Storage> <Opcode : 'load' 'store'> <Ports = 2> <Width = 16> <Depth = 64> <RAM>
ST_21 : Operation 231 [1/1] (0.00ns)   --->   "%buf_7_addr_4 = getelementptr i16 %buf_7, i64 0, i64 4" [../dct.c:104]   --->   Operation 231 'getelementptr' 'buf_7_addr_4' <Predicate = true> <Delay = 0.00>
ST_21 : Operation 232 [1/1] (0.00ns)   --->   "%input_r_addr_40 = getelementptr i16 %input_r, i64 0, i64 40" [../dct.c:104]   --->   Operation 232 'getelementptr' 'input_r_addr_40' <Predicate = true> <Delay = 0.00>
ST_21 : Operation 233 [2/2] (0.00ns)   --->   "%input_r_load_40 = load i6 %input_r_addr_40" [../dct.c:104]   --->   Operation 233 'load' 'input_r_load_40' <Predicate = true> <Delay = 0.00> <CoreInst = "RAM">   --->   Core 81 'RAM' <Latency = 1> <II = 1> <Delay = 2.77> <Storage> <Opcode : 'load' 'store'> <Ports = 2> <Width = 16> <Depth = 64> <RAM>
ST_21 : Operation 234 [1/1] (0.00ns)   --->   "%input_r_addr_41 = getelementptr i16 %input_r, i64 0, i64 41" [../dct.c:104]   --->   Operation 234 'getelementptr' 'input_r_addr_41' <Predicate = true> <Delay = 0.00>
ST_21 : Operation 235 [2/2] (0.00ns)   --->   "%input_r_load_41 = load i6 %input_r_addr_41" [../dct.c:104]   --->   Operation 235 'load' 'input_r_load_41' <Predicate = true> <Delay = 0.00> <CoreInst = "RAM">   --->   Core 81 'RAM' <Latency = 1> <II = 1> <Delay = 2.77> <Storage> <Opcode : 'load' 'store'> <Ports = 2> <Width = 16> <Depth = 64> <RAM>
ST_21 : Operation 236 [1/1] ( I:1.75ns O:1.75ns )   --->   "%store_ln104 = store i16 %input_r_load_38, i3 %buf_6_addr_4" [../dct.c:104]   --->   Operation 236 'store' 'store_ln104' <Predicate = true> <Delay = 1.75> <CoreInst = "RAM">   --->   Core 81 'RAM' <Latency = 1> <II = 1> <Delay = 1.75> <Storage> <Opcode : 'load' 'store'> <Ports = 2> <Width = 16> <Depth = 8> <RAM>
ST_21 : Operation 237 [1/1] ( I:1.75ns O:1.75ns )   --->   "%store_ln104 = store i16 %input_r_load_39, i3 %buf_7_addr_4" [../dct.c:104]   --->   Operation 237 'store' 'store_ln104' <Predicate = true> <Delay = 1.75> <CoreInst = "RAM">   --->   Core 81 'RAM' <Latency = 1> <II = 1> <Delay = 1.75> <Storage> <Opcode : 'load' 'store'> <Ports = 2> <Width = 16> <Depth = 8> <RAM>

State 22 <SV = 21> <Delay = 1.75>
ST_22 : Operation 238 [1/2] ( I:0.00ns O:0.00ns )   --->   "%input_r_load_40 = load i6 %input_r_addr_40" [../dct.c:104]   --->   Operation 238 'load' 'input_r_load_40' <Predicate = true> <Delay = 0.00> <CoreInst = "RAM">   --->   Core 81 'RAM' <Latency = 1> <II = 1> <Delay = 2.77> <Storage> <Opcode : 'load' 'store'> <Ports = 2> <Width = 16> <Depth = 64> <RAM>
ST_22 : Operation 239 [1/1] (0.00ns)   --->   "%buf_0_addr_5 = getelementptr i16 %buf_0, i64 0, i64 5" [../dct.c:104]   --->   Operation 239 'getelementptr' 'buf_0_addr_5' <Predicate = true> <Delay = 0.00>
ST_22 : Operation 240 [1/2] ( I:0.00ns O:0.00ns )   --->   "%input_r_load_41 = load i6 %input_r_addr_41" [../dct.c:104]   --->   Operation 240 'load' 'input_r_load_41' <Predicate = true> <Delay = 0.00> <CoreInst = "RAM">   --->   Core 81 'RAM' <Latency = 1> <II = 1> <Delay = 2.77> <Storage> <Opcode : 'load' 'store'> <Ports = 2> <Width = 16> <Depth = 64> <RAM>
ST_22 : Operation 241 [1/1] (0.00ns)   --->   "%buf_1_addr_5 = getelementptr i16 %buf_1, i64 0, i64 5" [../dct.c:104]   --->   Operation 241 'getelementptr' 'buf_1_addr_5' <Predicate = true> <Delay = 0.00>
ST_22 : Operation 242 [1/1] (0.00ns)   --->   "%input_r_addr_42 = getelementptr i16 %input_r, i64 0, i64 42" [../dct.c:104]   --->   Operation 242 'getelementptr' 'input_r_addr_42' <Predicate = true> <Delay = 0.00>
ST_22 : Operation 243 [2/2] (0.00ns)   --->   "%input_r_load_42 = load i6 %input_r_addr_42" [../dct.c:104]   --->   Operation 243 'load' 'input_r_load_42' <Predicate = true> <Delay = 0.00> <CoreInst = "RAM">   --->   Core 81 'RAM' <Latency = 1> <II = 1> <Delay = 2.77> <Storage> <Opcode : 'load' 'store'> <Ports = 2> <Width = 16> <Depth = 64> <RAM>
ST_22 : Operation 244 [1/1] (0.00ns)   --->   "%input_r_addr_43 = getelementptr i16 %input_r, i64 0, i64 43" [../dct.c:104]   --->   Operation 244 'getelementptr' 'input_r_addr_43' <Predicate = true> <Delay = 0.00>
ST_22 : Operation 245 [2/2] (0.00ns)   --->   "%input_r_load_43 = load i6 %input_r_addr_43" [../dct.c:104]   --->   Operation 245 'load' 'input_r_load_43' <Predicate = true> <Delay = 0.00> <CoreInst = "RAM">   --->   Core 81 'RAM' <Latency = 1> <II = 1> <Delay = 2.77> <Storage> <Opcode : 'load' 'store'> <Ports = 2> <Width = 16> <Depth = 64> <RAM>
ST_22 : Operation 246 [1/1] ( I:1.75ns O:1.75ns )   --->   "%store_ln104 = store i16 %input_r_load_40, i3 %buf_0_addr_5" [../dct.c:104]   --->   Operation 246 'store' 'store_ln104' <Predicate = true> <Delay = 1.75> <CoreInst = "RAM">   --->   Core 81 'RAM' <Latency = 1> <II = 1> <Delay = 1.75> <Storage> <Opcode : 'load' 'store'> <Ports = 2> <Width = 16> <Depth = 8> <RAM>
ST_22 : Operation 247 [1/1] ( I:1.75ns O:1.75ns )   --->   "%store_ln104 = store i16 %input_r_load_41, i3 %buf_1_addr_5" [../dct.c:104]   --->   Operation 247 'store' 'store_ln104' <Predicate = true> <Delay = 1.75> <CoreInst = "RAM">   --->   Core 81 'RAM' <Latency = 1> <II = 1> <Delay = 1.75> <Storage> <Opcode : 'load' 'store'> <Ports = 2> <Width = 16> <Depth = 8> <RAM>

State 23 <SV = 22> <Delay = 1.75>
ST_23 : Operation 248 [1/2] ( I:0.00ns O:0.00ns )   --->   "%input_r_load_42 = load i6 %input_r_addr_42" [../dct.c:104]   --->   Operation 248 'load' 'input_r_load_42' <Predicate = true> <Delay = 0.00> <CoreInst = "RAM">   --->   Core 81 'RAM' <Latency = 1> <II = 1> <Delay = 2.77> <Storage> <Opcode : 'load' 'store'> <Ports = 2> <Width = 16> <Depth = 64> <RAM>
ST_23 : Operation 249 [1/1] (0.00ns)   --->   "%buf_2_addr_5 = getelementptr i16 %buf_2, i64 0, i64 5" [../dct.c:104]   --->   Operation 249 'getelementptr' 'buf_2_addr_5' <Predicate = true> <Delay = 0.00>
ST_23 : Operation 250 [1/2] ( I:0.00ns O:0.00ns )   --->   "%input_r_load_43 = load i6 %input_r_addr_43" [../dct.c:104]   --->   Operation 250 'load' 'input_r_load_43' <Predicate = true> <Delay = 0.00> <CoreInst = "RAM">   --->   Core 81 'RAM' <Latency = 1> <II = 1> <Delay = 2.77> <Storage> <Opcode : 'load' 'store'> <Ports = 2> <Width = 16> <Depth = 64> <RAM>
ST_23 : Operation 251 [1/1] (0.00ns)   --->   "%buf_3_addr_5 = getelementptr i16 %buf_3, i64 0, i64 5" [../dct.c:104]   --->   Operation 251 'getelementptr' 'buf_3_addr_5' <Predicate = true> <Delay = 0.00>
ST_23 : Operation 252 [1/1] (0.00ns)   --->   "%input_r_addr_44 = getelementptr i16 %input_r, i64 0, i64 44" [../dct.c:104]   --->   Operation 252 'getelementptr' 'input_r_addr_44' <Predicate = true> <Delay = 0.00>
ST_23 : Operation 253 [2/2] (0.00ns)   --->   "%input_r_load_44 = load i6 %input_r_addr_44" [../dct.c:104]   --->   Operation 253 'load' 'input_r_load_44' <Predicate = true> <Delay = 0.00> <CoreInst = "RAM">   --->   Core 81 'RAM' <Latency = 1> <II = 1> <Delay = 2.77> <Storage> <Opcode : 'load' 'store'> <Ports = 2> <Width = 16> <Depth = 64> <RAM>
ST_23 : Operation 254 [1/1] (0.00ns)   --->   "%input_r_addr_45 = getelementptr i16 %input_r, i64 0, i64 45" [../dct.c:104]   --->   Operation 254 'getelementptr' 'input_r_addr_45' <Predicate = true> <Delay = 0.00>
ST_23 : Operation 255 [2/2] (0.00ns)   --->   "%input_r_load_45 = load i6 %input_r_addr_45" [../dct.c:104]   --->   Operation 255 'load' 'input_r_load_45' <Predicate = true> <Delay = 0.00> <CoreInst = "RAM">   --->   Core 81 'RAM' <Latency = 1> <II = 1> <Delay = 2.77> <Storage> <Opcode : 'load' 'store'> <Ports = 2> <Width = 16> <Depth = 64> <RAM>
ST_23 : Operation 256 [1/1] ( I:1.75ns O:1.75ns )   --->   "%store_ln104 = store i16 %input_r_load_42, i3 %buf_2_addr_5" [../dct.c:104]   --->   Operation 256 'store' 'store_ln104' <Predicate = true> <Delay = 1.75> <CoreInst = "RAM">   --->   Core 81 'RAM' <Latency = 1> <II = 1> <Delay = 1.75> <Storage> <Opcode : 'load' 'store'> <Ports = 2> <Width = 16> <Depth = 8> <RAM>
ST_23 : Operation 257 [1/1] ( I:1.75ns O:1.75ns )   --->   "%store_ln104 = store i16 %input_r_load_43, i3 %buf_3_addr_5" [../dct.c:104]   --->   Operation 257 'store' 'store_ln104' <Predicate = true> <Delay = 1.75> <CoreInst = "RAM">   --->   Core 81 'RAM' <Latency = 1> <II = 1> <Delay = 1.75> <Storage> <Opcode : 'load' 'store'> <Ports = 2> <Width = 16> <Depth = 8> <RAM>

State 24 <SV = 23> <Delay = 1.75>
ST_24 : Operation 258 [1/2] ( I:0.00ns O:0.00ns )   --->   "%input_r_load_44 = load i6 %input_r_addr_44" [../dct.c:104]   --->   Operation 258 'load' 'input_r_load_44' <Predicate = true> <Delay = 0.00> <CoreInst = "RAM">   --->   Core 81 'RAM' <Latency = 1> <II = 1> <Delay = 2.77> <Storage> <Opcode : 'load' 'store'> <Ports = 2> <Width = 16> <Depth = 64> <RAM>
ST_24 : Operation 259 [1/1] (0.00ns)   --->   "%buf_4_addr_5 = getelementptr i16 %buf_4, i64 0, i64 5" [../dct.c:104]   --->   Operation 259 'getelementptr' 'buf_4_addr_5' <Predicate = true> <Delay = 0.00>
ST_24 : Operation 260 [1/2] ( I:0.00ns O:0.00ns )   --->   "%input_r_load_45 = load i6 %input_r_addr_45" [../dct.c:104]   --->   Operation 260 'load' 'input_r_load_45' <Predicate = true> <Delay = 0.00> <CoreInst = "RAM">   --->   Core 81 'RAM' <Latency = 1> <II = 1> <Delay = 2.77> <Storage> <Opcode : 'load' 'store'> <Ports = 2> <Width = 16> <Depth = 64> <RAM>
ST_24 : Operation 261 [1/1] (0.00ns)   --->   "%buf_5_addr_5 = getelementptr i16 %buf_5, i64 0, i64 5" [../dct.c:104]   --->   Operation 261 'getelementptr' 'buf_5_addr_5' <Predicate = true> <Delay = 0.00>
ST_24 : Operation 262 [1/1] (0.00ns)   --->   "%input_r_addr_46 = getelementptr i16 %input_r, i64 0, i64 46" [../dct.c:104]   --->   Operation 262 'getelementptr' 'input_r_addr_46' <Predicate = true> <Delay = 0.00>
ST_24 : Operation 263 [2/2] (0.00ns)   --->   "%input_r_load_46 = load i6 %input_r_addr_46" [../dct.c:104]   --->   Operation 263 'load' 'input_r_load_46' <Predicate = true> <Delay = 0.00> <CoreInst = "RAM">   --->   Core 81 'RAM' <Latency = 1> <II = 1> <Delay = 2.77> <Storage> <Opcode : 'load' 'store'> <Ports = 2> <Width = 16> <Depth = 64> <RAM>
ST_24 : Operation 264 [1/1] (0.00ns)   --->   "%input_r_addr_47 = getelementptr i16 %input_r, i64 0, i64 47" [../dct.c:104]   --->   Operation 264 'getelementptr' 'input_r_addr_47' <Predicate = true> <Delay = 0.00>
ST_24 : Operation 265 [2/2] (0.00ns)   --->   "%input_r_load_47 = load i6 %input_r_addr_47" [../dct.c:104]   --->   Operation 265 'load' 'input_r_load_47' <Predicate = true> <Delay = 0.00> <CoreInst = "RAM">   --->   Core 81 'RAM' <Latency = 1> <II = 1> <Delay = 2.77> <Storage> <Opcode : 'load' 'store'> <Ports = 2> <Width = 16> <Depth = 64> <RAM>
ST_24 : Operation 266 [1/1] ( I:1.75ns O:1.75ns )   --->   "%store_ln104 = store i16 %input_r_load_44, i3 %buf_4_addr_5" [../dct.c:104]   --->   Operation 266 'store' 'store_ln104' <Predicate = true> <Delay = 1.75> <CoreInst = "RAM">   --->   Core 81 'RAM' <Latency = 1> <II = 1> <Delay = 1.75> <Storage> <Opcode : 'load' 'store'> <Ports = 2> <Width = 16> <Depth = 8> <RAM>
ST_24 : Operation 267 [1/1] ( I:1.75ns O:1.75ns )   --->   "%store_ln104 = store i16 %input_r_load_45, i3 %buf_5_addr_5" [../dct.c:104]   --->   Operation 267 'store' 'store_ln104' <Predicate = true> <Delay = 1.75> <CoreInst = "RAM">   --->   Core 81 'RAM' <Latency = 1> <II = 1> <Delay = 1.75> <Storage> <Opcode : 'load' 'store'> <Ports = 2> <Width = 16> <Depth = 8> <RAM>

State 25 <SV = 24> <Delay = 1.75>
ST_25 : Operation 268 [1/2] ( I:0.00ns O:0.00ns )   --->   "%input_r_load_46 = load i6 %input_r_addr_46" [../dct.c:104]   --->   Operation 268 'load' 'input_r_load_46' <Predicate = true> <Delay = 0.00> <CoreInst = "RAM">   --->   Core 81 'RAM' <Latency = 1> <II = 1> <Delay = 2.77> <Storage> <Opcode : 'load' 'store'> <Ports = 2> <Width = 16> <Depth = 64> <RAM>
ST_25 : Operation 269 [1/1] (0.00ns)   --->   "%buf_6_addr_5 = getelementptr i16 %buf_6, i64 0, i64 5" [../dct.c:104]   --->   Operation 269 'getelementptr' 'buf_6_addr_5' <Predicate = true> <Delay = 0.00>
ST_25 : Operation 270 [1/2] ( I:0.00ns O:0.00ns )   --->   "%input_r_load_47 = load i6 %input_r_addr_47" [../dct.c:104]   --->   Operation 270 'load' 'input_r_load_47' <Predicate = true> <Delay = 0.00> <CoreInst = "RAM">   --->   Core 81 'RAM' <Latency = 1> <II = 1> <Delay = 2.77> <Storage> <Opcode : 'load' 'store'> <Ports = 2> <Width = 16> <Depth = 64> <RAM>
ST_25 : Operation 271 [1/1] (0.00ns)   --->   "%buf_7_addr_5 = getelementptr i16 %buf_7, i64 0, i64 5" [../dct.c:104]   --->   Operation 271 'getelementptr' 'buf_7_addr_5' <Predicate = true> <Delay = 0.00>
ST_25 : Operation 272 [1/1] (0.00ns)   --->   "%input_r_addr_48 = getelementptr i16 %input_r, i64 0, i64 48" [../dct.c:104]   --->   Operation 272 'getelementptr' 'input_r_addr_48' <Predicate = true> <Delay = 0.00>
ST_25 : Operation 273 [2/2] (0.00ns)   --->   "%input_r_load_48 = load i6 %input_r_addr_48" [../dct.c:104]   --->   Operation 273 'load' 'input_r_load_48' <Predicate = true> <Delay = 0.00> <CoreInst = "RAM">   --->   Core 81 'RAM' <Latency = 1> <II = 1> <Delay = 2.77> <Storage> <Opcode : 'load' 'store'> <Ports = 2> <Width = 16> <Depth = 64> <RAM>
ST_25 : Operation 274 [1/1] (0.00ns)   --->   "%input_r_addr_49 = getelementptr i16 %input_r, i64 0, i64 49" [../dct.c:104]   --->   Operation 274 'getelementptr' 'input_r_addr_49' <Predicate = true> <Delay = 0.00>
ST_25 : Operation 275 [2/2] (0.00ns)   --->   "%input_r_load_49 = load i6 %input_r_addr_49" [../dct.c:104]   --->   Operation 275 'load' 'input_r_load_49' <Predicate = true> <Delay = 0.00> <CoreInst = "RAM">   --->   Core 81 'RAM' <Latency = 1> <II = 1> <Delay = 2.77> <Storage> <Opcode : 'load' 'store'> <Ports = 2> <Width = 16> <Depth = 64> <RAM>
ST_25 : Operation 276 [1/1] ( I:1.75ns O:1.75ns )   --->   "%store_ln104 = store i16 %input_r_load_46, i3 %buf_6_addr_5" [../dct.c:104]   --->   Operation 276 'store' 'store_ln104' <Predicate = true> <Delay = 1.75> <CoreInst = "RAM">   --->   Core 81 'RAM' <Latency = 1> <II = 1> <Delay = 1.75> <Storage> <Opcode : 'load' 'store'> <Ports = 2> <Width = 16> <Depth = 8> <RAM>
ST_25 : Operation 277 [1/1] ( I:1.75ns O:1.75ns )   --->   "%store_ln104 = store i16 %input_r_load_47, i3 %buf_7_addr_5" [../dct.c:104]   --->   Operation 277 'store' 'store_ln104' <Predicate = true> <Delay = 1.75> <CoreInst = "RAM">   --->   Core 81 'RAM' <Latency = 1> <II = 1> <Delay = 1.75> <Storage> <Opcode : 'load' 'store'> <Ports = 2> <Width = 16> <Depth = 8> <RAM>

State 26 <SV = 25> <Delay = 1.75>
ST_26 : Operation 278 [1/2] ( I:0.00ns O:0.00ns )   --->   "%input_r_load_48 = load i6 %input_r_addr_48" [../dct.c:104]   --->   Operation 278 'load' 'input_r_load_48' <Predicate = true> <Delay = 0.00> <CoreInst = "RAM">   --->   Core 81 'RAM' <Latency = 1> <II = 1> <Delay = 2.77> <Storage> <Opcode : 'load' 'store'> <Ports = 2> <Width = 16> <Depth = 64> <RAM>
ST_26 : Operation 279 [1/1] (0.00ns)   --->   "%buf_0_addr_6 = getelementptr i16 %buf_0, i64 0, i64 6" [../dct.c:104]   --->   Operation 279 'getelementptr' 'buf_0_addr_6' <Predicate = true> <Delay = 0.00>
ST_26 : Operation 280 [1/2] ( I:0.00ns O:0.00ns )   --->   "%input_r_load_49 = load i6 %input_r_addr_49" [../dct.c:104]   --->   Operation 280 'load' 'input_r_load_49' <Predicate = true> <Delay = 0.00> <CoreInst = "RAM">   --->   Core 81 'RAM' <Latency = 1> <II = 1> <Delay = 2.77> <Storage> <Opcode : 'load' 'store'> <Ports = 2> <Width = 16> <Depth = 64> <RAM>
ST_26 : Operation 281 [1/1] (0.00ns)   --->   "%buf_1_addr_6 = getelementptr i16 %buf_1, i64 0, i64 6" [../dct.c:104]   --->   Operation 281 'getelementptr' 'buf_1_addr_6' <Predicate = true> <Delay = 0.00>
ST_26 : Operation 282 [1/1] (0.00ns)   --->   "%input_r_addr_50 = getelementptr i16 %input_r, i64 0, i64 50" [../dct.c:104]   --->   Operation 282 'getelementptr' 'input_r_addr_50' <Predicate = true> <Delay = 0.00>
ST_26 : Operation 283 [2/2] (0.00ns)   --->   "%input_r_load_50 = load i6 %input_r_addr_50" [../dct.c:104]   --->   Operation 283 'load' 'input_r_load_50' <Predicate = true> <Delay = 0.00> <CoreInst = "RAM">   --->   Core 81 'RAM' <Latency = 1> <II = 1> <Delay = 2.77> <Storage> <Opcode : 'load' 'store'> <Ports = 2> <Width = 16> <Depth = 64> <RAM>
ST_26 : Operation 284 [1/1] (0.00ns)   --->   "%input_r_addr_51 = getelementptr i16 %input_r, i64 0, i64 51" [../dct.c:104]   --->   Operation 284 'getelementptr' 'input_r_addr_51' <Predicate = true> <Delay = 0.00>
ST_26 : Operation 285 [2/2] (0.00ns)   --->   "%input_r_load_51 = load i6 %input_r_addr_51" [../dct.c:104]   --->   Operation 285 'load' 'input_r_load_51' <Predicate = true> <Delay = 0.00> <CoreInst = "RAM">   --->   Core 81 'RAM' <Latency = 1> <II = 1> <Delay = 2.77> <Storage> <Opcode : 'load' 'store'> <Ports = 2> <Width = 16> <Depth = 64> <RAM>
ST_26 : Operation 286 [1/1] ( I:1.75ns O:1.75ns )   --->   "%store_ln104 = store i16 %input_r_load_48, i3 %buf_0_addr_6" [../dct.c:104]   --->   Operation 286 'store' 'store_ln104' <Predicate = true> <Delay = 1.75> <CoreInst = "RAM">   --->   Core 81 'RAM' <Latency = 1> <II = 1> <Delay = 1.75> <Storage> <Opcode : 'load' 'store'> <Ports = 2> <Width = 16> <Depth = 8> <RAM>
ST_26 : Operation 287 [1/1] ( I:1.75ns O:1.75ns )   --->   "%store_ln104 = store i16 %input_r_load_49, i3 %buf_1_addr_6" [../dct.c:104]   --->   Operation 287 'store' 'store_ln104' <Predicate = true> <Delay = 1.75> <CoreInst = "RAM">   --->   Core 81 'RAM' <Latency = 1> <II = 1> <Delay = 1.75> <Storage> <Opcode : 'load' 'store'> <Ports = 2> <Width = 16> <Depth = 8> <RAM>

State 27 <SV = 26> <Delay = 1.75>
ST_27 : Operation 288 [1/2] ( I:0.00ns O:0.00ns )   --->   "%input_r_load_50 = load i6 %input_r_addr_50" [../dct.c:104]   --->   Operation 288 'load' 'input_r_load_50' <Predicate = true> <Delay = 0.00> <CoreInst = "RAM">   --->   Core 81 'RAM' <Latency = 1> <II = 1> <Delay = 2.77> <Storage> <Opcode : 'load' 'store'> <Ports = 2> <Width = 16> <Depth = 64> <RAM>
ST_27 : Operation 289 [1/1] (0.00ns)   --->   "%buf_2_addr_6 = getelementptr i16 %buf_2, i64 0, i64 6" [../dct.c:104]   --->   Operation 289 'getelementptr' 'buf_2_addr_6' <Predicate = true> <Delay = 0.00>
ST_27 : Operation 290 [1/2] ( I:0.00ns O:0.00ns )   --->   "%input_r_load_51 = load i6 %input_r_addr_51" [../dct.c:104]   --->   Operation 290 'load' 'input_r_load_51' <Predicate = true> <Delay = 0.00> <CoreInst = "RAM">   --->   Core 81 'RAM' <Latency = 1> <II = 1> <Delay = 2.77> <Storage> <Opcode : 'load' 'store'> <Ports = 2> <Width = 16> <Depth = 64> <RAM>
ST_27 : Operation 291 [1/1] (0.00ns)   --->   "%buf_3_addr_6 = getelementptr i16 %buf_3, i64 0, i64 6" [../dct.c:104]   --->   Operation 291 'getelementptr' 'buf_3_addr_6' <Predicate = true> <Delay = 0.00>
ST_27 : Operation 292 [1/1] (0.00ns)   --->   "%input_r_addr_52 = getelementptr i16 %input_r, i64 0, i64 52" [../dct.c:104]   --->   Operation 292 'getelementptr' 'input_r_addr_52' <Predicate = true> <Delay = 0.00>
ST_27 : Operation 293 [2/2] (0.00ns)   --->   "%input_r_load_52 = load i6 %input_r_addr_52" [../dct.c:104]   --->   Operation 293 'load' 'input_r_load_52' <Predicate = true> <Delay = 0.00> <CoreInst = "RAM">   --->   Core 81 'RAM' <Latency = 1> <II = 1> <Delay = 2.77> <Storage> <Opcode : 'load' 'store'> <Ports = 2> <Width = 16> <Depth = 64> <RAM>
ST_27 : Operation 294 [1/1] (0.00ns)   --->   "%input_r_addr_53 = getelementptr i16 %input_r, i64 0, i64 53" [../dct.c:104]   --->   Operation 294 'getelementptr' 'input_r_addr_53' <Predicate = true> <Delay = 0.00>
ST_27 : Operation 295 [2/2] (0.00ns)   --->   "%input_r_load_53 = load i6 %input_r_addr_53" [../dct.c:104]   --->   Operation 295 'load' 'input_r_load_53' <Predicate = true> <Delay = 0.00> <CoreInst = "RAM">   --->   Core 81 'RAM' <Latency = 1> <II = 1> <Delay = 2.77> <Storage> <Opcode : 'load' 'store'> <Ports = 2> <Width = 16> <Depth = 64> <RAM>
ST_27 : Operation 296 [1/1] ( I:1.75ns O:1.75ns )   --->   "%store_ln104 = store i16 %input_r_load_50, i3 %buf_2_addr_6" [../dct.c:104]   --->   Operation 296 'store' 'store_ln104' <Predicate = true> <Delay = 1.75> <CoreInst = "RAM">   --->   Core 81 'RAM' <Latency = 1> <II = 1> <Delay = 1.75> <Storage> <Opcode : 'load' 'store'> <Ports = 2> <Width = 16> <Depth = 8> <RAM>
ST_27 : Operation 297 [1/1] ( I:1.75ns O:1.75ns )   --->   "%store_ln104 = store i16 %input_r_load_51, i3 %buf_3_addr_6" [../dct.c:104]   --->   Operation 297 'store' 'store_ln104' <Predicate = true> <Delay = 1.75> <CoreInst = "RAM">   --->   Core 81 'RAM' <Latency = 1> <II = 1> <Delay = 1.75> <Storage> <Opcode : 'load' 'store'> <Ports = 2> <Width = 16> <Depth = 8> <RAM>

State 28 <SV = 27> <Delay = 1.75>
ST_28 : Operation 298 [1/2] ( I:0.00ns O:0.00ns )   --->   "%input_r_load_52 = load i6 %input_r_addr_52" [../dct.c:104]   --->   Operation 298 'load' 'input_r_load_52' <Predicate = true> <Delay = 0.00> <CoreInst = "RAM">   --->   Core 81 'RAM' <Latency = 1> <II = 1> <Delay = 2.77> <Storage> <Opcode : 'load' 'store'> <Ports = 2> <Width = 16> <Depth = 64> <RAM>
ST_28 : Operation 299 [1/1] (0.00ns)   --->   "%buf_4_addr_6 = getelementptr i16 %buf_4, i64 0, i64 6" [../dct.c:104]   --->   Operation 299 'getelementptr' 'buf_4_addr_6' <Predicate = true> <Delay = 0.00>
ST_28 : Operation 300 [1/2] ( I:0.00ns O:0.00ns )   --->   "%input_r_load_53 = load i6 %input_r_addr_53" [../dct.c:104]   --->   Operation 300 'load' 'input_r_load_53' <Predicate = true> <Delay = 0.00> <CoreInst = "RAM">   --->   Core 81 'RAM' <Latency = 1> <II = 1> <Delay = 2.77> <Storage> <Opcode : 'load' 'store'> <Ports = 2> <Width = 16> <Depth = 64> <RAM>
ST_28 : Operation 301 [1/1] (0.00ns)   --->   "%buf_5_addr_6 = getelementptr i16 %buf_5, i64 0, i64 6" [../dct.c:104]   --->   Operation 301 'getelementptr' 'buf_5_addr_6' <Predicate = true> <Delay = 0.00>
ST_28 : Operation 302 [1/1] (0.00ns)   --->   "%input_r_addr_54 = getelementptr i16 %input_r, i64 0, i64 54" [../dct.c:104]   --->   Operation 302 'getelementptr' 'input_r_addr_54' <Predicate = true> <Delay = 0.00>
ST_28 : Operation 303 [2/2] (0.00ns)   --->   "%input_r_load_54 = load i6 %input_r_addr_54" [../dct.c:104]   --->   Operation 303 'load' 'input_r_load_54' <Predicate = true> <Delay = 0.00> <CoreInst = "RAM">   --->   Core 81 'RAM' <Latency = 1> <II = 1> <Delay = 2.77> <Storage> <Opcode : 'load' 'store'> <Ports = 2> <Width = 16> <Depth = 64> <RAM>
ST_28 : Operation 304 [1/1] (0.00ns)   --->   "%input_r_addr_55 = getelementptr i16 %input_r, i64 0, i64 55" [../dct.c:104]   --->   Operation 304 'getelementptr' 'input_r_addr_55' <Predicate = true> <Delay = 0.00>
ST_28 : Operation 305 [2/2] (0.00ns)   --->   "%input_r_load_55 = load i6 %input_r_addr_55" [../dct.c:104]   --->   Operation 305 'load' 'input_r_load_55' <Predicate = true> <Delay = 0.00> <CoreInst = "RAM">   --->   Core 81 'RAM' <Latency = 1> <II = 1> <Delay = 2.77> <Storage> <Opcode : 'load' 'store'> <Ports = 2> <Width = 16> <Depth = 64> <RAM>
ST_28 : Operation 306 [1/1] ( I:1.75ns O:1.75ns )   --->   "%store_ln104 = store i16 %input_r_load_52, i3 %buf_4_addr_6" [../dct.c:104]   --->   Operation 306 'store' 'store_ln104' <Predicate = true> <Delay = 1.75> <CoreInst = "RAM">   --->   Core 81 'RAM' <Latency = 1> <II = 1> <Delay = 1.75> <Storage> <Opcode : 'load' 'store'> <Ports = 2> <Width = 16> <Depth = 8> <RAM>
ST_28 : Operation 307 [1/1] ( I:1.75ns O:1.75ns )   --->   "%store_ln104 = store i16 %input_r_load_53, i3 %buf_5_addr_6" [../dct.c:104]   --->   Operation 307 'store' 'store_ln104' <Predicate = true> <Delay = 1.75> <CoreInst = "RAM">   --->   Core 81 'RAM' <Latency = 1> <II = 1> <Delay = 1.75> <Storage> <Opcode : 'load' 'store'> <Ports = 2> <Width = 16> <Depth = 8> <RAM>

State 29 <SV = 28> <Delay = 1.75>
ST_29 : Operation 308 [1/2] ( I:0.00ns O:0.00ns )   --->   "%input_r_load_54 = load i6 %input_r_addr_54" [../dct.c:104]   --->   Operation 308 'load' 'input_r_load_54' <Predicate = true> <Delay = 0.00> <CoreInst = "RAM">   --->   Core 81 'RAM' <Latency = 1> <II = 1> <Delay = 2.77> <Storage> <Opcode : 'load' 'store'> <Ports = 2> <Width = 16> <Depth = 64> <RAM>
ST_29 : Operation 309 [1/1] (0.00ns)   --->   "%buf_6_addr_6 = getelementptr i16 %buf_6, i64 0, i64 6" [../dct.c:104]   --->   Operation 309 'getelementptr' 'buf_6_addr_6' <Predicate = true> <Delay = 0.00>
ST_29 : Operation 310 [1/2] ( I:0.00ns O:0.00ns )   --->   "%input_r_load_55 = load i6 %input_r_addr_55" [../dct.c:104]   --->   Operation 310 'load' 'input_r_load_55' <Predicate = true> <Delay = 0.00> <CoreInst = "RAM">   --->   Core 81 'RAM' <Latency = 1> <II = 1> <Delay = 2.77> <Storage> <Opcode : 'load' 'store'> <Ports = 2> <Width = 16> <Depth = 64> <RAM>
ST_29 : Operation 311 [1/1] (0.00ns)   --->   "%buf_7_addr_6 = getelementptr i16 %buf_7, i64 0, i64 6" [../dct.c:104]   --->   Operation 311 'getelementptr' 'buf_7_addr_6' <Predicate = true> <Delay = 0.00>
ST_29 : Operation 312 [1/1] (0.00ns)   --->   "%input_r_addr_56 = getelementptr i16 %input_r, i64 0, i64 56" [../dct.c:104]   --->   Operation 312 'getelementptr' 'input_r_addr_56' <Predicate = true> <Delay = 0.00>
ST_29 : Operation 313 [2/2] (0.00ns)   --->   "%input_r_load_56 = load i6 %input_r_addr_56" [../dct.c:104]   --->   Operation 313 'load' 'input_r_load_56' <Predicate = true> <Delay = 0.00> <CoreInst = "RAM">   --->   Core 81 'RAM' <Latency = 1> <II = 1> <Delay = 2.77> <Storage> <Opcode : 'load' 'store'> <Ports = 2> <Width = 16> <Depth = 64> <RAM>
ST_29 : Operation 314 [1/1] (0.00ns)   --->   "%input_r_addr_57 = getelementptr i16 %input_r, i64 0, i64 57" [../dct.c:104]   --->   Operation 314 'getelementptr' 'input_r_addr_57' <Predicate = true> <Delay = 0.00>
ST_29 : Operation 315 [2/2] (0.00ns)   --->   "%input_r_load_57 = load i6 %input_r_addr_57" [../dct.c:104]   --->   Operation 315 'load' 'input_r_load_57' <Predicate = true> <Delay = 0.00> <CoreInst = "RAM">   --->   Core 81 'RAM' <Latency = 1> <II = 1> <Delay = 2.77> <Storage> <Opcode : 'load' 'store'> <Ports = 2> <Width = 16> <Depth = 64> <RAM>
ST_29 : Operation 316 [1/1] ( I:1.75ns O:1.75ns )   --->   "%store_ln104 = store i16 %input_r_load_54, i3 %buf_6_addr_6" [../dct.c:104]   --->   Operation 316 'store' 'store_ln104' <Predicate = true> <Delay = 1.75> <CoreInst = "RAM">   --->   Core 81 'RAM' <Latency = 1> <II = 1> <Delay = 1.75> <Storage> <Opcode : 'load' 'store'> <Ports = 2> <Width = 16> <Depth = 8> <RAM>
ST_29 : Operation 317 [1/1] ( I:1.75ns O:1.75ns )   --->   "%store_ln104 = store i16 %input_r_load_55, i3 %buf_7_addr_6" [../dct.c:104]   --->   Operation 317 'store' 'store_ln104' <Predicate = true> <Delay = 1.75> <CoreInst = "RAM">   --->   Core 81 'RAM' <Latency = 1> <II = 1> <Delay = 1.75> <Storage> <Opcode : 'load' 'store'> <Ports = 2> <Width = 16> <Depth = 8> <RAM>

State 30 <SV = 29> <Delay = 1.75>
ST_30 : Operation 318 [1/2] ( I:0.00ns O:0.00ns )   --->   "%input_r_load_56 = load i6 %input_r_addr_56" [../dct.c:104]   --->   Operation 318 'load' 'input_r_load_56' <Predicate = true> <Delay = 0.00> <CoreInst = "RAM">   --->   Core 81 'RAM' <Latency = 1> <II = 1> <Delay = 2.77> <Storage> <Opcode : 'load' 'store'> <Ports = 2> <Width = 16> <Depth = 64> <RAM>
ST_30 : Operation 319 [1/1] (0.00ns)   --->   "%buf_0_addr_7 = getelementptr i16 %buf_0, i64 0, i64 7" [../dct.c:104]   --->   Operation 319 'getelementptr' 'buf_0_addr_7' <Predicate = true> <Delay = 0.00>
ST_30 : Operation 320 [1/2] ( I:0.00ns O:0.00ns )   --->   "%input_r_load_57 = load i6 %input_r_addr_57" [../dct.c:104]   --->   Operation 320 'load' 'input_r_load_57' <Predicate = true> <Delay = 0.00> <CoreInst = "RAM">   --->   Core 81 'RAM' <Latency = 1> <II = 1> <Delay = 2.77> <Storage> <Opcode : 'load' 'store'> <Ports = 2> <Width = 16> <Depth = 64> <RAM>
ST_30 : Operation 321 [1/1] (0.00ns)   --->   "%buf_1_addr_7 = getelementptr i16 %buf_1, i64 0, i64 7" [../dct.c:104]   --->   Operation 321 'getelementptr' 'buf_1_addr_7' <Predicate = true> <Delay = 0.00>
ST_30 : Operation 322 [1/1] (0.00ns)   --->   "%input_r_addr_58 = getelementptr i16 %input_r, i64 0, i64 58" [../dct.c:104]   --->   Operation 322 'getelementptr' 'input_r_addr_58' <Predicate = true> <Delay = 0.00>
ST_30 : Operation 323 [2/2] (0.00ns)   --->   "%input_r_load_58 = load i6 %input_r_addr_58" [../dct.c:104]   --->   Operation 323 'load' 'input_r_load_58' <Predicate = true> <Delay = 0.00> <CoreInst = "RAM">   --->   Core 81 'RAM' <Latency = 1> <II = 1> <Delay = 2.77> <Storage> <Opcode : 'load' 'store'> <Ports = 2> <Width = 16> <Depth = 64> <RAM>
ST_30 : Operation 324 [1/1] (0.00ns)   --->   "%input_r_addr_59 = getelementptr i16 %input_r, i64 0, i64 59" [../dct.c:104]   --->   Operation 324 'getelementptr' 'input_r_addr_59' <Predicate = true> <Delay = 0.00>
ST_30 : Operation 325 [2/2] (0.00ns)   --->   "%input_r_load_59 = load i6 %input_r_addr_59" [../dct.c:104]   --->   Operation 325 'load' 'input_r_load_59' <Predicate = true> <Delay = 0.00> <CoreInst = "RAM">   --->   Core 81 'RAM' <Latency = 1> <II = 1> <Delay = 2.77> <Storage> <Opcode : 'load' 'store'> <Ports = 2> <Width = 16> <Depth = 64> <RAM>
ST_30 : Operation 326 [1/1] ( I:1.75ns O:1.75ns )   --->   "%store_ln104 = store i16 %input_r_load_56, i3 %buf_0_addr_7" [../dct.c:104]   --->   Operation 326 'store' 'store_ln104' <Predicate = true> <Delay = 1.75> <CoreInst = "RAM">   --->   Core 81 'RAM' <Latency = 1> <II = 1> <Delay = 1.75> <Storage> <Opcode : 'load' 'store'> <Ports = 2> <Width = 16> <Depth = 8> <RAM>
ST_30 : Operation 327 [1/1] ( I:1.75ns O:1.75ns )   --->   "%store_ln104 = store i16 %input_r_load_57, i3 %buf_1_addr_7" [../dct.c:104]   --->   Operation 327 'store' 'store_ln104' <Predicate = true> <Delay = 1.75> <CoreInst = "RAM">   --->   Core 81 'RAM' <Latency = 1> <II = 1> <Delay = 1.75> <Storage> <Opcode : 'load' 'store'> <Ports = 2> <Width = 16> <Depth = 8> <RAM>

State 31 <SV = 30> <Delay = 1.75>
ST_31 : Operation 328 [1/2] ( I:0.00ns O:0.00ns )   --->   "%input_r_load_58 = load i6 %input_r_addr_58" [../dct.c:104]   --->   Operation 328 'load' 'input_r_load_58' <Predicate = true> <Delay = 0.00> <CoreInst = "RAM">   --->   Core 81 'RAM' <Latency = 1> <II = 1> <Delay = 2.77> <Storage> <Opcode : 'load' 'store'> <Ports = 2> <Width = 16> <Depth = 64> <RAM>
ST_31 : Operation 329 [1/1] (0.00ns)   --->   "%buf_2_addr_7 = getelementptr i16 %buf_2, i64 0, i64 7" [../dct.c:104]   --->   Operation 329 'getelementptr' 'buf_2_addr_7' <Predicate = true> <Delay = 0.00>
ST_31 : Operation 330 [1/2] ( I:0.00ns O:0.00ns )   --->   "%input_r_load_59 = load i6 %input_r_addr_59" [../dct.c:104]   --->   Operation 330 'load' 'input_r_load_59' <Predicate = true> <Delay = 0.00> <CoreInst = "RAM">   --->   Core 81 'RAM' <Latency = 1> <II = 1> <Delay = 2.77> <Storage> <Opcode : 'load' 'store'> <Ports = 2> <Width = 16> <Depth = 64> <RAM>
ST_31 : Operation 331 [1/1] (0.00ns)   --->   "%buf_3_addr_7 = getelementptr i16 %buf_3, i64 0, i64 7" [../dct.c:104]   --->   Operation 331 'getelementptr' 'buf_3_addr_7' <Predicate = true> <Delay = 0.00>
ST_31 : Operation 332 [1/1] (0.00ns)   --->   "%input_r_addr_60 = getelementptr i16 %input_r, i64 0, i64 60" [../dct.c:104]   --->   Operation 332 'getelementptr' 'input_r_addr_60' <Predicate = true> <Delay = 0.00>
ST_31 : Operation 333 [2/2] (0.00ns)   --->   "%input_r_load_60 = load i6 %input_r_addr_60" [../dct.c:104]   --->   Operation 333 'load' 'input_r_load_60' <Predicate = true> <Delay = 0.00> <CoreInst = "RAM">   --->   Core 81 'RAM' <Latency = 1> <II = 1> <Delay = 2.77> <Storage> <Opcode : 'load' 'store'> <Ports = 2> <Width = 16> <Depth = 64> <RAM>
ST_31 : Operation 334 [1/1] (0.00ns)   --->   "%input_r_addr_61 = getelementptr i16 %input_r, i64 0, i64 61" [../dct.c:104]   --->   Operation 334 'getelementptr' 'input_r_addr_61' <Predicate = true> <Delay = 0.00>
ST_31 : Operation 335 [2/2] (0.00ns)   --->   "%input_r_load_61 = load i6 %input_r_addr_61" [../dct.c:104]   --->   Operation 335 'load' 'input_r_load_61' <Predicate = true> <Delay = 0.00> <CoreInst = "RAM">   --->   Core 81 'RAM' <Latency = 1> <II = 1> <Delay = 2.77> <Storage> <Opcode : 'load' 'store'> <Ports = 2> <Width = 16> <Depth = 64> <RAM>
ST_31 : Operation 336 [1/1] ( I:1.75ns O:1.75ns )   --->   "%store_ln104 = store i16 %input_r_load_58, i3 %buf_2_addr_7" [../dct.c:104]   --->   Operation 336 'store' 'store_ln104' <Predicate = true> <Delay = 1.75> <CoreInst = "RAM">   --->   Core 81 'RAM' <Latency = 1> <II = 1> <Delay = 1.75> <Storage> <Opcode : 'load' 'store'> <Ports = 2> <Width = 16> <Depth = 8> <RAM>
ST_31 : Operation 337 [1/1] ( I:1.75ns O:1.75ns )   --->   "%store_ln104 = store i16 %input_r_load_59, i3 %buf_3_addr_7" [../dct.c:104]   --->   Operation 337 'store' 'store_ln104' <Predicate = true> <Delay = 1.75> <CoreInst = "RAM">   --->   Core 81 'RAM' <Latency = 1> <II = 1> <Delay = 1.75> <Storage> <Opcode : 'load' 'store'> <Ports = 2> <Width = 16> <Depth = 8> <RAM>

State 32 <SV = 31> <Delay = 1.75>
ST_32 : Operation 338 [1/2] ( I:0.00ns O:0.00ns )   --->   "%input_r_load_60 = load i6 %input_r_addr_60" [../dct.c:104]   --->   Operation 338 'load' 'input_r_load_60' <Predicate = true> <Delay = 0.00> <CoreInst = "RAM">   --->   Core 81 'RAM' <Latency = 1> <II = 1> <Delay = 2.77> <Storage> <Opcode : 'load' 'store'> <Ports = 2> <Width = 16> <Depth = 64> <RAM>
ST_32 : Operation 339 [1/1] (0.00ns)   --->   "%buf_4_addr_7 = getelementptr i16 %buf_4, i64 0, i64 7" [../dct.c:104]   --->   Operation 339 'getelementptr' 'buf_4_addr_7' <Predicate = true> <Delay = 0.00>
ST_32 : Operation 340 [1/2] ( I:0.00ns O:0.00ns )   --->   "%input_r_load_61 = load i6 %input_r_addr_61" [../dct.c:104]   --->   Operation 340 'load' 'input_r_load_61' <Predicate = true> <Delay = 0.00> <CoreInst = "RAM">   --->   Core 81 'RAM' <Latency = 1> <II = 1> <Delay = 2.77> <Storage> <Opcode : 'load' 'store'> <Ports = 2> <Width = 16> <Depth = 64> <RAM>
ST_32 : Operation 341 [1/1] (0.00ns)   --->   "%buf_5_addr_7 = getelementptr i16 %buf_5, i64 0, i64 7" [../dct.c:104]   --->   Operation 341 'getelementptr' 'buf_5_addr_7' <Predicate = true> <Delay = 0.00>
ST_32 : Operation 342 [1/1] (0.00ns)   --->   "%input_r_addr_62 = getelementptr i16 %input_r, i64 0, i64 62" [../dct.c:104]   --->   Operation 342 'getelementptr' 'input_r_addr_62' <Predicate = true> <Delay = 0.00>
ST_32 : Operation 343 [2/2] (0.00ns)   --->   "%input_r_load_62 = load i6 %input_r_addr_62" [../dct.c:104]   --->   Operation 343 'load' 'input_r_load_62' <Predicate = true> <Delay = 0.00> <CoreInst = "RAM">   --->   Core 81 'RAM' <Latency = 1> <II = 1> <Delay = 2.77> <Storage> <Opcode : 'load' 'store'> <Ports = 2> <Width = 16> <Depth = 64> <RAM>
ST_32 : Operation 344 [1/1] (0.00ns)   --->   "%input_r_addr_63 = getelementptr i16 %input_r, i64 0, i64 63" [../dct.c:104]   --->   Operation 344 'getelementptr' 'input_r_addr_63' <Predicate = true> <Delay = 0.00>
ST_32 : Operation 345 [2/2] (0.00ns)   --->   "%input_r_load_63 = load i6 %input_r_addr_63" [../dct.c:104]   --->   Operation 345 'load' 'input_r_load_63' <Predicate = true> <Delay = 0.00> <CoreInst = "RAM">   --->   Core 81 'RAM' <Latency = 1> <II = 1> <Delay = 2.77> <Storage> <Opcode : 'load' 'store'> <Ports = 2> <Width = 16> <Depth = 64> <RAM>
ST_32 : Operation 346 [1/1] ( I:1.75ns O:1.75ns )   --->   "%store_ln104 = store i16 %input_r_load_60, i3 %buf_4_addr_7" [../dct.c:104]   --->   Operation 346 'store' 'store_ln104' <Predicate = true> <Delay = 1.75> <CoreInst = "RAM">   --->   Core 81 'RAM' <Latency = 1> <II = 1> <Delay = 1.75> <Storage> <Opcode : 'load' 'store'> <Ports = 2> <Width = 16> <Depth = 8> <RAM>
ST_32 : Operation 347 [1/1] ( I:1.75ns O:1.75ns )   --->   "%store_ln104 = store i16 %input_r_load_61, i3 %buf_5_addr_7" [../dct.c:104]   --->   Operation 347 'store' 'store_ln104' <Predicate = true> <Delay = 1.75> <CoreInst = "RAM">   --->   Core 81 'RAM' <Latency = 1> <II = 1> <Delay = 1.75> <Storage> <Opcode : 'load' 'store'> <Ports = 2> <Width = 16> <Depth = 8> <RAM>

State 33 <SV = 32> <Delay = 1.75>
ST_33 : Operation 348 [1/1] (0.00ns)   --->   "%specinterface_ln0 = specinterface void @_ssdm_op_SpecInterface, i16 %input_r, void @empty, i32 0, i32 0, void @empty_0, i32 4294967295, i32 0, void @empty_0, void @empty_0, void @empty_0, i32 0, i32 0, i32 0, i32 0, void @empty_0, void @empty_0, i32 4294967295, i32 0, i32 0, i32 0"   --->   Operation 348 'specinterface' 'specinterface_ln0' <Predicate = true> <Delay = 0.00>
ST_33 : Operation 349 [1/1] (0.00ns)   --->   "%specpipeline_ln98 = specpipeline void @_ssdm_op_SpecPipeline, i32 1, i32 0, i32 0, i32 0, i32 4294967295, void @empty_0" [../dct.c:98]   --->   Operation 349 'specpipeline' 'specpipeline_ln98' <Predicate = true> <Delay = 0.00>
ST_33 : Operation 350 [1/2] ( I:0.00ns O:0.00ns )   --->   "%input_r_load_62 = load i6 %input_r_addr_62" [../dct.c:104]   --->   Operation 350 'load' 'input_r_load_62' <Predicate = true> <Delay = 0.00> <CoreInst = "RAM">   --->   Core 81 'RAM' <Latency = 1> <II = 1> <Delay = 2.77> <Storage> <Opcode : 'load' 'store'> <Ports = 2> <Width = 16> <Depth = 64> <RAM>
ST_33 : Operation 351 [1/1] (0.00ns)   --->   "%buf_6_addr_7 = getelementptr i16 %buf_6, i64 0, i64 7" [../dct.c:104]   --->   Operation 351 'getelementptr' 'buf_6_addr_7' <Predicate = true> <Delay = 0.00>
ST_33 : Operation 352 [1/2] ( I:0.00ns O:0.00ns )   --->   "%input_r_load_63 = load i6 %input_r_addr_63" [../dct.c:104]   --->   Operation 352 'load' 'input_r_load_63' <Predicate = true> <Delay = 0.00> <CoreInst = "RAM">   --->   Core 81 'RAM' <Latency = 1> <II = 1> <Delay = 2.77> <Storage> <Opcode : 'load' 'store'> <Ports = 2> <Width = 16> <Depth = 64> <RAM>
ST_33 : Operation 353 [1/1] (0.00ns)   --->   "%buf_7_addr_7 = getelementptr i16 %buf_7, i64 0, i64 7" [../dct.c:104]   --->   Operation 353 'getelementptr' 'buf_7_addr_7' <Predicate = true> <Delay = 0.00>
ST_33 : Operation 354 [1/1] ( I:1.75ns O:1.75ns )   --->   "%store_ln104 = store i16 %input_r_load_62, i3 %buf_6_addr_7" [../dct.c:104]   --->   Operation 354 'store' 'store_ln104' <Predicate = true> <Delay = 1.75> <CoreInst = "RAM">   --->   Core 81 'RAM' <Latency = 1> <II = 1> <Delay = 1.75> <Storage> <Opcode : 'load' 'store'> <Ports = 2> <Width = 16> <Depth = 8> <RAM>
ST_33 : Operation 355 [1/1] ( I:1.75ns O:1.75ns )   --->   "%store_ln104 = store i16 %input_r_load_63, i3 %buf_7_addr_7" [../dct.c:104]   --->   Operation 355 'store' 'store_ln104' <Predicate = true> <Delay = 1.75> <CoreInst = "RAM">   --->   Core 81 'RAM' <Latency = 1> <II = 1> <Delay = 1.75> <Storage> <Opcode : 'load' 'store'> <Ports = 2> <Width = 16> <Depth = 8> <RAM>
ST_33 : Operation 356 [1/1] (0.00ns)   --->   "%ret_ln106 = ret" [../dct.c:106]   --->   Operation 356 'ret' 'ret_ln106' <Predicate = true> <Delay = 0.00>


============================================================
+ Verbose Summary: Timing violations
============================================================
Target clock period: 10.000ns, clock uncertainty: 2.700ns.

 <State 1>: 0.000ns
The critical path consists of the following:

 <State 2>: 1.755ns
The critical path consists of the following:
	'load' operation 16 bit ('input_r_load', ../dct.c:104) on array 'input_r' [13]  (0.000 ns)
	'store' operation ('store_ln104', ../dct.c:104) of variable 'input_r_load', ../dct.c:104 16 bit on array 'buf_0' [204]  (1.755 ns)

 <State 3>: 1.755ns
The critical path consists of the following:
	'load' operation 16 bit ('input_r_load_2', ../dct.c:104) on array 'input_r' [19]  (0.000 ns)
	'store' operation ('store_ln104', ../dct.c:104) of variable 'input_r_load_2', ../dct.c:104 16 bit on array 'buf_2' [206]  (1.755 ns)

 <State 4>: 1.755ns
The critical path consists of the following:
	'load' operation 16 bit ('input_r_load_4', ../dct.c:104) on array 'input_r' [25]  (0.000 ns)
	'store' operation ('store_ln104', ../dct.c:104) of variable 'input_r_load_4', ../dct.c:104 16 bit on array 'buf_4' [208]  (1.755 ns)

 <State 5>: 1.755ns
The critical path consists of the following:
	'load' operation 16 bit ('input_r_load_6', ../dct.c:104) on array 'input_r' [31]  (0.000 ns)
	'store' operation ('store_ln104', ../dct.c:104) of variable 'input_r_load_6', ../dct.c:104 16 bit on array 'buf_6' [210]  (1.755 ns)

 <State 6>: 1.755ns
The critical path consists of the following:
	'load' operation 16 bit ('input_r_load_8', ../dct.c:104) on array 'input_r' [37]  (0.000 ns)
	'store' operation ('store_ln104', ../dct.c:104) of variable 'input_r_load_8', ../dct.c:104 16 bit on array 'buf_0' [212]  (1.755 ns)

 <State 7>: 1.755ns
The critical path consists of the following:
	'load' operation 16 bit ('input_r_load_10', ../dct.c:104) on array 'input_r' [43]  (0.000 ns)
	'store' operation ('store_ln104', ../dct.c:104) of variable 'input_r_load_10', ../dct.c:104 16 bit on array 'buf_2' [214]  (1.755 ns)

 <State 8>: 1.755ns
The critical path consists of the following:
	'load' operation 16 bit ('input_r_load_12', ../dct.c:104) on array 'input_r' [49]  (0.000 ns)
	'store' operation ('store_ln104', ../dct.c:104) of variable 'input_r_load_12', ../dct.c:104 16 bit on array 'buf_4' [216]  (1.755 ns)

 <State 9>: 1.755ns
The critical path consists of the following:
	'load' operation 16 bit ('input_r_load_14', ../dct.c:104) on array 'input_r' [55]  (0.000 ns)
	'store' operation ('store_ln104', ../dct.c:104) of variable 'input_r_load_14', ../dct.c:104 16 bit on array 'buf_6' [218]  (1.755 ns)

 <State 10>: 1.755ns
The critical path consists of the following:
	'load' operation 16 bit ('input_r_load_16', ../dct.c:104) on array 'input_r' [61]  (0.000 ns)
	'store' operation ('store_ln104', ../dct.c:104) of variable 'input_r_load_16', ../dct.c:104 16 bit on array 'buf_0' [220]  (1.755 ns)

 <State 11>: 1.755ns
The critical path consists of the following:
	'load' operation 16 bit ('input_r_load_18', ../dct.c:104) on array 'input_r' [67]  (0.000 ns)
	'store' operation ('store_ln104', ../dct.c:104) of variable 'input_r_load_18', ../dct.c:104 16 bit on array 'buf_2' [222]  (1.755 ns)

 <State 12>: 1.755ns
The critical path consists of the following:
	'load' operation 16 bit ('input_r_load_20', ../dct.c:104) on array 'input_r' [73]  (0.000 ns)
	'store' operation ('store_ln104', ../dct.c:104) of variable 'input_r_load_20', ../dct.c:104 16 bit on array 'buf_4' [224]  (1.755 ns)

 <State 13>: 1.755ns
The critical path consists of the following:
	'load' operation 16 bit ('input_r_load_22', ../dct.c:104) on array 'input_r' [79]  (0.000 ns)
	'store' operation ('store_ln104', ../dct.c:104) of variable 'input_r_load_22', ../dct.c:104 16 bit on array 'buf_6' [226]  (1.755 ns)

 <State 14>: 1.755ns
The critical path consists of the following:
	'load' operation 16 bit ('input_r_load_24', ../dct.c:104) on array 'input_r' [85]  (0.000 ns)
	'store' operation ('store_ln104', ../dct.c:104) of variable 'input_r_load_24', ../dct.c:104 16 bit on array 'buf_0' [228]  (1.755 ns)

 <State 15>: 1.755ns
The critical path consists of the following:
	'load' operation 16 bit ('input_r_load_26', ../dct.c:104) on array 'input_r' [91]  (0.000 ns)
	'store' operation ('store_ln104', ../dct.c:104) of variable 'input_r_load_26', ../dct.c:104 16 bit on array 'buf_2' [230]  (1.755 ns)

 <State 16>: 1.755ns
The critical path consists of the following:
	'load' operation 16 bit ('input_r_load_28', ../dct.c:104) on array 'input_r' [97]  (0.000 ns)
	'store' operation ('store_ln104', ../dct.c:104) of variable 'input_r_load_28', ../dct.c:104 16 bit on array 'buf_4' [232]  (1.755 ns)

 <State 17>: 1.755ns
The critical path consists of the following:
	'load' operation 16 bit ('input_r_load_30', ../dct.c:104) on array 'input_r' [103]  (0.000 ns)
	'store' operation ('store_ln104', ../dct.c:104) of variable 'input_r_load_30', ../dct.c:104 16 bit on array 'buf_6' [234]  (1.755 ns)

 <State 18>: 1.755ns
The critical path consists of the following:
	'load' operation 16 bit ('input_r_load_32', ../dct.c:104) on array 'input_r' [109]  (0.000 ns)
	'store' operation ('store_ln104', ../dct.c:104) of variable 'input_r_load_32', ../dct.c:104 16 bit on array 'buf_0' [236]  (1.755 ns)

 <State 19>: 1.755ns
The critical path consists of the following:
	'load' operation 16 bit ('input_r_load_34', ../dct.c:104) on array 'input_r' [115]  (0.000 ns)
	'store' operation ('store_ln104', ../dct.c:104) of variable 'input_r_load_34', ../dct.c:104 16 bit on array 'buf_2' [238]  (1.755 ns)

 <State 20>: 1.755ns
The critical path consists of the following:
	'load' operation 16 bit ('input_r_load_36', ../dct.c:104) on array 'input_r' [121]  (0.000 ns)
	'store' operation ('store_ln104', ../dct.c:104) of variable 'input_r_load_36', ../dct.c:104 16 bit on array 'buf_4' [240]  (1.755 ns)

 <State 21>: 1.755ns
The critical path consists of the following:
	'load' operation 16 bit ('input_r_load_38', ../dct.c:104) on array 'input_r' [127]  (0.000 ns)
	'store' operation ('store_ln104', ../dct.c:104) of variable 'input_r_load_38', ../dct.c:104 16 bit on array 'buf_6' [242]  (1.755 ns)

 <State 22>: 1.755ns
The critical path consists of the following:
	'load' operation 16 bit ('input_r_load_40', ../dct.c:104) on array 'input_r' [133]  (0.000 ns)
	'store' operation ('store_ln104', ../dct.c:104) of variable 'input_r_load_40', ../dct.c:104 16 bit on array 'buf_0' [244]  (1.755 ns)

 <State 23>: 1.755ns
The critical path consists of the following:
	'load' operation 16 bit ('input_r_load_42', ../dct.c:104) on array 'input_r' [139]  (0.000 ns)
	'store' operation ('store_ln104', ../dct.c:104) of variable 'input_r_load_42', ../dct.c:104 16 bit on array 'buf_2' [246]  (1.755 ns)

 <State 24>: 1.755ns
The critical path consists of the following:
	'load' operation 16 bit ('input_r_load_44', ../dct.c:104) on array 'input_r' [145]  (0.000 ns)
	'store' operation ('store_ln104', ../dct.c:104) of variable 'input_r_load_44', ../dct.c:104 16 bit on array 'buf_4' [248]  (1.755 ns)

 <State 25>: 1.755ns
The critical path consists of the following:
	'load' operation 16 bit ('input_r_load_46', ../dct.c:104) on array 'input_r' [151]  (0.000 ns)
	'store' operation ('store_ln104', ../dct.c:104) of variable 'input_r_load_46', ../dct.c:104 16 bit on array 'buf_6' [250]  (1.755 ns)

 <State 26>: 1.755ns
The critical path consists of the following:
	'load' operation 16 bit ('input_r_load_48', ../dct.c:104) on array 'input_r' [157]  (0.000 ns)
	'store' operation ('store_ln104', ../dct.c:104) of variable 'input_r_load_48', ../dct.c:104 16 bit on array 'buf_0' [252]  (1.755 ns)

 <State 27>: 1.755ns
The critical path consists of the following:
	'load' operation 16 bit ('input_r_load_50', ../dct.c:104) on array 'input_r' [163]  (0.000 ns)
	'store' operation ('store_ln104', ../dct.c:104) of variable 'input_r_load_50', ../dct.c:104 16 bit on array 'buf_2' [254]  (1.755 ns)

 <State 28>: 1.755ns
The critical path consists of the following:
	'load' operation 16 bit ('input_r_load_52', ../dct.c:104) on array 'input_r' [169]  (0.000 ns)
	'store' operation ('store_ln104', ../dct.c:104) of variable 'input_r_load_52', ../dct.c:104 16 bit on array 'buf_4' [256]  (1.755 ns)

 <State 29>: 1.755ns
The critical path consists of the following:
	'load' operation 16 bit ('input_r_load_54', ../dct.c:104) on array 'input_r' [175]  (0.000 ns)
	'store' operation ('store_ln104', ../dct.c:104) of variable 'input_r_load_54', ../dct.c:104 16 bit on array 'buf_6' [258]  (1.755 ns)

 <State 30>: 1.755ns
The critical path consists of the following:
	'load' operation 16 bit ('input_r_load_56', ../dct.c:104) on array 'input_r' [181]  (0.000 ns)
	'store' operation ('store_ln104', ../dct.c:104) of variable 'input_r_load_56', ../dct.c:104 16 bit on array 'buf_0' [260]  (1.755 ns)

 <State 31>: 1.755ns
The critical path consists of the following:
	'load' operation 16 bit ('input_r_load_58', ../dct.c:104) on array 'input_r' [187]  (0.000 ns)
	'store' operation ('store_ln104', ../dct.c:104) of variable 'input_r_load_58', ../dct.c:104 16 bit on array 'buf_2' [262]  (1.755 ns)

 <State 32>: 1.755ns
The critical path consists of the following:
	'load' operation 16 bit ('input_r_load_60', ../dct.c:104) on array 'input_r' [193]  (0.000 ns)
	'store' operation ('store_ln104', ../dct.c:104) of variable 'input_r_load_60', ../dct.c:104 16 bit on array 'buf_4' [264]  (1.755 ns)

 <State 33>: 1.755ns
The critical path consists of the following:
	'load' operation 16 bit ('input_r_load_62', ../dct.c:104) on array 'input_r' [199]  (0.000 ns)
	'store' operation ('store_ln104', ../dct.c:104) of variable 'input_r_load_62', ../dct.c:104 16 bit on array 'buf_6' [266]  (1.755 ns)


============================================================
+ Verbose Summary: Binding
============================================================
N/A
* FSMD analyzer results:
  - Output states:
 - Input state : 
  - Chain level:
	State 1
	State 2
	State 3
	State 4
	State 5
	State 6
	State 7
	State 8
	State 9
	State 10
	State 11
	State 12
	State 13
	State 14
	State 15
	State 16
	State 17
	State 18
	State 19
	State 20
	State 21
	State 22
	State 23
	State 24
	State 25
	State 26
	State 27
	State 28
	State 29
	State 30
	State 31
	State 32
	State 33


============================================================
+ Verbose Summary: Datapath Resource usage 
============================================================
N/A
