

================================================================
== Vitis HLS Report for 'write_data'
================================================================
* Date:           Sun Jun 14 22:50:48 2026

* Version:        2025.2 (Build 6295257 on Nov 12 2025)
* Project:        dct
* Solution:       hls (Vivado IP Flow Target)
* Product family: artix7
* Target device:  xc7a35t-fgg484-2


================================================================
== Performance Estimates
================================================================
+ Timing: 
    * Summary: 
    +--------+----------+----------+------------+
    |  Clock |  Target  | Estimated| Uncertainty|
    +--------+----------+----------+------------+
    |ap_clk  |  10.00 ns|      0 ns|     2.70 ns|
    +--------+----------+----------+------------+

+ Latency: 
    * Summary: 
    +---------+---------+----------+----------+-----+-----+---------+
    |  Latency (cycles) |  Latency (absolute) |  Interval | Pipeline|
    |   min   |   max   |    min   |    max   | min | max |   Type  |
    +---------+---------+----------+----------+-----+-----+---------+
    |       31|       31|  0.310 us|  0.310 us|   32|   32|      yes|
    +---------+---------+----------+----------+-----+-----+---------+

    + Detail: 
        * Instance: 
        N/A

        * Loop: 
        N/A

============================================================
+ Verbose Summary: Synthesis Manager
============================================================
InlineROM: 1
ExposeGlobal: 0
============================================================
+ Verbose Summary: CDFG Model
============================================================
IsTopModel: 0
ResetActiveHigh: 1
IsCombinational: 0
IsDatapathOnly: 0
HasWiredReturn: 1
HasMFsm: 2
HasVarLatency: 0
IsPipeline: 1
IsRtlPipelined: 0
IsInstanceOverlapped: 0
IsDontTouch: 0
HasImplIP: 0
IsGatedGlobalClock: 0

+ Individual pipeline summary: 
  * Pipeline-0: initiation interval (II) = 32, depth = 32


============================================================
+ Verbose Summary: Schedule
============================================================
* Number of FSM states : 32
* Pipeline : 1
  Pipeline-0 : II = 32, D = 32, States = { 1 2 3 4 5 6 7 8 9 10 11 12 13 14 15 16 17 18 19 20 21 22 23 24 25 26 27 28 29 30 31 32 }
* Dataflow Pipeline: 0

* FSM state transitions: 
1 --> 2 
2 --> 3 
3 --> 4 
4 --> 5 
5 --> 6 
6 --> 7 
7 --> 8 
8 --> 9 
9 --> 10 
10 --> 11 
11 --> 12 
12 --> 13 
13 --> 14 
14 --> 15 
15 --> 16 
16 --> 17 
17 --> 18 
18 --> 19 
19 --> 20 
20 --> 21 
21 --> 22 
22 --> 23 
23 --> 24 
24 --> 25 
25 --> 26 
26 --> 27 
27 --> 28 
28 --> 29 
29 --> 30 
30 --> 31 
31 --> 32 
32 --> 

* FSM state operations: 

State 1 <SV = 0> <Delay = 0.00>
ST_1 : Operation 33 [1/1] (0.00ns)   --->   "%buf_read_63 = read i16 @_ssdm_op_Read.ap_auto.i16, i16 %buf_read_191" [../dct.c:108]   --->   Operation 33 'read' 'buf_read_63' <Predicate = true> <Delay = 0.00>
ST_1 : Operation 34 [1/1] (0.00ns)   --->   "%buf_read_127 = read i16 @_ssdm_op_Read.ap_auto.i16, i16 %buf_read" [../dct.c:108]   --->   Operation 34 'read' 'buf_read_127' <Predicate = true> <Delay = 0.00>
ST_1 : Operation 35 [1/1] (0.00ns)   --->   "%output_r_addr = getelementptr i16 %output_r, i64 0, i64 0" [../dct.c:119]   --->   Operation 35 'getelementptr' 'output_r_addr' <Predicate = true> <Delay = 0.00>
ST_1 : Operation 36 [1/1] ( I:0.00ns O:0.00ns )   --->   "%store_ln119 = store i16 %buf_read_127, i6 %output_r_addr" [../dct.c:119]   --->   Operation 36 'store' 'store_ln119' <Predicate = true> <Delay = 0.00> <CoreInst = "RAM">   --->   Core 81 'RAM' <Latency = 1> <II = 1> <Delay = 2.77> <Storage> <Opcode : 'load' 'store'> <Ports = 2> <Width = 16> <Depth = 64> <RAM>
ST_1 : Operation 37 [1/1] (0.00ns)   --->   "%output_r_addr_1 = getelementptr i16 %output_r, i64 0, i64 1" [../dct.c:119]   --->   Operation 37 'getelementptr' 'output_r_addr_1' <Predicate = true> <Delay = 0.00>
ST_1 : Operation 38 [1/1] ( I:0.00ns O:0.00ns )   --->   "%store_ln119 = store i16 %buf_read_63, i6 %output_r_addr_1" [../dct.c:119]   --->   Operation 38 'store' 'store_ln119' <Predicate = true> <Delay = 0.00> <CoreInst = "RAM">   --->   Core 81 'RAM' <Latency = 1> <II = 1> <Delay = 2.77> <Storage> <Opcode : 'load' 'store'> <Ports = 2> <Width = 16> <Depth = 64> <RAM>

State 2 <SV = 1> <Delay = 0.00>
ST_2 : Operation 39 [1/1] (0.00ns)   --->   "%buf_read_61 = read i16 @_ssdm_op_Read.ap_auto.i16, i16 %buf_read_193" [../dct.c:108]   --->   Operation 39 'read' 'buf_read_61' <Predicate = true> <Delay = 0.00>
ST_2 : Operation 40 [1/1] (0.00ns)   --->   "%buf_read_62 = read i16 @_ssdm_op_Read.ap_auto.i16, i16 %buf_read_192" [../dct.c:108]   --->   Operation 40 'read' 'buf_read_62' <Predicate = true> <Delay = 0.00>
ST_2 : Operation 41 [1/1] (0.00ns)   --->   "%output_r_addr_2 = getelementptr i16 %output_r, i64 0, i64 2" [../dct.c:119]   --->   Operation 41 'getelementptr' 'output_r_addr_2' <Predicate = true> <Delay = 0.00>
ST_2 : Operation 42 [1/1] ( I:0.00ns O:0.00ns )   --->   "%store_ln119 = store i16 %buf_read_62, i6 %output_r_addr_2" [../dct.c:119]   --->   Operation 42 'store' 'store_ln119' <Predicate = true> <Delay = 0.00> <CoreInst = "RAM">   --->   Core 81 'RAM' <Latency = 1> <II = 1> <Delay = 2.77> <Storage> <Opcode : 'load' 'store'> <Ports = 2> <Width = 16> <Depth = 64> <RAM>
ST_2 : Operation 43 [1/1] (0.00ns)   --->   "%output_r_addr_3 = getelementptr i16 %output_r, i64 0, i64 3" [../dct.c:119]   --->   Operation 43 'getelementptr' 'output_r_addr_3' <Predicate = true> <Delay = 0.00>
ST_2 : Operation 44 [1/1] ( I:0.00ns O:0.00ns )   --->   "%store_ln119 = store i16 %buf_read_61, i6 %output_r_addr_3" [../dct.c:119]   --->   Operation 44 'store' 'store_ln119' <Predicate = true> <Delay = 0.00> <CoreInst = "RAM">   --->   Core 81 'RAM' <Latency = 1> <II = 1> <Delay = 2.77> <Storage> <Opcode : 'load' 'store'> <Ports = 2> <Width = 16> <Depth = 64> <RAM>

State 3 <SV = 2> <Delay = 0.00>
ST_3 : Operation 45 [1/1] (0.00ns)   --->   "%buf_read_59 = read i16 @_ssdm_op_Read.ap_auto.i16, i16 %buf_read_195" [../dct.c:108]   --->   Operation 45 'read' 'buf_read_59' <Predicate = true> <Delay = 0.00>
ST_3 : Operation 46 [1/1] (0.00ns)   --->   "%buf_read_60 = read i16 @_ssdm_op_Read.ap_auto.i16, i16 %buf_read_194" [../dct.c:108]   --->   Operation 46 'read' 'buf_read_60' <Predicate = true> <Delay = 0.00>
ST_3 : Operation 47 [1/1] (0.00ns)   --->   "%output_r_addr_4 = getelementptr i16 %output_r, i64 0, i64 4" [../dct.c:119]   --->   Operation 47 'getelementptr' 'output_r_addr_4' <Predicate = true> <Delay = 0.00>
ST_3 : Operation 48 [1/1] ( I:0.00ns O:0.00ns )   --->   "%store_ln119 = store i16 %buf_read_60, i6 %output_r_addr_4" [../dct.c:119]   --->   Operation 48 'store' 'store_ln119' <Predicate = true> <Delay = 0.00> <CoreInst = "RAM">   --->   Core 81 'RAM' <Latency = 1> <II = 1> <Delay = 2.77> <Storage> <Opcode : 'load' 'store'> <Ports = 2> <Width = 16> <Depth = 64> <RAM>
ST_3 : Operation 49 [1/1] (0.00ns)   --->   "%output_r_addr_5 = getelementptr i16 %output_r, i64 0, i64 5" [../dct.c:119]   --->   Operation 49 'getelementptr' 'output_r_addr_5' <Predicate = true> <Delay = 0.00>
ST_3 : Operation 50 [1/1] ( I:0.00ns O:0.00ns )   --->   "%store_ln119 = store i16 %buf_read_59, i6 %output_r_addr_5" [../dct.c:119]   --->   Operation 50 'store' 'store_ln119' <Predicate = true> <Delay = 0.00> <CoreInst = "RAM">   --->   Core 81 'RAM' <Latency = 1> <II = 1> <Delay = 2.77> <Storage> <Opcode : 'load' 'store'> <Ports = 2> <Width = 16> <Depth = 64> <RAM>

State 4 <SV = 3> <Delay = 0.00>
ST_4 : Operation 51 [1/1] (0.00ns)   --->   "%buf_read_57 = read i16 @_ssdm_op_Read.ap_auto.i16, i16 %buf_read_197" [../dct.c:108]   --->   Operation 51 'read' 'buf_read_57' <Predicate = true> <Delay = 0.00>
ST_4 : Operation 52 [1/1] (0.00ns)   --->   "%buf_read_58 = read i16 @_ssdm_op_Read.ap_auto.i16, i16 %buf_read_196" [../dct.c:108]   --->   Operation 52 'read' 'buf_read_58' <Predicate = true> <Delay = 0.00>
ST_4 : Operation 53 [1/1] (0.00ns)   --->   "%output_r_addr_6 = getelementptr i16 %output_r, i64 0, i64 6" [../dct.c:119]   --->   Operation 53 'getelementptr' 'output_r_addr_6' <Predicate = true> <Delay = 0.00>
ST_4 : Operation 54 [1/1] ( I:0.00ns O:0.00ns )   --->   "%store_ln119 = store i16 %buf_read_58, i6 %output_r_addr_6" [../dct.c:119]   --->   Operation 54 'store' 'store_ln119' <Predicate = true> <Delay = 0.00> <CoreInst = "RAM">   --->   Core 81 'RAM' <Latency = 1> <II = 1> <Delay = 2.77> <Storage> <Opcode : 'load' 'store'> <Ports = 2> <Width = 16> <Depth = 64> <RAM>
ST_4 : Operation 55 [1/1] (0.00ns)   --->   "%output_r_addr_7 = getelementptr i16 %output_r, i64 0, i64 7" [../dct.c:119]   --->   Operation 55 'getelementptr' 'output_r_addr_7' <Predicate = true> <Delay = 0.00>
ST_4 : Operation 56 [1/1] ( I:0.00ns O:0.00ns )   --->   "%store_ln119 = store i16 %buf_read_57, i6 %output_r_addr_7" [../dct.c:119]   --->   Operation 56 'store' 'store_ln119' <Predicate = true> <Delay = 0.00> <CoreInst = "RAM">   --->   Core 81 'RAM' <Latency = 1> <II = 1> <Delay = 2.77> <Storage> <Opcode : 'load' 'store'> <Ports = 2> <Width = 16> <Depth = 64> <RAM>

State 5 <SV = 4> <Delay = 0.00>
ST_5 : Operation 57 [1/1] (0.00ns)   --->   "%buf_read_55 = read i16 @_ssdm_op_Read.ap_auto.i16, i16 %buf_read_199" [../dct.c:108]   --->   Operation 57 'read' 'buf_read_55' <Predicate = true> <Delay = 0.00>
ST_5 : Operation 58 [1/1] (0.00ns)   --->   "%buf_read_56 = read i16 @_ssdm_op_Read.ap_auto.i16, i16 %buf_read_198" [../dct.c:108]   --->   Operation 58 'read' 'buf_read_56' <Predicate = true> <Delay = 0.00>
ST_5 : Operation 59 [1/1] (0.00ns)   --->   "%output_r_addr_8 = getelementptr i16 %output_r, i64 0, i64 8" [../dct.c:119]   --->   Operation 59 'getelementptr' 'output_r_addr_8' <Predicate = true> <Delay = 0.00>
ST_5 : Operation 60 [1/1] ( I:0.00ns O:0.00ns )   --->   "%store_ln119 = store i16 %buf_read_56, i6 %output_r_addr_8" [../dct.c:119]   --->   Operation 60 'store' 'store_ln119' <Predicate = true> <Delay = 0.00> <CoreInst = "RAM">   --->   Core 81 'RAM' <Latency = 1> <II = 1> <Delay = 2.77> <Storage> <Opcode : 'load' 'store'> <Ports = 2> <Width = 16> <Depth = 64> <RAM>
ST_5 : Operation 61 [1/1] (0.00ns)   --->   "%output_r_addr_9 = getelementptr i16 %output_r, i64 0, i64 9" [../dct.c:119]   --->   Operation 61 'getelementptr' 'output_r_addr_9' <Predicate = true> <Delay = 0.00>
ST_5 : Operation 62 [1/1] ( I:0.00ns O:0.00ns )   --->   "%store_ln119 = store i16 %buf_read_55, i6 %output_r_addr_9" [../dct.c:119]   --->   Operation 62 'store' 'store_ln119' <Predicate = true> <Delay = 0.00> <CoreInst = "RAM">   --->   Core 81 'RAM' <Latency = 1> <II = 1> <Delay = 2.77> <Storage> <Opcode : 'load' 'store'> <Ports = 2> <Width = 16> <Depth = 64> <RAM>

State 6 <SV = 5> <Delay = 0.00>
ST_6 : Operation 63 [1/1] (0.00ns)   --->   "%buf_read_53 = read i16 @_ssdm_op_Read.ap_auto.i16, i16 %buf_read_201" [../dct.c:108]   --->   Operation 63 'read' 'buf_read_53' <Predicate = true> <Delay = 0.00>
ST_6 : Operation 64 [1/1] (0.00ns)   --->   "%buf_read_54 = read i16 @_ssdm_op_Read.ap_auto.i16, i16 %buf_read_200" [../dct.c:108]   --->   Operation 64 'read' 'buf_read_54' <Predicate = true> <Delay = 0.00>
ST_6 : Operation 65 [1/1] (0.00ns)   --->   "%output_r_addr_10 = getelementptr i16 %output_r, i64 0, i64 10" [../dct.c:119]   --->   Operation 65 'getelementptr' 'output_r_addr_10' <Predicate = true> <Delay = 0.00>
ST_6 : Operation 66 [1/1] ( I:0.00ns O:0.00ns )   --->   "%store_ln119 = store i16 %buf_read_54, i6 %output_r_addr_10" [../dct.c:119]   --->   Operation 66 'store' 'store_ln119' <Predicate = true> <Delay = 0.00> <CoreInst = "RAM">   --->   Core 81 'RAM' <Latency = 1> <II = 1> <Delay = 2.77> <Storage> <Opcode : 'load' 'store'> <Ports = 2> <Width = 16> <Depth = 64> <RAM>
ST_6 : Operation 67 [1/1] (0.00ns)   --->   "%output_r_addr_11 = getelementptr i16 %output_r, i64 0, i64 11" [../dct.c:119]   --->   Operation 67 'getelementptr' 'output_r_addr_11' <Predicate = true> <Delay = 0.00>
ST_6 : Operation 68 [1/1] ( I:0.00ns O:0.00ns )   --->   "%store_ln119 = store i16 %buf_read_53, i6 %output_r_addr_11" [../dct.c:119]   --->   Operation 68 'store' 'store_ln119' <Predicate = true> <Delay = 0.00> <CoreInst = "RAM">   --->   Core 81 'RAM' <Latency = 1> <II = 1> <Delay = 2.77> <Storage> <Opcode : 'load' 'store'> <Ports = 2> <Width = 16> <Depth = 64> <RAM>

State 7 <SV = 6> <Delay = 0.00>
ST_7 : Operation 69 [1/1] (0.00ns)   --->   "%buf_read_51 = read i16 @_ssdm_op_Read.ap_auto.i16, i16 %buf_read_203" [../dct.c:108]   --->   Operation 69 'read' 'buf_read_51' <Predicate = true> <Delay = 0.00>
ST_7 : Operation 70 [1/1] (0.00ns)   --->   "%buf_read_52 = read i16 @_ssdm_op_Read.ap_auto.i16, i16 %buf_read_202" [../dct.c:108]   --->   Operation 70 'read' 'buf_read_52' <Predicate = true> <Delay = 0.00>
ST_7 : Operation 71 [1/1] (0.00ns)   --->   "%output_r_addr_12 = getelementptr i16 %output_r, i64 0, i64 12" [../dct.c:119]   --->   Operation 71 'getelementptr' 'output_r_addr_12' <Predicate = true> <Delay = 0.00>
ST_7 : Operation 72 [1/1] ( I:0.00ns O:0.00ns )   --->   "%store_ln119 = store i16 %buf_read_52, i6 %output_r_addr_12" [../dct.c:119]   --->   Operation 72 'store' 'store_ln119' <Predicate = true> <Delay = 0.00> <CoreInst = "RAM">   --->   Core 81 'RAM' <Latency = 1> <II = 1> <Delay = 2.77> <Storage> <Opcode : 'load' 'store'> <Ports = 2> <Width = 16> <Depth = 64> <RAM>
ST_7 : Operation 73 [1/1] (0.00ns)   --->   "%output_r_addr_13 = getelementptr i16 %output_r, i64 0, i64 13" [../dct.c:119]   --->   Operation 73 'getelementptr' 'output_r_addr_13' <Predicate = true> <Delay = 0.00>
ST_7 : Operation 74 [1/1] ( I:0.00ns O:0.00ns )   --->   "%store_ln119 = store i16 %buf_read_51, i6 %output_r_addr_13" [../dct.c:119]   --->   Operation 74 'store' 'store_ln119' <Predicate = true> <Delay = 0.00> <CoreInst = "RAM">   --->   Core 81 'RAM' <Latency = 1> <II = 1> <Delay = 2.77> <Storage> <Opcode : 'load' 'store'> <Ports = 2> <Width = 16> <Depth = 64> <RAM>

State 8 <SV = 7> <Delay = 0.00>
ST_8 : Operation 75 [1/1] (0.00ns)   --->   "%buf_read_49 = read i16 @_ssdm_op_Read.ap_auto.i16, i16 %buf_read_205" [../dct.c:108]   --->   Operation 75 'read' 'buf_read_49' <Predicate = true> <Delay = 0.00>
ST_8 : Operation 76 [1/1] (0.00ns)   --->   "%buf_read_50 = read i16 @_ssdm_op_Read.ap_auto.i16, i16 %buf_read_204" [../dct.c:108]   --->   Operation 76 'read' 'buf_read_50' <Predicate = true> <Delay = 0.00>
ST_8 : Operation 77 [1/1] (0.00ns)   --->   "%output_r_addr_14 = getelementptr i16 %output_r, i64 0, i64 14" [../dct.c:119]   --->   Operation 77 'getelementptr' 'output_r_addr_14' <Predicate = true> <Delay = 0.00>
ST_8 : Operation 78 [1/1] ( I:0.00ns O:0.00ns )   --->   "%store_ln119 = store i16 %buf_read_50, i6 %output_r_addr_14" [../dct.c:119]   --->   Operation 78 'store' 'store_ln119' <Predicate = true> <Delay = 0.00> <CoreInst = "RAM">   --->   Core 81 'RAM' <Latency = 1> <II = 1> <Delay = 2.77> <Storage> <Opcode : 'load' 'store'> <Ports = 2> <Width = 16> <Depth = 64> <RAM>
ST_8 : Operation 79 [1/1] (0.00ns)   --->   "%output_r_addr_15 = getelementptr i16 %output_r, i64 0, i64 15" [../dct.c:119]   --->   Operation 79 'getelementptr' 'output_r_addr_15' <Predicate = true> <Delay = 0.00>
ST_8 : Operation 80 [1/1] ( I:0.00ns O:0.00ns )   --->   "%store_ln119 = store i16 %buf_read_49, i6 %output_r_addr_15" [../dct.c:119]   --->   Operation 80 'store' 'store_ln119' <Predicate = true> <Delay = 0.00> <CoreInst = "RAM">   --->   Core 81 'RAM' <Latency = 1> <II = 1> <Delay = 2.77> <Storage> <Opcode : 'load' 'store'> <Ports = 2> <Width = 16> <Depth = 64> <RAM>

State 9 <SV = 8> <Delay = 0.00>
ST_9 : Operation 81 [1/1] (0.00ns)   --->   "%buf_read_47 = read i16 @_ssdm_op_Read.ap_auto.i16, i16 %buf_read_207" [../dct.c:108]   --->   Operation 81 'read' 'buf_read_47' <Predicate = true> <Delay = 0.00>
ST_9 : Operation 82 [1/1] (0.00ns)   --->   "%buf_read_48 = read i16 @_ssdm_op_Read.ap_auto.i16, i16 %buf_read_206" [../dct.c:108]   --->   Operation 82 'read' 'buf_read_48' <Predicate = true> <Delay = 0.00>
ST_9 : Operation 83 [1/1] (0.00ns)   --->   "%output_r_addr_16 = getelementptr i16 %output_r, i64 0, i64 16" [../dct.c:119]   --->   Operation 83 'getelementptr' 'output_r_addr_16' <Predicate = true> <Delay = 0.00>
ST_9 : Operation 84 [1/1] ( I:0.00ns O:0.00ns )   --->   "%store_ln119 = store i16 %buf_read_48, i6 %output_r_addr_16" [../dct.c:119]   --->   Operation 84 'store' 'store_ln119' <Predicate = true> <Delay = 0.00> <CoreInst = "RAM">   --->   Core 81 'RAM' <Latency = 1> <II = 1> <Delay = 2.77> <Storage> <Opcode : 'load' 'store'> <Ports = 2> <Width = 16> <Depth = 64> <RAM>
ST_9 : Operation 85 [1/1] (0.00ns)   --->   "%output_r_addr_17 = getelementptr i16 %output_r, i64 0, i64 17" [../dct.c:119]   --->   Operation 85 'getelementptr' 'output_r_addr_17' <Predicate = true> <Delay = 0.00>
ST_9 : Operation 86 [1/1] ( I:0.00ns O:0.00ns )   --->   "%store_ln119 = store i16 %buf_read_47, i6 %output_r_addr_17" [../dct.c:119]   --->   Operation 86 'store' 'store_ln119' <Predicate = true> <Delay = 0.00> <CoreInst = "RAM">   --->   Core 81 'RAM' <Latency = 1> <II = 1> <Delay = 2.77> <Storage> <Opcode : 'load' 'store'> <Ports = 2> <Width = 16> <Depth = 64> <RAM>

State 10 <SV = 9> <Delay = 0.00>
ST_10 : Operation 87 [1/1] (0.00ns)   --->   "%buf_read_45 = read i16 @_ssdm_op_Read.ap_auto.i16, i16 %buf_read_209" [../dct.c:108]   --->   Operation 87 'read' 'buf_read_45' <Predicate = true> <Delay = 0.00>
ST_10 : Operation 88 [1/1] (0.00ns)   --->   "%buf_read_46 = read i16 @_ssdm_op_Read.ap_auto.i16, i16 %buf_read_208" [../dct.c:108]   --->   Operation 88 'read' 'buf_read_46' <Predicate = true> <Delay = 0.00>
ST_10 : Operation 89 [1/1] (0.00ns)   --->   "%output_r_addr_18 = getelementptr i16 %output_r, i64 0, i64 18" [../dct.c:119]   --->   Operation 89 'getelementptr' 'output_r_addr_18' <Predicate = true> <Delay = 0.00>
ST_10 : Operation 90 [1/1] ( I:0.00ns O:0.00ns )   --->   "%store_ln119 = store i16 %buf_read_46, i6 %output_r_addr_18" [../dct.c:119]   --->   Operation 90 'store' 'store_ln119' <Predicate = true> <Delay = 0.00> <CoreInst = "RAM">   --->   Core 81 'RAM' <Latency = 1> <II = 1> <Delay = 2.77> <Storage> <Opcode : 'load' 'store'> <Ports = 2> <Width = 16> <Depth = 64> <RAM>
ST_10 : Operation 91 [1/1] (0.00ns)   --->   "%output_r_addr_19 = getelementptr i16 %output_r, i64 0, i64 19" [../dct.c:119]   --->   Operation 91 'getelementptr' 'output_r_addr_19' <Predicate = true> <Delay = 0.00>
ST_10 : Operation 92 [1/1] ( I:0.00ns O:0.00ns )   --->   "%store_ln119 = store i16 %buf_read_45, i6 %output_r_addr_19" [../dct.c:119]   --->   Operation 92 'store' 'store_ln119' <Predicate = true> <Delay = 0.00> <CoreInst = "RAM">   --->   Core 81 'RAM' <Latency = 1> <II = 1> <Delay = 2.77> <Storage> <Opcode : 'load' 'store'> <Ports = 2> <Width = 16> <Depth = 64> <RAM>

State 11 <SV = 10> <Delay = 0.00>
ST_11 : Operation 93 [1/1] (0.00ns)   --->   "%buf_read_43 = read i16 @_ssdm_op_Read.ap_auto.i16, i16 %buf_read_211" [../dct.c:108]   --->   Operation 93 'read' 'buf_read_43' <Predicate = true> <Delay = 0.00>
ST_11 : Operation 94 [1/1] (0.00ns)   --->   "%buf_read_44 = read i16 @_ssdm_op_Read.ap_auto.i16, i16 %buf_read_210" [../dct.c:108]   --->   Operation 94 'read' 'buf_read_44' <Predicate = true> <Delay = 0.00>
ST_11 : Operation 95 [1/1] (0.00ns)   --->   "%output_r_addr_20 = getelementptr i16 %output_r, i64 0, i64 20" [../dct.c:119]   --->   Operation 95 'getelementptr' 'output_r_addr_20' <Predicate = true> <Delay = 0.00>
ST_11 : Operation 96 [1/1] ( I:0.00ns O:0.00ns )   --->   "%store_ln119 = store i16 %buf_read_44, i6 %output_r_addr_20" [../dct.c:119]   --->   Operation 96 'store' 'store_ln119' <Predicate = true> <Delay = 0.00> <CoreInst = "RAM">   --->   Core 81 'RAM' <Latency = 1> <II = 1> <Delay = 2.77> <Storage> <Opcode : 'load' 'store'> <Ports = 2> <Width = 16> <Depth = 64> <RAM>
ST_11 : Operation 97 [1/1] (0.00ns)   --->   "%output_r_addr_21 = getelementptr i16 %output_r, i64 0, i64 21" [../dct.c:119]   --->   Operation 97 'getelementptr' 'output_r_addr_21' <Predicate = true> <Delay = 0.00>
ST_11 : Operation 98 [1/1] ( I:0.00ns O:0.00ns )   --->   "%store_ln119 = store i16 %buf_read_43, i6 %output_r_addr_21" [../dct.c:119]   --->   Operation 98 'store' 'store_ln119' <Predicate = true> <Delay = 0.00> <CoreInst = "RAM">   --->   Core 81 'RAM' <Latency = 1> <II = 1> <Delay = 2.77> <Storage> <Opcode : 'load' 'store'> <Ports = 2> <Width = 16> <Depth = 64> <RAM>

State 12 <SV = 11> <Delay = 0.00>
ST_12 : Operation 99 [1/1] (0.00ns)   --->   "%buf_read_41 = read i16 @_ssdm_op_Read.ap_auto.i16, i16 %buf_read_213" [../dct.c:108]   --->   Operation 99 'read' 'buf_read_41' <Predicate = true> <Delay = 0.00>
ST_12 : Operation 100 [1/1] (0.00ns)   --->   "%buf_read_42 = read i16 @_ssdm_op_Read.ap_auto.i16, i16 %buf_read_212" [../dct.c:108]   --->   Operation 100 'read' 'buf_read_42' <Predicate = true> <Delay = 0.00>
ST_12 : Operation 101 [1/1] (0.00ns)   --->   "%output_r_addr_22 = getelementptr i16 %output_r, i64 0, i64 22" [../dct.c:119]   --->   Operation 101 'getelementptr' 'output_r_addr_22' <Predicate = true> <Delay = 0.00>
ST_12 : Operation 102 [1/1] ( I:0.00ns O:0.00ns )   --->   "%store_ln119 = store i16 %buf_read_42, i6 %output_r_addr_22" [../dct.c:119]   --->   Operation 102 'store' 'store_ln119' <Predicate = true> <Delay = 0.00> <CoreInst = "RAM">   --->   Core 81 'RAM' <Latency = 1> <II = 1> <Delay = 2.77> <Storage> <Opcode : 'load' 'store'> <Ports = 2> <Width = 16> <Depth = 64> <RAM>
ST_12 : Operation 103 [1/1] (0.00ns)   --->   "%output_r_addr_23 = getelementptr i16 %output_r, i64 0, i64 23" [../dct.c:119]   --->   Operation 103 'getelementptr' 'output_r_addr_23' <Predicate = true> <Delay = 0.00>
ST_12 : Operation 104 [1/1] ( I:0.00ns O:0.00ns )   --->   "%store_ln119 = store i16 %buf_read_41, i6 %output_r_addr_23" [../dct.c:119]   --->   Operation 104 'store' 'store_ln119' <Predicate = true> <Delay = 0.00> <CoreInst = "RAM">   --->   Core 81 'RAM' <Latency = 1> <II = 1> <Delay = 2.77> <Storage> <Opcode : 'load' 'store'> <Ports = 2> <Width = 16> <Depth = 64> <RAM>

State 13 <SV = 12> <Delay = 0.00>
ST_13 : Operation 105 [1/1] (0.00ns)   --->   "%buf_read_39 = read i16 @_ssdm_op_Read.ap_auto.i16, i16 %buf_read_215" [../dct.c:108]   --->   Operation 105 'read' 'buf_read_39' <Predicate = true> <Delay = 0.00>
ST_13 : Operation 106 [1/1] (0.00ns)   --->   "%buf_read_40 = read i16 @_ssdm_op_Read.ap_auto.i16, i16 %buf_read_214" [../dct.c:108]   --->   Operation 106 'read' 'buf_read_40' <Predicate = true> <Delay = 0.00>
ST_13 : Operation 107 [1/1] (0.00ns)   --->   "%output_r_addr_24 = getelementptr i16 %output_r, i64 0, i64 24" [../dct.c:119]   --->   Operation 107 'getelementptr' 'output_r_addr_24' <Predicate = true> <Delay = 0.00>
ST_13 : Operation 108 [1/1] ( I:0.00ns O:0.00ns )   --->   "%store_ln119 = store i16 %buf_read_40, i6 %output_r_addr_24" [../dct.c:119]   --->   Operation 108 'store' 'store_ln119' <Predicate = true> <Delay = 0.00> <CoreInst = "RAM">   --->   Core 81 'RAM' <Latency = 1> <II = 1> <Delay = 2.77> <Storage> <Opcode : 'load' 'store'> <Ports = 2> <Width = 16> <Depth = 64> <RAM>
ST_13 : Operation 109 [1/1] (0.00ns)   --->   "%output_r_addr_25 = getelementptr i16 %output_r, i64 0, i64 25" [../dct.c:119]   --->   Operation 109 'getelementptr' 'output_r_addr_25' <Predicate = true> <Delay = 0.00>
ST_13 : Operation 110 [1/1] ( I:0.00ns O:0.00ns )   --->   "%store_ln119 = store i16 %buf_read_39, i6 %output_r_addr_25" [../dct.c:119]   --->   Operation 110 'store' 'store_ln119' <Predicate = true> <Delay = 0.00> <CoreInst = "RAM">   --->   Core 81 'RAM' <Latency = 1> <II = 1> <Delay = 2.77> <Storage> <Opcode : 'load' 'store'> <Ports = 2> <Width = 16> <Depth = 64> <RAM>

State 14 <SV = 13> <Delay = 0.00>
ST_14 : Operation 111 [1/1] (0.00ns)   --->   "%buf_read_37 = read i16 @_ssdm_op_Read.ap_auto.i16, i16 %buf_read_217" [../dct.c:108]   --->   Operation 111 'read' 'buf_read_37' <Predicate = true> <Delay = 0.00>
ST_14 : Operation 112 [1/1] (0.00ns)   --->   "%buf_read_38 = read i16 @_ssdm_op_Read.ap_auto.i16, i16 %buf_read_216" [../dct.c:108]   --->   Operation 112 'read' 'buf_read_38' <Predicate = true> <Delay = 0.00>
ST_14 : Operation 113 [1/1] (0.00ns)   --->   "%output_r_addr_26 = getelementptr i16 %output_r, i64 0, i64 26" [../dct.c:119]   --->   Operation 113 'getelementptr' 'output_r_addr_26' <Predicate = true> <Delay = 0.00>
ST_14 : Operation 114 [1/1] ( I:0.00ns O:0.00ns )   --->   "%store_ln119 = store i16 %buf_read_38, i6 %output_r_addr_26" [../dct.c:119]   --->   Operation 114 'store' 'store_ln119' <Predicate = true> <Delay = 0.00> <CoreInst = "RAM">   --->   Core 81 'RAM' <Latency = 1> <II = 1> <Delay = 2.77> <Storage> <Opcode : 'load' 'store'> <Ports = 2> <Width = 16> <Depth = 64> <RAM>
ST_14 : Operation 115 [1/1] (0.00ns)   --->   "%output_r_addr_27 = getelementptr i16 %output_r, i64 0, i64 27" [../dct.c:119]   --->   Operation 115 'getelementptr' 'output_r_addr_27' <Predicate = true> <Delay = 0.00>
ST_14 : Operation 116 [1/1] ( I:0.00ns O:0.00ns )   --->   "%store_ln119 = store i16 %buf_read_37, i6 %output_r_addr_27" [../dct.c:119]   --->   Operation 116 'store' 'store_ln119' <Predicate = true> <Delay = 0.00> <CoreInst = "RAM">   --->   Core 81 'RAM' <Latency = 1> <II = 1> <Delay = 2.77> <Storage> <Opcode : 'load' 'store'> <Ports = 2> <Width = 16> <Depth = 64> <RAM>

State 15 <SV = 14> <Delay = 0.00>
ST_15 : Operation 117 [1/1] (0.00ns)   --->   "%buf_read_35 = read i16 @_ssdm_op_Read.ap_auto.i16, i16 %buf_read_219" [../dct.c:108]   --->   Operation 117 'read' 'buf_read_35' <Predicate = true> <Delay = 0.00>
ST_15 : Operation 118 [1/1] (0.00ns)   --->   "%buf_read_36 = read i16 @_ssdm_op_Read.ap_auto.i16, i16 %buf_read_218" [../dct.c:108]   --->   Operation 118 'read' 'buf_read_36' <Predicate = true> <Delay = 0.00>
ST_15 : Operation 119 [1/1] (0.00ns)   --->   "%output_r_addr_28 = getelementptr i16 %output_r, i64 0, i64 28" [../dct.c:119]   --->   Operation 119 'getelementptr' 'output_r_addr_28' <Predicate = true> <Delay = 0.00>
ST_15 : Operation 120 [1/1] ( I:0.00ns O:0.00ns )   --->   "%store_ln119 = store i16 %buf_read_36, i6 %output_r_addr_28" [../dct.c:119]   --->   Operation 120 'store' 'store_ln119' <Predicate = true> <Delay = 0.00> <CoreInst = "RAM">   --->   Core 81 'RAM' <Latency = 1> <II = 1> <Delay = 2.77> <Storage> <Opcode : 'load' 'store'> <Ports = 2> <Width = 16> <Depth = 64> <RAM>
ST_15 : Operation 121 [1/1] (0.00ns)   --->   "%output_r_addr_29 = getelementptr i16 %output_r, i64 0, i64 29" [../dct.c:119]   --->   Operation 121 'getelementptr' 'output_r_addr_29' <Predicate = true> <Delay = 0.00>
ST_15 : Operation 122 [1/1] ( I:0.00ns O:0.00ns )   --->   "%store_ln119 = store i16 %buf_read_35, i6 %output_r_addr_29" [../dct.c:119]   --->   Operation 122 'store' 'store_ln119' <Predicate = true> <Delay = 0.00> <CoreInst = "RAM">   --->   Core 81 'RAM' <Latency = 1> <II = 1> <Delay = 2.77> <Storage> <Opcode : 'load' 'store'> <Ports = 2> <Width = 16> <Depth = 64> <RAM>

State 16 <SV = 15> <Delay = 0.00>
ST_16 : Operation 123 [1/1] (0.00ns)   --->   "%buf_read_33 = read i16 @_ssdm_op_Read.ap_auto.i16, i16 %buf_read_221" [../dct.c:108]   --->   Operation 123 'read' 'buf_read_33' <Predicate = true> <Delay = 0.00>
ST_16 : Operation 124 [1/1] (0.00ns)   --->   "%buf_read_34 = read i16 @_ssdm_op_Read.ap_auto.i16, i16 %buf_read_220" [../dct.c:108]   --->   Operation 124 'read' 'buf_read_34' <Predicate = true> <Delay = 0.00>
ST_16 : Operation 125 [1/1] (0.00ns)   --->   "%output_r_addr_30 = getelementptr i16 %output_r, i64 0, i64 30" [../dct.c:119]   --->   Operation 125 'getelementptr' 'output_r_addr_30' <Predicate = true> <Delay = 0.00>
ST_16 : Operation 126 [1/1] ( I:0.00ns O:0.00ns )   --->   "%store_ln119 = store i16 %buf_read_34, i6 %output_r_addr_30" [../dct.c:119]   --->   Operation 126 'store' 'store_ln119' <Predicate = true> <Delay = 0.00> <CoreInst = "RAM">   --->   Core 81 'RAM' <Latency = 1> <II = 1> <Delay = 2.77> <Storage> <Opcode : 'load' 'store'> <Ports = 2> <Width = 16> <Depth = 64> <RAM>
ST_16 : Operation 127 [1/1] (0.00ns)   --->   "%output_r_addr_31 = getelementptr i16 %output_r, i64 0, i64 31" [../dct.c:119]   --->   Operation 127 'getelementptr' 'output_r_addr_31' <Predicate = true> <Delay = 0.00>
ST_16 : Operation 128 [1/1] ( I:0.00ns O:0.00ns )   --->   "%store_ln119 = store i16 %buf_read_33, i6 %output_r_addr_31" [../dct.c:119]   --->   Operation 128 'store' 'store_ln119' <Predicate = true> <Delay = 0.00> <CoreInst = "RAM">   --->   Core 81 'RAM' <Latency = 1> <II = 1> <Delay = 2.77> <Storage> <Opcode : 'load' 'store'> <Ports = 2> <Width = 16> <Depth = 64> <RAM>

State 17 <SV = 16> <Delay = 0.00>
ST_17 : Operation 129 [1/1] (0.00ns)   --->   "%buf_read_31 = read i16 @_ssdm_op_Read.ap_auto.i16, i16 %buf_read_223" [../dct.c:108]   --->   Operation 129 'read' 'buf_read_31' <Predicate = true> <Delay = 0.00>
ST_17 : Operation 130 [1/1] (0.00ns)   --->   "%buf_read_32 = read i16 @_ssdm_op_Read.ap_auto.i16, i16 %buf_read_222" [../dct.c:108]   --->   Operation 130 'read' 'buf_read_32' <Predicate = true> <Delay = 0.00>
ST_17 : Operation 131 [1/1] (0.00ns)   --->   "%output_r_addr_32 = getelementptr i16 %output_r, i64 0, i64 32" [../dct.c:119]   --->   Operation 131 'getelementptr' 'output_r_addr_32' <Predicate = true> <Delay = 0.00>
ST_17 : Operation 132 [1/1] ( I:0.00ns O:0.00ns )   --->   "%store_ln119 = store i16 %buf_read_32, i6 %output_r_addr_32" [../dct.c:119]   --->   Operation 132 'store' 'store_ln119' <Predicate = true> <Delay = 0.00> <CoreInst = "RAM">   --->   Core 81 'RAM' <Latency = 1> <II = 1> <Delay = 2.77> <Storage> <Opcode : 'load' 'store'> <Ports = 2> <Width = 16> <Depth = 64> <RAM>
ST_17 : Operation 133 [1/1] (0.00ns)   --->   "%output_r_addr_33 = getelementptr i16 %output_r, i64 0, i64 33" [../dct.c:119]   --->   Operation 133 'getelementptr' 'output_r_addr_33' <Predicate = true> <Delay = 0.00>
ST_17 : Operation 134 [1/1] ( I:0.00ns O:0.00ns )   --->   "%store_ln119 = store i16 %buf_read_31, i6 %output_r_addr_33" [../dct.c:119]   --->   Operation 134 'store' 'store_ln119' <Predicate = true> <Delay = 0.00> <CoreInst = "RAM">   --->   Core 81 'RAM' <Latency = 1> <II = 1> <Delay = 2.77> <Storage> <Opcode : 'load' 'store'> <Ports = 2> <Width = 16> <Depth = 64> <RAM>

State 18 <SV = 17> <Delay = 0.00>
ST_18 : Operation 135 [1/1] (0.00ns)   --->   "%buf_read_29 = read i16 @_ssdm_op_Read.ap_auto.i16, i16 %buf_read_225" [../dct.c:108]   --->   Operation 135 'read' 'buf_read_29' <Predicate = true> <Delay = 0.00>
ST_18 : Operation 136 [1/1] (0.00ns)   --->   "%buf_read_30 = read i16 @_ssdm_op_Read.ap_auto.i16, i16 %buf_read_224" [../dct.c:108]   --->   Operation 136 'read' 'buf_read_30' <Predicate = true> <Delay = 0.00>
ST_18 : Operation 137 [1/1] (0.00ns)   --->   "%output_r_addr_34 = getelementptr i16 %output_r, i64 0, i64 34" [../dct.c:119]   --->   Operation 137 'getelementptr' 'output_r_addr_34' <Predicate = true> <Delay = 0.00>
ST_18 : Operation 138 [1/1] ( I:0.00ns O:0.00ns )   --->   "%store_ln119 = store i16 %buf_read_30, i6 %output_r_addr_34" [../dct.c:119]   --->   Operation 138 'store' 'store_ln119' <Predicate = true> <Delay = 0.00> <CoreInst = "RAM">   --->   Core 81 'RAM' <Latency = 1> <II = 1> <Delay = 2.77> <Storage> <Opcode : 'load' 'store'> <Ports = 2> <Width = 16> <Depth = 64> <RAM>
ST_18 : Operation 139 [1/1] (0.00ns)   --->   "%output_r_addr_35 = getelementptr i16 %output_r, i64 0, i64 35" [../dct.c:119]   --->   Operation 139 'getelementptr' 'output_r_addr_35' <Predicate = true> <Delay = 0.00>
ST_18 : Operation 140 [1/1] ( I:0.00ns O:0.00ns )   --->   "%store_ln119 = store i16 %buf_read_29, i6 %output_r_addr_35" [../dct.c:119]   --->   Operation 140 'store' 'store_ln119' <Predicate = true> <Delay = 0.00> <CoreInst = "RAM">   --->   Core 81 'RAM' <Latency = 1> <II = 1> <Delay = 2.77> <Storage> <Opcode : 'load' 'store'> <Ports = 2> <Width = 16> <Depth = 64> <RAM>

State 19 <SV = 18> <Delay = 0.00>
ST_19 : Operation 141 [1/1] (0.00ns)   --->   "%buf_read_27 = read i16 @_ssdm_op_Read.ap_auto.i16, i16 %buf_read_227" [../dct.c:108]   --->   Operation 141 'read' 'buf_read_27' <Predicate = true> <Delay = 0.00>
ST_19 : Operation 142 [1/1] (0.00ns)   --->   "%buf_read_28 = read i16 @_ssdm_op_Read.ap_auto.i16, i16 %buf_read_226" [../dct.c:108]   --->   Operation 142 'read' 'buf_read_28' <Predicate = true> <Delay = 0.00>
ST_19 : Operation 143 [1/1] (0.00ns)   --->   "%output_r_addr_36 = getelementptr i16 %output_r, i64 0, i64 36" [../dct.c:119]   --->   Operation 143 'getelementptr' 'output_r_addr_36' <Predicate = true> <Delay = 0.00>
ST_19 : Operation 144 [1/1] ( I:0.00ns O:0.00ns )   --->   "%store_ln119 = store i16 %buf_read_28, i6 %output_r_addr_36" [../dct.c:119]   --->   Operation 144 'store' 'store_ln119' <Predicate = true> <Delay = 0.00> <CoreInst = "RAM">   --->   Core 81 'RAM' <Latency = 1> <II = 1> <Delay = 2.77> <Storage> <Opcode : 'load' 'store'> <Ports = 2> <Width = 16> <Depth = 64> <RAM>
ST_19 : Operation 145 [1/1] (0.00ns)   --->   "%output_r_addr_37 = getelementptr i16 %output_r, i64 0, i64 37" [../dct.c:119]   --->   Operation 145 'getelementptr' 'output_r_addr_37' <Predicate = true> <Delay = 0.00>
ST_19 : Operation 146 [1/1] ( I:0.00ns O:0.00ns )   --->   "%store_ln119 = store i16 %buf_read_27, i6 %output_r_addr_37" [../dct.c:119]   --->   Operation 146 'store' 'store_ln119' <Predicate = true> <Delay = 0.00> <CoreInst = "RAM">   --->   Core 81 'RAM' <Latency = 1> <II = 1> <Delay = 2.77> <Storage> <Opcode : 'load' 'store'> <Ports = 2> <Width = 16> <Depth = 64> <RAM>

State 20 <SV = 19> <Delay = 0.00>
ST_20 : Operation 147 [1/1] (0.00ns)   --->   "%buf_read_25 = read i16 @_ssdm_op_Read.ap_auto.i16, i16 %buf_read_229" [../dct.c:108]   --->   Operation 147 'read' 'buf_read_25' <Predicate = true> <Delay = 0.00>
ST_20 : Operation 148 [1/1] (0.00ns)   --->   "%buf_read_26 = read i16 @_ssdm_op_Read.ap_auto.i16, i16 %buf_read_228" [../dct.c:108]   --->   Operation 148 'read' 'buf_read_26' <Predicate = true> <Delay = 0.00>
ST_20 : Operation 149 [1/1] (0.00ns)   --->   "%output_r_addr_38 = getelementptr i16 %output_r, i64 0, i64 38" [../dct.c:119]   --->   Operation 149 'getelementptr' 'output_r_addr_38' <Predicate = true> <Delay = 0.00>
ST_20 : Operation 150 [1/1] ( I:0.00ns O:0.00ns )   --->   "%store_ln119 = store i16 %buf_read_26, i6 %output_r_addr_38" [../dct.c:119]   --->   Operation 150 'store' 'store_ln119' <Predicate = true> <Delay = 0.00> <CoreInst = "RAM">   --->   Core 81 'RAM' <Latency = 1> <II = 1> <Delay = 2.77> <Storage> <Opcode : 'load' 'store'> <Ports = 2> <Width = 16> <Depth = 64> <RAM>
ST_20 : Operation 151 [1/1] (0.00ns)   --->   "%output_r_addr_39 = getelementptr i16 %output_r, i64 0, i64 39" [../dct.c:119]   --->   Operation 151 'getelementptr' 'output_r_addr_39' <Predicate = true> <Delay = 0.00>
ST_20 : Operation 152 [1/1] ( I:0.00ns O:0.00ns )   --->   "%store_ln119 = store i16 %buf_read_25, i6 %output_r_addr_39" [../dct.c:119]   --->   Operation 152 'store' 'store_ln119' <Predicate = true> <Delay = 0.00> <CoreInst = "RAM">   --->   Core 81 'RAM' <Latency = 1> <II = 1> <Delay = 2.77> <Storage> <Opcode : 'load' 'store'> <Ports = 2> <Width = 16> <Depth = 64> <RAM>

State 21 <SV = 20> <Delay = 0.00>
ST_21 : Operation 153 [1/1] (0.00ns)   --->   "%buf_read_23 = read i16 @_ssdm_op_Read.ap_auto.i16, i16 %buf_read_231" [../dct.c:108]   --->   Operation 153 'read' 'buf_read_23' <Predicate = true> <Delay = 0.00>
ST_21 : Operation 154 [1/1] (0.00ns)   --->   "%buf_read_24 = read i16 @_ssdm_op_Read.ap_auto.i16, i16 %buf_read_230" [../dct.c:108]   --->   Operation 154 'read' 'buf_read_24' <Predicate = true> <Delay = 0.00>
ST_21 : Operation 155 [1/1] (0.00ns)   --->   "%output_r_addr_40 = getelementptr i16 %output_r, i64 0, i64 40" [../dct.c:119]   --->   Operation 155 'getelementptr' 'output_r_addr_40' <Predicate = true> <Delay = 0.00>
ST_21 : Operation 156 [1/1] ( I:0.00ns O:0.00ns )   --->   "%store_ln119 = store i16 %buf_read_24, i6 %output_r_addr_40" [../dct.c:119]   --->   Operation 156 'store' 'store_ln119' <Predicate = true> <Delay = 0.00> <CoreInst = "RAM">   --->   Core 81 'RAM' <Latency = 1> <II = 1> <Delay = 2.77> <Storage> <Opcode : 'load' 'store'> <Ports = 2> <Width = 16> <Depth = 64> <RAM>
ST_21 : Operation 157 [1/1] (0.00ns)   --->   "%output_r_addr_41 = getelementptr i16 %output_r, i64 0, i64 41" [../dct.c:119]   --->   Operation 157 'getelementptr' 'output_r_addr_41' <Predicate = true> <Delay = 0.00>
ST_21 : Operation 158 [1/1] ( I:0.00ns O:0.00ns )   --->   "%store_ln119 = store i16 %buf_read_23, i6 %output_r_addr_41" [../dct.c:119]   --->   Operation 158 'store' 'store_ln119' <Predicate = true> <Delay = 0.00> <CoreInst = "RAM">   --->   Core 81 'RAM' <Latency = 1> <II = 1> <Delay = 2.77> <Storage> <Opcode : 'load' 'store'> <Ports = 2> <Width = 16> <Depth = 64> <RAM>

State 22 <SV = 21> <Delay = 0.00>
ST_22 : Operation 159 [1/1] (0.00ns)   --->   "%buf_read_21 = read i16 @_ssdm_op_Read.ap_auto.i16, i16 %buf_read_233" [../dct.c:108]   --->   Operation 159 'read' 'buf_read_21' <Predicate = true> <Delay = 0.00>
ST_22 : Operation 160 [1/1] (0.00ns)   --->   "%buf_read_22 = read i16 @_ssdm_op_Read.ap_auto.i16, i16 %buf_read_232" [../dct.c:108]   --->   Operation 160 'read' 'buf_read_22' <Predicate = true> <Delay = 0.00>
ST_22 : Operation 161 [1/1] (0.00ns)   --->   "%output_r_addr_42 = getelementptr i16 %output_r, i64 0, i64 42" [../dct.c:119]   --->   Operation 161 'getelementptr' 'output_r_addr_42' <Predicate = true> <Delay = 0.00>
ST_22 : Operation 162 [1/1] ( I:0.00ns O:0.00ns )   --->   "%store_ln119 = store i16 %buf_read_22, i6 %output_r_addr_42" [../dct.c:119]   --->   Operation 162 'store' 'store_ln119' <Predicate = true> <Delay = 0.00> <CoreInst = "RAM">   --->   Core 81 'RAM' <Latency = 1> <II = 1> <Delay = 2.77> <Storage> <Opcode : 'load' 'store'> <Ports = 2> <Width = 16> <Depth = 64> <RAM>
ST_22 : Operation 163 [1/1] (0.00ns)   --->   "%output_r_addr_43 = getelementptr i16 %output_r, i64 0, i64 43" [../dct.c:119]   --->   Operation 163 'getelementptr' 'output_r_addr_43' <Predicate = true> <Delay = 0.00>
ST_22 : Operation 164 [1/1] ( I:0.00ns O:0.00ns )   --->   "%store_ln119 = store i16 %buf_read_21, i6 %output_r_addr_43" [../dct.c:119]   --->   Operation 164 'store' 'store_ln119' <Predicate = true> <Delay = 0.00> <CoreInst = "RAM">   --->   Core 81 'RAM' <Latency = 1> <II = 1> <Delay = 2.77> <Storage> <Opcode : 'load' 'store'> <Ports = 2> <Width = 16> <Depth = 64> <RAM>

State 23 <SV = 22> <Delay = 0.00>
ST_23 : Operation 165 [1/1] (0.00ns)   --->   "%buf_read_19 = read i16 @_ssdm_op_Read.ap_auto.i16, i16 %buf_read_235" [../dct.c:108]   --->   Operation 165 'read' 'buf_read_19' <Predicate = true> <Delay = 0.00>
ST_23 : Operation 166 [1/1] (0.00ns)   --->   "%buf_read_20 = read i16 @_ssdm_op_Read.ap_auto.i16, i16 %buf_read_234" [../dct.c:108]   --->   Operation 166 'read' 'buf_read_20' <Predicate = true> <Delay = 0.00>
ST_23 : Operation 167 [1/1] (0.00ns)   --->   "%output_r_addr_44 = getelementptr i16 %output_r, i64 0, i64 44" [../dct.c:119]   --->   Operation 167 'getelementptr' 'output_r_addr_44' <Predicate = true> <Delay = 0.00>
ST_23 : Operation 168 [1/1] ( I:0.00ns O:0.00ns )   --->   "%store_ln119 = store i16 %buf_read_20, i6 %output_r_addr_44" [../dct.c:119]   --->   Operation 168 'store' 'store_ln119' <Predicate = true> <Delay = 0.00> <CoreInst = "RAM">   --->   Core 81 'RAM' <Latency = 1> <II = 1> <Delay = 2.77> <Storage> <Opcode : 'load' 'store'> <Ports = 2> <Width = 16> <Depth = 64> <RAM>
ST_23 : Operation 169 [1/1] (0.00ns)   --->   "%output_r_addr_45 = getelementptr i16 %output_r, i64 0, i64 45" [../dct.c:119]   --->   Operation 169 'getelementptr' 'output_r_addr_45' <Predicate = true> <Delay = 0.00>
ST_23 : Operation 170 [1/1] ( I:0.00ns O:0.00ns )   --->   "%store_ln119 = store i16 %buf_read_19, i6 %output_r_addr_45" [../dct.c:119]   --->   Operation 170 'store' 'store_ln119' <Predicate = true> <Delay = 0.00> <CoreInst = "RAM">   --->   Core 81 'RAM' <Latency = 1> <II = 1> <Delay = 2.77> <Storage> <Opcode : 'load' 'store'> <Ports = 2> <Width = 16> <Depth = 64> <RAM>

State 24 <SV = 23> <Delay = 0.00>
ST_24 : Operation 171 [1/1] (0.00ns)   --->   "%buf_read_17 = read i16 @_ssdm_op_Read.ap_auto.i16, i16 %buf_read_237" [../dct.c:108]   --->   Operation 171 'read' 'buf_read_17' <Predicate = true> <Delay = 0.00>
ST_24 : Operation 172 [1/1] (0.00ns)   --->   "%buf_read_18 = read i16 @_ssdm_op_Read.ap_auto.i16, i16 %buf_read_236" [../dct.c:108]   --->   Operation 172 'read' 'buf_read_18' <Predicate = true> <Delay = 0.00>
ST_24 : Operation 173 [1/1] (0.00ns)   --->   "%output_r_addr_46 = getelementptr i16 %output_r, i64 0, i64 46" [../dct.c:119]   --->   Operation 173 'getelementptr' 'output_r_addr_46' <Predicate = true> <Delay = 0.00>
ST_24 : Operation 174 [1/1] ( I:0.00ns O:0.00ns )   --->   "%store_ln119 = store i16 %buf_read_18, i6 %output_r_addr_46" [../dct.c:119]   --->   Operation 174 'store' 'store_ln119' <Predicate = true> <Delay = 0.00> <CoreInst = "RAM">   --->   Core 81 'RAM' <Latency = 1> <II = 1> <Delay = 2.77> <Storage> <Opcode : 'load' 'store'> <Ports = 2> <Width = 16> <Depth = 64> <RAM>
ST_24 : Operation 175 [1/1] (0.00ns)   --->   "%output_r_addr_47 = getelementptr i16 %output_r, i64 0, i64 47" [../dct.c:119]   --->   Operation 175 'getelementptr' 'output_r_addr_47' <Predicate = true> <Delay = 0.00>
ST_24 : Operation 176 [1/1] ( I:0.00ns O:0.00ns )   --->   "%store_ln119 = store i16 %buf_read_17, i6 %output_r_addr_47" [../dct.c:119]   --->   Operation 176 'store' 'store_ln119' <Predicate = true> <Delay = 0.00> <CoreInst = "RAM">   --->   Core 81 'RAM' <Latency = 1> <II = 1> <Delay = 2.77> <Storage> <Opcode : 'load' 'store'> <Ports = 2> <Width = 16> <Depth = 64> <RAM>

State 25 <SV = 24> <Delay = 0.00>
ST_25 : Operation 177 [1/1] (0.00ns)   --->   "%buf_read_15 = read i16 @_ssdm_op_Read.ap_auto.i16, i16 %buf_read_239" [../dct.c:108]   --->   Operation 177 'read' 'buf_read_15' <Predicate = true> <Delay = 0.00>
ST_25 : Operation 178 [1/1] (0.00ns)   --->   "%buf_read_16 = read i16 @_ssdm_op_Read.ap_auto.i16, i16 %buf_read_238" [../dct.c:108]   --->   Operation 178 'read' 'buf_read_16' <Predicate = true> <Delay = 0.00>
ST_25 : Operation 179 [1/1] (0.00ns)   --->   "%output_r_addr_48 = getelementptr i16 %output_r, i64 0, i64 48" [../dct.c:119]   --->   Operation 179 'getelementptr' 'output_r_addr_48' <Predicate = true> <Delay = 0.00>
ST_25 : Operation 180 [1/1] ( I:0.00ns O:0.00ns )   --->   "%store_ln119 = store i16 %buf_read_16, i6 %output_r_addr_48" [../dct.c:119]   --->   Operation 180 'store' 'store_ln119' <Predicate = true> <Delay = 0.00> <CoreInst = "RAM">   --->   Core 81 'RAM' <Latency = 1> <II = 1> <Delay = 2.77> <Storage> <Opcode : 'load' 'store'> <Ports = 2> <Width = 16> <Depth = 64> <RAM>
ST_25 : Operation 181 [1/1] (0.00ns)   --->   "%output_r_addr_49 = getelementptr i16 %output_r, i64 0, i64 49" [../dct.c:119]   --->   Operation 181 'getelementptr' 'output_r_addr_49' <Predicate = true> <Delay = 0.00>
ST_25 : Operation 182 [1/1] ( I:0.00ns O:0.00ns )   --->   "%store_ln119 = store i16 %buf_read_15, i6 %output_r_addr_49" [../dct.c:119]   --->   Operation 182 'store' 'store_ln119' <Predicate = true> <Delay = 0.00> <CoreInst = "RAM">   --->   Core 81 'RAM' <Latency = 1> <II = 1> <Delay = 2.77> <Storage> <Opcode : 'load' 'store'> <Ports = 2> <Width = 16> <Depth = 64> <RAM>

State 26 <SV = 25> <Delay = 0.00>
ST_26 : Operation 183 [1/1] (0.00ns)   --->   "%buf_read_13 = read i16 @_ssdm_op_Read.ap_auto.i16, i16 %buf_read_241" [../dct.c:108]   --->   Operation 183 'read' 'buf_read_13' <Predicate = true> <Delay = 0.00>
ST_26 : Operation 184 [1/1] (0.00ns)   --->   "%buf_read_14 = read i16 @_ssdm_op_Read.ap_auto.i16, i16 %buf_read_240" [../dct.c:108]   --->   Operation 184 'read' 'buf_read_14' <Predicate = true> <Delay = 0.00>
ST_26 : Operation 185 [1/1] (0.00ns)   --->   "%output_r_addr_50 = getelementptr i16 %output_r, i64 0, i64 50" [../dct.c:119]   --->   Operation 185 'getelementptr' 'output_r_addr_50' <Predicate = true> <Delay = 0.00>
ST_26 : Operation 186 [1/1] ( I:0.00ns O:0.00ns )   --->   "%store_ln119 = store i16 %buf_read_14, i6 %output_r_addr_50" [../dct.c:119]   --->   Operation 186 'store' 'store_ln119' <Predicate = true> <Delay = 0.00> <CoreInst = "RAM">   --->   Core 81 'RAM' <Latency = 1> <II = 1> <Delay = 2.77> <Storage> <Opcode : 'load' 'store'> <Ports = 2> <Width = 16> <Depth = 64> <RAM>
ST_26 : Operation 187 [1/1] (0.00ns)   --->   "%output_r_addr_51 = getelementptr i16 %output_r, i64 0, i64 51" [../dct.c:119]   --->   Operation 187 'getelementptr' 'output_r_addr_51' <Predicate = true> <Delay = 0.00>
ST_26 : Operation 188 [1/1] ( I:0.00ns O:0.00ns )   --->   "%store_ln119 = store i16 %buf_read_13, i6 %output_r_addr_51" [../dct.c:119]   --->   Operation 188 'store' 'store_ln119' <Predicate = true> <Delay = 0.00> <CoreInst = "RAM">   --->   Core 81 'RAM' <Latency = 1> <II = 1> <Delay = 2.77> <Storage> <Opcode : 'load' 'store'> <Ports = 2> <Width = 16> <Depth = 64> <RAM>

State 27 <SV = 26> <Delay = 0.00>
ST_27 : Operation 189 [1/1] (0.00ns)   --->   "%buf_read_11 = read i16 @_ssdm_op_Read.ap_auto.i16, i16 %buf_read_243" [../dct.c:108]   --->   Operation 189 'read' 'buf_read_11' <Predicate = true> <Delay = 0.00>
ST_27 : Operation 190 [1/1] (0.00ns)   --->   "%buf_read_12 = read i16 @_ssdm_op_Read.ap_auto.i16, i16 %buf_read_242" [../dct.c:108]   --->   Operation 190 'read' 'buf_read_12' <Predicate = true> <Delay = 0.00>
ST_27 : Operation 191 [1/1] (0.00ns)   --->   "%output_r_addr_52 = getelementptr i16 %output_r, i64 0, i64 52" [../dct.c:119]   --->   Operation 191 'getelementptr' 'output_r_addr_52' <Predicate = true> <Delay = 0.00>
ST_27 : Operation 192 [1/1] ( I:0.00ns O:0.00ns )   --->   "%store_ln119 = store i16 %buf_read_12, i6 %output_r_addr_52" [../dct.c:119]   --->   Operation 192 'store' 'store_ln119' <Predicate = true> <Delay = 0.00> <CoreInst = "RAM">   --->   Core 81 'RAM' <Latency = 1> <II = 1> <Delay = 2.77> <Storage> <Opcode : 'load' 'store'> <Ports = 2> <Width = 16> <Depth = 64> <RAM>
ST_27 : Operation 193 [1/1] (0.00ns)   --->   "%output_r_addr_53 = getelementptr i16 %output_r, i64 0, i64 53" [../dct.c:119]   --->   Operation 193 'getelementptr' 'output_r_addr_53' <Predicate = true> <Delay = 0.00>
ST_27 : Operation 194 [1/1] ( I:0.00ns O:0.00ns )   --->   "%store_ln119 = store i16 %buf_read_11, i6 %output_r_addr_53" [../dct.c:119]   --->   Operation 194 'store' 'store_ln119' <Predicate = true> <Delay = 0.00> <CoreInst = "RAM">   --->   Core 81 'RAM' <Latency = 1> <II = 1> <Delay = 2.77> <Storage> <Opcode : 'load' 'store'> <Ports = 2> <Width = 16> <Depth = 64> <RAM>

State 28 <SV = 27> <Delay = 0.00>
ST_28 : Operation 195 [1/1] (0.00ns)   --->   "%buf_read_9 = read i16 @_ssdm_op_Read.ap_auto.i16, i16 %buf_read_245" [../dct.c:108]   --->   Operation 195 'read' 'buf_read_9' <Predicate = true> <Delay = 0.00>
ST_28 : Operation 196 [1/1] (0.00ns)   --->   "%buf_read_10 = read i16 @_ssdm_op_Read.ap_auto.i16, i16 %buf_read_244" [../dct.c:108]   --->   Operation 196 'read' 'buf_read_10' <Predicate = true> <Delay = 0.00>
ST_28 : Operation 197 [1/1] (0.00ns)   --->   "%output_r_addr_54 = getelementptr i16 %output_r, i64 0, i64 54" [../dct.c:119]   --->   Operation 197 'getelementptr' 'output_r_addr_54' <Predicate = true> <Delay = 0.00>
ST_28 : Operation 198 [1/1] ( I:0.00ns O:0.00ns )   --->   "%store_ln119 = store i16 %buf_read_10, i6 %output_r_addr_54" [../dct.c:119]   --->   Operation 198 'store' 'store_ln119' <Predicate = true> <Delay = 0.00> <CoreInst = "RAM">   --->   Core 81 'RAM' <Latency = 1> <II = 1> <Delay = 2.77> <Storage> <Opcode : 'load' 'store'> <Ports = 2> <Width = 16> <Depth = 64> <RAM>
ST_28 : Operation 199 [1/1] (0.00ns)   --->   "%output_r_addr_55 = getelementptr i16 %output_r, i64 0, i64 55" [../dct.c:119]   --->   Operation 199 'getelementptr' 'output_r_addr_55' <Predicate = true> <Delay = 0.00>
ST_28 : Operation 200 [1/1] ( I:0.00ns O:0.00ns )   --->   "%store_ln119 = store i16 %buf_read_9, i6 %output_r_addr_55" [../dct.c:119]   --->   Operation 200 'store' 'store_ln119' <Predicate = true> <Delay = 0.00> <CoreInst = "RAM">   --->   Core 81 'RAM' <Latency = 1> <II = 1> <Delay = 2.77> <Storage> <Opcode : 'load' 'store'> <Ports = 2> <Width = 16> <Depth = 64> <RAM>

State 29 <SV = 28> <Delay = 0.00>
ST_29 : Operation 201 [1/1] (0.00ns)   --->   "%buf_read_7 = read i16 @_ssdm_op_Read.ap_auto.i16, i16 %buf_read_247" [../dct.c:108]   --->   Operation 201 'read' 'buf_read_7' <Predicate = true> <Delay = 0.00>
ST_29 : Operation 202 [1/1] (0.00ns)   --->   "%buf_read_8 = read i16 @_ssdm_op_Read.ap_auto.i16, i16 %buf_read_246" [../dct.c:108]   --->   Operation 202 'read' 'buf_read_8' <Predicate = true> <Delay = 0.00>
ST_29 : Operation 203 [1/1] (0.00ns)   --->   "%output_r_addr_56 = getelementptr i16 %output_r, i64 0, i64 56" [../dct.c:119]   --->   Operation 203 'getelementptr' 'output_r_addr_56' <Predicate = true> <Delay = 0.00>
ST_29 : Operation 204 [1/1] ( I:0.00ns O:0.00ns )   --->   "%store_ln119 = store i16 %buf_read_8, i6 %output_r_addr_56" [../dct.c:119]   --->   Operation 204 'store' 'store_ln119' <Predicate = true> <Delay = 0.00> <CoreInst = "RAM">   --->   Core 81 'RAM' <Latency = 1> <II = 1> <Delay = 2.77> <Storage> <Opcode : 'load' 'store'> <Ports = 2> <Width = 16> <Depth = 64> <RAM>
ST_29 : Operation 205 [1/1] (0.00ns)   --->   "%output_r_addr_57 = getelementptr i16 %output_r, i64 0, i64 57" [../dct.c:119]   --->   Operation 205 'getelementptr' 'output_r_addr_57' <Predicate = true> <Delay = 0.00>
ST_29 : Operation 206 [1/1] ( I:0.00ns O:0.00ns )   --->   "%store_ln119 = store i16 %buf_read_7, i6 %output_r_addr_57" [../dct.c:119]   --->   Operation 206 'store' 'store_ln119' <Predicate = true> <Delay = 0.00> <CoreInst = "RAM">   --->   Core 81 'RAM' <Latency = 1> <II = 1> <Delay = 2.77> <Storage> <Opcode : 'load' 'store'> <Ports = 2> <Width = 16> <Depth = 64> <RAM>

State 30 <SV = 29> <Delay = 0.00>
ST_30 : Operation 207 [1/1] (0.00ns)   --->   "%buf_read_5 = read i16 @_ssdm_op_Read.ap_auto.i16, i16 %buf_read_249" [../dct.c:108]   --->   Operation 207 'read' 'buf_read_5' <Predicate = true> <Delay = 0.00>
ST_30 : Operation 208 [1/1] (0.00ns)   --->   "%buf_read_6 = read i16 @_ssdm_op_Read.ap_auto.i16, i16 %buf_read_248" [../dct.c:108]   --->   Operation 208 'read' 'buf_read_6' <Predicate = true> <Delay = 0.00>
ST_30 : Operation 209 [1/1] (0.00ns)   --->   "%output_r_addr_58 = getelementptr i16 %output_r, i64 0, i64 58" [../dct.c:119]   --->   Operation 209 'getelementptr' 'output_r_addr_58' <Predicate = true> <Delay = 0.00>
ST_30 : Operation 210 [1/1] ( I:0.00ns O:0.00ns )   --->   "%store_ln119 = store i16 %buf_read_6, i6 %output_r_addr_58" [../dct.c:119]   --->   Operation 210 'store' 'store_ln119' <Predicate = true> <Delay = 0.00> <CoreInst = "RAM">   --->   Core 81 'RAM' <Latency = 1> <II = 1> <Delay = 2.77> <Storage> <Opcode : 'load' 'store'> <Ports = 2> <Width = 16> <Depth = 64> <RAM>
ST_30 : Operation 211 [1/1] (0.00ns)   --->   "%output_r_addr_59 = getelementptr i16 %output_r, i64 0, i64 59" [../dct.c:119]   --->   Operation 211 'getelementptr' 'output_r_addr_59' <Predicate = true> <Delay = 0.00>
ST_30 : Operation 212 [1/1] ( I:0.00ns O:0.00ns )   --->   "%store_ln119 = store i16 %buf_read_5, i6 %output_r_addr_59" [../dct.c:119]   --->   Operation 212 'store' 'store_ln119' <Predicate = true> <Delay = 0.00> <CoreInst = "RAM">   --->   Core 81 'RAM' <Latency = 1> <II = 1> <Delay = 2.77> <Storage> <Opcode : 'load' 'store'> <Ports = 2> <Width = 16> <Depth = 64> <RAM>

State 31 <SV = 30> <Delay = 0.00>
ST_31 : Operation 213 [1/1] (0.00ns)   --->   "%buf_read_3 = read i16 @_ssdm_op_Read.ap_auto.i16, i16 %buf_read_251" [../dct.c:108]   --->   Operation 213 'read' 'buf_read_3' <Predicate = true> <Delay = 0.00>
ST_31 : Operation 214 [1/1] (0.00ns)   --->   "%buf_read_4 = read i16 @_ssdm_op_Read.ap_auto.i16, i16 %buf_read_250" [../dct.c:108]   --->   Operation 214 'read' 'buf_read_4' <Predicate = true> <Delay = 0.00>
ST_31 : Operation 215 [1/1] (0.00ns)   --->   "%output_r_addr_60 = getelementptr i16 %output_r, i64 0, i64 60" [../dct.c:119]   --->   Operation 215 'getelementptr' 'output_r_addr_60' <Predicate = true> <Delay = 0.00>
ST_31 : Operation 216 [1/1] ( I:0.00ns O:0.00ns )   --->   "%store_ln119 = store i16 %buf_read_4, i6 %output_r_addr_60" [../dct.c:119]   --->   Operation 216 'store' 'store_ln119' <Predicate = true> <Delay = 0.00> <CoreInst = "RAM">   --->   Core 81 'RAM' <Latency = 1> <II = 1> <Delay = 2.77> <Storage> <Opcode : 'load' 'store'> <Ports = 2> <Width = 16> <Depth = 64> <RAM>
ST_31 : Operation 217 [1/1] (0.00ns)   --->   "%output_r_addr_61 = getelementptr i16 %output_r, i64 0, i64 61" [../dct.c:119]   --->   Operation 217 'getelementptr' 'output_r_addr_61' <Predicate = true> <Delay = 0.00>
ST_31 : Operation 218 [1/1] ( I:0.00ns O:0.00ns )   --->   "%store_ln119 = store i16 %buf_read_3, i6 %output_r_addr_61" [../dct.c:119]   --->   Operation 218 'store' 'store_ln119' <Predicate = true> <Delay = 0.00> <CoreInst = "RAM">   --->   Core 81 'RAM' <Latency = 1> <II = 1> <Delay = 2.77> <Storage> <Opcode : 'load' 'store'> <Ports = 2> <Width = 16> <Depth = 64> <RAM>

State 32 <SV = 31> <Delay = 0.00>
ST_32 : Operation 219 [1/1] (0.00ns)   --->   "%specinterface_ln0 = specinterface void @_ssdm_op_SpecInterface, i16 %output_r, void @empty, i32 0, i32 0, void @empty_0, i32 4294967295, i32 0, void @empty_0, void @empty_0, void @empty_0, i32 0, i32 0, i32 0, i32 0, void @empty_0, void @empty_0, i32 4294967295, i32 0, i32 0, i32 0"   --->   Operation 219 'specinterface' 'specinterface_ln0' <Predicate = true> <Delay = 0.00>
ST_32 : Operation 220 [1/1] (0.00ns)   --->   "%specpipeline_ln113 = specpipeline void @_ssdm_op_SpecPipeline, i32 1, i32 0, i32 0, i32 0, i32 4294967295, void @empty_0" [../dct.c:113]   --->   Operation 220 'specpipeline' 'specpipeline_ln113' <Predicate = true> <Delay = 0.00>
ST_32 : Operation 221 [1/1] (0.00ns)   --->   "%buf_read_1 = read i16 @_ssdm_op_Read.ap_auto.i16, i16 %buf_read_253" [../dct.c:108]   --->   Operation 221 'read' 'buf_read_1' <Predicate = true> <Delay = 0.00>
ST_32 : Operation 222 [1/1] (0.00ns)   --->   "%buf_read_2 = read i16 @_ssdm_op_Read.ap_auto.i16, i16 %buf_read_252" [../dct.c:108]   --->   Operation 222 'read' 'buf_read_2' <Predicate = true> <Delay = 0.00>
ST_32 : Operation 223 [1/1] (0.00ns)   --->   "%output_r_addr_62 = getelementptr i16 %output_r, i64 0, i64 62" [../dct.c:119]   --->   Operation 223 'getelementptr' 'output_r_addr_62' <Predicate = true> <Delay = 0.00>
ST_32 : Operation 224 [1/1] ( I:0.00ns O:0.00ns )   --->   "%store_ln119 = store i16 %buf_read_2, i6 %output_r_addr_62" [../dct.c:119]   --->   Operation 224 'store' 'store_ln119' <Predicate = true> <Delay = 0.00> <CoreInst = "RAM">   --->   Core 81 'RAM' <Latency = 1> <II = 1> <Delay = 2.77> <Storage> <Opcode : 'load' 'store'> <Ports = 2> <Width = 16> <Depth = 64> <RAM>
ST_32 : Operation 225 [1/1] (0.00ns)   --->   "%output_r_addr_63 = getelementptr i16 %output_r, i64 0, i64 63" [../dct.c:119]   --->   Operation 225 'getelementptr' 'output_r_addr_63' <Predicate = true> <Delay = 0.00>
ST_32 : Operation 226 [1/1] ( I:0.00ns O:0.00ns )   --->   "%store_ln119 = store i16 %buf_read_1, i6 %output_r_addr_63" [../dct.c:119]   --->   Operation 226 'store' 'store_ln119' <Predicate = true> <Delay = 0.00> <CoreInst = "RAM">   --->   Core 81 'RAM' <Latency = 1> <II = 1> <Delay = 2.77> <Storage> <Opcode : 'load' 'store'> <Ports = 2> <Width = 16> <Depth = 64> <RAM>
ST_32 : Operation 227 [1/1] (0.00ns)   --->   "%ret_ln121 = ret" [../dct.c:121]   --->   Operation 227 'ret' 'ret_ln121' <Predicate = true> <Delay = 0.00>


============================================================
+ Verbose Summary: Binding
============================================================
STG Binding: 
---------------- STG Properties BEGIN ----------------
- Is combinational: 0
- Is one-state seq: 0
- Is datapath-only: 0
- Is pipelined: 1
- Is top level: 0
Port [ Return ] is wired: 1; IO mode=ap_ctrl_hs:ce=0
Port [ buf_read]:  wired=1; compound=0; hidden=0; nouse=0; global=0; static=0; extern=0; dir=0; type=0; pingpong=0; private_global=0; IO mode=ap_none:ce=0
Port [ buf_read_191]:  wired=1; compound=0; hidden=0; nouse=0; global=0; static=0; extern=0; dir=0; type=0; pingpong=0; private_global=0; IO mode=ap_none:ce=0
Port [ buf_read_192]:  wired=1; compound=0; hidden=0; nouse=0; global=0; static=0; extern=0; dir=0; type=0; pingpong=0; private_global=0; IO mode=ap_none:ce=0
Port [ buf_read_193]:  wired=1; compound=0; hidden=0; nouse=0; global=0; static=0; extern=0; dir=0; type=0; pingpong=0; private_global=0; IO mode=ap_none:ce=0
Port [ buf_read_194]:  wired=1; compound=0; hidden=0; nouse=0; global=0; static=0; extern=0; dir=0; type=0; pingpong=0; private_global=0; IO mode=ap_none:ce=0
Port [ buf_read_195]:  wired=1; compound=0; hidden=0; nouse=0; global=0; static=0; extern=0; dir=0; type=0; pingpong=0; private_global=0; IO mode=ap_none:ce=0
Port [ buf_read_196]:  wired=1; compound=0; hidden=0; nouse=0; global=0; static=0; extern=0; dir=0; type=0; pingpong=0; private_global=0; IO mode=ap_none:ce=0
Port [ buf_read_197]:  wired=1; compound=0; hidden=0; nouse=0; global=0; static=0; extern=0; dir=0; type=0; pingpong=0; private_global=0; IO mode=ap_none:ce=0
Port [ buf_read_198]:  wired=1; compound=0; hidden=0; nouse=0; global=0; static=0; extern=0; dir=0; type=0; pingpong=0; private_global=0; IO mode=ap_none:ce=0
Port [ buf_read_199]:  wired=1; compound=0; hidden=0; nouse=0; global=0; static=0; extern=0; dir=0; type=0; pingpong=0; private_global=0; IO mode=ap_none:ce=0
Port [ buf_read_200]:  wired=1; compound=0; hidden=0; nouse=0; global=0; static=0; extern=0; dir=0; type=0; pingpong=0; private_global=0; IO mode=ap_none:ce=0
Port [ buf_read_201]:  wired=1; compound=0; hidden=0; nouse=0; global=0; static=0; extern=0; dir=0; type=0; pingpong=0; private_global=0; IO mode=ap_none:ce=0
Port [ buf_read_202]:  wired=1; compound=0; hidden=0; nouse=0; global=0; static=0; extern=0; dir=0; type=0; pingpong=0; private_global=0; IO mode=ap_none:ce=0
Port [ buf_read_203]:  wired=1; compound=0; hidden=0; nouse=0; global=0; static=0; extern=0; dir=0; type=0; pingpong=0; private_global=0; IO mode=ap_none:ce=0
Port [ buf_read_204]:  wired=1; compound=0; hidden=0; nouse=0; global=0; static=0; extern=0; dir=0; type=0; pingpong=0; private_global=0; IO mode=ap_none:ce=0
Port [ buf_read_205]:  wired=1; compound=0; hidden=0; nouse=0; global=0; static=0; extern=0; dir=0; type=0; pingpong=0; private_global=0; IO mode=ap_none:ce=0
Port [ buf_read_206]:  wired=1; compound=0; hidden=0; nouse=0; global=0; static=0; extern=0; dir=0; type=0; pingpong=0; private_global=0; IO mode=ap_none:ce=0
Port [ buf_read_207]:  wired=1; compound=0; hidden=0; nouse=0; global=0; static=0; extern=0; dir=0; type=0; pingpong=0; private_global=0; IO mode=ap_none:ce=0
Port [ buf_read_208]:  wired=1; compound=0; hidden=0; nouse=0; global=0; static=0; extern=0; dir=0; type=0; pingpong=0; private_global=0; IO mode=ap_none:ce=0
Port [ buf_read_209]:  wired=1; compound=0; hidden=0; nouse=0; global=0; static=0; extern=0; dir=0; type=0; pingpong=0; private_global=0; IO mode=ap_none:ce=0
Port [ buf_read_210]:  wired=1; compound=0; hidden=0; nouse=0; global=0; static=0; extern=0; dir=0; type=0; pingpong=0; private_global=0; IO mode=ap_none:ce=0
Port [ buf_read_211]:  wired=1; compound=0; hidden=0; nouse=0; global=0; static=0; extern=0; dir=0; type=0; pingpong=0; private_global=0; IO mode=ap_none:ce=0
Port [ buf_read_212]:  wired=1; compound=0; hidden=0; nouse=0; global=0; static=0; extern=0; dir=0; type=0; pingpong=0; private_global=0; IO mode=ap_none:ce=0
Port [ buf_read_213]:  wired=1; compound=0; hidden=0; nouse=0; global=0; static=0; extern=0; dir=0; type=0; pingpong=0; private_global=0; IO mode=ap_none:ce=0
Port [ buf_read_214]:  wired=1; compound=0; hidden=0; nouse=0; global=0; static=0; extern=0; dir=0; type=0; pingpong=0; private_global=0; IO mode=ap_none:ce=0
Port [ buf_read_215]:  wired=1; compound=0; hidden=0; nouse=0; global=0; static=0; extern=0; dir=0; type=0; pingpong=0; private_global=0; IO mode=ap_none:ce=0
Port [ buf_read_216]:  wired=1; compound=0; hidden=0; nouse=0; global=0; static=0; extern=0; dir=0; type=0; pingpong=0; private_global=0; IO mode=ap_none:ce=0
Port [ buf_read_217]:  wired=1; compound=0; hidden=0; nouse=0; global=0; static=0; extern=0; dir=0; type=0; pingpong=0; private_global=0; IO mode=ap_none:ce=0
Port [ buf_read_218]:  wired=1; compound=0; hidden=0; nouse=0; global=0; static=0; extern=0; dir=0; type=0; pingpong=0; private_global=0; IO mode=ap_none:ce=0
Port [ buf_read_219]:  wired=1; compound=0; hidden=0; nouse=0; global=0; static=0; extern=0; dir=0; type=0; pingpong=0; private_global=0; IO mode=ap_none:ce=0
Port [ buf_read_220]:  wired=1; compound=0; hidden=0; nouse=0; global=0; static=0; extern=0; dir=0; type=0; pingpong=0; private_global=0; IO mode=ap_none:ce=0
Port [ buf_read_221]:  wired=1; compound=0; hidden=0; nouse=0; global=0; static=0; extern=0; dir=0; type=0; pingpong=0; private_global=0; IO mode=ap_none:ce=0
Port [ buf_read_222]:  wired=1; compound=0; hidden=0; nouse=0; global=0; static=0; extern=0; dir=0; type=0; pingpong=0; private_global=0; IO mode=ap_none:ce=0
Port [ buf_read_223]:  wired=1; compound=0; hidden=0; nouse=0; global=0; static=0; extern=0; dir=0; type=0; pingpong=0; private_global=0; IO mode=ap_none:ce=0
Port [ buf_read_224]:  wired=1; compound=0; hidden=0; nouse=0; global=0; static=0; extern=0; dir=0; type=0; pingpong=0; private_global=0; IO mode=ap_none:ce=0
Port [ buf_read_225]:  wired=1; compound=0; hidden=0; nouse=0; global=0; static=0; extern=0; dir=0; type=0; pingpong=0; private_global=0; IO mode=ap_none:ce=0
Port [ buf_read_226]:  wired=1; compound=0; hidden=0; nouse=0; global=0; static=0; extern=0; dir=0; type=0; pingpong=0; private_global=0; IO mode=ap_none:ce=0
Port [ buf_read_227]:  wired=1; compound=0; hidden=0; nouse=0; global=0; static=0; extern=0; dir=0; type=0; pingpong=0; private_global=0; IO mode=ap_none:ce=0
Port [ buf_read_228]:  wired=1; compound=0; hidden=0; nouse=0; global=0; static=0; extern=0; dir=0; type=0; pingpong=0; private_global=0; IO mode=ap_none:ce=0
Port [ buf_read_229]:  wired=1; compound=0; hidden=0; nouse=0; global=0; static=0; extern=0; dir=0; type=0; pingpong=0; private_global=0; IO mode=ap_none:ce=0
Port [ buf_read_230]:  wired=1; compound=0; hidden=0; nouse=0; global=0; static=0; extern=0; dir=0; type=0; pingpong=0; private_global=0; IO mode=ap_none:ce=0
Port [ buf_read_231]:  wired=1; compound=0; hidden=0; nouse=0; global=0; static=0; extern=0; dir=0; type=0; pingpong=0; private_global=0; IO mode=ap_none:ce=0
Port [ buf_read_232]:  wired=1; compound=0; hidden=0; nouse=0; global=0; static=0; extern=0; dir=0; type=0; pingpong=0; private_global=0; IO mode=ap_none:ce=0
Port [ buf_read_233]:  wired=1; compound=0; hidden=0; nouse=0; global=0; static=0; extern=0; dir=0; type=0; pingpong=0; private_global=0; IO mode=ap_none:ce=0
Port [ buf_read_234]:  wired=1; compound=0; hidden=0; nouse=0; global=0; static=0; extern=0; dir=0; type=0; pingpong=0; private_global=0; IO mode=ap_none:ce=0
Port [ buf_read_235]:  wired=1; compound=0; hidden=0; nouse=0; global=0; static=0; extern=0; dir=0; type=0; pingpong=0; private_global=0; IO mode=ap_none:ce=0
Port [ buf_read_236]:  wired=1; compound=0; hidden=0; nouse=0; global=0; static=0; extern=0; dir=0; type=0; pingpong=0; private_global=0; IO mode=ap_none:ce=0
Port [ buf_read_237]:  wired=1; compound=0; hidden=0; nouse=0; global=0; static=0; extern=0; dir=0; type=0; pingpong=0; private_global=0; IO mode=ap_none:ce=0
Port [ buf_read_238]:  wired=1; compound=0; hidden=0; nouse=0; global=0; static=0; extern=0; dir=0; type=0; pingpong=0; private_global=0; IO mode=ap_none:ce=0
Port [ buf_read_239]:  wired=1; compound=0; hidden=0; nouse=0; global=0; static=0; extern=0; dir=0; type=0; pingpong=0; private_global=0; IO mode=ap_none:ce=0
Port [ buf_read_240]:  wired=1; compound=0; hidden=0; nouse=0; global=0; static=0; extern=0; dir=0; type=0; pingpong=0; private_global=0; IO mode=ap_none:ce=0
Port [ buf_read_241]:  wired=1; compound=0; hidden=0; nouse=0; global=0; static=0; extern=0; dir=0; type=0; pingpong=0; private_global=0; IO mode=ap_none:ce=0
Port [ buf_read_242]:  wired=1; compound=0; hidden=0; nouse=0; global=0; static=0; extern=0; dir=0; type=0; pingpong=0; private_global=0; IO mode=ap_none:ce=0
Port [ buf_read_243]:  wired=1; compound=0; hidden=0; nouse=0; global=0; static=0; extern=0; dir=0; type=0; pingpong=0; private_global=0; IO mode=ap_none:ce=0
Port [ buf_read_244]:  wired=1; compound=0; hidden=0; nouse=0; global=0; static=0; extern=0; dir=0; type=0; pingpong=0; private_global=0; IO mode=ap_none:ce=0
Port [ buf_read_245]:  wired=1; compound=0; hidden=0; nouse=0; global=0; static=0; extern=0; dir=0; type=0; pingpong=0; private_global=0; IO mode=ap_none:ce=0
Port [ buf_read_246]:  wired=1; compound=0; hidden=0; nouse=0; global=0; static=0; extern=0; dir=0; type=0; pingpong=0; private_global=0; IO mode=ap_none:ce=0
Port [ buf_read_247]:  wired=1; compound=0; hidden=0; nouse=0; global=0; static=0; extern=0; dir=0; type=0; pingpong=0; private_global=0; IO mode=ap_none:ce=0
Port [ buf_read_248]:  wired=1; compound=0; hidden=0; nouse=0; global=0; static=0; extern=0; dir=0; type=0; pingpong=0; private_global=0; IO mode=ap_none:ce=0
Port [ buf_read_249]:  wired=1; compound=0; hidden=0; nouse=0; global=0; static=0; extern=0; dir=0; type=0; pingpong=0; private_global=0; IO mode=ap_none:ce=0
Port [ buf_read_250]:  wired=1; compound=0; hidden=0; nouse=0; global=0; static=0; extern=0; dir=0; type=0; pingpong=0; private_global=0; IO mode=ap_none:ce=0
Port [ buf_read_251]:  wired=1; compound=0; hidden=0; nouse=0; global=0; static=0; extern=0; dir=0; type=0; pingpong=0; private_global=0; IO mode=ap_none:ce=0
Port [ buf_read_252]:  wired=1; compound=0; hidden=0; nouse=0; global=0; static=0; extern=0; dir=0; type=0; pingpong=0; private_global=0; IO mode=ap_none:ce=0
Port [ buf_read_253]:  wired=1; compound=0; hidden=0; nouse=0; global=0; static=0; extern=0; dir=0; type=0; pingpong=0; private_global=0; IO mode=ap_none:ce=0
Port [ output_r]:  wired=1; compound=1; hidden=0; nouse=0; global=0; static=0; extern=0; dir=1; type=1; pingpong=0; private_global=0; MemPort=[00]; IO mode=ap_memory:ce=0
---------------- STG Properties END ------------------

---------------- Datapath Model BEGIN ----------------

<LifeTime>
<method=bitvector/>
buf_read_63        (read         ) [ 000000000000000000000000000000000]
buf_read_127       (read         ) [ 000000000000000000000000000000000]
output_r_addr      (getelementptr) [ 000000000000000000000000000000000]
store_ln119        (store        ) [ 000000000000000000000000000000000]
output_r_addr_1    (getelementptr) [ 000000000000000000000000000000000]
store_ln119        (store        ) [ 000000000000000000000000000000000]
buf_read_61        (read         ) [ 000000000000000000000000000000000]
buf_read_62        (read         ) [ 000000000000000000000000000000000]
output_r_addr_2    (getelementptr) [ 000000000000000000000000000000000]
store_ln119        (store        ) [ 000000000000000000000000000000000]
output_r_addr_3    (getelementptr) [ 000000000000000000000000000000000]
store_ln119        (store        ) [ 000000000000000000000000000000000]
buf_read_59        (read         ) [ 000000000000000000000000000000000]
buf_read_60        (read         ) [ 000000000000000000000000000000000]
output_r_addr_4    (getelementptr) [ 000000000000000000000000000000000]
store_ln119        (store        ) [ 000000000000000000000000000000000]
output_r_addr_5    (getelementptr) [ 000000000000000000000000000000000]
store_ln119        (store        ) [ 000000000000000000000000000000000]
buf_read_57        (read         ) [ 000000000000000000000000000000000]
buf_read_58        (read         ) [ 000000000000000000000000000000000]
output_r_addr_6    (getelementptr) [ 000000000000000000000000000000000]
store_ln119        (store        ) [ 000000000000000000000000000000000]
output_r_addr_7    (getelementptr) [ 000000000000000000000000000000000]
store_ln119        (store        ) [ 000000000000000000000000000000000]
buf_read_55        (read         ) [ 000000000000000000000000000000000]
buf_read_56        (read         ) [ 000000000000000000000000000000000]
output_r_addr_8    (getelementptr) [ 000000000000000000000000000000000]
store_ln119        (store        ) [ 000000000000000000000000000000000]
output_r_addr_9    (getelementptr) [ 000000000000000000000000000000000]
store_ln119        (store        ) [ 000000000000000000000000000000000]
buf_read_53        (read         ) [ 000000000000000000000000000000000]
buf_read_54        (read         ) [ 000000000000000000000000000000000]
output_r_addr_10   (getelementptr) [ 000000000000000000000000000000000]
store_ln119        (store        ) [ 000000000000000000000000000000000]
output_r_addr_11   (getelementptr) [ 000000000000000000000000000000000]
store_ln119        (store        ) [ 000000000000000000000000000000000]
buf_read_51        (read         ) [ 000000000000000000000000000000000]
buf_read_52        (read         ) [ 000000000000000000000000000000000]
output_r_addr_12   (getelementptr) [ 000000000000000000000000000000000]
store_ln119        (store        ) [ 000000000000000000000000000000000]
output_r_addr_13   (getelementptr) [ 000000000000000000000000000000000]
store_ln119        (store        ) [ 000000000000000000000000000000000]
buf_read_49        (read         ) [ 000000000000000000000000000000000]
buf_read_50        (read         ) [ 000000000000000000000000000000000]
output_r_addr_14   (getelementptr) [ 000000000000000000000000000000000]
store_ln119        (store        ) [ 000000000000000000000000000000000]
output_r_addr_15   (getelementptr) [ 000000000000000000000000000000000]
store_ln119        (store        ) [ 000000000000000000000000000000000]
buf_read_47        (read         ) [ 000000000000000000000000000000000]
buf_read_48        (read         ) [ 000000000000000000000000000000000]
output_r_addr_16   (getelementptr) [ 000000000000000000000000000000000]
store_ln119        (store        ) [ 000000000000000000000000000000000]
output_r_addr_17   (getelementptr) [ 000000000000000000000000000000000]
store_ln119        (store        ) [ 000000000000000000000000000000000]
buf_read_45        (read         ) [ 000000000000000000000000000000000]
buf_read_46        (read         ) [ 000000000000000000000000000000000]
output_r_addr_18   (getelementptr) [ 000000000000000000000000000000000]
store_ln119        (store        ) [ 000000000000000000000000000000000]
output_r_addr_19   (getelementptr) [ 000000000000000000000000000000000]
store_ln119        (store        ) [ 000000000000000000000000000000000]
buf_read_43        (read         ) [ 000000000000000000000000000000000]
buf_read_44        (read         ) [ 000000000000000000000000000000000]
output_r_addr_20   (getelementptr) [ 000000000000000000000000000000000]
store_ln119        (store        ) [ 000000000000000000000000000000000]
output_r_addr_21   (getelementptr) [ 000000000000000000000000000000000]
store_ln119        (store        ) [ 000000000000000000000000000000000]
buf_read_41        (read         ) [ 000000000000000000000000000000000]
buf_read_42        (read         ) [ 000000000000000000000000000000000]
output_r_addr_22   (getelementptr) [ 000000000000000000000000000000000]
store_ln119        (store        ) [ 000000000000000000000000000000000]
output_r_addr_23   (getelementptr) [ 000000000000000000000000000000000]
store_ln119        (store        ) [ 000000000000000000000000000000000]
buf_read_39        (read         ) [ 000000000000000000000000000000000]
buf_read_40        (read         ) [ 000000000000000000000000000000000]
output_r_addr_24   (getelementptr) [ 000000000000000000000000000000000]
store_ln119        (store        ) [ 000000000000000000000000000000000]
output_r_addr_25   (getelementptr) [ 000000000000000000000000000000000]
store_ln119        (store        ) [ 000000000000000000000000000000000]
buf_read_37        (read         ) [ 000000000000000000000000000000000]
buf_read_38        (read         ) [ 000000000000000000000000000000000]
output_r_addr_26   (getelementptr) [ 000000000000000000000000000000000]
store_ln119        (store        ) [ 000000000000000000000000000000000]
output_r_addr_27   (getelementptr) [ 000000000000000000000000000000000]
store_ln119        (store        ) [ 000000000000000000000000000000000]
buf_read_35        (read         ) [ 000000000000000000000000000000000]
buf_read_36        (read         ) [ 000000000000000000000000000000000]
output_r_addr_28   (getelementptr) [ 000000000000000000000000000000000]
store_ln119        (store        ) [ 000000000000000000000000000000000]
output_r_addr_29   (getelementptr) [ 000000000000000000000000000000000]
store_ln119        (store        ) [ 000000000000000000000000000000000]
buf_read_33        (read         ) [ 000000000000000000000000000000000]
buf_read_34        (read         ) [ 000000000000000000000000000000000]
output_r_addr_30   (getelementptr) [ 000000000000000000000000000000000]
store_ln119        (store        ) [ 000000000000000000000000000000000]
output_r_addr_31   (getelementptr) [ 000000000000000000000000000000000]
store_ln119        (store        ) [ 000000000000000000000000000000000]
buf_read_31        (read         ) [ 000000000000000000000000000000000]
buf_read_32        (read         ) [ 000000000000000000000000000000000]
output_r_addr_32   (getelementptr) [ 000000000000000000000000000000000]
store_ln119        (store        ) [ 000000000000000000000000000000000]
output_r_addr_33   (getelementptr) [ 000000000000000000000000000000000]
store_ln119        (store        ) [ 000000000000000000000000000000000]
buf_read_29        (read         ) [ 000000000000000000000000000000000]
buf_read_30        (read         ) [ 000000000000000000000000000000000]
output_r_addr_34   (getelementptr) [ 000000000000000000000000000000000]
store_ln119        (store        ) [ 000000000000000000000000000000000]
output_r_addr_35   (getelementptr) [ 000000000000000000000000000000000]
store_ln119        (store        ) [ 000000000000000000000000000000000]
buf_read_27        (read         ) [ 000000000000000000000000000000000]
buf_read_28        (read         ) [ 000000000000000000000000000000000]
output_r_addr_36   (getelementptr) [ 000000000000000000000000000000000]
store_ln119        (store        ) [ 000000000000000000000000000000000]
output_r_addr_37   (getelementptr) [ 000000000000000000000000000000000]
store_ln119        (store        ) [ 000000000000000000000000000000000]
buf_read_25        (read         ) [ 000000000000000000000000000000000]
buf_read_26        (read         ) [ 000000000000000000000000000000000]
output_r_addr_38   (getelementptr) [ 000000000000000000000000000000000]
store_ln119        (store        ) [ 000000000000000000000000000000000]
output_r_addr_39   (getelementptr) [ 000000000000000000000000000000000]
store_ln119        (store        ) [ 000000000000000000000000000000000]
buf_read_23        (read         ) [ 000000000000000000000000000000000]
buf_read_24        (read         ) [ 000000000000000000000000000000000]
output_r_addr_40   (getelementptr) [ 000000000000000000000000000000000]
store_ln119        (store        ) [ 000000000000000000000000000000000]
output_r_addr_41   (getelementptr) [ 000000000000000000000000000000000]
store_ln119        (store        ) [ 000000000000000000000000000000000]
buf_read_21        (read         ) [ 000000000000000000000000000000000]
buf_read_22        (read         ) [ 000000000000000000000000000000000]
output_r_addr_42   (getelementptr) [ 000000000000000000000000000000000]
store_ln119        (store        ) [ 000000000000000000000000000000000]
output_r_addr_43   (getelementptr) [ 000000000000000000000000000000000]
store_ln119        (store        ) [ 000000000000000000000000000000000]
buf_read_19        (read         ) [ 000000000000000000000000000000000]
buf_read_20        (read         ) [ 000000000000000000000000000000000]
output_r_addr_44   (getelementptr) [ 000000000000000000000000000000000]
store_ln119        (store        ) [ 000000000000000000000000000000000]
output_r_addr_45   (getelementptr) [ 000000000000000000000000000000000]
store_ln119        (store        ) [ 000000000000000000000000000000000]
buf_read_17        (read         ) [ 000000000000000000000000000000000]
buf_read_18        (read         ) [ 000000000000000000000000000000000]
output_r_addr_46   (getelementptr) [ 000000000000000000000000000000000]
store_ln119        (store        ) [ 000000000000000000000000000000000]
output_r_addr_47   (getelementptr) [ 000000000000000000000000000000000]
store_ln119        (store        ) [ 000000000000000000000000000000000]
buf_read_15        (read         ) [ 000000000000000000000000000000000]
buf_read_16        (read         ) [ 000000000000000000000000000000000]
output_r_addr_48   (getelementptr) [ 000000000000000000000000000000000]
store_ln119        (store        ) [ 000000000000000000000000000000000]
output_r_addr_49   (getelementptr) [ 000000000000000000000000000000000]
store_ln119        (store        ) [ 000000000000000000000000000000000]
buf_read_13        (read         ) [ 000000000000000000000000000000000]
buf_read_14        (read         ) [ 000000000000000000000000000000000]
output_r_addr_50   (getelementptr) [ 000000000000000000000000000000000]
store_ln119        (store        ) [ 000000000000000000000000000000000]
output_r_addr_51   (getelementptr) [ 000000000000000000000000000000000]
store_ln119        (store        ) [ 000000000000000000000000000000000]
buf_read_11        (read         ) [ 000000000000000000000000000000000]
buf_read_12        (read         ) [ 000000000000000000000000000000000]
output_r_addr_52   (getelementptr) [ 000000000000000000000000000000000]
store_ln119        (store        ) [ 000000000000000000000000000000000]
output_r_addr_53   (getelementptr) [ 000000000000000000000000000000000]
store_ln119        (store        ) [ 000000000000000000000000000000000]
buf_read_9         (read         ) [ 000000000000000000000000000000000]
buf_read_10        (read         ) [ 000000000000000000000000000000000]
output_r_addr_54   (getelementptr) [ 000000000000000000000000000000000]
store_ln119        (store        ) [ 000000000000000000000000000000000]
output_r_addr_55   (getelementptr) [ 000000000000000000000000000000000]
store_ln119        (store        ) [ 000000000000000000000000000000000]
buf_read_7         (read         ) [ 000000000000000000000000000000000]
buf_read_8         (read         ) [ 000000000000000000000000000000000]
output_r_addr_56   (getelementptr) [ 000000000000000000000000000000000]
store_ln119        (store        ) [ 000000000000000000000000000000000]
output_r_addr_57   (getelementptr) [ 000000000000000000000000000000000]
store_ln119        (store        ) [ 000000000000000000000000000000000]
buf_read_5         (read         ) [ 000000000000000000000000000000000]
buf_read_6         (read         ) [ 000000000000000000000000000000000]
output_r_addr_58   (getelementptr) [ 000000000000000000000000000000000]
store_ln119        (store        ) [ 000000000000000000000000000000000]
output_r_addr_59   (getelementptr) [ 000000000000000000000000000000000]
store_ln119        (store        ) [ 000000000000000000000000000000000]
buf_read_3         (read         ) [ 000000000000000000000000000000000]
buf_read_4         (read         ) [ 000000000000000000000000000000000]
output_r_addr_60   (getelementptr) [ 000000000000000000000000000000000]
store_ln119        (store        ) [ 000000000000000000000000000000000]
output_r_addr_61   (getelementptr) [ 000000000000000000000000000000000]
store_ln119        (store        ) [ 000000000000000000000000000000000]
specinterface_ln0  (specinterface) [ 000000000000000000000000000000000]
specpipeline_ln113 (specpipeline ) [ 000000000000000000000000000000000]
buf_read_1         (read         ) [ 000000000000000000000000000000000]
buf_read_2         (read         ) [ 000000000000000000000000000000000]
output_r_addr_62   (getelementptr) [ 000000000000000000000000000000000]
store_ln119        (store        ) [ 000000000000000000000000000000000]
output_r_addr_63   (getelementptr) [ 000000000000000000000000000000000]
store_ln119        (store        ) [ 000000000000000000000000000000000]
ret_ln121          (ret          ) [ 000000000000000000000000000000000]
</LifeTime>

<model>

<comp_list>
<comp id="0" class="1000" name="buf_read">
<pin_list>
<pin id="1" dir="1" index="0" bw="1" slack="0"/>
</pin_list>
<bind>
<StgValue><ssdm name="buf_read"/></StgValue>
</bind>
</comp>

<comp id="2" class="1000" name="buf_read_191">
<pin_list>
<pin id="3" dir="1" index="0" bw="1" slack="0"/>
</pin_list>
<bind>
<StgValue><ssdm name="buf_read_191"/></StgValue>
</bind>
</comp>

<comp id="4" class="1000" name="buf_read_192">
<pin_list>
<pin id="5" dir="1" index="0" bw="1" slack="0"/>
</pin_list>
<bind>
<StgValue><ssdm name="buf_read_192"/></StgValue>
</bind>
</comp>

<comp id="6" class="1000" name="buf_read_193">
<pin_list>
<pin id="7" dir="1" index="0" bw="1" slack="0"/>
</pin_list>
<bind>
<StgValue><ssdm name="buf_read_193"/></StgValue>
</bind>
</comp>

<comp id="8" class="1000" name="buf_read_194">
<pin_list>
<pin id="9" dir="1" index="0" bw="1" slack="0"/>
</pin_list>
<bind>
<StgValue><ssdm name="buf_read_194"/></StgValue>
</bind>
</comp>

<comp id="10" class="1000" name="buf_read_195">
<pin_list>
<pin id="11" dir="1" index="0" bw="1" slack="0"/>
</pin_list>
<bind>
<StgValue><ssdm name="buf_read_195"/></StgValue>
</bind>
</comp>

<comp id="12" class="1000" name="buf_read_196">
<pin_list>
<pin id="13" dir="1" index="0" bw="1" slack="0"/>
</pin_list>
<bind>
<StgValue><ssdm name="buf_read_196"/></StgValue>
</bind>
</comp>

<comp id="14" class="1000" name="buf_read_197">
<pin_list>
<pin id="15" dir="1" index="0" bw="1" slack="0"/>
</pin_list>
<bind>
<StgValue><ssdm name="buf_read_197"/></StgValue>
</bind>
</comp>

<comp id="16" class="1000" name="buf_read_198">
<pin_list>
<pin id="17" dir="1" index="0" bw="1" slack="0"/>
</pin_list>
<bind>
<StgValue><ssdm name="buf_read_198"/></StgValue>
</bind>
</comp>

<comp id="18" class="1000" name="buf_read_199">
<pin_list>
<pin id="19" dir="1" index="0" bw="1" slack="0"/>
</pin_list>
<bind>
<StgValue><ssdm name="buf_read_199"/></StgValue>
</bind>
</comp>

<comp id="20" class="1000" name="buf_read_200">
<pin_list>
<pin id="21" dir="1" index="0" bw="1" slack="0"/>
</pin_list>
<bind>
<StgValue><ssdm name="buf_read_200"/></StgValue>
</bind>
</comp>

<comp id="22" class="1000" name="buf_read_201">
<pin_list>
<pin id="23" dir="1" index="0" bw="1" slack="0"/>
</pin_list>
<bind>
<StgValue><ssdm name="buf_read_201"/></StgValue>
</bind>
</comp>

<comp id="24" class="1000" name="buf_read_202">
<pin_list>
<pin id="25" dir="1" index="0" bw="1" slack="0"/>
</pin_list>
<bind>
<StgValue><ssdm name="buf_read_202"/></StgValue>
</bind>
</comp>

<comp id="26" class="1000" name="buf_read_203">
<pin_list>
<pin id="27" dir="1" index="0" bw="1" slack="0"/>
</pin_list>
<bind>
<StgValue><ssdm name="buf_read_203"/></StgValue>
</bind>
</comp>

<comp id="28" class="1000" name="buf_read_204">
<pin_list>
<pin id="29" dir="1" index="0" bw="1" slack="0"/>
</pin_list>
<bind>
<StgValue><ssdm name="buf_read_204"/></StgValue>
</bind>
</comp>

<comp id="30" class="1000" name="buf_read_205">
<pin_list>
<pin id="31" dir="1" index="0" bw="1" slack="0"/>
</pin_list>
<bind>
<StgValue><ssdm name="buf_read_205"/></StgValue>
</bind>
</comp>

<comp id="32" class="1000" name="buf_read_206">
<pin_list>
<pin id="33" dir="1" index="0" bw="1" slack="0"/>
</pin_list>
<bind>
<StgValue><ssdm name="buf_read_206"/></StgValue>
</bind>
</comp>

<comp id="34" class="1000" name="buf_read_207">
<pin_list>
<pin id="35" dir="1" index="0" bw="1" slack="0"/>
</pin_list>
<bind>
<StgValue><ssdm name="buf_read_207"/></StgValue>
</bind>
</comp>

<comp id="36" class="1000" name="buf_read_208">
<pin_list>
<pin id="37" dir="1" index="0" bw="1" slack="0"/>
</pin_list>
<bind>
<StgValue><ssdm name="buf_read_208"/></StgValue>
</bind>
</comp>

<comp id="38" class="1000" name="buf_read_209">
<pin_list>
<pin id="39" dir="1" index="0" bw="1" slack="0"/>
</pin_list>
<bind>
<StgValue><ssdm name="buf_read_209"/></StgValue>
</bind>
</comp>

<comp id="40" class="1000" name="buf_read_210">
<pin_list>
<pin id="41" dir="1" index="0" bw="1" slack="0"/>
</pin_list>
<bind>
<StgValue><ssdm name="buf_read_210"/></StgValue>
</bind>
</comp>

<comp id="42" class="1000" name="buf_read_211">
<pin_list>
<pin id="43" dir="1" index="0" bw="1" slack="0"/>
</pin_list>
<bind>
<StgValue><ssdm name="buf_read_211"/></StgValue>
</bind>
</comp>

<comp id="44" class="1000" name="buf_read_212">
<pin_list>
<pin id="45" dir="1" index="0" bw="1" slack="0"/>
</pin_list>
<bind>
<StgValue><ssdm name="buf_read_212"/></StgValue>
</bind>
</comp>

<comp id="46" class="1000" name="buf_read_213">
<pin_list>
<pin id="47" dir="1" index="0" bw="1" slack="0"/>
</pin_list>
<bind>
<StgValue><ssdm name="buf_read_213"/></StgValue>
</bind>
</comp>

<comp id="48" class="1000" name="buf_read_214">
<pin_list>
<pin id="49" dir="1" index="0" bw="1" slack="0"/>
</pin_list>
<bind>
<StgValue><ssdm name="buf_read_214"/></StgValue>
</bind>
</comp>

<comp id="50" class="1000" name="buf_read_215">
<pin_list>
<pin id="51" dir="1" index="0" bw="1" slack="0"/>
</pin_list>
<bind>
<StgValue><ssdm name="buf_read_215"/></StgValue>
</bind>
</comp>

<comp id="52" class="1000" name="buf_read_216">
<pin_list>
<pin id="53" dir="1" index="0" bw="1" slack="0"/>
</pin_list>
<bind>
<StgValue><ssdm name="buf_read_216"/></StgValue>
</bind>
</comp>

<comp id="54" class="1000" name="buf_read_217">
<pin_list>
<pin id="55" dir="1" index="0" bw="1" slack="0"/>
</pin_list>
<bind>
<StgValue><ssdm name="buf_read_217"/></StgValue>
</bind>
</comp>

<comp id="56" class="1000" name="buf_read_218">
<pin_list>
<pin id="57" dir="1" index="0" bw="1" slack="0"/>
</pin_list>
<bind>
<StgValue><ssdm name="buf_read_218"/></StgValue>
</bind>
</comp>

<comp id="58" class="1000" name="buf_read_219">
<pin_list>
<pin id="59" dir="1" index="0" bw="1" slack="0"/>
</pin_list>
<bind>
<StgValue><ssdm name="buf_read_219"/></StgValue>
</bind>
</comp>

<comp id="60" class="1000" name="buf_read_220">
<pin_list>
<pin id="61" dir="1" index="0" bw="1" slack="0"/>
</pin_list>
<bind>
<StgValue><ssdm name="buf_read_220"/></StgValue>
</bind>
</comp>

<comp id="62" class="1000" name="buf_read_221">
<pin_list>
<pin id="63" dir="1" index="0" bw="1" slack="0"/>
</pin_list>
<bind>
<StgValue><ssdm name="buf_read_221"/></StgValue>
</bind>
</comp>

<comp id="64" class="1000" name="buf_read_222">
<pin_list>
<pin id="65" dir="1" index="0" bw="1" slack="0"/>
</pin_list>
<bind>
<StgValue><ssdm name="buf_read_222"/></StgValue>
</bind>
</comp>

<comp id="66" class="1000" name="buf_read_223">
<pin_list>
<pin id="67" dir="1" index="0" bw="1" slack="0"/>
</pin_list>
<bind>
<StgValue><ssdm name="buf_read_223"/></StgValue>
</bind>
</comp>

<comp id="68" class="1000" name="buf_read_224">
<pin_list>
<pin id="69" dir="1" index="0" bw="1" slack="0"/>
</pin_list>
<bind>
<StgValue><ssdm name="buf_read_224"/></StgValue>
</bind>
</comp>

<comp id="70" class="1000" name="buf_read_225">
<pin_list>
<pin id="71" dir="1" index="0" bw="1" slack="0"/>
</pin_list>
<bind>
<StgValue><ssdm name="buf_read_225"/></StgValue>
</bind>
</comp>

<comp id="72" class="1000" name="buf_read_226">
<pin_list>
<pin id="73" dir="1" index="0" bw="1" slack="0"/>
</pin_list>
<bind>
<StgValue><ssdm name="buf_read_226"/></StgValue>
</bind>
</comp>

<comp id="74" class="1000" name="buf_read_227">
<pin_list>
<pin id="75" dir="1" index="0" bw="1" slack="0"/>
</pin_list>
<bind>
<StgValue><ssdm name="buf_read_227"/></StgValue>
</bind>
</comp>

<comp id="76" class="1000" name="buf_read_228">
<pin_list>
<pin id="77" dir="1" index="0" bw="1" slack="0"/>
</pin_list>
<bind>
<StgValue><ssdm name="buf_read_228"/></StgValue>
</bind>
</comp>

<comp id="78" class="1000" name="buf_read_229">
<pin_list>
<pin id="79" dir="1" index="0" bw="1" slack="0"/>
</pin_list>
<bind>
<StgValue><ssdm name="buf_read_229"/></StgValue>
</bind>
</comp>

<comp id="80" class="1000" name="buf_read_230">
<pin_list>
<pin id="81" dir="1" index="0" bw="1" slack="0"/>
</pin_list>
<bind>
<StgValue><ssdm name="buf_read_230"/></StgValue>
</bind>
</comp>

<comp id="82" class="1000" name="buf_read_231">
<pin_list>
<pin id="83" dir="1" index="0" bw="1" slack="0"/>
</pin_list>
<bind>
<StgValue><ssdm name="buf_read_231"/></StgValue>
</bind>
</comp>

<comp id="84" class="1000" name="buf_read_232">
<pin_list>
<pin id="85" dir="1" index="0" bw="1" slack="0"/>
</pin_list>
<bind>
<StgValue><ssdm name="buf_read_232"/></StgValue>
</bind>
</comp>

<comp id="86" class="1000" name="buf_read_233">
<pin_list>
<pin id="87" dir="1" index="0" bw="1" slack="0"/>
</pin_list>
<bind>
<StgValue><ssdm name="buf_read_233"/></StgValue>
</bind>
</comp>

<comp id="88" class="1000" name="buf_read_234">
<pin_list>
<pin id="89" dir="1" index="0" bw="1" slack="0"/>
</pin_list>
<bind>
<StgValue><ssdm name="buf_read_234"/></StgValue>
</bind>
</comp>

<comp id="90" class="1000" name="buf_read_235">
<pin_list>
<pin id="91" dir="1" index="0" bw="1" slack="0"/>
</pin_list>
<bind>
<StgValue><ssdm name="buf_read_235"/></StgValue>
</bind>
</comp>

<comp id="92" class="1000" name="buf_read_236">
<pin_list>
<pin id="93" dir="1" index="0" bw="1" slack="0"/>
</pin_list>
<bind>
<StgValue><ssdm name="buf_read_236"/></StgValue>
</bind>
</comp>

<comp id="94" class="1000" name="buf_read_237">
<pin_list>
<pin id="95" dir="1" index="0" bw="1" slack="0"/>
</pin_list>
<bind>
<StgValue><ssdm name="buf_read_237"/></StgValue>
</bind>
</comp>

<comp id="96" class="1000" name="buf_read_238">
<pin_list>
<pin id="97" dir="1" index="0" bw="1" slack="0"/>
</pin_list>
<bind>
<StgValue><ssdm name="buf_read_238"/></StgValue>
</bind>
</comp>

<comp id="98" class="1000" name="buf_read_239">
<pin_list>
<pin id="99" dir="1" index="0" bw="1" slack="0"/>
</pin_list>
<bind>
<StgValue><ssdm name="buf_read_239"/></StgValue>
</bind>
</comp>

<comp id="100" class="1000" name="buf_read_240">
<pin_list>
<pin id="101" dir="1" index="0" bw="1" slack="0"/>
</pin_list>
<bind>
<StgValue><ssdm name="buf_read_240"/></StgValue>
</bind>
</comp>

<comp id="102" class="1000" name="buf_read_241">
<pin_list>
<pin id="103" dir="1" index="0" bw="1" slack="0"/>
</pin_list>
<bind>
<StgValue><ssdm name="buf_read_241"/></StgValue>
</bind>
</comp>

<comp id="104" class="1000" name="buf_read_242">
<pin_list>
<pin id="105" dir="1" index="0" bw="1" slack="0"/>
</pin_list>
<bind>
<StgValue><ssdm name="buf_read_242"/></StgValue>
</bind>
</comp>

<comp id="106" class="1000" name="buf_read_243">
<pin_list>
<pin id="107" dir="1" index="0" bw="1" slack="0"/>
</pin_list>
<bind>
<StgValue><ssdm name="buf_read_243"/></StgValue>
</bind>
</comp>

<comp id="108" class="1000" name="buf_read_244">
<pin_list>
<pin id="109" dir="1" index="0" bw="1" slack="0"/>
</pin_list>
<bind>
<StgValue><ssdm name="buf_read_244"/></StgValue>
</bind>
</comp>

<comp id="110" class="1000" name="buf_read_245">
<pin_list>
<pin id="111" dir="1" index="0" bw="1" slack="0"/>
</pin_list>
<bind>
<StgValue><ssdm name="buf_read_245"/></StgValue>
</bind>
</comp>

<comp id="112" class="1000" name="buf_read_246">
<pin_list>
<pin id="113" dir="1" index="0" bw="1" slack="0"/>
</pin_list>
<bind>
<StgValue><ssdm name="buf_read_246"/></StgValue>
</bind>
</comp>

<comp id="114" class="1000" name="buf_read_247">
<pin_list>
<pin id="115" dir="1" index="0" bw="1" slack="0"/>
</pin_list>
<bind>
<StgValue><ssdm name="buf_read_247"/></StgValue>
</bind>
</comp>

<comp id="116" class="1000" name="buf_read_248">
<pin_list>
<pin id="117" dir="1" index="0" bw="1" slack="0"/>
</pin_list>
<bind>
<StgValue><ssdm name="buf_read_248"/></StgValue>
</bind>
</comp>

<comp id="118" class="1000" name="buf_read_249">
<pin_list>
<pin id="119" dir="1" index="0" bw="1" slack="0"/>
</pin_list>
<bind>
<StgValue><ssdm name="buf_read_249"/></StgValue>
</bind>
</comp>

<comp id="120" class="1000" name="buf_read_250">
<pin_list>
<pin id="121" dir="1" index="0" bw="1" slack="0"/>
</pin_list>
<bind>
<StgValue><ssdm name="buf_read_250"/></StgValue>
</bind>
</comp>

<comp id="122" class="1000" name="buf_read_251">
<pin_list>
<pin id="123" dir="1" index="0" bw="1" slack="0"/>
</pin_list>
<bind>
<StgValue><ssdm name="buf_read_251"/></StgValue>
</bind>
</comp>

<comp id="124" class="1000" name="buf_read_252">
<pin_list>
<pin id="125" dir="1" index="0" bw="1" slack="0"/>
</pin_list>
<bind>
<StgValue><ssdm name="buf_read_252"/></StgValue>
</bind>
</comp>

<comp id="126" class="1000" name="buf_read_253">
<pin_list>
<pin id="127" dir="1" index="0" bw="1" slack="0"/>
</pin_list>
<bind>
<StgValue><ssdm name="buf_read_253"/></StgValue>
</bind>
</comp>

<comp id="128" class="1000" name="output_r">
<pin_list>
<pin id="129" dir="1" index="0" bw="1" slack="0"/>
</pin_list>
<bind>
<StgValue><ssdm name="output_r"/><MemPortTyVec>0 0 </MemPortTyVec>
</StgValue>
</bind>
</comp>

<comp id="130" class="1001" name="const_130">
<pin_list>
<pin id="131" dir="1" index="0" bw="1" slack="0"/>
</pin_list>
<bind>
<StgValue><ssdm name="_ssdm_op_Read.ap_auto.i16"/></StgValue>
</bind>
</comp>

<comp id="132" class="1001" name="const_132">
<pin_list>
<pin id="133" dir="1" index="0" bw="1" slack="0"/>
</pin_list>
<bind>
<StgValue><ssdm name=""/></StgValue>
</bind>
</comp>

<comp id="134" class="1001" name="const_134">
<pin_list>
<pin id="135" dir="1" index="0" bw="1" slack="0"/>
</pin_list>
<bind>
<StgValue><ssdm name=""/></StgValue>
</bind>
</comp>

<comp id="136" class="1001" name="const_136">
<pin_list>
<pin id="137" dir="1" index="0" bw="1" slack="0"/>
</pin_list>
<bind>
<StgValue><ssdm name=""/></StgValue>
</bind>
</comp>

<comp id="138" class="1001" name="const_138">
<pin_list>
<pin id="139" dir="1" index="0" bw="1" slack="0"/>
</pin_list>
<bind>
<StgValue><ssdm name=""/></StgValue>
</bind>
</comp>

<comp id="140" class="1001" name="const_140">
<pin_list>
<pin id="141" dir="1" index="0" bw="1" slack="0"/>
</pin_list>
<bind>
<StgValue><ssdm name=""/></StgValue>
</bind>
</comp>

<comp id="142" class="1001" name="const_142">
<pin_list>
<pin id="143" dir="1" index="0" bw="1" slack="0"/>
</pin_list>
<bind>
<StgValue><ssdm name=""/></StgValue>
</bind>
</comp>

<comp id="144" class="1001" name="const_144">
<pin_list>
<pin id="145" dir="1" index="0" bw="1" slack="0"/>
</pin_list>
<bind>
<StgValue><ssdm name=""/></StgValue>
</bind>
</comp>

<comp id="146" class="1001" name="const_146">
<pin_list>
<pin id="147" dir="1" index="0" bw="1" slack="0"/>
</pin_list>
<bind>
<StgValue><ssdm name=""/></StgValue>
</bind>
</comp>

<comp id="148" class="1001" name="const_148">
<pin_list>
<pin id="149" dir="1" index="0" bw="1" slack="0"/>
</pin_list>
<bind>
<StgValue><ssdm name=""/></StgValue>
</bind>
</comp>

<comp id="150" class="1001" name="const_150">
<pin_list>
<pin id="151" dir="1" index="0" bw="1" slack="0"/>
</pin_list>
<bind>
<StgValue><ssdm name=""/></StgValue>
</bind>
</comp>

<comp id="152" class="1001" name="const_152">
<pin_list>
<pin id="153" dir="1" index="0" bw="1" slack="0"/>
</pin_list>
<bind>
<StgValue><ssdm name=""/></StgValue>
</bind>
</comp>

<comp id="154" class="1001" name="const_154">
<pin_list>
<pin id="155" dir="1" index="0" bw="1" slack="0"/>
</pin_list>
<bind>
<StgValue><ssdm name=""/></StgValue>
</bind>
</comp>

<comp id="156" class="1001" name="const_156">
<pin_list>
<pin id="157" dir="1" index="0" bw="1" slack="0"/>
</pin_list>
<bind>
<StgValue><ssdm name=""/></StgValue>
</bind>
</comp>

<comp id="158" class="1001" name="const_158">
<pin_list>
<pin id="159" dir="1" index="0" bw="1" slack="0"/>
</pin_list>
<bind>
<StgValue><ssdm name=""/></StgValue>
</bind>
</comp>

<comp id="160" class="1001" name="const_160">
<pin_list>
<pin id="161" dir="1" index="0" bw="1" slack="0"/>
</pin_list>
<bind>
<StgValue><ssdm name=""/></StgValue>
</bind>
</comp>

<comp id="162" class="1001" name="const_162">
<pin_list>
<pin id="163" dir="1" index="0" bw="1" slack="0"/>
</pin_list>
<bind>
<StgValue><ssdm name=""/></StgValue>
</bind>
</comp>

<comp id="164" class="1001" name="const_164">
<pin_list>
<pin id="165" dir="1" index="0" bw="1" slack="0"/>
</pin_list>
<bind>
<StgValue><ssdm name=""/></StgValue>
</bind>
</comp>

<comp id="166" class="1001" name="const_166">
<pin_list>
<pin id="167" dir="1" index="0" bw="1" slack="0"/>
</pin_list>
<bind>
<StgValue><ssdm name=""/></StgValue>
</bind>
</comp>

<comp id="168" class="1001" name="const_168">
<pin_list>
<pin id="169" dir="1" index="0" bw="1" slack="0"/>
</pin_list>
<bind>
<StgValue><ssdm name=""/></StgValue>
</bind>
</comp>

<comp id="170" class="1001" name="const_170">
<pin_list>
<pin id="171" dir="1" index="0" bw="1" slack="0"/>
</pin_list>
<bind>
<StgValue><ssdm name=""/></StgValue>
</bind>
</comp>

<comp id="172" class="1001" name="const_172">
<pin_list>
<pin id="173" dir="1" index="0" bw="1" slack="0"/>
</pin_list>
<bind>
<StgValue><ssdm name=""/></StgValue>
</bind>
</comp>

<comp id="174" class="1001" name="const_174">
<pin_list>
<pin id="175" dir="1" index="0" bw="1" slack="0"/>
</pin_list>
<bind>
<StgValue><ssdm name=""/></StgValue>
</bind>
</comp>

<comp id="176" class="1001" name="const_176">
<pin_list>
<pin id="177" dir="1" index="0" bw="1" slack="0"/>
</pin_list>
<bind>
<StgValue><ssdm name=""/></StgValue>
</bind>
</comp>

<comp id="178" class="1001" name="const_178">
<pin_list>
<pin id="179" dir="1" index="0" bw="1" slack="0"/>
</pin_list>
<bind>
<StgValue><ssdm name=""/></StgValue>
</bind>
</comp>

<comp id="180" class="1001" name="const_180">
<pin_list>
<pin id="181" dir="1" index="0" bw="1" slack="0"/>
</pin_list>
<bind>
<StgValue><ssdm name=""/></StgValue>
</bind>
</comp>

<comp id="182" class="1001" name="const_182">
<pin_list>
<pin id="183" dir="1" index="0" bw="1" slack="0"/>
</pin_list>
<bind>
<StgValue><ssdm name=""/></StgValue>
</bind>
</comp>

<comp id="184" class="1001" name="const_184">
<pin_list>
<pin id="185" dir="1" index="0" bw="1" slack="0"/>
</pin_list>
<bind>
<StgValue><ssdm name=""/></StgValue>
</bind>
</comp>

<comp id="186" class="1001" name="const_186">
<pin_list>
<pin id="187" dir="1" index="0" bw="1" slack="0"/>
</pin_list>
<bind>
<StgValue><ssdm name=""/></StgValue>
</bind>
</comp>

<comp id="188" class="1001" name="const_188">
<pin_list>
<pin id="189" dir="1" index="0" bw="1" slack="0"/>
</pin_list>
<bind>
<StgValue><ssdm name=""/></StgValue>
</bind>
</comp>

<comp id="190" class="1001" name="const_190">
<pin_list>
<pin id="191" dir="1" index="0" bw="1" slack="0"/>
</pin_list>
<bind>
<StgValue><ssdm name=""/></StgValue>
</bind>
</comp>

<comp id="192" class="1001" name="const_192">
<pin_list>
<pin id="193" dir="1" index="0" bw="1" slack="0"/>
</pin_list>
<bind>
<StgValue><ssdm name=""/></StgValue>
</bind>
</comp>

<comp id="194" class="1001" name="const_194">
<pin_list>
<pin id="195" dir="1" index="0" bw="1" slack="0"/>
</pin_list>
<bind>
<StgValue><ssdm name=""/></StgValue>
</bind>
</comp>

<comp id="196" class="1001" name="const_196">
<pin_list>
<pin id="197" dir="1" index="0" bw="1" slack="0"/>
</pin_list>
<bind>
<StgValue><ssdm name=""/></StgValue>
</bind>
</comp>

<comp id="198" class="1001" name="const_198">
<pin_list>
<pin id="199" dir="1" index="0" bw="1" slack="0"/>
</pin_list>
<bind>
<StgValue><ssdm name=""/></StgValue>
</bind>
</comp>

<comp id="200" class="1001" name="const_200">
<pin_list>
<pin id="201" dir="1" index="0" bw="1" slack="0"/>
</pin_list>
<bind>
<StgValue><ssdm name=""/></StgValue>
</bind>
</comp>

<comp id="202" class="1001" name="const_202">
<pin_list>
<pin id="203" dir="1" index="0" bw="1" slack="0"/>
</pin_list>
<bind>
<StgValue><ssdm name=""/></StgValue>
</bind>
</comp>

<comp id="204" class="1001" name="const_204">
<pin_list>
<pin id="205" dir="1" index="0" bw="1" slack="0"/>
</pin_list>
<bind>
<StgValue><ssdm name=""/></StgValue>
</bind>
</comp>

<comp id="206" class="1001" name="const_206">
<pin_list>
<pin id="207" dir="1" index="0" bw="1" slack="0"/>
</pin_list>
<bind>
<StgValue><ssdm name=""/></StgValue>
</bind>
</comp>

<comp id="208" class="1001" name="const_208">
<pin_list>
<pin id="209" dir="1" index="0" bw="1" slack="0"/>
</pin_list>
<bind>
<StgValue><ssdm name=""/></StgValue>
</bind>
</comp>

<comp id="210" class="1001" name="const_210">
<pin_list>
<pin id="211" dir="1" index="0" bw="1" slack="0"/>
</pin_list>
<bind>
<StgValue><ssdm name=""/></StgValue>
</bind>
</comp>

<comp id="212" class="1001" name="const_212">
<pin_list>
<pin id="213" dir="1" index="0" bw="1" slack="0"/>
</pin_list>
<bind>
<StgValue><ssdm name=""/></StgValue>
</bind>
</comp>

<comp id="214" class="1001" name="const_214">
<pin_list>
<pin id="215" dir="1" index="0" bw="1" slack="0"/>
</pin_list>
<bind>
<StgValue><ssdm name=""/></StgValue>
</bind>
</comp>

<comp id="216" class="1001" name="const_216">
<pin_list>
<pin id="217" dir="1" index="0" bw="1" slack="0"/>
</pin_list>
<bind>
<StgValue><ssdm name=""/></StgValue>
</bind>
</comp>

<comp id="218" class="1001" name="const_218">
<pin_list>
<pin id="219" dir="1" index="0" bw="1" slack="0"/>
</pin_list>
<bind>
<StgValue><ssdm name=""/></StgValue>
</bind>
</comp>

<comp id="220" class="1001" name="const_220">
<pin_list>
<pin id="221" dir="1" index="0" bw="1" slack="0"/>
</pin_list>
<bind>
<StgValue><ssdm name=""/></StgValue>
</bind>
</comp>

<comp id="222" class="1001" name="const_222">
<pin_list>
<pin id="223" dir="1" index="0" bw="1" slack="0"/>
</pin_list>
<bind>
<StgValue><ssdm name=""/></StgValue>
</bind>
</comp>

<comp id="224" class="1001" name="const_224">
<pin_list>
<pin id="225" dir="1" index="0" bw="1" slack="0"/>
</pin_list>
<bind>
<StgValue><ssdm name=""/></StgValue>
</bind>
</comp>

<comp id="226" class="1001" name="const_226">
<pin_list>
<pin id="227" dir="1" index="0" bw="1" slack="0"/>
</pin_list>
<bind>
<StgValue><ssdm name=""/></StgValue>
</bind>
</comp>

<comp id="228" class="1001" name="const_228">
<pin_list>
<pin id="229" dir="1" index="0" bw="1" slack="0"/>
</pin_list>
<bind>
<StgValue><ssdm name=""/></StgValue>
</bind>
</comp>

<comp id="230" class="1001" name="const_230">
<pin_list>
<pin id="231" dir="1" index="0" bw="1" slack="0"/>
</pin_list>
<bind>
<StgValue><ssdm name=""/></StgValue>
</bind>
</comp>

<comp id="232" class="1001" name="const_232">
<pin_list>
<pin id="233" dir="1" index="0" bw="1" slack="0"/>
</pin_list>
<bind>
<StgValue><ssdm name=""/></StgValue>
</bind>
</comp>

<comp id="234" class="1001" name="const_234">
<pin_list>
<pin id="235" dir="1" index="0" bw="1" slack="0"/>
</pin_list>
<bind>
<StgValue><ssdm name=""/></StgValue>
</bind>
</comp>

<comp id="236" class="1001" name="const_236">
<pin_list>
<pin id="237" dir="1" index="0" bw="1" slack="0"/>
</pin_list>
<bind>
<StgValue><ssdm name=""/></StgValue>
</bind>
</comp>

<comp id="238" class="1001" name="const_238">
<pin_list>
<pin id="239" dir="1" index="0" bw="1" slack="0"/>
</pin_list>
<bind>
<StgValue><ssdm name=""/></StgValue>
</bind>
</comp>

<comp id="240" class="1001" name="const_240">
<pin_list>
<pin id="241" dir="1" index="0" bw="1" slack="0"/>
</pin_list>
<bind>
<StgValue><ssdm name=""/></StgValue>
</bind>
</comp>

<comp id="242" class="1001" name="const_242">
<pin_list>
<pin id="243" dir="1" index="0" bw="1" slack="0"/>
</pin_list>
<bind>
<StgValue><ssdm name=""/></StgValue>
</bind>
</comp>

<comp id="244" class="1001" name="const_244">
<pin_list>
<pin id="245" dir="1" index="0" bw="1" slack="0"/>
</pin_list>
<bind>
<StgValue><ssdm name=""/></StgValue>
</bind>
</comp>

<comp id="246" class="1001" name="const_246">
<pin_list>
<pin id="247" dir="1" index="0" bw="1" slack="0"/>
</pin_list>
<bind>
<StgValue><ssdm name=""/></StgValue>
</bind>
</comp>

<comp id="248" class="1001" name="const_248">
<pin_list>
<pin id="249" dir="1" index="0" bw="1" slack="0"/>
</pin_list>
<bind>
<StgValue><ssdm name=""/></StgValue>
</bind>
</comp>

<comp id="250" class="1001" name="const_250">
<pin_list>
<pin id="251" dir="1" index="0" bw="1" slack="0"/>
</pin_list>
<bind>
<StgValue><ssdm name=""/></StgValue>
</bind>
</comp>

<comp id="252" class="1001" name="const_252">
<pin_list>
<pin id="253" dir="1" index="0" bw="1" slack="0"/>
</pin_list>
<bind>
<StgValue><ssdm name=""/></StgValue>
</bind>
</comp>

<comp id="254" class="1001" name="const_254">
<pin_list>
<pin id="255" dir="1" index="0" bw="1" slack="0"/>
</pin_list>
<bind>
<StgValue><ssdm name=""/></StgValue>
</bind>
</comp>

<comp id="256" class="1001" name="const_256">
<pin_list>
<pin id="257" dir="1" index="0" bw="1" slack="2147483647"/>
</pin_list>
<bind>
<StgValue><ssdm name="_ssdm_op_SpecInterface"/></StgValue>
</bind>
</comp>

<comp id="258" class="1001" name="const_258">
<pin_list>
<pin id="259" dir="1" index="0" bw="1" slack="2147483647"/>
</pin_list>
<bind>
<StgValue><ssdm name="empty"/></StgValue>
</bind>
</comp>

<comp id="260" class="1001" name="const_260">
<pin_list>
<pin id="261" dir="1" index="0" bw="1" slack="2147483647"/>
</pin_list>
<bind>
<StgValue><ssdm name=""/></StgValue>
</bind>
</comp>

<comp id="262" class="1001" name="const_262">
<pin_list>
<pin id="263" dir="1" index="0" bw="1" slack="2147483647"/>
</pin_list>
<bind>
<StgValue><ssdm name="empty_0"/></StgValue>
</bind>
</comp>

<comp id="264" class="1001" name="const_264">
<pin_list>
<pin id="265" dir="1" index="0" bw="1" slack="2147483647"/>
</pin_list>
<bind>
<StgValue><ssdm name=""/></StgValue>
</bind>
</comp>

<comp id="266" class="1001" name="const_266">
<pin_list>
<pin id="267" dir="1" index="0" bw="1" slack="2147483647"/>
</pin_list>
<bind>
<StgValue><ssdm name="_ssdm_op_SpecPipeline"/></StgValue>
</bind>
</comp>

<comp id="268" class="1001" name="const_268">
<pin_list>
<pin id="269" dir="1" index="0" bw="1" slack="2147483647"/>
</pin_list>
<bind>
<StgValue><ssdm name=""/></StgValue>
</bind>
</comp>

<comp id="270" class="1001" name="const_270">
<pin_list>
<pin id="271" dir="1" index="0" bw="1" slack="0"/>
</pin_list>
<bind>
<StgValue><ssdm name=""/></StgValue>
</bind>
</comp>

<comp id="272" class="1001" name="const_272">
<pin_list>
<pin id="273" dir="1" index="0" bw="1" slack="0"/>
</pin_list>
<bind>
<StgValue><ssdm name=""/></StgValue>
</bind>
</comp>

<comp id="274" class="1004" name="buf_read_63_read_fu_274">
<pin_list>
<pin id="275" dir="0" index="0" bw="16" slack="0"/>
<pin id="276" dir="0" index="1" bw="16" slack="0"/>
<pin id="277" dir="1" index="2" bw="16" slack="0"/>
</pin_list>
<bind>
<opcode="read(1150) " fcode="read"/>
<opset="buf_read_63/1 "/>
</bind>
</comp>

<comp id="280" class="1004" name="buf_read_127_read_fu_280">
<pin_list>
<pin id="281" dir="0" index="0" bw="16" slack="0"/>
<pin id="282" dir="0" index="1" bw="16" slack="0"/>
<pin id="283" dir="1" index="2" bw="16" slack="0"/>
</pin_list>
<bind>
<opcode="read(1150) " fcode="read"/>
<opset="buf_read_127/1 "/>
</bind>
</comp>

<comp id="286" class="1004" name="buf_read_61_read_fu_286">
<pin_list>
<pin id="287" dir="0" index="0" bw="16" slack="0"/>
<pin id="288" dir="0" index="1" bw="16" slack="0"/>
<pin id="289" dir="1" index="2" bw="16" slack="0"/>
</pin_list>
<bind>
<opcode="read(1150) " fcode="read"/>
<opset="buf_read_61/2 "/>
</bind>
</comp>

<comp id="292" class="1004" name="buf_read_62_read_fu_292">
<pin_list>
<pin id="293" dir="0" index="0" bw="16" slack="0"/>
<pin id="294" dir="0" index="1" bw="16" slack="0"/>
<pin id="295" dir="1" index="2" bw="16" slack="0"/>
</pin_list>
<bind>
<opcode="read(1150) " fcode="read"/>
<opset="buf_read_62/2 "/>
</bind>
</comp>

<comp id="298" class="1004" name="buf_read_59_read_fu_298">
<pin_list>
<pin id="299" dir="0" index="0" bw="16" slack="0"/>
<pin id="300" dir="0" index="1" bw="16" slack="0"/>
<pin id="301" dir="1" index="2" bw="16" slack="0"/>
</pin_list>
<bind>
<opcode="read(1150) " fcode="read"/>
<opset="buf_read_59/3 "/>
</bind>
</comp>

<comp id="304" class="1004" name="buf_read_60_read_fu_304">
<pin_list>
<pin id="305" dir="0" index="0" bw="16" slack="0"/>
<pin id="306" dir="0" index="1" bw="16" slack="0"/>
<pin id="307" dir="1" index="2" bw="16" slack="0"/>
</pin_list>
<bind>
<opcode="read(1150) " fcode="read"/>
<opset="buf_read_60/3 "/>
</bind>
</comp>

<comp id="310" class="1004" name="buf_read_57_read_fu_310">
<pin_list>
<pin id="311" dir="0" index="0" bw="16" slack="0"/>
<pin id="312" dir="0" index="1" bw="16" slack="0"/>
<pin id="313" dir="1" index="2" bw="16" slack="0"/>
</pin_list>
<bind>
<opcode="read(1150) " fcode="read"/>
<opset="buf_read_57/4 "/>
</bind>
</comp>

<comp id="316" class="1004" name="buf_read_58_read_fu_316">
<pin_list>
<pin id="317" dir="0" index="0" bw="16" slack="0"/>
<pin id="318" dir="0" index="1" bw="16" slack="0"/>
<pin id="319" dir="1" index="2" bw="16" slack="0"/>
</pin_list>
<bind>
<opcode="read(1150) " fcode="read"/>
<opset="buf_read_58/4 "/>
</bind>
</comp>

<comp id="322" class="1004" name="buf_read_55_read_fu_322">
<pin_list>
<pin id="323" dir="0" index="0" bw="16" slack="0"/>
<pin id="324" dir="0" index="1" bw="16" slack="0"/>
<pin id="325" dir="1" index="2" bw="16" slack="0"/>
</pin_list>
<bind>
<opcode="read(1150) " fcode="read"/>
<opset="buf_read_55/5 "/>
</bind>
</comp>

<comp id="328" class="1004" name="buf_read_56_read_fu_328">
<pin_list>
<pin id="329" dir="0" index="0" bw="16" slack="0"/>
<pin id="330" dir="0" index="1" bw="16" slack="0"/>
<pin id="331" dir="1" index="2" bw="16" slack="0"/>
</pin_list>
<bind>
<opcode="read(1150) " fcode="read"/>
<opset="buf_read_56/5 "/>
</bind>
</comp>

<comp id="334" class="1004" name="buf_read_53_read_fu_334">
<pin_list>
<pin id="335" dir="0" index="0" bw="16" slack="0"/>
<pin id="336" dir="0" index="1" bw="16" slack="0"/>
<pin id="337" dir="1" index="2" bw="16" slack="0"/>
</pin_list>
<bind>
<opcode="read(1150) " fcode="read"/>
<opset="buf_read_53/6 "/>
</bind>
</comp>

<comp id="340" class="1004" name="buf_read_54_read_fu_340">
<pin_list>
<pin id="341" dir="0" index="0" bw="16" slack="0"/>
<pin id="342" dir="0" index="1" bw="16" slack="0"/>
<pin id="343" dir="1" index="2" bw="16" slack="0"/>
</pin_list>
<bind>
<opcode="read(1150) " fcode="read"/>
<opset="buf_read_54/6 "/>
</bind>
</comp>

<comp id="346" class="1004" name="buf_read_51_read_fu_346">
<pin_list>
<pin id="347" dir="0" index="0" bw="16" slack="0"/>
<pin id="348" dir="0" index="1" bw="16" slack="0"/>
<pin id="349" dir="1" index="2" bw="16" slack="0"/>
</pin_list>
<bind>
<opcode="read(1150) " fcode="read"/>
<opset="buf_read_51/7 "/>
</bind>
</comp>

<comp id="352" class="1004" name="buf_read_52_read_fu_352">
<pin_list>
<pin id="353" dir="0" index="0" bw="16" slack="0"/>
<pin id="354" dir="0" index="1" bw="16" slack="0"/>
<pin id="355" dir="1" index="2" bw="16" slack="0"/>
</pin_list>
<bind>
<opcode="read(1150) " fcode="read"/>
<opset="buf_read_52/7 "/>
</bind>
</comp>

<comp id="358" class="1004" name="buf_read_49_read_fu_358">
<pin_list>
<pin id="359" dir="0" index="0" bw="16" slack="0"/>
<pin id="360" dir="0" index="1" bw="16" slack="0"/>
<pin id="361" dir="1" index="2" bw="16" slack="0"/>
</pin_list>
<bind>
<opcode="read(1150) " fcode="read"/>
<opset="buf_read_49/8 "/>
</bind>
</comp>

<comp id="364" class="1004" name="buf_read_50_read_fu_364">
<pin_list>
<pin id="365" dir="0" index="0" bw="16" slack="0"/>
<pin id="366" dir="0" index="1" bw="16" slack="0"/>
<pin id="367" dir="1" index="2" bw="16" slack="0"/>
</pin_list>
<bind>
<opcode="read(1150) " fcode="read"/>
<opset="buf_read_50/8 "/>
</bind>
</comp>

<comp id="370" class="1004" name="buf_read_47_read_fu_370">
<pin_list>
<pin id="371" dir="0" index="0" bw="16" slack="0"/>
<pin id="372" dir="0" index="1" bw="16" slack="0"/>
<pin id="373" dir="1" index="2" bw="16" slack="0"/>
</pin_list>
<bind>
<opcode="read(1150) " fcode="read"/>
<opset="buf_read_47/9 "/>
</bind>
</comp>

<comp id="376" class="1004" name="buf_read_48_read_fu_376">
<pin_list>
<pin id="377" dir="0" index="0" bw="16" slack="0"/>
<pin id="378" dir="0" index="1" bw="16" slack="0"/>
<pin id="379" dir="1" index="2" bw="16" slack="0"/>
</pin_list>
<bind>
<opcode="read(1150) " fcode="read"/>
<opset="buf_read_48/9 "/>
</bind>
</comp>

<comp id="382" class="1004" name="buf_read_45_read_fu_382">
<pin_list>
<pin id="383" dir="0" index="0" bw="16" slack="0"/>
<pin id="384" dir="0" index="1" bw="16" slack="0"/>
<pin id="385" dir="1" index="2" bw="16" slack="0"/>
</pin_list>
<bind>
<opcode="read(1150) " fcode="read"/>
<opset="buf_read_45/10 "/>
</bind>
</comp>

<comp id="388" class="1004" name="buf_read_46_read_fu_388">
<pin_list>
<pin id="389" dir="0" index="0" bw="16" slack="0"/>
<pin id="390" dir="0" index="1" bw="16" slack="0"/>
<pin id="391" dir="1" index="2" bw="16" slack="0"/>
</pin_list>
<bind>
<opcode="read(1150) " fcode="read"/>
<opset="buf_read_46/10 "/>
</bind>
</comp>

<comp id="394" class="1004" name="buf_read_43_read_fu_394">
<pin_list>
<pin id="395" dir="0" index="0" bw="16" slack="0"/>
<pin id="396" dir="0" index="1" bw="16" slack="0"/>
<pin id="397" dir="1" index="2" bw="16" slack="0"/>
</pin_list>
<bind>
<opcode="read(1150) " fcode="read"/>
<opset="buf_read_43/11 "/>
</bind>
</comp>

<comp id="400" class="1004" name="buf_read_44_read_fu_400">
<pin_list>
<pin id="401" dir="0" index="0" bw="16" slack="0"/>
<pin id="402" dir="0" index="1" bw="16" slack="0"/>
<pin id="403" dir="1" index="2" bw="16" slack="0"/>
</pin_list>
<bind>
<opcode="read(1150) " fcode="read"/>
<opset="buf_read_44/11 "/>
</bind>
</comp>

<comp id="406" class="1004" name="buf_read_41_read_fu_406">
<pin_list>
<pin id="407" dir="0" index="0" bw="16" slack="0"/>
<pin id="408" dir="0" index="1" bw="16" slack="0"/>
<pin id="409" dir="1" index="2" bw="16" slack="0"/>
</pin_list>
<bind>
<opcode="read(1150) " fcode="read"/>
<opset="buf_read_41/12 "/>
</bind>
</comp>

<comp id="412" class="1004" name="buf_read_42_read_fu_412">
<pin_list>
<pin id="413" dir="0" index="0" bw="16" slack="0"/>
<pin id="414" dir="0" index="1" bw="16" slack="0"/>
<pin id="415" dir="1" index="2" bw="16" slack="0"/>
</pin_list>
<bind>
<opcode="read(1150) " fcode="read"/>
<opset="buf_read_42/12 "/>
</bind>
</comp>

<comp id="418" class="1004" name="buf_read_39_read_fu_418">
<pin_list>
<pin id="419" dir="0" index="0" bw="16" slack="0"/>
<pin id="420" dir="0" index="1" bw="16" slack="0"/>
<pin id="421" dir="1" index="2" bw="16" slack="0"/>
</pin_list>
<bind>
<opcode="read(1150) " fcode="read"/>
<opset="buf_read_39/13 "/>
</bind>
</comp>

<comp id="424" class="1004" name="buf_read_40_read_fu_424">
<pin_list>
<pin id="425" dir="0" index="0" bw="16" slack="0"/>
<pin id="426" dir="0" index="1" bw="16" slack="0"/>
<pin id="427" dir="1" index="2" bw="16" slack="0"/>
</pin_list>
<bind>
<opcode="read(1150) " fcode="read"/>
<opset="buf_read_40/13 "/>
</bind>
</comp>

<comp id="430" class="1004" name="buf_read_37_read_fu_430">
<pin_list>
<pin id="431" dir="0" index="0" bw="16" slack="0"/>
<pin id="432" dir="0" index="1" bw="16" slack="0"/>
<pin id="433" dir="1" index="2" bw="16" slack="0"/>
</pin_list>
<bind>
<opcode="read(1150) " fcode="read"/>
<opset="buf_read_37/14 "/>
</bind>
</comp>

<comp id="436" class="1004" name="buf_read_38_read_fu_436">
<pin_list>
<pin id="437" dir="0" index="0" bw="16" slack="0"/>
<pin id="438" dir="0" index="1" bw="16" slack="0"/>
<pin id="439" dir="1" index="2" bw="16" slack="0"/>
</pin_list>
<bind>
<opcode="read(1150) " fcode="read"/>
<opset="buf_read_38/14 "/>
</bind>
</comp>

<comp id="442" class="1004" name="buf_read_35_read_fu_442">
<pin_list>
<pin id="443" dir="0" index="0" bw="16" slack="0"/>
<pin id="444" dir="0" index="1" bw="16" slack="0"/>
<pin id="445" dir="1" index="2" bw="16" slack="0"/>
</pin_list>
<bind>
<opcode="read(1150) " fcode="read"/>
<opset="buf_read_35/15 "/>
</bind>
</comp>

<comp id="448" class="1004" name="buf_read_36_read_fu_448">
<pin_list>
<pin id="449" dir="0" index="0" bw="16" slack="0"/>
<pin id="450" dir="0" index="1" bw="16" slack="0"/>
<pin id="451" dir="1" index="2" bw="16" slack="0"/>
</pin_list>
<bind>
<opcode="read(1150) " fcode="read"/>
<opset="buf_read_36/15 "/>
</bind>
</comp>

<comp id="454" class="1004" name="buf_read_33_read_fu_454">
<pin_list>
<pin id="455" dir="0" index="0" bw="16" slack="0"/>
<pin id="456" dir="0" index="1" bw="16" slack="0"/>
<pin id="457" dir="1" index="2" bw="16" slack="0"/>
</pin_list>
<bind>
<opcode="read(1150) " fcode="read"/>
<opset="buf_read_33/16 "/>
</bind>
</comp>

<comp id="460" class="1004" name="buf_read_34_read_fu_460">
<pin_list>
<pin id="461" dir="0" index="0" bw="16" slack="0"/>
<pin id="462" dir="0" index="1" bw="16" slack="0"/>
<pin id="463" dir="1" index="2" bw="16" slack="0"/>
</pin_list>
<bind>
<opcode="read(1150) " fcode="read"/>
<opset="buf_read_34/16 "/>
</bind>
</comp>

<comp id="466" class="1004" name="buf_read_31_read_fu_466">
<pin_list>
<pin id="467" dir="0" index="0" bw="16" slack="0"/>
<pin id="468" dir="0" index="1" bw="16" slack="0"/>
<pin id="469" dir="1" index="2" bw="16" slack="0"/>
</pin_list>
<bind>
<opcode="read(1150) " fcode="read"/>
<opset="buf_read_31/17 "/>
</bind>
</comp>

<comp id="472" class="1004" name="buf_read_32_read_fu_472">
<pin_list>
<pin id="473" dir="0" index="0" bw="16" slack="0"/>
<pin id="474" dir="0" index="1" bw="16" slack="0"/>
<pin id="475" dir="1" index="2" bw="16" slack="0"/>
</pin_list>
<bind>
<opcode="read(1150) " fcode="read"/>
<opset="buf_read_32/17 "/>
</bind>
</comp>

<comp id="478" class="1004" name="buf_read_29_read_fu_478">
<pin_list>
<pin id="479" dir="0" index="0" bw="16" slack="0"/>
<pin id="480" dir="0" index="1" bw="16" slack="0"/>
<pin id="481" dir="1" index="2" bw="16" slack="0"/>
</pin_list>
<bind>
<opcode="read(1150) " fcode="read"/>
<opset="buf_read_29/18 "/>
</bind>
</comp>

<comp id="484" class="1004" name="buf_read_30_read_fu_484">
<pin_list>
<pin id="485" dir="0" index="0" bw="16" slack="0"/>
<pin id="486" dir="0" index="1" bw="16" slack="0"/>
<pin id="487" dir="1" index="2" bw="16" slack="0"/>
</pin_list>
<bind>
<opcode="read(1150) " fcode="read"/>
<opset="buf_read_30/18 "/>
</bind>
</comp>

<comp id="490" class="1004" name="buf_read_27_read_fu_490">
<pin_list>
<pin id="491" dir="0" index="0" bw="16" slack="0"/>
<pin id="492" dir="0" index="1" bw="16" slack="0"/>
<pin id="493" dir="1" index="2" bw="16" slack="0"/>
</pin_list>
<bind>
<opcode="read(1150) " fcode="read"/>
<opset="buf_read_27/19 "/>
</bind>
</comp>

<comp id="496" class="1004" name="buf_read_28_read_fu_496">
<pin_list>
<pin id="497" dir="0" index="0" bw="16" slack="0"/>
<pin id="498" dir="0" index="1" bw="16" slack="0"/>
<pin id="499" dir="1" index="2" bw="16" slack="0"/>
</pin_list>
<bind>
<opcode="read(1150) " fcode="read"/>
<opset="buf_read_28/19 "/>
</bind>
</comp>

<comp id="502" class="1004" name="buf_read_25_read_fu_502">
<pin_list>
<pin id="503" dir="0" index="0" bw="16" slack="0"/>
<pin id="504" dir="0" index="1" bw="16" slack="0"/>
<pin id="505" dir="1" index="2" bw="16" slack="0"/>
</pin_list>
<bind>
<opcode="read(1150) " fcode="read"/>
<opset="buf_read_25/20 "/>
</bind>
</comp>

<comp id="508" class="1004" name="buf_read_26_read_fu_508">
<pin_list>
<pin id="509" dir="0" index="0" bw="16" slack="0"/>
<pin id="510" dir="0" index="1" bw="16" slack="0"/>
<pin id="511" dir="1" index="2" bw="16" slack="0"/>
</pin_list>
<bind>
<opcode="read(1150) " fcode="read"/>
<opset="buf_read_26/20 "/>
</bind>
</comp>

<comp id="514" class="1004" name="buf_read_23_read_fu_514">
<pin_list>
<pin id="515" dir="0" index="0" bw="16" slack="0"/>
<pin id="516" dir="0" index="1" bw="16" slack="0"/>
<pin id="517" dir="1" index="2" bw="16" slack="0"/>
</pin_list>
<bind>
<opcode="read(1150) " fcode="read"/>
<opset="buf_read_23/21 "/>
</bind>
</comp>

<comp id="520" class="1004" name="buf_read_24_read_fu_520">
<pin_list>
<pin id="521" dir="0" index="0" bw="16" slack="0"/>
<pin id="522" dir="0" index="1" bw="16" slack="0"/>
<pin id="523" dir="1" index="2" bw="16" slack="0"/>
</pin_list>
<bind>
<opcode="read(1150) " fcode="read"/>
<opset="buf_read_24/21 "/>
</bind>
</comp>

<comp id="526" class="1004" name="buf_read_21_read_fu_526">
<pin_list>
<pin id="527" dir="0" index="0" bw="16" slack="0"/>
<pin id="528" dir="0" index="1" bw="16" slack="0"/>
<pin id="529" dir="1" index="2" bw="16" slack="0"/>
</pin_list>
<bind>
<opcode="read(1150) " fcode="read"/>
<opset="buf_read_21/22 "/>
</bind>
</comp>

<comp id="532" class="1004" name="buf_read_22_read_fu_532">
<pin_list>
<pin id="533" dir="0" index="0" bw="16" slack="0"/>
<pin id="534" dir="0" index="1" bw="16" slack="0"/>
<pin id="535" dir="1" index="2" bw="16" slack="0"/>
</pin_list>
<bind>
<opcode="read(1150) " fcode="read"/>
<opset="buf_read_22/22 "/>
</bind>
</comp>

<comp id="538" class="1004" name="buf_read_19_read_fu_538">
<pin_list>
<pin id="539" dir="0" index="0" bw="16" slack="0"/>
<pin id="540" dir="0" index="1" bw="16" slack="0"/>
<pin id="541" dir="1" index="2" bw="16" slack="0"/>
</pin_list>
<bind>
<opcode="read(1150) " fcode="read"/>
<opset="buf_read_19/23 "/>
</bind>
</comp>

<comp id="544" class="1004" name="buf_read_20_read_fu_544">
<pin_list>
<pin id="545" dir="0" index="0" bw="16" slack="0"/>
<pin id="546" dir="0" index="1" bw="16" slack="0"/>
<pin id="547" dir="1" index="2" bw="16" slack="0"/>
</pin_list>
<bind>
<opcode="read(1150) " fcode="read"/>
<opset="buf_read_20/23 "/>
</bind>
</comp>

<comp id="550" class="1004" name="buf_read_17_read_fu_550">
<pin_list>
<pin id="551" dir="0" index="0" bw="16" slack="0"/>
<pin id="552" dir="0" index="1" bw="16" slack="0"/>
<pin id="553" dir="1" index="2" bw="16" slack="0"/>
</pin_list>
<bind>
<opcode="read(1150) " fcode="read"/>
<opset="buf_read_17/24 "/>
</bind>
</comp>

<comp id="556" class="1004" name="buf_read_18_read_fu_556">
<pin_list>
<pin id="557" dir="0" index="0" bw="16" slack="0"/>
<pin id="558" dir="0" index="1" bw="16" slack="0"/>
<pin id="559" dir="1" index="2" bw="16" slack="0"/>
</pin_list>
<bind>
<opcode="read(1150) " fcode="read"/>
<opset="buf_read_18/24 "/>
</bind>
</comp>

<comp id="562" class="1004" name="buf_read_15_read_fu_562">
<pin_list>
<pin id="563" dir="0" index="0" bw="16" slack="0"/>
<pin id="564" dir="0" index="1" bw="16" slack="0"/>
<pin id="565" dir="1" index="2" bw="16" slack="0"/>
</pin_list>
<bind>
<opcode="read(1150) " fcode="read"/>
<opset="buf_read_15/25 "/>
</bind>
</comp>

<comp id="568" class="1004" name="buf_read_16_read_fu_568">
<pin_list>
<pin id="569" dir="0" index="0" bw="16" slack="0"/>
<pin id="570" dir="0" index="1" bw="16" slack="0"/>
<pin id="571" dir="1" index="2" bw="16" slack="0"/>
</pin_list>
<bind>
<opcode="read(1150) " fcode="read"/>
<opset="buf_read_16/25 "/>
</bind>
</comp>

<comp id="574" class="1004" name="buf_read_13_read_fu_574">
<pin_list>
<pin id="575" dir="0" index="0" bw="16" slack="0"/>
<pin id="576" dir="0" index="1" bw="16" slack="0"/>
<pin id="577" dir="1" index="2" bw="16" slack="0"/>
</pin_list>
<bind>
<opcode="read(1150) " fcode="read"/>
<opset="buf_read_13/26 "/>
</bind>
</comp>

<comp id="580" class="1004" name="buf_read_14_read_fu_580">
<pin_list>
<pin id="581" dir="0" index="0" bw="16" slack="0"/>
<pin id="582" dir="0" index="1" bw="16" slack="0"/>
<pin id="583" dir="1" index="2" bw="16" slack="0"/>
</pin_list>
<bind>
<opcode="read(1150) " fcode="read"/>
<opset="buf_read_14/26 "/>
</bind>
</comp>

<comp id="586" class="1004" name="buf_read_11_read_fu_586">
<pin_list>
<pin id="587" dir="0" index="0" bw="16" slack="0"/>
<pin id="588" dir="0" index="1" bw="16" slack="0"/>
<pin id="589" dir="1" index="2" bw="16" slack="0"/>
</pin_list>
<bind>
<opcode="read(1150) " fcode="read"/>
<opset="buf_read_11/27 "/>
</bind>
</comp>

<comp id="592" class="1004" name="buf_read_12_read_fu_592">
<pin_list>
<pin id="593" dir="0" index="0" bw="16" slack="0"/>
<pin id="594" dir="0" index="1" bw="16" slack="0"/>
<pin id="595" dir="1" index="2" bw="16" slack="0"/>
</pin_list>
<bind>
<opcode="read(1150) " fcode="read"/>
<opset="buf_read_12/27 "/>
</bind>
</comp>

<comp id="598" class="1004" name="buf_read_9_read_fu_598">
<pin_list>
<pin id="599" dir="0" index="0" bw="16" slack="0"/>
<pin id="600" dir="0" index="1" bw="16" slack="0"/>
<pin id="601" dir="1" index="2" bw="16" slack="0"/>
</pin_list>
<bind>
<opcode="read(1150) " fcode="read"/>
<opset="buf_read_9/28 "/>
</bind>
</comp>

<comp id="604" class="1004" name="buf_read_10_read_fu_604">
<pin_list>
<pin id="605" dir="0" index="0" bw="16" slack="0"/>
<pin id="606" dir="0" index="1" bw="16" slack="0"/>
<pin id="607" dir="1" index="2" bw="16" slack="0"/>
</pin_list>
<bind>
<opcode="read(1150) " fcode="read"/>
<opset="buf_read_10/28 "/>
</bind>
</comp>

<comp id="610" class="1004" name="buf_read_7_read_fu_610">
<pin_list>
<pin id="611" dir="0" index="0" bw="16" slack="0"/>
<pin id="612" dir="0" index="1" bw="16" slack="0"/>
<pin id="613" dir="1" index="2" bw="16" slack="0"/>
</pin_list>
<bind>
<opcode="read(1150) " fcode="read"/>
<opset="buf_read_7/29 "/>
</bind>
</comp>

<comp id="616" class="1004" name="buf_read_8_read_fu_616">
<pin_list>
<pin id="617" dir="0" index="0" bw="16" slack="0"/>
<pin id="618" dir="0" index="1" bw="16" slack="0"/>
<pin id="619" dir="1" index="2" bw="16" slack="0"/>
</pin_list>
<bind>
<opcode="read(1150) " fcode="read"/>
<opset="buf_read_8/29 "/>
</bind>
</comp>

<comp id="622" class="1004" name="buf_read_5_read_fu_622">
<pin_list>
<pin id="623" dir="0" index="0" bw="16" slack="0"/>
<pin id="624" dir="0" index="1" bw="16" slack="0"/>
<pin id="625" dir="1" index="2" bw="16" slack="0"/>
</pin_list>
<bind>
<opcode="read(1150) " fcode="read"/>
<opset="buf_read_5/30 "/>
</bind>
</comp>

<comp id="628" class="1004" name="buf_read_6_read_fu_628">
<pin_list>
<pin id="629" dir="0" index="0" bw="16" slack="0"/>
<pin id="630" dir="0" index="1" bw="16" slack="0"/>
<pin id="631" dir="1" index="2" bw="16" slack="0"/>
</pin_list>
<bind>
<opcode="read(1150) " fcode="read"/>
<opset="buf_read_6/30 "/>
</bind>
</comp>

<comp id="634" class="1004" name="buf_read_3_read_fu_634">
<pin_list>
<pin id="635" dir="0" index="0" bw="16" slack="0"/>
<pin id="636" dir="0" index="1" bw="16" slack="0"/>
<pin id="637" dir="1" index="2" bw="16" slack="0"/>
</pin_list>
<bind>
<opcode="read(1150) " fcode="read"/>
<opset="buf_read_3/31 "/>
</bind>
</comp>

<comp id="640" class="1004" name="buf_read_4_read_fu_640">
<pin_list>
<pin id="641" dir="0" index="0" bw="16" slack="0"/>
<pin id="642" dir="0" index="1" bw="16" slack="0"/>
<pin id="643" dir="1" index="2" bw="16" slack="0"/>
</pin_list>
<bind>
<opcode="read(1150) " fcode="read"/>
<opset="buf_read_4/31 "/>
</bind>
</comp>

<comp id="646" class="1004" name="buf_read_1_read_fu_646">
<pin_list>
<pin id="647" dir="0" index="0" bw="16" slack="0"/>
<pin id="648" dir="0" index="1" bw="16" slack="0"/>
<pin id="649" dir="1" index="2" bw="16" slack="0"/>
</pin_list>
<bind>
<opcode="read(1150) " fcode="read"/>
<opset="buf_read_1/32 "/>
</bind>
</comp>

<comp id="652" class="1004" name="buf_read_2_read_fu_652">
<pin_list>
<pin id="653" dir="0" index="0" bw="16" slack="0"/>
<pin id="654" dir="0" index="1" bw="16" slack="0"/>
<pin id="655" dir="1" index="2" bw="16" slack="0"/>
</pin_list>
<bind>
<opcode="read(1150) " fcode="read"/>
<opset="buf_read_2/32 "/>
</bind>
</comp>

<comp id="658" class="1004" name="output_r_addr_gep_fu_658">
<pin_list>
<pin id="659" dir="0" index="0" bw="16" slack="0"/>
<pin id="660" dir="0" index="1" bw="1" slack="0"/>
<pin id="661" dir="0" index="2" bw="1" slack="0"/>
<pin id="662" dir="1" index="3" bw="6" slack="0"/>
</pin_list>
<bind>
<opcode="getelementptr(29) " fcode="getelementptr"/>
<opset="output_r_addr/1 "/>
</bind>
</comp>

<comp id="666" class="1004" name="grp_access_fu_666">
<pin_list>
<pin id="667" dir="0" index="0" bw="6" slack="0"/>
<pin id="668" dir="0" index="1" bw="16" slack="0"/>
<pin id="669" dir="0" index="2" bw="0" slack="0"/>
<pin id="671" dir="0" index="4" bw="6" slack="0"/>
<pin id="672" dir="0" index="5" bw="16" slack="2147483647"/>
<pin id="673" dir="0" index="6" bw="0" slack="2147483647"/>
<pin id="670" dir="1" index="3" bw="16" slack="2147483647"/>
<pin id="674" dir="1" index="7" bw="16" slack="2147483647"/>
</pin_list>
<bind>
<opcode="store(28) " fcode="store"/>
<opset="store_ln119/1 store_ln119/1 store_ln119/2 store_ln119/2 store_ln119/3 store_ln119/3 store_ln119/4 store_ln119/4 store_ln119/5 store_ln119/5 store_ln119/6 store_ln119/6 store_ln119/7 store_ln119/7 store_ln119/8 store_ln119/8 store_ln119/9 store_ln119/9 store_ln119/10 store_ln119/10 store_ln119/11 store_ln119/11 store_ln119/12 store_ln119/12 store_ln119/13 store_ln119/13 store_ln119/14 store_ln119/14 store_ln119/15 store_ln119/15 store_ln119/16 store_ln119/16 store_ln119/17 store_ln119/17 store_ln119/18 store_ln119/18 store_ln119/19 store_ln119/19 store_ln119/20 store_ln119/20 store_ln119/21 store_ln119/21 store_ln119/22 store_ln119/22 store_ln119/23 store_ln119/23 store_ln119/24 store_ln119/24 store_ln119/25 store_ln119/25 store_ln119/26 store_ln119/26 store_ln119/27 store_ln119/27 store_ln119/28 store_ln119/28 store_ln119/29 store_ln119/29 store_ln119/30 store_ln119/30 store_ln119/31 store_ln119/31 store_ln119/32 store_ln119/32 "/>
</bind>
</comp>

<comp id="677" class="1004" name="output_r_addr_1_gep_fu_677">
<pin_list>
<pin id="678" dir="0" index="0" bw="16" slack="0"/>
<pin id="679" dir="0" index="1" bw="1" slack="0"/>
<pin id="680" dir="0" index="2" bw="1" slack="0"/>
<pin id="681" dir="1" index="3" bw="6" slack="0"/>
</pin_list>
<bind>
<opcode="getelementptr(29) " fcode="getelementptr"/>
<opset="output_r_addr_1/1 "/>
</bind>
</comp>

<comp id="687" class="1004" name="output_r_addr_2_gep_fu_687">
<pin_list>
<pin id="688" dir="0" index="0" bw="16" slack="0"/>
<pin id="689" dir="0" index="1" bw="1" slack="0"/>
<pin id="690" dir="0" index="2" bw="3" slack="0"/>
<pin id="691" dir="1" index="3" bw="6" slack="0"/>
</pin_list>
<bind>
<opcode="getelementptr(29) " fcode="getelementptr"/>
<opset="output_r_addr_2/2 "/>
</bind>
</comp>

<comp id="697" class="1004" name="output_r_addr_3_gep_fu_697">
<pin_list>
<pin id="698" dir="0" index="0" bw="16" slack="0"/>
<pin id="699" dir="0" index="1" bw="1" slack="0"/>
<pin id="700" dir="0" index="2" bw="3" slack="0"/>
<pin id="701" dir="1" index="3" bw="6" slack="0"/>
</pin_list>
<bind>
<opcode="getelementptr(29) " fcode="getelementptr"/>
<opset="output_r_addr_3/2 "/>
</bind>
</comp>

<comp id="707" class="1004" name="output_r_addr_4_gep_fu_707">
<pin_list>
<pin id="708" dir="0" index="0" bw="16" slack="0"/>
<pin id="709" dir="0" index="1" bw="1" slack="0"/>
<pin id="710" dir="0" index="2" bw="4" slack="0"/>
<pin id="711" dir="1" index="3" bw="6" slack="0"/>
</pin_list>
<bind>
<opcode="getelementptr(29) " fcode="getelementptr"/>
<opset="output_r_addr_4/3 "/>
</bind>
</comp>

<comp id="717" class="1004" name="output_r_addr_5_gep_fu_717">
<pin_list>
<pin id="718" dir="0" index="0" bw="16" slack="0"/>
<pin id="719" dir="0" index="1" bw="1" slack="0"/>
<pin id="720" dir="0" index="2" bw="4" slack="0"/>
<pin id="721" dir="1" index="3" bw="6" slack="0"/>
</pin_list>
<bind>
<opcode="getelementptr(29) " fcode="getelementptr"/>
<opset="output_r_addr_5/3 "/>
</bind>
</comp>

<comp id="727" class="1004" name="output_r_addr_6_gep_fu_727">
<pin_list>
<pin id="728" dir="0" index="0" bw="16" slack="0"/>
<pin id="729" dir="0" index="1" bw="1" slack="0"/>
<pin id="730" dir="0" index="2" bw="4" slack="0"/>
<pin id="731" dir="1" index="3" bw="6" slack="0"/>
</pin_list>
<bind>
<opcode="getelementptr(29) " fcode="getelementptr"/>
<opset="output_r_addr_6/4 "/>
</bind>
</comp>

<comp id="737" class="1004" name="output_r_addr_7_gep_fu_737">
<pin_list>
<pin id="738" dir="0" index="0" bw="16" slack="0"/>
<pin id="739" dir="0" index="1" bw="1" slack="0"/>
<pin id="740" dir="0" index="2" bw="4" slack="0"/>
<pin id="741" dir="1" index="3" bw="6" slack="0"/>
</pin_list>
<bind>
<opcode="getelementptr(29) " fcode="getelementptr"/>
<opset="output_r_addr_7/4 "/>
</bind>
</comp>

<comp id="747" class="1004" name="output_r_addr_8_gep_fu_747">
<pin_list>
<pin id="748" dir="0" index="0" bw="16" slack="0"/>
<pin id="749" dir="0" index="1" bw="1" slack="0"/>
<pin id="750" dir="0" index="2" bw="5" slack="0"/>
<pin id="751" dir="1" index="3" bw="6" slack="0"/>
</pin_list>
<bind>
<opcode="getelementptr(29) " fcode="getelementptr"/>
<opset="output_r_addr_8/5 "/>
</bind>
</comp>

<comp id="757" class="1004" name="output_r_addr_9_gep_fu_757">
<pin_list>
<pin id="758" dir="0" index="0" bw="16" slack="0"/>
<pin id="759" dir="0" index="1" bw="1" slack="0"/>
<pin id="760" dir="0" index="2" bw="5" slack="0"/>
<pin id="761" dir="1" index="3" bw="6" slack="0"/>
</pin_list>
<bind>
<opcode="getelementptr(29) " fcode="getelementptr"/>
<opset="output_r_addr_9/5 "/>
</bind>
</comp>

<comp id="767" class="1004" name="output_r_addr_10_gep_fu_767">
<pin_list>
<pin id="768" dir="0" index="0" bw="16" slack="0"/>
<pin id="769" dir="0" index="1" bw="1" slack="0"/>
<pin id="770" dir="0" index="2" bw="5" slack="0"/>
<pin id="771" dir="1" index="3" bw="6" slack="0"/>
</pin_list>
<bind>
<opcode="getelementptr(29) " fcode="getelementptr"/>
<opset="output_r_addr_10/6 "/>
</bind>
</comp>

<comp id="777" class="1004" name="output_r_addr_11_gep_fu_777">
<pin_list>
<pin id="778" dir="0" index="0" bw="16" slack="0"/>
<pin id="779" dir="0" index="1" bw="1" slack="0"/>
<pin id="780" dir="0" index="2" bw="5" slack="0"/>
<pin id="781" dir="1" index="3" bw="6" slack="0"/>
</pin_list>
<bind>
<opcode="getelementptr(29) " fcode="getelementptr"/>
<opset="output_r_addr_11/6 "/>
</bind>
</comp>

<comp id="787" class="1004" name="output_r_addr_12_gep_fu_787">
<pin_list>
<pin id="788" dir="0" index="0" bw="16" slack="0"/>
<pin id="789" dir="0" index="1" bw="1" slack="0"/>
<pin id="790" dir="0" index="2" bw="5" slack="0"/>
<pin id="791" dir="1" index="3" bw="6" slack="0"/>
</pin_list>
<bind>
<opcode="getelementptr(29) " fcode="getelementptr"/>
<opset="output_r_addr_12/7 "/>
</bind>
</comp>

<comp id="797" class="1004" name="output_r_addr_13_gep_fu_797">
<pin_list>
<pin id="798" dir="0" index="0" bw="16" slack="0"/>
<pin id="799" dir="0" index="1" bw="1" slack="0"/>
<pin id="800" dir="0" index="2" bw="5" slack="0"/>
<pin id="801" dir="1" index="3" bw="6" slack="0"/>
</pin_list>
<bind>
<opcode="getelementptr(29) " fcode="getelementptr"/>
<opset="output_r_addr_13/7 "/>
</bind>
</comp>

<comp id="807" class="1004" name="output_r_addr_14_gep_fu_807">
<pin_list>
<pin id="808" dir="0" index="0" bw="16" slack="0"/>
<pin id="809" dir="0" index="1" bw="1" slack="0"/>
<pin id="810" dir="0" index="2" bw="5" slack="0"/>
<pin id="811" dir="1" index="3" bw="6" slack="0"/>
</pin_list>
<bind>
<opcode="getelementptr(29) " fcode="getelementptr"/>
<opset="output_r_addr_14/8 "/>
</bind>
</comp>

<comp id="817" class="1004" name="output_r_addr_15_gep_fu_817">
<pin_list>
<pin id="818" dir="0" index="0" bw="16" slack="0"/>
<pin id="819" dir="0" index="1" bw="1" slack="0"/>
<pin id="820" dir="0" index="2" bw="5" slack="0"/>
<pin id="821" dir="1" index="3" bw="6" slack="0"/>
</pin_list>
<bind>
<opcode="getelementptr(29) " fcode="getelementptr"/>
<opset="output_r_addr_15/8 "/>
</bind>
</comp>

<comp id="827" class="1004" name="output_r_addr_16_gep_fu_827">
<pin_list>
<pin id="828" dir="0" index="0" bw="16" slack="0"/>
<pin id="829" dir="0" index="1" bw="1" slack="0"/>
<pin id="830" dir="0" index="2" bw="6" slack="0"/>
<pin id="831" dir="1" index="3" bw="6" slack="0"/>
</pin_list>
<bind>
<opcode="getelementptr(29) " fcode="getelementptr"/>
<opset="output_r_addr_16/9 "/>
</bind>
</comp>

<comp id="837" class="1004" name="output_r_addr_17_gep_fu_837">
<pin_list>
<pin id="838" dir="0" index="0" bw="16" slack="0"/>
<pin id="839" dir="0" index="1" bw="1" slack="0"/>
<pin id="840" dir="0" index="2" bw="6" slack="0"/>
<pin id="841" dir="1" index="3" bw="6" slack="0"/>
</pin_list>
<bind>
<opcode="getelementptr(29) " fcode="getelementptr"/>
<opset="output_r_addr_17/9 "/>
</bind>
</comp>

<comp id="847" class="1004" name="output_r_addr_18_gep_fu_847">
<pin_list>
<pin id="848" dir="0" index="0" bw="16" slack="0"/>
<pin id="849" dir="0" index="1" bw="1" slack="0"/>
<pin id="850" dir="0" index="2" bw="6" slack="0"/>
<pin id="851" dir="1" index="3" bw="6" slack="0"/>
</pin_list>
<bind>
<opcode="getelementptr(29) " fcode="getelementptr"/>
<opset="output_r_addr_18/10 "/>
</bind>
</comp>

<comp id="857" class="1004" name="output_r_addr_19_gep_fu_857">
<pin_list>
<pin id="858" dir="0" index="0" bw="16" slack="0"/>
<pin id="859" dir="0" index="1" bw="1" slack="0"/>
<pin id="860" dir="0" index="2" bw="6" slack="0"/>
<pin id="861" dir="1" index="3" bw="6" slack="0"/>
</pin_list>
<bind>
<opcode="getelementptr(29) " fcode="getelementptr"/>
<opset="output_r_addr_19/10 "/>
</bind>
</comp>

<comp id="867" class="1004" name="output_r_addr_20_gep_fu_867">
<pin_list>
<pin id="868" dir="0" index="0" bw="16" slack="0"/>
<pin id="869" dir="0" index="1" bw="1" slack="0"/>
<pin id="870" dir="0" index="2" bw="6" slack="0"/>
<pin id="871" dir="1" index="3" bw="6" slack="0"/>
</pin_list>
<bind>
<opcode="getelementptr(29) " fcode="getelementptr"/>
<opset="output_r_addr_20/11 "/>
</bind>
</comp>

<comp id="877" class="1004" name="output_r_addr_21_gep_fu_877">
<pin_list>
<pin id="878" dir="0" index="0" bw="16" slack="0"/>
<pin id="879" dir="0" index="1" bw="1" slack="0"/>
<pin id="880" dir="0" index="2" bw="6" slack="0"/>
<pin id="881" dir="1" index="3" bw="6" slack="0"/>
</pin_list>
<bind>
<opcode="getelementptr(29) " fcode="getelementptr"/>
<opset="output_r_addr_21/11 "/>
</bind>
</comp>

<comp id="887" class="1004" name="output_r_addr_22_gep_fu_887">
<pin_list>
<pin id="888" dir="0" index="0" bw="16" slack="0"/>
<pin id="889" dir="0" index="1" bw="1" slack="0"/>
<pin id="890" dir="0" index="2" bw="6" slack="0"/>
<pin id="891" dir="1" index="3" bw="6" slack="0"/>
</pin_list>
<bind>
<opcode="getelementptr(29) " fcode="getelementptr"/>
<opset="output_r_addr_22/12 "/>
</bind>
</comp>

<comp id="897" class="1004" name="output_r_addr_23_gep_fu_897">
<pin_list>
<pin id="898" dir="0" index="0" bw="16" slack="0"/>
<pin id="899" dir="0" index="1" bw="1" slack="0"/>
<pin id="900" dir="0" index="2" bw="6" slack="0"/>
<pin id="901" dir="1" index="3" bw="6" slack="0"/>
</pin_list>
<bind>
<opcode="getelementptr(29) " fcode="getelementptr"/>
<opset="output_r_addr_23/12 "/>
</bind>
</comp>

<comp id="907" class="1004" name="output_r_addr_24_gep_fu_907">
<pin_list>
<pin id="908" dir="0" index="0" bw="16" slack="0"/>
<pin id="909" dir="0" index="1" bw="1" slack="0"/>
<pin id="910" dir="0" index="2" bw="6" slack="0"/>
<pin id="911" dir="1" index="3" bw="6" slack="0"/>
</pin_list>
<bind>
<opcode="getelementptr(29) " fcode="getelementptr"/>
<opset="output_r_addr_24/13 "/>
</bind>
</comp>

<comp id="917" class="1004" name="output_r_addr_25_gep_fu_917">
<pin_list>
<pin id="918" dir="0" index="0" bw="16" slack="0"/>
<pin id="919" dir="0" index="1" bw="1" slack="0"/>
<pin id="920" dir="0" index="2" bw="6" slack="0"/>
<pin id="921" dir="1" index="3" bw="6" slack="0"/>
</pin_list>
<bind>
<opcode="getelementptr(29) " fcode="getelementptr"/>
<opset="output_r_addr_25/13 "/>
</bind>
</comp>

<comp id="927" class="1004" name="output_r_addr_26_gep_fu_927">
<pin_list>
<pin id="928" dir="0" index="0" bw="16" slack="0"/>
<pin id="929" dir="0" index="1" bw="1" slack="0"/>
<pin id="930" dir="0" index="2" bw="6" slack="0"/>
<pin id="931" dir="1" index="3" bw="6" slack="0"/>
</pin_list>
<bind>
<opcode="getelementptr(29) " fcode="getelementptr"/>
<opset="output_r_addr_26/14 "/>
</bind>
</comp>

<comp id="937" class="1004" name="output_r_addr_27_gep_fu_937">
<pin_list>
<pin id="938" dir="0" index="0" bw="16" slack="0"/>
<pin id="939" dir="0" index="1" bw="1" slack="0"/>
<pin id="940" dir="0" index="2" bw="6" slack="0"/>
<pin id="941" dir="1" index="3" bw="6" slack="0"/>
</pin_list>
<bind>
<opcode="getelementptr(29) " fcode="getelementptr"/>
<opset="output_r_addr_27/14 "/>
</bind>
</comp>

<comp id="947" class="1004" name="output_r_addr_28_gep_fu_947">
<pin_list>
<pin id="948" dir="0" index="0" bw="16" slack="0"/>
<pin id="949" dir="0" index="1" bw="1" slack="0"/>
<pin id="950" dir="0" index="2" bw="6" slack="0"/>
<pin id="951" dir="1" index="3" bw="6" slack="0"/>
</pin_list>
<bind>
<opcode="getelementptr(29) " fcode="getelementptr"/>
<opset="output_r_addr_28/15 "/>
</bind>
</comp>

<comp id="957" class="1004" name="output_r_addr_29_gep_fu_957">
<pin_list>
<pin id="958" dir="0" index="0" bw="16" slack="0"/>
<pin id="959" dir="0" index="1" bw="1" slack="0"/>
<pin id="960" dir="0" index="2" bw="6" slack="0"/>
<pin id="961" dir="1" index="3" bw="6" slack="0"/>
</pin_list>
<bind>
<opcode="getelementptr(29) " fcode="getelementptr"/>
<opset="output_r_addr_29/15 "/>
</bind>
</comp>

<comp id="967" class="1004" name="output_r_addr_30_gep_fu_967">
<pin_list>
<pin id="968" dir="0" index="0" bw="16" slack="0"/>
<pin id="969" dir="0" index="1" bw="1" slack="0"/>
<pin id="970" dir="0" index="2" bw="6" slack="0"/>
<pin id="971" dir="1" index="3" bw="6" slack="0"/>
</pin_list>
<bind>
<opcode="getelementptr(29) " fcode="getelementptr"/>
<opset="output_r_addr_30/16 "/>
</bind>
</comp>

<comp id="977" class="1004" name="output_r_addr_31_gep_fu_977">
<pin_list>
<pin id="978" dir="0" index="0" bw="16" slack="0"/>
<pin id="979" dir="0" index="1" bw="1" slack="0"/>
<pin id="980" dir="0" index="2" bw="6" slack="0"/>
<pin id="981" dir="1" index="3" bw="6" slack="0"/>
</pin_list>
<bind>
<opcode="getelementptr(29) " fcode="getelementptr"/>
<opset="output_r_addr_31/16 "/>
</bind>
</comp>

<comp id="987" class="1004" name="output_r_addr_32_gep_fu_987">
<pin_list>
<pin id="988" dir="0" index="0" bw="16" slack="0"/>
<pin id="989" dir="0" index="1" bw="1" slack="0"/>
<pin id="990" dir="0" index="2" bw="7" slack="0"/>
<pin id="991" dir="1" index="3" bw="6" slack="0"/>
</pin_list>
<bind>
<opcode="getelementptr(29) " fcode="getelementptr"/>
<opset="output_r_addr_32/17 "/>
</bind>
</comp>

<comp id="997" class="1004" name="output_r_addr_33_gep_fu_997">
<pin_list>
<pin id="998" dir="0" index="0" bw="16" slack="0"/>
<pin id="999" dir="0" index="1" bw="1" slack="0"/>
<pin id="1000" dir="0" index="2" bw="7" slack="0"/>
<pin id="1001" dir="1" index="3" bw="6" slack="0"/>
</pin_list>
<bind>
<opcode="getelementptr(29) " fcode="getelementptr"/>
<opset="output_r_addr_33/17 "/>
</bind>
</comp>

<comp id="1007" class="1004" name="output_r_addr_34_gep_fu_1007">
<pin_list>
<pin id="1008" dir="0" index="0" bw="16" slack="0"/>
<pin id="1009" dir="0" index="1" bw="1" slack="0"/>
<pin id="1010" dir="0" index="2" bw="7" slack="0"/>
<pin id="1011" dir="1" index="3" bw="6" slack="0"/>
</pin_list>
<bind>
<opcode="getelementptr(29) " fcode="getelementptr"/>
<opset="output_r_addr_34/18 "/>
</bind>
</comp>

<comp id="1017" class="1004" name="output_r_addr_35_gep_fu_1017">
<pin_list>
<pin id="1018" dir="0" index="0" bw="16" slack="0"/>
<pin id="1019" dir="0" index="1" bw="1" slack="0"/>
<pin id="1020" dir="0" index="2" bw="7" slack="0"/>
<pin id="1021" dir="1" index="3" bw="6" slack="0"/>
</pin_list>
<bind>
<opcode="getelementptr(29) " fcode="getelementptr"/>
<opset="output_r_addr_35/18 "/>
</bind>
</comp>

<comp id="1027" class="1004" name="output_r_addr_36_gep_fu_1027">
<pin_list>
<pin id="1028" dir="0" index="0" bw="16" slack="0"/>
<pin id="1029" dir="0" index="1" bw="1" slack="0"/>
<pin id="1030" dir="0" index="2" bw="7" slack="0"/>
<pin id="1031" dir="1" index="3" bw="6" slack="0"/>
</pin_list>
<bind>
<opcode="getelementptr(29) " fcode="getelementptr"/>
<opset="output_r_addr_36/19 "/>
</bind>
</comp>

<comp id="1037" class="1004" name="output_r_addr_37_gep_fu_1037">
<pin_list>
<pin id="1038" dir="0" index="0" bw="16" slack="0"/>
<pin id="1039" dir="0" index="1" bw="1" slack="0"/>
<pin id="1040" dir="0" index="2" bw="7" slack="0"/>
<pin id="1041" dir="1" index="3" bw="6" slack="0"/>
</pin_list>
<bind>
<opcode="getelementptr(29) " fcode="getelementptr"/>
<opset="output_r_addr_37/19 "/>
</bind>
</comp>

<comp id="1047" class="1004" name="output_r_addr_38_gep_fu_1047">
<pin_list>
<pin id="1048" dir="0" index="0" bw="16" slack="0"/>
<pin id="1049" dir="0" index="1" bw="1" slack="0"/>
<pin id="1050" dir="0" index="2" bw="7" slack="0"/>
<pin id="1051" dir="1" index="3" bw="6" slack="0"/>
</pin_list>
<bind>
<opcode="getelementptr(29) " fcode="getelementptr"/>
<opset="output_r_addr_38/20 "/>
</bind>
</comp>

<comp id="1057" class="1004" name="output_r_addr_39_gep_fu_1057">
<pin_list>
<pin id="1058" dir="0" index="0" bw="16" slack="0"/>
<pin id="1059" dir="0" index="1" bw="1" slack="0"/>
<pin id="1060" dir="0" index="2" bw="7" slack="0"/>
<pin id="1061" dir="1" index="3" bw="6" slack="0"/>
</pin_list>
<bind>
<opcode="getelementptr(29) " fcode="getelementptr"/>
<opset="output_r_addr_39/20 "/>
</bind>
</comp>

<comp id="1067" class="1004" name="output_r_addr_40_gep_fu_1067">
<pin_list>
<pin id="1068" dir="0" index="0" bw="16" slack="0"/>
<pin id="1069" dir="0" index="1" bw="1" slack="0"/>
<pin id="1070" dir="0" index="2" bw="7" slack="0"/>
<pin id="1071" dir="1" index="3" bw="6" slack="0"/>
</pin_list>
<bind>
<opcode="getelementptr(29) " fcode="getelementptr"/>
<opset="output_r_addr_40/21 "/>
</bind>
</comp>

<comp id="1077" class="1004" name="output_r_addr_41_gep_fu_1077">
<pin_list>
<pin id="1078" dir="0" index="0" bw="16" slack="0"/>
<pin id="1079" dir="0" index="1" bw="1" slack="0"/>
<pin id="1080" dir="0" index="2" bw="7" slack="0"/>
<pin id="1081" dir="1" index="3" bw="6" slack="0"/>
</pin_list>
<bind>
<opcode="getelementptr(29) " fcode="getelementptr"/>
<opset="output_r_addr_41/21 "/>
</bind>
</comp>

<comp id="1087" class="1004" name="output_r_addr_42_gep_fu_1087">
<pin_list>
<pin id="1088" dir="0" index="0" bw="16" slack="0"/>
<pin id="1089" dir="0" index="1" bw="1" slack="0"/>
<pin id="1090" dir="0" index="2" bw="7" slack="0"/>
<pin id="1091" dir="1" index="3" bw="6" slack="0"/>
</pin_list>
<bind>
<opcode="getelementptr(29) " fcode="getelementptr"/>
<opset="output_r_addr_42/22 "/>
</bind>
</comp>

<comp id="1097" class="1004" name="output_r_addr_43_gep_fu_1097">
<pin_list>
<pin id="1098" dir="0" index="0" bw="16" slack="0"/>
<pin id="1099" dir="0" index="1" bw="1" slack="0"/>
<pin id="1100" dir="0" index="2" bw="7" slack="0"/>
<pin id="1101" dir="1" index="3" bw="6" slack="0"/>
</pin_list>
<bind>
<opcode="getelementptr(29) " fcode="getelementptr"/>
<opset="output_r_addr_43/22 "/>
</bind>
</comp>

<comp id="1107" class="1004" name="output_r_addr_44_gep_fu_1107">
<pin_list>
<pin id="1108" dir="0" index="0" bw="16" slack="0"/>
<pin id="1109" dir="0" index="1" bw="1" slack="0"/>
<pin id="1110" dir="0" index="2" bw="7" slack="0"/>
<pin id="1111" dir="1" index="3" bw="6" slack="0"/>
</pin_list>
<bind>
<opcode="getelementptr(29) " fcode="getelementptr"/>
<opset="output_r_addr_44/23 "/>
</bind>
</comp>

<comp id="1117" class="1004" name="output_r_addr_45_gep_fu_1117">
<pin_list>
<pin id="1118" dir="0" index="0" bw="16" slack="0"/>
<pin id="1119" dir="0" index="1" bw="1" slack="0"/>
<pin id="1120" dir="0" index="2" bw="7" slack="0"/>
<pin id="1121" dir="1" index="3" bw="6" slack="0"/>
</pin_list>
<bind>
<opcode="getelementptr(29) " fcode="getelementptr"/>
<opset="output_r_addr_45/23 "/>
</bind>
</comp>

<comp id="1127" class="1004" name="output_r_addr_46_gep_fu_1127">
<pin_list>
<pin id="1128" dir="0" index="0" bw="16" slack="0"/>
<pin id="1129" dir="0" index="1" bw="1" slack="0"/>
<pin id="1130" dir="0" index="2" bw="7" slack="0"/>
<pin id="1131" dir="1" index="3" bw="6" slack="0"/>
</pin_list>
<bind>
<opcode="getelementptr(29) " fcode="getelementptr"/>
<opset="output_r_addr_46/24 "/>
</bind>
</comp>

<comp id="1137" class="1004" name="output_r_addr_47_gep_fu_1137">
<pin_list>
<pin id="1138" dir="0" index="0" bw="16" slack="0"/>
<pin id="1139" dir="0" index="1" bw="1" slack="0"/>
<pin id="1140" dir="0" index="2" bw="7" slack="0"/>
<pin id="1141" dir="1" index="3" bw="6" slack="0"/>
</pin_list>
<bind>
<opcode="getelementptr(29) " fcode="getelementptr"/>
<opset="output_r_addr_47/24 "/>
</bind>
</comp>

<comp id="1147" class="1004" name="output_r_addr_48_gep_fu_1147">
<pin_list>
<pin id="1148" dir="0" index="0" bw="16" slack="0"/>
<pin id="1149" dir="0" index="1" bw="1" slack="0"/>
<pin id="1150" dir="0" index="2" bw="7" slack="0"/>
<pin id="1151" dir="1" index="3" bw="6" slack="0"/>
</pin_list>
<bind>
<opcode="getelementptr(29) " fcode="getelementptr"/>
<opset="output_r_addr_48/25 "/>
</bind>
</comp>

<comp id="1157" class="1004" name="output_r_addr_49_gep_fu_1157">
<pin_list>
<pin id="1158" dir="0" index="0" bw="16" slack="0"/>
<pin id="1159" dir="0" index="1" bw="1" slack="0"/>
<pin id="1160" dir="0" index="2" bw="7" slack="0"/>
<pin id="1161" dir="1" index="3" bw="6" slack="0"/>
</pin_list>
<bind>
<opcode="getelementptr(29) " fcode="getelementptr"/>
<opset="output_r_addr_49/25 "/>
</bind>
</comp>

<comp id="1167" class="1004" name="output_r_addr_50_gep_fu_1167">
<pin_list>
<pin id="1168" dir="0" index="0" bw="16" slack="0"/>
<pin id="1169" dir="0" index="1" bw="1" slack="0"/>
<pin id="1170" dir="0" index="2" bw="7" slack="0"/>
<pin id="1171" dir="1" index="3" bw="6" slack="0"/>
</pin_list>
<bind>
<opcode="getelementptr(29) " fcode="getelementptr"/>
<opset="output_r_addr_50/26 "/>
</bind>
</comp>

<comp id="1177" class="1004" name="output_r_addr_51_gep_fu_1177">
<pin_list>
<pin id="1178" dir="0" index="0" bw="16" slack="0"/>
<pin id="1179" dir="0" index="1" bw="1" slack="0"/>
<pin id="1180" dir="0" index="2" bw="7" slack="0"/>
<pin id="1181" dir="1" index="3" bw="6" slack="0"/>
</pin_list>
<bind>
<opcode="getelementptr(29) " fcode="getelementptr"/>
<opset="output_r_addr_51/26 "/>
</bind>
</comp>

<comp id="1187" class="1004" name="output_r_addr_52_gep_fu_1187">
<pin_list>
<pin id="1188" dir="0" index="0" bw="16" slack="0"/>
<pin id="1189" dir="0" index="1" bw="1" slack="0"/>
<pin id="1190" dir="0" index="2" bw="7" slack="0"/>
<pin id="1191" dir="1" index="3" bw="6" slack="0"/>
</pin_list>
<bind>
<opcode="getelementptr(29) " fcode="getelementptr"/>
<opset="output_r_addr_52/27 "/>
</bind>
</comp>

<comp id="1197" class="1004" name="output_r_addr_53_gep_fu_1197">
<pin_list>
<pin id="1198" dir="0" index="0" bw="16" slack="0"/>
<pin id="1199" dir="0" index="1" bw="1" slack="0"/>
<pin id="1200" dir="0" index="2" bw="7" slack="0"/>
<pin id="1201" dir="1" index="3" bw="6" slack="0"/>
</pin_list>
<bind>
<opcode="getelementptr(29) " fcode="getelementptr"/>
<opset="output_r_addr_53/27 "/>
</bind>
</comp>

<comp id="1207" class="1004" name="output_r_addr_54_gep_fu_1207">
<pin_list>
<pin id="1208" dir="0" index="0" bw="16" slack="0"/>
<pin id="1209" dir="0" index="1" bw="1" slack="0"/>
<pin id="1210" dir="0" index="2" bw="7" slack="0"/>
<pin id="1211" dir="1" index="3" bw="6" slack="0"/>
</pin_list>
<bind>
<opcode="getelementptr(29) " fcode="getelementptr"/>
<opset="output_r_addr_54/28 "/>
</bind>
</comp>

<comp id="1217" class="1004" name="output_r_addr_55_gep_fu_1217">
<pin_list>
<pin id="1218" dir="0" index="0" bw="16" slack="0"/>
<pin id="1219" dir="0" index="1" bw="1" slack="0"/>
<pin id="1220" dir="0" index="2" bw="7" slack="0"/>
<pin id="1221" dir="1" index="3" bw="6" slack="0"/>
</pin_list>
<bind>
<opcode="getelementptr(29) " fcode="getelementptr"/>
<opset="output_r_addr_55/28 "/>
</bind>
</comp>

<comp id="1227" class="1004" name="output_r_addr_56_gep_fu_1227">
<pin_list>
<pin id="1228" dir="0" index="0" bw="16" slack="0"/>
<pin id="1229" dir="0" index="1" bw="1" slack="0"/>
<pin id="1230" dir="0" index="2" bw="7" slack="0"/>
<pin id="1231" dir="1" index="3" bw="6" slack="0"/>
</pin_list>
<bind>
<opcode="getelementptr(29) " fcode="getelementptr"/>
<opset="output_r_addr_56/29 "/>
</bind>
</comp>

<comp id="1237" class="1004" name="output_r_addr_57_gep_fu_1237">
<pin_list>
<pin id="1238" dir="0" index="0" bw="16" slack="0"/>
<pin id="1239" dir="0" index="1" bw="1" slack="0"/>
<pin id="1240" dir="0" index="2" bw="7" slack="0"/>
<pin id="1241" dir="1" index="3" bw="6" slack="0"/>
</pin_list>
<bind>
<opcode="getelementptr(29) " fcode="getelementptr"/>
<opset="output_r_addr_57/29 "/>
</bind>
</comp>

<comp id="1247" class="1004" name="output_r_addr_58_gep_fu_1247">
<pin_list>
<pin id="1248" dir="0" index="0" bw="16" slack="0"/>
<pin id="1249" dir="0" index="1" bw="1" slack="0"/>
<pin id="1250" dir="0" index="2" bw="7" slack="0"/>
<pin id="1251" dir="1" index="3" bw="6" slack="0"/>
</pin_list>
<bind>
<opcode="getelementptr(29) " fcode="getelementptr"/>
<opset="output_r_addr_58/30 "/>
</bind>
</comp>

<comp id="1257" class="1004" name="output_r_addr_59_gep_fu_1257">
<pin_list>
<pin id="1258" dir="0" index="0" bw="16" slack="0"/>
<pin id="1259" dir="0" index="1" bw="1" slack="0"/>
<pin id="1260" dir="0" index="2" bw="7" slack="0"/>
<pin id="1261" dir="1" index="3" bw="6" slack="0"/>
</pin_list>
<bind>
<opcode="getelementptr(29) " fcode="getelementptr"/>
<opset="output_r_addr_59/30 "/>
</bind>
</comp>

<comp id="1267" class="1004" name="output_r_addr_60_gep_fu_1267">
<pin_list>
<pin id="1268" dir="0" index="0" bw="16" slack="0"/>
<pin id="1269" dir="0" index="1" bw="1" slack="0"/>
<pin id="1270" dir="0" index="2" bw="7" slack="0"/>
<pin id="1271" dir="1" index="3" bw="6" slack="0"/>
</pin_list>
<bind>
<opcode="getelementptr(29) " fcode="getelementptr"/>
<opset="output_r_addr_60/31 "/>
</bind>
</comp>

<comp id="1277" class="1004" name="output_r_addr_61_gep_fu_1277">
<pin_list>
<pin id="1278" dir="0" index="0" bw="16" slack="0"/>
<pin id="1279" dir="0" index="1" bw="1" slack="0"/>
<pin id="1280" dir="0" index="2" bw="7" slack="0"/>
<pin id="1281" dir="1" index="3" bw="6" slack="0"/>
</pin_list>
<bind>
<opcode="getelementptr(29) " fcode="getelementptr"/>
<opset="output_r_addr_61/31 "/>
</bind>
</comp>

<comp id="1287" class="1004" name="output_r_addr_62_gep_fu_1287">
<pin_list>
<pin id="1288" dir="0" index="0" bw="16" slack="0"/>
<pin id="1289" dir="0" index="1" bw="1" slack="0"/>
<pin id="1290" dir="0" index="2" bw="7" slack="0"/>
<pin id="1291" dir="1" index="3" bw="6" slack="0"/>
</pin_list>
<bind>
<opcode="getelementptr(29) " fcode="getelementptr"/>
<opset="output_r_addr_62/32 "/>
</bind>
</comp>

<comp id="1297" class="1004" name="output_r_addr_63_gep_fu_1297">
<pin_list>
<pin id="1298" dir="0" index="0" bw="16" slack="0"/>
<pin id="1299" dir="0" index="1" bw="1" slack="0"/>
<pin id="1300" dir="0" index="2" bw="7" slack="0"/>
<pin id="1301" dir="1" index="3" bw="6" slack="0"/>
</pin_list>
<bind>
<opcode="getelementptr(29) " fcode="getelementptr"/>
<opset="output_r_addr_63/32 "/>
</bind>
</comp>

</comp_list>

<net_list>
<net id="278"><net_src comp="130" pin="0"/><net_sink comp="274" pin=0"/></net>

<net id="279"><net_src comp="2" pin="0"/><net_sink comp="274" pin=1"/></net>

<net id="284"><net_src comp="130" pin="0"/><net_sink comp="280" pin=0"/></net>

<net id="285"><net_src comp="0" pin="0"/><net_sink comp="280" pin=1"/></net>

<net id="290"><net_src comp="130" pin="0"/><net_sink comp="286" pin=0"/></net>

<net id="291"><net_src comp="6" pin="0"/><net_sink comp="286" pin=1"/></net>

<net id="296"><net_src comp="130" pin="0"/><net_sink comp="292" pin=0"/></net>

<net id="297"><net_src comp="4" pin="0"/><net_sink comp="292" pin=1"/></net>

<net id="302"><net_src comp="130" pin="0"/><net_sink comp="298" pin=0"/></net>

<net id="303"><net_src comp="10" pin="0"/><net_sink comp="298" pin=1"/></net>

<net id="308"><net_src comp="130" pin="0"/><net_sink comp="304" pin=0"/></net>

<net id="309"><net_src comp="8" pin="0"/><net_sink comp="304" pin=1"/></net>

<net id="314"><net_src comp="130" pin="0"/><net_sink comp="310" pin=0"/></net>

<net id="315"><net_src comp="14" pin="0"/><net_sink comp="310" pin=1"/></net>

<net id="320"><net_src comp="130" pin="0"/><net_sink comp="316" pin=0"/></net>

<net id="321"><net_src comp="12" pin="0"/><net_sink comp="316" pin=1"/></net>

<net id="326"><net_src comp="130" pin="0"/><net_sink comp="322" pin=0"/></net>

<net id="327"><net_src comp="18" pin="0"/><net_sink comp="322" pin=1"/></net>

<net id="332"><net_src comp="130" pin="0"/><net_sink comp="328" pin=0"/></net>

<net id="333"><net_src comp="16" pin="0"/><net_sink comp="328" pin=1"/></net>

<net id="338"><net_src comp="130" pin="0"/><net_sink comp="334" pin=0"/></net>

<net id="339"><net_src comp="22" pin="0"/><net_sink comp="334" pin=1"/></net>

<net id="344"><net_src comp="130" pin="0"/><net_sink comp="340" pin=0"/></net>

<net id="345"><net_src comp="20" pin="0"/><net_sink comp="340" pin=1"/></net>

<net id="350"><net_src comp="130" pin="0"/><net_sink comp="346" pin=0"/></net>

<net id="351"><net_src comp="26" pin="0"/><net_sink comp="346" pin=1"/></net>

<net id="356"><net_src comp="130" pin="0"/><net_sink comp="352" pin=0"/></net>

<net id="357"><net_src comp="24" pin="0"/><net_sink comp="352" pin=1"/></net>

<net id="362"><net_src comp="130" pin="0"/><net_sink comp="358" pin=0"/></net>

<net id="363"><net_src comp="30" pin="0"/><net_sink comp="358" pin=1"/></net>

<net id="368"><net_src comp="130" pin="0"/><net_sink comp="364" pin=0"/></net>

<net id="369"><net_src comp="28" pin="0"/><net_sink comp="364" pin=1"/></net>

<net id="374"><net_src comp="130" pin="0"/><net_sink comp="370" pin=0"/></net>

<net id="375"><net_src comp="34" pin="0"/><net_sink comp="370" pin=1"/></net>

<net id="380"><net_src comp="130" pin="0"/><net_sink comp="376" pin=0"/></net>

<net id="381"><net_src comp="32" pin="0"/><net_sink comp="376" pin=1"/></net>

<net id="386"><net_src comp="130" pin="0"/><net_sink comp="382" pin=0"/></net>

<net id="387"><net_src comp="38" pin="0"/><net_sink comp="382" pin=1"/></net>

<net id="392"><net_src comp="130" pin="0"/><net_sink comp="388" pin=0"/></net>

<net id="393"><net_src comp="36" pin="0"/><net_sink comp="388" pin=1"/></net>

<net id="398"><net_src comp="130" pin="0"/><net_sink comp="394" pin=0"/></net>

<net id="399"><net_src comp="42" pin="0"/><net_sink comp="394" pin=1"/></net>

<net id="404"><net_src comp="130" pin="0"/><net_sink comp="400" pin=0"/></net>

<net id="405"><net_src comp="40" pin="0"/><net_sink comp="400" pin=1"/></net>

<net id="410"><net_src comp="130" pin="0"/><net_sink comp="406" pin=0"/></net>

<net id="411"><net_src comp="46" pin="0"/><net_sink comp="406" pin=1"/></net>

<net id="416"><net_src comp="130" pin="0"/><net_sink comp="412" pin=0"/></net>

<net id="417"><net_src comp="44" pin="0"/><net_sink comp="412" pin=1"/></net>

<net id="422"><net_src comp="130" pin="0"/><net_sink comp="418" pin=0"/></net>

<net id="423"><net_src comp="50" pin="0"/><net_sink comp="418" pin=1"/></net>

<net id="428"><net_src comp="130" pin="0"/><net_sink comp="424" pin=0"/></net>

<net id="429"><net_src comp="48" pin="0"/><net_sink comp="424" pin=1"/></net>

<net id="434"><net_src comp="130" pin="0"/><net_sink comp="430" pin=0"/></net>

<net id="435"><net_src comp="54" pin="0"/><net_sink comp="430" pin=1"/></net>

<net id="440"><net_src comp="130" pin="0"/><net_sink comp="436" pin=0"/></net>

<net id="441"><net_src comp="52" pin="0"/><net_sink comp="436" pin=1"/></net>

<net id="446"><net_src comp="130" pin="0"/><net_sink comp="442" pin=0"/></net>

<net id="447"><net_src comp="58" pin="0"/><net_sink comp="442" pin=1"/></net>

<net id="452"><net_src comp="130" pin="0"/><net_sink comp="448" pin=0"/></net>

<net id="453"><net_src comp="56" pin="0"/><net_sink comp="448" pin=1"/></net>

<net id="458"><net_src comp="130" pin="0"/><net_sink comp="454" pin=0"/></net>

<net id="459"><net_src comp="62" pin="0"/><net_sink comp="454" pin=1"/></net>

<net id="464"><net_src comp="130" pin="0"/><net_sink comp="460" pin=0"/></net>

<net id="465"><net_src comp="60" pin="0"/><net_sink comp="460" pin=1"/></net>

<net id="470"><net_src comp="130" pin="0"/><net_sink comp="466" pin=0"/></net>

<net id="471"><net_src comp="66" pin="0"/><net_sink comp="466" pin=1"/></net>

<net id="476"><net_src comp="130" pin="0"/><net_sink comp="472" pin=0"/></net>

<net id="477"><net_src comp="64" pin="0"/><net_sink comp="472" pin=1"/></net>

<net id="482"><net_src comp="130" pin="0"/><net_sink comp="478" pin=0"/></net>

<net id="483"><net_src comp="70" pin="0"/><net_sink comp="478" pin=1"/></net>

<net id="488"><net_src comp="130" pin="0"/><net_sink comp="484" pin=0"/></net>

<net id="489"><net_src comp="68" pin="0"/><net_sink comp="484" pin=1"/></net>

<net id="494"><net_src comp="130" pin="0"/><net_sink comp="490" pin=0"/></net>

<net id="495"><net_src comp="74" pin="0"/><net_sink comp="490" pin=1"/></net>

<net id="500"><net_src comp="130" pin="0"/><net_sink comp="496" pin=0"/></net>

<net id="501"><net_src comp="72" pin="0"/><net_sink comp="496" pin=1"/></net>

<net id="506"><net_src comp="130" pin="0"/><net_sink comp="502" pin=0"/></net>

<net id="507"><net_src comp="78" pin="0"/><net_sink comp="502" pin=1"/></net>

<net id="512"><net_src comp="130" pin="0"/><net_sink comp="508" pin=0"/></net>

<net id="513"><net_src comp="76" pin="0"/><net_sink comp="508" pin=1"/></net>

<net id="518"><net_src comp="130" pin="0"/><net_sink comp="514" pin=0"/></net>

<net id="519"><net_src comp="82" pin="0"/><net_sink comp="514" pin=1"/></net>

<net id="524"><net_src comp="130" pin="0"/><net_sink comp="520" pin=0"/></net>

<net id="525"><net_src comp="80" pin="0"/><net_sink comp="520" pin=1"/></net>

<net id="530"><net_src comp="130" pin="0"/><net_sink comp="526" pin=0"/></net>

<net id="531"><net_src comp="86" pin="0"/><net_sink comp="526" pin=1"/></net>

<net id="536"><net_src comp="130" pin="0"/><net_sink comp="532" pin=0"/></net>

<net id="537"><net_src comp="84" pin="0"/><net_sink comp="532" pin=1"/></net>

<net id="542"><net_src comp="130" pin="0"/><net_sink comp="538" pin=0"/></net>

<net id="543"><net_src comp="90" pin="0"/><net_sink comp="538" pin=1"/></net>

<net id="548"><net_src comp="130" pin="0"/><net_sink comp="544" pin=0"/></net>

<net id="549"><net_src comp="88" pin="0"/><net_sink comp="544" pin=1"/></net>

<net id="554"><net_src comp="130" pin="0"/><net_sink comp="550" pin=0"/></net>

<net id="555"><net_src comp="94" pin="0"/><net_sink comp="550" pin=1"/></net>

<net id="560"><net_src comp="130" pin="0"/><net_sink comp="556" pin=0"/></net>

<net id="561"><net_src comp="92" pin="0"/><net_sink comp="556" pin=1"/></net>

<net id="566"><net_src comp="130" pin="0"/><net_sink comp="562" pin=0"/></net>

<net id="567"><net_src comp="98" pin="0"/><net_sink comp="562" pin=1"/></net>

<net id="572"><net_src comp="130" pin="0"/><net_sink comp="568" pin=0"/></net>

<net id="573"><net_src comp="96" pin="0"/><net_sink comp="568" pin=1"/></net>

<net id="578"><net_src comp="130" pin="0"/><net_sink comp="574" pin=0"/></net>

<net id="579"><net_src comp="102" pin="0"/><net_sink comp="574" pin=1"/></net>

<net id="584"><net_src comp="130" pin="0"/><net_sink comp="580" pin=0"/></net>

<net id="585"><net_src comp="100" pin="0"/><net_sink comp="580" pin=1"/></net>

<net id="590"><net_src comp="130" pin="0"/><net_sink comp="586" pin=0"/></net>

<net id="591"><net_src comp="106" pin="0"/><net_sink comp="586" pin=1"/></net>

<net id="596"><net_src comp="130" pin="0"/><net_sink comp="592" pin=0"/></net>

<net id="597"><net_src comp="104" pin="0"/><net_sink comp="592" pin=1"/></net>

<net id="602"><net_src comp="130" pin="0"/><net_sink comp="598" pin=0"/></net>

<net id="603"><net_src comp="110" pin="0"/><net_sink comp="598" pin=1"/></net>

<net id="608"><net_src comp="130" pin="0"/><net_sink comp="604" pin=0"/></net>

<net id="609"><net_src comp="108" pin="0"/><net_sink comp="604" pin=1"/></net>

<net id="614"><net_src comp="130" pin="0"/><net_sink comp="610" pin=0"/></net>

<net id="615"><net_src comp="114" pin="0"/><net_sink comp="610" pin=1"/></net>

<net id="620"><net_src comp="130" pin="0"/><net_sink comp="616" pin=0"/></net>

<net id="621"><net_src comp="112" pin="0"/><net_sink comp="616" pin=1"/></net>

<net id="626"><net_src comp="130" pin="0"/><net_sink comp="622" pin=0"/></net>

<net id="627"><net_src comp="118" pin="0"/><net_sink comp="622" pin=1"/></net>

<net id="632"><net_src comp="130" pin="0"/><net_sink comp="628" pin=0"/></net>

<net id="633"><net_src comp="116" pin="0"/><net_sink comp="628" pin=1"/></net>

<net id="638"><net_src comp="130" pin="0"/><net_sink comp="634" pin=0"/></net>

<net id="639"><net_src comp="122" pin="0"/><net_sink comp="634" pin=1"/></net>

<net id="644"><net_src comp="130" pin="0"/><net_sink comp="640" pin=0"/></net>

<net id="645"><net_src comp="120" pin="0"/><net_sink comp="640" pin=1"/></net>

<net id="650"><net_src comp="130" pin="0"/><net_sink comp="646" pin=0"/></net>

<net id="651"><net_src comp="126" pin="0"/><net_sink comp="646" pin=1"/></net>

<net id="656"><net_src comp="130" pin="0"/><net_sink comp="652" pin=0"/></net>

<net id="657"><net_src comp="124" pin="0"/><net_sink comp="652" pin=1"/></net>

<net id="663"><net_src comp="128" pin="0"/><net_sink comp="658" pin=0"/></net>

<net id="664"><net_src comp="132" pin="0"/><net_sink comp="658" pin=1"/></net>

<net id="665"><net_src comp="132" pin="0"/><net_sink comp="658" pin=2"/></net>

<net id="675"><net_src comp="280" pin="2"/><net_sink comp="666" pin=4"/></net>

<net id="676"><net_src comp="658" pin="3"/><net_sink comp="666" pin=2"/></net>

<net id="682"><net_src comp="128" pin="0"/><net_sink comp="677" pin=0"/></net>

<net id="683"><net_src comp="132" pin="0"/><net_sink comp="677" pin=1"/></net>

<net id="684"><net_src comp="134" pin="0"/><net_sink comp="677" pin=2"/></net>

<net id="685"><net_src comp="274" pin="2"/><net_sink comp="666" pin=1"/></net>

<net id="686"><net_src comp="677" pin="3"/><net_sink comp="666" pin=0"/></net>

<net id="692"><net_src comp="128" pin="0"/><net_sink comp="687" pin=0"/></net>

<net id="693"><net_src comp="132" pin="0"/><net_sink comp="687" pin=1"/></net>

<net id="694"><net_src comp="136" pin="0"/><net_sink comp="687" pin=2"/></net>

<net id="695"><net_src comp="292" pin="2"/><net_sink comp="666" pin=4"/></net>

<net id="696"><net_src comp="687" pin="3"/><net_sink comp="666" pin=2"/></net>

<net id="702"><net_src comp="128" pin="0"/><net_sink comp="697" pin=0"/></net>

<net id="703"><net_src comp="132" pin="0"/><net_sink comp="697" pin=1"/></net>

<net id="704"><net_src comp="138" pin="0"/><net_sink comp="697" pin=2"/></net>

<net id="705"><net_src comp="286" pin="2"/><net_sink comp="666" pin=1"/></net>

<net id="706"><net_src comp="697" pin="3"/><net_sink comp="666" pin=0"/></net>

<net id="712"><net_src comp="128" pin="0"/><net_sink comp="707" pin=0"/></net>

<net id="713"><net_src comp="132" pin="0"/><net_sink comp="707" pin=1"/></net>

<net id="714"><net_src comp="140" pin="0"/><net_sink comp="707" pin=2"/></net>

<net id="715"><net_src comp="304" pin="2"/><net_sink comp="666" pin=4"/></net>

<net id="716"><net_src comp="707" pin="3"/><net_sink comp="666" pin=2"/></net>

<net id="722"><net_src comp="128" pin="0"/><net_sink comp="717" pin=0"/></net>

<net id="723"><net_src comp="132" pin="0"/><net_sink comp="717" pin=1"/></net>

<net id="724"><net_src comp="142" pin="0"/><net_sink comp="717" pin=2"/></net>

<net id="725"><net_src comp="298" pin="2"/><net_sink comp="666" pin=1"/></net>

<net id="726"><net_src comp="717" pin="3"/><net_sink comp="666" pin=0"/></net>

<net id="732"><net_src comp="128" pin="0"/><net_sink comp="727" pin=0"/></net>

<net id="733"><net_src comp="132" pin="0"/><net_sink comp="727" pin=1"/></net>

<net id="734"><net_src comp="144" pin="0"/><net_sink comp="727" pin=2"/></net>

<net id="735"><net_src comp="316" pin="2"/><net_sink comp="666" pin=4"/></net>

<net id="736"><net_src comp="727" pin="3"/><net_sink comp="666" pin=2"/></net>

<net id="742"><net_src comp="128" pin="0"/><net_sink comp="737" pin=0"/></net>

<net id="743"><net_src comp="132" pin="0"/><net_sink comp="737" pin=1"/></net>

<net id="744"><net_src comp="146" pin="0"/><net_sink comp="737" pin=2"/></net>

<net id="745"><net_src comp="310" pin="2"/><net_sink comp="666" pin=1"/></net>

<net id="746"><net_src comp="737" pin="3"/><net_sink comp="666" pin=0"/></net>

<net id="752"><net_src comp="128" pin="0"/><net_sink comp="747" pin=0"/></net>

<net id="753"><net_src comp="132" pin="0"/><net_sink comp="747" pin=1"/></net>

<net id="754"><net_src comp="148" pin="0"/><net_sink comp="747" pin=2"/></net>

<net id="755"><net_src comp="328" pin="2"/><net_sink comp="666" pin=4"/></net>

<net id="756"><net_src comp="747" pin="3"/><net_sink comp="666" pin=2"/></net>

<net id="762"><net_src comp="128" pin="0"/><net_sink comp="757" pin=0"/></net>

<net id="763"><net_src comp="132" pin="0"/><net_sink comp="757" pin=1"/></net>

<net id="764"><net_src comp="150" pin="0"/><net_sink comp="757" pin=2"/></net>

<net id="765"><net_src comp="322" pin="2"/><net_sink comp="666" pin=1"/></net>

<net id="766"><net_src comp="757" pin="3"/><net_sink comp="666" pin=0"/></net>

<net id="772"><net_src comp="128" pin="0"/><net_sink comp="767" pin=0"/></net>

<net id="773"><net_src comp="132" pin="0"/><net_sink comp="767" pin=1"/></net>

<net id="774"><net_src comp="152" pin="0"/><net_sink comp="767" pin=2"/></net>

<net id="775"><net_src comp="340" pin="2"/><net_sink comp="666" pin=4"/></net>

<net id="776"><net_src comp="767" pin="3"/><net_sink comp="666" pin=2"/></net>

<net id="782"><net_src comp="128" pin="0"/><net_sink comp="777" pin=0"/></net>

<net id="783"><net_src comp="132" pin="0"/><net_sink comp="777" pin=1"/></net>

<net id="784"><net_src comp="154" pin="0"/><net_sink comp="777" pin=2"/></net>

<net id="785"><net_src comp="334" pin="2"/><net_sink comp="666" pin=1"/></net>

<net id="786"><net_src comp="777" pin="3"/><net_sink comp="666" pin=0"/></net>

<net id="792"><net_src comp="128" pin="0"/><net_sink comp="787" pin=0"/></net>

<net id="793"><net_src comp="132" pin="0"/><net_sink comp="787" pin=1"/></net>

<net id="794"><net_src comp="156" pin="0"/><net_sink comp="787" pin=2"/></net>

<net id="795"><net_src comp="352" pin="2"/><net_sink comp="666" pin=4"/></net>

<net id="796"><net_src comp="787" pin="3"/><net_sink comp="666" pin=2"/></net>

<net id="802"><net_src comp="128" pin="0"/><net_sink comp="797" pin=0"/></net>

<net id="803"><net_src comp="132" pin="0"/><net_sink comp="797" pin=1"/></net>

<net id="804"><net_src comp="158" pin="0"/><net_sink comp="797" pin=2"/></net>

<net id="805"><net_src comp="346" pin="2"/><net_sink comp="666" pin=1"/></net>

<net id="806"><net_src comp="797" pin="3"/><net_sink comp="666" pin=0"/></net>

<net id="812"><net_src comp="128" pin="0"/><net_sink comp="807" pin=0"/></net>

<net id="813"><net_src comp="132" pin="0"/><net_sink comp="807" pin=1"/></net>

<net id="814"><net_src comp="160" pin="0"/><net_sink comp="807" pin=2"/></net>

<net id="815"><net_src comp="364" pin="2"/><net_sink comp="666" pin=4"/></net>

<net id="816"><net_src comp="807" pin="3"/><net_sink comp="666" pin=2"/></net>

<net id="822"><net_src comp="128" pin="0"/><net_sink comp="817" pin=0"/></net>

<net id="823"><net_src comp="132" pin="0"/><net_sink comp="817" pin=1"/></net>

<net id="824"><net_src comp="162" pin="0"/><net_sink comp="817" pin=2"/></net>

<net id="825"><net_src comp="358" pin="2"/><net_sink comp="666" pin=1"/></net>

<net id="826"><net_src comp="817" pin="3"/><net_sink comp="666" pin=0"/></net>

<net id="832"><net_src comp="128" pin="0"/><net_sink comp="827" pin=0"/></net>

<net id="833"><net_src comp="132" pin="0"/><net_sink comp="827" pin=1"/></net>

<net id="834"><net_src comp="164" pin="0"/><net_sink comp="827" pin=2"/></net>

<net id="835"><net_src comp="376" pin="2"/><net_sink comp="666" pin=4"/></net>

<net id="836"><net_src comp="827" pin="3"/><net_sink comp="666" pin=2"/></net>

<net id="842"><net_src comp="128" pin="0"/><net_sink comp="837" pin=0"/></net>

<net id="843"><net_src comp="132" pin="0"/><net_sink comp="837" pin=1"/></net>

<net id="844"><net_src comp="166" pin="0"/><net_sink comp="837" pin=2"/></net>

<net id="845"><net_src comp="370" pin="2"/><net_sink comp="666" pin=1"/></net>

<net id="846"><net_src comp="837" pin="3"/><net_sink comp="666" pin=0"/></net>

<net id="852"><net_src comp="128" pin="0"/><net_sink comp="847" pin=0"/></net>

<net id="853"><net_src comp="132" pin="0"/><net_sink comp="847" pin=1"/></net>

<net id="854"><net_src comp="168" pin="0"/><net_sink comp="847" pin=2"/></net>

<net id="855"><net_src comp="388" pin="2"/><net_sink comp="666" pin=4"/></net>

<net id="856"><net_src comp="847" pin="3"/><net_sink comp="666" pin=2"/></net>

<net id="862"><net_src comp="128" pin="0"/><net_sink comp="857" pin=0"/></net>

<net id="863"><net_src comp="132" pin="0"/><net_sink comp="857" pin=1"/></net>

<net id="864"><net_src comp="170" pin="0"/><net_sink comp="857" pin=2"/></net>

<net id="865"><net_src comp="382" pin="2"/><net_sink comp="666" pin=1"/></net>

<net id="866"><net_src comp="857" pin="3"/><net_sink comp="666" pin=0"/></net>

<net id="872"><net_src comp="128" pin="0"/><net_sink comp="867" pin=0"/></net>

<net id="873"><net_src comp="132" pin="0"/><net_sink comp="867" pin=1"/></net>

<net id="874"><net_src comp="172" pin="0"/><net_sink comp="867" pin=2"/></net>

<net id="875"><net_src comp="400" pin="2"/><net_sink comp="666" pin=4"/></net>

<net id="876"><net_src comp="867" pin="3"/><net_sink comp="666" pin=2"/></net>

<net id="882"><net_src comp="128" pin="0"/><net_sink comp="877" pin=0"/></net>

<net id="883"><net_src comp="132" pin="0"/><net_sink comp="877" pin=1"/></net>

<net id="884"><net_src comp="174" pin="0"/><net_sink comp="877" pin=2"/></net>

<net id="885"><net_src comp="394" pin="2"/><net_sink comp="666" pin=1"/></net>

<net id="886"><net_src comp="877" pin="3"/><net_sink comp="666" pin=0"/></net>

<net id="892"><net_src comp="128" pin="0"/><net_sink comp="887" pin=0"/></net>

<net id="893"><net_src comp="132" pin="0"/><net_sink comp="887" pin=1"/></net>

<net id="894"><net_src comp="176" pin="0"/><net_sink comp="887" pin=2"/></net>

<net id="895"><net_src comp="412" pin="2"/><net_sink comp="666" pin=4"/></net>

<net id="896"><net_src comp="887" pin="3"/><net_sink comp="666" pin=2"/></net>

<net id="902"><net_src comp="128" pin="0"/><net_sink comp="897" pin=0"/></net>

<net id="903"><net_src comp="132" pin="0"/><net_sink comp="897" pin=1"/></net>

<net id="904"><net_src comp="178" pin="0"/><net_sink comp="897" pin=2"/></net>

<net id="905"><net_src comp="406" pin="2"/><net_sink comp="666" pin=1"/></net>

<net id="906"><net_src comp="897" pin="3"/><net_sink comp="666" pin=0"/></net>

<net id="912"><net_src comp="128" pin="0"/><net_sink comp="907" pin=0"/></net>

<net id="913"><net_src comp="132" pin="0"/><net_sink comp="907" pin=1"/></net>

<net id="914"><net_src comp="180" pin="0"/><net_sink comp="907" pin=2"/></net>

<net id="915"><net_src comp="424" pin="2"/><net_sink comp="666" pin=4"/></net>

<net id="916"><net_src comp="907" pin="3"/><net_sink comp="666" pin=2"/></net>

<net id="922"><net_src comp="128" pin="0"/><net_sink comp="917" pin=0"/></net>

<net id="923"><net_src comp="132" pin="0"/><net_sink comp="917" pin=1"/></net>

<net id="924"><net_src comp="182" pin="0"/><net_sink comp="917" pin=2"/></net>

<net id="925"><net_src comp="418" pin="2"/><net_sink comp="666" pin=1"/></net>

<net id="926"><net_src comp="917" pin="3"/><net_sink comp="666" pin=0"/></net>

<net id="932"><net_src comp="128" pin="0"/><net_sink comp="927" pin=0"/></net>

<net id="933"><net_src comp="132" pin="0"/><net_sink comp="927" pin=1"/></net>

<net id="934"><net_src comp="184" pin="0"/><net_sink comp="927" pin=2"/></net>

<net id="935"><net_src comp="436" pin="2"/><net_sink comp="666" pin=4"/></net>

<net id="936"><net_src comp="927" pin="3"/><net_sink comp="666" pin=2"/></net>

<net id="942"><net_src comp="128" pin="0"/><net_sink comp="937" pin=0"/></net>

<net id="943"><net_src comp="132" pin="0"/><net_sink comp="937" pin=1"/></net>

<net id="944"><net_src comp="186" pin="0"/><net_sink comp="937" pin=2"/></net>

<net id="945"><net_src comp="430" pin="2"/><net_sink comp="666" pin=1"/></net>

<net id="946"><net_src comp="937" pin="3"/><net_sink comp="666" pin=0"/></net>

<net id="952"><net_src comp="128" pin="0"/><net_sink comp="947" pin=0"/></net>

<net id="953"><net_src comp="132" pin="0"/><net_sink comp="947" pin=1"/></net>

<net id="954"><net_src comp="188" pin="0"/><net_sink comp="947" pin=2"/></net>

<net id="955"><net_src comp="448" pin="2"/><net_sink comp="666" pin=4"/></net>

<net id="956"><net_src comp="947" pin="3"/><net_sink comp="666" pin=2"/></net>

<net id="962"><net_src comp="128" pin="0"/><net_sink comp="957" pin=0"/></net>

<net id="963"><net_src comp="132" pin="0"/><net_sink comp="957" pin=1"/></net>

<net id="964"><net_src comp="190" pin="0"/><net_sink comp="957" pin=2"/></net>

<net id="965"><net_src comp="442" pin="2"/><net_sink comp="666" pin=1"/></net>

<net id="966"><net_src comp="957" pin="3"/><net_sink comp="666" pin=0"/></net>

<net id="972"><net_src comp="128" pin="0"/><net_sink comp="967" pin=0"/></net>

<net id="973"><net_src comp="132" pin="0"/><net_sink comp="967" pin=1"/></net>

<net id="974"><net_src comp="192" pin="0"/><net_sink comp="967" pin=2"/></net>

<net id="975"><net_src comp="460" pin="2"/><net_sink comp="666" pin=4"/></net>

<net id="976"><net_src comp="967" pin="3"/><net_sink comp="666" pin=2"/></net>

<net id="982"><net_src comp="128" pin="0"/><net_sink comp="977" pin=0"/></net>

<net id="983"><net_src comp="132" pin="0"/><net_sink comp="977" pin=1"/></net>

<net id="984"><net_src comp="194" pin="0"/><net_sink comp="977" pin=2"/></net>

<net id="985"><net_src comp="454" pin="2"/><net_sink comp="666" pin=1"/></net>

<net id="986"><net_src comp="977" pin="3"/><net_sink comp="666" pin=0"/></net>

<net id="992"><net_src comp="128" pin="0"/><net_sink comp="987" pin=0"/></net>

<net id="993"><net_src comp="132" pin="0"/><net_sink comp="987" pin=1"/></net>

<net id="994"><net_src comp="196" pin="0"/><net_sink comp="987" pin=2"/></net>

<net id="995"><net_src comp="472" pin="2"/><net_sink comp="666" pin=4"/></net>

<net id="996"><net_src comp="987" pin="3"/><net_sink comp="666" pin=2"/></net>

<net id="1002"><net_src comp="128" pin="0"/><net_sink comp="997" pin=0"/></net>

<net id="1003"><net_src comp="132" pin="0"/><net_sink comp="997" pin=1"/></net>

<net id="1004"><net_src comp="198" pin="0"/><net_sink comp="997" pin=2"/></net>

<net id="1005"><net_src comp="466" pin="2"/><net_sink comp="666" pin=1"/></net>

<net id="1006"><net_src comp="997" pin="3"/><net_sink comp="666" pin=0"/></net>

<net id="1012"><net_src comp="128" pin="0"/><net_sink comp="1007" pin=0"/></net>

<net id="1013"><net_src comp="132" pin="0"/><net_sink comp="1007" pin=1"/></net>

<net id="1014"><net_src comp="200" pin="0"/><net_sink comp="1007" pin=2"/></net>

<net id="1015"><net_src comp="484" pin="2"/><net_sink comp="666" pin=4"/></net>

<net id="1016"><net_src comp="1007" pin="3"/><net_sink comp="666" pin=2"/></net>

<net id="1022"><net_src comp="128" pin="0"/><net_sink comp="1017" pin=0"/></net>

<net id="1023"><net_src comp="132" pin="0"/><net_sink comp="1017" pin=1"/></net>

<net id="1024"><net_src comp="202" pin="0"/><net_sink comp="1017" pin=2"/></net>

<net id="1025"><net_src comp="478" pin="2"/><net_sink comp="666" pin=1"/></net>

<net id="1026"><net_src comp="1017" pin="3"/><net_sink comp="666" pin=0"/></net>

<net id="1032"><net_src comp="128" pin="0"/><net_sink comp="1027" pin=0"/></net>

<net id="1033"><net_src comp="132" pin="0"/><net_sink comp="1027" pin=1"/></net>

<net id="1034"><net_src comp="204" pin="0"/><net_sink comp="1027" pin=2"/></net>

<net id="1035"><net_src comp="496" pin="2"/><net_sink comp="666" pin=4"/></net>

<net id="1036"><net_src comp="1027" pin="3"/><net_sink comp="666" pin=2"/></net>

<net id="1042"><net_src comp="128" pin="0"/><net_sink comp="1037" pin=0"/></net>

<net id="1043"><net_src comp="132" pin="0"/><net_sink comp="1037" pin=1"/></net>

<net id="1044"><net_src comp="206" pin="0"/><net_sink comp="1037" pin=2"/></net>

<net id="1045"><net_src comp="490" pin="2"/><net_sink comp="666" pin=1"/></net>

<net id="1046"><net_src comp="1037" pin="3"/><net_sink comp="666" pin=0"/></net>

<net id="1052"><net_src comp="128" pin="0"/><net_sink comp="1047" pin=0"/></net>

<net id="1053"><net_src comp="132" pin="0"/><net_sink comp="1047" pin=1"/></net>

<net id="1054"><net_src comp="208" pin="0"/><net_sink comp="1047" pin=2"/></net>

<net id="1055"><net_src comp="508" pin="2"/><net_sink comp="666" pin=4"/></net>

<net id="1056"><net_src comp="1047" pin="3"/><net_sink comp="666" pin=2"/></net>

<net id="1062"><net_src comp="128" pin="0"/><net_sink comp="1057" pin=0"/></net>

<net id="1063"><net_src comp="132" pin="0"/><net_sink comp="1057" pin=1"/></net>

<net id="1064"><net_src comp="210" pin="0"/><net_sink comp="1057" pin=2"/></net>

<net id="1065"><net_src comp="502" pin="2"/><net_sink comp="666" pin=1"/></net>

<net id="1066"><net_src comp="1057" pin="3"/><net_sink comp="666" pin=0"/></net>

<net id="1072"><net_src comp="128" pin="0"/><net_sink comp="1067" pin=0"/></net>

<net id="1073"><net_src comp="132" pin="0"/><net_sink comp="1067" pin=1"/></net>

<net id="1074"><net_src comp="212" pin="0"/><net_sink comp="1067" pin=2"/></net>

<net id="1075"><net_src comp="520" pin="2"/><net_sink comp="666" pin=4"/></net>

<net id="1076"><net_src comp="1067" pin="3"/><net_sink comp="666" pin=2"/></net>

<net id="1082"><net_src comp="128" pin="0"/><net_sink comp="1077" pin=0"/></net>

<net id="1083"><net_src comp="132" pin="0"/><net_sink comp="1077" pin=1"/></net>

<net id="1084"><net_src comp="214" pin="0"/><net_sink comp="1077" pin=2"/></net>

<net id="1085"><net_src comp="514" pin="2"/><net_sink comp="666" pin=1"/></net>

<net id="1086"><net_src comp="1077" pin="3"/><net_sink comp="666" pin=0"/></net>

<net id="1092"><net_src comp="128" pin="0"/><net_sink comp="1087" pin=0"/></net>

<net id="1093"><net_src comp="132" pin="0"/><net_sink comp="1087" pin=1"/></net>

<net id="1094"><net_src comp="216" pin="0"/><net_sink comp="1087" pin=2"/></net>

<net id="1095"><net_src comp="532" pin="2"/><net_sink comp="666" pin=4"/></net>

<net id="1096"><net_src comp="1087" pin="3"/><net_sink comp="666" pin=2"/></net>

<net id="1102"><net_src comp="128" pin="0"/><net_sink comp="1097" pin=0"/></net>

<net id="1103"><net_src comp="132" pin="0"/><net_sink comp="1097" pin=1"/></net>

<net id="1104"><net_src comp="218" pin="0"/><net_sink comp="1097" pin=2"/></net>

<net id="1105"><net_src comp="526" pin="2"/><net_sink comp="666" pin=1"/></net>

<net id="1106"><net_src comp="1097" pin="3"/><net_sink comp="666" pin=0"/></net>

<net id="1112"><net_src comp="128" pin="0"/><net_sink comp="1107" pin=0"/></net>

<net id="1113"><net_src comp="132" pin="0"/><net_sink comp="1107" pin=1"/></net>

<net id="1114"><net_src comp="220" pin="0"/><net_sink comp="1107" pin=2"/></net>

<net id="1115"><net_src comp="544" pin="2"/><net_sink comp="666" pin=4"/></net>

<net id="1116"><net_src comp="1107" pin="3"/><net_sink comp="666" pin=2"/></net>

<net id="1122"><net_src comp="128" pin="0"/><net_sink comp="1117" pin=0"/></net>

<net id="1123"><net_src comp="132" pin="0"/><net_sink comp="1117" pin=1"/></net>

<net id="1124"><net_src comp="222" pin="0"/><net_sink comp="1117" pin=2"/></net>

<net id="1125"><net_src comp="538" pin="2"/><net_sink comp="666" pin=1"/></net>

<net id="1126"><net_src comp="1117" pin="3"/><net_sink comp="666" pin=0"/></net>

<net id="1132"><net_src comp="128" pin="0"/><net_sink comp="1127" pin=0"/></net>

<net id="1133"><net_src comp="132" pin="0"/><net_sink comp="1127" pin=1"/></net>

<net id="1134"><net_src comp="224" pin="0"/><net_sink comp="1127" pin=2"/></net>

<net id="1135"><net_src comp="556" pin="2"/><net_sink comp="666" pin=4"/></net>

<net id="1136"><net_src comp="1127" pin="3"/><net_sink comp="666" pin=2"/></net>

<net id="1142"><net_src comp="128" pin="0"/><net_sink comp="1137" pin=0"/></net>

<net id="1143"><net_src comp="132" pin="0"/><net_sink comp="1137" pin=1"/></net>

<net id="1144"><net_src comp="226" pin="0"/><net_sink comp="1137" pin=2"/></net>

<net id="1145"><net_src comp="550" pin="2"/><net_sink comp="666" pin=1"/></net>

<net id="1146"><net_src comp="1137" pin="3"/><net_sink comp="666" pin=0"/></net>

<net id="1152"><net_src comp="128" pin="0"/><net_sink comp="1147" pin=0"/></net>

<net id="1153"><net_src comp="132" pin="0"/><net_sink comp="1147" pin=1"/></net>

<net id="1154"><net_src comp="228" pin="0"/><net_sink comp="1147" pin=2"/></net>

<net id="1155"><net_src comp="568" pin="2"/><net_sink comp="666" pin=4"/></net>

<net id="1156"><net_src comp="1147" pin="3"/><net_sink comp="666" pin=2"/></net>

<net id="1162"><net_src comp="128" pin="0"/><net_sink comp="1157" pin=0"/></net>

<net id="1163"><net_src comp="132" pin="0"/><net_sink comp="1157" pin=1"/></net>

<net id="1164"><net_src comp="230" pin="0"/><net_sink comp="1157" pin=2"/></net>

<net id="1165"><net_src comp="562" pin="2"/><net_sink comp="666" pin=1"/></net>

<net id="1166"><net_src comp="1157" pin="3"/><net_sink comp="666" pin=0"/></net>

<net id="1172"><net_src comp="128" pin="0"/><net_sink comp="1167" pin=0"/></net>

<net id="1173"><net_src comp="132" pin="0"/><net_sink comp="1167" pin=1"/></net>

<net id="1174"><net_src comp="232" pin="0"/><net_sink comp="1167" pin=2"/></net>

<net id="1175"><net_src comp="580" pin="2"/><net_sink comp="666" pin=4"/></net>

<net id="1176"><net_src comp="1167" pin="3"/><net_sink comp="666" pin=2"/></net>

<net id="1182"><net_src comp="128" pin="0"/><net_sink comp="1177" pin=0"/></net>

<net id="1183"><net_src comp="132" pin="0"/><net_sink comp="1177" pin=1"/></net>

<net id="1184"><net_src comp="234" pin="0"/><net_sink comp="1177" pin=2"/></net>

<net id="1185"><net_src comp="574" pin="2"/><net_sink comp="666" pin=1"/></net>

<net id="1186"><net_src comp="1177" pin="3"/><net_sink comp="666" pin=0"/></net>

<net id="1192"><net_src comp="128" pin="0"/><net_sink comp="1187" pin=0"/></net>

<net id="1193"><net_src comp="132" pin="0"/><net_sink comp="1187" pin=1"/></net>

<net id="1194"><net_src comp="236" pin="0"/><net_sink comp="1187" pin=2"/></net>

<net id="1195"><net_src comp="592" pin="2"/><net_sink comp="666" pin=4"/></net>

<net id="1196"><net_src comp="1187" pin="3"/><net_sink comp="666" pin=2"/></net>

<net id="1202"><net_src comp="128" pin="0"/><net_sink comp="1197" pin=0"/></net>

<net id="1203"><net_src comp="132" pin="0"/><net_sink comp="1197" pin=1"/></net>

<net id="1204"><net_src comp="238" pin="0"/><net_sink comp="1197" pin=2"/></net>

<net id="1205"><net_src comp="586" pin="2"/><net_sink comp="666" pin=1"/></net>

<net id="1206"><net_src comp="1197" pin="3"/><net_sink comp="666" pin=0"/></net>

<net id="1212"><net_src comp="128" pin="0"/><net_sink comp="1207" pin=0"/></net>

<net id="1213"><net_src comp="132" pin="0"/><net_sink comp="1207" pin=1"/></net>

<net id="1214"><net_src comp="240" pin="0"/><net_sink comp="1207" pin=2"/></net>

<net id="1215"><net_src comp="604" pin="2"/><net_sink comp="666" pin=4"/></net>

<net id="1216"><net_src comp="1207" pin="3"/><net_sink comp="666" pin=2"/></net>

<net id="1222"><net_src comp="128" pin="0"/><net_sink comp="1217" pin=0"/></net>

<net id="1223"><net_src comp="132" pin="0"/><net_sink comp="1217" pin=1"/></net>

<net id="1224"><net_src comp="242" pin="0"/><net_sink comp="1217" pin=2"/></net>

<net id="1225"><net_src comp="598" pin="2"/><net_sink comp="666" pin=1"/></net>

<net id="1226"><net_src comp="1217" pin="3"/><net_sink comp="666" pin=0"/></net>

<net id="1232"><net_src comp="128" pin="0"/><net_sink comp="1227" pin=0"/></net>

<net id="1233"><net_src comp="132" pin="0"/><net_sink comp="1227" pin=1"/></net>

<net id="1234"><net_src comp="244" pin="0"/><net_sink comp="1227" pin=2"/></net>

<net id="1235"><net_src comp="616" pin="2"/><net_sink comp="666" pin=4"/></net>

<net id="1236"><net_src comp="1227" pin="3"/><net_sink comp="666" pin=2"/></net>

<net id="1242"><net_src comp="128" pin="0"/><net_sink comp="1237" pin=0"/></net>

<net id="1243"><net_src comp="132" pin="0"/><net_sink comp="1237" pin=1"/></net>

<net id="1244"><net_src comp="246" pin="0"/><net_sink comp="1237" pin=2"/></net>

<net id="1245"><net_src comp="610" pin="2"/><net_sink comp="666" pin=1"/></net>

<net id="1246"><net_src comp="1237" pin="3"/><net_sink comp="666" pin=0"/></net>

<net id="1252"><net_src comp="128" pin="0"/><net_sink comp="1247" pin=0"/></net>

<net id="1253"><net_src comp="132" pin="0"/><net_sink comp="1247" pin=1"/></net>

<net id="1254"><net_src comp="248" pin="0"/><net_sink comp="1247" pin=2"/></net>

<net id="1255"><net_src comp="628" pin="2"/><net_sink comp="666" pin=4"/></net>

<net id="1256"><net_src comp="1247" pin="3"/><net_sink comp="666" pin=2"/></net>

<net id="1262"><net_src comp="128" pin="0"/><net_sink comp="1257" pin=0"/></net>

<net id="1263"><net_src comp="132" pin="0"/><net_sink comp="1257" pin=1"/></net>

<net id="1264"><net_src comp="250" pin="0"/><net_sink comp="1257" pin=2"/></net>

<net id="1265"><net_src comp="622" pin="2"/><net_sink comp="666" pin=1"/></net>

<net id="1266"><net_src comp="1257" pin="3"/><net_sink comp="666" pin=0"/></net>

<net id="1272"><net_src comp="128" pin="0"/><net_sink comp="1267" pin=0"/></net>

<net id="1273"><net_src comp="132" pin="0"/><net_sink comp="1267" pin=1"/></net>

<net id="1274"><net_src comp="252" pin="0"/><net_sink comp="1267" pin=2"/></net>

<net id="1275"><net_src comp="640" pin="2"/><net_sink comp="666" pin=4"/></net>

<net id="1276"><net_src comp="1267" pin="3"/><net_sink comp="666" pin=2"/></net>

<net id="1282"><net_src comp="128" pin="0"/><net_sink comp="1277" pin=0"/></net>

<net id="1283"><net_src comp="132" pin="0"/><net_sink comp="1277" pin=1"/></net>

<net id="1284"><net_src comp="254" pin="0"/><net_sink comp="1277" pin=2"/></net>

<net id="1285"><net_src comp="634" pin="2"/><net_sink comp="666" pin=1"/></net>

<net id="1286"><net_src comp="1277" pin="3"/><net_sink comp="666" pin=0"/></net>

<net id="1292"><net_src comp="128" pin="0"/><net_sink comp="1287" pin=0"/></net>

<net id="1293"><net_src comp="132" pin="0"/><net_sink comp="1287" pin=1"/></net>

<net id="1294"><net_src comp="270" pin="0"/><net_sink comp="1287" pin=2"/></net>

<net id="1295"><net_src comp="652" pin="2"/><net_sink comp="666" pin=4"/></net>

<net id="1296"><net_src comp="1287" pin="3"/><net_sink comp="666" pin=2"/></net>

<net id="1302"><net_src comp="128" pin="0"/><net_sink comp="1297" pin=0"/></net>

<net id="1303"><net_src comp="132" pin="0"/><net_sink comp="1297" pin=1"/></net>

<net id="1304"><net_src comp="272" pin="0"/><net_sink comp="1297" pin=2"/></net>

<net id="1305"><net_src comp="646" pin="2"/><net_sink comp="666" pin=1"/></net>

<net id="1306"><net_src comp="1297" pin="3"/><net_sink comp="666" pin=0"/></net>

</net_list>

</model> 
---------------- Datapath Model END ------------------

* FSMD analyzer results:
  - Output states:
	Port: output_r | {1 2 3 4 5 6 7 8 9 10 11 12 13 14 15 16 17 18 19 20 21 22 23 24 25 26 27 28 29 30 31 32 }
 - Input state : 
	Port: write_data : buf_read | {1 }
	Port: write_data : buf_read_191 | {1 }
	Port: write_data : buf_read_192 | {2 }
	Port: write_data : buf_read_193 | {2 }
	Port: write_data : buf_read_194 | {3 }
	Port: write_data : buf_read_195 | {3 }
	Port: write_data : buf_read_196 | {4 }
	Port: write_data : buf_read_197 | {4 }
	Port: write_data : buf_read_198 | {5 }
	Port: write_data : buf_read_199 | {5 }
	Port: write_data : buf_read_200 | {6 }
	Port: write_data : buf_read_201 | {6 }
	Port: write_data : buf_read_202 | {7 }
	Port: write_data : buf_read_203 | {7 }
	Port: write_data : buf_read_204 | {8 }
	Port: write_data : buf_read_205 | {8 }
	Port: write_data : buf_read_206 | {9 }
	Port: write_data : buf_read_207 | {9 }
	Port: write_data : buf_read_208 | {10 }
	Port: write_data : buf_read_209 | {10 }
	Port: write_data : buf_read_210 | {11 }
	Port: write_data : buf_read_211 | {11 }
	Port: write_data : buf_read_212 | {12 }
	Port: write_data : buf_read_213 | {12 }
	Port: write_data : buf_read_214 | {13 }
	Port: write_data : buf_read_215 | {13 }
	Port: write_data : buf_read_216 | {14 }
	Port: write_data : buf_read_217 | {14 }
	Port: write_data : buf_read_218 | {15 }
	Port: write_data : buf_read_219 | {15 }
	Port: write_data : buf_read_220 | {16 }
	Port: write_data : buf_read_221 | {16 }
	Port: write_data : buf_read_222 | {17 }
	Port: write_data : buf_read_223 | {17 }
	Port: write_data : buf_read_224 | {18 }
	Port: write_data : buf_read_225 | {18 }
	Port: write_data : buf_read_226 | {19 }
	Port: write_data : buf_read_227 | {19 }
	Port: write_data : buf_read_228 | {20 }
	Port: write_data : buf_read_229 | {20 }
	Port: write_data : buf_read_230 | {21 }
	Port: write_data : buf_read_231 | {21 }
	Port: write_data : buf_read_232 | {22 }
	Port: write_data : buf_read_233 | {22 }
	Port: write_data : buf_read_234 | {23 }
	Port: write_data : buf_read_235 | {23 }
	Port: write_data : buf_read_236 | {24 }
	Port: write_data : buf_read_237 | {24 }
	Port: write_data : buf_read_238 | {25 }
	Port: write_data : buf_read_239 | {25 }
	Port: write_data : buf_read_240 | {26 }
	Port: write_data : buf_read_241 | {26 }
	Port: write_data : buf_read_242 | {27 }
	Port: write_data : buf_read_243 | {27 }
	Port: write_data : buf_read_244 | {28 }
	Port: write_data : buf_read_245 | {28 }
	Port: write_data : buf_read_246 | {29 }
	Port: write_data : buf_read_247 | {29 }
	Port: write_data : buf_read_248 | {30 }
	Port: write_data : buf_read_249 | {30 }
	Port: write_data : buf_read_250 | {31 }
	Port: write_data : buf_read_251 | {31 }
	Port: write_data : buf_read_252 | {32 }
	Port: write_data : buf_read_253 | {32 }
  - Chain level:
	State 1
		store_ln119 : 1
		store_ln119 : 1
	State 2
		store_ln119 : 1
		store_ln119 : 1
	State 3
		store_ln119 : 1
		store_ln119 : 1
	State 4
		store_ln119 : 1
		store_ln119 : 1
	State 5
		store_ln119 : 1
		store_ln119 : 1
	State 6
		store_ln119 : 1
		store_ln119 : 1
	State 7
		store_ln119 : 1
		store_ln119 : 1
	State 8
		store_ln119 : 1
		store_ln119 : 1
	State 9
		store_ln119 : 1
		store_ln119 : 1
	State 10
		store_ln119 : 1
		store_ln119 : 1
	State 11
		store_ln119 : 1
		store_ln119 : 1
	State 12
		store_ln119 : 1
		store_ln119 : 1
	State 13
		store_ln119 : 1
		store_ln119 : 1
	State 14
		store_ln119 : 1
		store_ln119 : 1
	State 15
		store_ln119 : 1
		store_ln119 : 1
	State 16
		store_ln119 : 1
		store_ln119 : 1
	State 17
		store_ln119 : 1
		store_ln119 : 1
	State 18
		store_ln119 : 1
		store_ln119 : 1
	State 19
		store_ln119 : 1
		store_ln119 : 1
	State 20
		store_ln119 : 1
		store_ln119 : 1
	State 21
		store_ln119 : 1
		store_ln119 : 1
	State 22
		store_ln119 : 1
		store_ln119 : 1
	State 23
		store_ln119 : 1
		store_ln119 : 1
	State 24
		store_ln119 : 1
		store_ln119 : 1
	State 25
		store_ln119 : 1
		store_ln119 : 1
	State 26
		store_ln119 : 1
		store_ln119 : 1
	State 27
		store_ln119 : 1
		store_ln119 : 1
	State 28
		store_ln119 : 1
		store_ln119 : 1
	State 29
		store_ln119 : 1
		store_ln119 : 1
	State 30
		store_ln119 : 1
		store_ln119 : 1
	State 31
		store_ln119 : 1
		store_ln119 : 1
	State 32
		store_ln119 : 1
		store_ln119 : 1


============================================================
+ Verbose Summary: Datapath Resource usage 
============================================================

* Functional unit list:
|----------|--------------------------|
| Operation|      Functional Unit     |
|----------|--------------------------|
|          |  buf_read_63_read_fu_274 |
|          | buf_read_127_read_fu_280 |
|          |  buf_read_61_read_fu_286 |
|          |  buf_read_62_read_fu_292 |
|          |  buf_read_59_read_fu_298 |
|          |  buf_read_60_read_fu_304 |
|          |  buf_read_57_read_fu_310 |
|          |  buf_read_58_read_fu_316 |
|          |  buf_read_55_read_fu_322 |
|          |  buf_read_56_read_fu_328 |
|          |  buf_read_53_read_fu_334 |
|          |  buf_read_54_read_fu_340 |
|          |  buf_read_51_read_fu_346 |
|          |  buf_read_52_read_fu_352 |
|          |  buf_read_49_read_fu_358 |
|          |  buf_read_50_read_fu_364 |
|          |  buf_read_47_read_fu_370 |
|          |  buf_read_48_read_fu_376 |
|          |  buf_read_45_read_fu_382 |
|          |  buf_read_46_read_fu_388 |
|          |  buf_read_43_read_fu_394 |
|          |  buf_read_44_read_fu_400 |
|          |  buf_read_41_read_fu_406 |
|          |  buf_read_42_read_fu_412 |
|          |  buf_read_39_read_fu_418 |
|          |  buf_read_40_read_fu_424 |
|          |  buf_read_37_read_fu_430 |
|          |  buf_read_38_read_fu_436 |
|          |  buf_read_35_read_fu_442 |
|          |  buf_read_36_read_fu_448 |
|          |  buf_read_33_read_fu_454 |
|   read   |  buf_read_34_read_fu_460 |
|          |  buf_read_31_read_fu_466 |
|          |  buf_read_32_read_fu_472 |
|          |  buf_read_29_read_fu_478 |
|          |  buf_read_30_read_fu_484 |
|          |  buf_read_27_read_fu_490 |
|          |  buf_read_28_read_fu_496 |
|          |  buf_read_25_read_fu_502 |
|          |  buf_read_26_read_fu_508 |
|          |  buf_read_23_read_fu_514 |
|          |  buf_read_24_read_fu_520 |
|          |  buf_read_21_read_fu_526 |
|          |  buf_read_22_read_fu_532 |
|          |  buf_read_19_read_fu_538 |
|          |  buf_read_20_read_fu_544 |
|          |  buf_read_17_read_fu_550 |
|          |  buf_read_18_read_fu_556 |
|          |  buf_read_15_read_fu_562 |
|          |  buf_read_16_read_fu_568 |
|          |  buf_read_13_read_fu_574 |
|          |  buf_read_14_read_fu_580 |
|          |  buf_read_11_read_fu_586 |
|          |  buf_read_12_read_fu_592 |
|          |  buf_read_9_read_fu_598  |
|          |  buf_read_10_read_fu_604 |
|          |  buf_read_7_read_fu_610  |
|          |  buf_read_8_read_fu_616  |
|          |  buf_read_5_read_fu_622  |
|          |  buf_read_6_read_fu_628  |
|          |  buf_read_3_read_fu_634  |
|          |  buf_read_4_read_fu_640  |
|          |  buf_read_1_read_fu_646  |
|          |  buf_read_2_read_fu_652  |
|----------|--------------------------|
|   Total  |                          |
|----------|--------------------------|

Memories:
N/A

* Register list:
N/A

* Multiplexer (MUX) list: 
|-------------------|------|------|------|--------||---------||---------||---------|
|        Comp       |  Pin | Size |  BW  | S x BW ||  Delay  ||    FF   ||   LUT   |
|-------------------|------|------|------|--------||---------||---------||---------|
| grp_access_fu_666 |  p0  |  32  |   6  |   192  ||    0    ||   145   |
| grp_access_fu_666 |  p1  |  32  |  16  |   512  ||    0    ||   145   |
| grp_access_fu_666 |  p2  |  32  |   0  |    0   ||    0    ||   145   |
| grp_access_fu_666 |  p4  |  32  |   6  |   192  ||    0    ||   145   |
|-------------------|------|------|------|--------||---------||---------||---------|
|       Total       |      |      |      |   896  ||  9.812  ||    0    ||   580   |
|-------------------|------|------|------|--------||---------||---------||---------|



* Summary:
+-----------+--------+--------+--------+
|           |  Delay |   FF   |   LUT  |
+-----------+--------+--------+--------+
|  Function |    -   |    -   |    -   |
|   Memory  |    -   |    -   |    -   |
|Multiplexer|    9   |    0   |   580  |
|  Register |    -   |    -   |    -   |
+-----------+--------+--------+--------+
|   Total   |    9   |    0   |   580  |
+-----------+--------+--------+--------+
