

================================================================
== Vitis HLS Report for 'yuv_filter_Pipeline_RGB2YUV_LOOP_X_RGB2YUV_LOOP_Y'
================================================================
* Date:           Sat Jun 13 22:43:44 2026

* Version:        2025.2 (Build 6295257 on Nov 12 2025)
* Project:        yuv_filter.prj
* Solution:       solution1 (Vivado IP Flow Target)
* Product family: artix7
* Target device:  xc7a35t-fgg484-2


================================================================
== Performance Estimates
================================================================
+ Timing: 
    * Summary: 
    +--------+----------+----------+------------+
    |  Clock |  Target  | Estimated| Uncertainty|
    +--------+----------+----------+------------+
    |ap_clk  |  10.00 ns|  6.863 ns|     2.70 ns|
    +--------+----------+----------+------------+

+ Latency: 
    * Summary: 
    +---------+---------+----------+-----------+-----+-----+-------------------+
    |  Latency (cycles) |  Latency (absolute)  |  Interval |      Pipeline     |
    |   min   |   max   |    min   |    max    | min | max |        Type       |
    +---------+---------+----------+-----------+-----+-----+-------------------+
    |    40007|  2457607|  0.400 ms|  24.576 ms|    0|    0|  loop pipeline stp|
    +---------+---------+----------+-----------+-----+-----+-------------------+

    + Detail: 
        * Instance: 
        N/A

        * Loop: 
        +---------------------------------+---------+---------+----------+-----------+-----------+-----------------+----------+
        |                                 |  Latency (cycles) | Iteration|  Initiation Interval  |       Trip      |          |
        |            Loop Name            |   min   |   max   |  Latency |  achieved |   target  |      Count      | Pipelined|
        +---------------------------------+---------+---------+----------+-----------+-----------+-----------------+----------+
        |- RGB2YUV_LOOP_X_RGB2YUV_LOOP_Y  |    40005|  2457605|         7|          1|          1|  40000 ~ 2457600|       yes|
        +---------------------------------+---------+---------+----------+-----------+-----------+-----------------+----------+

============================================================
+ Verbose Summary: Synthesis Manager
============================================================
InlineROM: 1
ExposeGlobal: 0
============================================================
+ Verbose Summary: CDFG Model
============================================================
IsTopModel: 0
ResetActiveHigh: 1
IsCombinational: 0
IsDatapathOnly: 0
HasWiredReturn: 1
HasMFsm: 2
HasVarLatency: 1
IsPipeline: 0
IsRtlPipelined: 0
IsInstanceOverlapped: 0
IsDontTouch: 0
HasImplIP: 0
IsGatedGlobalClock: 0

+ Individual pipeline summary: 
  * Pipeline-0: initiation interval (II) = 1, depth = 7


============================================================
+ Verbose Summary: Schedule
============================================================
* Number of FSM states : 7
* Pipeline : 1
  Pipeline-0 : II = 1, D = 7, States = { 1 2 3 4 5 6 7 }
* Dataflow Pipeline: 0

* FSM state transitions: 
1 --> 2 
2 --> 3 
3 --> 4 
4 --> 5 
5 --> 6 
6 --> 7 
7 --> 

* FSM state operations: 

State 1 <SV = 0> <Delay = 4.82>
ST_1 : Operation 10 [1/1] (0.00ns)   --->   "%y = alloca i32 1" [yuv_filter.c:60->yuv_filter.c:49]   --->   Operation 10 'alloca' 'y' <Predicate = true> <Delay = 0.00>
ST_1 : Operation 11 [1/1] (0.00ns)   --->   "%x = alloca i32 1" [yuv_filter.c:60->yuv_filter.c:49]   --->   Operation 11 'alloca' 'x' <Predicate = true> <Delay = 0.00>
ST_1 : Operation 12 [1/1] (0.00ns)   --->   "%indvar_flatten = alloca i32 1"   --->   Operation 12 'alloca' 'indvar_flatten' <Predicate = true> <Delay = 0.00>
ST_1 : Operation 13 [1/1] (0.00ns)   --->   "%specinterface_ln0 = specinterface void @_ssdm_op_SpecInterface, i8 %in_channels_ch3, void @empty, i32 0, i32 0, void @empty_0, i32 4294967295, i32 0, void @empty_0, void @empty_0, void @empty_0, i32 0, i32 0, i32 0, i32 0, void @empty_0, void @empty_0, i32 4294967295, i32 0, i32 0, i32 0"   --->   Operation 13 'specinterface' 'specinterface_ln0' <Predicate = true> <Delay = 0.00>
ST_1 : Operation 14 [1/1] (0.00ns)   --->   "%specinterface_ln0 = specinterface void @_ssdm_op_SpecInterface, i8 %in_channels_ch2, void @empty, i32 0, i32 0, void @empty_0, i32 4294967295, i32 0, void @empty_0, void @empty_0, void @empty_0, i32 0, i32 0, i32 0, i32 0, void @empty_0, void @empty_0, i32 4294967295, i32 0, i32 0, i32 0"   --->   Operation 14 'specinterface' 'specinterface_ln0' <Predicate = true> <Delay = 0.00>
ST_1 : Operation 15 [1/1] (0.00ns)   --->   "%specinterface_ln0 = specinterface void @_ssdm_op_SpecInterface, i8 %in_channels_ch1, void @empty, i32 0, i32 0, void @empty_0, i32 4294967295, i32 0, void @empty_0, void @empty_0, void @empty_0, i32 0, i32 0, i32 0, i32 0, void @empty_0, void @empty_0, i32 4294967295, i32 0, i32 0, i32 0"   --->   Operation 15 'specinterface' 'specinterface_ln0' <Predicate = true> <Delay = 0.00>
ST_1 : Operation 16 [1/1] (0.00ns)   --->   "%height_read = read i16 @_ssdm_op_Read.ap_auto.i16, i16 %height"   --->   Operation 16 'read' 'height_read' <Predicate = true> <Delay = 0.00>
ST_1 : Operation 17 [1/1] (0.00ns)   --->   "%mul_ln30_read = read i32 @_ssdm_op_Read.ap_auto.i32, i32 %mul_ln30"   --->   Operation 17 'read' 'mul_ln30_read' <Predicate = true> <Delay = 0.00>
ST_1 : Operation 18 [1/1] (1.32ns)   --->   "%store_ln0 = store i32 0, i32 %indvar_flatten"   --->   Operation 18 'store' 'store_ln0' <Predicate = true> <Delay = 1.32>
ST_1 : Operation 19 [1/1] (1.32ns)   --->   "%store_ln60 = store i16 0, i16 %x" [yuv_filter.c:60->yuv_filter.c:49]   --->   Operation 19 'store' 'store_ln60' <Predicate = true> <Delay = 1.32>
ST_1 : Operation 20 [1/1] (1.32ns)   --->   "%store_ln60 = store i16 0, i16 %y" [yuv_filter.c:60->yuv_filter.c:49]   --->   Operation 20 'store' 'store_ln60' <Predicate = true> <Delay = 1.32>
ST_1 : Operation 21 [1/1] (0.00ns)   --->   "%br_ln0 = br void %for.inc.i"   --->   Operation 21 'br' 'br_ln0' <Predicate = true> <Delay = 0.00>
ST_1 : Operation 22 [1/1] (0.00ns)   --->   "%indvar_flatten_load = load i32 %indvar_flatten" [yuv_filter.c:75->yuv_filter.c:49]   --->   Operation 22 'load' 'indvar_flatten_load' <Predicate = true> <Delay = 0.00>
ST_1 : Operation 23 [1/1] (2.18ns)   --->   "%icmp_ln75 = icmp_eq  i32 %indvar_flatten_load, i32 %mul_ln30_read" [yuv_filter.c:75->yuv_filter.c:49]   --->   Operation 23 'icmp' 'icmp_ln75' <Predicate = true> <Delay = 2.18> <CoreInst = "Cmp">   --->   Core 9 'Cmp' <Latency = 0> <II = 1> <Delay = 2.18> <FuncUnit> <Opcode : 'seteq' 'setne' 'setle' 'setge' 'setlt' 'setgt'> <InPorts = 2> <OutPorts = 1>
ST_1 : Operation 24 [1/1] (2.18ns)   --->   "%add_ln75_1 = add i32 %indvar_flatten_load, i32 1" [yuv_filter.c:75->yuv_filter.c:49]   --->   Operation 24 'add' 'add_ln75_1' <Predicate = true> <Delay = 2.18> <CoreInst = "Adder">   --->   Core 1 'Adder' <Latency = 0> <II = 1> <Delay = 2.18> <FuncUnit> <Opcode : 'add' 'sub'> <InPorts = 2> <OutPorts = 1>
ST_1 : Operation 25 [1/1] (0.00ns)   --->   "%br_ln75 = br i1 %icmp_ln75, void %for.inc83.i, void %rgb2yuv.exit.exitStub" [yuv_filter.c:75->yuv_filter.c:49]   --->   Operation 25 'br' 'br_ln75' <Predicate = true> <Delay = 0.00>
ST_1 : Operation 26 [1/1] (1.32ns)   --->   "%store_ln75 = store i32 %add_ln75_1, i32 %indvar_flatten" [yuv_filter.c:75->yuv_filter.c:49]   --->   Operation 26 'store' 'store_ln75' <Predicate = (!icmp_ln75)> <Delay = 1.32>

State 2 <SV = 1> <Delay = 6.37>
ST_2 : Operation 27 [1/1] (0.00ns)   --->   "%y_load = load i16 %y" [yuv_filter.c:78->yuv_filter.c:49]   --->   Operation 27 'load' 'y_load' <Predicate = true> <Delay = 0.00>
ST_2 : Operation 28 [1/1] (0.00ns)   --->   "%x_load = load i16 %x" [yuv_filter.c:75->yuv_filter.c:49]   --->   Operation 28 'load' 'x_load' <Predicate = true> <Delay = 0.00>
ST_2 : Operation 29 [1/1] (1.84ns)   --->   "%add_ln75 = add i16 %x_load, i16 1" [yuv_filter.c:75->yuv_filter.c:49]   --->   Operation 29 'add' 'add_ln75' <Predicate = true> <Delay = 1.84> <CoreInst = "Adder">   --->   Core 1 'Adder' <Latency = 0> <II = 1> <Delay = 1.84> <FuncUnit> <Opcode : 'add' 'sub'> <InPorts = 2> <OutPorts = 1>
ST_2 : Operation 30 [1/1] (1.84ns)   --->   "%icmp_ln78 = icmp_eq  i16 %y_load, i16 %height_read" [yuv_filter.c:78->yuv_filter.c:49]   --->   Operation 30 'icmp' 'icmp_ln78' <Predicate = true> <Delay = 1.84> <CoreInst = "Cmp">   --->   Core 9 'Cmp' <Latency = 0> <II = 1> <Delay = 1.84> <FuncUnit> <Opcode : 'seteq' 'setne' 'setle' 'setge' 'setlt' 'setgt'> <InPorts = 2> <OutPorts = 1>
ST_2 : Operation 31 [1/1] (1.06ns)   --->   "%select_ln60 = select i1 %icmp_ln78, i16 0, i16 %y_load" [yuv_filter.c:60->yuv_filter.c:49]   --->   Operation 31 'select' 'select_ln60' <Predicate = true> <Delay = 1.06> <CoreInst = "Sel">   --->   Core 73 'Sel' <Latency = 0> <II = 1> <Delay = 1.06> <FuncUnit> <Opcode : 'select'> <InPorts = 3> <OutPorts = 1>
ST_2 : Operation 32 [1/1] (1.06ns)   --->   "%select_ln75 = select i1 %icmp_ln78, i16 %add_ln75, i16 %x_load" [yuv_filter.c:75->yuv_filter.c:49]   --->   Operation 32 'select' 'select_ln75' <Predicate = true> <Delay = 1.06> <CoreInst = "Sel">   --->   Core 73 'Sel' <Latency = 0> <II = 1> <Delay = 1.06> <FuncUnit> <Opcode : 'select'> <InPorts = 3> <OutPorts = 1>
ST_2 : Operation 33 [1/1] (0.00ns)   --->   "%trunc_ln80 = trunc i16 %select_ln75" [yuv_filter.c:80->yuv_filter.c:49]   --->   Operation 33 'trunc' 'trunc_ln80' <Predicate = true> <Delay = 0.00>
ST_2 : Operation 34 [1/1] (0.00ns)   --->   "%p_shl4 = bitconcatenate i22 @_ssdm_op_BitConcatenate.i22.i12.i10, i12 %trunc_ln80, i10 0" [yuv_filter.c:78->yuv_filter.c:49]   --->   Operation 34 'bitconcatenate' 'p_shl4' <Predicate = true> <Delay = 0.00>
ST_2 : Operation 35 [1/1] (0.00ns)   --->   "%trunc_ln80_1 = trunc i16 %select_ln75" [yuv_filter.c:80->yuv_filter.c:49]   --->   Operation 35 'trunc' 'trunc_ln80_1' <Predicate = true> <Delay = 0.00>
ST_2 : Operation 36 [1/1] (0.00ns)   --->   "%p_shl5 = bitconcatenate i22 @_ssdm_op_BitConcatenate.i22.i14.i8, i14 %trunc_ln80_1, i8 0" [yuv_filter.c:78->yuv_filter.c:49]   --->   Operation 36 'bitconcatenate' 'p_shl5' <Predicate = true> <Delay = 0.00>
ST_2 : Operation 37 [1/1] (0.00ns) (grouped into TernaryAdder)   --->   "%add_ln78_1 = add i22 %p_shl4, i22 %p_shl5" [yuv_filter.c:78->yuv_filter.c:49]   --->   Operation 37 'add' 'add_ln78_1' <Predicate = true> <Delay = 0.00> <CoreInst = "TAddSub">   --->   Core 10 'TAddSub' <Latency = 0> <II = 1> <Delay = 1.62> <IPBlock> <Opcode : 'add' 'sub'> <InPorts = 3> <OutPorts = 1> <Sync> <CReg>
ST_2 : Operation 38 [1/1] (0.00ns)   --->   "%zext_ln80 = zext i16 %select_ln60" [yuv_filter.c:80->yuv_filter.c:49]   --->   Operation 38 'zext' 'zext_ln80' <Predicate = true> <Delay = 0.00>
ST_2 : Operation 39 [1/1] (3.46ns) (root node of TernaryAdder)   --->   "%add_ln80 = add i22 %add_ln78_1, i22 %zext_ln80" [yuv_filter.c:80->yuv_filter.c:49]   --->   Operation 39 'add' 'add_ln80' <Predicate = true> <Delay = 3.46> <CoreInst = "TAddSub">   --->   Core 10 'TAddSub' <Latency = 0> <II = 1> <Delay = 1.62> <IPBlock> <Opcode : 'add' 'sub'> <InPorts = 3> <OutPorts = 1> <Sync> <CReg>
ST_2 : Operation 40 [1/1] (0.00ns)   --->   "%zext_ln80_1 = zext i22 %add_ln80" [yuv_filter.c:80->yuv_filter.c:49]   --->   Operation 40 'zext' 'zext_ln80_1' <Predicate = true> <Delay = 0.00>
ST_2 : Operation 41 [1/1] (0.00ns)   --->   "%in_channels_ch1_addr = getelementptr i8 %in_channels_ch1, i64 0, i64 %zext_ln80_1" [yuv_filter.c:80->yuv_filter.c:49]   --->   Operation 41 'getelementptr' 'in_channels_ch1_addr' <Predicate = true> <Delay = 0.00>
ST_2 : Operation 42 [1/1] (0.00ns)   --->   "%in_channels_ch3_addr = getelementptr i8 %in_channels_ch3, i64 0, i64 %zext_ln80_1" [yuv_filter.c:82->yuv_filter.c:49]   --->   Operation 42 'getelementptr' 'in_channels_ch3_addr' <Predicate = true> <Delay = 0.00>
ST_2 : Operation 43 [2/2] (0.00ns)   --->   "%R = load i22 %in_channels_ch1_addr" [yuv_filter.c:80->yuv_filter.c:49]   --->   Operation 43 'load' 'R' <Predicate = true> <Delay = 0.00> <CoreInst = "RAM">   --->   Core 81 'RAM' <Latency = 1> <II = 1> <Delay = 2.77> <Storage> <Opcode : 'load' 'store'> <Ports = 2> <Width = 8> <Depth = 2457600> <RAM>
ST_2 : Operation 44 [2/2] (0.00ns)   --->   "%B = load i22 %in_channels_ch3_addr" [yuv_filter.c:82->yuv_filter.c:49]   --->   Operation 44 'load' 'B' <Predicate = true> <Delay = 0.00> <CoreInst = "RAM">   --->   Core 81 'RAM' <Latency = 1> <II = 1> <Delay = 2.77> <Storage> <Opcode : 'load' 'store'> <Ports = 2> <Width = 8> <Depth = 2457600> <RAM>
ST_2 : Operation 45 [1/1] (1.84ns)   --->   "%add_ln78 = add i16 %select_ln60, i16 1" [yuv_filter.c:78->yuv_filter.c:49]   --->   Operation 45 'add' 'add_ln78' <Predicate = true> <Delay = 1.84> <CoreInst = "Adder">   --->   Core 1 'Adder' <Latency = 0> <II = 1> <Delay = 1.84> <FuncUnit> <Opcode : 'add' 'sub'> <InPorts = 2> <OutPorts = 1>
ST_2 : Operation 46 [1/1] (1.32ns)   --->   "%store_ln60 = store i16 %select_ln75, i16 %x" [yuv_filter.c:60->yuv_filter.c:49]   --->   Operation 46 'store' 'store_ln60' <Predicate = true> <Delay = 1.32>
ST_2 : Operation 47 [1/1] (1.32ns)   --->   "%store_ln60 = store i16 %add_ln78, i16 %y" [yuv_filter.c:60->yuv_filter.c:49]   --->   Operation 47 'store' 'store_ln60' <Predicate = true> <Delay = 1.32>

State 3 <SV = 2> <Delay = 1.38>
ST_3 : Operation 48 [1/2] ( I:0.00ns O:0.00ns )   --->   "%R = load i22 %in_channels_ch1_addr" [yuv_filter.c:80->yuv_filter.c:49]   --->   Operation 48 'load' 'R' <Predicate = true> <Delay = 0.00> <CoreInst = "RAM">   --->   Core 81 'RAM' <Latency = 1> <II = 1> <Delay = 2.77> <Storage> <Opcode : 'load' 'store'> <Ports = 2> <Width = 8> <Depth = 2457600> <RAM>
ST_3 : Operation 49 [1/2] ( I:0.00ns O:0.00ns )   --->   "%B = load i22 %in_channels_ch3_addr" [yuv_filter.c:82->yuv_filter.c:49]   --->   Operation 49 'load' 'B' <Predicate = true> <Delay = 0.00> <CoreInst = "RAM">   --->   Core 81 'RAM' <Latency = 1> <II = 1> <Delay = 2.77> <Storage> <Opcode : 'load' 'store'> <Ports = 2> <Width = 8> <Depth = 2457600> <RAM>
ST_3 : Operation 50 [1/1] (0.00ns)   --->   "%zext_ln83 = zext i8 %R" [yuv_filter.c:83->yuv_filter.c:49]   --->   Operation 50 'zext' 'zext_ln83' <Predicate = true> <Delay = 0.00>
ST_3 : Operation 51 [1/1] (0.00ns)   --->   "%zext_ln83_2 = zext i8 %B" [yuv_filter.c:83->yuv_filter.c:49]   --->   Operation 51 'zext' 'zext_ln83_2' <Predicate = true> <Delay = 0.00>
ST_3 : Operation 52 [3/3] (1.38ns) (grouped into DSP with root node add_ln83_1)   --->   "%mul_ln83 = mul i13 %zext_ln83_2, i13 25" [yuv_filter.c:83->yuv_filter.c:49]   --->   Operation 52 'mul' 'mul_ln83' <Predicate = true> <Delay = 1.38> <CoreInst = "DSP48">   --->   Core 116 'DSP48' <Latency = 3> <II = 1> <Delay = 1.82> <IPBlock> <Opcode : 'add' 'sub' 'mul' 'select'> <InPorts = 0> <OutPorts = 1> <Sync> <CReg>
ST_3 : Operation 53 [3/3] (1.38ns) (grouped into DSP with root node add_ln84)   --->   "%mul_ln84 = mul i15 %zext_ln83, i15 32730" [yuv_filter.c:84->yuv_filter.c:49]   --->   Operation 53 'mul' 'mul_ln84' <Predicate = true> <Delay = 1.38> <CoreInst = "DSP48">   --->   Core 116 'DSP48' <Latency = 3> <II = 1> <Delay = 1.82> <IPBlock> <Opcode : 'add' 'sub' 'mul' 'select'> <InPorts = 0> <OutPorts = 1> <Sync> <CReg>
ST_3 : Operation 54 [3/3] (1.38ns) (grouped into DSP with root node add_ln85)   --->   "%mul_ln85 = mul i15 %zext_ln83, i15 122" [yuv_filter.c:85->yuv_filter.c:49]   --->   Operation 54 'mul' 'mul_ln85' <Predicate = true> <Delay = 1.38> <CoreInst = "DSP48">   --->   Core 116 'DSP48' <Latency = 3> <II = 1> <Delay = 1.82> <IPBlock> <Opcode : 'add' 'sub' 'mul' 'select'> <InPorts = 0> <OutPorts = 1> <Sync> <CReg>

State 4 <SV = 3> <Delay = 1.38>
ST_4 : Operation 55 [1/1] (0.00ns)   --->   "%in_channels_ch2_addr = getelementptr i8 %in_channels_ch2, i64 0, i64 %zext_ln80_1" [yuv_filter.c:81->yuv_filter.c:49]   --->   Operation 55 'getelementptr' 'in_channels_ch2_addr' <Predicate = true> <Delay = 0.00>
ST_4 : Operation 56 [2/2] (0.00ns)   --->   "%G = load i22 %in_channels_ch2_addr" [yuv_filter.c:81->yuv_filter.c:49]   --->   Operation 56 'load' 'G' <Predicate = true> <Delay = 0.00> <CoreInst = "RAM">   --->   Core 81 'RAM' <Latency = 1> <II = 1> <Delay = 2.77> <Storage> <Opcode : 'load' 'store'> <Ports = 2> <Width = 8> <Depth = 2457600> <RAM>
ST_4 : Operation 57 [2/3] (1.38ns) (grouped into DSP with root node add_ln83_1)   --->   "%mul_ln83 = mul i13 %zext_ln83_2, i13 25" [yuv_filter.c:83->yuv_filter.c:49]   --->   Operation 57 'mul' 'mul_ln83' <Predicate = true> <Delay = 1.38> <CoreInst = "DSP48">   --->   Core 116 'DSP48' <Latency = 3> <II = 1> <Delay = 1.82> <IPBlock> <Opcode : 'add' 'sub' 'mul' 'select'> <InPorts = 0> <OutPorts = 1> <Sync> <CReg>
ST_4 : Operation 58 [2/3] (1.38ns) (grouped into DSP with root node add_ln84)   --->   "%mul_ln84 = mul i15 %zext_ln83, i15 32730" [yuv_filter.c:84->yuv_filter.c:49]   --->   Operation 58 'mul' 'mul_ln84' <Predicate = true> <Delay = 1.38> <CoreInst = "DSP48">   --->   Core 116 'DSP48' <Latency = 3> <II = 1> <Delay = 1.82> <IPBlock> <Opcode : 'add' 'sub' 'mul' 'select'> <InPorts = 0> <OutPorts = 1> <Sync> <CReg>
ST_4 : Operation 59 [2/3] (1.38ns) (grouped into DSP with root node add_ln85)   --->   "%mul_ln85 = mul i15 %zext_ln83, i15 122" [yuv_filter.c:85->yuv_filter.c:49]   --->   Operation 59 'mul' 'mul_ln85' <Predicate = true> <Delay = 1.38> <CoreInst = "DSP48">   --->   Core 116 'DSP48' <Latency = 3> <II = 1> <Delay = 1.82> <IPBlock> <Opcode : 'add' 'sub' 'mul' 'select'> <InPorts = 0> <OutPorts = 1> <Sync> <CReg>

State 5 <SV = 4> <Delay = 5.39>
ST_5 : Operation 60 [1/2] ( I:0.00ns O:0.00ns )   --->   "%G = load i22 %in_channels_ch2_addr" [yuv_filter.c:81->yuv_filter.c:49]   --->   Operation 60 'load' 'G' <Predicate = true> <Delay = 0.00> <CoreInst = "RAM">   --->   Core 81 'RAM' <Latency = 1> <II = 1> <Delay = 2.77> <Storage> <Opcode : 'load' 'store'> <Ports = 2> <Width = 8> <Depth = 2457600> <RAM>
ST_5 : Operation 61 [1/1] (0.00ns)   --->   "%zext_ln83_1 = zext i8 %G" [yuv_filter.c:83->yuv_filter.c:49]   --->   Operation 61 'zext' 'zext_ln83_1' <Predicate = true> <Delay = 0.00>
ST_5 : Operation 62 [1/3] (0.00ns) (grouped into DSP with root node add_ln83_1)   --->   "%mul_ln83 = mul i13 %zext_ln83_2, i13 25" [yuv_filter.c:83->yuv_filter.c:49]   --->   Operation 62 'mul' 'mul_ln83' <Predicate = true> <Delay = 0.00> <CoreInst = "DSP48">   --->   Core 116 'DSP48' <Latency = 3> <II = 1> <Delay = 1.82> <IPBlock> <Opcode : 'add' 'sub' 'mul' 'select'> <InPorts = 0> <OutPorts = 1> <Sync> <CReg>
ST_5 : Operation 63 [1/1] (0.00ns)   --->   "%tmp_9 = bitconcatenate i15 @_ssdm_op_BitConcatenate.i15.i8.i7, i8 %G, i7 0" [yuv_filter.c:83->yuv_filter.c:49]   --->   Operation 63 'bitconcatenate' 'tmp_9' <Predicate = true> <Delay = 0.00>
ST_5 : Operation 64 [1/1] (0.00ns)   --->   "%zext_ln83_7 = zext i15 %tmp_9" [yuv_filter.c:83->yuv_filter.c:49]   --->   Operation 64 'zext' 'zext_ln83_7' <Predicate = true> <Delay = 0.00>
ST_5 : Operation 65 [1/1] (1.82ns)   --->   "%add_ln83_4 = add i16 %zext_ln83_7, i16 %zext_ln83_1" [yuv_filter.c:83->yuv_filter.c:49]   --->   Operation 65 'add' 'add_ln83_4' <Predicate = true> <Delay = 1.82> <CoreInst = "Adder">   --->   Core 1 'Adder' <Latency = 0> <II = 1> <Delay = 1.82> <FuncUnit> <Opcode : 'add' 'sub'> <InPorts = 2> <OutPorts = 1>
ST_5 : Operation 66 [2/2] (1.76ns) (root node of the DSP)   --->   "%add_ln83_1 = add i13 %mul_ln83, i13 128" [yuv_filter.c:83->yuv_filter.c:49]   --->   Operation 66 'add' 'add_ln83_1' <Predicate = true> <Delay = 1.76> <CoreInst = "DSP48">   --->   Core 116 'DSP48' <Latency = 3> <II = 1> <Delay = 1.82> <IPBlock> <Opcode : 'add' 'sub' 'mul' 'select'> <InPorts = 0> <OutPorts = 1> <Sync> <CReg>
ST_5 : Operation 67 [1/3] (0.00ns) (grouped into DSP with root node add_ln84)   --->   "%mul_ln84 = mul i15 %zext_ln83, i15 32730" [yuv_filter.c:84->yuv_filter.c:49]   --->   Operation 67 'mul' 'mul_ln84' <Predicate = true> <Delay = 0.00> <CoreInst = "DSP48">   --->   Core 116 'DSP48' <Latency = 3> <II = 1> <Delay = 1.82> <IPBlock> <Opcode : 'add' 'sub' 'mul' 'select'> <InPorts = 0> <OutPorts = 1> <Sync> <CReg>
ST_5 : Operation 68 [1/1] (0.00ns) (grouped into DSP with root node add_ln84)   --->   "%sext_ln84 = sext i15 %mul_ln84" [yuv_filter.c:84->yuv_filter.c:49]   --->   Operation 68 'sext' 'sext_ln84' <Predicate = true> <Delay = 0.00>
ST_5 : Operation 69 [1/1] (3.63ns)   --->   "%mul_ln84_1 = mul i16 %zext_ln83_1, i16 65462" [yuv_filter.c:84->yuv_filter.c:49]   --->   Operation 69 'mul' 'mul_ln84_1' <Predicate = true> <Delay = 3.63> <CoreInst = "Multiplier">   --->   Core 3 'Multiplier' <Latency = 0> <II = 1> <Delay = 3.63> <FuncUnit> <Opcode : 'mul'> <InPorts = 2> <OutPorts = 1>
ST_5 : Operation 70 [2/2] (1.76ns) (root node of the DSP)   --->   "%add_ln84 = add i16 %sext_ln84, i16 %mul_ln84_1" [yuv_filter.c:84->yuv_filter.c:49]   --->   Operation 70 'add' 'add_ln84' <Predicate = true> <Delay = 1.76> <CoreInst = "DSP48">   --->   Core 116 'DSP48' <Latency = 3> <II = 1> <Delay = 1.82> <IPBlock> <Opcode : 'add' 'sub' 'mul' 'select'> <InPorts = 0> <OutPorts = 1> <Sync> <CReg>
ST_5 : Operation 71 [1/3] (0.00ns) (grouped into DSP with root node add_ln85)   --->   "%mul_ln85 = mul i15 %zext_ln83, i15 122" [yuv_filter.c:85->yuv_filter.c:49]   --->   Operation 71 'mul' 'mul_ln85' <Predicate = true> <Delay = 0.00> <CoreInst = "DSP48">   --->   Core 116 'DSP48' <Latency = 3> <II = 1> <Delay = 1.82> <IPBlock> <Opcode : 'add' 'sub' 'mul' 'select'> <InPorts = 0> <OutPorts = 1> <Sync> <CReg>
ST_5 : Operation 72 [1/1] (0.00ns) (grouped into DSP with root node add_ln85)   --->   "%zext_ln85 = zext i15 %mul_ln85" [yuv_filter.c:85->yuv_filter.c:49]   --->   Operation 72 'zext' 'zext_ln85' <Predicate = true> <Delay = 0.00>
ST_5 : Operation 73 [1/1] (3.63ns)   --->   "%mul_ln85_1 = mul i16 %zext_ln83_1, i16 65442" [yuv_filter.c:85->yuv_filter.c:49]   --->   Operation 73 'mul' 'mul_ln85_1' <Predicate = true> <Delay = 3.63> <CoreInst = "Multiplier">   --->   Core 3 'Multiplier' <Latency = 0> <II = 1> <Delay = 3.63> <FuncUnit> <Opcode : 'mul'> <InPorts = 2> <OutPorts = 1>
ST_5 : Operation 74 [2/2] (1.76ns) (root node of the DSP)   --->   "%add_ln85 = add i16 %zext_ln85, i16 %mul_ln85_1" [yuv_filter.c:85->yuv_filter.c:49]   --->   Operation 74 'add' 'add_ln85' <Predicate = true> <Delay = 1.76> <CoreInst = "DSP48">   --->   Core 116 'DSP48' <Latency = 3> <II = 1> <Delay = 1.82> <IPBlock> <Opcode : 'add' 'sub' 'mul' 'select'> <InPorts = 0> <OutPorts = 1> <Sync> <CReg>

State 6 <SV = 5> <Delay = 6.86>
ST_6 : Operation 75 [1/1] (0.00ns)   --->   "%tmp = bitconcatenate i14 @_ssdm_op_BitConcatenate.i14.i8.i6, i8 %R, i6 0" [yuv_filter.c:83->yuv_filter.c:49]   --->   Operation 75 'bitconcatenate' 'tmp' <Predicate = true> <Delay = 0.00>
ST_6 : Operation 76 [1/1] (0.00ns)   --->   "%zext_ln83_3 = zext i14 %tmp" [yuv_filter.c:83->yuv_filter.c:49]   --->   Operation 76 'zext' 'zext_ln83_3' <Predicate = true> <Delay = 0.00>
ST_6 : Operation 77 [1/1] (0.00ns)   --->   "%tmp_8 = bitconcatenate i9 @_ssdm_op_BitConcatenate.i9.i8.i1, i8 %R, i1 0" [yuv_filter.c:83->yuv_filter.c:49]   --->   Operation 77 'bitconcatenate' 'tmp_8' <Predicate = true> <Delay = 0.00>
ST_6 : Operation 78 [1/1] (0.00ns)   --->   "%zext_ln83_4 = zext i9 %tmp_8" [yuv_filter.c:83->yuv_filter.c:49]   --->   Operation 78 'zext' 'zext_ln83_4' <Predicate = true> <Delay = 0.00>
ST_6 : Operation 79 [1/1] (1.80ns)   --->   "%add_ln83_3 = add i15 %zext_ln83_3, i15 %zext_ln83_4" [yuv_filter.c:83->yuv_filter.c:49]   --->   Operation 79 'add' 'add_ln83_3' <Predicate = true> <Delay = 1.80> <CoreInst = "Adder">   --->   Core 1 'Adder' <Latency = 0> <II = 1> <Delay = 1.80> <FuncUnit> <Opcode : 'add' 'sub'> <InPorts = 2> <OutPorts = 1>
ST_6 : Operation 80 [1/1] (0.00ns)   --->   "%zext_ln83_5 = zext i15 %add_ln83_3" [yuv_filter.c:83->yuv_filter.c:49]   --->   Operation 80 'zext' 'zext_ln83_5' <Predicate = true> <Delay = 0.00>
ST_6 : Operation 81 [1/1] (0.00ns) (grouped into TernaryAdder)   --->   "%add_ln83 = add i16 %zext_ln83_5, i16 %add_ln83_4" [yuv_filter.c:83->yuv_filter.c:49]   --->   Operation 81 'add' 'add_ln83' <Predicate = true> <Delay = 0.00> <CoreInst = "TAddSub">   --->   Core 10 'TAddSub' <Latency = 0> <II = 1> <Delay = 1.62> <IPBlock> <Opcode : 'add' 'sub'> <InPorts = 3> <OutPorts = 1> <Sync> <CReg>
ST_6 : Operation 82 [1/2] (1.76ns) (root node of the DSP)   --->   "%add_ln83_1 = add i13 %mul_ln83, i13 128" [yuv_filter.c:83->yuv_filter.c:49]   --->   Operation 82 'add' 'add_ln83_1' <Predicate = true> <Delay = 1.76> <CoreInst = "DSP48">   --->   Core 116 'DSP48' <Latency = 3> <II = 1> <Delay = 1.82> <IPBlock> <Opcode : 'add' 'sub' 'mul' 'select'> <InPorts = 0> <OutPorts = 1> <Sync> <CReg>
ST_6 : Operation 83 [1/1] (0.00ns)   --->   "%zext_ln83_6 = zext i13 %add_ln83_1" [yuv_filter.c:83->yuv_filter.c:49]   --->   Operation 83 'zext' 'zext_ln83_6' <Predicate = true> <Delay = 0.00>
ST_6 : Operation 84 [1/1] (3.31ns) (root node of TernaryAdder)   --->   "%add_ln83_2 = add i16 %zext_ln83_6, i16 %add_ln83" [yuv_filter.c:83->yuv_filter.c:49]   --->   Operation 84 'add' 'add_ln83_2' <Predicate = true> <Delay = 3.31> <CoreInst = "TAddSub">   --->   Core 10 'TAddSub' <Latency = 0> <II = 1> <Delay = 1.62> <IPBlock> <Opcode : 'add' 'sub'> <InPorts = 3> <OutPorts = 1> <Sync> <CReg>
ST_6 : Operation 85 [1/1] (0.00ns)   --->   "%trunc_ln = partselect i8 @_ssdm_op_PartSelect.i8.i16.i32.i32, i16 %add_ln83_2, i32 8, i32 15" [yuv_filter.c:83->yuv_filter.c:49]   --->   Operation 85 'partselect' 'trunc_ln' <Predicate = true> <Delay = 0.00>
ST_6 : Operation 86 [1/1] (0.00ns)   --->   "%p_shl8 = bitconcatenate i15 @_ssdm_op_BitConcatenate.i15.i8.i7, i8 %B, i7 0" [yuv_filter.c:84->yuv_filter.c:49]   --->   Operation 86 'bitconcatenate' 'p_shl8' <Predicate = true> <Delay = 0.00>
ST_6 : Operation 87 [1/1] (0.00ns)   --->   "%tmp_10 = bitconcatenate i12 @_ssdm_op_BitConcatenate.i12.i8.i4, i8 %B, i4 0" [yuv_filter.c:84->yuv_filter.c:49]   --->   Operation 87 'bitconcatenate' 'tmp_10' <Predicate = true> <Delay = 0.00>
ST_6 : Operation 88 [1/1] (0.00ns)   --->   "%zext_ln84_1 = zext i12 %tmp_10" [yuv_filter.c:84->yuv_filter.c:49]   --->   Operation 88 'zext' 'zext_ln84_1' <Predicate = true> <Delay = 0.00>
ST_6 : Operation 89 [1/1] (0.00ns) (grouped into TernaryAdder)   --->   "%sub_ln84 = sub i15 %p_shl8, i15 %zext_ln84_1" [yuv_filter.c:84->yuv_filter.c:49]   --->   Operation 89 'sub' 'sub_ln84' <Predicate = true> <Delay = 0.00> <CoreInst = "TAddSub">   --->   Core 10 'TAddSub' <Latency = 0> <II = 1> <Delay = 1.62> <IPBlock> <Opcode : 'add' 'sub'> <InPorts = 3> <OutPorts = 1> <Sync> <CReg>
ST_6 : Operation 90 [1/2] (1.76ns) (root node of the DSP)   --->   "%add_ln84 = add i16 %sext_ln84, i16 %mul_ln84_1" [yuv_filter.c:84->yuv_filter.c:49]   --->   Operation 90 'add' 'add_ln84' <Predicate = true> <Delay = 1.76> <CoreInst = "DSP48">   --->   Core 116 'DSP48' <Latency = 3> <II = 1> <Delay = 1.82> <IPBlock> <Opcode : 'add' 'sub' 'mul' 'select'> <InPorts = 0> <OutPorts = 1> <Sync> <CReg>
ST_6 : Operation 91 [1/1] (3.28ns) (root node of TernaryAdder)   --->   "%add_ln84_1 = add i15 %sub_ln84, i15 128" [yuv_filter.c:84->yuv_filter.c:49]   --->   Operation 91 'add' 'add_ln84_1' <Predicate = true> <Delay = 3.28> <CoreInst = "TAddSub">   --->   Core 10 'TAddSub' <Latency = 0> <II = 1> <Delay = 1.62> <IPBlock> <Opcode : 'add' 'sub'> <InPorts = 3> <OutPorts = 1> <Sync> <CReg>
ST_6 : Operation 92 [1/1] (0.00ns)   --->   "%zext_ln84 = zext i15 %add_ln84_1" [yuv_filter.c:84->yuv_filter.c:49]   --->   Operation 92 'zext' 'zext_ln84' <Predicate = true> <Delay = 0.00>
ST_6 : Operation 93 [1/1] (1.84ns)   --->   "%add_ln84_2 = add i16 %zext_ln84, i16 %add_ln84" [yuv_filter.c:84->yuv_filter.c:49]   --->   Operation 93 'add' 'add_ln84_2' <Predicate = true> <Delay = 1.84> <CoreInst = "Adder">   --->   Core 1 'Adder' <Latency = 0> <II = 1> <Delay = 1.84> <FuncUnit> <Opcode : 'add' 'sub'> <InPorts = 2> <OutPorts = 1>
ST_6 : Operation 94 [1/1] (0.00ns)   --->   "%bit_sel1 = bitselect i1 @_ssdm_op_BitSelect.i1.i16.i32, i16 %add_ln84_2, i32 15" [yuv_filter.c:84->yuv_filter.c:49]   --->   Operation 94 'bitselect' 'bit_sel1' <Predicate = true> <Delay = 0.00>
ST_6 : Operation 95 [1/1] (0.00ns)   --->   "%part_sel3 = partselect i7 @_ssdm_op_PartSelect.i7.i16.i32.i32, i16 %add_ln84_2, i32 8, i32 14" [yuv_filter.c:84->yuv_filter.c:49]   --->   Operation 95 'partselect' 'part_sel3' <Predicate = true> <Delay = 0.00>
ST_6 : Operation 96 [1/1] (0.00ns)   --->   "%zext_ln85_1 = zext i12 %tmp_10" [yuv_filter.c:85->yuv_filter.c:49]   --->   Operation 96 'zext' 'zext_ln85_1' <Predicate = true> <Delay = 0.00>
ST_6 : Operation 97 [1/1] (1.77ns)   --->   "%sub_ln85 = sub i14 0, i14 %zext_ln85_1" [yuv_filter.c:85->yuv_filter.c:49]   --->   Operation 97 'sub' 'sub_ln85' <Predicate = true> <Delay = 1.77> <CoreInst = "Adder">   --->   Core 1 'Adder' <Latency = 0> <II = 1> <Delay = 1.77> <FuncUnit> <Opcode : 'add' 'sub'> <InPorts = 2> <OutPorts = 1>
ST_6 : Operation 98 [1/1] (0.00ns)   --->   "%tmp_11 = bitconcatenate i9 @_ssdm_op_BitConcatenate.i9.i8.i1, i8 %B, i1 0" [yuv_filter.c:85->yuv_filter.c:49]   --->   Operation 98 'bitconcatenate' 'tmp_11' <Predicate = true> <Delay = 0.00>
ST_6 : Operation 99 [1/1] (0.00ns)   --->   "%zext_ln85_2 = zext i9 %tmp_11" [yuv_filter.c:85->yuv_filter.c:49]   --->   Operation 99 'zext' 'zext_ln85_2' <Predicate = true> <Delay = 0.00>
ST_6 : Operation 100 [1/1] (0.00ns) (grouped into TernaryAdder)   --->   "%sub_ln85_1 = sub i14 %sub_ln85, i14 %zext_ln85_2" [yuv_filter.c:85->yuv_filter.c:49]   --->   Operation 100 'sub' 'sub_ln85_1' <Predicate = true> <Delay = 0.00> <CoreInst = "TAddSub">   --->   Core 10 'TAddSub' <Latency = 0> <II = 1> <Delay = 1.62> <IPBlock> <Opcode : 'add' 'sub'> <InPorts = 3> <OutPorts = 1> <Sync> <CReg>
ST_6 : Operation 101 [1/2] (1.76ns) (root node of the DSP)   --->   "%add_ln85 = add i16 %zext_ln85, i16 %mul_ln85_1" [yuv_filter.c:85->yuv_filter.c:49]   --->   Operation 101 'add' 'add_ln85' <Predicate = true> <Delay = 1.76> <CoreInst = "DSP48">   --->   Core 116 'DSP48' <Latency = 3> <II = 1> <Delay = 1.82> <IPBlock> <Opcode : 'add' 'sub' 'mul' 'select'> <InPorts = 0> <OutPorts = 1> <Sync> <CReg>
ST_6 : Operation 102 [1/1] (3.24ns) (root node of TernaryAdder)   --->   "%add_ln85_1 = add i14 %sub_ln85_1, i14 128" [yuv_filter.c:85->yuv_filter.c:49]   --->   Operation 102 'add' 'add_ln85_1' <Predicate = true> <Delay = 3.24> <CoreInst = "TAddSub">   --->   Core 10 'TAddSub' <Latency = 0> <II = 1> <Delay = 1.62> <IPBlock> <Opcode : 'add' 'sub'> <InPorts = 3> <OutPorts = 1> <Sync> <CReg>
ST_6 : Operation 103 [1/1] (0.00ns)   --->   "%sext_ln85 = sext i14 %add_ln85_1" [yuv_filter.c:85->yuv_filter.c:49]   --->   Operation 103 'sext' 'sext_ln85' <Predicate = true> <Delay = 0.00>
ST_6 : Operation 104 [1/1] (1.84ns)   --->   "%add_ln85_2 = add i16 %sext_ln85, i16 %add_ln85" [yuv_filter.c:85->yuv_filter.c:49]   --->   Operation 104 'add' 'add_ln85_2' <Predicate = true> <Delay = 1.84> <CoreInst = "Adder">   --->   Core 1 'Adder' <Latency = 0> <II = 1> <Delay = 1.84> <FuncUnit> <Opcode : 'add' 'sub'> <InPorts = 2> <OutPorts = 1>
ST_6 : Operation 105 [1/1] (0.00ns)   --->   "%bit_sel = bitselect i1 @_ssdm_op_BitSelect.i1.i16.i32, i16 %add_ln85_2, i32 15" [yuv_filter.c:85->yuv_filter.c:49]   --->   Operation 105 'bitselect' 'bit_sel' <Predicate = true> <Delay = 0.00>
ST_6 : Operation 106 [1/1] (0.00ns)   --->   "%part_sel = partselect i7 @_ssdm_op_PartSelect.i7.i16.i32.i32, i16 %add_ln85_2, i32 8, i32 14" [yuv_filter.c:85->yuv_filter.c:49]   --->   Operation 106 'partselect' 'part_sel' <Predicate = true> <Delay = 0.00>
ST_6 : Operation 122 [1/1] (1.32ns)   --->   "%ret_ln0 = ret"   --->   Operation 122 'ret' 'ret_ln0' <Predicate = (icmp_ln75)> <Delay = 1.32>

State 7 <SV = 6> <Delay = 4.49>
ST_7 : Operation 107 [1/1] (0.00ns)   --->   "%specloopname_ln0 = specloopname void @_ssdm_op_SpecLoopName, void @RGB2YUV_LOOP_X_RGB2YUV_LOOP_Y_str"   --->   Operation 107 'specloopname' 'specloopname_ln0' <Predicate = true> <Delay = 0.00>
ST_7 : Operation 108 [1/1] (0.00ns)   --->   "%speclooptripcount_ln0 = speclooptripcount void @_ssdm_op_SpecLoopTripCount, i64 40000, i64 2457600, i64 784400"   --->   Operation 108 'speclooptripcount' 'speclooptripcount_ln0' <Predicate = true> <Delay = 0.00>
ST_7 : Operation 109 [1/1] (0.00ns)   --->   "%p_yuv_channels_ch1_addr = getelementptr i8 %p_yuv_channels_ch1, i64 0, i64 %zext_ln80_1" [yuv_filter.c:86->yuv_filter.c:49]   --->   Operation 109 'getelementptr' 'p_yuv_channels_ch1_addr' <Predicate = true> <Delay = 0.00>
ST_7 : Operation 110 [1/1] (0.00ns)   --->   "%p_yuv_channels_ch2_addr = getelementptr i8 %p_yuv_channels_ch2, i64 0, i64 %zext_ln80_1" [yuv_filter.c:87->yuv_filter.c:49]   --->   Operation 110 'getelementptr' 'p_yuv_channels_ch2_addr' <Predicate = true> <Delay = 0.00>
ST_7 : Operation 111 [1/1] (0.00ns)   --->   "%p_yuv_channels_ch3_addr = getelementptr i8 %p_yuv_channels_ch3, i64 0, i64 %zext_ln80_1" [yuv_filter.c:88->yuv_filter.c:49]   --->   Operation 111 'getelementptr' 'p_yuv_channels_ch3_addr' <Predicate = true> <Delay = 0.00>
ST_7 : Operation 112 [1/1] (0.00ns)   --->   "%specpipeline_ln60 = specpipeline void @_ssdm_op_SpecPipeline, i32 4294967295, i32 0, i32 0, i32 0, i32 4294967295, void @empty_0" [yuv_filter.c:60->yuv_filter.c:49]   --->   Operation 112 'specpipeline' 'specpipeline_ln60' <Predicate = true> <Delay = 0.00>
ST_7 : Operation 113 [1/1] (1.71ns)   --->   "%Y = add i8 %trunc_ln, i8 16" [yuv_filter.c:83->yuv_filter.c:49]   --->   Operation 113 'add' 'Y' <Predicate = true> <Delay = 1.71> <CoreInst = "Adder">   --->   Core 1 'Adder' <Latency = 0> <II = 1> <Delay = 1.71> <FuncUnit> <Opcode : 'add' 'sub'> <InPorts = 2> <OutPorts = 1>
ST_7 : Operation 114 [1/1] (0.80ns)   --->   "%xor_ln84 = xor i1 %bit_sel1, i1 1" [yuv_filter.c:84->yuv_filter.c:49]   --->   Operation 114 'xor' 'xor_ln84' <Predicate = true> <Delay = 0.80> <CoreInst = "LogicGate">   --->   Core 74 'LogicGate' <Latency = 0> <II = 1> <Delay = 0.80> <FuncUnit> <Opcode : 'and' 'or' 'xor'> <InPorts = 2> <OutPorts = 1>
ST_7 : Operation 115 [1/1] (0.00ns)   --->   "%U = bitconcatenate i8 @_ssdm_op_BitConcatenate.i8.i1.i7, i1 %xor_ln84, i7 %part_sel3" [yuv_filter.c:84->yuv_filter.c:49]   --->   Operation 115 'bitconcatenate' 'U' <Predicate = true> <Delay = 0.00>
ST_7 : Operation 116 [1/1] (0.80ns)   --->   "%xor_ln85 = xor i1 %bit_sel, i1 1" [yuv_filter.c:85->yuv_filter.c:49]   --->   Operation 116 'xor' 'xor_ln85' <Predicate = true> <Delay = 0.80> <CoreInst = "LogicGate">   --->   Core 74 'LogicGate' <Latency = 0> <II = 1> <Delay = 0.80> <FuncUnit> <Opcode : 'and' 'or' 'xor'> <InPorts = 2> <OutPorts = 1>
ST_7 : Operation 117 [1/1] (0.00ns)   --->   "%V = bitconcatenate i8 @_ssdm_op_BitConcatenate.i8.i1.i7, i1 %xor_ln85, i7 %part_sel" [yuv_filter.c:85->yuv_filter.c:49]   --->   Operation 117 'bitconcatenate' 'V' <Predicate = true> <Delay = 0.00>
ST_7 : Operation 118 [1/1] ( I:2.77ns O:2.77ns )   --->   "%store_ln86 = store i8 %Y, i22 %p_yuv_channels_ch1_addr" [yuv_filter.c:86->yuv_filter.c:49]   --->   Operation 118 'store' 'store_ln86' <Predicate = true> <Delay = 2.77> <CoreInst = "RAM">   --->   Core 81 'RAM' <Latency = 1> <II = 1> <Delay = 2.77> <Storage> <Opcode : 'load' 'store'> <Ports = 2> <Width = 8> <Depth = 2457600> <RAM>
ST_7 : Operation 119 [1/1] ( I:2.77ns O:2.77ns )   --->   "%store_ln87 = store i8 %U, i22 %p_yuv_channels_ch2_addr" [yuv_filter.c:87->yuv_filter.c:49]   --->   Operation 119 'store' 'store_ln87' <Predicate = true> <Delay = 2.77> <CoreInst = "RAM">   --->   Core 81 'RAM' <Latency = 1> <II = 1> <Delay = 2.77> <Storage> <Opcode : 'load' 'store'> <Ports = 2> <Width = 8> <Depth = 2457600> <RAM>
ST_7 : Operation 120 [1/1] ( I:2.77ns O:2.77ns )   --->   "%store_ln88 = store i8 %V, i22 %p_yuv_channels_ch3_addr" [yuv_filter.c:88->yuv_filter.c:49]   --->   Operation 120 'store' 'store_ln88' <Predicate = true> <Delay = 2.77> <CoreInst = "RAM">   --->   Core 81 'RAM' <Latency = 1> <II = 1> <Delay = 2.77> <Storage> <Opcode : 'load' 'store'> <Ports = 2> <Width = 8> <Depth = 2457600> <RAM>
ST_7 : Operation 121 [1/1] (0.00ns)   --->   "%br_ln78 = br void %for.inc.i" [yuv_filter.c:78->yuv_filter.c:49]   --->   Operation 121 'br' 'br_ln78' <Predicate = true> <Delay = 0.00>


============================================================
+ Verbose Summary: Binding
============================================================
STG Binding: 
---------------- STG Properties BEGIN ----------------
- Is combinational: 0
- Is one-state seq: 0
- Is datapath-only: 0
- Is pipelined: 0
- Is top level: 0
Port [ Return ] is wired: 1; IO mode=ap_ctrl_hs:ce=0
Port [ mul_ln30]:  wired=1; compound=0; hidden=0; nouse=0; global=0; static=0; extern=0; dir=0; type=0; pingpong=0; private_global=0; IO mode=ap_none:ce=0
Port [ height]:  wired=1; compound=0; hidden=0; nouse=0; global=0; static=0; extern=0; dir=0; type=0; pingpong=0; private_global=0; IO mode=ap_none:ce=0
Port [ in_channels_ch1]:  wired=1; compound=1; hidden=0; nouse=0; global=0; static=0; extern=0; dir=0; type=1; pingpong=0; private_global=0; MemPort=[13]; IO mode=ap_memory:ce=0
Port [ in_channels_ch2]:  wired=1; compound=1; hidden=0; nouse=0; global=0; static=0; extern=0; dir=0; type=1; pingpong=0; private_global=0; MemPort=[13]; IO mode=ap_memory:ce=0
Port [ in_channels_ch3]:  wired=1; compound=1; hidden=0; nouse=0; global=0; static=0; extern=0; dir=0; type=1; pingpong=0; private_global=0; MemPort=[13]; IO mode=ap_memory:ce=0
Port [ p_yuv_channels_ch1]:  wired=1; compound=1; hidden=0; nouse=0; global=0; static=0; extern=0; dir=1; type=1; pingpong=0; private_global=0; MemPort=[03]; IO mode=ap_memory:ce=0
Port [ p_yuv_channels_ch2]:  wired=1; compound=1; hidden=0; nouse=0; global=0; static=0; extern=0; dir=1; type=1; pingpong=0; private_global=0; MemPort=[03]; IO mode=ap_memory:ce=0
Port [ p_yuv_channels_ch3]:  wired=1; compound=1; hidden=0; nouse=0; global=0; static=0; extern=0; dir=1; type=1; pingpong=0; private_global=0; MemPort=[03]; IO mode=ap_memory:ce=0
---------------- STG Properties END ------------------

---------------- Datapath Model BEGIN ----------------

<LifeTime>
<method=bitvector/>
y                       (alloca           ) [ 01100000]
x                       (alloca           ) [ 01100000]
indvar_flatten          (alloca           ) [ 01000000]
specinterface_ln0       (specinterface    ) [ 00000000]
specinterface_ln0       (specinterface    ) [ 00000000]
specinterface_ln0       (specinterface    ) [ 00000000]
height_read             (read             ) [ 01100000]
mul_ln30_read           (read             ) [ 00000000]
store_ln0               (store            ) [ 00000000]
store_ln60              (store            ) [ 00000000]
store_ln60              (store            ) [ 00000000]
br_ln0                  (br               ) [ 00000000]
indvar_flatten_load     (load             ) [ 00000000]
icmp_ln75               (icmp             ) [ 01111110]
add_ln75_1              (add              ) [ 00000000]
br_ln75                 (br               ) [ 00000000]
store_ln75              (store            ) [ 00000000]
y_load                  (load             ) [ 00000000]
x_load                  (load             ) [ 00000000]
add_ln75                (add              ) [ 00000000]
icmp_ln78               (icmp             ) [ 00000000]
select_ln60             (select           ) [ 00000000]
select_ln75             (select           ) [ 00000000]
trunc_ln80              (trunc            ) [ 00000000]
p_shl4                  (bitconcatenate   ) [ 00000000]
trunc_ln80_1            (trunc            ) [ 00000000]
p_shl5                  (bitconcatenate   ) [ 00000000]
add_ln78_1              (add              ) [ 00000000]
zext_ln80               (zext             ) [ 00000000]
add_ln80                (add              ) [ 00000000]
zext_ln80_1             (zext             ) [ 01011111]
in_channels_ch1_addr    (getelementptr    ) [ 01010000]
in_channels_ch3_addr    (getelementptr    ) [ 01010000]
add_ln78                (add              ) [ 00000000]
store_ln60              (store            ) [ 00000000]
store_ln60              (store            ) [ 00000000]
R                       (load             ) [ 01001110]
B                       (load             ) [ 01001110]
zext_ln83               (zext             ) [ 01001100]
zext_ln83_2             (zext             ) [ 01001100]
in_channels_ch2_addr    (getelementptr    ) [ 01000100]
G                       (load             ) [ 00000000]
zext_ln83_1             (zext             ) [ 00000000]
mul_ln83                (mul              ) [ 01000010]
tmp_9                   (bitconcatenate   ) [ 00000000]
zext_ln83_7             (zext             ) [ 00000000]
add_ln83_4              (add              ) [ 01000010]
mul_ln84                (mul              ) [ 00000000]
sext_ln84               (sext             ) [ 01000010]
mul_ln84_1              (mul              ) [ 01000010]
mul_ln85                (mul              ) [ 00000000]
zext_ln85               (zext             ) [ 01000010]
mul_ln85_1              (mul              ) [ 01000010]
tmp                     (bitconcatenate   ) [ 00000000]
zext_ln83_3             (zext             ) [ 00000000]
tmp_8                   (bitconcatenate   ) [ 00000000]
zext_ln83_4             (zext             ) [ 00000000]
add_ln83_3              (add              ) [ 00000000]
zext_ln83_5             (zext             ) [ 00000000]
add_ln83                (add              ) [ 00000000]
add_ln83_1              (add              ) [ 00000000]
zext_ln83_6             (zext             ) [ 00000000]
add_ln83_2              (add              ) [ 00000000]
trunc_ln                (partselect       ) [ 01000001]
p_shl8                  (bitconcatenate   ) [ 00000000]
tmp_10                  (bitconcatenate   ) [ 00000000]
zext_ln84_1             (zext             ) [ 00000000]
sub_ln84                (sub              ) [ 00000000]
add_ln84                (add              ) [ 00000000]
add_ln84_1              (add              ) [ 00000000]
zext_ln84               (zext             ) [ 00000000]
add_ln84_2              (add              ) [ 00000000]
bit_sel1                (bitselect        ) [ 01000001]
part_sel3               (partselect       ) [ 01000001]
zext_ln85_1             (zext             ) [ 00000000]
sub_ln85                (sub              ) [ 00000000]
tmp_11                  (bitconcatenate   ) [ 00000000]
zext_ln85_2             (zext             ) [ 00000000]
sub_ln85_1              (sub              ) [ 00000000]
add_ln85                (add              ) [ 00000000]
add_ln85_1              (add              ) [ 00000000]
sext_ln85               (sext             ) [ 00000000]
add_ln85_2              (add              ) [ 00000000]
bit_sel                 (bitselect        ) [ 01000001]
part_sel                (partselect       ) [ 01000001]
specloopname_ln0        (specloopname     ) [ 00000000]
speclooptripcount_ln0   (speclooptripcount) [ 00000000]
p_yuv_channels_ch1_addr (getelementptr    ) [ 00000000]
p_yuv_channels_ch2_addr (getelementptr    ) [ 00000000]
p_yuv_channels_ch3_addr (getelementptr    ) [ 00000000]
specpipeline_ln60       (specpipeline     ) [ 00000000]
Y                       (add              ) [ 00000000]
xor_ln84                (xor              ) [ 00000000]
U                       (bitconcatenate   ) [ 00000000]
xor_ln85                (xor              ) [ 00000000]
V                       (bitconcatenate   ) [ 00000000]
store_ln86              (store            ) [ 00000000]
store_ln87              (store            ) [ 00000000]
store_ln88              (store            ) [ 00000000]
br_ln78                 (br               ) [ 00000000]
ret_ln0                 (ret              ) [ 00000000]
</LifeTime>

<model>

<comp_list>
<comp id="0" class="1000" name="mul_ln30">
<pin_list>
<pin id="1" dir="1" index="0" bw="1" slack="0"/>
</pin_list>
<bind>
<StgValue><ssdm name="mul_ln30"/></StgValue>
</bind>
</comp>

<comp id="2" class="1000" name="height">
<pin_list>
<pin id="3" dir="1" index="0" bw="1" slack="0"/>
</pin_list>
<bind>
<StgValue><ssdm name="height"/></StgValue>
</bind>
</comp>

<comp id="4" class="1000" name="in_channels_ch1">
<pin_list>
<pin id="5" dir="1" index="0" bw="1" slack="0"/>
</pin_list>
<bind>
<StgValue><ssdm name="in_channels_ch1"/><MemPortTyVec>1 3 </MemPortTyVec>
</StgValue>
</bind>
</comp>

<comp id="6" class="1000" name="in_channels_ch2">
<pin_list>
<pin id="7" dir="1" index="0" bw="1" slack="0"/>
</pin_list>
<bind>
<StgValue><ssdm name="in_channels_ch2"/><MemPortTyVec>1 3 </MemPortTyVec>
</StgValue>
</bind>
</comp>

<comp id="8" class="1000" name="in_channels_ch3">
<pin_list>
<pin id="9" dir="1" index="0" bw="1" slack="0"/>
</pin_list>
<bind>
<StgValue><ssdm name="in_channels_ch3"/><MemPortTyVec>1 3 </MemPortTyVec>
</StgValue>
</bind>
</comp>

<comp id="10" class="1000" name="p_yuv_channels_ch1">
<pin_list>
<pin id="11" dir="1" index="0" bw="1" slack="0"/>
</pin_list>
<bind>
<StgValue><ssdm name="p_yuv_channels_ch1"/><MemPortTyVec>0 3 </MemPortTyVec>
</StgValue>
</bind>
</comp>

<comp id="12" class="1000" name="p_yuv_channels_ch2">
<pin_list>
<pin id="13" dir="1" index="0" bw="1" slack="0"/>
</pin_list>
<bind>
<StgValue><ssdm name="p_yuv_channels_ch2"/><MemPortTyVec>0 3 </MemPortTyVec>
</StgValue>
</bind>
</comp>

<comp id="14" class="1000" name="p_yuv_channels_ch3">
<pin_list>
<pin id="15" dir="1" index="0" bw="1" slack="0"/>
</pin_list>
<bind>
<StgValue><ssdm name="p_yuv_channels_ch3"/><MemPortTyVec>0 3 </MemPortTyVec>
</StgValue>
</bind>
</comp>

<comp id="16" class="1001" name="const_16">
<pin_list>
<pin id="17" dir="1" index="0" bw="1" slack="0"/>
</pin_list>
<bind>
<StgValue><ssdm name=""/></StgValue>
</bind>
</comp>

<comp id="18" class="1001" name="const_18">
<pin_list>
<pin id="19" dir="1" index="0" bw="1" slack="2147483647"/>
</pin_list>
<bind>
<StgValue><ssdm name="_ssdm_op_SpecInterface"/></StgValue>
</bind>
</comp>

<comp id="20" class="1001" name="const_20">
<pin_list>
<pin id="21" dir="1" index="0" bw="1" slack="2147483647"/>
</pin_list>
<bind>
<StgValue><ssdm name="empty"/></StgValue>
</bind>
</comp>

<comp id="22" class="1001" name="const_22">
<pin_list>
<pin id="23" dir="1" index="0" bw="1" slack="0"/>
</pin_list>
<bind>
<StgValue><ssdm name=""/></StgValue>
</bind>
</comp>

<comp id="24" class="1001" name="const_24">
<pin_list>
<pin id="25" dir="1" index="0" bw="1" slack="2147483647"/>
</pin_list>
<bind>
<StgValue><ssdm name="empty_0"/></StgValue>
</bind>
</comp>

<comp id="26" class="1001" name="const_26">
<pin_list>
<pin id="27" dir="1" index="0" bw="1" slack="2147483647"/>
</pin_list>
<bind>
<StgValue><ssdm name=""/></StgValue>
</bind>
</comp>

<comp id="28" class="1001" name="const_28">
<pin_list>
<pin id="29" dir="1" index="0" bw="1" slack="0"/>
</pin_list>
<bind>
<StgValue><ssdm name="_ssdm_op_Read.ap_auto.i16"/></StgValue>
</bind>
</comp>

<comp id="30" class="1001" name="const_30">
<pin_list>
<pin id="31" dir="1" index="0" bw="1" slack="0"/>
</pin_list>
<bind>
<StgValue><ssdm name="_ssdm_op_Read.ap_auto.i32"/></StgValue>
</bind>
</comp>

<comp id="32" class="1001" name="const_32">
<pin_list>
<pin id="33" dir="1" index="0" bw="1" slack="0"/>
</pin_list>
<bind>
<StgValue><ssdm name=""/></StgValue>
</bind>
</comp>

<comp id="34" class="1001" name="const_34">
<pin_list>
<pin id="35" dir="1" index="0" bw="1" slack="0"/>
</pin_list>
<bind>
<StgValue><ssdm name=""/></StgValue>
</bind>
</comp>

<comp id="36" class="1001" name="const_36">
<pin_list>
<pin id="37" dir="1" index="0" bw="1" slack="0"/>
</pin_list>
<bind>
<StgValue><ssdm name="_ssdm_op_BitConcatenate.i22.i12.i10"/></StgValue>
</bind>
</comp>

<comp id="38" class="1001" name="const_38">
<pin_list>
<pin id="39" dir="1" index="0" bw="1" slack="0"/>
</pin_list>
<bind>
<StgValue><ssdm name=""/></StgValue>
</bind>
</comp>

<comp id="40" class="1001" name="const_40">
<pin_list>
<pin id="41" dir="1" index="0" bw="1" slack="0"/>
</pin_list>
<bind>
<StgValue><ssdm name="_ssdm_op_BitConcatenate.i22.i14.i8"/></StgValue>
</bind>
</comp>

<comp id="42" class="1001" name="const_42">
<pin_list>
<pin id="43" dir="1" index="0" bw="1" slack="0"/>
</pin_list>
<bind>
<StgValue><ssdm name=""/></StgValue>
</bind>
</comp>

<comp id="44" class="1001" name="const_44">
<pin_list>
<pin id="45" dir="1" index="0" bw="1" slack="0"/>
</pin_list>
<bind>
<StgValue><ssdm name=""/></StgValue>
</bind>
</comp>

<comp id="46" class="1001" name="const_46">
<pin_list>
<pin id="47" dir="1" index="0" bw="1" slack="0"/>
</pin_list>
<bind>
<StgValue><ssdm name=""/></StgValue>
</bind>
</comp>

<comp id="48" class="1001" name="const_48">
<pin_list>
<pin id="49" dir="1" index="0" bw="1" slack="0"/>
</pin_list>
<bind>
<StgValue><ssdm name=""/></StgValue>
</bind>
</comp>

<comp id="50" class="1001" name="const_50">
<pin_list>
<pin id="51" dir="1" index="0" bw="1" slack="0"/>
</pin_list>
<bind>
<StgValue><ssdm name=""/></StgValue>
</bind>
</comp>

<comp id="52" class="1001" name="const_52">
<pin_list>
<pin id="53" dir="1" index="0" bw="1" slack="0"/>
</pin_list>
<bind>
<StgValue><ssdm name="_ssdm_op_BitConcatenate.i15.i8.i7"/></StgValue>
</bind>
</comp>

<comp id="54" class="1001" name="const_54">
<pin_list>
<pin id="55" dir="1" index="0" bw="1" slack="0"/>
</pin_list>
<bind>
<StgValue><ssdm name=""/></StgValue>
</bind>
</comp>

<comp id="56" class="1001" name="const_56">
<pin_list>
<pin id="57" dir="1" index="0" bw="1" slack="0"/>
</pin_list>
<bind>
<StgValue><ssdm name=""/></StgValue>
</bind>
</comp>

<comp id="58" class="1001" name="const_58">
<pin_list>
<pin id="59" dir="1" index="0" bw="1" slack="0"/>
</pin_list>
<bind>
<StgValue><ssdm name=""/></StgValue>
</bind>
</comp>

<comp id="60" class="1001" name="const_60">
<pin_list>
<pin id="61" dir="1" index="0" bw="1" slack="0"/>
</pin_list>
<bind>
<StgValue><ssdm name=""/></StgValue>
</bind>
</comp>

<comp id="62" class="1001" name="const_62">
<pin_list>
<pin id="63" dir="1" index="0" bw="1" slack="0"/>
</pin_list>
<bind>
<StgValue><ssdm name="_ssdm_op_BitConcatenate.i14.i8.i6"/></StgValue>
</bind>
</comp>

<comp id="64" class="1001" name="const_64">
<pin_list>
<pin id="65" dir="1" index="0" bw="1" slack="0"/>
</pin_list>
<bind>
<StgValue><ssdm name=""/></StgValue>
</bind>
</comp>

<comp id="66" class="1001" name="const_66">
<pin_list>
<pin id="67" dir="1" index="0" bw="1" slack="0"/>
</pin_list>
<bind>
<StgValue><ssdm name="_ssdm_op_BitConcatenate.i9.i8.i1"/></StgValue>
</bind>
</comp>

<comp id="68" class="1001" name="const_68">
<pin_list>
<pin id="69" dir="1" index="0" bw="1" slack="0"/>
</pin_list>
<bind>
<StgValue><ssdm name=""/></StgValue>
</bind>
</comp>

<comp id="70" class="1001" name="const_70">
<pin_list>
<pin id="71" dir="1" index="0" bw="1" slack="0"/>
</pin_list>
<bind>
<StgValue><ssdm name="_ssdm_op_PartSelect.i8.i16.i32.i32"/></StgValue>
</bind>
</comp>

<comp id="72" class="1001" name="const_72">
<pin_list>
<pin id="73" dir="1" index="0" bw="1" slack="0"/>
</pin_list>
<bind>
<StgValue><ssdm name=""/></StgValue>
</bind>
</comp>

<comp id="74" class="1001" name="const_74">
<pin_list>
<pin id="75" dir="1" index="0" bw="1" slack="0"/>
</pin_list>
<bind>
<StgValue><ssdm name=""/></StgValue>
</bind>
</comp>

<comp id="76" class="1001" name="const_76">
<pin_list>
<pin id="77" dir="1" index="0" bw="1" slack="0"/>
</pin_list>
<bind>
<StgValue><ssdm name="_ssdm_op_BitConcatenate.i12.i8.i4"/></StgValue>
</bind>
</comp>

<comp id="78" class="1001" name="const_78">
<pin_list>
<pin id="79" dir="1" index="0" bw="1" slack="0"/>
</pin_list>
<bind>
<StgValue><ssdm name=""/></StgValue>
</bind>
</comp>

<comp id="80" class="1001" name="const_80">
<pin_list>
<pin id="81" dir="1" index="0" bw="1" slack="0"/>
</pin_list>
<bind>
<StgValue><ssdm name=""/></StgValue>
</bind>
</comp>

<comp id="82" class="1001" name="const_82">
<pin_list>
<pin id="83" dir="1" index="0" bw="1" slack="0"/>
</pin_list>
<bind>
<StgValue><ssdm name="_ssdm_op_BitSelect.i1.i16.i32"/></StgValue>
</bind>
</comp>

<comp id="84" class="1001" name="const_84">
<pin_list>
<pin id="85" dir="1" index="0" bw="1" slack="0"/>
</pin_list>
<bind>
<StgValue><ssdm name="_ssdm_op_PartSelect.i7.i16.i32.i32"/></StgValue>
</bind>
</comp>

<comp id="86" class="1001" name="const_86">
<pin_list>
<pin id="87" dir="1" index="0" bw="1" slack="0"/>
</pin_list>
<bind>
<StgValue><ssdm name=""/></StgValue>
</bind>
</comp>

<comp id="88" class="1001" name="const_88">
<pin_list>
<pin id="89" dir="1" index="0" bw="1" slack="0"/>
</pin_list>
<bind>
<StgValue><ssdm name=""/></StgValue>
</bind>
</comp>

<comp id="90" class="1001" name="const_90">
<pin_list>
<pin id="91" dir="1" index="0" bw="1" slack="0"/>
</pin_list>
<bind>
<StgValue><ssdm name=""/></StgValue>
</bind>
</comp>

<comp id="92" class="1001" name="const_92">
<pin_list>
<pin id="93" dir="1" index="0" bw="1" slack="2147483647"/>
</pin_list>
<bind>
<StgValue><ssdm name="_ssdm_op_SpecLoopName"/></StgValue>
</bind>
</comp>

<comp id="94" class="1001" name="const_94">
<pin_list>
<pin id="95" dir="1" index="0" bw="1" slack="2147483647"/>
</pin_list>
<bind>
<StgValue><ssdm name="RGB2YUV_LOOP_X_RGB2YUV_LOOP_Y_str"/></StgValue>
</bind>
</comp>

<comp id="96" class="1001" name="const_96">
<pin_list>
<pin id="97" dir="1" index="0" bw="1" slack="2147483647"/>
</pin_list>
<bind>
<StgValue><ssdm name="_ssdm_op_SpecLoopTripCount"/></StgValue>
</bind>
</comp>

<comp id="98" class="1001" name="const_98">
<pin_list>
<pin id="99" dir="1" index="0" bw="1" slack="2147483647"/>
</pin_list>
<bind>
<StgValue><ssdm name=""/></StgValue>
</bind>
</comp>

<comp id="100" class="1001" name="const_100">
<pin_list>
<pin id="101" dir="1" index="0" bw="1" slack="2147483647"/>
</pin_list>
<bind>
<StgValue><ssdm name=""/></StgValue>
</bind>
</comp>

<comp id="102" class="1001" name="const_102">
<pin_list>
<pin id="103" dir="1" index="0" bw="1" slack="2147483647"/>
</pin_list>
<bind>
<StgValue><ssdm name=""/></StgValue>
</bind>
</comp>

<comp id="104" class="1001" name="const_104">
<pin_list>
<pin id="105" dir="1" index="0" bw="1" slack="2147483647"/>
</pin_list>
<bind>
<StgValue><ssdm name="_ssdm_op_SpecPipeline"/></StgValue>
</bind>
</comp>

<comp id="106" class="1001" name="const_106">
<pin_list>
<pin id="107" dir="1" index="0" bw="1" slack="0"/>
</pin_list>
<bind>
<StgValue><ssdm name=""/></StgValue>
</bind>
</comp>

<comp id="108" class="1001" name="const_108">
<pin_list>
<pin id="109" dir="1" index="0" bw="1" slack="0"/>
</pin_list>
<bind>
<StgValue><ssdm name=""/></StgValue>
</bind>
</comp>

<comp id="110" class="1001" name="const_110">
<pin_list>
<pin id="111" dir="1" index="0" bw="1" slack="0"/>
</pin_list>
<bind>
<StgValue><ssdm name="_ssdm_op_BitConcatenate.i8.i1.i7"/></StgValue>
</bind>
</comp>

<comp id="112" class="1004" name="y_fu_112">
<pin_list>
<pin id="113" dir="0" index="0" bw="1" slack="0"/>
<pin id="114" dir="1" index="1" bw="16" slack="0"/>
</pin_list>
<bind>
<opcode="alloca(26) " fcode="alloca"/>
<opset="y/1 "/>
</bind>
</comp>

<comp id="116" class="1004" name="x_fu_116">
<pin_list>
<pin id="117" dir="0" index="0" bw="1" slack="0"/>
<pin id="118" dir="1" index="1" bw="16" slack="0"/>
</pin_list>
<bind>
<opcode="alloca(26) " fcode="alloca"/>
<opset="x/1 "/>
</bind>
</comp>

<comp id="120" class="1004" name="indvar_flatten_fu_120">
<pin_list>
<pin id="121" dir="0" index="0" bw="1" slack="0"/>
<pin id="122" dir="1" index="1" bw="32" slack="0"/>
</pin_list>
<bind>
<opcode="alloca(26) " fcode="alloca"/>
<opset="indvar_flatten/1 "/>
</bind>
</comp>

<comp id="124" class="1004" name="height_read_read_fu_124">
<pin_list>
<pin id="125" dir="0" index="0" bw="16" slack="0"/>
<pin id="126" dir="0" index="1" bw="16" slack="0"/>
<pin id="127" dir="1" index="2" bw="16" slack="1"/>
</pin_list>
<bind>
<opcode="read(1150) " fcode="read"/>
<opset="height_read/1 "/>
</bind>
</comp>

<comp id="130" class="1004" name="mul_ln30_read_read_fu_130">
<pin_list>
<pin id="131" dir="0" index="0" bw="32" slack="0"/>
<pin id="132" dir="0" index="1" bw="32" slack="0"/>
<pin id="133" dir="1" index="2" bw="32" slack="0"/>
</pin_list>
<bind>
<opcode="read(1150) " fcode="read"/>
<opset="mul_ln30_read/1 "/>
</bind>
</comp>

<comp id="136" class="1004" name="in_channels_ch1_addr_gep_fu_136">
<pin_list>
<pin id="137" dir="0" index="0" bw="8" slack="0"/>
<pin id="138" dir="0" index="1" bw="1" slack="0"/>
<pin id="139" dir="0" index="2" bw="22" slack="0"/>
<pin id="140" dir="1" index="3" bw="22" slack="0"/>
</pin_list>
<bind>
<opcode="getelementptr(29) " fcode="getelementptr"/>
<opset="in_channels_ch1_addr/2 "/>
</bind>
</comp>

<comp id="143" class="1004" name="in_channels_ch3_addr_gep_fu_143">
<pin_list>
<pin id="144" dir="0" index="0" bw="8" slack="0"/>
<pin id="145" dir="0" index="1" bw="1" slack="0"/>
<pin id="146" dir="0" index="2" bw="22" slack="0"/>
<pin id="147" dir="1" index="3" bw="22" slack="0"/>
</pin_list>
<bind>
<opcode="getelementptr(29) " fcode="getelementptr"/>
<opset="in_channels_ch3_addr/2 "/>
</bind>
</comp>

<comp id="150" class="1004" name="grp_access_fu_150">
<pin_list>
<pin id="151" dir="0" index="0" bw="22" slack="0"/>
<pin id="152" dir="0" index="1" bw="8" slack="2147483647"/>
<pin id="153" dir="0" index="2" bw="0" slack="2147483647"/>
<pin id="154" dir="1" index="3" bw="8" slack="0"/>
</pin_list>
<bind>
<opcode="load(27) " fcode="load"/>
<opset="R/2 "/>
</bind>
</comp>

<comp id="156" class="1004" name="grp_access_fu_156">
<pin_list>
<pin id="157" dir="0" index="0" bw="22" slack="0"/>
<pin id="158" dir="0" index="1" bw="8" slack="2147483647"/>
<pin id="159" dir="0" index="2" bw="0" slack="2147483647"/>
<pin id="160" dir="1" index="3" bw="8" slack="0"/>
</pin_list>
<bind>
<opcode="load(27) " fcode="load"/>
<opset="B/2 "/>
</bind>
</comp>

<comp id="162" class="1004" name="in_channels_ch2_addr_gep_fu_162">
<pin_list>
<pin id="163" dir="0" index="0" bw="8" slack="0"/>
<pin id="164" dir="0" index="1" bw="1" slack="0"/>
<pin id="165" dir="0" index="2" bw="22" slack="2"/>
<pin id="166" dir="1" index="3" bw="22" slack="0"/>
</pin_list>
<bind>
<opcode="getelementptr(29) " fcode="getelementptr"/>
<opset="in_channels_ch2_addr/4 "/>
</bind>
</comp>

<comp id="169" class="1004" name="grp_access_fu_169">
<pin_list>
<pin id="170" dir="0" index="0" bw="22" slack="0"/>
<pin id="171" dir="0" index="1" bw="8" slack="2147483647"/>
<pin id="172" dir="0" index="2" bw="0" slack="2147483647"/>
<pin id="173" dir="1" index="3" bw="8" slack="0"/>
</pin_list>
<bind>
<opcode="load(27) " fcode="load"/>
<opset="G/4 "/>
</bind>
</comp>

<comp id="175" class="1004" name="p_yuv_channels_ch1_addr_gep_fu_175">
<pin_list>
<pin id="176" dir="0" index="0" bw="8" slack="0"/>
<pin id="177" dir="0" index="1" bw="1" slack="0"/>
<pin id="178" dir="0" index="2" bw="22" slack="5"/>
<pin id="179" dir="1" index="3" bw="22" slack="0"/>
</pin_list>
<bind>
<opcode="getelementptr(29) " fcode="getelementptr"/>
<opset="p_yuv_channels_ch1_addr/7 "/>
</bind>
</comp>

<comp id="182" class="1004" name="p_yuv_channels_ch2_addr_gep_fu_182">
<pin_list>
<pin id="183" dir="0" index="0" bw="8" slack="0"/>
<pin id="184" dir="0" index="1" bw="1" slack="0"/>
<pin id="185" dir="0" index="2" bw="22" slack="5"/>
<pin id="186" dir="1" index="3" bw="22" slack="0"/>
</pin_list>
<bind>
<opcode="getelementptr(29) " fcode="getelementptr"/>
<opset="p_yuv_channels_ch2_addr/7 "/>
</bind>
</comp>

<comp id="189" class="1004" name="p_yuv_channels_ch3_addr_gep_fu_189">
<pin_list>
<pin id="190" dir="0" index="0" bw="8" slack="0"/>
<pin id="191" dir="0" index="1" bw="1" slack="0"/>
<pin id="192" dir="0" index="2" bw="22" slack="5"/>
<pin id="193" dir="1" index="3" bw="22" slack="0"/>
</pin_list>
<bind>
<opcode="getelementptr(29) " fcode="getelementptr"/>
<opset="p_yuv_channels_ch3_addr/7 "/>
</bind>
</comp>

<comp id="196" class="1004" name="store_ln86_access_fu_196">
<pin_list>
<pin id="197" dir="0" index="0" bw="22" slack="0"/>
<pin id="198" dir="0" index="1" bw="8" slack="0"/>
<pin id="199" dir="0" index="2" bw="0" slack="2147483647"/>
<pin id="200" dir="1" index="3" bw="8" slack="2147483647"/>
</pin_list>
<bind>
<opcode="store(28) " fcode="store"/>
<opset="store_ln86/7 "/>
</bind>
</comp>

<comp id="202" class="1004" name="store_ln87_access_fu_202">
<pin_list>
<pin id="203" dir="0" index="0" bw="22" slack="0"/>
<pin id="204" dir="0" index="1" bw="8" slack="0"/>
<pin id="205" dir="0" index="2" bw="0" slack="2147483647"/>
<pin id="206" dir="1" index="3" bw="8" slack="2147483647"/>
</pin_list>
<bind>
<opcode="store(28) " fcode="store"/>
<opset="store_ln87/7 "/>
</bind>
</comp>

<comp id="208" class="1004" name="store_ln88_access_fu_208">
<pin_list>
<pin id="209" dir="0" index="0" bw="22" slack="0"/>
<pin id="210" dir="0" index="1" bw="8" slack="0"/>
<pin id="211" dir="0" index="2" bw="0" slack="2147483647"/>
<pin id="212" dir="1" index="3" bw="8" slack="2147483647"/>
</pin_list>
<bind>
<opcode="store(28) " fcode="store"/>
<opset="store_ln88/7 "/>
</bind>
</comp>

<comp id="214" class="1004" name="store_ln0_store_fu_214">
<pin_list>
<pin id="215" dir="0" index="0" bw="1" slack="0"/>
<pin id="216" dir="0" index="1" bw="32" slack="0"/>
<pin id="217" dir="1" index="2" bw="0" slack="2147483647"/>
</pin_list>
<bind>
<opcode="store(28) " fcode="store"/>
<opset="store_ln0/1 "/>
</bind>
</comp>

<comp id="219" class="1004" name="store_ln60_store_fu_219">
<pin_list>
<pin id="220" dir="0" index="0" bw="1" slack="0"/>
<pin id="221" dir="0" index="1" bw="16" slack="0"/>
<pin id="222" dir="1" index="2" bw="0" slack="2147483647"/>
</pin_list>
<bind>
<opcode="store(28) " fcode="store"/>
<opset="store_ln60/1 "/>
</bind>
</comp>

<comp id="224" class="1004" name="store_ln60_store_fu_224">
<pin_list>
<pin id="225" dir="0" index="0" bw="1" slack="0"/>
<pin id="226" dir="0" index="1" bw="16" slack="0"/>
<pin id="227" dir="1" index="2" bw="0" slack="2147483647"/>
</pin_list>
<bind>
<opcode="store(28) " fcode="store"/>
<opset="store_ln60/1 "/>
</bind>
</comp>

<comp id="229" class="1004" name="indvar_flatten_load_load_fu_229">
<pin_list>
<pin id="230" dir="0" index="0" bw="32" slack="0"/>
<pin id="231" dir="1" index="1" bw="32" slack="0"/>
</pin_list>
<bind>
<opcode="load(27) " fcode="load"/>
<opset="indvar_flatten_load/1 "/>
</bind>
</comp>

<comp id="232" class="1004" name="icmp_ln75_fu_232">
<pin_list>
<pin id="233" dir="0" index="0" bw="32" slack="0"/>
<pin id="234" dir="0" index="1" bw="32" slack="0"/>
<pin id="235" dir="1" index="2" bw="1" slack="5"/>
</pin_list>
<bind>
<opcode="icmp(45) " fcode="icmp"/>
<opset="icmp_ln75/1 "/>
</bind>
</comp>

<comp id="238" class="1004" name="add_ln75_1_fu_238">
<pin_list>
<pin id="239" dir="0" index="0" bw="32" slack="0"/>
<pin id="240" dir="0" index="1" bw="1" slack="0"/>
<pin id="241" dir="1" index="2" bw="32" slack="0"/>
</pin_list>
<bind>
<opcode="add(8) " fcode="add"/>
<opset="add_ln75_1/1 "/>
</bind>
</comp>

<comp id="244" class="1004" name="store_ln75_store_fu_244">
<pin_list>
<pin id="245" dir="0" index="0" bw="32" slack="0"/>
<pin id="246" dir="0" index="1" bw="32" slack="0"/>
<pin id="247" dir="1" index="2" bw="0" slack="2147483647"/>
</pin_list>
<bind>
<opcode="store(28) " fcode="store"/>
<opset="store_ln75/1 "/>
</bind>
</comp>

<comp id="249" class="1004" name="y_load_load_fu_249">
<pin_list>
<pin id="250" dir="0" index="0" bw="16" slack="1"/>
<pin id="251" dir="1" index="1" bw="16" slack="0"/>
</pin_list>
<bind>
<opcode="load(27) " fcode="load"/>
<opset="y_load/2 "/>
</bind>
</comp>

<comp id="252" class="1004" name="x_load_load_fu_252">
<pin_list>
<pin id="253" dir="0" index="0" bw="16" slack="1"/>
<pin id="254" dir="1" index="1" bw="16" slack="0"/>
</pin_list>
<bind>
<opcode="load(27) " fcode="load"/>
<opset="x_load/2 "/>
</bind>
</comp>

<comp id="255" class="1004" name="add_ln75_fu_255">
<pin_list>
<pin id="256" dir="0" index="0" bw="16" slack="0"/>
<pin id="257" dir="0" index="1" bw="1" slack="0"/>
<pin id="258" dir="1" index="2" bw="16" slack="0"/>
</pin_list>
<bind>
<opcode="add(8) " fcode="add"/>
<opset="add_ln75/2 "/>
</bind>
</comp>

<comp id="261" class="1004" name="icmp_ln78_fu_261">
<pin_list>
<pin id="262" dir="0" index="0" bw="16" slack="0"/>
<pin id="263" dir="0" index="1" bw="16" slack="1"/>
<pin id="264" dir="1" index="2" bw="1" slack="0"/>
</pin_list>
<bind>
<opcode="icmp(45) " fcode="icmp"/>
<opset="icmp_ln78/2 "/>
</bind>
</comp>

<comp id="266" class="1004" name="select_ln60_fu_266">
<pin_list>
<pin id="267" dir="0" index="0" bw="1" slack="0"/>
<pin id="268" dir="0" index="1" bw="1" slack="0"/>
<pin id="269" dir="0" index="2" bw="16" slack="0"/>
<pin id="270" dir="1" index="3" bw="16" slack="0"/>
</pin_list>
<bind>
<opcode="select(49) " fcode="select"/>
<opset="select_ln60/2 "/>
</bind>
</comp>

<comp id="274" class="1004" name="select_ln75_fu_274">
<pin_list>
<pin id="275" dir="0" index="0" bw="1" slack="0"/>
<pin id="276" dir="0" index="1" bw="16" slack="0"/>
<pin id="277" dir="0" index="2" bw="16" slack="0"/>
<pin id="278" dir="1" index="3" bw="16" slack="0"/>
</pin_list>
<bind>
<opcode="select(49) " fcode="select"/>
<opset="select_ln75/2 "/>
</bind>
</comp>

<comp id="282" class="1004" name="trunc_ln80_fu_282">
<pin_list>
<pin id="283" dir="0" index="0" bw="16" slack="0"/>
<pin id="284" dir="1" index="1" bw="12" slack="0"/>
</pin_list>
<bind>
<opcode="trunc(33) " fcode="trunc"/>
<opset="trunc_ln80/2 "/>
</bind>
</comp>

<comp id="286" class="1004" name="p_shl4_fu_286">
<pin_list>
<pin id="287" dir="0" index="0" bw="22" slack="0"/>
<pin id="288" dir="0" index="1" bw="12" slack="0"/>
<pin id="289" dir="0" index="2" bw="1" slack="0"/>
<pin id="290" dir="1" index="3" bw="22" slack="0"/>
</pin_list>
<bind>
<opcode="bitconcatenate(1004) " fcode="bitconcatenate"/>
<opset="p_shl4/2 "/>
</bind>
</comp>

<comp id="294" class="1004" name="trunc_ln80_1_fu_294">
<pin_list>
<pin id="295" dir="0" index="0" bw="16" slack="0"/>
<pin id="296" dir="1" index="1" bw="14" slack="0"/>
</pin_list>
<bind>
<opcode="trunc(33) " fcode="trunc"/>
<opset="trunc_ln80_1/2 "/>
</bind>
</comp>

<comp id="298" class="1004" name="p_shl5_fu_298">
<pin_list>
<pin id="299" dir="0" index="0" bw="22" slack="0"/>
<pin id="300" dir="0" index="1" bw="14" slack="0"/>
<pin id="301" dir="0" index="2" bw="1" slack="0"/>
<pin id="302" dir="1" index="3" bw="22" slack="0"/>
</pin_list>
<bind>
<opcode="bitconcatenate(1004) " fcode="bitconcatenate"/>
<opset="p_shl5/2 "/>
</bind>
</comp>

<comp id="306" class="1004" name="add_ln78_1_fu_306">
<pin_list>
<pin id="307" dir="0" index="0" bw="22" slack="0"/>
<pin id="308" dir="0" index="1" bw="22" slack="0"/>
<pin id="309" dir="1" index="2" bw="22" slack="0"/>
</pin_list>
<bind>
<opcode="add(8) " fcode="add"/>
<opset="add_ln78_1/2 "/>
</bind>
</comp>

<comp id="312" class="1004" name="zext_ln80_fu_312">
<pin_list>
<pin id="313" dir="0" index="0" bw="16" slack="0"/>
<pin id="314" dir="1" index="1" bw="22" slack="0"/>
</pin_list>
<bind>
<opcode="zext(34) " fcode="zext"/>
<opset="zext_ln80/2 "/>
</bind>
</comp>

<comp id="316" class="1004" name="add_ln80_fu_316">
<pin_list>
<pin id="317" dir="0" index="0" bw="22" slack="0"/>
<pin id="318" dir="0" index="1" bw="16" slack="0"/>
<pin id="319" dir="1" index="2" bw="22" slack="0"/>
</pin_list>
<bind>
<opcode="add(8) " fcode="add"/>
<opset="add_ln80/2 "/>
</bind>
</comp>

<comp id="322" class="1004" name="zext_ln80_1_fu_322">
<pin_list>
<pin id="323" dir="0" index="0" bw="22" slack="0"/>
<pin id="324" dir="1" index="1" bw="64" slack="0"/>
</pin_list>
<bind>
<opcode="zext(34) " fcode="zext"/>
<opset="zext_ln80_1/2 "/>
</bind>
</comp>

<comp id="328" class="1004" name="add_ln78_fu_328">
<pin_list>
<pin id="329" dir="0" index="0" bw="16" slack="0"/>
<pin id="330" dir="0" index="1" bw="1" slack="0"/>
<pin id="331" dir="1" index="2" bw="16" slack="0"/>
</pin_list>
<bind>
<opcode="add(8) " fcode="add"/>
<opset="add_ln78/2 "/>
</bind>
</comp>

<comp id="334" class="1004" name="store_ln60_store_fu_334">
<pin_list>
<pin id="335" dir="0" index="0" bw="16" slack="0"/>
<pin id="336" dir="0" index="1" bw="16" slack="1"/>
<pin id="337" dir="1" index="2" bw="0" slack="2147483647"/>
</pin_list>
<bind>
<opcode="store(28) " fcode="store"/>
<opset="store_ln60/2 "/>
</bind>
</comp>

<comp id="339" class="1004" name="store_ln60_store_fu_339">
<pin_list>
<pin id="340" dir="0" index="0" bw="16" slack="0"/>
<pin id="341" dir="0" index="1" bw="16" slack="1"/>
<pin id="342" dir="1" index="2" bw="0" slack="2147483647"/>
</pin_list>
<bind>
<opcode="store(28) " fcode="store"/>
<opset="store_ln60/2 "/>
</bind>
</comp>

<comp id="344" class="1004" name="zext_ln83_fu_344">
<pin_list>
<pin id="345" dir="0" index="0" bw="8" slack="0"/>
<pin id="346" dir="1" index="1" bw="15" slack="0"/>
</pin_list>
<bind>
<opcode="zext(34) " fcode="zext"/>
<opset="zext_ln83/3 "/>
</bind>
</comp>

<comp id="348" class="1004" name="zext_ln83_2_fu_348">
<pin_list>
<pin id="349" dir="0" index="0" bw="8" slack="0"/>
<pin id="350" dir="1" index="1" bw="13" slack="0"/>
</pin_list>
<bind>
<opcode="zext(34) " fcode="zext"/>
<opset="zext_ln83_2/3 "/>
</bind>
</comp>

<comp id="352" class="1004" name="zext_ln83_1_fu_352">
<pin_list>
<pin id="353" dir="0" index="0" bw="8" slack="0"/>
<pin id="354" dir="1" index="1" bw="16" slack="0"/>
</pin_list>
<bind>
<opcode="zext(34) " fcode="zext"/>
<opset="zext_ln83_1/5 "/>
</bind>
</comp>

<comp id="356" class="1004" name="tmp_9_fu_356">
<pin_list>
<pin id="357" dir="0" index="0" bw="15" slack="0"/>
<pin id="358" dir="0" index="1" bw="8" slack="0"/>
<pin id="359" dir="0" index="2" bw="1" slack="0"/>
<pin id="360" dir="1" index="3" bw="15" slack="0"/>
</pin_list>
<bind>
<opcode="bitconcatenate(1004) " fcode="bitconcatenate"/>
<opset="tmp_9/5 "/>
</bind>
</comp>

<comp id="364" class="1004" name="zext_ln83_7_fu_364">
<pin_list>
<pin id="365" dir="0" index="0" bw="15" slack="0"/>
<pin id="366" dir="1" index="1" bw="16" slack="0"/>
</pin_list>
<bind>
<opcode="zext(34) " fcode="zext"/>
<opset="zext_ln83_7/5 "/>
</bind>
</comp>

<comp id="368" class="1004" name="add_ln83_4_fu_368">
<pin_list>
<pin id="369" dir="0" index="0" bw="15" slack="0"/>
<pin id="370" dir="0" index="1" bw="8" slack="0"/>
<pin id="371" dir="1" index="2" bw="16" slack="1"/>
</pin_list>
<bind>
<opcode="add(8) " fcode="add"/>
<opset="add_ln83_4/5 "/>
</bind>
</comp>

<comp id="374" class="1004" name="mul_ln84_1_fu_374">
<pin_list>
<pin id="375" dir="0" index="0" bw="8" slack="0"/>
<pin id="376" dir="0" index="1" bw="8" slack="0"/>
<pin id="377" dir="1" index="2" bw="16" slack="0"/>
</pin_list>
<bind>
<opcode="mul(12) " fcode="mul"/>
<opset="mul_ln84_1/5 "/>
</bind>
</comp>

<comp id="380" class="1004" name="mul_ln85_1_fu_380">
<pin_list>
<pin id="381" dir="0" index="0" bw="8" slack="0"/>
<pin id="382" dir="0" index="1" bw="8" slack="0"/>
<pin id="383" dir="1" index="2" bw="16" slack="0"/>
</pin_list>
<bind>
<opcode="mul(12) " fcode="mul"/>
<opset="mul_ln85_1/5 "/>
</bind>
</comp>

<comp id="386" class="1004" name="tmp_fu_386">
<pin_list>
<pin id="387" dir="0" index="0" bw="14" slack="0"/>
<pin id="388" dir="0" index="1" bw="8" slack="3"/>
<pin id="389" dir="0" index="2" bw="1" slack="0"/>
<pin id="390" dir="1" index="3" bw="14" slack="0"/>
</pin_list>
<bind>
<opcode="bitconcatenate(1004) " fcode="bitconcatenate"/>
<opset="tmp/6 "/>
</bind>
</comp>

<comp id="393" class="1004" name="zext_ln83_3_fu_393">
<pin_list>
<pin id="394" dir="0" index="0" bw="14" slack="0"/>
<pin id="395" dir="1" index="1" bw="15" slack="0"/>
</pin_list>
<bind>
<opcode="zext(34) " fcode="zext"/>
<opset="zext_ln83_3/6 "/>
</bind>
</comp>

<comp id="397" class="1004" name="tmp_8_fu_397">
<pin_list>
<pin id="398" dir="0" index="0" bw="9" slack="0"/>
<pin id="399" dir="0" index="1" bw="8" slack="3"/>
<pin id="400" dir="0" index="2" bw="1" slack="0"/>
<pin id="401" dir="1" index="3" bw="9" slack="0"/>
</pin_list>
<bind>
<opcode="bitconcatenate(1004) " fcode="bitconcatenate"/>
<opset="tmp_8/6 "/>
</bind>
</comp>

<comp id="404" class="1004" name="zext_ln83_4_fu_404">
<pin_list>
<pin id="405" dir="0" index="0" bw="9" slack="0"/>
<pin id="406" dir="1" index="1" bw="15" slack="0"/>
</pin_list>
<bind>
<opcode="zext(34) " fcode="zext"/>
<opset="zext_ln83_4/6 "/>
</bind>
</comp>

<comp id="408" class="1004" name="add_ln83_3_fu_408">
<pin_list>
<pin id="409" dir="0" index="0" bw="14" slack="0"/>
<pin id="410" dir="0" index="1" bw="9" slack="0"/>
<pin id="411" dir="1" index="2" bw="15" slack="0"/>
</pin_list>
<bind>
<opcode="add(8) " fcode="add"/>
<opset="add_ln83_3/6 "/>
</bind>
</comp>

<comp id="414" class="1004" name="zext_ln83_5_fu_414">
<pin_list>
<pin id="415" dir="0" index="0" bw="15" slack="0"/>
<pin id="416" dir="1" index="1" bw="16" slack="0"/>
</pin_list>
<bind>
<opcode="zext(34) " fcode="zext"/>
<opset="zext_ln83_5/6 "/>
</bind>
</comp>

<comp id="418" class="1004" name="add_ln83_fu_418">
<pin_list>
<pin id="419" dir="0" index="0" bw="15" slack="0"/>
<pin id="420" dir="0" index="1" bw="16" slack="1"/>
<pin id="421" dir="1" index="2" bw="16" slack="0"/>
</pin_list>
<bind>
<opcode="add(8) " fcode="add"/>
<opset="add_ln83/6 "/>
</bind>
</comp>

<comp id="423" class="1004" name="zext_ln83_6_fu_423">
<pin_list>
<pin id="424" dir="0" index="0" bw="13" slack="0"/>
<pin id="425" dir="1" index="1" bw="16" slack="0"/>
</pin_list>
<bind>
<opcode="zext(34) " fcode="zext"/>
<opset="zext_ln83_6/6 "/>
</bind>
</comp>

<comp id="426" class="1004" name="add_ln83_2_fu_426">
<pin_list>
<pin id="427" dir="0" index="0" bw="13" slack="0"/>
<pin id="428" dir="0" index="1" bw="16" slack="0"/>
<pin id="429" dir="1" index="2" bw="16" slack="0"/>
</pin_list>
<bind>
<opcode="add(8) " fcode="add"/>
<opset="add_ln83_2/6 "/>
</bind>
</comp>

<comp id="432" class="1004" name="trunc_ln_fu_432">
<pin_list>
<pin id="433" dir="0" index="0" bw="8" slack="0"/>
<pin id="434" dir="0" index="1" bw="16" slack="0"/>
<pin id="435" dir="0" index="2" bw="5" slack="0"/>
<pin id="436" dir="0" index="3" bw="5" slack="0"/>
<pin id="437" dir="1" index="4" bw="8" slack="1"/>
</pin_list>
<bind>
<opcode="partselect(1002) " fcode="partselect"/>
<opset="trunc_ln/6 "/>
</bind>
</comp>

<comp id="442" class="1004" name="p_shl8_fu_442">
<pin_list>
<pin id="443" dir="0" index="0" bw="15" slack="0"/>
<pin id="444" dir="0" index="1" bw="8" slack="3"/>
<pin id="445" dir="0" index="2" bw="1" slack="0"/>
<pin id="446" dir="1" index="3" bw="15" slack="0"/>
</pin_list>
<bind>
<opcode="bitconcatenate(1004) " fcode="bitconcatenate"/>
<opset="p_shl8/6 "/>
</bind>
</comp>

<comp id="449" class="1004" name="tmp_10_fu_449">
<pin_list>
<pin id="450" dir="0" index="0" bw="12" slack="0"/>
<pin id="451" dir="0" index="1" bw="8" slack="3"/>
<pin id="452" dir="0" index="2" bw="1" slack="0"/>
<pin id="453" dir="1" index="3" bw="12" slack="0"/>
</pin_list>
<bind>
<opcode="bitconcatenate(1004) " fcode="bitconcatenate"/>
<opset="tmp_10/6 "/>
</bind>
</comp>

<comp id="456" class="1004" name="zext_ln84_1_fu_456">
<pin_list>
<pin id="457" dir="0" index="0" bw="12" slack="0"/>
<pin id="458" dir="1" index="1" bw="15" slack="0"/>
</pin_list>
<bind>
<opcode="zext(34) " fcode="zext"/>
<opset="zext_ln84_1/6 "/>
</bind>
</comp>

<comp id="460" class="1004" name="sub_ln84_fu_460">
<pin_list>
<pin id="461" dir="0" index="0" bw="15" slack="0"/>
<pin id="462" dir="0" index="1" bw="12" slack="0"/>
<pin id="463" dir="1" index="2" bw="15" slack="0"/>
</pin_list>
<bind>
<opcode="sub(10) " fcode="sub"/>
<opset="sub_ln84/6 "/>
</bind>
</comp>

<comp id="466" class="1004" name="add_ln84_1_fu_466">
<pin_list>
<pin id="467" dir="0" index="0" bw="15" slack="0"/>
<pin id="468" dir="0" index="1" bw="9" slack="0"/>
<pin id="469" dir="1" index="2" bw="15" slack="0"/>
</pin_list>
<bind>
<opcode="add(8) " fcode="add"/>
<opset="add_ln84_1/6 "/>
</bind>
</comp>

<comp id="472" class="1004" name="zext_ln84_fu_472">
<pin_list>
<pin id="473" dir="0" index="0" bw="15" slack="0"/>
<pin id="474" dir="1" index="1" bw="16" slack="0"/>
</pin_list>
<bind>
<opcode="zext(34) " fcode="zext"/>
<opset="zext_ln84/6 "/>
</bind>
</comp>

<comp id="476" class="1004" name="add_ln84_2_fu_476">
<pin_list>
<pin id="477" dir="0" index="0" bw="15" slack="0"/>
<pin id="478" dir="0" index="1" bw="16" slack="0"/>
<pin id="479" dir="1" index="2" bw="16" slack="0"/>
</pin_list>
<bind>
<opcode="add(8) " fcode="add"/>
<opset="add_ln84_2/6 "/>
</bind>
</comp>

<comp id="481" class="1004" name="bit_sel1_fu_481">
<pin_list>
<pin id="482" dir="0" index="0" bw="1" slack="0"/>
<pin id="483" dir="0" index="1" bw="16" slack="0"/>
<pin id="484" dir="0" index="2" bw="5" slack="0"/>
<pin id="485" dir="1" index="3" bw="1" slack="1"/>
</pin_list>
<bind>
<opcode="bitselect(1000) " fcode="bitselect"/>
<opset="bit_sel1/6 "/>
</bind>
</comp>

<comp id="489" class="1004" name="part_sel3_fu_489">
<pin_list>
<pin id="490" dir="0" index="0" bw="7" slack="0"/>
<pin id="491" dir="0" index="1" bw="16" slack="0"/>
<pin id="492" dir="0" index="2" bw="5" slack="0"/>
<pin id="493" dir="0" index="3" bw="5" slack="0"/>
<pin id="494" dir="1" index="4" bw="7" slack="1"/>
</pin_list>
<bind>
<opcode="partselect(1002) " fcode="partselect"/>
<opset="part_sel3/6 "/>
</bind>
</comp>

<comp id="499" class="1004" name="zext_ln85_1_fu_499">
<pin_list>
<pin id="500" dir="0" index="0" bw="12" slack="0"/>
<pin id="501" dir="1" index="1" bw="14" slack="0"/>
</pin_list>
<bind>
<opcode="zext(34) " fcode="zext"/>
<opset="zext_ln85_1/6 "/>
</bind>
</comp>

<comp id="503" class="1004" name="sub_ln85_fu_503">
<pin_list>
<pin id="504" dir="0" index="0" bw="1" slack="0"/>
<pin id="505" dir="0" index="1" bw="12" slack="0"/>
<pin id="506" dir="1" index="2" bw="14" slack="0"/>
</pin_list>
<bind>
<opcode="sub(10) " fcode="sub"/>
<opset="sub_ln85/6 "/>
</bind>
</comp>

<comp id="509" class="1004" name="tmp_11_fu_509">
<pin_list>
<pin id="510" dir="0" index="0" bw="9" slack="0"/>
<pin id="511" dir="0" index="1" bw="8" slack="3"/>
<pin id="512" dir="0" index="2" bw="1" slack="0"/>
<pin id="513" dir="1" index="3" bw="9" slack="0"/>
</pin_list>
<bind>
<opcode="bitconcatenate(1004) " fcode="bitconcatenate"/>
<opset="tmp_11/6 "/>
</bind>
</comp>

<comp id="516" class="1004" name="zext_ln85_2_fu_516">
<pin_list>
<pin id="517" dir="0" index="0" bw="9" slack="0"/>
<pin id="518" dir="1" index="1" bw="14" slack="0"/>
</pin_list>
<bind>
<opcode="zext(34) " fcode="zext"/>
<opset="zext_ln85_2/6 "/>
</bind>
</comp>

<comp id="520" class="1004" name="sub_ln85_1_fu_520">
<pin_list>
<pin id="521" dir="0" index="0" bw="13" slack="0"/>
<pin id="522" dir="0" index="1" bw="9" slack="0"/>
<pin id="523" dir="1" index="2" bw="14" slack="0"/>
</pin_list>
<bind>
<opcode="sub(10) " fcode="sub"/>
<opset="sub_ln85_1/6 "/>
</bind>
</comp>

<comp id="526" class="1004" name="add_ln85_1_fu_526">
<pin_list>
<pin id="527" dir="0" index="0" bw="14" slack="0"/>
<pin id="528" dir="0" index="1" bw="9" slack="0"/>
<pin id="529" dir="1" index="2" bw="14" slack="0"/>
</pin_list>
<bind>
<opcode="add(8) " fcode="add"/>
<opset="add_ln85_1/6 "/>
</bind>
</comp>

<comp id="532" class="1004" name="sext_ln85_fu_532">
<pin_list>
<pin id="533" dir="0" index="0" bw="14" slack="0"/>
<pin id="534" dir="1" index="1" bw="16" slack="0"/>
</pin_list>
<bind>
<opcode="sext(35) " fcode="sext"/>
<opset="sext_ln85/6 "/>
</bind>
</comp>

<comp id="536" class="1004" name="add_ln85_2_fu_536">
<pin_list>
<pin id="537" dir="0" index="0" bw="14" slack="0"/>
<pin id="538" dir="0" index="1" bw="16" slack="0"/>
<pin id="539" dir="1" index="2" bw="16" slack="0"/>
</pin_list>
<bind>
<opcode="add(8) " fcode="add"/>
<opset="add_ln85_2/6 "/>
</bind>
</comp>

<comp id="541" class="1004" name="bit_sel_fu_541">
<pin_list>
<pin id="542" dir="0" index="0" bw="1" slack="0"/>
<pin id="543" dir="0" index="1" bw="16" slack="0"/>
<pin id="544" dir="0" index="2" bw="5" slack="0"/>
<pin id="545" dir="1" index="3" bw="1" slack="1"/>
</pin_list>
<bind>
<opcode="bitselect(1000) " fcode="bitselect"/>
<opset="bit_sel/6 "/>
</bind>
</comp>

<comp id="549" class="1004" name="part_sel_fu_549">
<pin_list>
<pin id="550" dir="0" index="0" bw="7" slack="0"/>
<pin id="551" dir="0" index="1" bw="16" slack="0"/>
<pin id="552" dir="0" index="2" bw="5" slack="0"/>
<pin id="553" dir="0" index="3" bw="5" slack="0"/>
<pin id="554" dir="1" index="4" bw="7" slack="1"/>
</pin_list>
<bind>
<opcode="partselect(1002) " fcode="partselect"/>
<opset="part_sel/6 "/>
</bind>
</comp>

<comp id="559" class="1004" name="Y_fu_559">
<pin_list>
<pin id="560" dir="0" index="0" bw="8" slack="1"/>
<pin id="561" dir="0" index="1" bw="6" slack="0"/>
<pin id="562" dir="1" index="2" bw="8" slack="0"/>
</pin_list>
<bind>
<opcode="add(8) " fcode="add"/>
<opset="Y/7 "/>
</bind>
</comp>

<comp id="565" class="1004" name="xor_ln84_fu_565">
<pin_list>
<pin id="566" dir="0" index="0" bw="1" slack="1"/>
<pin id="567" dir="0" index="1" bw="1" slack="0"/>
<pin id="568" dir="1" index="2" bw="1" slack="0"/>
</pin_list>
<bind>
<opcode="xor(25) " fcode="xor"/>
<opset="xor_ln84/7 "/>
</bind>
</comp>

<comp id="570" class="1004" name="U_fu_570">
<pin_list>
<pin id="571" dir="0" index="0" bw="8" slack="0"/>
<pin id="572" dir="0" index="1" bw="1" slack="0"/>
<pin id="573" dir="0" index="2" bw="7" slack="1"/>
<pin id="574" dir="1" index="3" bw="8" slack="0"/>
</pin_list>
<bind>
<opcode="bitconcatenate(1004) " fcode="bitconcatenate"/>
<opset="U/7 "/>
</bind>
</comp>

<comp id="578" class="1004" name="xor_ln85_fu_578">
<pin_list>
<pin id="579" dir="0" index="0" bw="1" slack="1"/>
<pin id="580" dir="0" index="1" bw="1" slack="0"/>
<pin id="581" dir="1" index="2" bw="1" slack="0"/>
</pin_list>
<bind>
<opcode="xor(25) " fcode="xor"/>
<opset="xor_ln85/7 "/>
</bind>
</comp>

<comp id="583" class="1004" name="V_fu_583">
<pin_list>
<pin id="584" dir="0" index="0" bw="8" slack="0"/>
<pin id="585" dir="0" index="1" bw="1" slack="0"/>
<pin id="586" dir="0" index="2" bw="7" slack="1"/>
<pin id="587" dir="1" index="3" bw="8" slack="0"/>
</pin_list>
<bind>
<opcode="bitconcatenate(1004) " fcode="bitconcatenate"/>
<opset="V/7 "/>
</bind>
</comp>

<comp id="591" class="1007" name="grp_fu_591">
<pin_list>
<pin id="592" dir="0" index="0" bw="8" slack="0"/>
<pin id="593" dir="0" index="1" bw="5" slack="0"/>
<pin id="594" dir="0" index="2" bw="8" slack="0"/>
<pin id="595" dir="1" index="3" bw="13" slack="0"/>
</pin_list>
<bind>
<opcode="muladd(1172) " fcode="muladd"/>
<opset="mul_ln83/3 add_ln83_1/5 "/>
</bind>
</comp>

<comp id="600" class="1007" name="grp_fu_600">
<pin_list>
<pin id="601" dir="0" index="0" bw="8" slack="0"/>
<pin id="602" dir="0" index="1" bw="7" slack="0"/>
<pin id="603" dir="0" index="2" bw="16" slack="0"/>
<pin id="604" dir="1" index="3" bw="16" slack="0"/>
</pin_list>
<bind>
<opcode="muladd(1172) " fcode="muladd"/>
<opset="mul_ln84/3 sext_ln84/5 add_ln84/5 "/>
</bind>
</comp>

<comp id="609" class="1007" name="grp_fu_609">
<pin_list>
<pin id="610" dir="0" index="0" bw="8" slack="0"/>
<pin id="611" dir="0" index="1" bw="7" slack="0"/>
<pin id="612" dir="0" index="2" bw="16" slack="0"/>
<pin id="613" dir="1" index="3" bw="16" slack="0"/>
</pin_list>
<bind>
<opcode="muladd(1172) " fcode="muladd"/>
<opset="mul_ln85/3 zext_ln85/5 add_ln85/5 "/>
</bind>
</comp>

<comp id="618" class="1005" name="y_reg_618">
<pin_list>
<pin id="619" dir="0" index="0" bw="16" slack="0"/>
<pin id="620" dir="1" index="1" bw="16" slack="0"/>
</pin_list>
<bind>
<opset="y "/>
</bind>
</comp>

<comp id="625" class="1005" name="x_reg_625">
<pin_list>
<pin id="626" dir="0" index="0" bw="16" slack="0"/>
<pin id="627" dir="1" index="1" bw="16" slack="0"/>
</pin_list>
<bind>
<opset="x "/>
</bind>
</comp>

<comp id="632" class="1005" name="indvar_flatten_reg_632">
<pin_list>
<pin id="633" dir="0" index="0" bw="32" slack="0"/>
<pin id="634" dir="1" index="1" bw="32" slack="0"/>
</pin_list>
<bind>
<opset="indvar_flatten "/>
</bind>
</comp>

<comp id="639" class="1005" name="height_read_reg_639">
<pin_list>
<pin id="640" dir="0" index="0" bw="16" slack="1"/>
<pin id="641" dir="1" index="1" bw="16" slack="1"/>
</pin_list>
<bind>
<opset="height_read "/>
</bind>
</comp>

<comp id="644" class="1005" name="icmp_ln75_reg_644">
<pin_list>
<pin id="645" dir="0" index="0" bw="1" slack="5"/>
<pin id="646" dir="1" index="1" bw="1" slack="2147483647"/>
</pin_list>
<bind>
<opset="icmp_ln75 "/>
</bind>
</comp>

<comp id="648" class="1005" name="zext_ln80_1_reg_648">
<pin_list>
<pin id="649" dir="0" index="0" bw="64" slack="2"/>
<pin id="650" dir="1" index="1" bw="64" slack="2"/>
</pin_list>
<bind>
<opset="zext_ln80_1 "/>
</bind>
</comp>

<comp id="656" class="1005" name="in_channels_ch1_addr_reg_656">
<pin_list>
<pin id="657" dir="0" index="0" bw="22" slack="1"/>
<pin id="658" dir="1" index="1" bw="22" slack="1"/>
</pin_list>
<bind>
<opset="in_channels_ch1_addr "/>
</bind>
</comp>

<comp id="661" class="1005" name="in_channels_ch3_addr_reg_661">
<pin_list>
<pin id="662" dir="0" index="0" bw="22" slack="1"/>
<pin id="663" dir="1" index="1" bw="22" slack="1"/>
</pin_list>
<bind>
<opset="in_channels_ch3_addr "/>
</bind>
</comp>

<comp id="666" class="1005" name="R_reg_666">
<pin_list>
<pin id="667" dir="0" index="0" bw="8" slack="3"/>
<pin id="668" dir="1" index="1" bw="8" slack="3"/>
</pin_list>
<bind>
<opset="R "/>
</bind>
</comp>

<comp id="672" class="1005" name="B_reg_672">
<pin_list>
<pin id="673" dir="0" index="0" bw="8" slack="3"/>
<pin id="674" dir="1" index="1" bw="8" slack="3"/>
</pin_list>
<bind>
<opset="B "/>
</bind>
</comp>

<comp id="679" class="1005" name="zext_ln83_reg_679">
<pin_list>
<pin id="680" dir="0" index="0" bw="15" slack="1"/>
<pin id="681" dir="1" index="1" bw="15" slack="1"/>
</pin_list>
<bind>
<opset="zext_ln83 "/>
</bind>
</comp>

<comp id="685" class="1005" name="zext_ln83_2_reg_685">
<pin_list>
<pin id="686" dir="0" index="0" bw="13" slack="1"/>
<pin id="687" dir="1" index="1" bw="13" slack="1"/>
</pin_list>
<bind>
<opset="zext_ln83_2 "/>
</bind>
</comp>

<comp id="690" class="1005" name="in_channels_ch2_addr_reg_690">
<pin_list>
<pin id="691" dir="0" index="0" bw="22" slack="1"/>
<pin id="692" dir="1" index="1" bw="22" slack="1"/>
</pin_list>
<bind>
<opset="in_channels_ch2_addr "/>
</bind>
</comp>

<comp id="695" class="1005" name="add_ln83_4_reg_695">
<pin_list>
<pin id="696" dir="0" index="0" bw="16" slack="1"/>
<pin id="697" dir="1" index="1" bw="16" slack="1"/>
</pin_list>
<bind>
<opset="add_ln83_4 "/>
</bind>
</comp>

<comp id="700" class="1005" name="mul_ln84_1_reg_700">
<pin_list>
<pin id="701" dir="0" index="0" bw="16" slack="1"/>
<pin id="702" dir="1" index="1" bw="16" slack="1"/>
</pin_list>
<bind>
<opset="mul_ln84_1 "/>
</bind>
</comp>

<comp id="705" class="1005" name="mul_ln85_1_reg_705">
<pin_list>
<pin id="706" dir="0" index="0" bw="16" slack="1"/>
<pin id="707" dir="1" index="1" bw="16" slack="1"/>
</pin_list>
<bind>
<opset="mul_ln85_1 "/>
</bind>
</comp>

<comp id="710" class="1005" name="trunc_ln_reg_710">
<pin_list>
<pin id="711" dir="0" index="0" bw="8" slack="1"/>
<pin id="712" dir="1" index="1" bw="8" slack="1"/>
</pin_list>
<bind>
<opset="trunc_ln "/>
</bind>
</comp>

<comp id="715" class="1005" name="bit_sel1_reg_715">
<pin_list>
<pin id="716" dir="0" index="0" bw="1" slack="1"/>
<pin id="717" dir="1" index="1" bw="1" slack="1"/>
</pin_list>
<bind>
<opset="bit_sel1 "/>
</bind>
</comp>

<comp id="720" class="1005" name="part_sel3_reg_720">
<pin_list>
<pin id="721" dir="0" index="0" bw="7" slack="1"/>
<pin id="722" dir="1" index="1" bw="7" slack="1"/>
</pin_list>
<bind>
<opset="part_sel3 "/>
</bind>
</comp>

<comp id="725" class="1005" name="bit_sel_reg_725">
<pin_list>
<pin id="726" dir="0" index="0" bw="1" slack="1"/>
<pin id="727" dir="1" index="1" bw="1" slack="1"/>
</pin_list>
<bind>
<opset="bit_sel "/>
</bind>
</comp>

<comp id="730" class="1005" name="part_sel_reg_730">
<pin_list>
<pin id="731" dir="0" index="0" bw="7" slack="1"/>
<pin id="732" dir="1" index="1" bw="7" slack="1"/>
</pin_list>
<bind>
<opset="part_sel "/>
</bind>
</comp>

</comp_list>

<net_list>
<net id="115"><net_src comp="16" pin="0"/><net_sink comp="112" pin=0"/></net>

<net id="119"><net_src comp="16" pin="0"/><net_sink comp="116" pin=0"/></net>

<net id="123"><net_src comp="16" pin="0"/><net_sink comp="120" pin=0"/></net>

<net id="128"><net_src comp="28" pin="0"/><net_sink comp="124" pin=0"/></net>

<net id="129"><net_src comp="2" pin="0"/><net_sink comp="124" pin=1"/></net>

<net id="134"><net_src comp="30" pin="0"/><net_sink comp="130" pin=0"/></net>

<net id="135"><net_src comp="0" pin="0"/><net_sink comp="130" pin=1"/></net>

<net id="141"><net_src comp="4" pin="0"/><net_sink comp="136" pin=0"/></net>

<net id="142"><net_src comp="44" pin="0"/><net_sink comp="136" pin=1"/></net>

<net id="148"><net_src comp="8" pin="0"/><net_sink comp="143" pin=0"/></net>

<net id="149"><net_src comp="44" pin="0"/><net_sink comp="143" pin=1"/></net>

<net id="155"><net_src comp="136" pin="3"/><net_sink comp="150" pin=0"/></net>

<net id="161"><net_src comp="143" pin="3"/><net_sink comp="156" pin=0"/></net>

<net id="167"><net_src comp="6" pin="0"/><net_sink comp="162" pin=0"/></net>

<net id="168"><net_src comp="44" pin="0"/><net_sink comp="162" pin=1"/></net>

<net id="174"><net_src comp="162" pin="3"/><net_sink comp="169" pin=0"/></net>

<net id="180"><net_src comp="10" pin="0"/><net_sink comp="175" pin=0"/></net>

<net id="181"><net_src comp="44" pin="0"/><net_sink comp="175" pin=1"/></net>

<net id="187"><net_src comp="12" pin="0"/><net_sink comp="182" pin=0"/></net>

<net id="188"><net_src comp="44" pin="0"/><net_sink comp="182" pin=1"/></net>

<net id="194"><net_src comp="14" pin="0"/><net_sink comp="189" pin=0"/></net>

<net id="195"><net_src comp="44" pin="0"/><net_sink comp="189" pin=1"/></net>

<net id="201"><net_src comp="175" pin="3"/><net_sink comp="196" pin=0"/></net>

<net id="207"><net_src comp="182" pin="3"/><net_sink comp="202" pin=0"/></net>

<net id="213"><net_src comp="189" pin="3"/><net_sink comp="208" pin=0"/></net>

<net id="218"><net_src comp="22" pin="0"/><net_sink comp="214" pin=0"/></net>

<net id="223"><net_src comp="32" pin="0"/><net_sink comp="219" pin=0"/></net>

<net id="228"><net_src comp="32" pin="0"/><net_sink comp="224" pin=0"/></net>

<net id="236"><net_src comp="229" pin="1"/><net_sink comp="232" pin=0"/></net>

<net id="237"><net_src comp="130" pin="2"/><net_sink comp="232" pin=1"/></net>

<net id="242"><net_src comp="229" pin="1"/><net_sink comp="238" pin=0"/></net>

<net id="243"><net_src comp="16" pin="0"/><net_sink comp="238" pin=1"/></net>

<net id="248"><net_src comp="238" pin="2"/><net_sink comp="244" pin=0"/></net>

<net id="259"><net_src comp="252" pin="1"/><net_sink comp="255" pin=0"/></net>

<net id="260"><net_src comp="34" pin="0"/><net_sink comp="255" pin=1"/></net>

<net id="265"><net_src comp="249" pin="1"/><net_sink comp="261" pin=0"/></net>

<net id="271"><net_src comp="261" pin="2"/><net_sink comp="266" pin=0"/></net>

<net id="272"><net_src comp="32" pin="0"/><net_sink comp="266" pin=1"/></net>

<net id="273"><net_src comp="249" pin="1"/><net_sink comp="266" pin=2"/></net>

<net id="279"><net_src comp="261" pin="2"/><net_sink comp="274" pin=0"/></net>

<net id="280"><net_src comp="255" pin="2"/><net_sink comp="274" pin=1"/></net>

<net id="281"><net_src comp="252" pin="1"/><net_sink comp="274" pin=2"/></net>

<net id="285"><net_src comp="274" pin="3"/><net_sink comp="282" pin=0"/></net>

<net id="291"><net_src comp="36" pin="0"/><net_sink comp="286" pin=0"/></net>

<net id="292"><net_src comp="282" pin="1"/><net_sink comp="286" pin=1"/></net>

<net id="293"><net_src comp="38" pin="0"/><net_sink comp="286" pin=2"/></net>

<net id="297"><net_src comp="274" pin="3"/><net_sink comp="294" pin=0"/></net>

<net id="303"><net_src comp="40" pin="0"/><net_sink comp="298" pin=0"/></net>

<net id="304"><net_src comp="294" pin="1"/><net_sink comp="298" pin=1"/></net>

<net id="305"><net_src comp="42" pin="0"/><net_sink comp="298" pin=2"/></net>

<net id="310"><net_src comp="286" pin="3"/><net_sink comp="306" pin=0"/></net>

<net id="311"><net_src comp="298" pin="3"/><net_sink comp="306" pin=1"/></net>

<net id="315"><net_src comp="266" pin="3"/><net_sink comp="312" pin=0"/></net>

<net id="320"><net_src comp="306" pin="2"/><net_sink comp="316" pin=0"/></net>

<net id="321"><net_src comp="312" pin="1"/><net_sink comp="316" pin=1"/></net>

<net id="325"><net_src comp="316" pin="2"/><net_sink comp="322" pin=0"/></net>

<net id="326"><net_src comp="322" pin="1"/><net_sink comp="136" pin=2"/></net>

<net id="327"><net_src comp="322" pin="1"/><net_sink comp="143" pin=2"/></net>

<net id="332"><net_src comp="266" pin="3"/><net_sink comp="328" pin=0"/></net>

<net id="333"><net_src comp="34" pin="0"/><net_sink comp="328" pin=1"/></net>

<net id="338"><net_src comp="274" pin="3"/><net_sink comp="334" pin=0"/></net>

<net id="343"><net_src comp="328" pin="2"/><net_sink comp="339" pin=0"/></net>

<net id="347"><net_src comp="150" pin="3"/><net_sink comp="344" pin=0"/></net>

<net id="351"><net_src comp="156" pin="3"/><net_sink comp="348" pin=0"/></net>

<net id="355"><net_src comp="169" pin="3"/><net_sink comp="352" pin=0"/></net>

<net id="361"><net_src comp="52" pin="0"/><net_sink comp="356" pin=0"/></net>

<net id="362"><net_src comp="169" pin="3"/><net_sink comp="356" pin=1"/></net>

<net id="363"><net_src comp="54" pin="0"/><net_sink comp="356" pin=2"/></net>

<net id="367"><net_src comp="356" pin="3"/><net_sink comp="364" pin=0"/></net>

<net id="372"><net_src comp="364" pin="1"/><net_sink comp="368" pin=0"/></net>

<net id="373"><net_src comp="352" pin="1"/><net_sink comp="368" pin=1"/></net>

<net id="378"><net_src comp="352" pin="1"/><net_sink comp="374" pin=0"/></net>

<net id="379"><net_src comp="58" pin="0"/><net_sink comp="374" pin=1"/></net>

<net id="384"><net_src comp="352" pin="1"/><net_sink comp="380" pin=0"/></net>

<net id="385"><net_src comp="60" pin="0"/><net_sink comp="380" pin=1"/></net>

<net id="391"><net_src comp="62" pin="0"/><net_sink comp="386" pin=0"/></net>

<net id="392"><net_src comp="64" pin="0"/><net_sink comp="386" pin=2"/></net>

<net id="396"><net_src comp="386" pin="3"/><net_sink comp="393" pin=0"/></net>

<net id="402"><net_src comp="66" pin="0"/><net_sink comp="397" pin=0"/></net>

<net id="403"><net_src comp="68" pin="0"/><net_sink comp="397" pin=2"/></net>

<net id="407"><net_src comp="397" pin="3"/><net_sink comp="404" pin=0"/></net>

<net id="412"><net_src comp="393" pin="1"/><net_sink comp="408" pin=0"/></net>

<net id="413"><net_src comp="404" pin="1"/><net_sink comp="408" pin=1"/></net>

<net id="417"><net_src comp="408" pin="2"/><net_sink comp="414" pin=0"/></net>

<net id="422"><net_src comp="414" pin="1"/><net_sink comp="418" pin=0"/></net>

<net id="430"><net_src comp="423" pin="1"/><net_sink comp="426" pin=0"/></net>

<net id="431"><net_src comp="418" pin="2"/><net_sink comp="426" pin=1"/></net>

<net id="438"><net_src comp="70" pin="0"/><net_sink comp="432" pin=0"/></net>

<net id="439"><net_src comp="426" pin="2"/><net_sink comp="432" pin=1"/></net>

<net id="440"><net_src comp="72" pin="0"/><net_sink comp="432" pin=2"/></net>

<net id="441"><net_src comp="74" pin="0"/><net_sink comp="432" pin=3"/></net>

<net id="447"><net_src comp="52" pin="0"/><net_sink comp="442" pin=0"/></net>

<net id="448"><net_src comp="54" pin="0"/><net_sink comp="442" pin=2"/></net>

<net id="454"><net_src comp="76" pin="0"/><net_sink comp="449" pin=0"/></net>

<net id="455"><net_src comp="78" pin="0"/><net_sink comp="449" pin=2"/></net>

<net id="459"><net_src comp="449" pin="3"/><net_sink comp="456" pin=0"/></net>

<net id="464"><net_src comp="442" pin="3"/><net_sink comp="460" pin=0"/></net>

<net id="465"><net_src comp="456" pin="1"/><net_sink comp="460" pin=1"/></net>

<net id="470"><net_src comp="460" pin="2"/><net_sink comp="466" pin=0"/></net>

<net id="471"><net_src comp="80" pin="0"/><net_sink comp="466" pin=1"/></net>

<net id="475"><net_src comp="466" pin="2"/><net_sink comp="472" pin=0"/></net>

<net id="480"><net_src comp="472" pin="1"/><net_sink comp="476" pin=0"/></net>

<net id="486"><net_src comp="82" pin="0"/><net_sink comp="481" pin=0"/></net>

<net id="487"><net_src comp="476" pin="2"/><net_sink comp="481" pin=1"/></net>

<net id="488"><net_src comp="74" pin="0"/><net_sink comp="481" pin=2"/></net>

<net id="495"><net_src comp="84" pin="0"/><net_sink comp="489" pin=0"/></net>

<net id="496"><net_src comp="476" pin="2"/><net_sink comp="489" pin=1"/></net>

<net id="497"><net_src comp="72" pin="0"/><net_sink comp="489" pin=2"/></net>

<net id="498"><net_src comp="86" pin="0"/><net_sink comp="489" pin=3"/></net>

<net id="502"><net_src comp="449" pin="3"/><net_sink comp="499" pin=0"/></net>

<net id="507"><net_src comp="88" pin="0"/><net_sink comp="503" pin=0"/></net>

<net id="508"><net_src comp="499" pin="1"/><net_sink comp="503" pin=1"/></net>

<net id="514"><net_src comp="66" pin="0"/><net_sink comp="509" pin=0"/></net>

<net id="515"><net_src comp="68" pin="0"/><net_sink comp="509" pin=2"/></net>

<net id="519"><net_src comp="509" pin="3"/><net_sink comp="516" pin=0"/></net>

<net id="524"><net_src comp="503" pin="2"/><net_sink comp="520" pin=0"/></net>

<net id="525"><net_src comp="516" pin="1"/><net_sink comp="520" pin=1"/></net>

<net id="530"><net_src comp="520" pin="2"/><net_sink comp="526" pin=0"/></net>

<net id="531"><net_src comp="90" pin="0"/><net_sink comp="526" pin=1"/></net>

<net id="535"><net_src comp="526" pin="2"/><net_sink comp="532" pin=0"/></net>

<net id="540"><net_src comp="532" pin="1"/><net_sink comp="536" pin=0"/></net>

<net id="546"><net_src comp="82" pin="0"/><net_sink comp="541" pin=0"/></net>

<net id="547"><net_src comp="536" pin="2"/><net_sink comp="541" pin=1"/></net>

<net id="548"><net_src comp="74" pin="0"/><net_sink comp="541" pin=2"/></net>

<net id="555"><net_src comp="84" pin="0"/><net_sink comp="549" pin=0"/></net>

<net id="556"><net_src comp="536" pin="2"/><net_sink comp="549" pin=1"/></net>

<net id="557"><net_src comp="72" pin="0"/><net_sink comp="549" pin=2"/></net>

<net id="558"><net_src comp="86" pin="0"/><net_sink comp="549" pin=3"/></net>

<net id="563"><net_src comp="106" pin="0"/><net_sink comp="559" pin=1"/></net>

<net id="564"><net_src comp="559" pin="2"/><net_sink comp="196" pin=1"/></net>

<net id="569"><net_src comp="108" pin="0"/><net_sink comp="565" pin=1"/></net>

<net id="575"><net_src comp="110" pin="0"/><net_sink comp="570" pin=0"/></net>

<net id="576"><net_src comp="565" pin="2"/><net_sink comp="570" pin=1"/></net>

<net id="577"><net_src comp="570" pin="3"/><net_sink comp="202" pin=1"/></net>

<net id="582"><net_src comp="108" pin="0"/><net_sink comp="578" pin=1"/></net>

<net id="588"><net_src comp="110" pin="0"/><net_sink comp="583" pin=0"/></net>

<net id="589"><net_src comp="578" pin="2"/><net_sink comp="583" pin=1"/></net>

<net id="590"><net_src comp="583" pin="3"/><net_sink comp="208" pin=1"/></net>

<net id="596"><net_src comp="348" pin="1"/><net_sink comp="591" pin=0"/></net>

<net id="597"><net_src comp="46" pin="0"/><net_sink comp="591" pin=1"/></net>

<net id="598"><net_src comp="56" pin="0"/><net_sink comp="591" pin=2"/></net>

<net id="599"><net_src comp="591" pin="3"/><net_sink comp="423" pin=0"/></net>

<net id="605"><net_src comp="344" pin="1"/><net_sink comp="600" pin=0"/></net>

<net id="606"><net_src comp="48" pin="0"/><net_sink comp="600" pin=1"/></net>

<net id="607"><net_src comp="374" pin="2"/><net_sink comp="600" pin=2"/></net>

<net id="608"><net_src comp="600" pin="3"/><net_sink comp="476" pin=1"/></net>

<net id="614"><net_src comp="344" pin="1"/><net_sink comp="609" pin=0"/></net>

<net id="615"><net_src comp="50" pin="0"/><net_sink comp="609" pin=1"/></net>

<net id="616"><net_src comp="380" pin="2"/><net_sink comp="609" pin=2"/></net>

<net id="617"><net_src comp="609" pin="3"/><net_sink comp="536" pin=1"/></net>

<net id="621"><net_src comp="112" pin="1"/><net_sink comp="618" pin=0"/></net>

<net id="622"><net_src comp="618" pin="1"/><net_sink comp="224" pin=1"/></net>

<net id="623"><net_src comp="618" pin="1"/><net_sink comp="249" pin=0"/></net>

<net id="624"><net_src comp="618" pin="1"/><net_sink comp="339" pin=1"/></net>

<net id="628"><net_src comp="116" pin="1"/><net_sink comp="625" pin=0"/></net>

<net id="629"><net_src comp="625" pin="1"/><net_sink comp="219" pin=1"/></net>

<net id="630"><net_src comp="625" pin="1"/><net_sink comp="252" pin=0"/></net>

<net id="631"><net_src comp="625" pin="1"/><net_sink comp="334" pin=1"/></net>

<net id="635"><net_src comp="120" pin="1"/><net_sink comp="632" pin=0"/></net>

<net id="636"><net_src comp="632" pin="1"/><net_sink comp="214" pin=1"/></net>

<net id="637"><net_src comp="632" pin="1"/><net_sink comp="229" pin=0"/></net>

<net id="638"><net_src comp="632" pin="1"/><net_sink comp="244" pin=1"/></net>

<net id="642"><net_src comp="124" pin="2"/><net_sink comp="639" pin=0"/></net>

<net id="643"><net_src comp="639" pin="1"/><net_sink comp="261" pin=1"/></net>

<net id="647"><net_src comp="232" pin="2"/><net_sink comp="644" pin=0"/></net>

<net id="651"><net_src comp="322" pin="1"/><net_sink comp="648" pin=0"/></net>

<net id="652"><net_src comp="648" pin="1"/><net_sink comp="162" pin=2"/></net>

<net id="653"><net_src comp="648" pin="1"/><net_sink comp="175" pin=2"/></net>

<net id="654"><net_src comp="648" pin="1"/><net_sink comp="182" pin=2"/></net>

<net id="655"><net_src comp="648" pin="1"/><net_sink comp="189" pin=2"/></net>

<net id="659"><net_src comp="136" pin="3"/><net_sink comp="656" pin=0"/></net>

<net id="660"><net_src comp="656" pin="1"/><net_sink comp="150" pin=0"/></net>

<net id="664"><net_src comp="143" pin="3"/><net_sink comp="661" pin=0"/></net>

<net id="665"><net_src comp="661" pin="1"/><net_sink comp="156" pin=0"/></net>

<net id="669"><net_src comp="150" pin="3"/><net_sink comp="666" pin=0"/></net>

<net id="670"><net_src comp="666" pin="1"/><net_sink comp="386" pin=1"/></net>

<net id="671"><net_src comp="666" pin="1"/><net_sink comp="397" pin=1"/></net>

<net id="675"><net_src comp="156" pin="3"/><net_sink comp="672" pin=0"/></net>

<net id="676"><net_src comp="672" pin="1"/><net_sink comp="442" pin=1"/></net>

<net id="677"><net_src comp="672" pin="1"/><net_sink comp="449" pin=1"/></net>

<net id="678"><net_src comp="672" pin="1"/><net_sink comp="509" pin=1"/></net>

<net id="682"><net_src comp="344" pin="1"/><net_sink comp="679" pin=0"/></net>

<net id="683"><net_src comp="679" pin="1"/><net_sink comp="600" pin=0"/></net>

<net id="684"><net_src comp="679" pin="1"/><net_sink comp="609" pin=0"/></net>

<net id="688"><net_src comp="348" pin="1"/><net_sink comp="685" pin=0"/></net>

<net id="689"><net_src comp="685" pin="1"/><net_sink comp="591" pin=0"/></net>

<net id="693"><net_src comp="162" pin="3"/><net_sink comp="690" pin=0"/></net>

<net id="694"><net_src comp="690" pin="1"/><net_sink comp="169" pin=0"/></net>

<net id="698"><net_src comp="368" pin="2"/><net_sink comp="695" pin=0"/></net>

<net id="699"><net_src comp="695" pin="1"/><net_sink comp="418" pin=1"/></net>

<net id="703"><net_src comp="374" pin="2"/><net_sink comp="700" pin=0"/></net>

<net id="704"><net_src comp="700" pin="1"/><net_sink comp="600" pin=1"/></net>

<net id="708"><net_src comp="380" pin="2"/><net_sink comp="705" pin=0"/></net>

<net id="709"><net_src comp="705" pin="1"/><net_sink comp="609" pin=1"/></net>

<net id="713"><net_src comp="432" pin="4"/><net_sink comp="710" pin=0"/></net>

<net id="714"><net_src comp="710" pin="1"/><net_sink comp="559" pin=0"/></net>

<net id="718"><net_src comp="481" pin="3"/><net_sink comp="715" pin=0"/></net>

<net id="719"><net_src comp="715" pin="1"/><net_sink comp="565" pin=0"/></net>

<net id="723"><net_src comp="489" pin="4"/><net_sink comp="720" pin=0"/></net>

<net id="724"><net_src comp="720" pin="1"/><net_sink comp="570" pin=2"/></net>

<net id="728"><net_src comp="541" pin="3"/><net_sink comp="725" pin=0"/></net>

<net id="729"><net_src comp="725" pin="1"/><net_sink comp="578" pin=0"/></net>

<net id="733"><net_src comp="549" pin="4"/><net_sink comp="730" pin=0"/></net>

<net id="734"><net_src comp="730" pin="1"/><net_sink comp="583" pin=2"/></net>

</net_list>

</model> 
---------------- Datapath Model END ------------------

* FSMD analyzer results:
  - Output states:
	Port: p_yuv_channels_ch1 | {7 }
	Port: p_yuv_channels_ch2 | {7 }
	Port: p_yuv_channels_ch3 | {7 }
 - Input state : 
	Port: yuv_filter_Pipeline_RGB2YUV_LOOP_X_RGB2YUV_LOOP_Y : mul_ln30 | {1 }
	Port: yuv_filter_Pipeline_RGB2YUV_LOOP_X_RGB2YUV_LOOP_Y : height | {1 }
	Port: yuv_filter_Pipeline_RGB2YUV_LOOP_X_RGB2YUV_LOOP_Y : in_channels_ch1 | {2 3 }
	Port: yuv_filter_Pipeline_RGB2YUV_LOOP_X_RGB2YUV_LOOP_Y : in_channels_ch2 | {4 5 }
	Port: yuv_filter_Pipeline_RGB2YUV_LOOP_X_RGB2YUV_LOOP_Y : in_channels_ch3 | {2 3 }
  - Chain level:
	State 1
		store_ln0 : 1
		store_ln60 : 1
		store_ln60 : 1
		indvar_flatten_load : 1
		icmp_ln75 : 2
		add_ln75_1 : 2
		br_ln75 : 3
		store_ln75 : 3
	State 2
		add_ln75 : 1
		icmp_ln78 : 1
		select_ln60 : 2
		select_ln75 : 2
		trunc_ln80 : 3
		p_shl4 : 4
		trunc_ln80_1 : 3
		p_shl5 : 4
		add_ln78_1 : 5
		zext_ln80 : 3
		add_ln80 : 6
		zext_ln80_1 : 7
		in_channels_ch1_addr : 8
		in_channels_ch3_addr : 8
		R : 9
		B : 9
		add_ln78 : 3
		store_ln60 : 3
		store_ln60 : 4
	State 3
		zext_ln83 : 1
		zext_ln83_2 : 1
		mul_ln83 : 2
		mul_ln84 : 2
		mul_ln85 : 2
	State 4
		G : 1
	State 5
		zext_ln83_1 : 1
		tmp_9 : 1
		zext_ln83_7 : 2
		add_ln83_4 : 3
		add_ln83_1 : 1
		sext_ln84 : 1
		mul_ln84_1 : 2
		add_ln84 : 3
		zext_ln85 : 1
		mul_ln85_1 : 2
		add_ln85 : 3
	State 6
		zext_ln83_3 : 1
		zext_ln83_4 : 1
		add_ln83_3 : 2
		zext_ln83_5 : 3
		add_ln83 : 4
		zext_ln83_6 : 1
		add_ln83_2 : 5
		trunc_ln : 6
		zext_ln84_1 : 1
		sub_ln84 : 2
		add_ln84_1 : 3
		zext_ln84 : 4
		add_ln84_2 : 5
		bit_sel1 : 6
		part_sel3 : 6
		zext_ln85_1 : 1
		sub_ln85 : 2
		zext_ln85_2 : 1
		sub_ln85_1 : 3
		add_ln85_1 : 4
		sext_ln85 : 5
		add_ln85_2 : 6
		bit_sel : 7
		part_sel : 7
	State 7
		store_ln86 : 1
		store_ln87 : 1
		store_ln88 : 1


============================================================
+ Verbose Summary: Datapath Resource usage 
============================================================

* Functional unit list:
|----------|---------------------------|---------|---------|---------|
| Operation|      Functional Unit      |   DSP   |    FF   |   LUT   |
|----------|---------------------------|---------|---------|---------|
|          |     add_ln75_1_fu_238     |    0    |    0    |    39   |
|          |      add_ln75_fu_255      |    0    |    0    |    23   |
|          |     add_ln78_1_fu_306     |    0    |    0    |    22   |
|          |      add_ln80_fu_316      |    0    |    0    |    22   |
|          |      add_ln78_fu_328      |    0    |    0    |    23   |
|          |     add_ln83_4_fu_368     |    0    |    0    |    22   |
|    add   |     add_ln83_3_fu_408     |    0    |    0    |    21   |
|          |      add_ln83_fu_418      |    0    |    0    |    16   |
|          |     add_ln83_2_fu_426     |    0    |    0    |    16   |
|          |     add_ln84_1_fu_466     |    0    |    0    |    15   |
|          |     add_ln84_2_fu_476     |    0    |    0    |    23   |
|          |     add_ln85_1_fu_526     |    0    |    0    |    14   |
|          |     add_ln85_2_fu_536     |    0    |    0    |    23   |
|          |          Y_fu_559         |    0    |    0    |    15   |
|----------|---------------------------|---------|---------|---------|
|    mul   |     mul_ln84_1_fu_374     |    0    |    0    |    41   |
|          |     mul_ln85_1_fu_380     |    0    |    0    |    41   |
|----------|---------------------------|---------|---------|---------|
|   icmp   |      icmp_ln75_fu_232     |    0    |    0    |    39   |
|          |      icmp_ln78_fu_261     |    0    |    0    |    23   |
|----------|---------------------------|---------|---------|---------|
|          |      sub_ln84_fu_460      |    0    |    0    |    15   |
|    sub   |      sub_ln85_fu_503      |    0    |    0    |    19   |
|          |     sub_ln85_1_fu_520     |    0    |    0    |    13   |
|----------|---------------------------|---------|---------|---------|
|  select  |     select_ln60_fu_266    |    0    |    0    |    16   |
|          |     select_ln75_fu_274    |    0    |    0    |    16   |
|----------|---------------------------|---------|---------|---------|
|    xor   |      xor_ln84_fu_565      |    0    |    0    |    2    |
|          |      xor_ln85_fu_578      |    0    |    0    |    2    |
|----------|---------------------------|---------|---------|---------|
|          |         grp_fu_591        |    1    |    0    |    0    |
|  muladd  |         grp_fu_600        |    1    |    0    |    0    |
|          |         grp_fu_609        |    1    |    0    |    0    |
|----------|---------------------------|---------|---------|---------|
|   read   |  height_read_read_fu_124  |    0    |    0    |    0    |
|          | mul_ln30_read_read_fu_130 |    0    |    0    |    0    |
|----------|---------------------------|---------|---------|---------|
|   trunc  |     trunc_ln80_fu_282     |    0    |    0    |    0    |
|          |    trunc_ln80_1_fu_294    |    0    |    0    |    0    |
|----------|---------------------------|---------|---------|---------|
|          |       p_shl4_fu_286       |    0    |    0    |    0    |
|          |       p_shl5_fu_298       |    0    |    0    |    0    |
|          |        tmp_9_fu_356       |    0    |    0    |    0    |
|          |         tmp_fu_386        |    0    |    0    |    0    |
|bitconcatenate|        tmp_8_fu_397       |    0    |    0    |    0    |
|          |       p_shl8_fu_442       |    0    |    0    |    0    |
|          |       tmp_10_fu_449       |    0    |    0    |    0    |
|          |       tmp_11_fu_509       |    0    |    0    |    0    |
|          |          U_fu_570         |    0    |    0    |    0    |
|          |          V_fu_583         |    0    |    0    |    0    |
|----------|---------------------------|---------|---------|---------|
|          |      zext_ln80_fu_312     |    0    |    0    |    0    |
|          |     zext_ln80_1_fu_322    |    0    |    0    |    0    |
|          |      zext_ln83_fu_344     |    0    |    0    |    0    |
|          |     zext_ln83_2_fu_348    |    0    |    0    |    0    |
|          |     zext_ln83_1_fu_352    |    0    |    0    |    0    |
|          |     zext_ln83_7_fu_364    |    0    |    0    |    0    |
|   zext   |     zext_ln83_3_fu_393    |    0    |    0    |    0    |
|          |     zext_ln83_4_fu_404    |    0    |    0    |    0    |
|          |     zext_ln83_5_fu_414    |    0    |    0    |    0    |
|          |     zext_ln83_6_fu_423    |    0    |    0    |    0    |
|          |     zext_ln84_1_fu_456    |    0    |    0    |    0    |
|          |      zext_ln84_fu_472     |    0    |    0    |    0    |
|          |     zext_ln85_1_fu_499    |    0    |    0    |    0    |
|          |     zext_ln85_2_fu_516    |    0    |    0    |    0    |
|----------|---------------------------|---------|---------|---------|
|          |      trunc_ln_fu_432      |    0    |    0    |    0    |
|partselect|      part_sel3_fu_489     |    0    |    0    |    0    |
|          |      part_sel_fu_549      |    0    |    0    |    0    |
|----------|---------------------------|---------|---------|---------|
| bitselect|      bit_sel1_fu_481      |    0    |    0    |    0    |
|          |       bit_sel_fu_541      |    0    |    0    |    0    |
|----------|---------------------------|---------|---------|---------|
|   sext   |      sext_ln85_fu_532     |    0    |    0    |    0    |
|----------|---------------------------|---------|---------|---------|
|   Total  |                           |    3    |    0    |   521   |
|----------|---------------------------|---------|---------|---------|

Memories:
N/A

* Register list:
+----------------------------+--------+
|                            |   FF   |
+----------------------------+--------+
|          B_reg_672         |    8   |
|          R_reg_666         |    8   |
|     add_ln83_4_reg_695     |   16   |
|      bit_sel1_reg_715      |    1   |
|       bit_sel_reg_725      |    1   |
|     height_read_reg_639    |   16   |
|      icmp_ln75_reg_644     |    1   |
|in_channels_ch1_addr_reg_656|   22   |
|in_channels_ch2_addr_reg_690|   22   |
|in_channels_ch3_addr_reg_661|   22   |
|   indvar_flatten_reg_632   |   32   |
|     mul_ln84_1_reg_700     |   16   |
|     mul_ln85_1_reg_705     |   16   |
|      part_sel3_reg_720     |    7   |
|      part_sel_reg_730      |    7   |
|      trunc_ln_reg_710      |    8   |
|          x_reg_625         |   16   |
|          y_reg_618         |   16   |
|     zext_ln80_1_reg_648    |   64   |
|     zext_ln83_2_reg_685    |   13   |
|      zext_ln83_reg_679     |   15   |
+----------------------------+--------+
|            Total           |   327  |
+----------------------------+--------+

* Multiplexer (MUX) list: 
|-------------------|------|------|------|--------||---------||---------||---------|
|        Comp       |  Pin | Size |  BW  | S x BW ||  Delay  ||    FF   ||   LUT   |
|-------------------|------|------|------|--------||---------||---------||---------|
| grp_access_fu_150 |  p0  |   2  |  22  |   44   ||    0    ||    9    |
| grp_access_fu_156 |  p0  |   2  |  22  |   44   ||    0    ||    9    |
| grp_access_fu_169 |  p0  |   2  |  22  |   44   ||    0    ||    9    |
|     grp_fu_591    |  p0  |   2  |   8  |   16   ||    0    ||    9    |
|     grp_fu_600    |  p0  |   2  |   8  |   16   ||    0    ||    9    |
|     grp_fu_600    |  p1  |   2  |   7  |   14   ||    0    ||    9    |
|     grp_fu_609    |  p0  |   2  |   8  |   16   ||    0    ||    9    |
|     grp_fu_609    |  p1  |   2  |   7  |   14   ||    0    ||    9    |
|-------------------|------|------|------|--------||---------||---------||---------|
|       Total       |      |      |      |   208  ||  10.592 ||    0    ||    72   |
|-------------------|------|------|------|--------||---------||---------||---------|



* Summary:
+-----------+--------+--------+--------+--------+
|           |   DSP  |  Delay |   FF   |   LUT  |
+-----------+--------+--------+--------+--------+
|  Function |    3   |    -   |    0   |   521  |
|   Memory  |    -   |    -   |    -   |    -   |
|Multiplexer|    -   |   10   |    0   |   72   |
|  Register |    -   |    -   |   327  |    -   |
+-----------+--------+--------+--------+--------+
|   Total   |    3   |   10   |   327  |   593  |
+-----------+--------+--------+--------+--------+
