

================================================================
== Vitis HLS Report for 'dct_2d'
================================================================
* Date:           Sun Jun 14 23:08:21 2026

* Version:        2025.2 (Build 6295257 on Nov 12 2025)
* Project:        dct
* Solution:       hls (Vivado IP Flow Target)
* Product family: artix7
* Target device:  xc7a35t-fgg484-2


================================================================
== Performance Estimates
================================================================
+ Timing: 
    * Summary: 
    +--------+----------+----------+------------+
    |  Clock |  Target  | Estimated| Uncertainty|
    +--------+----------+----------+------------+
    |ap_clk  |  10.00 ns|  6.380 ns|     2.70 ns|
    +--------+----------+----------+------------+

+ Latency: 
    * Summary: 
    +---------+---------+----------+----------+-----+-----+---------+
    |  Latency (cycles) |  Latency (absolute) |  Interval | Pipeline|
    |   min   |   max   |    min   |    max   | min | max |   Type  |
    +---------+---------+----------+----------+-----+-----+---------+
    |      320|      320|  3.200 us|  3.200 us|  320|  320|       no|
    +---------+---------+----------+----------+-----+-----+---------+

    + Detail: 
        * Instance: 
        N/A

        * Loop: 
        +----------------+---------+---------+----------+-----------+-----------+------+----------+
        |                |  Latency (cycles) | Iteration|  Initiation Interval  | Trip |          |
        |    Loop Name   |   min   |   max   |  Latency |  achieved |   target  | Count| Pipelined|
        +----------------+---------+---------+----------+-----------+-----------+------+----------+
        |- Row_DCT_Loop  |      152|      152|        19|          -|          -|     8|        no|
        |- Col_DCT_Loop  |      144|      144|        18|          -|          -|     8|        no|
        +----------------+---------+---------+----------+-----------+-----------+------+----------+

============================================================
+ Verbose Summary: Synthesis Manager
============================================================
InlineROM: 1
ExposeGlobal: 0
============================================================
+ Verbose Summary: CDFG Model
============================================================
IsTopModel: 0
ResetActiveHigh: 1
IsCombinational: 2
IsDatapathOnly: 0
HasWiredReturn: 1
HasMFsm: 0
HasVarLatency: 1
IsPipeline: 0
IsRtlPipelined: 0
IsInstanceOverlapped: 0
IsDontTouch: 0
HasImplIP: 0
IsGatedGlobalClock: 0


============================================================
+ Verbose Summary: Schedule
============================================================
* Number of FSM states : 10
* Pipeline : 0
* Dataflow Pipeline: 0

* FSM state transitions: 
1 --> 2 
2 --> 6 3 
3 --> 4 
4 --> 5 
5 --> 2 
6 --> 7 
7 --> 10 8 
8 --> 9 
9 --> 7 
10 --> 

* FSM state operations: 

State 1 <SV = 0> <Delay = 1.32>
ST_1 : Operation 11 [1/1] (0.00ns)   --->   "%i = alloca i32 1" [../dct.c:59]   --->   Operation 11 'alloca' 'i' <Predicate = true> <Delay = 0.00>
ST_1 : Operation 12 [1/1] (0.00ns)   --->   "%row_outbuf = alloca i64 1" [../dct.c:55]   --->   Operation 12 'alloca' 'row_outbuf' <Predicate = true> <Delay = 0.00>
ST_1 : Operation 13 [1/1] (0.00ns)   --->   "%row_outbuf_1 = alloca i64 1" [../dct.c:55]   --->   Operation 13 'alloca' 'row_outbuf_1' <Predicate = true> <Delay = 0.00>
ST_1 : Operation 14 [1/1] (0.00ns)   --->   "%row_outbuf_2 = alloca i64 1" [../dct.c:55]   --->   Operation 14 'alloca' 'row_outbuf_2' <Predicate = true> <Delay = 0.00>
ST_1 : Operation 15 [1/1] (0.00ns)   --->   "%row_outbuf_3 = alloca i64 1" [../dct.c:55]   --->   Operation 15 'alloca' 'row_outbuf_3' <Predicate = true> <Delay = 0.00>
ST_1 : Operation 16 [1/1] (0.00ns)   --->   "%row_outbuf_4 = alloca i64 1" [../dct.c:55]   --->   Operation 16 'alloca' 'row_outbuf_4' <Predicate = true> <Delay = 0.00>
ST_1 : Operation 17 [1/1] (0.00ns)   --->   "%row_outbuf_5 = alloca i64 1" [../dct.c:55]   --->   Operation 17 'alloca' 'row_outbuf_5' <Predicate = true> <Delay = 0.00>
ST_1 : Operation 18 [1/1] (0.00ns)   --->   "%row_outbuf_6 = alloca i64 1" [../dct.c:55]   --->   Operation 18 'alloca' 'row_outbuf_6' <Predicate = true> <Delay = 0.00>
ST_1 : Operation 19 [1/1] (0.00ns)   --->   "%row_outbuf_7 = alloca i64 1" [../dct.c:55]   --->   Operation 19 'alloca' 'row_outbuf_7' <Predicate = true> <Delay = 0.00>
ST_1 : Operation 20 [1/1] (0.00ns)   --->   "%col_outbuf = alloca i64 1" [../dct.c:56]   --->   Operation 20 'alloca' 'col_outbuf' <Predicate = true> <Delay = 0.00>
ST_1 : Operation 21 [1/1] (0.00ns)   --->   "%col_outbuf_1 = alloca i64 1" [../dct.c:56]   --->   Operation 21 'alloca' 'col_outbuf_1' <Predicate = true> <Delay = 0.00>
ST_1 : Operation 22 [1/1] (0.00ns)   --->   "%col_outbuf_2 = alloca i64 1" [../dct.c:56]   --->   Operation 22 'alloca' 'col_outbuf_2' <Predicate = true> <Delay = 0.00>
ST_1 : Operation 23 [1/1] (0.00ns)   --->   "%col_outbuf_3 = alloca i64 1" [../dct.c:56]   --->   Operation 23 'alloca' 'col_outbuf_3' <Predicate = true> <Delay = 0.00>
ST_1 : Operation 24 [1/1] (0.00ns)   --->   "%col_outbuf_4 = alloca i64 1" [../dct.c:56]   --->   Operation 24 'alloca' 'col_outbuf_4' <Predicate = true> <Delay = 0.00>
ST_1 : Operation 25 [1/1] (0.00ns)   --->   "%col_outbuf_5 = alloca i64 1" [../dct.c:56]   --->   Operation 25 'alloca' 'col_outbuf_5' <Predicate = true> <Delay = 0.00>
ST_1 : Operation 26 [1/1] (0.00ns)   --->   "%col_outbuf_6 = alloca i64 1" [../dct.c:56]   --->   Operation 26 'alloca' 'col_outbuf_6' <Predicate = true> <Delay = 0.00>
ST_1 : Operation 27 [1/1] (0.00ns)   --->   "%col_outbuf_7 = alloca i64 1" [../dct.c:56]   --->   Operation 27 'alloca' 'col_outbuf_7' <Predicate = true> <Delay = 0.00>
ST_1 : Operation 28 [1/1] (0.00ns)   --->   "%col_inbuf = alloca i64 1" [../dct.c:56]   --->   Operation 28 'alloca' 'col_inbuf' <Predicate = true> <Delay = 0.00> <CoreInst = "RAM">   --->   Core 81 'RAM' <Latency = 1> <II = 1> <Delay = 1.75> <Storage> <Opcode : 'load' 'store'> <Ports = 2> <Width = 16> <Depth = 8> <RAM>
ST_1 : Operation 29 [1/1] (0.00ns)   --->   "%col_inbuf_1 = alloca i64 1" [../dct.c:56]   --->   Operation 29 'alloca' 'col_inbuf_1' <Predicate = true> <Delay = 0.00> <CoreInst = "RAM">   --->   Core 81 'RAM' <Latency = 1> <II = 1> <Delay = 1.75> <Storage> <Opcode : 'load' 'store'> <Ports = 2> <Width = 16> <Depth = 8> <RAM>
ST_1 : Operation 30 [1/1] (0.00ns)   --->   "%col_inbuf_2 = alloca i64 1" [../dct.c:56]   --->   Operation 30 'alloca' 'col_inbuf_2' <Predicate = true> <Delay = 0.00> <CoreInst = "RAM">   --->   Core 81 'RAM' <Latency = 1> <II = 1> <Delay = 1.75> <Storage> <Opcode : 'load' 'store'> <Ports = 2> <Width = 16> <Depth = 8> <RAM>
ST_1 : Operation 31 [1/1] (0.00ns)   --->   "%col_inbuf_3 = alloca i64 1" [../dct.c:56]   --->   Operation 31 'alloca' 'col_inbuf_3' <Predicate = true> <Delay = 0.00> <CoreInst = "RAM">   --->   Core 81 'RAM' <Latency = 1> <II = 1> <Delay = 1.75> <Storage> <Opcode : 'load' 'store'> <Ports = 2> <Width = 16> <Depth = 8> <RAM>
ST_1 : Operation 32 [1/1] (0.00ns)   --->   "%col_inbuf_4 = alloca i64 1" [../dct.c:56]   --->   Operation 32 'alloca' 'col_inbuf_4' <Predicate = true> <Delay = 0.00> <CoreInst = "RAM">   --->   Core 81 'RAM' <Latency = 1> <II = 1> <Delay = 1.75> <Storage> <Opcode : 'load' 'store'> <Ports = 2> <Width = 16> <Depth = 8> <RAM>
ST_1 : Operation 33 [1/1] (0.00ns)   --->   "%col_inbuf_5 = alloca i64 1" [../dct.c:56]   --->   Operation 33 'alloca' 'col_inbuf_5' <Predicate = true> <Delay = 0.00> <CoreInst = "RAM">   --->   Core 81 'RAM' <Latency = 1> <II = 1> <Delay = 1.75> <Storage> <Opcode : 'load' 'store'> <Ports = 2> <Width = 16> <Depth = 8> <RAM>
ST_1 : Operation 34 [1/1] (0.00ns)   --->   "%col_inbuf_6 = alloca i64 1" [../dct.c:56]   --->   Operation 34 'alloca' 'col_inbuf_6' <Predicate = true> <Delay = 0.00> <CoreInst = "RAM">   --->   Core 81 'RAM' <Latency = 1> <II = 1> <Delay = 1.75> <Storage> <Opcode : 'load' 'store'> <Ports = 2> <Width = 16> <Depth = 8> <RAM>
ST_1 : Operation 35 [1/1] (0.00ns)   --->   "%col_inbuf_7 = alloca i64 1" [../dct.c:56]   --->   Operation 35 'alloca' 'col_inbuf_7' <Predicate = true> <Delay = 0.00> <CoreInst = "RAM">   --->   Core 81 'RAM' <Latency = 1> <II = 1> <Delay = 1.75> <Storage> <Opcode : 'load' 'store'> <Ports = 2> <Width = 16> <Depth = 8> <RAM>
ST_1 : Operation 36 [1/1] (1.32ns)   --->   "%store_ln59 = store i4 0, i4 %i" [../dct.c:59]   --->   Operation 36 'store' 'store_ln59' <Predicate = true> <Delay = 1.32>
ST_1 : Operation 37 [1/1] (0.00ns)   --->   "%br_ln64 = br void %for.inc" [../dct.c:64]   --->   Operation 37 'br' 'br_ln64' <Predicate = true> <Delay = 0.00>

State 2 <SV = 1> <Delay = 2.81>
ST_2 : Operation 38 [1/1] (0.00ns)   --->   "%i_2 = load i4 %i" [../dct.c:64]   --->   Operation 38 'load' 'i_2' <Predicate = true> <Delay = 0.00>
ST_2 : Operation 39 [1/1] (1.49ns)   --->   "%icmp_ln64 = icmp_eq  i4 %i_2, i4 8" [../dct.c:64]   --->   Operation 39 'icmp' 'icmp_ln64' <Predicate = true> <Delay = 1.49> <CoreInst = "Cmp">   --->   Core 9 'Cmp' <Latency = 0> <II = 1> <Delay = 1.49> <FuncUnit> <Opcode : 'seteq' 'setne' 'setle' 'setge' 'setlt' 'setgt'> <InPorts = 2> <OutPorts = 1>
ST_2 : Operation 40 [1/1] (1.49ns)   --->   "%add_ln64 = add i4 %i_2, i4 1" [../dct.c:64]   --->   Operation 40 'add' 'add_ln64' <Predicate = true> <Delay = 1.49> <CoreInst = "Adder">   --->   Core 1 'Adder' <Latency = 0> <II = 1> <Delay = 1.49> <FuncUnit> <Opcode : 'add' 'sub'> <InPorts = 2> <OutPorts = 1>
ST_2 : Operation 41 [1/1] (0.00ns)   --->   "%br_ln64 = br i1 %icmp_ln64, void %for.inc.split, void %Xpose_Row_Inner_Loop.preheader" [../dct.c:64]   --->   Operation 41 'br' 'br_ln64' <Predicate = true> <Delay = 0.00>
ST_2 : Operation 42 [1/1] (0.00ns)   --->   "%zext_ln64 = zext i4 %i_2" [../dct.c:64]   --->   Operation 42 'zext' 'zext_ln64' <Predicate = (!icmp_ln64)> <Delay = 0.00>
ST_2 : Operation 43 [1/1] (0.00ns)   --->   "%trunc_ln64 = trunc i4 %i_2" [../dct.c:64]   --->   Operation 43 'trunc' 'trunc_ln64' <Predicate = (!icmp_ln64)> <Delay = 0.00>
ST_2 : Operation 44 [1/1] (0.00ns)   --->   "%speclooptripcount_ln59 = speclooptripcount void @_ssdm_op_SpecLoopTripCount, i64 8, i64 8, i64 8" [../dct.c:59]   --->   Operation 44 'speclooptripcount' 'speclooptripcount_ln59' <Predicate = (!icmp_ln64)> <Delay = 0.00>
ST_2 : Operation 45 [1/1] (0.00ns)   --->   "%specloopname_ln64 = specloopname void @_ssdm_op_SpecLoopName, void @empty_7" [../dct.c:64]   --->   Operation 45 'specloopname' 'specloopname_ln64' <Predicate = (!icmp_ln64)> <Delay = 0.00>
ST_2 : Operation 46 [1/1] (0.00ns)   --->   "%in_block_0_addr = getelementptr i16 %in_block_0, i64 0, i64 %zext_ln64" [../dct.c:65]   --->   Operation 46 'getelementptr' 'in_block_0_addr' <Predicate = (!icmp_ln64)> <Delay = 0.00>
ST_2 : Operation 47 [1/1] (0.00ns)   --->   "%in_block_1_addr = getelementptr i16 %in_block_1, i64 0, i64 %zext_ln64" [../dct.c:65]   --->   Operation 47 'getelementptr' 'in_block_1_addr' <Predicate = (!icmp_ln64)> <Delay = 0.00>
ST_2 : Operation 48 [1/1] (0.00ns)   --->   "%in_block_2_addr = getelementptr i16 %in_block_2, i64 0, i64 %zext_ln64" [../dct.c:65]   --->   Operation 48 'getelementptr' 'in_block_2_addr' <Predicate = (!icmp_ln64)> <Delay = 0.00>
ST_2 : Operation 49 [1/1] (0.00ns)   --->   "%in_block_3_addr = getelementptr i16 %in_block_3, i64 0, i64 %zext_ln64" [../dct.c:65]   --->   Operation 49 'getelementptr' 'in_block_3_addr' <Predicate = (!icmp_ln64)> <Delay = 0.00>
ST_2 : Operation 50 [1/1] (0.00ns)   --->   "%in_block_4_addr = getelementptr i16 %in_block_4, i64 0, i64 %zext_ln64" [../dct.c:65]   --->   Operation 50 'getelementptr' 'in_block_4_addr' <Predicate = (!icmp_ln64)> <Delay = 0.00>
ST_2 : Operation 51 [1/1] (0.00ns)   --->   "%in_block_5_addr = getelementptr i16 %in_block_5, i64 0, i64 %zext_ln64" [../dct.c:65]   --->   Operation 51 'getelementptr' 'in_block_5_addr' <Predicate = (!icmp_ln64)> <Delay = 0.00>
ST_2 : Operation 52 [1/1] (0.00ns)   --->   "%in_block_6_addr = getelementptr i16 %in_block_6, i64 0, i64 %zext_ln64" [../dct.c:65]   --->   Operation 52 'getelementptr' 'in_block_6_addr' <Predicate = (!icmp_ln64)> <Delay = 0.00>
ST_2 : Operation 53 [1/1] (0.00ns)   --->   "%in_block_7_addr = getelementptr i16 %in_block_7, i64 0, i64 %zext_ln64" [../dct.c:65]   --->   Operation 53 'getelementptr' 'in_block_7_addr' <Predicate = (!icmp_ln64)> <Delay = 0.00>
ST_2 : Operation 54 [1/1] (1.34ns)   --->   "%switch_ln65 = switch i3 %trunc_ln64, void %.case.7, i3 0, void %.case.0, i3 1, void %.case.1, i3 2, void %.case.2, i3 3, void %.case.3, i3 4, void %.case.4, i3 5, void %.case.5, i3 6, void %.case.6" [../dct.c:65]   --->   Operation 54 'switch' 'switch_ln65' <Predicate = (!icmp_ln64)> <Delay = 1.34>
ST_2 : Operation 55 [2/2] (1.75ns)   --->   "%in_block_0_load_7 = load i3 %in_block_0_addr" [../dct.c:65]   --->   Operation 55 'load' 'in_block_0_load_7' <Predicate = (!icmp_ln64 & trunc_ln64 == 6)> <Delay = 1.75> <CoreInst = "RAM">   --->   Core 81 'RAM' <Latency = 1> <II = 1> <Delay = 1.75> <Storage> <Opcode : 'load' 'store'> <Ports = 2> <Width = 16> <Depth = 8> <RAM>
ST_2 : Operation 56 [2/2] (1.75ns)   --->   "%in_block_1_load_7 = load i3 %in_block_1_addr" [../dct.c:65]   --->   Operation 56 'load' 'in_block_1_load_7' <Predicate = (!icmp_ln64 & trunc_ln64 == 6)> <Delay = 1.75> <CoreInst = "RAM">   --->   Core 81 'RAM' <Latency = 1> <II = 1> <Delay = 1.75> <Storage> <Opcode : 'load' 'store'> <Ports = 2> <Width = 16> <Depth = 8> <RAM>
ST_2 : Operation 57 [2/2] (1.75ns)   --->   "%in_block_2_load_7 = load i3 %in_block_2_addr" [../dct.c:65]   --->   Operation 57 'load' 'in_block_2_load_7' <Predicate = (!icmp_ln64 & trunc_ln64 == 6)> <Delay = 1.75> <CoreInst = "RAM">   --->   Core 81 'RAM' <Latency = 1> <II = 1> <Delay = 1.75> <Storage> <Opcode : 'load' 'store'> <Ports = 2> <Width = 16> <Depth = 8> <RAM>
ST_2 : Operation 58 [2/2] (1.75ns)   --->   "%in_block_3_load_7 = load i3 %in_block_3_addr" [../dct.c:65]   --->   Operation 58 'load' 'in_block_3_load_7' <Predicate = (!icmp_ln64 & trunc_ln64 == 6)> <Delay = 1.75> <CoreInst = "RAM">   --->   Core 81 'RAM' <Latency = 1> <II = 1> <Delay = 1.75> <Storage> <Opcode : 'load' 'store'> <Ports = 2> <Width = 16> <Depth = 8> <RAM>
ST_2 : Operation 59 [2/2] (1.75ns)   --->   "%in_block_4_load_7 = load i3 %in_block_4_addr" [../dct.c:65]   --->   Operation 59 'load' 'in_block_4_load_7' <Predicate = (!icmp_ln64 & trunc_ln64 == 6)> <Delay = 1.75> <CoreInst = "RAM">   --->   Core 81 'RAM' <Latency = 1> <II = 1> <Delay = 1.75> <Storage> <Opcode : 'load' 'store'> <Ports = 2> <Width = 16> <Depth = 8> <RAM>
ST_2 : Operation 60 [2/2] (1.75ns)   --->   "%in_block_5_load_7 = load i3 %in_block_5_addr" [../dct.c:65]   --->   Operation 60 'load' 'in_block_5_load_7' <Predicate = (!icmp_ln64 & trunc_ln64 == 6)> <Delay = 1.75> <CoreInst = "RAM">   --->   Core 81 'RAM' <Latency = 1> <II = 1> <Delay = 1.75> <Storage> <Opcode : 'load' 'store'> <Ports = 2> <Width = 16> <Depth = 8> <RAM>
ST_2 : Operation 61 [2/2] (1.75ns)   --->   "%in_block_6_load_7 = load i3 %in_block_6_addr" [../dct.c:65]   --->   Operation 61 'load' 'in_block_6_load_7' <Predicate = (!icmp_ln64 & trunc_ln64 == 6)> <Delay = 1.75> <CoreInst = "RAM">   --->   Core 81 'RAM' <Latency = 1> <II = 1> <Delay = 1.75> <Storage> <Opcode : 'load' 'store'> <Ports = 2> <Width = 16> <Depth = 8> <RAM>
ST_2 : Operation 62 [2/2] (1.75ns)   --->   "%in_block_7_load_7 = load i3 %in_block_7_addr" [../dct.c:65]   --->   Operation 62 'load' 'in_block_7_load_7' <Predicate = (!icmp_ln64 & trunc_ln64 == 6)> <Delay = 1.75> <CoreInst = "RAM">   --->   Core 81 'RAM' <Latency = 1> <II = 1> <Delay = 1.75> <Storage> <Opcode : 'load' 'store'> <Ports = 2> <Width = 16> <Depth = 8> <RAM>
ST_2 : Operation 63 [2/2] (1.75ns)   --->   "%in_block_0_load_6 = load i3 %in_block_0_addr" [../dct.c:65]   --->   Operation 63 'load' 'in_block_0_load_6' <Predicate = (!icmp_ln64 & trunc_ln64 == 5)> <Delay = 1.75> <CoreInst = "RAM">   --->   Core 81 'RAM' <Latency = 1> <II = 1> <Delay = 1.75> <Storage> <Opcode : 'load' 'store'> <Ports = 2> <Width = 16> <Depth = 8> <RAM>
ST_2 : Operation 64 [2/2] (1.75ns)   --->   "%in_block_1_load_6 = load i3 %in_block_1_addr" [../dct.c:65]   --->   Operation 64 'load' 'in_block_1_load_6' <Predicate = (!icmp_ln64 & trunc_ln64 == 5)> <Delay = 1.75> <CoreInst = "RAM">   --->   Core 81 'RAM' <Latency = 1> <II = 1> <Delay = 1.75> <Storage> <Opcode : 'load' 'store'> <Ports = 2> <Width = 16> <Depth = 8> <RAM>
ST_2 : Operation 65 [2/2] (1.75ns)   --->   "%in_block_2_load_6 = load i3 %in_block_2_addr" [../dct.c:65]   --->   Operation 65 'load' 'in_block_2_load_6' <Predicate = (!icmp_ln64 & trunc_ln64 == 5)> <Delay = 1.75> <CoreInst = "RAM">   --->   Core 81 'RAM' <Latency = 1> <II = 1> <Delay = 1.75> <Storage> <Opcode : 'load' 'store'> <Ports = 2> <Width = 16> <Depth = 8> <RAM>
ST_2 : Operation 66 [2/2] (1.75ns)   --->   "%in_block_3_load_6 = load i3 %in_block_3_addr" [../dct.c:65]   --->   Operation 66 'load' 'in_block_3_load_6' <Predicate = (!icmp_ln64 & trunc_ln64 == 5)> <Delay = 1.75> <CoreInst = "RAM">   --->   Core 81 'RAM' <Latency = 1> <II = 1> <Delay = 1.75> <Storage> <Opcode : 'load' 'store'> <Ports = 2> <Width = 16> <Depth = 8> <RAM>
ST_2 : Operation 67 [2/2] (1.75ns)   --->   "%in_block_4_load_6 = load i3 %in_block_4_addr" [../dct.c:65]   --->   Operation 67 'load' 'in_block_4_load_6' <Predicate = (!icmp_ln64 & trunc_ln64 == 5)> <Delay = 1.75> <CoreInst = "RAM">   --->   Core 81 'RAM' <Latency = 1> <II = 1> <Delay = 1.75> <Storage> <Opcode : 'load' 'store'> <Ports = 2> <Width = 16> <Depth = 8> <RAM>
ST_2 : Operation 68 [2/2] (1.75ns)   --->   "%in_block_5_load_6 = load i3 %in_block_5_addr" [../dct.c:65]   --->   Operation 68 'load' 'in_block_5_load_6' <Predicate = (!icmp_ln64 & trunc_ln64 == 5)> <Delay = 1.75> <CoreInst = "RAM">   --->   Core 81 'RAM' <Latency = 1> <II = 1> <Delay = 1.75> <Storage> <Opcode : 'load' 'store'> <Ports = 2> <Width = 16> <Depth = 8> <RAM>
ST_2 : Operation 69 [2/2] (1.75ns)   --->   "%in_block_6_load_6 = load i3 %in_block_6_addr" [../dct.c:65]   --->   Operation 69 'load' 'in_block_6_load_6' <Predicate = (!icmp_ln64 & trunc_ln64 == 5)> <Delay = 1.75> <CoreInst = "RAM">   --->   Core 81 'RAM' <Latency = 1> <II = 1> <Delay = 1.75> <Storage> <Opcode : 'load' 'store'> <Ports = 2> <Width = 16> <Depth = 8> <RAM>
ST_2 : Operation 70 [2/2] (1.75ns)   --->   "%in_block_7_load_6 = load i3 %in_block_7_addr" [../dct.c:65]   --->   Operation 70 'load' 'in_block_7_load_6' <Predicate = (!icmp_ln64 & trunc_ln64 == 5)> <Delay = 1.75> <CoreInst = "RAM">   --->   Core 81 'RAM' <Latency = 1> <II = 1> <Delay = 1.75> <Storage> <Opcode : 'load' 'store'> <Ports = 2> <Width = 16> <Depth = 8> <RAM>
ST_2 : Operation 71 [2/2] (1.75ns)   --->   "%in_block_0_load_5 = load i3 %in_block_0_addr" [../dct.c:65]   --->   Operation 71 'load' 'in_block_0_load_5' <Predicate = (!icmp_ln64 & trunc_ln64 == 4)> <Delay = 1.75> <CoreInst = "RAM">   --->   Core 81 'RAM' <Latency = 1> <II = 1> <Delay = 1.75> <Storage> <Opcode : 'load' 'store'> <Ports = 2> <Width = 16> <Depth = 8> <RAM>
ST_2 : Operation 72 [2/2] (1.75ns)   --->   "%in_block_1_load_5 = load i3 %in_block_1_addr" [../dct.c:65]   --->   Operation 72 'load' 'in_block_1_load_5' <Predicate = (!icmp_ln64 & trunc_ln64 == 4)> <Delay = 1.75> <CoreInst = "RAM">   --->   Core 81 'RAM' <Latency = 1> <II = 1> <Delay = 1.75> <Storage> <Opcode : 'load' 'store'> <Ports = 2> <Width = 16> <Depth = 8> <RAM>
ST_2 : Operation 73 [2/2] (1.75ns)   --->   "%in_block_2_load_5 = load i3 %in_block_2_addr" [../dct.c:65]   --->   Operation 73 'load' 'in_block_2_load_5' <Predicate = (!icmp_ln64 & trunc_ln64 == 4)> <Delay = 1.75> <CoreInst = "RAM">   --->   Core 81 'RAM' <Latency = 1> <II = 1> <Delay = 1.75> <Storage> <Opcode : 'load' 'store'> <Ports = 2> <Width = 16> <Depth = 8> <RAM>
ST_2 : Operation 74 [2/2] (1.75ns)   --->   "%in_block_3_load_5 = load i3 %in_block_3_addr" [../dct.c:65]   --->   Operation 74 'load' 'in_block_3_load_5' <Predicate = (!icmp_ln64 & trunc_ln64 == 4)> <Delay = 1.75> <CoreInst = "RAM">   --->   Core 81 'RAM' <Latency = 1> <II = 1> <Delay = 1.75> <Storage> <Opcode : 'load' 'store'> <Ports = 2> <Width = 16> <Depth = 8> <RAM>
ST_2 : Operation 75 [2/2] (1.75ns)   --->   "%in_block_4_load_5 = load i3 %in_block_4_addr" [../dct.c:65]   --->   Operation 75 'load' 'in_block_4_load_5' <Predicate = (!icmp_ln64 & trunc_ln64 == 4)> <Delay = 1.75> <CoreInst = "RAM">   --->   Core 81 'RAM' <Latency = 1> <II = 1> <Delay = 1.75> <Storage> <Opcode : 'load' 'store'> <Ports = 2> <Width = 16> <Depth = 8> <RAM>
ST_2 : Operation 76 [2/2] (1.75ns)   --->   "%in_block_5_load_5 = load i3 %in_block_5_addr" [../dct.c:65]   --->   Operation 76 'load' 'in_block_5_load_5' <Predicate = (!icmp_ln64 & trunc_ln64 == 4)> <Delay = 1.75> <CoreInst = "RAM">   --->   Core 81 'RAM' <Latency = 1> <II = 1> <Delay = 1.75> <Storage> <Opcode : 'load' 'store'> <Ports = 2> <Width = 16> <Depth = 8> <RAM>
ST_2 : Operation 77 [2/2] (1.75ns)   --->   "%in_block_6_load_5 = load i3 %in_block_6_addr" [../dct.c:65]   --->   Operation 77 'load' 'in_block_6_load_5' <Predicate = (!icmp_ln64 & trunc_ln64 == 4)> <Delay = 1.75> <CoreInst = "RAM">   --->   Core 81 'RAM' <Latency = 1> <II = 1> <Delay = 1.75> <Storage> <Opcode : 'load' 'store'> <Ports = 2> <Width = 16> <Depth = 8> <RAM>
ST_2 : Operation 78 [2/2] (1.75ns)   --->   "%in_block_7_load_5 = load i3 %in_block_7_addr" [../dct.c:65]   --->   Operation 78 'load' 'in_block_7_load_5' <Predicate = (!icmp_ln64 & trunc_ln64 == 4)> <Delay = 1.75> <CoreInst = "RAM">   --->   Core 81 'RAM' <Latency = 1> <II = 1> <Delay = 1.75> <Storage> <Opcode : 'load' 'store'> <Ports = 2> <Width = 16> <Depth = 8> <RAM>
ST_2 : Operation 79 [2/2] (1.75ns)   --->   "%in_block_0_load_4 = load i3 %in_block_0_addr" [../dct.c:65]   --->   Operation 79 'load' 'in_block_0_load_4' <Predicate = (!icmp_ln64 & trunc_ln64 == 3)> <Delay = 1.75> <CoreInst = "RAM">   --->   Core 81 'RAM' <Latency = 1> <II = 1> <Delay = 1.75> <Storage> <Opcode : 'load' 'store'> <Ports = 2> <Width = 16> <Depth = 8> <RAM>
ST_2 : Operation 80 [2/2] (1.75ns)   --->   "%in_block_1_load_4 = load i3 %in_block_1_addr" [../dct.c:65]   --->   Operation 80 'load' 'in_block_1_load_4' <Predicate = (!icmp_ln64 & trunc_ln64 == 3)> <Delay = 1.75> <CoreInst = "RAM">   --->   Core 81 'RAM' <Latency = 1> <II = 1> <Delay = 1.75> <Storage> <Opcode : 'load' 'store'> <Ports = 2> <Width = 16> <Depth = 8> <RAM>
ST_2 : Operation 81 [2/2] (1.75ns)   --->   "%in_block_2_load_4 = load i3 %in_block_2_addr" [../dct.c:65]   --->   Operation 81 'load' 'in_block_2_load_4' <Predicate = (!icmp_ln64 & trunc_ln64 == 3)> <Delay = 1.75> <CoreInst = "RAM">   --->   Core 81 'RAM' <Latency = 1> <II = 1> <Delay = 1.75> <Storage> <Opcode : 'load' 'store'> <Ports = 2> <Width = 16> <Depth = 8> <RAM>
ST_2 : Operation 82 [2/2] (1.75ns)   --->   "%in_block_3_load_4 = load i3 %in_block_3_addr" [../dct.c:65]   --->   Operation 82 'load' 'in_block_3_load_4' <Predicate = (!icmp_ln64 & trunc_ln64 == 3)> <Delay = 1.75> <CoreInst = "RAM">   --->   Core 81 'RAM' <Latency = 1> <II = 1> <Delay = 1.75> <Storage> <Opcode : 'load' 'store'> <Ports = 2> <Width = 16> <Depth = 8> <RAM>
ST_2 : Operation 83 [2/2] (1.75ns)   --->   "%in_block_4_load_4 = load i3 %in_block_4_addr" [../dct.c:65]   --->   Operation 83 'load' 'in_block_4_load_4' <Predicate = (!icmp_ln64 & trunc_ln64 == 3)> <Delay = 1.75> <CoreInst = "RAM">   --->   Core 81 'RAM' <Latency = 1> <II = 1> <Delay = 1.75> <Storage> <Opcode : 'load' 'store'> <Ports = 2> <Width = 16> <Depth = 8> <RAM>
ST_2 : Operation 84 [2/2] (1.75ns)   --->   "%in_block_5_load_4 = load i3 %in_block_5_addr" [../dct.c:65]   --->   Operation 84 'load' 'in_block_5_load_4' <Predicate = (!icmp_ln64 & trunc_ln64 == 3)> <Delay = 1.75> <CoreInst = "RAM">   --->   Core 81 'RAM' <Latency = 1> <II = 1> <Delay = 1.75> <Storage> <Opcode : 'load' 'store'> <Ports = 2> <Width = 16> <Depth = 8> <RAM>
ST_2 : Operation 85 [2/2] (1.75ns)   --->   "%in_block_6_load_4 = load i3 %in_block_6_addr" [../dct.c:65]   --->   Operation 85 'load' 'in_block_6_load_4' <Predicate = (!icmp_ln64 & trunc_ln64 == 3)> <Delay = 1.75> <CoreInst = "RAM">   --->   Core 81 'RAM' <Latency = 1> <II = 1> <Delay = 1.75> <Storage> <Opcode : 'load' 'store'> <Ports = 2> <Width = 16> <Depth = 8> <RAM>
ST_2 : Operation 86 [2/2] (1.75ns)   --->   "%in_block_7_load_4 = load i3 %in_block_7_addr" [../dct.c:65]   --->   Operation 86 'load' 'in_block_7_load_4' <Predicate = (!icmp_ln64 & trunc_ln64 == 3)> <Delay = 1.75> <CoreInst = "RAM">   --->   Core 81 'RAM' <Latency = 1> <II = 1> <Delay = 1.75> <Storage> <Opcode : 'load' 'store'> <Ports = 2> <Width = 16> <Depth = 8> <RAM>
ST_2 : Operation 87 [2/2] (1.75ns)   --->   "%in_block_0_load_3 = load i3 %in_block_0_addr" [../dct.c:65]   --->   Operation 87 'load' 'in_block_0_load_3' <Predicate = (!icmp_ln64 & trunc_ln64 == 2)> <Delay = 1.75> <CoreInst = "RAM">   --->   Core 81 'RAM' <Latency = 1> <II = 1> <Delay = 1.75> <Storage> <Opcode : 'load' 'store'> <Ports = 2> <Width = 16> <Depth = 8> <RAM>
ST_2 : Operation 88 [2/2] (1.75ns)   --->   "%in_block_1_load_3 = load i3 %in_block_1_addr" [../dct.c:65]   --->   Operation 88 'load' 'in_block_1_load_3' <Predicate = (!icmp_ln64 & trunc_ln64 == 2)> <Delay = 1.75> <CoreInst = "RAM">   --->   Core 81 'RAM' <Latency = 1> <II = 1> <Delay = 1.75> <Storage> <Opcode : 'load' 'store'> <Ports = 2> <Width = 16> <Depth = 8> <RAM>
ST_2 : Operation 89 [2/2] (1.75ns)   --->   "%in_block_2_load_3 = load i3 %in_block_2_addr" [../dct.c:65]   --->   Operation 89 'load' 'in_block_2_load_3' <Predicate = (!icmp_ln64 & trunc_ln64 == 2)> <Delay = 1.75> <CoreInst = "RAM">   --->   Core 81 'RAM' <Latency = 1> <II = 1> <Delay = 1.75> <Storage> <Opcode : 'load' 'store'> <Ports = 2> <Width = 16> <Depth = 8> <RAM>
ST_2 : Operation 90 [2/2] (1.75ns)   --->   "%in_block_3_load_3 = load i3 %in_block_3_addr" [../dct.c:65]   --->   Operation 90 'load' 'in_block_3_load_3' <Predicate = (!icmp_ln64 & trunc_ln64 == 2)> <Delay = 1.75> <CoreInst = "RAM">   --->   Core 81 'RAM' <Latency = 1> <II = 1> <Delay = 1.75> <Storage> <Opcode : 'load' 'store'> <Ports = 2> <Width = 16> <Depth = 8> <RAM>
ST_2 : Operation 91 [2/2] (1.75ns)   --->   "%in_block_4_load_3 = load i3 %in_block_4_addr" [../dct.c:65]   --->   Operation 91 'load' 'in_block_4_load_3' <Predicate = (!icmp_ln64 & trunc_ln64 == 2)> <Delay = 1.75> <CoreInst = "RAM">   --->   Core 81 'RAM' <Latency = 1> <II = 1> <Delay = 1.75> <Storage> <Opcode : 'load' 'store'> <Ports = 2> <Width = 16> <Depth = 8> <RAM>
ST_2 : Operation 92 [2/2] (1.75ns)   --->   "%in_block_5_load_3 = load i3 %in_block_5_addr" [../dct.c:65]   --->   Operation 92 'load' 'in_block_5_load_3' <Predicate = (!icmp_ln64 & trunc_ln64 == 2)> <Delay = 1.75> <CoreInst = "RAM">   --->   Core 81 'RAM' <Latency = 1> <II = 1> <Delay = 1.75> <Storage> <Opcode : 'load' 'store'> <Ports = 2> <Width = 16> <Depth = 8> <RAM>
ST_2 : Operation 93 [2/2] (1.75ns)   --->   "%in_block_6_load_3 = load i3 %in_block_6_addr" [../dct.c:65]   --->   Operation 93 'load' 'in_block_6_load_3' <Predicate = (!icmp_ln64 & trunc_ln64 == 2)> <Delay = 1.75> <CoreInst = "RAM">   --->   Core 81 'RAM' <Latency = 1> <II = 1> <Delay = 1.75> <Storage> <Opcode : 'load' 'store'> <Ports = 2> <Width = 16> <Depth = 8> <RAM>
ST_2 : Operation 94 [2/2] (1.75ns)   --->   "%in_block_7_load_3 = load i3 %in_block_7_addr" [../dct.c:65]   --->   Operation 94 'load' 'in_block_7_load_3' <Predicate = (!icmp_ln64 & trunc_ln64 == 2)> <Delay = 1.75> <CoreInst = "RAM">   --->   Core 81 'RAM' <Latency = 1> <II = 1> <Delay = 1.75> <Storage> <Opcode : 'load' 'store'> <Ports = 2> <Width = 16> <Depth = 8> <RAM>
ST_2 : Operation 95 [2/2] (1.75ns)   --->   "%in_block_0_load_2 = load i3 %in_block_0_addr" [../dct.c:65]   --->   Operation 95 'load' 'in_block_0_load_2' <Predicate = (!icmp_ln64 & trunc_ln64 == 1)> <Delay = 1.75> <CoreInst = "RAM">   --->   Core 81 'RAM' <Latency = 1> <II = 1> <Delay = 1.75> <Storage> <Opcode : 'load' 'store'> <Ports = 2> <Width = 16> <Depth = 8> <RAM>
ST_2 : Operation 96 [2/2] (1.75ns)   --->   "%in_block_1_load_2 = load i3 %in_block_1_addr" [../dct.c:65]   --->   Operation 96 'load' 'in_block_1_load_2' <Predicate = (!icmp_ln64 & trunc_ln64 == 1)> <Delay = 1.75> <CoreInst = "RAM">   --->   Core 81 'RAM' <Latency = 1> <II = 1> <Delay = 1.75> <Storage> <Opcode : 'load' 'store'> <Ports = 2> <Width = 16> <Depth = 8> <RAM>
ST_2 : Operation 97 [2/2] (1.75ns)   --->   "%in_block_2_load_2 = load i3 %in_block_2_addr" [../dct.c:65]   --->   Operation 97 'load' 'in_block_2_load_2' <Predicate = (!icmp_ln64 & trunc_ln64 == 1)> <Delay = 1.75> <CoreInst = "RAM">   --->   Core 81 'RAM' <Latency = 1> <II = 1> <Delay = 1.75> <Storage> <Opcode : 'load' 'store'> <Ports = 2> <Width = 16> <Depth = 8> <RAM>
ST_2 : Operation 98 [2/2] (1.75ns)   --->   "%in_block_3_load_2 = load i3 %in_block_3_addr" [../dct.c:65]   --->   Operation 98 'load' 'in_block_3_load_2' <Predicate = (!icmp_ln64 & trunc_ln64 == 1)> <Delay = 1.75> <CoreInst = "RAM">   --->   Core 81 'RAM' <Latency = 1> <II = 1> <Delay = 1.75> <Storage> <Opcode : 'load' 'store'> <Ports = 2> <Width = 16> <Depth = 8> <RAM>
ST_2 : Operation 99 [2/2] (1.75ns)   --->   "%in_block_4_load_2 = load i3 %in_block_4_addr" [../dct.c:65]   --->   Operation 99 'load' 'in_block_4_load_2' <Predicate = (!icmp_ln64 & trunc_ln64 == 1)> <Delay = 1.75> <CoreInst = "RAM">   --->   Core 81 'RAM' <Latency = 1> <II = 1> <Delay = 1.75> <Storage> <Opcode : 'load' 'store'> <Ports = 2> <Width = 16> <Depth = 8> <RAM>
ST_2 : Operation 100 [2/2] (1.75ns)   --->   "%in_block_5_load_2 = load i3 %in_block_5_addr" [../dct.c:65]   --->   Operation 100 'load' 'in_block_5_load_2' <Predicate = (!icmp_ln64 & trunc_ln64 == 1)> <Delay = 1.75> <CoreInst = "RAM">   --->   Core 81 'RAM' <Latency = 1> <II = 1> <Delay = 1.75> <Storage> <Opcode : 'load' 'store'> <Ports = 2> <Width = 16> <Depth = 8> <RAM>
ST_2 : Operation 101 [2/2] (1.75ns)   --->   "%in_block_6_load_2 = load i3 %in_block_6_addr" [../dct.c:65]   --->   Operation 101 'load' 'in_block_6_load_2' <Predicate = (!icmp_ln64 & trunc_ln64 == 1)> <Delay = 1.75> <CoreInst = "RAM">   --->   Core 81 'RAM' <Latency = 1> <II = 1> <Delay = 1.75> <Storage> <Opcode : 'load' 'store'> <Ports = 2> <Width = 16> <Depth = 8> <RAM>
ST_2 : Operation 102 [2/2] (1.75ns)   --->   "%in_block_7_load_2 = load i3 %in_block_7_addr" [../dct.c:65]   --->   Operation 102 'load' 'in_block_7_load_2' <Predicate = (!icmp_ln64 & trunc_ln64 == 1)> <Delay = 1.75> <CoreInst = "RAM">   --->   Core 81 'RAM' <Latency = 1> <II = 1> <Delay = 1.75> <Storage> <Opcode : 'load' 'store'> <Ports = 2> <Width = 16> <Depth = 8> <RAM>
ST_2 : Operation 103 [2/2] (1.75ns)   --->   "%in_block_0_load_1 = load i3 %in_block_0_addr" [../dct.c:65]   --->   Operation 103 'load' 'in_block_0_load_1' <Predicate = (!icmp_ln64 & trunc_ln64 == 0)> <Delay = 1.75> <CoreInst = "RAM">   --->   Core 81 'RAM' <Latency = 1> <II = 1> <Delay = 1.75> <Storage> <Opcode : 'load' 'store'> <Ports = 2> <Width = 16> <Depth = 8> <RAM>
ST_2 : Operation 104 [2/2] (1.75ns)   --->   "%in_block_1_load_1 = load i3 %in_block_1_addr" [../dct.c:65]   --->   Operation 104 'load' 'in_block_1_load_1' <Predicate = (!icmp_ln64 & trunc_ln64 == 0)> <Delay = 1.75> <CoreInst = "RAM">   --->   Core 81 'RAM' <Latency = 1> <II = 1> <Delay = 1.75> <Storage> <Opcode : 'load' 'store'> <Ports = 2> <Width = 16> <Depth = 8> <RAM>
ST_2 : Operation 105 [2/2] (1.75ns)   --->   "%in_block_2_load_1 = load i3 %in_block_2_addr" [../dct.c:65]   --->   Operation 105 'load' 'in_block_2_load_1' <Predicate = (!icmp_ln64 & trunc_ln64 == 0)> <Delay = 1.75> <CoreInst = "RAM">   --->   Core 81 'RAM' <Latency = 1> <II = 1> <Delay = 1.75> <Storage> <Opcode : 'load' 'store'> <Ports = 2> <Width = 16> <Depth = 8> <RAM>
ST_2 : Operation 106 [2/2] (1.75ns)   --->   "%in_block_3_load_1 = load i3 %in_block_3_addr" [../dct.c:65]   --->   Operation 106 'load' 'in_block_3_load_1' <Predicate = (!icmp_ln64 & trunc_ln64 == 0)> <Delay = 1.75> <CoreInst = "RAM">   --->   Core 81 'RAM' <Latency = 1> <II = 1> <Delay = 1.75> <Storage> <Opcode : 'load' 'store'> <Ports = 2> <Width = 16> <Depth = 8> <RAM>
ST_2 : Operation 107 [2/2] (1.75ns)   --->   "%in_block_4_load_1 = load i3 %in_block_4_addr" [../dct.c:65]   --->   Operation 107 'load' 'in_block_4_load_1' <Predicate = (!icmp_ln64 & trunc_ln64 == 0)> <Delay = 1.75> <CoreInst = "RAM">   --->   Core 81 'RAM' <Latency = 1> <II = 1> <Delay = 1.75> <Storage> <Opcode : 'load' 'store'> <Ports = 2> <Width = 16> <Depth = 8> <RAM>
ST_2 : Operation 108 [2/2] (1.75ns)   --->   "%in_block_5_load_1 = load i3 %in_block_5_addr" [../dct.c:65]   --->   Operation 108 'load' 'in_block_5_load_1' <Predicate = (!icmp_ln64 & trunc_ln64 == 0)> <Delay = 1.75> <CoreInst = "RAM">   --->   Core 81 'RAM' <Latency = 1> <II = 1> <Delay = 1.75> <Storage> <Opcode : 'load' 'store'> <Ports = 2> <Width = 16> <Depth = 8> <RAM>
ST_2 : Operation 109 [2/2] (1.75ns)   --->   "%in_block_6_load_1 = load i3 %in_block_6_addr" [../dct.c:65]   --->   Operation 109 'load' 'in_block_6_load_1' <Predicate = (!icmp_ln64 & trunc_ln64 == 0)> <Delay = 1.75> <CoreInst = "RAM">   --->   Core 81 'RAM' <Latency = 1> <II = 1> <Delay = 1.75> <Storage> <Opcode : 'load' 'store'> <Ports = 2> <Width = 16> <Depth = 8> <RAM>
ST_2 : Operation 110 [2/2] (1.75ns)   --->   "%in_block_7_load_1 = load i3 %in_block_7_addr" [../dct.c:65]   --->   Operation 110 'load' 'in_block_7_load_1' <Predicate = (!icmp_ln64 & trunc_ln64 == 0)> <Delay = 1.75> <CoreInst = "RAM">   --->   Core 81 'RAM' <Latency = 1> <II = 1> <Delay = 1.75> <Storage> <Opcode : 'load' 'store'> <Ports = 2> <Width = 16> <Depth = 8> <RAM>
ST_2 : Operation 111 [2/2] (1.75ns)   --->   "%in_block_0_load = load i3 %in_block_0_addr" [../dct.c:65]   --->   Operation 111 'load' 'in_block_0_load' <Predicate = (!icmp_ln64 & trunc_ln64 == 7)> <Delay = 1.75> <CoreInst = "RAM">   --->   Core 81 'RAM' <Latency = 1> <II = 1> <Delay = 1.75> <Storage> <Opcode : 'load' 'store'> <Ports = 2> <Width = 16> <Depth = 8> <RAM>
ST_2 : Operation 112 [2/2] (1.75ns)   --->   "%in_block_1_load = load i3 %in_block_1_addr" [../dct.c:65]   --->   Operation 112 'load' 'in_block_1_load' <Predicate = (!icmp_ln64 & trunc_ln64 == 7)> <Delay = 1.75> <CoreInst = "RAM">   --->   Core 81 'RAM' <Latency = 1> <II = 1> <Delay = 1.75> <Storage> <Opcode : 'load' 'store'> <Ports = 2> <Width = 16> <Depth = 8> <RAM>
ST_2 : Operation 113 [2/2] (1.75ns)   --->   "%in_block_2_load = load i3 %in_block_2_addr" [../dct.c:65]   --->   Operation 113 'load' 'in_block_2_load' <Predicate = (!icmp_ln64 & trunc_ln64 == 7)> <Delay = 1.75> <CoreInst = "RAM">   --->   Core 81 'RAM' <Latency = 1> <II = 1> <Delay = 1.75> <Storage> <Opcode : 'load' 'store'> <Ports = 2> <Width = 16> <Depth = 8> <RAM>
ST_2 : Operation 114 [2/2] (1.75ns)   --->   "%in_block_3_load = load i3 %in_block_3_addr" [../dct.c:65]   --->   Operation 114 'load' 'in_block_3_load' <Predicate = (!icmp_ln64 & trunc_ln64 == 7)> <Delay = 1.75> <CoreInst = "RAM">   --->   Core 81 'RAM' <Latency = 1> <II = 1> <Delay = 1.75> <Storage> <Opcode : 'load' 'store'> <Ports = 2> <Width = 16> <Depth = 8> <RAM>
ST_2 : Operation 115 [2/2] (1.75ns)   --->   "%in_block_4_load = load i3 %in_block_4_addr" [../dct.c:65]   --->   Operation 115 'load' 'in_block_4_load' <Predicate = (!icmp_ln64 & trunc_ln64 == 7)> <Delay = 1.75> <CoreInst = "RAM">   --->   Core 81 'RAM' <Latency = 1> <II = 1> <Delay = 1.75> <Storage> <Opcode : 'load' 'store'> <Ports = 2> <Width = 16> <Depth = 8> <RAM>
ST_2 : Operation 116 [2/2] (1.75ns)   --->   "%in_block_5_load = load i3 %in_block_5_addr" [../dct.c:65]   --->   Operation 116 'load' 'in_block_5_load' <Predicate = (!icmp_ln64 & trunc_ln64 == 7)> <Delay = 1.75> <CoreInst = "RAM">   --->   Core 81 'RAM' <Latency = 1> <II = 1> <Delay = 1.75> <Storage> <Opcode : 'load' 'store'> <Ports = 2> <Width = 16> <Depth = 8> <RAM>
ST_2 : Operation 117 [2/2] (1.75ns)   --->   "%in_block_6_load = load i3 %in_block_6_addr" [../dct.c:65]   --->   Operation 117 'load' 'in_block_6_load' <Predicate = (!icmp_ln64 & trunc_ln64 == 7)> <Delay = 1.75> <CoreInst = "RAM">   --->   Core 81 'RAM' <Latency = 1> <II = 1> <Delay = 1.75> <Storage> <Opcode : 'load' 'store'> <Ports = 2> <Width = 16> <Depth = 8> <RAM>
ST_2 : Operation 118 [2/2] (1.75ns)   --->   "%in_block_7_load = load i3 %in_block_7_addr" [../dct.c:65]   --->   Operation 118 'load' 'in_block_7_load' <Predicate = (!icmp_ln64 & trunc_ln64 == 7)> <Delay = 1.75> <CoreInst = "RAM">   --->   Core 81 'RAM' <Latency = 1> <II = 1> <Delay = 1.75> <Storage> <Opcode : 'load' 'store'> <Ports = 2> <Width = 16> <Depth = 8> <RAM>
ST_2 : Operation 119 [1/1] (0.00ns)   --->   "%i_1 = alloca i32 1" [../dct.c:59]   --->   Operation 119 'alloca' 'i_1' <Predicate = (icmp_ln64)> <Delay = 0.00>
ST_2 : Operation 120 [2/2] (0.00ns)   --->   "%call_ln0 = call void @dct_2d_Pipeline_Xpose_Row_Outer_Loop, i16 %col_inbuf_7, i16 %col_inbuf_6, i16 %col_inbuf_5, i16 %col_inbuf_4, i16 %col_inbuf_3, i16 %col_inbuf_2, i16 %col_inbuf_1, i16 %col_inbuf, i16 %row_outbuf, i16 %row_outbuf_1, i16 %row_outbuf_2, i16 %row_outbuf_3, i16 %row_outbuf_4, i16 %row_outbuf_5, i16 %row_outbuf_6, i16 %row_outbuf_7"   --->   Operation 120 'call' 'call_ln0' <Predicate = (icmp_ln64)> <Delay = 0.00> <CoreType = "Generic">   --->   Generic Core
ST_2 : Operation 121 [1/1] (1.32ns)   --->   "%store_ln59 = store i4 0, i4 %i_1" [../dct.c:59]   --->   Operation 121 'store' 'store_ln59' <Predicate = (icmp_ln64)> <Delay = 1.32>

State 3 <SV = 2> <Delay = 1.75>
ST_3 : Operation 122 [1/2] ( I:1.75ns O:1.75ns )   --->   "%in_block_0_load_7 = load i3 %in_block_0_addr" [../dct.c:65]   --->   Operation 122 'load' 'in_block_0_load_7' <Predicate = (trunc_ln64 == 6)> <Delay = 1.75> <CoreInst = "RAM">   --->   Core 81 'RAM' <Latency = 1> <II = 1> <Delay = 1.75> <Storage> <Opcode : 'load' 'store'> <Ports = 2> <Width = 16> <Depth = 8> <RAM>
ST_3 : Operation 123 [1/2] ( I:1.75ns O:1.75ns )   --->   "%in_block_1_load_7 = load i3 %in_block_1_addr" [../dct.c:65]   --->   Operation 123 'load' 'in_block_1_load_7' <Predicate = (trunc_ln64 == 6)> <Delay = 1.75> <CoreInst = "RAM">   --->   Core 81 'RAM' <Latency = 1> <II = 1> <Delay = 1.75> <Storage> <Opcode : 'load' 'store'> <Ports = 2> <Width = 16> <Depth = 8> <RAM>
ST_3 : Operation 124 [1/2] ( I:1.75ns O:1.75ns )   --->   "%in_block_2_load_7 = load i3 %in_block_2_addr" [../dct.c:65]   --->   Operation 124 'load' 'in_block_2_load_7' <Predicate = (trunc_ln64 == 6)> <Delay = 1.75> <CoreInst = "RAM">   --->   Core 81 'RAM' <Latency = 1> <II = 1> <Delay = 1.75> <Storage> <Opcode : 'load' 'store'> <Ports = 2> <Width = 16> <Depth = 8> <RAM>
ST_3 : Operation 125 [1/2] ( I:1.75ns O:1.75ns )   --->   "%in_block_3_load_7 = load i3 %in_block_3_addr" [../dct.c:65]   --->   Operation 125 'load' 'in_block_3_load_7' <Predicate = (trunc_ln64 == 6)> <Delay = 1.75> <CoreInst = "RAM">   --->   Core 81 'RAM' <Latency = 1> <II = 1> <Delay = 1.75> <Storage> <Opcode : 'load' 'store'> <Ports = 2> <Width = 16> <Depth = 8> <RAM>
ST_3 : Operation 126 [1/2] ( I:1.75ns O:1.75ns )   --->   "%in_block_4_load_7 = load i3 %in_block_4_addr" [../dct.c:65]   --->   Operation 126 'load' 'in_block_4_load_7' <Predicate = (trunc_ln64 == 6)> <Delay = 1.75> <CoreInst = "RAM">   --->   Core 81 'RAM' <Latency = 1> <II = 1> <Delay = 1.75> <Storage> <Opcode : 'load' 'store'> <Ports = 2> <Width = 16> <Depth = 8> <RAM>
ST_3 : Operation 127 [1/2] ( I:1.75ns O:1.75ns )   --->   "%in_block_5_load_7 = load i3 %in_block_5_addr" [../dct.c:65]   --->   Operation 127 'load' 'in_block_5_load_7' <Predicate = (trunc_ln64 == 6)> <Delay = 1.75> <CoreInst = "RAM">   --->   Core 81 'RAM' <Latency = 1> <II = 1> <Delay = 1.75> <Storage> <Opcode : 'load' 'store'> <Ports = 2> <Width = 16> <Depth = 8> <RAM>
ST_3 : Operation 128 [1/2] ( I:1.75ns O:1.75ns )   --->   "%in_block_6_load_7 = load i3 %in_block_6_addr" [../dct.c:65]   --->   Operation 128 'load' 'in_block_6_load_7' <Predicate = (trunc_ln64 == 6)> <Delay = 1.75> <CoreInst = "RAM">   --->   Core 81 'RAM' <Latency = 1> <II = 1> <Delay = 1.75> <Storage> <Opcode : 'load' 'store'> <Ports = 2> <Width = 16> <Depth = 8> <RAM>
ST_3 : Operation 129 [1/2] ( I:1.75ns O:1.75ns )   --->   "%in_block_7_load_7 = load i3 %in_block_7_addr" [../dct.c:65]   --->   Operation 129 'load' 'in_block_7_load_7' <Predicate = (trunc_ln64 == 6)> <Delay = 1.75> <CoreInst = "RAM">   --->   Core 81 'RAM' <Latency = 1> <II = 1> <Delay = 1.75> <Storage> <Opcode : 'load' 'store'> <Ports = 2> <Width = 16> <Depth = 8> <RAM>
ST_3 : Operation 130 [2/2] (0.00ns)   --->   "%call_ln65 = call void @dct_1d.11.12, i16 %in_block_0_load_7, i16 %in_block_1_load_7, i16 %in_block_2_load_7, i16 %in_block_3_load_7, i16 %in_block_4_load_7, i16 %in_block_5_load_7, i16 %in_block_6_load_7, i16 %in_block_7_load_7, i16 %row_outbuf_6, i14 %dct_1d_dct_coeff_table_0, i15 %dct_1d_dct_coeff_table_1, i15 %dct_1d_dct_coeff_table_2, i15 %dct_1d_dct_coeff_table_3, i15 %dct_1d_dct_coeff_table_4, i15 %dct_1d_dct_coeff_table_5, i15 %dct_1d_dct_coeff_table_6, i15 %dct_1d_dct_coeff_table_7" [../dct.c:65]   --->   Operation 130 'call' 'call_ln65' <Predicate = (trunc_ln64 == 6)> <Delay = 0.00> <CoreType = "Generic">   --->   Generic Core
ST_3 : Operation 131 [1/2] ( I:1.75ns O:1.75ns )   --->   "%in_block_0_load_6 = load i3 %in_block_0_addr" [../dct.c:65]   --->   Operation 131 'load' 'in_block_0_load_6' <Predicate = (trunc_ln64 == 5)> <Delay = 1.75> <CoreInst = "RAM">   --->   Core 81 'RAM' <Latency = 1> <II = 1> <Delay = 1.75> <Storage> <Opcode : 'load' 'store'> <Ports = 2> <Width = 16> <Depth = 8> <RAM>
ST_3 : Operation 132 [1/2] ( I:1.75ns O:1.75ns )   --->   "%in_block_1_load_6 = load i3 %in_block_1_addr" [../dct.c:65]   --->   Operation 132 'load' 'in_block_1_load_6' <Predicate = (trunc_ln64 == 5)> <Delay = 1.75> <CoreInst = "RAM">   --->   Core 81 'RAM' <Latency = 1> <II = 1> <Delay = 1.75> <Storage> <Opcode : 'load' 'store'> <Ports = 2> <Width = 16> <Depth = 8> <RAM>
ST_3 : Operation 133 [1/2] ( I:1.75ns O:1.75ns )   --->   "%in_block_2_load_6 = load i3 %in_block_2_addr" [../dct.c:65]   --->   Operation 133 'load' 'in_block_2_load_6' <Predicate = (trunc_ln64 == 5)> <Delay = 1.75> <CoreInst = "RAM">   --->   Core 81 'RAM' <Latency = 1> <II = 1> <Delay = 1.75> <Storage> <Opcode : 'load' 'store'> <Ports = 2> <Width = 16> <Depth = 8> <RAM>
ST_3 : Operation 134 [1/2] ( I:1.75ns O:1.75ns )   --->   "%in_block_3_load_6 = load i3 %in_block_3_addr" [../dct.c:65]   --->   Operation 134 'load' 'in_block_3_load_6' <Predicate = (trunc_ln64 == 5)> <Delay = 1.75> <CoreInst = "RAM">   --->   Core 81 'RAM' <Latency = 1> <II = 1> <Delay = 1.75> <Storage> <Opcode : 'load' 'store'> <Ports = 2> <Width = 16> <Depth = 8> <RAM>
ST_3 : Operation 135 [1/2] ( I:1.75ns O:1.75ns )   --->   "%in_block_4_load_6 = load i3 %in_block_4_addr" [../dct.c:65]   --->   Operation 135 'load' 'in_block_4_load_6' <Predicate = (trunc_ln64 == 5)> <Delay = 1.75> <CoreInst = "RAM">   --->   Core 81 'RAM' <Latency = 1> <II = 1> <Delay = 1.75> <Storage> <Opcode : 'load' 'store'> <Ports = 2> <Width = 16> <Depth = 8> <RAM>
ST_3 : Operation 136 [1/2] ( I:1.75ns O:1.75ns )   --->   "%in_block_5_load_6 = load i3 %in_block_5_addr" [../dct.c:65]   --->   Operation 136 'load' 'in_block_5_load_6' <Predicate = (trunc_ln64 == 5)> <Delay = 1.75> <CoreInst = "RAM">   --->   Core 81 'RAM' <Latency = 1> <II = 1> <Delay = 1.75> <Storage> <Opcode : 'load' 'store'> <Ports = 2> <Width = 16> <Depth = 8> <RAM>
ST_3 : Operation 137 [1/2] ( I:1.75ns O:1.75ns )   --->   "%in_block_6_load_6 = load i3 %in_block_6_addr" [../dct.c:65]   --->   Operation 137 'load' 'in_block_6_load_6' <Predicate = (trunc_ln64 == 5)> <Delay = 1.75> <CoreInst = "RAM">   --->   Core 81 'RAM' <Latency = 1> <II = 1> <Delay = 1.75> <Storage> <Opcode : 'load' 'store'> <Ports = 2> <Width = 16> <Depth = 8> <RAM>
ST_3 : Operation 138 [1/2] ( I:1.75ns O:1.75ns )   --->   "%in_block_7_load_6 = load i3 %in_block_7_addr" [../dct.c:65]   --->   Operation 138 'load' 'in_block_7_load_6' <Predicate = (trunc_ln64 == 5)> <Delay = 1.75> <CoreInst = "RAM">   --->   Core 81 'RAM' <Latency = 1> <II = 1> <Delay = 1.75> <Storage> <Opcode : 'load' 'store'> <Ports = 2> <Width = 16> <Depth = 8> <RAM>
ST_3 : Operation 139 [2/2] (0.00ns)   --->   "%call_ln65 = call void @dct_1d.11.12, i16 %in_block_0_load_6, i16 %in_block_1_load_6, i16 %in_block_2_load_6, i16 %in_block_3_load_6, i16 %in_block_4_load_6, i16 %in_block_5_load_6, i16 %in_block_6_load_6, i16 %in_block_7_load_6, i16 %row_outbuf_5, i14 %dct_1d_dct_coeff_table_0, i15 %dct_1d_dct_coeff_table_1, i15 %dct_1d_dct_coeff_table_2, i15 %dct_1d_dct_coeff_table_3, i15 %dct_1d_dct_coeff_table_4, i15 %dct_1d_dct_coeff_table_5, i15 %dct_1d_dct_coeff_table_6, i15 %dct_1d_dct_coeff_table_7" [../dct.c:65]   --->   Operation 139 'call' 'call_ln65' <Predicate = (trunc_ln64 == 5)> <Delay = 0.00> <CoreType = "Generic">   --->   Generic Core
ST_3 : Operation 140 [1/2] ( I:1.75ns O:1.75ns )   --->   "%in_block_0_load_5 = load i3 %in_block_0_addr" [../dct.c:65]   --->   Operation 140 'load' 'in_block_0_load_5' <Predicate = (trunc_ln64 == 4)> <Delay = 1.75> <CoreInst = "RAM">   --->   Core 81 'RAM' <Latency = 1> <II = 1> <Delay = 1.75> <Storage> <Opcode : 'load' 'store'> <Ports = 2> <Width = 16> <Depth = 8> <RAM>
ST_3 : Operation 141 [1/2] ( I:1.75ns O:1.75ns )   --->   "%in_block_1_load_5 = load i3 %in_block_1_addr" [../dct.c:65]   --->   Operation 141 'load' 'in_block_1_load_5' <Predicate = (trunc_ln64 == 4)> <Delay = 1.75> <CoreInst = "RAM">   --->   Core 81 'RAM' <Latency = 1> <II = 1> <Delay = 1.75> <Storage> <Opcode : 'load' 'store'> <Ports = 2> <Width = 16> <Depth = 8> <RAM>
ST_3 : Operation 142 [1/2] ( I:1.75ns O:1.75ns )   --->   "%in_block_2_load_5 = load i3 %in_block_2_addr" [../dct.c:65]   --->   Operation 142 'load' 'in_block_2_load_5' <Predicate = (trunc_ln64 == 4)> <Delay = 1.75> <CoreInst = "RAM">   --->   Core 81 'RAM' <Latency = 1> <II = 1> <Delay = 1.75> <Storage> <Opcode : 'load' 'store'> <Ports = 2> <Width = 16> <Depth = 8> <RAM>
ST_3 : Operation 143 [1/2] ( I:1.75ns O:1.75ns )   --->   "%in_block_3_load_5 = load i3 %in_block_3_addr" [../dct.c:65]   --->   Operation 143 'load' 'in_block_3_load_5' <Predicate = (trunc_ln64 == 4)> <Delay = 1.75> <CoreInst = "RAM">   --->   Core 81 'RAM' <Latency = 1> <II = 1> <Delay = 1.75> <Storage> <Opcode : 'load' 'store'> <Ports = 2> <Width = 16> <Depth = 8> <RAM>
ST_3 : Operation 144 [1/2] ( I:1.75ns O:1.75ns )   --->   "%in_block_4_load_5 = load i3 %in_block_4_addr" [../dct.c:65]   --->   Operation 144 'load' 'in_block_4_load_5' <Predicate = (trunc_ln64 == 4)> <Delay = 1.75> <CoreInst = "RAM">   --->   Core 81 'RAM' <Latency = 1> <II = 1> <Delay = 1.75> <Storage> <Opcode : 'load' 'store'> <Ports = 2> <Width = 16> <Depth = 8> <RAM>
ST_3 : Operation 145 [1/2] ( I:1.75ns O:1.75ns )   --->   "%in_block_5_load_5 = load i3 %in_block_5_addr" [../dct.c:65]   --->   Operation 145 'load' 'in_block_5_load_5' <Predicate = (trunc_ln64 == 4)> <Delay = 1.75> <CoreInst = "RAM">   --->   Core 81 'RAM' <Latency = 1> <II = 1> <Delay = 1.75> <Storage> <Opcode : 'load' 'store'> <Ports = 2> <Width = 16> <Depth = 8> <RAM>
ST_3 : Operation 146 [1/2] ( I:1.75ns O:1.75ns )   --->   "%in_block_6_load_5 = load i3 %in_block_6_addr" [../dct.c:65]   --->   Operation 146 'load' 'in_block_6_load_5' <Predicate = (trunc_ln64 == 4)> <Delay = 1.75> <CoreInst = "RAM">   --->   Core 81 'RAM' <Latency = 1> <II = 1> <Delay = 1.75> <Storage> <Opcode : 'load' 'store'> <Ports = 2> <Width = 16> <Depth = 8> <RAM>
ST_3 : Operation 147 [1/2] ( I:1.75ns O:1.75ns )   --->   "%in_block_7_load_5 = load i3 %in_block_7_addr" [../dct.c:65]   --->   Operation 147 'load' 'in_block_7_load_5' <Predicate = (trunc_ln64 == 4)> <Delay = 1.75> <CoreInst = "RAM">   --->   Core 81 'RAM' <Latency = 1> <II = 1> <Delay = 1.75> <Storage> <Opcode : 'load' 'store'> <Ports = 2> <Width = 16> <Depth = 8> <RAM>
ST_3 : Operation 148 [2/2] (0.00ns)   --->   "%call_ln65 = call void @dct_1d.11.12, i16 %in_block_0_load_5, i16 %in_block_1_load_5, i16 %in_block_2_load_5, i16 %in_block_3_load_5, i16 %in_block_4_load_5, i16 %in_block_5_load_5, i16 %in_block_6_load_5, i16 %in_block_7_load_5, i16 %row_outbuf_4, i14 %dct_1d_dct_coeff_table_0, i15 %dct_1d_dct_coeff_table_1, i15 %dct_1d_dct_coeff_table_2, i15 %dct_1d_dct_coeff_table_3, i15 %dct_1d_dct_coeff_table_4, i15 %dct_1d_dct_coeff_table_5, i15 %dct_1d_dct_coeff_table_6, i15 %dct_1d_dct_coeff_table_7" [../dct.c:65]   --->   Operation 148 'call' 'call_ln65' <Predicate = (trunc_ln64 == 4)> <Delay = 0.00> <CoreType = "Generic">   --->   Generic Core
ST_3 : Operation 149 [1/2] ( I:1.75ns O:1.75ns )   --->   "%in_block_0_load_4 = load i3 %in_block_0_addr" [../dct.c:65]   --->   Operation 149 'load' 'in_block_0_load_4' <Predicate = (trunc_ln64 == 3)> <Delay = 1.75> <CoreInst = "RAM">   --->   Core 81 'RAM' <Latency = 1> <II = 1> <Delay = 1.75> <Storage> <Opcode : 'load' 'store'> <Ports = 2> <Width = 16> <Depth = 8> <RAM>
ST_3 : Operation 150 [1/2] ( I:1.75ns O:1.75ns )   --->   "%in_block_1_load_4 = load i3 %in_block_1_addr" [../dct.c:65]   --->   Operation 150 'load' 'in_block_1_load_4' <Predicate = (trunc_ln64 == 3)> <Delay = 1.75> <CoreInst = "RAM">   --->   Core 81 'RAM' <Latency = 1> <II = 1> <Delay = 1.75> <Storage> <Opcode : 'load' 'store'> <Ports = 2> <Width = 16> <Depth = 8> <RAM>
ST_3 : Operation 151 [1/2] ( I:1.75ns O:1.75ns )   --->   "%in_block_2_load_4 = load i3 %in_block_2_addr" [../dct.c:65]   --->   Operation 151 'load' 'in_block_2_load_4' <Predicate = (trunc_ln64 == 3)> <Delay = 1.75> <CoreInst = "RAM">   --->   Core 81 'RAM' <Latency = 1> <II = 1> <Delay = 1.75> <Storage> <Opcode : 'load' 'store'> <Ports = 2> <Width = 16> <Depth = 8> <RAM>
ST_3 : Operation 152 [1/2] ( I:1.75ns O:1.75ns )   --->   "%in_block_3_load_4 = load i3 %in_block_3_addr" [../dct.c:65]   --->   Operation 152 'load' 'in_block_3_load_4' <Predicate = (trunc_ln64 == 3)> <Delay = 1.75> <CoreInst = "RAM">   --->   Core 81 'RAM' <Latency = 1> <II = 1> <Delay = 1.75> <Storage> <Opcode : 'load' 'store'> <Ports = 2> <Width = 16> <Depth = 8> <RAM>
ST_3 : Operation 153 [1/2] ( I:1.75ns O:1.75ns )   --->   "%in_block_4_load_4 = load i3 %in_block_4_addr" [../dct.c:65]   --->   Operation 153 'load' 'in_block_4_load_4' <Predicate = (trunc_ln64 == 3)> <Delay = 1.75> <CoreInst = "RAM">   --->   Core 81 'RAM' <Latency = 1> <II = 1> <Delay = 1.75> <Storage> <Opcode : 'load' 'store'> <Ports = 2> <Width = 16> <Depth = 8> <RAM>
ST_3 : Operation 154 [1/2] ( I:1.75ns O:1.75ns )   --->   "%in_block_5_load_4 = load i3 %in_block_5_addr" [../dct.c:65]   --->   Operation 154 'load' 'in_block_5_load_4' <Predicate = (trunc_ln64 == 3)> <Delay = 1.75> <CoreInst = "RAM">   --->   Core 81 'RAM' <Latency = 1> <II = 1> <Delay = 1.75> <Storage> <Opcode : 'load' 'store'> <Ports = 2> <Width = 16> <Depth = 8> <RAM>
ST_3 : Operation 155 [1/2] ( I:1.75ns O:1.75ns )   --->   "%in_block_6_load_4 = load i3 %in_block_6_addr" [../dct.c:65]   --->   Operation 155 'load' 'in_block_6_load_4' <Predicate = (trunc_ln64 == 3)> <Delay = 1.75> <CoreInst = "RAM">   --->   Core 81 'RAM' <Latency = 1> <II = 1> <Delay = 1.75> <Storage> <Opcode : 'load' 'store'> <Ports = 2> <Width = 16> <Depth = 8> <RAM>
ST_3 : Operation 156 [1/2] ( I:1.75ns O:1.75ns )   --->   "%in_block_7_load_4 = load i3 %in_block_7_addr" [../dct.c:65]   --->   Operation 156 'load' 'in_block_7_load_4' <Predicate = (trunc_ln64 == 3)> <Delay = 1.75> <CoreInst = "RAM">   --->   Core 81 'RAM' <Latency = 1> <II = 1> <Delay = 1.75> <Storage> <Opcode : 'load' 'store'> <Ports = 2> <Width = 16> <Depth = 8> <RAM>
ST_3 : Operation 157 [2/2] (0.00ns)   --->   "%call_ln65 = call void @dct_1d.11.12, i16 %in_block_0_load_4, i16 %in_block_1_load_4, i16 %in_block_2_load_4, i16 %in_block_3_load_4, i16 %in_block_4_load_4, i16 %in_block_5_load_4, i16 %in_block_6_load_4, i16 %in_block_7_load_4, i16 %row_outbuf_3, i14 %dct_1d_dct_coeff_table_0, i15 %dct_1d_dct_coeff_table_1, i15 %dct_1d_dct_coeff_table_2, i15 %dct_1d_dct_coeff_table_3, i15 %dct_1d_dct_coeff_table_4, i15 %dct_1d_dct_coeff_table_5, i15 %dct_1d_dct_coeff_table_6, i15 %dct_1d_dct_coeff_table_7" [../dct.c:65]   --->   Operation 157 'call' 'call_ln65' <Predicate = (trunc_ln64 == 3)> <Delay = 0.00> <CoreType = "Generic">   --->   Generic Core
ST_3 : Operation 158 [1/2] ( I:1.75ns O:1.75ns )   --->   "%in_block_0_load_3 = load i3 %in_block_0_addr" [../dct.c:65]   --->   Operation 158 'load' 'in_block_0_load_3' <Predicate = (trunc_ln64 == 2)> <Delay = 1.75> <CoreInst = "RAM">   --->   Core 81 'RAM' <Latency = 1> <II = 1> <Delay = 1.75> <Storage> <Opcode : 'load' 'store'> <Ports = 2> <Width = 16> <Depth = 8> <RAM>
ST_3 : Operation 159 [1/2] ( I:1.75ns O:1.75ns )   --->   "%in_block_1_load_3 = load i3 %in_block_1_addr" [../dct.c:65]   --->   Operation 159 'load' 'in_block_1_load_3' <Predicate = (trunc_ln64 == 2)> <Delay = 1.75> <CoreInst = "RAM">   --->   Core 81 'RAM' <Latency = 1> <II = 1> <Delay = 1.75> <Storage> <Opcode : 'load' 'store'> <Ports = 2> <Width = 16> <Depth = 8> <RAM>
ST_3 : Operation 160 [1/2] ( I:1.75ns O:1.75ns )   --->   "%in_block_2_load_3 = load i3 %in_block_2_addr" [../dct.c:65]   --->   Operation 160 'load' 'in_block_2_load_3' <Predicate = (trunc_ln64 == 2)> <Delay = 1.75> <CoreInst = "RAM">   --->   Core 81 'RAM' <Latency = 1> <II = 1> <Delay = 1.75> <Storage> <Opcode : 'load' 'store'> <Ports = 2> <Width = 16> <Depth = 8> <RAM>
ST_3 : Operation 161 [1/2] ( I:1.75ns O:1.75ns )   --->   "%in_block_3_load_3 = load i3 %in_block_3_addr" [../dct.c:65]   --->   Operation 161 'load' 'in_block_3_load_3' <Predicate = (trunc_ln64 == 2)> <Delay = 1.75> <CoreInst = "RAM">   --->   Core 81 'RAM' <Latency = 1> <II = 1> <Delay = 1.75> <Storage> <Opcode : 'load' 'store'> <Ports = 2> <Width = 16> <Depth = 8> <RAM>
ST_3 : Operation 162 [1/2] ( I:1.75ns O:1.75ns )   --->   "%in_block_4_load_3 = load i3 %in_block_4_addr" [../dct.c:65]   --->   Operation 162 'load' 'in_block_4_load_3' <Predicate = (trunc_ln64 == 2)> <Delay = 1.75> <CoreInst = "RAM">   --->   Core 81 'RAM' <Latency = 1> <II = 1> <Delay = 1.75> <Storage> <Opcode : 'load' 'store'> <Ports = 2> <Width = 16> <Depth = 8> <RAM>
ST_3 : Operation 163 [1/2] ( I:1.75ns O:1.75ns )   --->   "%in_block_5_load_3 = load i3 %in_block_5_addr" [../dct.c:65]   --->   Operation 163 'load' 'in_block_5_load_3' <Predicate = (trunc_ln64 == 2)> <Delay = 1.75> <CoreInst = "RAM">   --->   Core 81 'RAM' <Latency = 1> <II = 1> <Delay = 1.75> <Storage> <Opcode : 'load' 'store'> <Ports = 2> <Width = 16> <Depth = 8> <RAM>
ST_3 : Operation 164 [1/2] ( I:1.75ns O:1.75ns )   --->   "%in_block_6_load_3 = load i3 %in_block_6_addr" [../dct.c:65]   --->   Operation 164 'load' 'in_block_6_load_3' <Predicate = (trunc_ln64 == 2)> <Delay = 1.75> <CoreInst = "RAM">   --->   Core 81 'RAM' <Latency = 1> <II = 1> <Delay = 1.75> <Storage> <Opcode : 'load' 'store'> <Ports = 2> <Width = 16> <Depth = 8> <RAM>
ST_3 : Operation 165 [1/2] ( I:1.75ns O:1.75ns )   --->   "%in_block_7_load_3 = load i3 %in_block_7_addr" [../dct.c:65]   --->   Operation 165 'load' 'in_block_7_load_3' <Predicate = (trunc_ln64 == 2)> <Delay = 1.75> <CoreInst = "RAM">   --->   Core 81 'RAM' <Latency = 1> <II = 1> <Delay = 1.75> <Storage> <Opcode : 'load' 'store'> <Ports = 2> <Width = 16> <Depth = 8> <RAM>
ST_3 : Operation 166 [2/2] (0.00ns)   --->   "%call_ln65 = call void @dct_1d.11.12, i16 %in_block_0_load_3, i16 %in_block_1_load_3, i16 %in_block_2_load_3, i16 %in_block_3_load_3, i16 %in_block_4_load_3, i16 %in_block_5_load_3, i16 %in_block_6_load_3, i16 %in_block_7_load_3, i16 %row_outbuf_2, i14 %dct_1d_dct_coeff_table_0, i15 %dct_1d_dct_coeff_table_1, i15 %dct_1d_dct_coeff_table_2, i15 %dct_1d_dct_coeff_table_3, i15 %dct_1d_dct_coeff_table_4, i15 %dct_1d_dct_coeff_table_5, i15 %dct_1d_dct_coeff_table_6, i15 %dct_1d_dct_coeff_table_7" [../dct.c:65]   --->   Operation 166 'call' 'call_ln65' <Predicate = (trunc_ln64 == 2)> <Delay = 0.00> <CoreType = "Generic">   --->   Generic Core
ST_3 : Operation 167 [1/2] ( I:1.75ns O:1.75ns )   --->   "%in_block_0_load_2 = load i3 %in_block_0_addr" [../dct.c:65]   --->   Operation 167 'load' 'in_block_0_load_2' <Predicate = (trunc_ln64 == 1)> <Delay = 1.75> <CoreInst = "RAM">   --->   Core 81 'RAM' <Latency = 1> <II = 1> <Delay = 1.75> <Storage> <Opcode : 'load' 'store'> <Ports = 2> <Width = 16> <Depth = 8> <RAM>
ST_3 : Operation 168 [1/2] ( I:1.75ns O:1.75ns )   --->   "%in_block_1_load_2 = load i3 %in_block_1_addr" [../dct.c:65]   --->   Operation 168 'load' 'in_block_1_load_2' <Predicate = (trunc_ln64 == 1)> <Delay = 1.75> <CoreInst = "RAM">   --->   Core 81 'RAM' <Latency = 1> <II = 1> <Delay = 1.75> <Storage> <Opcode : 'load' 'store'> <Ports = 2> <Width = 16> <Depth = 8> <RAM>
ST_3 : Operation 169 [1/2] ( I:1.75ns O:1.75ns )   --->   "%in_block_2_load_2 = load i3 %in_block_2_addr" [../dct.c:65]   --->   Operation 169 'load' 'in_block_2_load_2' <Predicate = (trunc_ln64 == 1)> <Delay = 1.75> <CoreInst = "RAM">   --->   Core 81 'RAM' <Latency = 1> <II = 1> <Delay = 1.75> <Storage> <Opcode : 'load' 'store'> <Ports = 2> <Width = 16> <Depth = 8> <RAM>
ST_3 : Operation 170 [1/2] ( I:1.75ns O:1.75ns )   --->   "%in_block_3_load_2 = load i3 %in_block_3_addr" [../dct.c:65]   --->   Operation 170 'load' 'in_block_3_load_2' <Predicate = (trunc_ln64 == 1)> <Delay = 1.75> <CoreInst = "RAM">   --->   Core 81 'RAM' <Latency = 1> <II = 1> <Delay = 1.75> <Storage> <Opcode : 'load' 'store'> <Ports = 2> <Width = 16> <Depth = 8> <RAM>
ST_3 : Operation 171 [1/2] ( I:1.75ns O:1.75ns )   --->   "%in_block_4_load_2 = load i3 %in_block_4_addr" [../dct.c:65]   --->   Operation 171 'load' 'in_block_4_load_2' <Predicate = (trunc_ln64 == 1)> <Delay = 1.75> <CoreInst = "RAM">   --->   Core 81 'RAM' <Latency = 1> <II = 1> <Delay = 1.75> <Storage> <Opcode : 'load' 'store'> <Ports = 2> <Width = 16> <Depth = 8> <RAM>
ST_3 : Operation 172 [1/2] ( I:1.75ns O:1.75ns )   --->   "%in_block_5_load_2 = load i3 %in_block_5_addr" [../dct.c:65]   --->   Operation 172 'load' 'in_block_5_load_2' <Predicate = (trunc_ln64 == 1)> <Delay = 1.75> <CoreInst = "RAM">   --->   Core 81 'RAM' <Latency = 1> <II = 1> <Delay = 1.75> <Storage> <Opcode : 'load' 'store'> <Ports = 2> <Width = 16> <Depth = 8> <RAM>
ST_3 : Operation 173 [1/2] ( I:1.75ns O:1.75ns )   --->   "%in_block_6_load_2 = load i3 %in_block_6_addr" [../dct.c:65]   --->   Operation 173 'load' 'in_block_6_load_2' <Predicate = (trunc_ln64 == 1)> <Delay = 1.75> <CoreInst = "RAM">   --->   Core 81 'RAM' <Latency = 1> <II = 1> <Delay = 1.75> <Storage> <Opcode : 'load' 'store'> <Ports = 2> <Width = 16> <Depth = 8> <RAM>
ST_3 : Operation 174 [1/2] ( I:1.75ns O:1.75ns )   --->   "%in_block_7_load_2 = load i3 %in_block_7_addr" [../dct.c:65]   --->   Operation 174 'load' 'in_block_7_load_2' <Predicate = (trunc_ln64 == 1)> <Delay = 1.75> <CoreInst = "RAM">   --->   Core 81 'RAM' <Latency = 1> <II = 1> <Delay = 1.75> <Storage> <Opcode : 'load' 'store'> <Ports = 2> <Width = 16> <Depth = 8> <RAM>
ST_3 : Operation 175 [2/2] (0.00ns)   --->   "%call_ln65 = call void @dct_1d.11.12, i16 %in_block_0_load_2, i16 %in_block_1_load_2, i16 %in_block_2_load_2, i16 %in_block_3_load_2, i16 %in_block_4_load_2, i16 %in_block_5_load_2, i16 %in_block_6_load_2, i16 %in_block_7_load_2, i16 %row_outbuf_1, i14 %dct_1d_dct_coeff_table_0, i15 %dct_1d_dct_coeff_table_1, i15 %dct_1d_dct_coeff_table_2, i15 %dct_1d_dct_coeff_table_3, i15 %dct_1d_dct_coeff_table_4, i15 %dct_1d_dct_coeff_table_5, i15 %dct_1d_dct_coeff_table_6, i15 %dct_1d_dct_coeff_table_7" [../dct.c:65]   --->   Operation 175 'call' 'call_ln65' <Predicate = (trunc_ln64 == 1)> <Delay = 0.00> <CoreType = "Generic">   --->   Generic Core
ST_3 : Operation 176 [1/2] ( I:1.75ns O:1.75ns )   --->   "%in_block_0_load_1 = load i3 %in_block_0_addr" [../dct.c:65]   --->   Operation 176 'load' 'in_block_0_load_1' <Predicate = (trunc_ln64 == 0)> <Delay = 1.75> <CoreInst = "RAM">   --->   Core 81 'RAM' <Latency = 1> <II = 1> <Delay = 1.75> <Storage> <Opcode : 'load' 'store'> <Ports = 2> <Width = 16> <Depth = 8> <RAM>
ST_3 : Operation 177 [1/2] ( I:1.75ns O:1.75ns )   --->   "%in_block_1_load_1 = load i3 %in_block_1_addr" [../dct.c:65]   --->   Operation 177 'load' 'in_block_1_load_1' <Predicate = (trunc_ln64 == 0)> <Delay = 1.75> <CoreInst = "RAM">   --->   Core 81 'RAM' <Latency = 1> <II = 1> <Delay = 1.75> <Storage> <Opcode : 'load' 'store'> <Ports = 2> <Width = 16> <Depth = 8> <RAM>
ST_3 : Operation 178 [1/2] ( I:1.75ns O:1.75ns )   --->   "%in_block_2_load_1 = load i3 %in_block_2_addr" [../dct.c:65]   --->   Operation 178 'load' 'in_block_2_load_1' <Predicate = (trunc_ln64 == 0)> <Delay = 1.75> <CoreInst = "RAM">   --->   Core 81 'RAM' <Latency = 1> <II = 1> <Delay = 1.75> <Storage> <Opcode : 'load' 'store'> <Ports = 2> <Width = 16> <Depth = 8> <RAM>
ST_3 : Operation 179 [1/2] ( I:1.75ns O:1.75ns )   --->   "%in_block_3_load_1 = load i3 %in_block_3_addr" [../dct.c:65]   --->   Operation 179 'load' 'in_block_3_load_1' <Predicate = (trunc_ln64 == 0)> <Delay = 1.75> <CoreInst = "RAM">   --->   Core 81 'RAM' <Latency = 1> <II = 1> <Delay = 1.75> <Storage> <Opcode : 'load' 'store'> <Ports = 2> <Width = 16> <Depth = 8> <RAM>
ST_3 : Operation 180 [1/2] ( I:1.75ns O:1.75ns )   --->   "%in_block_4_load_1 = load i3 %in_block_4_addr" [../dct.c:65]   --->   Operation 180 'load' 'in_block_4_load_1' <Predicate = (trunc_ln64 == 0)> <Delay = 1.75> <CoreInst = "RAM">   --->   Core 81 'RAM' <Latency = 1> <II = 1> <Delay = 1.75> <Storage> <Opcode : 'load' 'store'> <Ports = 2> <Width = 16> <Depth = 8> <RAM>
ST_3 : Operation 181 [1/2] ( I:1.75ns O:1.75ns )   --->   "%in_block_5_load_1 = load i3 %in_block_5_addr" [../dct.c:65]   --->   Operation 181 'load' 'in_block_5_load_1' <Predicate = (trunc_ln64 == 0)> <Delay = 1.75> <CoreInst = "RAM">   --->   Core 81 'RAM' <Latency = 1> <II = 1> <Delay = 1.75> <Storage> <Opcode : 'load' 'store'> <Ports = 2> <Width = 16> <Depth = 8> <RAM>
ST_3 : Operation 182 [1/2] ( I:1.75ns O:1.75ns )   --->   "%in_block_6_load_1 = load i3 %in_block_6_addr" [../dct.c:65]   --->   Operation 182 'load' 'in_block_6_load_1' <Predicate = (trunc_ln64 == 0)> <Delay = 1.75> <CoreInst = "RAM">   --->   Core 81 'RAM' <Latency = 1> <II = 1> <Delay = 1.75> <Storage> <Opcode : 'load' 'store'> <Ports = 2> <Width = 16> <Depth = 8> <RAM>
ST_3 : Operation 183 [1/2] ( I:1.75ns O:1.75ns )   --->   "%in_block_7_load_1 = load i3 %in_block_7_addr" [../dct.c:65]   --->   Operation 183 'load' 'in_block_7_load_1' <Predicate = (trunc_ln64 == 0)> <Delay = 1.75> <CoreInst = "RAM">   --->   Core 81 'RAM' <Latency = 1> <II = 1> <Delay = 1.75> <Storage> <Opcode : 'load' 'store'> <Ports = 2> <Width = 16> <Depth = 8> <RAM>
ST_3 : Operation 184 [2/2] (0.00ns)   --->   "%call_ln65 = call void @dct_1d.11.12, i16 %in_block_0_load_1, i16 %in_block_1_load_1, i16 %in_block_2_load_1, i16 %in_block_3_load_1, i16 %in_block_4_load_1, i16 %in_block_5_load_1, i16 %in_block_6_load_1, i16 %in_block_7_load_1, i16 %row_outbuf, i14 %dct_1d_dct_coeff_table_0, i15 %dct_1d_dct_coeff_table_1, i15 %dct_1d_dct_coeff_table_2, i15 %dct_1d_dct_coeff_table_3, i15 %dct_1d_dct_coeff_table_4, i15 %dct_1d_dct_coeff_table_5, i15 %dct_1d_dct_coeff_table_6, i15 %dct_1d_dct_coeff_table_7" [../dct.c:65]   --->   Operation 184 'call' 'call_ln65' <Predicate = (trunc_ln64 == 0)> <Delay = 0.00> <CoreType = "Generic">   --->   Generic Core
ST_3 : Operation 185 [1/2] ( I:1.75ns O:1.75ns )   --->   "%in_block_0_load = load i3 %in_block_0_addr" [../dct.c:65]   --->   Operation 185 'load' 'in_block_0_load' <Predicate = (trunc_ln64 == 7)> <Delay = 1.75> <CoreInst = "RAM">   --->   Core 81 'RAM' <Latency = 1> <II = 1> <Delay = 1.75> <Storage> <Opcode : 'load' 'store'> <Ports = 2> <Width = 16> <Depth = 8> <RAM>
ST_3 : Operation 186 [1/2] ( I:1.75ns O:1.75ns )   --->   "%in_block_1_load = load i3 %in_block_1_addr" [../dct.c:65]   --->   Operation 186 'load' 'in_block_1_load' <Predicate = (trunc_ln64 == 7)> <Delay = 1.75> <CoreInst = "RAM">   --->   Core 81 'RAM' <Latency = 1> <II = 1> <Delay = 1.75> <Storage> <Opcode : 'load' 'store'> <Ports = 2> <Width = 16> <Depth = 8> <RAM>
ST_3 : Operation 187 [1/2] ( I:1.75ns O:1.75ns )   --->   "%in_block_2_load = load i3 %in_block_2_addr" [../dct.c:65]   --->   Operation 187 'load' 'in_block_2_load' <Predicate = (trunc_ln64 == 7)> <Delay = 1.75> <CoreInst = "RAM">   --->   Core 81 'RAM' <Latency = 1> <II = 1> <Delay = 1.75> <Storage> <Opcode : 'load' 'store'> <Ports = 2> <Width = 16> <Depth = 8> <RAM>
ST_3 : Operation 188 [1/2] ( I:1.75ns O:1.75ns )   --->   "%in_block_3_load = load i3 %in_block_3_addr" [../dct.c:65]   --->   Operation 188 'load' 'in_block_3_load' <Predicate = (trunc_ln64 == 7)> <Delay = 1.75> <CoreInst = "RAM">   --->   Core 81 'RAM' <Latency = 1> <II = 1> <Delay = 1.75> <Storage> <Opcode : 'load' 'store'> <Ports = 2> <Width = 16> <Depth = 8> <RAM>
ST_3 : Operation 189 [1/2] ( I:1.75ns O:1.75ns )   --->   "%in_block_4_load = load i3 %in_block_4_addr" [../dct.c:65]   --->   Operation 189 'load' 'in_block_4_load' <Predicate = (trunc_ln64 == 7)> <Delay = 1.75> <CoreInst = "RAM">   --->   Core 81 'RAM' <Latency = 1> <II = 1> <Delay = 1.75> <Storage> <Opcode : 'load' 'store'> <Ports = 2> <Width = 16> <Depth = 8> <RAM>
ST_3 : Operation 190 [1/2] ( I:1.75ns O:1.75ns )   --->   "%in_block_5_load = load i3 %in_block_5_addr" [../dct.c:65]   --->   Operation 190 'load' 'in_block_5_load' <Predicate = (trunc_ln64 == 7)> <Delay = 1.75> <CoreInst = "RAM">   --->   Core 81 'RAM' <Latency = 1> <II = 1> <Delay = 1.75> <Storage> <Opcode : 'load' 'store'> <Ports = 2> <Width = 16> <Depth = 8> <RAM>
ST_3 : Operation 191 [1/2] ( I:1.75ns O:1.75ns )   --->   "%in_block_6_load = load i3 %in_block_6_addr" [../dct.c:65]   --->   Operation 191 'load' 'in_block_6_load' <Predicate = (trunc_ln64 == 7)> <Delay = 1.75> <CoreInst = "RAM">   --->   Core 81 'RAM' <Latency = 1> <II = 1> <Delay = 1.75> <Storage> <Opcode : 'load' 'store'> <Ports = 2> <Width = 16> <Depth = 8> <RAM>
ST_3 : Operation 192 [1/2] ( I:1.75ns O:1.75ns )   --->   "%in_block_7_load = load i3 %in_block_7_addr" [../dct.c:65]   --->   Operation 192 'load' 'in_block_7_load' <Predicate = (trunc_ln64 == 7)> <Delay = 1.75> <CoreInst = "RAM">   --->   Core 81 'RAM' <Latency = 1> <II = 1> <Delay = 1.75> <Storage> <Opcode : 'load' 'store'> <Ports = 2> <Width = 16> <Depth = 8> <RAM>
ST_3 : Operation 193 [2/2] (0.00ns)   --->   "%call_ln65 = call void @dct_1d.11.12, i16 %in_block_0_load, i16 %in_block_1_load, i16 %in_block_2_load, i16 %in_block_3_load, i16 %in_block_4_load, i16 %in_block_5_load, i16 %in_block_6_load, i16 %in_block_7_load, i16 %row_outbuf_7, i14 %dct_1d_dct_coeff_table_0, i15 %dct_1d_dct_coeff_table_1, i15 %dct_1d_dct_coeff_table_2, i15 %dct_1d_dct_coeff_table_3, i15 %dct_1d_dct_coeff_table_4, i15 %dct_1d_dct_coeff_table_5, i15 %dct_1d_dct_coeff_table_6, i15 %dct_1d_dct_coeff_table_7" [../dct.c:65]   --->   Operation 193 'call' 'call_ln65' <Predicate = (trunc_ln64 == 7)> <Delay = 0.00> <CoreType = "Generic">   --->   Generic Core

State 4 <SV = 3> <Delay = 0.00>
ST_4 : Operation 194 [1/2] (0.00ns)   --->   "%call_ln65 = call void @dct_1d.11.12, i16 %in_block_0_load_7, i16 %in_block_1_load_7, i16 %in_block_2_load_7, i16 %in_block_3_load_7, i16 %in_block_4_load_7, i16 %in_block_5_load_7, i16 %in_block_6_load_7, i16 %in_block_7_load_7, i16 %row_outbuf_6, i14 %dct_1d_dct_coeff_table_0, i15 %dct_1d_dct_coeff_table_1, i15 %dct_1d_dct_coeff_table_2, i15 %dct_1d_dct_coeff_table_3, i15 %dct_1d_dct_coeff_table_4, i15 %dct_1d_dct_coeff_table_5, i15 %dct_1d_dct_coeff_table_6, i15 %dct_1d_dct_coeff_table_7" [../dct.c:65]   --->   Operation 194 'call' 'call_ln65' <Predicate = (trunc_ln64 == 6)> <Delay = 0.00> <CoreType = "Generic">   --->   Generic Core
ST_4 : Operation 195 [1/1] (0.00ns)   --->   "%br_ln65 = br void %.exit" [../dct.c:65]   --->   Operation 195 'br' 'br_ln65' <Predicate = (trunc_ln64 == 6)> <Delay = 0.00>
ST_4 : Operation 196 [1/2] (0.00ns)   --->   "%call_ln65 = call void @dct_1d.11.12, i16 %in_block_0_load_6, i16 %in_block_1_load_6, i16 %in_block_2_load_6, i16 %in_block_3_load_6, i16 %in_block_4_load_6, i16 %in_block_5_load_6, i16 %in_block_6_load_6, i16 %in_block_7_load_6, i16 %row_outbuf_5, i14 %dct_1d_dct_coeff_table_0, i15 %dct_1d_dct_coeff_table_1, i15 %dct_1d_dct_coeff_table_2, i15 %dct_1d_dct_coeff_table_3, i15 %dct_1d_dct_coeff_table_4, i15 %dct_1d_dct_coeff_table_5, i15 %dct_1d_dct_coeff_table_6, i15 %dct_1d_dct_coeff_table_7" [../dct.c:65]   --->   Operation 196 'call' 'call_ln65' <Predicate = (trunc_ln64 == 5)> <Delay = 0.00> <CoreType = "Generic">   --->   Generic Core
ST_4 : Operation 197 [1/1] (0.00ns)   --->   "%br_ln65 = br void %.exit" [../dct.c:65]   --->   Operation 197 'br' 'br_ln65' <Predicate = (trunc_ln64 == 5)> <Delay = 0.00>
ST_4 : Operation 198 [1/2] (0.00ns)   --->   "%call_ln65 = call void @dct_1d.11.12, i16 %in_block_0_load_5, i16 %in_block_1_load_5, i16 %in_block_2_load_5, i16 %in_block_3_load_5, i16 %in_block_4_load_5, i16 %in_block_5_load_5, i16 %in_block_6_load_5, i16 %in_block_7_load_5, i16 %row_outbuf_4, i14 %dct_1d_dct_coeff_table_0, i15 %dct_1d_dct_coeff_table_1, i15 %dct_1d_dct_coeff_table_2, i15 %dct_1d_dct_coeff_table_3, i15 %dct_1d_dct_coeff_table_4, i15 %dct_1d_dct_coeff_table_5, i15 %dct_1d_dct_coeff_table_6, i15 %dct_1d_dct_coeff_table_7" [../dct.c:65]   --->   Operation 198 'call' 'call_ln65' <Predicate = (trunc_ln64 == 4)> <Delay = 0.00> <CoreType = "Generic">   --->   Generic Core
ST_4 : Operation 199 [1/1] (0.00ns)   --->   "%br_ln65 = br void %.exit" [../dct.c:65]   --->   Operation 199 'br' 'br_ln65' <Predicate = (trunc_ln64 == 4)> <Delay = 0.00>
ST_4 : Operation 200 [1/2] (0.00ns)   --->   "%call_ln65 = call void @dct_1d.11.12, i16 %in_block_0_load_4, i16 %in_block_1_load_4, i16 %in_block_2_load_4, i16 %in_block_3_load_4, i16 %in_block_4_load_4, i16 %in_block_5_load_4, i16 %in_block_6_load_4, i16 %in_block_7_load_4, i16 %row_outbuf_3, i14 %dct_1d_dct_coeff_table_0, i15 %dct_1d_dct_coeff_table_1, i15 %dct_1d_dct_coeff_table_2, i15 %dct_1d_dct_coeff_table_3, i15 %dct_1d_dct_coeff_table_4, i15 %dct_1d_dct_coeff_table_5, i15 %dct_1d_dct_coeff_table_6, i15 %dct_1d_dct_coeff_table_7" [../dct.c:65]   --->   Operation 200 'call' 'call_ln65' <Predicate = (trunc_ln64 == 3)> <Delay = 0.00> <CoreType = "Generic">   --->   Generic Core
ST_4 : Operation 201 [1/1] (0.00ns)   --->   "%br_ln65 = br void %.exit" [../dct.c:65]   --->   Operation 201 'br' 'br_ln65' <Predicate = (trunc_ln64 == 3)> <Delay = 0.00>
ST_4 : Operation 202 [1/2] (0.00ns)   --->   "%call_ln65 = call void @dct_1d.11.12, i16 %in_block_0_load_3, i16 %in_block_1_load_3, i16 %in_block_2_load_3, i16 %in_block_3_load_3, i16 %in_block_4_load_3, i16 %in_block_5_load_3, i16 %in_block_6_load_3, i16 %in_block_7_load_3, i16 %row_outbuf_2, i14 %dct_1d_dct_coeff_table_0, i15 %dct_1d_dct_coeff_table_1, i15 %dct_1d_dct_coeff_table_2, i15 %dct_1d_dct_coeff_table_3, i15 %dct_1d_dct_coeff_table_4, i15 %dct_1d_dct_coeff_table_5, i15 %dct_1d_dct_coeff_table_6, i15 %dct_1d_dct_coeff_table_7" [../dct.c:65]   --->   Operation 202 'call' 'call_ln65' <Predicate = (trunc_ln64 == 2)> <Delay = 0.00> <CoreType = "Generic">   --->   Generic Core
ST_4 : Operation 203 [1/1] (0.00ns)   --->   "%br_ln65 = br void %.exit" [../dct.c:65]   --->   Operation 203 'br' 'br_ln65' <Predicate = (trunc_ln64 == 2)> <Delay = 0.00>
ST_4 : Operation 204 [1/2] (0.00ns)   --->   "%call_ln65 = call void @dct_1d.11.12, i16 %in_block_0_load_2, i16 %in_block_1_load_2, i16 %in_block_2_load_2, i16 %in_block_3_load_2, i16 %in_block_4_load_2, i16 %in_block_5_load_2, i16 %in_block_6_load_2, i16 %in_block_7_load_2, i16 %row_outbuf_1, i14 %dct_1d_dct_coeff_table_0, i15 %dct_1d_dct_coeff_table_1, i15 %dct_1d_dct_coeff_table_2, i15 %dct_1d_dct_coeff_table_3, i15 %dct_1d_dct_coeff_table_4, i15 %dct_1d_dct_coeff_table_5, i15 %dct_1d_dct_coeff_table_6, i15 %dct_1d_dct_coeff_table_7" [../dct.c:65]   --->   Operation 204 'call' 'call_ln65' <Predicate = (trunc_ln64 == 1)> <Delay = 0.00> <CoreType = "Generic">   --->   Generic Core
ST_4 : Operation 205 [1/1] (0.00ns)   --->   "%br_ln65 = br void %.exit" [../dct.c:65]   --->   Operation 205 'br' 'br_ln65' <Predicate = (trunc_ln64 == 1)> <Delay = 0.00>
ST_4 : Operation 206 [1/2] (0.00ns)   --->   "%call_ln65 = call void @dct_1d.11.12, i16 %in_block_0_load_1, i16 %in_block_1_load_1, i16 %in_block_2_load_1, i16 %in_block_3_load_1, i16 %in_block_4_load_1, i16 %in_block_5_load_1, i16 %in_block_6_load_1, i16 %in_block_7_load_1, i16 %row_outbuf, i14 %dct_1d_dct_coeff_table_0, i15 %dct_1d_dct_coeff_table_1, i15 %dct_1d_dct_coeff_table_2, i15 %dct_1d_dct_coeff_table_3, i15 %dct_1d_dct_coeff_table_4, i15 %dct_1d_dct_coeff_table_5, i15 %dct_1d_dct_coeff_table_6, i15 %dct_1d_dct_coeff_table_7" [../dct.c:65]   --->   Operation 206 'call' 'call_ln65' <Predicate = (trunc_ln64 == 0)> <Delay = 0.00> <CoreType = "Generic">   --->   Generic Core
ST_4 : Operation 207 [1/1] (0.00ns)   --->   "%br_ln65 = br void %.exit" [../dct.c:65]   --->   Operation 207 'br' 'br_ln65' <Predicate = (trunc_ln64 == 0)> <Delay = 0.00>
ST_4 : Operation 208 [1/2] (0.00ns)   --->   "%call_ln65 = call void @dct_1d.11.12, i16 %in_block_0_load, i16 %in_block_1_load, i16 %in_block_2_load, i16 %in_block_3_load, i16 %in_block_4_load, i16 %in_block_5_load, i16 %in_block_6_load, i16 %in_block_7_load, i16 %row_outbuf_7, i14 %dct_1d_dct_coeff_table_0, i15 %dct_1d_dct_coeff_table_1, i15 %dct_1d_dct_coeff_table_2, i15 %dct_1d_dct_coeff_table_3, i15 %dct_1d_dct_coeff_table_4, i15 %dct_1d_dct_coeff_table_5, i15 %dct_1d_dct_coeff_table_6, i15 %dct_1d_dct_coeff_table_7" [../dct.c:65]   --->   Operation 208 'call' 'call_ln65' <Predicate = (trunc_ln64 == 7)> <Delay = 0.00> <CoreType = "Generic">   --->   Generic Core
ST_4 : Operation 209 [1/1] (0.00ns)   --->   "%br_ln65 = br void %.exit" [../dct.c:65]   --->   Operation 209 'br' 'br_ln65' <Predicate = (trunc_ln64 == 7)> <Delay = 0.00>

State 5 <SV = 4> <Delay = 1.32>
ST_5 : Operation 210 [1/1] (1.32ns)   --->   "%store_ln59 = store i4 %add_ln64, i4 %i" [../dct.c:59]   --->   Operation 210 'store' 'store_ln59' <Predicate = true> <Delay = 1.32>
ST_5 : Operation 211 [1/1] (0.00ns)   --->   "%br_ln64 = br void %for.inc" [../dct.c:64]   --->   Operation 211 'br' 'br_ln64' <Predicate = true> <Delay = 0.00>

State 6 <SV = 2> <Delay = 4.13>
ST_6 : Operation 212 [1/2] (4.13ns)   --->   "%call_ln0 = call void @dct_2d_Pipeline_Xpose_Row_Outer_Loop, i16 %col_inbuf_7, i16 %col_inbuf_6, i16 %col_inbuf_5, i16 %col_inbuf_4, i16 %col_inbuf_3, i16 %col_inbuf_2, i16 %col_inbuf_1, i16 %col_inbuf, i16 %row_outbuf, i16 %row_outbuf_1, i16 %row_outbuf_2, i16 %row_outbuf_3, i16 %row_outbuf_4, i16 %row_outbuf_5, i16 %row_outbuf_6, i16 %row_outbuf_7"   --->   Operation 212 'call' 'call_ln0' <Predicate = true> <Delay = 4.13> <CoreType = "Generic">   --->   Generic Core
ST_6 : Operation 213 [1/1] (0.00ns)   --->   "%br_ln80 = br void %for.inc33" [../dct.c:80]   --->   Operation 213 'br' 'br_ln80' <Predicate = true> <Delay = 0.00>

State 7 <SV = 3> <Delay = 1.75>
ST_7 : Operation 214 [1/1] (0.00ns)   --->   "%i_3 = load i4 %i_1" [../dct.c:80]   --->   Operation 214 'load' 'i_3' <Predicate = true> <Delay = 0.00>
ST_7 : Operation 215 [1/1] (1.49ns)   --->   "%icmp_ln80 = icmp_eq  i4 %i_3, i4 8" [../dct.c:80]   --->   Operation 215 'icmp' 'icmp_ln80' <Predicate = true> <Delay = 1.49> <CoreInst = "Cmp">   --->   Core 9 'Cmp' <Latency = 0> <II = 1> <Delay = 1.49> <FuncUnit> <Opcode : 'seteq' 'setne' 'setle' 'setge' 'setlt' 'setgt'> <InPorts = 2> <OutPorts = 1>
ST_7 : Operation 216 [1/1] (1.49ns)   --->   "%add_ln80 = add i4 %i_3, i4 1" [../dct.c:80]   --->   Operation 216 'add' 'add_ln80' <Predicate = true> <Delay = 1.49> <CoreInst = "Adder">   --->   Core 1 'Adder' <Latency = 0> <II = 1> <Delay = 1.49> <FuncUnit> <Opcode : 'add' 'sub'> <InPorts = 2> <OutPorts = 1>
ST_7 : Operation 217 [1/1] (0.00ns)   --->   "%br_ln80 = br i1 %icmp_ln80, void %for.inc33.split, void %Xpose_Col_Inner_Loop.preheader" [../dct.c:80]   --->   Operation 217 'br' 'br_ln80' <Predicate = true> <Delay = 0.00>
ST_7 : Operation 218 [1/1] (0.00ns)   --->   "%zext_ln80 = zext i4 %i_3" [../dct.c:80]   --->   Operation 218 'zext' 'zext_ln80' <Predicate = (!icmp_ln80)> <Delay = 0.00>
ST_7 : Operation 219 [1/1] (0.00ns)   --->   "%trunc_ln80 = trunc i4 %i_3" [../dct.c:80]   --->   Operation 219 'trunc' 'trunc_ln80' <Predicate = (!icmp_ln80)> <Delay = 0.00>
ST_7 : Operation 220 [1/1] (0.00ns)   --->   "%speclooptripcount_ln59 = speclooptripcount void @_ssdm_op_SpecLoopTripCount, i64 8, i64 8, i64 8" [../dct.c:59]   --->   Operation 220 'speclooptripcount' 'speclooptripcount_ln59' <Predicate = (!icmp_ln80)> <Delay = 0.00>
ST_7 : Operation 221 [1/1] (0.00ns)   --->   "%specloopname_ln80 = specloopname void @_ssdm_op_SpecLoopName, void @empty_5" [../dct.c:80]   --->   Operation 221 'specloopname' 'specloopname_ln80' <Predicate = (!icmp_ln80)> <Delay = 0.00>
ST_7 : Operation 222 [1/1] (0.00ns)   --->   "%col_inbuf_addr = getelementptr i16 %col_inbuf, i64 0, i64 %zext_ln80" [../dct.c:81]   --->   Operation 222 'getelementptr' 'col_inbuf_addr' <Predicate = (!icmp_ln80)> <Delay = 0.00>
ST_7 : Operation 223 [1/1] (0.00ns)   --->   "%col_inbuf_1_addr = getelementptr i16 %col_inbuf_1, i64 0, i64 %zext_ln80" [../dct.c:81]   --->   Operation 223 'getelementptr' 'col_inbuf_1_addr' <Predicate = (!icmp_ln80)> <Delay = 0.00>
ST_7 : Operation 224 [1/1] (0.00ns)   --->   "%col_inbuf_2_addr = getelementptr i16 %col_inbuf_2, i64 0, i64 %zext_ln80" [../dct.c:81]   --->   Operation 224 'getelementptr' 'col_inbuf_2_addr' <Predicate = (!icmp_ln80)> <Delay = 0.00>
ST_7 : Operation 225 [1/1] (0.00ns)   --->   "%col_inbuf_3_addr = getelementptr i16 %col_inbuf_3, i64 0, i64 %zext_ln80" [../dct.c:81]   --->   Operation 225 'getelementptr' 'col_inbuf_3_addr' <Predicate = (!icmp_ln80)> <Delay = 0.00>
ST_7 : Operation 226 [1/1] (0.00ns)   --->   "%col_inbuf_4_addr = getelementptr i16 %col_inbuf_4, i64 0, i64 %zext_ln80" [../dct.c:81]   --->   Operation 226 'getelementptr' 'col_inbuf_4_addr' <Predicate = (!icmp_ln80)> <Delay = 0.00>
ST_7 : Operation 227 [1/1] (0.00ns)   --->   "%col_inbuf_5_addr = getelementptr i16 %col_inbuf_5, i64 0, i64 %zext_ln80" [../dct.c:81]   --->   Operation 227 'getelementptr' 'col_inbuf_5_addr' <Predicate = (!icmp_ln80)> <Delay = 0.00>
ST_7 : Operation 228 [1/1] (0.00ns)   --->   "%col_inbuf_6_addr = getelementptr i16 %col_inbuf_6, i64 0, i64 %zext_ln80" [../dct.c:81]   --->   Operation 228 'getelementptr' 'col_inbuf_6_addr' <Predicate = (!icmp_ln80)> <Delay = 0.00>
ST_7 : Operation 229 [1/1] (0.00ns)   --->   "%col_inbuf_7_addr = getelementptr i16 %col_inbuf_7, i64 0, i64 %zext_ln80" [../dct.c:81]   --->   Operation 229 'getelementptr' 'col_inbuf_7_addr' <Predicate = (!icmp_ln80)> <Delay = 0.00>
ST_7 : Operation 230 [1/1] (1.34ns)   --->   "%switch_ln81 = switch i3 %trunc_ln80, void %.case.721, i3 0, void %.case.014, i3 1, void %.case.115, i3 2, void %.case.216, i3 3, void %.case.317, i3 4, void %.case.418, i3 5, void %.case.519, i3 6, void %.case.620" [../dct.c:81]   --->   Operation 230 'switch' 'switch_ln81' <Predicate = (!icmp_ln80)> <Delay = 1.34>
ST_7 : Operation 231 [2/2] (1.75ns)   --->   "%col_inbuf_load_7 = load i3 %col_inbuf_addr" [../dct.c:81]   --->   Operation 231 'load' 'col_inbuf_load_7' <Predicate = (!icmp_ln80 & trunc_ln80 == 6)> <Delay = 1.75> <CoreInst = "RAM">   --->   Core 81 'RAM' <Latency = 1> <II = 1> <Delay = 1.75> <Storage> <Opcode : 'load' 'store'> <Ports = 2> <Width = 16> <Depth = 8> <RAM>
ST_7 : Operation 232 [2/2] (1.75ns)   --->   "%col_inbuf_1_load_7 = load i3 %col_inbuf_1_addr" [../dct.c:81]   --->   Operation 232 'load' 'col_inbuf_1_load_7' <Predicate = (!icmp_ln80 & trunc_ln80 == 6)> <Delay = 1.75> <CoreInst = "RAM">   --->   Core 81 'RAM' <Latency = 1> <II = 1> <Delay = 1.75> <Storage> <Opcode : 'load' 'store'> <Ports = 2> <Width = 16> <Depth = 8> <RAM>
ST_7 : Operation 233 [2/2] (1.75ns)   --->   "%col_inbuf_2_load_7 = load i3 %col_inbuf_2_addr" [../dct.c:81]   --->   Operation 233 'load' 'col_inbuf_2_load_7' <Predicate = (!icmp_ln80 & trunc_ln80 == 6)> <Delay = 1.75> <CoreInst = "RAM">   --->   Core 81 'RAM' <Latency = 1> <II = 1> <Delay = 1.75> <Storage> <Opcode : 'load' 'store'> <Ports = 2> <Width = 16> <Depth = 8> <RAM>
ST_7 : Operation 234 [2/2] (1.75ns)   --->   "%col_inbuf_3_load_7 = load i3 %col_inbuf_3_addr" [../dct.c:81]   --->   Operation 234 'load' 'col_inbuf_3_load_7' <Predicate = (!icmp_ln80 & trunc_ln80 == 6)> <Delay = 1.75> <CoreInst = "RAM">   --->   Core 81 'RAM' <Latency = 1> <II = 1> <Delay = 1.75> <Storage> <Opcode : 'load' 'store'> <Ports = 2> <Width = 16> <Depth = 8> <RAM>
ST_7 : Operation 235 [2/2] (1.75ns)   --->   "%col_inbuf_4_load_7 = load i3 %col_inbuf_4_addr" [../dct.c:81]   --->   Operation 235 'load' 'col_inbuf_4_load_7' <Predicate = (!icmp_ln80 & trunc_ln80 == 6)> <Delay = 1.75> <CoreInst = "RAM">   --->   Core 81 'RAM' <Latency = 1> <II = 1> <Delay = 1.75> <Storage> <Opcode : 'load' 'store'> <Ports = 2> <Width = 16> <Depth = 8> <RAM>
ST_7 : Operation 236 [2/2] (1.75ns)   --->   "%col_inbuf_5_load_7 = load i3 %col_inbuf_5_addr" [../dct.c:81]   --->   Operation 236 'load' 'col_inbuf_5_load_7' <Predicate = (!icmp_ln80 & trunc_ln80 == 6)> <Delay = 1.75> <CoreInst = "RAM">   --->   Core 81 'RAM' <Latency = 1> <II = 1> <Delay = 1.75> <Storage> <Opcode : 'load' 'store'> <Ports = 2> <Width = 16> <Depth = 8> <RAM>
ST_7 : Operation 237 [2/2] (1.75ns)   --->   "%col_inbuf_6_load_7 = load i3 %col_inbuf_6_addr" [../dct.c:81]   --->   Operation 237 'load' 'col_inbuf_6_load_7' <Predicate = (!icmp_ln80 & trunc_ln80 == 6)> <Delay = 1.75> <CoreInst = "RAM">   --->   Core 81 'RAM' <Latency = 1> <II = 1> <Delay = 1.75> <Storage> <Opcode : 'load' 'store'> <Ports = 2> <Width = 16> <Depth = 8> <RAM>
ST_7 : Operation 238 [2/2] (1.75ns)   --->   "%col_inbuf_7_load_7 = load i3 %col_inbuf_7_addr" [../dct.c:81]   --->   Operation 238 'load' 'col_inbuf_7_load_7' <Predicate = (!icmp_ln80 & trunc_ln80 == 6)> <Delay = 1.75> <CoreInst = "RAM">   --->   Core 81 'RAM' <Latency = 1> <II = 1> <Delay = 1.75> <Storage> <Opcode : 'load' 'store'> <Ports = 2> <Width = 16> <Depth = 8> <RAM>
ST_7 : Operation 239 [2/2] (1.75ns)   --->   "%col_inbuf_load_6 = load i3 %col_inbuf_addr" [../dct.c:81]   --->   Operation 239 'load' 'col_inbuf_load_6' <Predicate = (!icmp_ln80 & trunc_ln80 == 5)> <Delay = 1.75> <CoreInst = "RAM">   --->   Core 81 'RAM' <Latency = 1> <II = 1> <Delay = 1.75> <Storage> <Opcode : 'load' 'store'> <Ports = 2> <Width = 16> <Depth = 8> <RAM>
ST_7 : Operation 240 [2/2] (1.75ns)   --->   "%col_inbuf_1_load_6 = load i3 %col_inbuf_1_addr" [../dct.c:81]   --->   Operation 240 'load' 'col_inbuf_1_load_6' <Predicate = (!icmp_ln80 & trunc_ln80 == 5)> <Delay = 1.75> <CoreInst = "RAM">   --->   Core 81 'RAM' <Latency = 1> <II = 1> <Delay = 1.75> <Storage> <Opcode : 'load' 'store'> <Ports = 2> <Width = 16> <Depth = 8> <RAM>
ST_7 : Operation 241 [2/2] (1.75ns)   --->   "%col_inbuf_2_load_6 = load i3 %col_inbuf_2_addr" [../dct.c:81]   --->   Operation 241 'load' 'col_inbuf_2_load_6' <Predicate = (!icmp_ln80 & trunc_ln80 == 5)> <Delay = 1.75> <CoreInst = "RAM">   --->   Core 81 'RAM' <Latency = 1> <II = 1> <Delay = 1.75> <Storage> <Opcode : 'load' 'store'> <Ports = 2> <Width = 16> <Depth = 8> <RAM>
ST_7 : Operation 242 [2/2] (1.75ns)   --->   "%col_inbuf_3_load_6 = load i3 %col_inbuf_3_addr" [../dct.c:81]   --->   Operation 242 'load' 'col_inbuf_3_load_6' <Predicate = (!icmp_ln80 & trunc_ln80 == 5)> <Delay = 1.75> <CoreInst = "RAM">   --->   Core 81 'RAM' <Latency = 1> <II = 1> <Delay = 1.75> <Storage> <Opcode : 'load' 'store'> <Ports = 2> <Width = 16> <Depth = 8> <RAM>
ST_7 : Operation 243 [2/2] (1.75ns)   --->   "%col_inbuf_4_load_6 = load i3 %col_inbuf_4_addr" [../dct.c:81]   --->   Operation 243 'load' 'col_inbuf_4_load_6' <Predicate = (!icmp_ln80 & trunc_ln80 == 5)> <Delay = 1.75> <CoreInst = "RAM">   --->   Core 81 'RAM' <Latency = 1> <II = 1> <Delay = 1.75> <Storage> <Opcode : 'load' 'store'> <Ports = 2> <Width = 16> <Depth = 8> <RAM>
ST_7 : Operation 244 [2/2] (1.75ns)   --->   "%col_inbuf_5_load_6 = load i3 %col_inbuf_5_addr" [../dct.c:81]   --->   Operation 244 'load' 'col_inbuf_5_load_6' <Predicate = (!icmp_ln80 & trunc_ln80 == 5)> <Delay = 1.75> <CoreInst = "RAM">   --->   Core 81 'RAM' <Latency = 1> <II = 1> <Delay = 1.75> <Storage> <Opcode : 'load' 'store'> <Ports = 2> <Width = 16> <Depth = 8> <RAM>
ST_7 : Operation 245 [2/2] (1.75ns)   --->   "%col_inbuf_6_load_6 = load i3 %col_inbuf_6_addr" [../dct.c:81]   --->   Operation 245 'load' 'col_inbuf_6_load_6' <Predicate = (!icmp_ln80 & trunc_ln80 == 5)> <Delay = 1.75> <CoreInst = "RAM">   --->   Core 81 'RAM' <Latency = 1> <II = 1> <Delay = 1.75> <Storage> <Opcode : 'load' 'store'> <Ports = 2> <Width = 16> <Depth = 8> <RAM>
ST_7 : Operation 246 [2/2] (1.75ns)   --->   "%col_inbuf_7_load_6 = load i3 %col_inbuf_7_addr" [../dct.c:81]   --->   Operation 246 'load' 'col_inbuf_7_load_6' <Predicate = (!icmp_ln80 & trunc_ln80 == 5)> <Delay = 1.75> <CoreInst = "RAM">   --->   Core 81 'RAM' <Latency = 1> <II = 1> <Delay = 1.75> <Storage> <Opcode : 'load' 'store'> <Ports = 2> <Width = 16> <Depth = 8> <RAM>
ST_7 : Operation 247 [2/2] (1.75ns)   --->   "%col_inbuf_load_5 = load i3 %col_inbuf_addr" [../dct.c:81]   --->   Operation 247 'load' 'col_inbuf_load_5' <Predicate = (!icmp_ln80 & trunc_ln80 == 4)> <Delay = 1.75> <CoreInst = "RAM">   --->   Core 81 'RAM' <Latency = 1> <II = 1> <Delay = 1.75> <Storage> <Opcode : 'load' 'store'> <Ports = 2> <Width = 16> <Depth = 8> <RAM>
ST_7 : Operation 248 [2/2] (1.75ns)   --->   "%col_inbuf_1_load_5 = load i3 %col_inbuf_1_addr" [../dct.c:81]   --->   Operation 248 'load' 'col_inbuf_1_load_5' <Predicate = (!icmp_ln80 & trunc_ln80 == 4)> <Delay = 1.75> <CoreInst = "RAM">   --->   Core 81 'RAM' <Latency = 1> <II = 1> <Delay = 1.75> <Storage> <Opcode : 'load' 'store'> <Ports = 2> <Width = 16> <Depth = 8> <RAM>
ST_7 : Operation 249 [2/2] (1.75ns)   --->   "%col_inbuf_2_load_5 = load i3 %col_inbuf_2_addr" [../dct.c:81]   --->   Operation 249 'load' 'col_inbuf_2_load_5' <Predicate = (!icmp_ln80 & trunc_ln80 == 4)> <Delay = 1.75> <CoreInst = "RAM">   --->   Core 81 'RAM' <Latency = 1> <II = 1> <Delay = 1.75> <Storage> <Opcode : 'load' 'store'> <Ports = 2> <Width = 16> <Depth = 8> <RAM>
ST_7 : Operation 250 [2/2] (1.75ns)   --->   "%col_inbuf_3_load_5 = load i3 %col_inbuf_3_addr" [../dct.c:81]   --->   Operation 250 'load' 'col_inbuf_3_load_5' <Predicate = (!icmp_ln80 & trunc_ln80 == 4)> <Delay = 1.75> <CoreInst = "RAM">   --->   Core 81 'RAM' <Latency = 1> <II = 1> <Delay = 1.75> <Storage> <Opcode : 'load' 'store'> <Ports = 2> <Width = 16> <Depth = 8> <RAM>
ST_7 : Operation 251 [2/2] (1.75ns)   --->   "%col_inbuf_4_load_5 = load i3 %col_inbuf_4_addr" [../dct.c:81]   --->   Operation 251 'load' 'col_inbuf_4_load_5' <Predicate = (!icmp_ln80 & trunc_ln80 == 4)> <Delay = 1.75> <CoreInst = "RAM">   --->   Core 81 'RAM' <Latency = 1> <II = 1> <Delay = 1.75> <Storage> <Opcode : 'load' 'store'> <Ports = 2> <Width = 16> <Depth = 8> <RAM>
ST_7 : Operation 252 [2/2] (1.75ns)   --->   "%col_inbuf_5_load_5 = load i3 %col_inbuf_5_addr" [../dct.c:81]   --->   Operation 252 'load' 'col_inbuf_5_load_5' <Predicate = (!icmp_ln80 & trunc_ln80 == 4)> <Delay = 1.75> <CoreInst = "RAM">   --->   Core 81 'RAM' <Latency = 1> <II = 1> <Delay = 1.75> <Storage> <Opcode : 'load' 'store'> <Ports = 2> <Width = 16> <Depth = 8> <RAM>
ST_7 : Operation 253 [2/2] (1.75ns)   --->   "%col_inbuf_6_load_5 = load i3 %col_inbuf_6_addr" [../dct.c:81]   --->   Operation 253 'load' 'col_inbuf_6_load_5' <Predicate = (!icmp_ln80 & trunc_ln80 == 4)> <Delay = 1.75> <CoreInst = "RAM">   --->   Core 81 'RAM' <Latency = 1> <II = 1> <Delay = 1.75> <Storage> <Opcode : 'load' 'store'> <Ports = 2> <Width = 16> <Depth = 8> <RAM>
ST_7 : Operation 254 [2/2] (1.75ns)   --->   "%col_inbuf_7_load_5 = load i3 %col_inbuf_7_addr" [../dct.c:81]   --->   Operation 254 'load' 'col_inbuf_7_load_5' <Predicate = (!icmp_ln80 & trunc_ln80 == 4)> <Delay = 1.75> <CoreInst = "RAM">   --->   Core 81 'RAM' <Latency = 1> <II = 1> <Delay = 1.75> <Storage> <Opcode : 'load' 'store'> <Ports = 2> <Width = 16> <Depth = 8> <RAM>
ST_7 : Operation 255 [2/2] (1.75ns)   --->   "%col_inbuf_load_4 = load i3 %col_inbuf_addr" [../dct.c:81]   --->   Operation 255 'load' 'col_inbuf_load_4' <Predicate = (!icmp_ln80 & trunc_ln80 == 3)> <Delay = 1.75> <CoreInst = "RAM">   --->   Core 81 'RAM' <Latency = 1> <II = 1> <Delay = 1.75> <Storage> <Opcode : 'load' 'store'> <Ports = 2> <Width = 16> <Depth = 8> <RAM>
ST_7 : Operation 256 [2/2] (1.75ns)   --->   "%col_inbuf_1_load_4 = load i3 %col_inbuf_1_addr" [../dct.c:81]   --->   Operation 256 'load' 'col_inbuf_1_load_4' <Predicate = (!icmp_ln80 & trunc_ln80 == 3)> <Delay = 1.75> <CoreInst = "RAM">   --->   Core 81 'RAM' <Latency = 1> <II = 1> <Delay = 1.75> <Storage> <Opcode : 'load' 'store'> <Ports = 2> <Width = 16> <Depth = 8> <RAM>
ST_7 : Operation 257 [2/2] (1.75ns)   --->   "%col_inbuf_2_load_4 = load i3 %col_inbuf_2_addr" [../dct.c:81]   --->   Operation 257 'load' 'col_inbuf_2_load_4' <Predicate = (!icmp_ln80 & trunc_ln80 == 3)> <Delay = 1.75> <CoreInst = "RAM">   --->   Core 81 'RAM' <Latency = 1> <II = 1> <Delay = 1.75> <Storage> <Opcode : 'load' 'store'> <Ports = 2> <Width = 16> <Depth = 8> <RAM>
ST_7 : Operation 258 [2/2] (1.75ns)   --->   "%col_inbuf_3_load_4 = load i3 %col_inbuf_3_addr" [../dct.c:81]   --->   Operation 258 'load' 'col_inbuf_3_load_4' <Predicate = (!icmp_ln80 & trunc_ln80 == 3)> <Delay = 1.75> <CoreInst = "RAM">   --->   Core 81 'RAM' <Latency = 1> <II = 1> <Delay = 1.75> <Storage> <Opcode : 'load' 'store'> <Ports = 2> <Width = 16> <Depth = 8> <RAM>
ST_7 : Operation 259 [2/2] (1.75ns)   --->   "%col_inbuf_4_load_4 = load i3 %col_inbuf_4_addr" [../dct.c:81]   --->   Operation 259 'load' 'col_inbuf_4_load_4' <Predicate = (!icmp_ln80 & trunc_ln80 == 3)> <Delay = 1.75> <CoreInst = "RAM">   --->   Core 81 'RAM' <Latency = 1> <II = 1> <Delay = 1.75> <Storage> <Opcode : 'load' 'store'> <Ports = 2> <Width = 16> <Depth = 8> <RAM>
ST_7 : Operation 260 [2/2] (1.75ns)   --->   "%col_inbuf_5_load_4 = load i3 %col_inbuf_5_addr" [../dct.c:81]   --->   Operation 260 'load' 'col_inbuf_5_load_4' <Predicate = (!icmp_ln80 & trunc_ln80 == 3)> <Delay = 1.75> <CoreInst = "RAM">   --->   Core 81 'RAM' <Latency = 1> <II = 1> <Delay = 1.75> <Storage> <Opcode : 'load' 'store'> <Ports = 2> <Width = 16> <Depth = 8> <RAM>
ST_7 : Operation 261 [2/2] (1.75ns)   --->   "%col_inbuf_6_load_4 = load i3 %col_inbuf_6_addr" [../dct.c:81]   --->   Operation 261 'load' 'col_inbuf_6_load_4' <Predicate = (!icmp_ln80 & trunc_ln80 == 3)> <Delay = 1.75> <CoreInst = "RAM">   --->   Core 81 'RAM' <Latency = 1> <II = 1> <Delay = 1.75> <Storage> <Opcode : 'load' 'store'> <Ports = 2> <Width = 16> <Depth = 8> <RAM>
ST_7 : Operation 262 [2/2] (1.75ns)   --->   "%col_inbuf_7_load_4 = load i3 %col_inbuf_7_addr" [../dct.c:81]   --->   Operation 262 'load' 'col_inbuf_7_load_4' <Predicate = (!icmp_ln80 & trunc_ln80 == 3)> <Delay = 1.75> <CoreInst = "RAM">   --->   Core 81 'RAM' <Latency = 1> <II = 1> <Delay = 1.75> <Storage> <Opcode : 'load' 'store'> <Ports = 2> <Width = 16> <Depth = 8> <RAM>
ST_7 : Operation 263 [2/2] (1.75ns)   --->   "%col_inbuf_load_3 = load i3 %col_inbuf_addr" [../dct.c:81]   --->   Operation 263 'load' 'col_inbuf_load_3' <Predicate = (!icmp_ln80 & trunc_ln80 == 2)> <Delay = 1.75> <CoreInst = "RAM">   --->   Core 81 'RAM' <Latency = 1> <II = 1> <Delay = 1.75> <Storage> <Opcode : 'load' 'store'> <Ports = 2> <Width = 16> <Depth = 8> <RAM>
ST_7 : Operation 264 [2/2] (1.75ns)   --->   "%col_inbuf_1_load_3 = load i3 %col_inbuf_1_addr" [../dct.c:81]   --->   Operation 264 'load' 'col_inbuf_1_load_3' <Predicate = (!icmp_ln80 & trunc_ln80 == 2)> <Delay = 1.75> <CoreInst = "RAM">   --->   Core 81 'RAM' <Latency = 1> <II = 1> <Delay = 1.75> <Storage> <Opcode : 'load' 'store'> <Ports = 2> <Width = 16> <Depth = 8> <RAM>
ST_7 : Operation 265 [2/2] (1.75ns)   --->   "%col_inbuf_2_load_3 = load i3 %col_inbuf_2_addr" [../dct.c:81]   --->   Operation 265 'load' 'col_inbuf_2_load_3' <Predicate = (!icmp_ln80 & trunc_ln80 == 2)> <Delay = 1.75> <CoreInst = "RAM">   --->   Core 81 'RAM' <Latency = 1> <II = 1> <Delay = 1.75> <Storage> <Opcode : 'load' 'store'> <Ports = 2> <Width = 16> <Depth = 8> <RAM>
ST_7 : Operation 266 [2/2] (1.75ns)   --->   "%col_inbuf_3_load_3 = load i3 %col_inbuf_3_addr" [../dct.c:81]   --->   Operation 266 'load' 'col_inbuf_3_load_3' <Predicate = (!icmp_ln80 & trunc_ln80 == 2)> <Delay = 1.75> <CoreInst = "RAM">   --->   Core 81 'RAM' <Latency = 1> <II = 1> <Delay = 1.75> <Storage> <Opcode : 'load' 'store'> <Ports = 2> <Width = 16> <Depth = 8> <RAM>
ST_7 : Operation 267 [2/2] (1.75ns)   --->   "%col_inbuf_4_load_3 = load i3 %col_inbuf_4_addr" [../dct.c:81]   --->   Operation 267 'load' 'col_inbuf_4_load_3' <Predicate = (!icmp_ln80 & trunc_ln80 == 2)> <Delay = 1.75> <CoreInst = "RAM">   --->   Core 81 'RAM' <Latency = 1> <II = 1> <Delay = 1.75> <Storage> <Opcode : 'load' 'store'> <Ports = 2> <Width = 16> <Depth = 8> <RAM>
ST_7 : Operation 268 [2/2] (1.75ns)   --->   "%col_inbuf_5_load_3 = load i3 %col_inbuf_5_addr" [../dct.c:81]   --->   Operation 268 'load' 'col_inbuf_5_load_3' <Predicate = (!icmp_ln80 & trunc_ln80 == 2)> <Delay = 1.75> <CoreInst = "RAM">   --->   Core 81 'RAM' <Latency = 1> <II = 1> <Delay = 1.75> <Storage> <Opcode : 'load' 'store'> <Ports = 2> <Width = 16> <Depth = 8> <RAM>
ST_7 : Operation 269 [2/2] (1.75ns)   --->   "%col_inbuf_6_load_3 = load i3 %col_inbuf_6_addr" [../dct.c:81]   --->   Operation 269 'load' 'col_inbuf_6_load_3' <Predicate = (!icmp_ln80 & trunc_ln80 == 2)> <Delay = 1.75> <CoreInst = "RAM">   --->   Core 81 'RAM' <Latency = 1> <II = 1> <Delay = 1.75> <Storage> <Opcode : 'load' 'store'> <Ports = 2> <Width = 16> <Depth = 8> <RAM>
ST_7 : Operation 270 [2/2] (1.75ns)   --->   "%col_inbuf_7_load_3 = load i3 %col_inbuf_7_addr" [../dct.c:81]   --->   Operation 270 'load' 'col_inbuf_7_load_3' <Predicate = (!icmp_ln80 & trunc_ln80 == 2)> <Delay = 1.75> <CoreInst = "RAM">   --->   Core 81 'RAM' <Latency = 1> <II = 1> <Delay = 1.75> <Storage> <Opcode : 'load' 'store'> <Ports = 2> <Width = 16> <Depth = 8> <RAM>
ST_7 : Operation 271 [2/2] (1.75ns)   --->   "%col_inbuf_load_2 = load i3 %col_inbuf_addr" [../dct.c:81]   --->   Operation 271 'load' 'col_inbuf_load_2' <Predicate = (!icmp_ln80 & trunc_ln80 == 1)> <Delay = 1.75> <CoreInst = "RAM">   --->   Core 81 'RAM' <Latency = 1> <II = 1> <Delay = 1.75> <Storage> <Opcode : 'load' 'store'> <Ports = 2> <Width = 16> <Depth = 8> <RAM>
ST_7 : Operation 272 [2/2] (1.75ns)   --->   "%col_inbuf_1_load_2 = load i3 %col_inbuf_1_addr" [../dct.c:81]   --->   Operation 272 'load' 'col_inbuf_1_load_2' <Predicate = (!icmp_ln80 & trunc_ln80 == 1)> <Delay = 1.75> <CoreInst = "RAM">   --->   Core 81 'RAM' <Latency = 1> <II = 1> <Delay = 1.75> <Storage> <Opcode : 'load' 'store'> <Ports = 2> <Width = 16> <Depth = 8> <RAM>
ST_7 : Operation 273 [2/2] (1.75ns)   --->   "%col_inbuf_2_load_2 = load i3 %col_inbuf_2_addr" [../dct.c:81]   --->   Operation 273 'load' 'col_inbuf_2_load_2' <Predicate = (!icmp_ln80 & trunc_ln80 == 1)> <Delay = 1.75> <CoreInst = "RAM">   --->   Core 81 'RAM' <Latency = 1> <II = 1> <Delay = 1.75> <Storage> <Opcode : 'load' 'store'> <Ports = 2> <Width = 16> <Depth = 8> <RAM>
ST_7 : Operation 274 [2/2] (1.75ns)   --->   "%col_inbuf_3_load_2 = load i3 %col_inbuf_3_addr" [../dct.c:81]   --->   Operation 274 'load' 'col_inbuf_3_load_2' <Predicate = (!icmp_ln80 & trunc_ln80 == 1)> <Delay = 1.75> <CoreInst = "RAM">   --->   Core 81 'RAM' <Latency = 1> <II = 1> <Delay = 1.75> <Storage> <Opcode : 'load' 'store'> <Ports = 2> <Width = 16> <Depth = 8> <RAM>
ST_7 : Operation 275 [2/2] (1.75ns)   --->   "%col_inbuf_4_load_2 = load i3 %col_inbuf_4_addr" [../dct.c:81]   --->   Operation 275 'load' 'col_inbuf_4_load_2' <Predicate = (!icmp_ln80 & trunc_ln80 == 1)> <Delay = 1.75> <CoreInst = "RAM">   --->   Core 81 'RAM' <Latency = 1> <II = 1> <Delay = 1.75> <Storage> <Opcode : 'load' 'store'> <Ports = 2> <Width = 16> <Depth = 8> <RAM>
ST_7 : Operation 276 [2/2] (1.75ns)   --->   "%col_inbuf_5_load_2 = load i3 %col_inbuf_5_addr" [../dct.c:81]   --->   Operation 276 'load' 'col_inbuf_5_load_2' <Predicate = (!icmp_ln80 & trunc_ln80 == 1)> <Delay = 1.75> <CoreInst = "RAM">   --->   Core 81 'RAM' <Latency = 1> <II = 1> <Delay = 1.75> <Storage> <Opcode : 'load' 'store'> <Ports = 2> <Width = 16> <Depth = 8> <RAM>
ST_7 : Operation 277 [2/2] (1.75ns)   --->   "%col_inbuf_6_load_2 = load i3 %col_inbuf_6_addr" [../dct.c:81]   --->   Operation 277 'load' 'col_inbuf_6_load_2' <Predicate = (!icmp_ln80 & trunc_ln80 == 1)> <Delay = 1.75> <CoreInst = "RAM">   --->   Core 81 'RAM' <Latency = 1> <II = 1> <Delay = 1.75> <Storage> <Opcode : 'load' 'store'> <Ports = 2> <Width = 16> <Depth = 8> <RAM>
ST_7 : Operation 278 [2/2] (1.75ns)   --->   "%col_inbuf_7_load_2 = load i3 %col_inbuf_7_addr" [../dct.c:81]   --->   Operation 278 'load' 'col_inbuf_7_load_2' <Predicate = (!icmp_ln80 & trunc_ln80 == 1)> <Delay = 1.75> <CoreInst = "RAM">   --->   Core 81 'RAM' <Latency = 1> <II = 1> <Delay = 1.75> <Storage> <Opcode : 'load' 'store'> <Ports = 2> <Width = 16> <Depth = 8> <RAM>
ST_7 : Operation 279 [2/2] (1.75ns)   --->   "%col_inbuf_load_1 = load i3 %col_inbuf_addr" [../dct.c:81]   --->   Operation 279 'load' 'col_inbuf_load_1' <Predicate = (!icmp_ln80 & trunc_ln80 == 0)> <Delay = 1.75> <CoreInst = "RAM">   --->   Core 81 'RAM' <Latency = 1> <II = 1> <Delay = 1.75> <Storage> <Opcode : 'load' 'store'> <Ports = 2> <Width = 16> <Depth = 8> <RAM>
ST_7 : Operation 280 [2/2] (1.75ns)   --->   "%col_inbuf_1_load_1 = load i3 %col_inbuf_1_addr" [../dct.c:81]   --->   Operation 280 'load' 'col_inbuf_1_load_1' <Predicate = (!icmp_ln80 & trunc_ln80 == 0)> <Delay = 1.75> <CoreInst = "RAM">   --->   Core 81 'RAM' <Latency = 1> <II = 1> <Delay = 1.75> <Storage> <Opcode : 'load' 'store'> <Ports = 2> <Width = 16> <Depth = 8> <RAM>
ST_7 : Operation 281 [2/2] (1.75ns)   --->   "%col_inbuf_2_load_1 = load i3 %col_inbuf_2_addr" [../dct.c:81]   --->   Operation 281 'load' 'col_inbuf_2_load_1' <Predicate = (!icmp_ln80 & trunc_ln80 == 0)> <Delay = 1.75> <CoreInst = "RAM">   --->   Core 81 'RAM' <Latency = 1> <II = 1> <Delay = 1.75> <Storage> <Opcode : 'load' 'store'> <Ports = 2> <Width = 16> <Depth = 8> <RAM>
ST_7 : Operation 282 [2/2] (1.75ns)   --->   "%col_inbuf_3_load_1 = load i3 %col_inbuf_3_addr" [../dct.c:81]   --->   Operation 282 'load' 'col_inbuf_3_load_1' <Predicate = (!icmp_ln80 & trunc_ln80 == 0)> <Delay = 1.75> <CoreInst = "RAM">   --->   Core 81 'RAM' <Latency = 1> <II = 1> <Delay = 1.75> <Storage> <Opcode : 'load' 'store'> <Ports = 2> <Width = 16> <Depth = 8> <RAM>
ST_7 : Operation 283 [2/2] (1.75ns)   --->   "%col_inbuf_4_load_1 = load i3 %col_inbuf_4_addr" [../dct.c:81]   --->   Operation 283 'load' 'col_inbuf_4_load_1' <Predicate = (!icmp_ln80 & trunc_ln80 == 0)> <Delay = 1.75> <CoreInst = "RAM">   --->   Core 81 'RAM' <Latency = 1> <II = 1> <Delay = 1.75> <Storage> <Opcode : 'load' 'store'> <Ports = 2> <Width = 16> <Depth = 8> <RAM>
ST_7 : Operation 284 [2/2] (1.75ns)   --->   "%col_inbuf_5_load_1 = load i3 %col_inbuf_5_addr" [../dct.c:81]   --->   Operation 284 'load' 'col_inbuf_5_load_1' <Predicate = (!icmp_ln80 & trunc_ln80 == 0)> <Delay = 1.75> <CoreInst = "RAM">   --->   Core 81 'RAM' <Latency = 1> <II = 1> <Delay = 1.75> <Storage> <Opcode : 'load' 'store'> <Ports = 2> <Width = 16> <Depth = 8> <RAM>
ST_7 : Operation 285 [2/2] (1.75ns)   --->   "%col_inbuf_6_load_1 = load i3 %col_inbuf_6_addr" [../dct.c:81]   --->   Operation 285 'load' 'col_inbuf_6_load_1' <Predicate = (!icmp_ln80 & trunc_ln80 == 0)> <Delay = 1.75> <CoreInst = "RAM">   --->   Core 81 'RAM' <Latency = 1> <II = 1> <Delay = 1.75> <Storage> <Opcode : 'load' 'store'> <Ports = 2> <Width = 16> <Depth = 8> <RAM>
ST_7 : Operation 286 [2/2] (1.75ns)   --->   "%col_inbuf_7_load_1 = load i3 %col_inbuf_7_addr" [../dct.c:81]   --->   Operation 286 'load' 'col_inbuf_7_load_1' <Predicate = (!icmp_ln80 & trunc_ln80 == 0)> <Delay = 1.75> <CoreInst = "RAM">   --->   Core 81 'RAM' <Latency = 1> <II = 1> <Delay = 1.75> <Storage> <Opcode : 'load' 'store'> <Ports = 2> <Width = 16> <Depth = 8> <RAM>
ST_7 : Operation 287 [2/2] (1.75ns)   --->   "%col_inbuf_load = load i3 %col_inbuf_addr" [../dct.c:81]   --->   Operation 287 'load' 'col_inbuf_load' <Predicate = (!icmp_ln80 & trunc_ln80 == 7)> <Delay = 1.75> <CoreInst = "RAM">   --->   Core 81 'RAM' <Latency = 1> <II = 1> <Delay = 1.75> <Storage> <Opcode : 'load' 'store'> <Ports = 2> <Width = 16> <Depth = 8> <RAM>
ST_7 : Operation 288 [2/2] (1.75ns)   --->   "%col_inbuf_1_load = load i3 %col_inbuf_1_addr" [../dct.c:81]   --->   Operation 288 'load' 'col_inbuf_1_load' <Predicate = (!icmp_ln80 & trunc_ln80 == 7)> <Delay = 1.75> <CoreInst = "RAM">   --->   Core 81 'RAM' <Latency = 1> <II = 1> <Delay = 1.75> <Storage> <Opcode : 'load' 'store'> <Ports = 2> <Width = 16> <Depth = 8> <RAM>
ST_7 : Operation 289 [2/2] (1.75ns)   --->   "%col_inbuf_2_load = load i3 %col_inbuf_2_addr" [../dct.c:81]   --->   Operation 289 'load' 'col_inbuf_2_load' <Predicate = (!icmp_ln80 & trunc_ln80 == 7)> <Delay = 1.75> <CoreInst = "RAM">   --->   Core 81 'RAM' <Latency = 1> <II = 1> <Delay = 1.75> <Storage> <Opcode : 'load' 'store'> <Ports = 2> <Width = 16> <Depth = 8> <RAM>
ST_7 : Operation 290 [2/2] (1.75ns)   --->   "%col_inbuf_3_load = load i3 %col_inbuf_3_addr" [../dct.c:81]   --->   Operation 290 'load' 'col_inbuf_3_load' <Predicate = (!icmp_ln80 & trunc_ln80 == 7)> <Delay = 1.75> <CoreInst = "RAM">   --->   Core 81 'RAM' <Latency = 1> <II = 1> <Delay = 1.75> <Storage> <Opcode : 'load' 'store'> <Ports = 2> <Width = 16> <Depth = 8> <RAM>
ST_7 : Operation 291 [2/2] (1.75ns)   --->   "%col_inbuf_4_load = load i3 %col_inbuf_4_addr" [../dct.c:81]   --->   Operation 291 'load' 'col_inbuf_4_load' <Predicate = (!icmp_ln80 & trunc_ln80 == 7)> <Delay = 1.75> <CoreInst = "RAM">   --->   Core 81 'RAM' <Latency = 1> <II = 1> <Delay = 1.75> <Storage> <Opcode : 'load' 'store'> <Ports = 2> <Width = 16> <Depth = 8> <RAM>
ST_7 : Operation 292 [2/2] (1.75ns)   --->   "%col_inbuf_5_load = load i3 %col_inbuf_5_addr" [../dct.c:81]   --->   Operation 292 'load' 'col_inbuf_5_load' <Predicate = (!icmp_ln80 & trunc_ln80 == 7)> <Delay = 1.75> <CoreInst = "RAM">   --->   Core 81 'RAM' <Latency = 1> <II = 1> <Delay = 1.75> <Storage> <Opcode : 'load' 'store'> <Ports = 2> <Width = 16> <Depth = 8> <RAM>
ST_7 : Operation 293 [2/2] (1.75ns)   --->   "%col_inbuf_6_load = load i3 %col_inbuf_6_addr" [../dct.c:81]   --->   Operation 293 'load' 'col_inbuf_6_load' <Predicate = (!icmp_ln80 & trunc_ln80 == 7)> <Delay = 1.75> <CoreInst = "RAM">   --->   Core 81 'RAM' <Latency = 1> <II = 1> <Delay = 1.75> <Storage> <Opcode : 'load' 'store'> <Ports = 2> <Width = 16> <Depth = 8> <RAM>
ST_7 : Operation 294 [2/2] (1.75ns)   --->   "%col_inbuf_7_load = load i3 %col_inbuf_7_addr" [../dct.c:81]   --->   Operation 294 'load' 'col_inbuf_7_load' <Predicate = (!icmp_ln80 & trunc_ln80 == 7)> <Delay = 1.75> <CoreInst = "RAM">   --->   Core 81 'RAM' <Latency = 1> <II = 1> <Delay = 1.75> <Storage> <Opcode : 'load' 'store'> <Ports = 2> <Width = 16> <Depth = 8> <RAM>
ST_7 : Operation 295 [2/2] (0.00ns)   --->   "%call_ln0 = call void @dct_2d_Pipeline_Xpose_Col_Outer_Loop, i16 %out_block_7, i16 %out_block_6, i16 %out_block_5, i16 %out_block_4, i16 %out_block_3, i16 %out_block_2, i16 %out_block_1, i16 %out_block_0, i16 %col_outbuf, i16 %col_outbuf_1, i16 %col_outbuf_2, i16 %col_outbuf_3, i16 %col_outbuf_4, i16 %col_outbuf_5, i16 %col_outbuf_6, i16 %col_outbuf_7"   --->   Operation 295 'call' 'call_ln0' <Predicate = (icmp_ln80)> <Delay = 0.00> <CoreType = "Generic">   --->   Generic Core

State 8 <SV = 4> <Delay = 1.75>
ST_8 : Operation 296 [1/2] ( I:1.75ns O:1.75ns )   --->   "%col_inbuf_load_7 = load i3 %col_inbuf_addr" [../dct.c:81]   --->   Operation 296 'load' 'col_inbuf_load_7' <Predicate = (trunc_ln80 == 6)> <Delay = 1.75> <CoreInst = "RAM">   --->   Core 81 'RAM' <Latency = 1> <II = 1> <Delay = 1.75> <Storage> <Opcode : 'load' 'store'> <Ports = 2> <Width = 16> <Depth = 8> <RAM>
ST_8 : Operation 297 [1/2] ( I:1.75ns O:1.75ns )   --->   "%col_inbuf_1_load_7 = load i3 %col_inbuf_1_addr" [../dct.c:81]   --->   Operation 297 'load' 'col_inbuf_1_load_7' <Predicate = (trunc_ln80 == 6)> <Delay = 1.75> <CoreInst = "RAM">   --->   Core 81 'RAM' <Latency = 1> <II = 1> <Delay = 1.75> <Storage> <Opcode : 'load' 'store'> <Ports = 2> <Width = 16> <Depth = 8> <RAM>
ST_8 : Operation 298 [1/2] ( I:1.75ns O:1.75ns )   --->   "%col_inbuf_2_load_7 = load i3 %col_inbuf_2_addr" [../dct.c:81]   --->   Operation 298 'load' 'col_inbuf_2_load_7' <Predicate = (trunc_ln80 == 6)> <Delay = 1.75> <CoreInst = "RAM">   --->   Core 81 'RAM' <Latency = 1> <II = 1> <Delay = 1.75> <Storage> <Opcode : 'load' 'store'> <Ports = 2> <Width = 16> <Depth = 8> <RAM>
ST_8 : Operation 299 [1/2] ( I:1.75ns O:1.75ns )   --->   "%col_inbuf_3_load_7 = load i3 %col_inbuf_3_addr" [../dct.c:81]   --->   Operation 299 'load' 'col_inbuf_3_load_7' <Predicate = (trunc_ln80 == 6)> <Delay = 1.75> <CoreInst = "RAM">   --->   Core 81 'RAM' <Latency = 1> <II = 1> <Delay = 1.75> <Storage> <Opcode : 'load' 'store'> <Ports = 2> <Width = 16> <Depth = 8> <RAM>
ST_8 : Operation 300 [1/2] ( I:1.75ns O:1.75ns )   --->   "%col_inbuf_4_load_7 = load i3 %col_inbuf_4_addr" [../dct.c:81]   --->   Operation 300 'load' 'col_inbuf_4_load_7' <Predicate = (trunc_ln80 == 6)> <Delay = 1.75> <CoreInst = "RAM">   --->   Core 81 'RAM' <Latency = 1> <II = 1> <Delay = 1.75> <Storage> <Opcode : 'load' 'store'> <Ports = 2> <Width = 16> <Depth = 8> <RAM>
ST_8 : Operation 301 [1/2] ( I:1.75ns O:1.75ns )   --->   "%col_inbuf_5_load_7 = load i3 %col_inbuf_5_addr" [../dct.c:81]   --->   Operation 301 'load' 'col_inbuf_5_load_7' <Predicate = (trunc_ln80 == 6)> <Delay = 1.75> <CoreInst = "RAM">   --->   Core 81 'RAM' <Latency = 1> <II = 1> <Delay = 1.75> <Storage> <Opcode : 'load' 'store'> <Ports = 2> <Width = 16> <Depth = 8> <RAM>
ST_8 : Operation 302 [1/2] ( I:1.75ns O:1.75ns )   --->   "%col_inbuf_6_load_7 = load i3 %col_inbuf_6_addr" [../dct.c:81]   --->   Operation 302 'load' 'col_inbuf_6_load_7' <Predicate = (trunc_ln80 == 6)> <Delay = 1.75> <CoreInst = "RAM">   --->   Core 81 'RAM' <Latency = 1> <II = 1> <Delay = 1.75> <Storage> <Opcode : 'load' 'store'> <Ports = 2> <Width = 16> <Depth = 8> <RAM>
ST_8 : Operation 303 [1/2] ( I:1.75ns O:1.75ns )   --->   "%col_inbuf_7_load_7 = load i3 %col_inbuf_7_addr" [../dct.c:81]   --->   Operation 303 'load' 'col_inbuf_7_load_7' <Predicate = (trunc_ln80 == 6)> <Delay = 1.75> <CoreInst = "RAM">   --->   Core 81 'RAM' <Latency = 1> <II = 1> <Delay = 1.75> <Storage> <Opcode : 'load' 'store'> <Ports = 2> <Width = 16> <Depth = 8> <RAM>
ST_8 : Operation 304 [2/2] (0.00ns)   --->   "%call_ln81 = call void @dct_1d.6.7, i16 %col_inbuf_load_7, i16 %col_inbuf_1_load_7, i16 %col_inbuf_2_load_7, i16 %col_inbuf_3_load_7, i16 %col_inbuf_4_load_7, i16 %col_inbuf_5_load_7, i16 %col_inbuf_6_load_7, i16 %col_inbuf_7_load_7, i16 %col_outbuf_6, i14 %dct_1d_dct_coeff_table_03, i15 %dct_1d_dct_coeff_table_14, i15 %dct_1d_dct_coeff_table_25, i15 %dct_1d_dct_coeff_table_36, i15 %dct_1d_dct_coeff_table_47, i15 %dct_1d_dct_coeff_table_58, i15 %dct_1d_dct_coeff_table_69, i15 %dct_1d_dct_coeff_table_710" [../dct.c:81]   --->   Operation 304 'call' 'call_ln81' <Predicate = (trunc_ln80 == 6)> <Delay = 0.00> <CoreType = "Generic">   --->   Generic Core
ST_8 : Operation 305 [1/2] ( I:1.75ns O:1.75ns )   --->   "%col_inbuf_load_6 = load i3 %col_inbuf_addr" [../dct.c:81]   --->   Operation 305 'load' 'col_inbuf_load_6' <Predicate = (trunc_ln80 == 5)> <Delay = 1.75> <CoreInst = "RAM">   --->   Core 81 'RAM' <Latency = 1> <II = 1> <Delay = 1.75> <Storage> <Opcode : 'load' 'store'> <Ports = 2> <Width = 16> <Depth = 8> <RAM>
ST_8 : Operation 306 [1/2] ( I:1.75ns O:1.75ns )   --->   "%col_inbuf_1_load_6 = load i3 %col_inbuf_1_addr" [../dct.c:81]   --->   Operation 306 'load' 'col_inbuf_1_load_6' <Predicate = (trunc_ln80 == 5)> <Delay = 1.75> <CoreInst = "RAM">   --->   Core 81 'RAM' <Latency = 1> <II = 1> <Delay = 1.75> <Storage> <Opcode : 'load' 'store'> <Ports = 2> <Width = 16> <Depth = 8> <RAM>
ST_8 : Operation 307 [1/2] ( I:1.75ns O:1.75ns )   --->   "%col_inbuf_2_load_6 = load i3 %col_inbuf_2_addr" [../dct.c:81]   --->   Operation 307 'load' 'col_inbuf_2_load_6' <Predicate = (trunc_ln80 == 5)> <Delay = 1.75> <CoreInst = "RAM">   --->   Core 81 'RAM' <Latency = 1> <II = 1> <Delay = 1.75> <Storage> <Opcode : 'load' 'store'> <Ports = 2> <Width = 16> <Depth = 8> <RAM>
ST_8 : Operation 308 [1/2] ( I:1.75ns O:1.75ns )   --->   "%col_inbuf_3_load_6 = load i3 %col_inbuf_3_addr" [../dct.c:81]   --->   Operation 308 'load' 'col_inbuf_3_load_6' <Predicate = (trunc_ln80 == 5)> <Delay = 1.75> <CoreInst = "RAM">   --->   Core 81 'RAM' <Latency = 1> <II = 1> <Delay = 1.75> <Storage> <Opcode : 'load' 'store'> <Ports = 2> <Width = 16> <Depth = 8> <RAM>
ST_8 : Operation 309 [1/2] ( I:1.75ns O:1.75ns )   --->   "%col_inbuf_4_load_6 = load i3 %col_inbuf_4_addr" [../dct.c:81]   --->   Operation 309 'load' 'col_inbuf_4_load_6' <Predicate = (trunc_ln80 == 5)> <Delay = 1.75> <CoreInst = "RAM">   --->   Core 81 'RAM' <Latency = 1> <II = 1> <Delay = 1.75> <Storage> <Opcode : 'load' 'store'> <Ports = 2> <Width = 16> <Depth = 8> <RAM>
ST_8 : Operation 310 [1/2] ( I:1.75ns O:1.75ns )   --->   "%col_inbuf_5_load_6 = load i3 %col_inbuf_5_addr" [../dct.c:81]   --->   Operation 310 'load' 'col_inbuf_5_load_6' <Predicate = (trunc_ln80 == 5)> <Delay = 1.75> <CoreInst = "RAM">   --->   Core 81 'RAM' <Latency = 1> <II = 1> <Delay = 1.75> <Storage> <Opcode : 'load' 'store'> <Ports = 2> <Width = 16> <Depth = 8> <RAM>
ST_8 : Operation 311 [1/2] ( I:1.75ns O:1.75ns )   --->   "%col_inbuf_6_load_6 = load i3 %col_inbuf_6_addr" [../dct.c:81]   --->   Operation 311 'load' 'col_inbuf_6_load_6' <Predicate = (trunc_ln80 == 5)> <Delay = 1.75> <CoreInst = "RAM">   --->   Core 81 'RAM' <Latency = 1> <II = 1> <Delay = 1.75> <Storage> <Opcode : 'load' 'store'> <Ports = 2> <Width = 16> <Depth = 8> <RAM>
ST_8 : Operation 312 [1/2] ( I:1.75ns O:1.75ns )   --->   "%col_inbuf_7_load_6 = load i3 %col_inbuf_7_addr" [../dct.c:81]   --->   Operation 312 'load' 'col_inbuf_7_load_6' <Predicate = (trunc_ln80 == 5)> <Delay = 1.75> <CoreInst = "RAM">   --->   Core 81 'RAM' <Latency = 1> <II = 1> <Delay = 1.75> <Storage> <Opcode : 'load' 'store'> <Ports = 2> <Width = 16> <Depth = 8> <RAM>
ST_8 : Operation 313 [2/2] (0.00ns)   --->   "%call_ln81 = call void @dct_1d.6.7, i16 %col_inbuf_load_6, i16 %col_inbuf_1_load_6, i16 %col_inbuf_2_load_6, i16 %col_inbuf_3_load_6, i16 %col_inbuf_4_load_6, i16 %col_inbuf_5_load_6, i16 %col_inbuf_6_load_6, i16 %col_inbuf_7_load_6, i16 %col_outbuf_5, i14 %dct_1d_dct_coeff_table_03, i15 %dct_1d_dct_coeff_table_14, i15 %dct_1d_dct_coeff_table_25, i15 %dct_1d_dct_coeff_table_36, i15 %dct_1d_dct_coeff_table_47, i15 %dct_1d_dct_coeff_table_58, i15 %dct_1d_dct_coeff_table_69, i15 %dct_1d_dct_coeff_table_710" [../dct.c:81]   --->   Operation 313 'call' 'call_ln81' <Predicate = (trunc_ln80 == 5)> <Delay = 0.00> <CoreType = "Generic">   --->   Generic Core
ST_8 : Operation 314 [1/2] ( I:1.75ns O:1.75ns )   --->   "%col_inbuf_load_5 = load i3 %col_inbuf_addr" [../dct.c:81]   --->   Operation 314 'load' 'col_inbuf_load_5' <Predicate = (trunc_ln80 == 4)> <Delay = 1.75> <CoreInst = "RAM">   --->   Core 81 'RAM' <Latency = 1> <II = 1> <Delay = 1.75> <Storage> <Opcode : 'load' 'store'> <Ports = 2> <Width = 16> <Depth = 8> <RAM>
ST_8 : Operation 315 [1/2] ( I:1.75ns O:1.75ns )   --->   "%col_inbuf_1_load_5 = load i3 %col_inbuf_1_addr" [../dct.c:81]   --->   Operation 315 'load' 'col_inbuf_1_load_5' <Predicate = (trunc_ln80 == 4)> <Delay = 1.75> <CoreInst = "RAM">   --->   Core 81 'RAM' <Latency = 1> <II = 1> <Delay = 1.75> <Storage> <Opcode : 'load' 'store'> <Ports = 2> <Width = 16> <Depth = 8> <RAM>
ST_8 : Operation 316 [1/2] ( I:1.75ns O:1.75ns )   --->   "%col_inbuf_2_load_5 = load i3 %col_inbuf_2_addr" [../dct.c:81]   --->   Operation 316 'load' 'col_inbuf_2_load_5' <Predicate = (trunc_ln80 == 4)> <Delay = 1.75> <CoreInst = "RAM">   --->   Core 81 'RAM' <Latency = 1> <II = 1> <Delay = 1.75> <Storage> <Opcode : 'load' 'store'> <Ports = 2> <Width = 16> <Depth = 8> <RAM>
ST_8 : Operation 317 [1/2] ( I:1.75ns O:1.75ns )   --->   "%col_inbuf_3_load_5 = load i3 %col_inbuf_3_addr" [../dct.c:81]   --->   Operation 317 'load' 'col_inbuf_3_load_5' <Predicate = (trunc_ln80 == 4)> <Delay = 1.75> <CoreInst = "RAM">   --->   Core 81 'RAM' <Latency = 1> <II = 1> <Delay = 1.75> <Storage> <Opcode : 'load' 'store'> <Ports = 2> <Width = 16> <Depth = 8> <RAM>
ST_8 : Operation 318 [1/2] ( I:1.75ns O:1.75ns )   --->   "%col_inbuf_4_load_5 = load i3 %col_inbuf_4_addr" [../dct.c:81]   --->   Operation 318 'load' 'col_inbuf_4_load_5' <Predicate = (trunc_ln80 == 4)> <Delay = 1.75> <CoreInst = "RAM">   --->   Core 81 'RAM' <Latency = 1> <II = 1> <Delay = 1.75> <Storage> <Opcode : 'load' 'store'> <Ports = 2> <Width = 16> <Depth = 8> <RAM>
ST_8 : Operation 319 [1/2] ( I:1.75ns O:1.75ns )   --->   "%col_inbuf_5_load_5 = load i3 %col_inbuf_5_addr" [../dct.c:81]   --->   Operation 319 'load' 'col_inbuf_5_load_5' <Predicate = (trunc_ln80 == 4)> <Delay = 1.75> <CoreInst = "RAM">   --->   Core 81 'RAM' <Latency = 1> <II = 1> <Delay = 1.75> <Storage> <Opcode : 'load' 'store'> <Ports = 2> <Width = 16> <Depth = 8> <RAM>
ST_8 : Operation 320 [1/2] ( I:1.75ns O:1.75ns )   --->   "%col_inbuf_6_load_5 = load i3 %col_inbuf_6_addr" [../dct.c:81]   --->   Operation 320 'load' 'col_inbuf_6_load_5' <Predicate = (trunc_ln80 == 4)> <Delay = 1.75> <CoreInst = "RAM">   --->   Core 81 'RAM' <Latency = 1> <II = 1> <Delay = 1.75> <Storage> <Opcode : 'load' 'store'> <Ports = 2> <Width = 16> <Depth = 8> <RAM>
ST_8 : Operation 321 [1/2] ( I:1.75ns O:1.75ns )   --->   "%col_inbuf_7_load_5 = load i3 %col_inbuf_7_addr" [../dct.c:81]   --->   Operation 321 'load' 'col_inbuf_7_load_5' <Predicate = (trunc_ln80 == 4)> <Delay = 1.75> <CoreInst = "RAM">   --->   Core 81 'RAM' <Latency = 1> <II = 1> <Delay = 1.75> <Storage> <Opcode : 'load' 'store'> <Ports = 2> <Width = 16> <Depth = 8> <RAM>
ST_8 : Operation 322 [2/2] (0.00ns)   --->   "%call_ln81 = call void @dct_1d.6.7, i16 %col_inbuf_load_5, i16 %col_inbuf_1_load_5, i16 %col_inbuf_2_load_5, i16 %col_inbuf_3_load_5, i16 %col_inbuf_4_load_5, i16 %col_inbuf_5_load_5, i16 %col_inbuf_6_load_5, i16 %col_inbuf_7_load_5, i16 %col_outbuf_4, i14 %dct_1d_dct_coeff_table_03, i15 %dct_1d_dct_coeff_table_14, i15 %dct_1d_dct_coeff_table_25, i15 %dct_1d_dct_coeff_table_36, i15 %dct_1d_dct_coeff_table_47, i15 %dct_1d_dct_coeff_table_58, i15 %dct_1d_dct_coeff_table_69, i15 %dct_1d_dct_coeff_table_710" [../dct.c:81]   --->   Operation 322 'call' 'call_ln81' <Predicate = (trunc_ln80 == 4)> <Delay = 0.00> <CoreType = "Generic">   --->   Generic Core
ST_8 : Operation 323 [1/2] ( I:1.75ns O:1.75ns )   --->   "%col_inbuf_load_4 = load i3 %col_inbuf_addr" [../dct.c:81]   --->   Operation 323 'load' 'col_inbuf_load_4' <Predicate = (trunc_ln80 == 3)> <Delay = 1.75> <CoreInst = "RAM">   --->   Core 81 'RAM' <Latency = 1> <II = 1> <Delay = 1.75> <Storage> <Opcode : 'load' 'store'> <Ports = 2> <Width = 16> <Depth = 8> <RAM>
ST_8 : Operation 324 [1/2] ( I:1.75ns O:1.75ns )   --->   "%col_inbuf_1_load_4 = load i3 %col_inbuf_1_addr" [../dct.c:81]   --->   Operation 324 'load' 'col_inbuf_1_load_4' <Predicate = (trunc_ln80 == 3)> <Delay = 1.75> <CoreInst = "RAM">   --->   Core 81 'RAM' <Latency = 1> <II = 1> <Delay = 1.75> <Storage> <Opcode : 'load' 'store'> <Ports = 2> <Width = 16> <Depth = 8> <RAM>
ST_8 : Operation 325 [1/2] ( I:1.75ns O:1.75ns )   --->   "%col_inbuf_2_load_4 = load i3 %col_inbuf_2_addr" [../dct.c:81]   --->   Operation 325 'load' 'col_inbuf_2_load_4' <Predicate = (trunc_ln80 == 3)> <Delay = 1.75> <CoreInst = "RAM">   --->   Core 81 'RAM' <Latency = 1> <II = 1> <Delay = 1.75> <Storage> <Opcode : 'load' 'store'> <Ports = 2> <Width = 16> <Depth = 8> <RAM>
ST_8 : Operation 326 [1/2] ( I:1.75ns O:1.75ns )   --->   "%col_inbuf_3_load_4 = load i3 %col_inbuf_3_addr" [../dct.c:81]   --->   Operation 326 'load' 'col_inbuf_3_load_4' <Predicate = (trunc_ln80 == 3)> <Delay = 1.75> <CoreInst = "RAM">   --->   Core 81 'RAM' <Latency = 1> <II = 1> <Delay = 1.75> <Storage> <Opcode : 'load' 'store'> <Ports = 2> <Width = 16> <Depth = 8> <RAM>
ST_8 : Operation 327 [1/2] ( I:1.75ns O:1.75ns )   --->   "%col_inbuf_4_load_4 = load i3 %col_inbuf_4_addr" [../dct.c:81]   --->   Operation 327 'load' 'col_inbuf_4_load_4' <Predicate = (trunc_ln80 == 3)> <Delay = 1.75> <CoreInst = "RAM">   --->   Core 81 'RAM' <Latency = 1> <II = 1> <Delay = 1.75> <Storage> <Opcode : 'load' 'store'> <Ports = 2> <Width = 16> <Depth = 8> <RAM>
ST_8 : Operation 328 [1/2] ( I:1.75ns O:1.75ns )   --->   "%col_inbuf_5_load_4 = load i3 %col_inbuf_5_addr" [../dct.c:81]   --->   Operation 328 'load' 'col_inbuf_5_load_4' <Predicate = (trunc_ln80 == 3)> <Delay = 1.75> <CoreInst = "RAM">   --->   Core 81 'RAM' <Latency = 1> <II = 1> <Delay = 1.75> <Storage> <Opcode : 'load' 'store'> <Ports = 2> <Width = 16> <Depth = 8> <RAM>
ST_8 : Operation 329 [1/2] ( I:1.75ns O:1.75ns )   --->   "%col_inbuf_6_load_4 = load i3 %col_inbuf_6_addr" [../dct.c:81]   --->   Operation 329 'load' 'col_inbuf_6_load_4' <Predicate = (trunc_ln80 == 3)> <Delay = 1.75> <CoreInst = "RAM">   --->   Core 81 'RAM' <Latency = 1> <II = 1> <Delay = 1.75> <Storage> <Opcode : 'load' 'store'> <Ports = 2> <Width = 16> <Depth = 8> <RAM>
ST_8 : Operation 330 [1/2] ( I:1.75ns O:1.75ns )   --->   "%col_inbuf_7_load_4 = load i3 %col_inbuf_7_addr" [../dct.c:81]   --->   Operation 330 'load' 'col_inbuf_7_load_4' <Predicate = (trunc_ln80 == 3)> <Delay = 1.75> <CoreInst = "RAM">   --->   Core 81 'RAM' <Latency = 1> <II = 1> <Delay = 1.75> <Storage> <Opcode : 'load' 'store'> <Ports = 2> <Width = 16> <Depth = 8> <RAM>
ST_8 : Operation 331 [2/2] (0.00ns)   --->   "%call_ln81 = call void @dct_1d.6.7, i16 %col_inbuf_load_4, i16 %col_inbuf_1_load_4, i16 %col_inbuf_2_load_4, i16 %col_inbuf_3_load_4, i16 %col_inbuf_4_load_4, i16 %col_inbuf_5_load_4, i16 %col_inbuf_6_load_4, i16 %col_inbuf_7_load_4, i16 %col_outbuf_3, i14 %dct_1d_dct_coeff_table_03, i15 %dct_1d_dct_coeff_table_14, i15 %dct_1d_dct_coeff_table_25, i15 %dct_1d_dct_coeff_table_36, i15 %dct_1d_dct_coeff_table_47, i15 %dct_1d_dct_coeff_table_58, i15 %dct_1d_dct_coeff_table_69, i15 %dct_1d_dct_coeff_table_710" [../dct.c:81]   --->   Operation 331 'call' 'call_ln81' <Predicate = (trunc_ln80 == 3)> <Delay = 0.00> <CoreType = "Generic">   --->   Generic Core
ST_8 : Operation 332 [1/2] ( I:1.75ns O:1.75ns )   --->   "%col_inbuf_load_3 = load i3 %col_inbuf_addr" [../dct.c:81]   --->   Operation 332 'load' 'col_inbuf_load_3' <Predicate = (trunc_ln80 == 2)> <Delay = 1.75> <CoreInst = "RAM">   --->   Core 81 'RAM' <Latency = 1> <II = 1> <Delay = 1.75> <Storage> <Opcode : 'load' 'store'> <Ports = 2> <Width = 16> <Depth = 8> <RAM>
ST_8 : Operation 333 [1/2] ( I:1.75ns O:1.75ns )   --->   "%col_inbuf_1_load_3 = load i3 %col_inbuf_1_addr" [../dct.c:81]   --->   Operation 333 'load' 'col_inbuf_1_load_3' <Predicate = (trunc_ln80 == 2)> <Delay = 1.75> <CoreInst = "RAM">   --->   Core 81 'RAM' <Latency = 1> <II = 1> <Delay = 1.75> <Storage> <Opcode : 'load' 'store'> <Ports = 2> <Width = 16> <Depth = 8> <RAM>
ST_8 : Operation 334 [1/2] ( I:1.75ns O:1.75ns )   --->   "%col_inbuf_2_load_3 = load i3 %col_inbuf_2_addr" [../dct.c:81]   --->   Operation 334 'load' 'col_inbuf_2_load_3' <Predicate = (trunc_ln80 == 2)> <Delay = 1.75> <CoreInst = "RAM">   --->   Core 81 'RAM' <Latency = 1> <II = 1> <Delay = 1.75> <Storage> <Opcode : 'load' 'store'> <Ports = 2> <Width = 16> <Depth = 8> <RAM>
ST_8 : Operation 335 [1/2] ( I:1.75ns O:1.75ns )   --->   "%col_inbuf_3_load_3 = load i3 %col_inbuf_3_addr" [../dct.c:81]   --->   Operation 335 'load' 'col_inbuf_3_load_3' <Predicate = (trunc_ln80 == 2)> <Delay = 1.75> <CoreInst = "RAM">   --->   Core 81 'RAM' <Latency = 1> <II = 1> <Delay = 1.75> <Storage> <Opcode : 'load' 'store'> <Ports = 2> <Width = 16> <Depth = 8> <RAM>
ST_8 : Operation 336 [1/2] ( I:1.75ns O:1.75ns )   --->   "%col_inbuf_4_load_3 = load i3 %col_inbuf_4_addr" [../dct.c:81]   --->   Operation 336 'load' 'col_inbuf_4_load_3' <Predicate = (trunc_ln80 == 2)> <Delay = 1.75> <CoreInst = "RAM">   --->   Core 81 'RAM' <Latency = 1> <II = 1> <Delay = 1.75> <Storage> <Opcode : 'load' 'store'> <Ports = 2> <Width = 16> <Depth = 8> <RAM>
ST_8 : Operation 337 [1/2] ( I:1.75ns O:1.75ns )   --->   "%col_inbuf_5_load_3 = load i3 %col_inbuf_5_addr" [../dct.c:81]   --->   Operation 337 'load' 'col_inbuf_5_load_3' <Predicate = (trunc_ln80 == 2)> <Delay = 1.75> <CoreInst = "RAM">   --->   Core 81 'RAM' <Latency = 1> <II = 1> <Delay = 1.75> <Storage> <Opcode : 'load' 'store'> <Ports = 2> <Width = 16> <Depth = 8> <RAM>
ST_8 : Operation 338 [1/2] ( I:1.75ns O:1.75ns )   --->   "%col_inbuf_6_load_3 = load i3 %col_inbuf_6_addr" [../dct.c:81]   --->   Operation 338 'load' 'col_inbuf_6_load_3' <Predicate = (trunc_ln80 == 2)> <Delay = 1.75> <CoreInst = "RAM">   --->   Core 81 'RAM' <Latency = 1> <II = 1> <Delay = 1.75> <Storage> <Opcode : 'load' 'store'> <Ports = 2> <Width = 16> <Depth = 8> <RAM>
ST_8 : Operation 339 [1/2] ( I:1.75ns O:1.75ns )   --->   "%col_inbuf_7_load_3 = load i3 %col_inbuf_7_addr" [../dct.c:81]   --->   Operation 339 'load' 'col_inbuf_7_load_3' <Predicate = (trunc_ln80 == 2)> <Delay = 1.75> <CoreInst = "RAM">   --->   Core 81 'RAM' <Latency = 1> <II = 1> <Delay = 1.75> <Storage> <Opcode : 'load' 'store'> <Ports = 2> <Width = 16> <Depth = 8> <RAM>
ST_8 : Operation 340 [2/2] (0.00ns)   --->   "%call_ln81 = call void @dct_1d.6.7, i16 %col_inbuf_load_3, i16 %col_inbuf_1_load_3, i16 %col_inbuf_2_load_3, i16 %col_inbuf_3_load_3, i16 %col_inbuf_4_load_3, i16 %col_inbuf_5_load_3, i16 %col_inbuf_6_load_3, i16 %col_inbuf_7_load_3, i16 %col_outbuf_2, i14 %dct_1d_dct_coeff_table_03, i15 %dct_1d_dct_coeff_table_14, i15 %dct_1d_dct_coeff_table_25, i15 %dct_1d_dct_coeff_table_36, i15 %dct_1d_dct_coeff_table_47, i15 %dct_1d_dct_coeff_table_58, i15 %dct_1d_dct_coeff_table_69, i15 %dct_1d_dct_coeff_table_710" [../dct.c:81]   --->   Operation 340 'call' 'call_ln81' <Predicate = (trunc_ln80 == 2)> <Delay = 0.00> <CoreType = "Generic">   --->   Generic Core
ST_8 : Operation 341 [1/2] ( I:1.75ns O:1.75ns )   --->   "%col_inbuf_load_2 = load i3 %col_inbuf_addr" [../dct.c:81]   --->   Operation 341 'load' 'col_inbuf_load_2' <Predicate = (trunc_ln80 == 1)> <Delay = 1.75> <CoreInst = "RAM">   --->   Core 81 'RAM' <Latency = 1> <II = 1> <Delay = 1.75> <Storage> <Opcode : 'load' 'store'> <Ports = 2> <Width = 16> <Depth = 8> <RAM>
ST_8 : Operation 342 [1/2] ( I:1.75ns O:1.75ns )   --->   "%col_inbuf_1_load_2 = load i3 %col_inbuf_1_addr" [../dct.c:81]   --->   Operation 342 'load' 'col_inbuf_1_load_2' <Predicate = (trunc_ln80 == 1)> <Delay = 1.75> <CoreInst = "RAM">   --->   Core 81 'RAM' <Latency = 1> <II = 1> <Delay = 1.75> <Storage> <Opcode : 'load' 'store'> <Ports = 2> <Width = 16> <Depth = 8> <RAM>
ST_8 : Operation 343 [1/2] ( I:1.75ns O:1.75ns )   --->   "%col_inbuf_2_load_2 = load i3 %col_inbuf_2_addr" [../dct.c:81]   --->   Operation 343 'load' 'col_inbuf_2_load_2' <Predicate = (trunc_ln80 == 1)> <Delay = 1.75> <CoreInst = "RAM">   --->   Core 81 'RAM' <Latency = 1> <II = 1> <Delay = 1.75> <Storage> <Opcode : 'load' 'store'> <Ports = 2> <Width = 16> <Depth = 8> <RAM>
ST_8 : Operation 344 [1/2] ( I:1.75ns O:1.75ns )   --->   "%col_inbuf_3_load_2 = load i3 %col_inbuf_3_addr" [../dct.c:81]   --->   Operation 344 'load' 'col_inbuf_3_load_2' <Predicate = (trunc_ln80 == 1)> <Delay = 1.75> <CoreInst = "RAM">   --->   Core 81 'RAM' <Latency = 1> <II = 1> <Delay = 1.75> <Storage> <Opcode : 'load' 'store'> <Ports = 2> <Width = 16> <Depth = 8> <RAM>
ST_8 : Operation 345 [1/2] ( I:1.75ns O:1.75ns )   --->   "%col_inbuf_4_load_2 = load i3 %col_inbuf_4_addr" [../dct.c:81]   --->   Operation 345 'load' 'col_inbuf_4_load_2' <Predicate = (trunc_ln80 == 1)> <Delay = 1.75> <CoreInst = "RAM">   --->   Core 81 'RAM' <Latency = 1> <II = 1> <Delay = 1.75> <Storage> <Opcode : 'load' 'store'> <Ports = 2> <Width = 16> <Depth = 8> <RAM>
ST_8 : Operation 346 [1/2] ( I:1.75ns O:1.75ns )   --->   "%col_inbuf_5_load_2 = load i3 %col_inbuf_5_addr" [../dct.c:81]   --->   Operation 346 'load' 'col_inbuf_5_load_2' <Predicate = (trunc_ln80 == 1)> <Delay = 1.75> <CoreInst = "RAM">   --->   Core 81 'RAM' <Latency = 1> <II = 1> <Delay = 1.75> <Storage> <Opcode : 'load' 'store'> <Ports = 2> <Width = 16> <Depth = 8> <RAM>
ST_8 : Operation 347 [1/2] ( I:1.75ns O:1.75ns )   --->   "%col_inbuf_6_load_2 = load i3 %col_inbuf_6_addr" [../dct.c:81]   --->   Operation 347 'load' 'col_inbuf_6_load_2' <Predicate = (trunc_ln80 == 1)> <Delay = 1.75> <CoreInst = "RAM">   --->   Core 81 'RAM' <Latency = 1> <II = 1> <Delay = 1.75> <Storage> <Opcode : 'load' 'store'> <Ports = 2> <Width = 16> <Depth = 8> <RAM>
ST_8 : Operation 348 [1/2] ( I:1.75ns O:1.75ns )   --->   "%col_inbuf_7_load_2 = load i3 %col_inbuf_7_addr" [../dct.c:81]   --->   Operation 348 'load' 'col_inbuf_7_load_2' <Predicate = (trunc_ln80 == 1)> <Delay = 1.75> <CoreInst = "RAM">   --->   Core 81 'RAM' <Latency = 1> <II = 1> <Delay = 1.75> <Storage> <Opcode : 'load' 'store'> <Ports = 2> <Width = 16> <Depth = 8> <RAM>
ST_8 : Operation 349 [2/2] (0.00ns)   --->   "%call_ln81 = call void @dct_1d.6.7, i16 %col_inbuf_load_2, i16 %col_inbuf_1_load_2, i16 %col_inbuf_2_load_2, i16 %col_inbuf_3_load_2, i16 %col_inbuf_4_load_2, i16 %col_inbuf_5_load_2, i16 %col_inbuf_6_load_2, i16 %col_inbuf_7_load_2, i16 %col_outbuf_1, i14 %dct_1d_dct_coeff_table_03, i15 %dct_1d_dct_coeff_table_14, i15 %dct_1d_dct_coeff_table_25, i15 %dct_1d_dct_coeff_table_36, i15 %dct_1d_dct_coeff_table_47, i15 %dct_1d_dct_coeff_table_58, i15 %dct_1d_dct_coeff_table_69, i15 %dct_1d_dct_coeff_table_710" [../dct.c:81]   --->   Operation 349 'call' 'call_ln81' <Predicate = (trunc_ln80 == 1)> <Delay = 0.00> <CoreType = "Generic">   --->   Generic Core
ST_8 : Operation 350 [1/2] ( I:1.75ns O:1.75ns )   --->   "%col_inbuf_load_1 = load i3 %col_inbuf_addr" [../dct.c:81]   --->   Operation 350 'load' 'col_inbuf_load_1' <Predicate = (trunc_ln80 == 0)> <Delay = 1.75> <CoreInst = "RAM">   --->   Core 81 'RAM' <Latency = 1> <II = 1> <Delay = 1.75> <Storage> <Opcode : 'load' 'store'> <Ports = 2> <Width = 16> <Depth = 8> <RAM>
ST_8 : Operation 351 [1/2] ( I:1.75ns O:1.75ns )   --->   "%col_inbuf_1_load_1 = load i3 %col_inbuf_1_addr" [../dct.c:81]   --->   Operation 351 'load' 'col_inbuf_1_load_1' <Predicate = (trunc_ln80 == 0)> <Delay = 1.75> <CoreInst = "RAM">   --->   Core 81 'RAM' <Latency = 1> <II = 1> <Delay = 1.75> <Storage> <Opcode : 'load' 'store'> <Ports = 2> <Width = 16> <Depth = 8> <RAM>
ST_8 : Operation 352 [1/2] ( I:1.75ns O:1.75ns )   --->   "%col_inbuf_2_load_1 = load i3 %col_inbuf_2_addr" [../dct.c:81]   --->   Operation 352 'load' 'col_inbuf_2_load_1' <Predicate = (trunc_ln80 == 0)> <Delay = 1.75> <CoreInst = "RAM">   --->   Core 81 'RAM' <Latency = 1> <II = 1> <Delay = 1.75> <Storage> <Opcode : 'load' 'store'> <Ports = 2> <Width = 16> <Depth = 8> <RAM>
ST_8 : Operation 353 [1/2] ( I:1.75ns O:1.75ns )   --->   "%col_inbuf_3_load_1 = load i3 %col_inbuf_3_addr" [../dct.c:81]   --->   Operation 353 'load' 'col_inbuf_3_load_1' <Predicate = (trunc_ln80 == 0)> <Delay = 1.75> <CoreInst = "RAM">   --->   Core 81 'RAM' <Latency = 1> <II = 1> <Delay = 1.75> <Storage> <Opcode : 'load' 'store'> <Ports = 2> <Width = 16> <Depth = 8> <RAM>
ST_8 : Operation 354 [1/2] ( I:1.75ns O:1.75ns )   --->   "%col_inbuf_4_load_1 = load i3 %col_inbuf_4_addr" [../dct.c:81]   --->   Operation 354 'load' 'col_inbuf_4_load_1' <Predicate = (trunc_ln80 == 0)> <Delay = 1.75> <CoreInst = "RAM">   --->   Core 81 'RAM' <Latency = 1> <II = 1> <Delay = 1.75> <Storage> <Opcode : 'load' 'store'> <Ports = 2> <Width = 16> <Depth = 8> <RAM>
ST_8 : Operation 355 [1/2] ( I:1.75ns O:1.75ns )   --->   "%col_inbuf_5_load_1 = load i3 %col_inbuf_5_addr" [../dct.c:81]   --->   Operation 355 'load' 'col_inbuf_5_load_1' <Predicate = (trunc_ln80 == 0)> <Delay = 1.75> <CoreInst = "RAM">   --->   Core 81 'RAM' <Latency = 1> <II = 1> <Delay = 1.75> <Storage> <Opcode : 'load' 'store'> <Ports = 2> <Width = 16> <Depth = 8> <RAM>
ST_8 : Operation 356 [1/2] ( I:1.75ns O:1.75ns )   --->   "%col_inbuf_6_load_1 = load i3 %col_inbuf_6_addr" [../dct.c:81]   --->   Operation 356 'load' 'col_inbuf_6_load_1' <Predicate = (trunc_ln80 == 0)> <Delay = 1.75> <CoreInst = "RAM">   --->   Core 81 'RAM' <Latency = 1> <II = 1> <Delay = 1.75> <Storage> <Opcode : 'load' 'store'> <Ports = 2> <Width = 16> <Depth = 8> <RAM>
ST_8 : Operation 357 [1/2] ( I:1.75ns O:1.75ns )   --->   "%col_inbuf_7_load_1 = load i3 %col_inbuf_7_addr" [../dct.c:81]   --->   Operation 357 'load' 'col_inbuf_7_load_1' <Predicate = (trunc_ln80 == 0)> <Delay = 1.75> <CoreInst = "RAM">   --->   Core 81 'RAM' <Latency = 1> <II = 1> <Delay = 1.75> <Storage> <Opcode : 'load' 'store'> <Ports = 2> <Width = 16> <Depth = 8> <RAM>
ST_8 : Operation 358 [2/2] (0.00ns)   --->   "%call_ln81 = call void @dct_1d.6.7, i16 %col_inbuf_load_1, i16 %col_inbuf_1_load_1, i16 %col_inbuf_2_load_1, i16 %col_inbuf_3_load_1, i16 %col_inbuf_4_load_1, i16 %col_inbuf_5_load_1, i16 %col_inbuf_6_load_1, i16 %col_inbuf_7_load_1, i16 %col_outbuf, i14 %dct_1d_dct_coeff_table_03, i15 %dct_1d_dct_coeff_table_14, i15 %dct_1d_dct_coeff_table_25, i15 %dct_1d_dct_coeff_table_36, i15 %dct_1d_dct_coeff_table_47, i15 %dct_1d_dct_coeff_table_58, i15 %dct_1d_dct_coeff_table_69, i15 %dct_1d_dct_coeff_table_710" [../dct.c:81]   --->   Operation 358 'call' 'call_ln81' <Predicate = (trunc_ln80 == 0)> <Delay = 0.00> <CoreType = "Generic">   --->   Generic Core
ST_8 : Operation 359 [1/2] ( I:1.75ns O:1.75ns )   --->   "%col_inbuf_load = load i3 %col_inbuf_addr" [../dct.c:81]   --->   Operation 359 'load' 'col_inbuf_load' <Predicate = (trunc_ln80 == 7)> <Delay = 1.75> <CoreInst = "RAM">   --->   Core 81 'RAM' <Latency = 1> <II = 1> <Delay = 1.75> <Storage> <Opcode : 'load' 'store'> <Ports = 2> <Width = 16> <Depth = 8> <RAM>
ST_8 : Operation 360 [1/2] ( I:1.75ns O:1.75ns )   --->   "%col_inbuf_1_load = load i3 %col_inbuf_1_addr" [../dct.c:81]   --->   Operation 360 'load' 'col_inbuf_1_load' <Predicate = (trunc_ln80 == 7)> <Delay = 1.75> <CoreInst = "RAM">   --->   Core 81 'RAM' <Latency = 1> <II = 1> <Delay = 1.75> <Storage> <Opcode : 'load' 'store'> <Ports = 2> <Width = 16> <Depth = 8> <RAM>
ST_8 : Operation 361 [1/2] ( I:1.75ns O:1.75ns )   --->   "%col_inbuf_2_load = load i3 %col_inbuf_2_addr" [../dct.c:81]   --->   Operation 361 'load' 'col_inbuf_2_load' <Predicate = (trunc_ln80 == 7)> <Delay = 1.75> <CoreInst = "RAM">   --->   Core 81 'RAM' <Latency = 1> <II = 1> <Delay = 1.75> <Storage> <Opcode : 'load' 'store'> <Ports = 2> <Width = 16> <Depth = 8> <RAM>
ST_8 : Operation 362 [1/2] ( I:1.75ns O:1.75ns )   --->   "%col_inbuf_3_load = load i3 %col_inbuf_3_addr" [../dct.c:81]   --->   Operation 362 'load' 'col_inbuf_3_load' <Predicate = (trunc_ln80 == 7)> <Delay = 1.75> <CoreInst = "RAM">   --->   Core 81 'RAM' <Latency = 1> <II = 1> <Delay = 1.75> <Storage> <Opcode : 'load' 'store'> <Ports = 2> <Width = 16> <Depth = 8> <RAM>
ST_8 : Operation 363 [1/2] ( I:1.75ns O:1.75ns )   --->   "%col_inbuf_4_load = load i3 %col_inbuf_4_addr" [../dct.c:81]   --->   Operation 363 'load' 'col_inbuf_4_load' <Predicate = (trunc_ln80 == 7)> <Delay = 1.75> <CoreInst = "RAM">   --->   Core 81 'RAM' <Latency = 1> <II = 1> <Delay = 1.75> <Storage> <Opcode : 'load' 'store'> <Ports = 2> <Width = 16> <Depth = 8> <RAM>
ST_8 : Operation 364 [1/2] ( I:1.75ns O:1.75ns )   --->   "%col_inbuf_5_load = load i3 %col_inbuf_5_addr" [../dct.c:81]   --->   Operation 364 'load' 'col_inbuf_5_load' <Predicate = (trunc_ln80 == 7)> <Delay = 1.75> <CoreInst = "RAM">   --->   Core 81 'RAM' <Latency = 1> <II = 1> <Delay = 1.75> <Storage> <Opcode : 'load' 'store'> <Ports = 2> <Width = 16> <Depth = 8> <RAM>
ST_8 : Operation 365 [1/2] ( I:1.75ns O:1.75ns )   --->   "%col_inbuf_6_load = load i3 %col_inbuf_6_addr" [../dct.c:81]   --->   Operation 365 'load' 'col_inbuf_6_load' <Predicate = (trunc_ln80 == 7)> <Delay = 1.75> <CoreInst = "RAM">   --->   Core 81 'RAM' <Latency = 1> <II = 1> <Delay = 1.75> <Storage> <Opcode : 'load' 'store'> <Ports = 2> <Width = 16> <Depth = 8> <RAM>
ST_8 : Operation 366 [1/2] ( I:1.75ns O:1.75ns )   --->   "%col_inbuf_7_load = load i3 %col_inbuf_7_addr" [../dct.c:81]   --->   Operation 366 'load' 'col_inbuf_7_load' <Predicate = (trunc_ln80 == 7)> <Delay = 1.75> <CoreInst = "RAM">   --->   Core 81 'RAM' <Latency = 1> <II = 1> <Delay = 1.75> <Storage> <Opcode : 'load' 'store'> <Ports = 2> <Width = 16> <Depth = 8> <RAM>
ST_8 : Operation 367 [2/2] (0.00ns)   --->   "%call_ln81 = call void @dct_1d.6.7, i16 %col_inbuf_load, i16 %col_inbuf_1_load, i16 %col_inbuf_2_load, i16 %col_inbuf_3_load, i16 %col_inbuf_4_load, i16 %col_inbuf_5_load, i16 %col_inbuf_6_load, i16 %col_inbuf_7_load, i16 %col_outbuf_7, i14 %dct_1d_dct_coeff_table_03, i15 %dct_1d_dct_coeff_table_14, i15 %dct_1d_dct_coeff_table_25, i15 %dct_1d_dct_coeff_table_36, i15 %dct_1d_dct_coeff_table_47, i15 %dct_1d_dct_coeff_table_58, i15 %dct_1d_dct_coeff_table_69, i15 %dct_1d_dct_coeff_table_710" [../dct.c:81]   --->   Operation 367 'call' 'call_ln81' <Predicate = (trunc_ln80 == 7)> <Delay = 0.00> <CoreType = "Generic">   --->   Generic Core

State 9 <SV = 5> <Delay = 1.32>
ST_9 : Operation 368 [1/2] (0.00ns)   --->   "%call_ln81 = call void @dct_1d.6.7, i16 %col_inbuf_load_7, i16 %col_inbuf_1_load_7, i16 %col_inbuf_2_load_7, i16 %col_inbuf_3_load_7, i16 %col_inbuf_4_load_7, i16 %col_inbuf_5_load_7, i16 %col_inbuf_6_load_7, i16 %col_inbuf_7_load_7, i16 %col_outbuf_6, i14 %dct_1d_dct_coeff_table_03, i15 %dct_1d_dct_coeff_table_14, i15 %dct_1d_dct_coeff_table_25, i15 %dct_1d_dct_coeff_table_36, i15 %dct_1d_dct_coeff_table_47, i15 %dct_1d_dct_coeff_table_58, i15 %dct_1d_dct_coeff_table_69, i15 %dct_1d_dct_coeff_table_710" [../dct.c:81]   --->   Operation 368 'call' 'call_ln81' <Predicate = (trunc_ln80 == 6)> <Delay = 0.00> <CoreType = "Generic">   --->   Generic Core
ST_9 : Operation 369 [1/1] (0.00ns)   --->   "%br_ln81 = br void %.exit13" [../dct.c:81]   --->   Operation 369 'br' 'br_ln81' <Predicate = (trunc_ln80 == 6)> <Delay = 0.00>
ST_9 : Operation 370 [1/2] (0.00ns)   --->   "%call_ln81 = call void @dct_1d.6.7, i16 %col_inbuf_load_6, i16 %col_inbuf_1_load_6, i16 %col_inbuf_2_load_6, i16 %col_inbuf_3_load_6, i16 %col_inbuf_4_load_6, i16 %col_inbuf_5_load_6, i16 %col_inbuf_6_load_6, i16 %col_inbuf_7_load_6, i16 %col_outbuf_5, i14 %dct_1d_dct_coeff_table_03, i15 %dct_1d_dct_coeff_table_14, i15 %dct_1d_dct_coeff_table_25, i15 %dct_1d_dct_coeff_table_36, i15 %dct_1d_dct_coeff_table_47, i15 %dct_1d_dct_coeff_table_58, i15 %dct_1d_dct_coeff_table_69, i15 %dct_1d_dct_coeff_table_710" [../dct.c:81]   --->   Operation 370 'call' 'call_ln81' <Predicate = (trunc_ln80 == 5)> <Delay = 0.00> <CoreType = "Generic">   --->   Generic Core
ST_9 : Operation 371 [1/1] (0.00ns)   --->   "%br_ln81 = br void %.exit13" [../dct.c:81]   --->   Operation 371 'br' 'br_ln81' <Predicate = (trunc_ln80 == 5)> <Delay = 0.00>
ST_9 : Operation 372 [1/2] (0.00ns)   --->   "%call_ln81 = call void @dct_1d.6.7, i16 %col_inbuf_load_5, i16 %col_inbuf_1_load_5, i16 %col_inbuf_2_load_5, i16 %col_inbuf_3_load_5, i16 %col_inbuf_4_load_5, i16 %col_inbuf_5_load_5, i16 %col_inbuf_6_load_5, i16 %col_inbuf_7_load_5, i16 %col_outbuf_4, i14 %dct_1d_dct_coeff_table_03, i15 %dct_1d_dct_coeff_table_14, i15 %dct_1d_dct_coeff_table_25, i15 %dct_1d_dct_coeff_table_36, i15 %dct_1d_dct_coeff_table_47, i15 %dct_1d_dct_coeff_table_58, i15 %dct_1d_dct_coeff_table_69, i15 %dct_1d_dct_coeff_table_710" [../dct.c:81]   --->   Operation 372 'call' 'call_ln81' <Predicate = (trunc_ln80 == 4)> <Delay = 0.00> <CoreType = "Generic">   --->   Generic Core
ST_9 : Operation 373 [1/1] (0.00ns)   --->   "%br_ln81 = br void %.exit13" [../dct.c:81]   --->   Operation 373 'br' 'br_ln81' <Predicate = (trunc_ln80 == 4)> <Delay = 0.00>
ST_9 : Operation 374 [1/2] (0.00ns)   --->   "%call_ln81 = call void @dct_1d.6.7, i16 %col_inbuf_load_4, i16 %col_inbuf_1_load_4, i16 %col_inbuf_2_load_4, i16 %col_inbuf_3_load_4, i16 %col_inbuf_4_load_4, i16 %col_inbuf_5_load_4, i16 %col_inbuf_6_load_4, i16 %col_inbuf_7_load_4, i16 %col_outbuf_3, i14 %dct_1d_dct_coeff_table_03, i15 %dct_1d_dct_coeff_table_14, i15 %dct_1d_dct_coeff_table_25, i15 %dct_1d_dct_coeff_table_36, i15 %dct_1d_dct_coeff_table_47, i15 %dct_1d_dct_coeff_table_58, i15 %dct_1d_dct_coeff_table_69, i15 %dct_1d_dct_coeff_table_710" [../dct.c:81]   --->   Operation 374 'call' 'call_ln81' <Predicate = (trunc_ln80 == 3)> <Delay = 0.00> <CoreType = "Generic">   --->   Generic Core
ST_9 : Operation 375 [1/1] (0.00ns)   --->   "%br_ln81 = br void %.exit13" [../dct.c:81]   --->   Operation 375 'br' 'br_ln81' <Predicate = (trunc_ln80 == 3)> <Delay = 0.00>
ST_9 : Operation 376 [1/2] (0.00ns)   --->   "%call_ln81 = call void @dct_1d.6.7, i16 %col_inbuf_load_3, i16 %col_inbuf_1_load_3, i16 %col_inbuf_2_load_3, i16 %col_inbuf_3_load_3, i16 %col_inbuf_4_load_3, i16 %col_inbuf_5_load_3, i16 %col_inbuf_6_load_3, i16 %col_inbuf_7_load_3, i16 %col_outbuf_2, i14 %dct_1d_dct_coeff_table_03, i15 %dct_1d_dct_coeff_table_14, i15 %dct_1d_dct_coeff_table_25, i15 %dct_1d_dct_coeff_table_36, i15 %dct_1d_dct_coeff_table_47, i15 %dct_1d_dct_coeff_table_58, i15 %dct_1d_dct_coeff_table_69, i15 %dct_1d_dct_coeff_table_710" [../dct.c:81]   --->   Operation 376 'call' 'call_ln81' <Predicate = (trunc_ln80 == 2)> <Delay = 0.00> <CoreType = "Generic">   --->   Generic Core
ST_9 : Operation 377 [1/1] (0.00ns)   --->   "%br_ln81 = br void %.exit13" [../dct.c:81]   --->   Operation 377 'br' 'br_ln81' <Predicate = (trunc_ln80 == 2)> <Delay = 0.00>
ST_9 : Operation 378 [1/2] (0.00ns)   --->   "%call_ln81 = call void @dct_1d.6.7, i16 %col_inbuf_load_2, i16 %col_inbuf_1_load_2, i16 %col_inbuf_2_load_2, i16 %col_inbuf_3_load_2, i16 %col_inbuf_4_load_2, i16 %col_inbuf_5_load_2, i16 %col_inbuf_6_load_2, i16 %col_inbuf_7_load_2, i16 %col_outbuf_1, i14 %dct_1d_dct_coeff_table_03, i15 %dct_1d_dct_coeff_table_14, i15 %dct_1d_dct_coeff_table_25, i15 %dct_1d_dct_coeff_table_36, i15 %dct_1d_dct_coeff_table_47, i15 %dct_1d_dct_coeff_table_58, i15 %dct_1d_dct_coeff_table_69, i15 %dct_1d_dct_coeff_table_710" [../dct.c:81]   --->   Operation 378 'call' 'call_ln81' <Predicate = (trunc_ln80 == 1)> <Delay = 0.00> <CoreType = "Generic">   --->   Generic Core
ST_9 : Operation 379 [1/1] (0.00ns)   --->   "%br_ln81 = br void %.exit13" [../dct.c:81]   --->   Operation 379 'br' 'br_ln81' <Predicate = (trunc_ln80 == 1)> <Delay = 0.00>
ST_9 : Operation 380 [1/2] (0.00ns)   --->   "%call_ln81 = call void @dct_1d.6.7, i16 %col_inbuf_load_1, i16 %col_inbuf_1_load_1, i16 %col_inbuf_2_load_1, i16 %col_inbuf_3_load_1, i16 %col_inbuf_4_load_1, i16 %col_inbuf_5_load_1, i16 %col_inbuf_6_load_1, i16 %col_inbuf_7_load_1, i16 %col_outbuf, i14 %dct_1d_dct_coeff_table_03, i15 %dct_1d_dct_coeff_table_14, i15 %dct_1d_dct_coeff_table_25, i15 %dct_1d_dct_coeff_table_36, i15 %dct_1d_dct_coeff_table_47, i15 %dct_1d_dct_coeff_table_58, i15 %dct_1d_dct_coeff_table_69, i15 %dct_1d_dct_coeff_table_710" [../dct.c:81]   --->   Operation 380 'call' 'call_ln81' <Predicate = (trunc_ln80 == 0)> <Delay = 0.00> <CoreType = "Generic">   --->   Generic Core
ST_9 : Operation 381 [1/1] (0.00ns)   --->   "%br_ln81 = br void %.exit13" [../dct.c:81]   --->   Operation 381 'br' 'br_ln81' <Predicate = (trunc_ln80 == 0)> <Delay = 0.00>
ST_9 : Operation 382 [1/2] (0.00ns)   --->   "%call_ln81 = call void @dct_1d.6.7, i16 %col_inbuf_load, i16 %col_inbuf_1_load, i16 %col_inbuf_2_load, i16 %col_inbuf_3_load, i16 %col_inbuf_4_load, i16 %col_inbuf_5_load, i16 %col_inbuf_6_load, i16 %col_inbuf_7_load, i16 %col_outbuf_7, i14 %dct_1d_dct_coeff_table_03, i15 %dct_1d_dct_coeff_table_14, i15 %dct_1d_dct_coeff_table_25, i15 %dct_1d_dct_coeff_table_36, i15 %dct_1d_dct_coeff_table_47, i15 %dct_1d_dct_coeff_table_58, i15 %dct_1d_dct_coeff_table_69, i15 %dct_1d_dct_coeff_table_710" [../dct.c:81]   --->   Operation 382 'call' 'call_ln81' <Predicate = (trunc_ln80 == 7)> <Delay = 0.00> <CoreType = "Generic">   --->   Generic Core
ST_9 : Operation 383 [1/1] (0.00ns)   --->   "%br_ln81 = br void %.exit13" [../dct.c:81]   --->   Operation 383 'br' 'br_ln81' <Predicate = (trunc_ln80 == 7)> <Delay = 0.00>
ST_9 : Operation 384 [1/1] (1.32ns)   --->   "%store_ln59 = store i4 %add_ln80, i4 %i_1" [../dct.c:59]   --->   Operation 384 'store' 'store_ln59' <Predicate = true> <Delay = 1.32>
ST_9 : Operation 385 [1/1] (0.00ns)   --->   "%br_ln80 = br void %for.inc33" [../dct.c:80]   --->   Operation 385 'br' 'br_ln80' <Predicate = true> <Delay = 0.00>

State 10 <SV = 4> <Delay = 4.13>
ST_10 : Operation 386 [1/2] (4.13ns)   --->   "%call_ln0 = call void @dct_2d_Pipeline_Xpose_Col_Outer_Loop, i16 %out_block_7, i16 %out_block_6, i16 %out_block_5, i16 %out_block_4, i16 %out_block_3, i16 %out_block_2, i16 %out_block_1, i16 %out_block_0, i16 %col_outbuf, i16 %col_outbuf_1, i16 %col_outbuf_2, i16 %col_outbuf_3, i16 %col_outbuf_4, i16 %col_outbuf_5, i16 %col_outbuf_6, i16 %col_outbuf_7"   --->   Operation 386 'call' 'call_ln0' <Predicate = true> <Delay = 4.13> <CoreType = "Generic">   --->   Generic Core
ST_10 : Operation 387 [1/1] (0.00ns)   --->   "%ret_ln93 = ret" [../dct.c:93]   --->   Operation 387 'ret' 'ret_ln93' <Predicate = true> <Delay = 0.00>


============================================================
+ Verbose Summary: Timing violations
============================================================
Target clock period: 10.000ns, clock uncertainty: 2.700ns.

 <State 1>: 1.324ns
The critical path consists of the following:
	'alloca' operation 4 bit ('i', ../dct.c:59) [33]  (0.000 ns)
	'store' operation ('store_ln59', ../dct.c:59) of constant 0 4 bit on local variable 'i', ../dct.c:59 [58]  (1.324 ns)

 <State 2>: 2.815ns
The critical path consists of the following:
	'load' operation 4 bit ('i', ../dct.c:64) on local variable 'i', ../dct.c:59 [61]  (0.000 ns)
	'icmp' operation 1 bit ('icmp_ln64', ../dct.c:64) [62]  (1.491 ns)
	'store' operation ('store_ln59', ../dct.c:59) of constant 0 4 bit on local variable 'i', ../dct.c:59 [173]  (1.324 ns)

 <State 3>: 1.755ns
The critical path consists of the following:
	'load' operation 16 bit ('in_block_0_load_7', ../dct.c:65) on array 'in_block_0' [80]  (1.755 ns)

 <State 4>: 0.000ns
The critical path consists of the following:

 <State 5>: 1.324ns
The critical path consists of the following:
	'store' operation ('store_ln59', ../dct.c:59) of variable 'add_ln64', ../dct.c:64 4 bit on local variable 'i', ../dct.c:59 [168]  (1.324 ns)

 <State 6>: 4.139ns
The critical path consists of the following:
	'call' operation ('call_ln0') to 'dct_2d_Pipeline_Xpose_Row_Outer_Loop' [172]  (4.139 ns)

 <State 7>: 1.755ns
The critical path consists of the following:
	'load' operation 4 bit ('i', ../dct.c:80) on local variable 'i', ../dct.c:59 [176]  (0.000 ns)
	'getelementptr' operation 3 bit ('col_inbuf_addr', ../dct.c:81) [185]  (0.000 ns)
	'load' operation 16 bit ('col_inbuf_load_2', ../dct.c:81) on array 'col_inbuf', ../dct.c:56 [250]  (1.755 ns)

 <State 8>: 1.755ns
The critical path consists of the following:
	'load' operation 16 bit ('col_inbuf_load', ../dct.c:81) on array 'col_inbuf', ../dct.c:56 [272]  (1.755 ns)

 <State 9>: 1.324ns
The critical path consists of the following:
	'store' operation ('store_ln59', ../dct.c:59) of variable 'add_ln80', ../dct.c:80 4 bit on local variable 'i', ../dct.c:59 [283]  (1.324 ns)

 <State 10>: 4.139ns
The critical path consists of the following:
	'call' operation ('call_ln0') to 'dct_2d_Pipeline_Xpose_Col_Outer_Loop' [286]  (4.139 ns)


============================================================
+ Verbose Summary: Binding
============================================================
N/A
* FSMD analyzer results:
  - Output states:
 - Input state : 
  - Chain level:
	State 1
	State 2
	State 3
	State 4
	State 5
	State 6
	State 7
	State 8
	State 9
	State 10


============================================================
+ Verbose Summary: Datapath Resource usage 
============================================================
N/A
