

================================================================
== Vitis HLS Report for 'dct_2d'
================================================================
* Date:           Sun Jun 14 23:08:27 2026

* Version:        2025.2 (Build 6295257 on Nov 12 2025)
* Project:        dct
* Solution:       hls (Vivado IP Flow Target)
* Product family: artix7
* Target device:  xc7a35t-fgg484-2


================================================================
== Performance Estimates
================================================================
+ Timing: 
    * Summary: 
    +--------+----------+----------+------------+
    |  Clock |  Target  | Estimated| Uncertainty|
    +--------+----------+----------+------------+
    |ap_clk  |  10.00 ns|  6.380 ns|     2.70 ns|
    +--------+----------+----------+------------+

+ Latency: 
    * Summary: 
    +---------+---------+----------+----------+-----+-----+---------+
    |  Latency (cycles) |  Latency (absolute) |  Interval | Pipeline|
    |   min   |   max   |    min   |    max   | min | max |   Type  |
    +---------+---------+----------+----------+-----+-----+---------+
    |      320|      320|  3.200 us|  3.200 us|  320|  320|       no|
    +---------+---------+----------+----------+-----+-----+---------+

    + Detail: 
        * Instance: 
        +-------------------------------------------------+--------------------------------------+---------+---------+----------+----------+-----+-----+-------------------+
        |                                                 |                                      |  Latency (cycles) |  Latency (absolute) |  Interval |      Pipeline     |
        |                     Instance                    |                Module                |   min   |   max   |    min   |    max   | min | max |        Type       |
        +-------------------------------------------------+--------------------------------------+---------+---------+----------+----------+-----+-----+-------------------+
        |grp_dct_2d_Pipeline_Xpose_Row_Outer_Loop_fu_412  |dct_2d_Pipeline_Xpose_Row_Outer_Loop  |       10|       10|  0.100 us|  0.100 us|    0|    0|  loop pipeline stp|
        |grp_dct_1d_11_12_fu_432                          |dct_1d_11_12                          |       15|       15|  0.150 us|  0.150 us|    0|    0|  loop pipeline stp|
        |grp_dct_2d_Pipeline_Xpose_Col_Outer_Loop_fu_469  |dct_2d_Pipeline_Xpose_Col_Outer_Loop  |       10|       10|  0.100 us|  0.100 us|    0|    0|  loop pipeline stp|
        |grp_dct_1d_6_7_fu_497                            |dct_1d_6_7                            |       15|       15|  0.150 us|  0.150 us|    0|    0|  loop pipeline stp|
        +-------------------------------------------------+--------------------------------------+---------+---------+----------+----------+-----+-----+-------------------+

        * Loop: 
        +----------------+---------+---------+----------+-----------+-----------+------+----------+
        |                |  Latency (cycles) | Iteration|  Initiation Interval  | Trip |          |
        |    Loop Name   |   min   |   max   |  Latency |  achieved |   target  | Count| Pipelined|
        +----------------+---------+---------+----------+-----------+-----------+------+----------+
        |- Row_DCT_Loop  |      152|      152|        19|          -|          -|     8|        no|
        |- Col_DCT_Loop  |      144|      144|        18|          -|          -|     8|        no|
        +----------------+---------+---------+----------+-----------+-----------+------+----------+



================================================================
== Utilization Estimates
================================================================
* Summary: 
+-----------------+---------+----+-------+-------+-----+
|       Name      | BRAM_18K| DSP|   FF  |  LUT  | URAM|
+-----------------+---------+----+-------+-------+-----+
|DSP              |        -|   -|      -|      -|    -|
|Expression       |        -|   -|      0|     58|    -|
|FIFO             |        -|   -|      -|      -|    -|
|Instance         |        0|  16|   1156|    576|    -|
|Memory           |        0|   -|    384|     48|    0|
|Multiplexer      |        -|   -|      0|    848|    -|
|Register         |        -|   -|    293|      -|    -|
+-----------------+---------+----+-------+-------+-----+
|Total            |        0|  16|   1833|   1530|    0|
+-----------------+---------+----+-------+-------+-----+
|Available        |      100|  90|  41600|  20800|    0|
+-----------------+---------+----+-------+-------+-----+
|Utilization (%)  |        0|  17|      4|      7|    0|
+-----------------+---------+----+-------+-------+-----+

+ Detail: 
    * Instance: 
    +-------------------------------------------------+--------------------------------------+---------+----+-----+-----+-----+
    |                     Instance                    |                Module                | BRAM_18K| DSP|  FF | LUT | URAM|
    +-------------------------------------------------+--------------------------------------+---------+----+-----+-----+-----+
    |grp_dct_1d_11_12_fu_432                          |dct_1d_11_12                          |        0|   8|  567|  224|    0|
    |grp_dct_1d_6_7_fu_497                            |dct_1d_6_7                            |        0|   8|  567|  224|    0|
    |grp_dct_2d_Pipeline_Xpose_Col_Outer_Loop_fu_469  |dct_2d_Pipeline_Xpose_Col_Outer_Loop  |        0|   0|   11|   64|    0|
    |grp_dct_2d_Pipeline_Xpose_Row_Outer_Loop_fu_412  |dct_2d_Pipeline_Xpose_Row_Outer_Loop  |        0|   0|   11|   64|    0|
    +-------------------------------------------------+--------------------------------------+---------+----+-----+-----+-----+
    |Total                                            |                                      |        0|  16| 1156|  576|    0|
    +-------------------------------------------------+--------------------------------------+---------+----+-----+-----+-----+

    * DSP: 
    N/A

    * Memory: 
    +----------------+---------------------------------+---------+----+----+-----+------+-----+------+-------------+
    |     Memory     |              Module             | BRAM_18K| FF | LUT| URAM| Words| Bits| Banks| W*Bits*Banks|
    +----------------+---------------------------------+---------+----+----+-----+------+-----+------+-------------+
    |row_outbuf_U    |dct_2d_row_outbuf_RAM_AUTO_1R1W  |        0|  16|   2|    0|     8|   16|     1|          128|
    |row_outbuf_1_U  |dct_2d_row_outbuf_RAM_AUTO_1R1W  |        0|  16|   2|    0|     8|   16|     1|          128|
    |row_outbuf_2_U  |dct_2d_row_outbuf_RAM_AUTO_1R1W  |        0|  16|   2|    0|     8|   16|     1|          128|
    |row_outbuf_3_U  |dct_2d_row_outbuf_RAM_AUTO_1R1W  |        0|  16|   2|    0|     8|   16|     1|          128|
    |row_outbuf_4_U  |dct_2d_row_outbuf_RAM_AUTO_1R1W  |        0|  16|   2|    0|     8|   16|     1|          128|
    |row_outbuf_5_U  |dct_2d_row_outbuf_RAM_AUTO_1R1W  |        0|  16|   2|    0|     8|   16|     1|          128|
    |row_outbuf_6_U  |dct_2d_row_outbuf_RAM_AUTO_1R1W  |        0|  16|   2|    0|     8|   16|     1|          128|
    |row_outbuf_7_U  |dct_2d_row_outbuf_RAM_AUTO_1R1W  |        0|  16|   2|    0|     8|   16|     1|          128|
    |col_outbuf_U    |dct_2d_row_outbuf_RAM_AUTO_1R1W  |        0|  16|   2|    0|     8|   16|     1|          128|
    |col_outbuf_1_U  |dct_2d_row_outbuf_RAM_AUTO_1R1W  |        0|  16|   2|    0|     8|   16|     1|          128|
    |col_outbuf_2_U  |dct_2d_row_outbuf_RAM_AUTO_1R1W  |        0|  16|   2|    0|     8|   16|     1|          128|
    |col_outbuf_3_U  |dct_2d_row_outbuf_RAM_AUTO_1R1W  |        0|  16|   2|    0|     8|   16|     1|          128|
    |col_outbuf_4_U  |dct_2d_row_outbuf_RAM_AUTO_1R1W  |        0|  16|   2|    0|     8|   16|     1|          128|
    |col_outbuf_5_U  |dct_2d_row_outbuf_RAM_AUTO_1R1W  |        0|  16|   2|    0|     8|   16|     1|          128|
    |col_outbuf_6_U  |dct_2d_row_outbuf_RAM_AUTO_1R1W  |        0|  16|   2|    0|     8|   16|     1|          128|
    |col_outbuf_7_U  |dct_2d_row_outbuf_RAM_AUTO_1R1W  |        0|  16|   2|    0|     8|   16|     1|          128|
    |col_inbuf_U     |dct_2d_row_outbuf_RAM_AUTO_1R1W  |        0|  16|   2|    0|     8|   16|     1|          128|
    |col_inbuf_1_U   |dct_2d_row_outbuf_RAM_AUTO_1R1W  |        0|  16|   2|    0|     8|   16|     1|          128|
    |col_inbuf_2_U   |dct_2d_row_outbuf_RAM_AUTO_1R1W  |        0|  16|   2|    0|     8|   16|     1|          128|
    |col_inbuf_3_U   |dct_2d_row_outbuf_RAM_AUTO_1R1W  |        0|  16|   2|    0|     8|   16|     1|          128|
    |col_inbuf_4_U   |dct_2d_row_outbuf_RAM_AUTO_1R1W  |        0|  16|   2|    0|     8|   16|     1|          128|
    |col_inbuf_5_U   |dct_2d_row_outbuf_RAM_AUTO_1R1W  |        0|  16|   2|    0|     8|   16|     1|          128|
    |col_inbuf_6_U   |dct_2d_row_outbuf_RAM_AUTO_1R1W  |        0|  16|   2|    0|     8|   16|     1|          128|
    |col_inbuf_7_U   |dct_2d_row_outbuf_RAM_AUTO_1R1W  |        0|  16|   2|    0|     8|   16|     1|          128|
    +----------------+---------------------------------+---------+----+----+-----+------+-----+------+-------------+
    |Total           |                                 |        0| 384|  48|    0|   192|  384|    24|         3072|
    +----------------+---------------------------------+---------+----+----+-----+------+-----+------+-------------+

    * FIFO: 
    N/A

    * Expression: 
    +---------------------------------+----------+----+---+----+------------+------------+
    |          Variable Name          | Operation| DSP| FF| LUT| Bitwidth P0| Bitwidth P1|
    +---------------------------------+----------+----+---+----+------------+------------+
    |add_ln64_fu_628_p2               |         +|   0|  0|  13|           4|           1|
    |add_ln80_fu_686_p2               |         +|   0|  0|  13|           4|           1|
    |icmp_ln64_fu_622_p2              |      icmp|   0|  0|  13|           4|           5|
    |icmp_ln80_fu_680_p2              |      icmp|   0|  0|  13|           4|           5|
    |ap_block_state1                  |        or|   0|  0|   2|           1|           1|
    |ap_block_state4_on_subcall_done  |        or|   0|  0|   2|           1|           1|
    |ap_block_state9_on_subcall_done  |        or|   0|  0|   2|           1|           1|
    +---------------------------------+----------+----+---+----+------------+------------+
    |Total                            |          |   0|  0|  58|          19|          15|
    +---------------------------------+----------+----+---+----+------------+------------+

    * Multiplexer: 
    +-----------------------+----+-----------+-----+-----------+
    |          Name         | LUT| Input Size| Bits| Total Bits|
    +-----------------------+----+-----------+-----+-----------+
    |ap_NS_fsm              |  45|         11|    1|         11|
    |ap_done                |   9|          2|    1|          2|
    |col_inbuf_1_address0   |   9|          2|    3|          6|
    |col_inbuf_1_ce0        |   9|          2|    1|          2|
    |col_inbuf_1_we0        |   9|          2|    1|          2|
    |col_inbuf_2_address0   |   9|          2|    3|          6|
    |col_inbuf_2_ce0        |   9|          2|    1|          2|
    |col_inbuf_2_we0        |   9|          2|    1|          2|
    |col_inbuf_3_address0   |   9|          2|    3|          6|
    |col_inbuf_3_ce0        |   9|          2|    1|          2|
    |col_inbuf_3_we0        |   9|          2|    1|          2|
    |col_inbuf_4_address0   |   9|          2|    3|          6|
    |col_inbuf_4_ce0        |   9|          2|    1|          2|
    |col_inbuf_4_we0        |   9|          2|    1|          2|
    |col_inbuf_5_address0   |   9|          2|    3|          6|
    |col_inbuf_5_ce0        |   9|          2|    1|          2|
    |col_inbuf_5_we0        |   9|          2|    1|          2|
    |col_inbuf_6_address0   |   9|          2|    3|          6|
    |col_inbuf_6_ce0        |   9|          2|    1|          2|
    |col_inbuf_6_we0        |   9|          2|    1|          2|
    |col_inbuf_7_address0   |   9|          2|    3|          6|
    |col_inbuf_7_ce0        |   9|          2|    1|          2|
    |col_inbuf_7_we0        |   9|          2|    1|          2|
    |col_inbuf_address0     |   9|          2|    3|          6|
    |col_inbuf_ce0          |   9|          2|    1|          2|
    |col_inbuf_we0          |   9|          2|    1|          2|
    |col_outbuf_1_address0  |  13|          3|    3|          9|
    |col_outbuf_1_ce0       |  13|          3|    1|          3|
    |col_outbuf_1_we0       |   9|          2|    1|          2|
    |col_outbuf_2_address0  |  13|          3|    3|          9|
    |col_outbuf_2_ce0       |  13|          3|    1|          3|
    |col_outbuf_2_we0       |   9|          2|    1|          2|
    |col_outbuf_3_address0  |  13|          3|    3|          9|
    |col_outbuf_3_ce0       |  13|          3|    1|          3|
    |col_outbuf_3_we0       |   9|          2|    1|          2|
    |col_outbuf_4_address0  |  13|          3|    3|          9|
    |col_outbuf_4_ce0       |  13|          3|    1|          3|
    |col_outbuf_4_we0       |   9|          2|    1|          2|
    |col_outbuf_5_address0  |  13|          3|    3|          9|
    |col_outbuf_5_ce0       |  13|          3|    1|          3|
    |col_outbuf_5_we0       |   9|          2|    1|          2|
    |col_outbuf_6_address0  |  13|          3|    3|          9|
    |col_outbuf_6_ce0       |  13|          3|    1|          3|
    |col_outbuf_6_we0       |   9|          2|    1|          2|
    |col_outbuf_7_address0  |  13|          3|    3|          9|
    |col_outbuf_7_ce0       |  13|          3|    1|          3|
    |col_outbuf_7_we0       |   9|          2|    1|          2|
    |col_outbuf_address0    |  13|          3|    3|          9|
    |col_outbuf_ce0         |  13|          3|    1|          3|
    |col_outbuf_we0         |   9|          2|    1|          2|
    |i_1_fu_208             |   9|          2|    4|          8|
    |i_fu_108               |   9|          2|    4|          8|
    |row_outbuf_1_address0  |  13|          3|    3|          9|
    |row_outbuf_1_ce0       |  13|          3|    1|          3|
    |row_outbuf_1_we0       |   9|          2|    1|          2|
    |row_outbuf_2_address0  |  13|          3|    3|          9|
    |row_outbuf_2_ce0       |  13|          3|    1|          3|
    |row_outbuf_2_we0       |   9|          2|    1|          2|
    |row_outbuf_3_address0  |  13|          3|    3|          9|
    |row_outbuf_3_ce0       |  13|          3|    1|          3|
    |row_outbuf_3_we0       |   9|          2|    1|          2|
    |row_outbuf_4_address0  |  13|          3|    3|          9|
    |row_outbuf_4_ce0       |  13|          3|    1|          3|
    |row_outbuf_4_we0       |   9|          2|    1|          2|
    |row_outbuf_5_address0  |  13|          3|    3|          9|
    |row_outbuf_5_ce0       |  13|          3|    1|          3|
    |row_outbuf_5_we0       |   9|          2|    1|          2|
    |row_outbuf_6_address0  |  13|          3|    3|          9|
    |row_outbuf_6_ce0       |  13|          3|    1|          3|
    |row_outbuf_6_we0       |   9|          2|    1|          2|
    |row_outbuf_7_address0  |  13|          3|    3|          9|
    |row_outbuf_7_ce0       |  13|          3|    1|          3|
    |row_outbuf_7_we0       |   9|          2|    1|          2|
    |row_outbuf_address0    |  13|          3|    3|          9|
    |row_outbuf_ce0         |  13|          3|    1|          3|
    |row_outbuf_we0         |   9|          2|    1|          2|
    +-----------------------+----+-----------+-----+-----------+
    |Total                  | 848|        193|  130|        333|
    +-----------------------+----+-----------+-----+-----------+

    * Register: 
    +--------------------------------------------------------------+----+----+-----+-----------+
    |                             Name                             | FF | LUT| Bits| Const Bits|
    +--------------------------------------------------------------+----+----+-----+-----------+
    |add_ln64_reg_740                                              |   4|   0|    4|          0|
    |add_ln80_reg_799                                              |   4|   0|    4|          0|
    |ap_CS_fsm                                                     |  10|   0|   10|          0|
    |ap_done_reg                                                   |   1|   0|    1|          0|
    |grp_dct_1d_11_12_fu_432_ap_start_reg                          |   1|   0|    1|          0|
    |grp_dct_1d_6_7_fu_497_ap_start_reg                            |   1|   0|    1|          0|
    |grp_dct_2d_Pipeline_Xpose_Col_Outer_Loop_fu_469_ap_start_reg  |   1|   0|    1|          0|
    |grp_dct_2d_Pipeline_Xpose_Row_Outer_Loop_fu_412_ap_start_reg  |   1|   0|    1|          0|
    |i_1_fu_208                                                    |   4|   0|    4|          0|
    |i_fu_108                                                      |   4|   0|    4|          0|
    |reg_534                                                       |  16|   0|   16|          0|
    |reg_539                                                       |  16|   0|   16|          0|
    |reg_544                                                       |  16|   0|   16|          0|
    |reg_549                                                       |  16|   0|   16|          0|
    |reg_554                                                       |  16|   0|   16|          0|
    |reg_559                                                       |  16|   0|   16|          0|
    |reg_564                                                       |  16|   0|   16|          0|
    |reg_569                                                       |  16|   0|   16|          0|
    |reg_574                                                       |  16|   0|   16|          0|
    |reg_579                                                       |  16|   0|   16|          0|
    |reg_584                                                       |  16|   0|   16|          0|
    |reg_589                                                       |  16|   0|   16|          0|
    |reg_594                                                       |  16|   0|   16|          0|
    |reg_599                                                       |  16|   0|   16|          0|
    |reg_604                                                       |  16|   0|   16|          0|
    |reg_609                                                       |  16|   0|   16|          0|
    |trunc_ln64_reg_745                                            |   3|   0|    3|          0|
    |trunc_ln80_reg_804                                            |   3|   0|    3|          0|
    +--------------------------------------------------------------+----+----+-----+-----------+
    |Total                                                         | 293|   0|  293|          0|
    +--------------------------------------------------------------+----+----+-----+-----------+



================================================================
== Interface
================================================================
* Summary: 
+----------------------+-----+-----+------------+--------------+--------------+
|       RTL Ports      | Dir | Bits|  Protocol  | Source Object|    C Type    |
+----------------------+-----+-----+------------+--------------+--------------+
|ap_clk                |   in|    1|  ap_ctrl_hs|        dct_2d|  return value|
|ap_rst                |   in|    1|  ap_ctrl_hs|        dct_2d|  return value|
|ap_start              |   in|    1|  ap_ctrl_hs|        dct_2d|  return value|
|ap_done               |  out|    1|  ap_ctrl_hs|        dct_2d|  return value|
|ap_continue           |   in|    1|  ap_ctrl_hs|        dct_2d|  return value|
|ap_idle               |  out|    1|  ap_ctrl_hs|        dct_2d|  return value|
|ap_ready              |  out|    1|  ap_ctrl_hs|        dct_2d|  return value|
|in_block_0_address0   |  out|    3|   ap_memory|    in_block_0|         array|
|in_block_0_ce0        |  out|    1|   ap_memory|    in_block_0|         array|
|in_block_0_q0         |   in|   16|   ap_memory|    in_block_0|         array|
|in_block_1_address0   |  out|    3|   ap_memory|    in_block_1|         array|
|in_block_1_ce0        |  out|    1|   ap_memory|    in_block_1|         array|
|in_block_1_q0         |   in|   16|   ap_memory|    in_block_1|         array|
|in_block_2_address0   |  out|    3|   ap_memory|    in_block_2|         array|
|in_block_2_ce0        |  out|    1|   ap_memory|    in_block_2|         array|
|in_block_2_q0         |   in|   16|   ap_memory|    in_block_2|         array|
|in_block_3_address0   |  out|    3|   ap_memory|    in_block_3|         array|
|in_block_3_ce0        |  out|    1|   ap_memory|    in_block_3|         array|
|in_block_3_q0         |   in|   16|   ap_memory|    in_block_3|         array|
|in_block_4_address0   |  out|    3|   ap_memory|    in_block_4|         array|
|in_block_4_ce0        |  out|    1|   ap_memory|    in_block_4|         array|
|in_block_4_q0         |   in|   16|   ap_memory|    in_block_4|         array|
|in_block_5_address0   |  out|    3|   ap_memory|    in_block_5|         array|
|in_block_5_ce0        |  out|    1|   ap_memory|    in_block_5|         array|
|in_block_5_q0         |   in|   16|   ap_memory|    in_block_5|         array|
|in_block_6_address0   |  out|    3|   ap_memory|    in_block_6|         array|
|in_block_6_ce0        |  out|    1|   ap_memory|    in_block_6|         array|
|in_block_6_q0         |   in|   16|   ap_memory|    in_block_6|         array|
|in_block_7_address0   |  out|    3|   ap_memory|    in_block_7|         array|
|in_block_7_ce0        |  out|    1|   ap_memory|    in_block_7|         array|
|in_block_7_q0         |   in|   16|   ap_memory|    in_block_7|         array|
|out_block_0_address0  |  out|    3|   ap_memory|   out_block_0|         array|
|out_block_0_ce0       |  out|    1|   ap_memory|   out_block_0|         array|
|out_block_0_we0       |  out|    1|   ap_memory|   out_block_0|         array|
|out_block_0_d0        |  out|   16|   ap_memory|   out_block_0|         array|
|out_block_1_address0  |  out|    3|   ap_memory|   out_block_1|         array|
|out_block_1_ce0       |  out|    1|   ap_memory|   out_block_1|         array|
|out_block_1_we0       |  out|    1|   ap_memory|   out_block_1|         array|
|out_block_1_d0        |  out|   16|   ap_memory|   out_block_1|         array|
|out_block_2_address0  |  out|    3|   ap_memory|   out_block_2|         array|
|out_block_2_ce0       |  out|    1|   ap_memory|   out_block_2|         array|
|out_block_2_we0       |  out|    1|   ap_memory|   out_block_2|         array|
|out_block_2_d0        |  out|   16|   ap_memory|   out_block_2|         array|
|out_block_3_address0  |  out|    3|   ap_memory|   out_block_3|         array|
|out_block_3_ce0       |  out|    1|   ap_memory|   out_block_3|         array|
|out_block_3_we0       |  out|    1|   ap_memory|   out_block_3|         array|
|out_block_3_d0        |  out|   16|   ap_memory|   out_block_3|         array|
|out_block_4_address0  |  out|    3|   ap_memory|   out_block_4|         array|
|out_block_4_ce0       |  out|    1|   ap_memory|   out_block_4|         array|
|out_block_4_we0       |  out|    1|   ap_memory|   out_block_4|         array|
|out_block_4_d0        |  out|   16|   ap_memory|   out_block_4|         array|
|out_block_5_address0  |  out|    3|   ap_memory|   out_block_5|         array|
|out_block_5_ce0       |  out|    1|   ap_memory|   out_block_5|         array|
|out_block_5_we0       |  out|    1|   ap_memory|   out_block_5|         array|
|out_block_5_d0        |  out|   16|   ap_memory|   out_block_5|         array|
|out_block_6_address0  |  out|    3|   ap_memory|   out_block_6|         array|
|out_block_6_ce0       |  out|    1|   ap_memory|   out_block_6|         array|
|out_block_6_we0       |  out|    1|   ap_memory|   out_block_6|         array|
|out_block_6_d0        |  out|   16|   ap_memory|   out_block_6|         array|
|out_block_7_address0  |  out|    3|   ap_memory|   out_block_7|         array|
|out_block_7_ce0       |  out|    1|   ap_memory|   out_block_7|         array|
|out_block_7_we0       |  out|    1|   ap_memory|   out_block_7|         array|
|out_block_7_d0        |  out|   16|   ap_memory|   out_block_7|         array|
+----------------------+-----+-----+------------+--------------+--------------+

============================================================
+ Verbose Summary: Synthesis Manager
============================================================
InlineROM: 1
ExposeGlobal: 0
============================================================
+ Verbose Summary: CDFG Model
============================================================
IsTopModel: 0
ResetActiveHigh: 1
IsCombinational: 2
IsDatapathOnly: 0
HasWiredReturn: 1
HasMFsm: 0
HasVarLatency: 1
IsPipeline: 0
IsRtlPipelined: 0
IsInstanceOverlapped: 0
IsDontTouch: 0
HasImplIP: 0
IsGatedGlobalClock: 0


============================================================
+ Verbose Summary: Schedule
============================================================
* Number of FSM states : 10
* Pipeline : 0
* Dataflow Pipeline: 0

* FSM state transitions: 
1 --> 2 
2 --> 6 3 
3 --> 4 
4 --> 5 
5 --> 2 
6 --> 7 
7 --> 10 8 
8 --> 9 
9 --> 7 
10 --> 

* FSM state operations: 

State 1 <SV = 0> <Delay = 1.75>
ST_1 : Operation 11 [1/1] (0.00ns)   --->   "%i = alloca i32 1" [../dct.c:59]   --->   Operation 11 'alloca' 'i' <Predicate = true> <Delay = 0.00>
ST_1 : Operation 12 [1/1] (1.75ns)   --->   "%row_outbuf = alloca i64 1" [../dct.c:55]   --->   Operation 12 'alloca' 'row_outbuf' <Predicate = true> <Delay = 1.75>
ST_1 : Operation 13 [1/1] (1.75ns)   --->   "%row_outbuf_1 = alloca i64 1" [../dct.c:55]   --->   Operation 13 'alloca' 'row_outbuf_1' <Predicate = true> <Delay = 1.75>
ST_1 : Operation 14 [1/1] (1.75ns)   --->   "%row_outbuf_2 = alloca i64 1" [../dct.c:55]   --->   Operation 14 'alloca' 'row_outbuf_2' <Predicate = true> <Delay = 1.75>
ST_1 : Operation 15 [1/1] (1.75ns)   --->   "%row_outbuf_3 = alloca i64 1" [../dct.c:55]   --->   Operation 15 'alloca' 'row_outbuf_3' <Predicate = true> <Delay = 1.75>
ST_1 : Operation 16 [1/1] (1.75ns)   --->   "%row_outbuf_4 = alloca i64 1" [../dct.c:55]   --->   Operation 16 'alloca' 'row_outbuf_4' <Predicate = true> <Delay = 1.75>
ST_1 : Operation 17 [1/1] (1.75ns)   --->   "%row_outbuf_5 = alloca i64 1" [../dct.c:55]   --->   Operation 17 'alloca' 'row_outbuf_5' <Predicate = true> <Delay = 1.75>
ST_1 : Operation 18 [1/1] (1.75ns)   --->   "%row_outbuf_6 = alloca i64 1" [../dct.c:55]   --->   Operation 18 'alloca' 'row_outbuf_6' <Predicate = true> <Delay = 1.75>
ST_1 : Operation 19 [1/1] (1.75ns)   --->   "%row_outbuf_7 = alloca i64 1" [../dct.c:55]   --->   Operation 19 'alloca' 'row_outbuf_7' <Predicate = true> <Delay = 1.75>
ST_1 : Operation 20 [1/1] (1.75ns)   --->   "%col_outbuf = alloca i64 1" [../dct.c:56]   --->   Operation 20 'alloca' 'col_outbuf' <Predicate = true> <Delay = 1.75>
ST_1 : Operation 21 [1/1] (1.75ns)   --->   "%col_outbuf_1 = alloca i64 1" [../dct.c:56]   --->   Operation 21 'alloca' 'col_outbuf_1' <Predicate = true> <Delay = 1.75>
ST_1 : Operation 22 [1/1] (1.75ns)   --->   "%col_outbuf_2 = alloca i64 1" [../dct.c:56]   --->   Operation 22 'alloca' 'col_outbuf_2' <Predicate = true> <Delay = 1.75>
ST_1 : Operation 23 [1/1] (1.75ns)   --->   "%col_outbuf_3 = alloca i64 1" [../dct.c:56]   --->   Operation 23 'alloca' 'col_outbuf_3' <Predicate = true> <Delay = 1.75>
ST_1 : Operation 24 [1/1] (1.75ns)   --->   "%col_outbuf_4 = alloca i64 1" [../dct.c:56]   --->   Operation 24 'alloca' 'col_outbuf_4' <Predicate = true> <Delay = 1.75>
ST_1 : Operation 25 [1/1] (1.75ns)   --->   "%col_outbuf_5 = alloca i64 1" [../dct.c:56]   --->   Operation 25 'alloca' 'col_outbuf_5' <Predicate = true> <Delay = 1.75>
ST_1 : Operation 26 [1/1] (1.75ns)   --->   "%col_outbuf_6 = alloca i64 1" [../dct.c:56]   --->   Operation 26 'alloca' 'col_outbuf_6' <Predicate = true> <Delay = 1.75>
ST_1 : Operation 27 [1/1] (1.75ns)   --->   "%col_outbuf_7 = alloca i64 1" [../dct.c:56]   --->   Operation 27 'alloca' 'col_outbuf_7' <Predicate = true> <Delay = 1.75>
ST_1 : Operation 28 [1/1] (1.75ns)   --->   "%col_inbuf = alloca i64 1" [../dct.c:56]   --->   Operation 28 'alloca' 'col_inbuf' <Predicate = true> <Delay = 1.75> <CoreInst = "RAM">   --->   Core 81 'RAM' <Latency = 1> <II = 1> <Delay = 1.75> <Storage> <Opcode : 'load' 'store'> <Ports = 2> <Width = 16> <Depth = 8> <RAM>
ST_1 : Operation 29 [1/1] (1.75ns)   --->   "%col_inbuf_1 = alloca i64 1" [../dct.c:56]   --->   Operation 29 'alloca' 'col_inbuf_1' <Predicate = true> <Delay = 1.75> <CoreInst = "RAM">   --->   Core 81 'RAM' <Latency = 1> <II = 1> <Delay = 1.75> <Storage> <Opcode : 'load' 'store'> <Ports = 2> <Width = 16> <Depth = 8> <RAM>
ST_1 : Operation 30 [1/1] (1.75ns)   --->   "%col_inbuf_2 = alloca i64 1" [../dct.c:56]   --->   Operation 30 'alloca' 'col_inbuf_2' <Predicate = true> <Delay = 1.75> <CoreInst = "RAM">   --->   Core 81 'RAM' <Latency = 1> <II = 1> <Delay = 1.75> <Storage> <Opcode : 'load' 'store'> <Ports = 2> <Width = 16> <Depth = 8> <RAM>
ST_1 : Operation 31 [1/1] (1.75ns)   --->   "%col_inbuf_3 = alloca i64 1" [../dct.c:56]   --->   Operation 31 'alloca' 'col_inbuf_3' <Predicate = true> <Delay = 1.75> <CoreInst = "RAM">   --->   Core 81 'RAM' <Latency = 1> <II = 1> <Delay = 1.75> <Storage> <Opcode : 'load' 'store'> <Ports = 2> <Width = 16> <Depth = 8> <RAM>
ST_1 : Operation 32 [1/1] (1.75ns)   --->   "%col_inbuf_4 = alloca i64 1" [../dct.c:56]   --->   Operation 32 'alloca' 'col_inbuf_4' <Predicate = true> <Delay = 1.75> <CoreInst = "RAM">   --->   Core 81 'RAM' <Latency = 1> <II = 1> <Delay = 1.75> <Storage> <Opcode : 'load' 'store'> <Ports = 2> <Width = 16> <Depth = 8> <RAM>
ST_1 : Operation 33 [1/1] (1.75ns)   --->   "%col_inbuf_5 = alloca i64 1" [../dct.c:56]   --->   Operation 33 'alloca' 'col_inbuf_5' <Predicate = true> <Delay = 1.75> <CoreInst = "RAM">   --->   Core 81 'RAM' <Latency = 1> <II = 1> <Delay = 1.75> <Storage> <Opcode : 'load' 'store'> <Ports = 2> <Width = 16> <Depth = 8> <RAM>
ST_1 : Operation 34 [1/1] (1.75ns)   --->   "%col_inbuf_6 = alloca i64 1" [../dct.c:56]   --->   Operation 34 'alloca' 'col_inbuf_6' <Predicate = true> <Delay = 1.75> <CoreInst = "RAM">   --->   Core 81 'RAM' <Latency = 1> <II = 1> <Delay = 1.75> <Storage> <Opcode : 'load' 'store'> <Ports = 2> <Width = 16> <Depth = 8> <RAM>
ST_1 : Operation 35 [1/1] (1.75ns)   --->   "%col_inbuf_7 = alloca i64 1" [../dct.c:56]   --->   Operation 35 'alloca' 'col_inbuf_7' <Predicate = true> <Delay = 1.75> <CoreInst = "RAM">   --->   Core 81 'RAM' <Latency = 1> <II = 1> <Delay = 1.75> <Storage> <Opcode : 'load' 'store'> <Ports = 2> <Width = 16> <Depth = 8> <RAM>
ST_1 : Operation 36 [1/1] (1.32ns)   --->   "%store_ln59 = store i4 0, i4 %i" [../dct.c:59]   --->   Operation 36 'store' 'store_ln59' <Predicate = true> <Delay = 1.32>
ST_1 : Operation 37 [1/1] (0.00ns)   --->   "%br_ln64 = br void %for.inc" [../dct.c:64]   --->   Operation 37 'br' 'br_ln64' <Predicate = true> <Delay = 0.00>

State 2 <SV = 1> <Delay = 2.81>
ST_2 : Operation 38 [1/1] (0.00ns)   --->   "%i_2 = load i4 %i" [../dct.c:64]   --->   Operation 38 'load' 'i_2' <Predicate = true> <Delay = 0.00>
ST_2 : Operation 39 [1/1] (1.49ns)   --->   "%icmp_ln64 = icmp_eq  i4 %i_2, i4 8" [../dct.c:64]   --->   Operation 39 'icmp' 'icmp_ln64' <Predicate = true> <Delay = 1.49> <CoreInst = "Cmp">   --->   Core 9 'Cmp' <Latency = 0> <II = 1> <Delay = 1.54> <FuncUnit> <Opcode : 'seteq' 'setne' 'setle' 'setge' 'setlt' 'setgt'> <InPorts = 2> <OutPorts = 1>
ST_2 : Operation 40 [1/1] (1.49ns)   --->   "%add_ln64 = add i4 %i_2, i4 1" [../dct.c:64]   --->   Operation 40 'add' 'add_ln64' <Predicate = true> <Delay = 1.49> <CoreInst = "Adder">   --->   Core 1 'Adder' <Latency = 0> <II = 1> <Delay = 1.49> <FuncUnit> <Opcode : 'add' 'sub'> <InPorts = 2> <OutPorts = 1>
ST_2 : Operation 41 [1/1] (0.00ns)   --->   "%br_ln64 = br i1 %icmp_ln64, void %for.inc.split, void %Xpose_Row_Inner_Loop.preheader" [../dct.c:64]   --->   Operation 41 'br' 'br_ln64' <Predicate = true> <Delay = 0.00>
ST_2 : Operation 42 [1/1] (0.00ns)   --->   "%zext_ln64 = zext i4 %i_2" [../dct.c:64]   --->   Operation 42 'zext' 'zext_ln64' <Predicate = (!icmp_ln64)> <Delay = 0.00>
ST_2 : Operation 43 [1/1] (0.00ns)   --->   "%trunc_ln64 = trunc i4 %i_2" [../dct.c:64]   --->   Operation 43 'trunc' 'trunc_ln64' <Predicate = (!icmp_ln64)> <Delay = 0.00>
ST_2 : Operation 44 [1/1] (0.00ns)   --->   "%speclooptripcount_ln59 = speclooptripcount void @_ssdm_op_SpecLoopTripCount, i64 8, i64 8, i64 8" [../dct.c:59]   --->   Operation 44 'speclooptripcount' 'speclooptripcount_ln59' <Predicate = (!icmp_ln64)> <Delay = 0.00>
ST_2 : Operation 45 [1/1] (0.00ns)   --->   "%specloopname_ln64 = specloopname void @_ssdm_op_SpecLoopName, void @empty_7" [../dct.c:64]   --->   Operation 45 'specloopname' 'specloopname_ln64' <Predicate = (!icmp_ln64)> <Delay = 0.00>
ST_2 : Operation 46 [1/1] (0.00ns)   --->   "%in_block_0_addr = getelementptr i16 %in_block_0, i64 0, i64 %zext_ln64" [../dct.c:65]   --->   Operation 46 'getelementptr' 'in_block_0_addr' <Predicate = (!icmp_ln64)> <Delay = 0.00>
ST_2 : Operation 47 [1/1] (0.00ns)   --->   "%in_block_1_addr = getelementptr i16 %in_block_1, i64 0, i64 %zext_ln64" [../dct.c:65]   --->   Operation 47 'getelementptr' 'in_block_1_addr' <Predicate = (!icmp_ln64)> <Delay = 0.00>
ST_2 : Operation 48 [1/1] (0.00ns)   --->   "%in_block_2_addr = getelementptr i16 %in_block_2, i64 0, i64 %zext_ln64" [../dct.c:65]   --->   Operation 48 'getelementptr' 'in_block_2_addr' <Predicate = (!icmp_ln64)> <Delay = 0.00>
ST_2 : Operation 49 [1/1] (0.00ns)   --->   "%in_block_3_addr = getelementptr i16 %in_block_3, i64 0, i64 %zext_ln64" [../dct.c:65]   --->   Operation 49 'getelementptr' 'in_block_3_addr' <Predicate = (!icmp_ln64)> <Delay = 0.00>
ST_2 : Operation 50 [1/1] (0.00ns)   --->   "%in_block_4_addr = getelementptr i16 %in_block_4, i64 0, i64 %zext_ln64" [../dct.c:65]   --->   Operation 50 'getelementptr' 'in_block_4_addr' <Predicate = (!icmp_ln64)> <Delay = 0.00>
ST_2 : Operation 51 [1/1] (0.00ns)   --->   "%in_block_5_addr = getelementptr i16 %in_block_5, i64 0, i64 %zext_ln64" [../dct.c:65]   --->   Operation 51 'getelementptr' 'in_block_5_addr' <Predicate = (!icmp_ln64)> <Delay = 0.00>
ST_2 : Operation 52 [1/1] (0.00ns)   --->   "%in_block_6_addr = getelementptr i16 %in_block_6, i64 0, i64 %zext_ln64" [../dct.c:65]   --->   Operation 52 'getelementptr' 'in_block_6_addr' <Predicate = (!icmp_ln64)> <Delay = 0.00>
ST_2 : Operation 53 [1/1] (0.00ns)   --->   "%in_block_7_addr = getelementptr i16 %in_block_7, i64 0, i64 %zext_ln64" [../dct.c:65]   --->   Operation 53 'getelementptr' 'in_block_7_addr' <Predicate = (!icmp_ln64)> <Delay = 0.00>
ST_2 : Operation 54 [1/1] (1.34ns)   --->   "%switch_ln65 = switch i3 %trunc_ln64, void %.case.7, i3 0, void %.case.0, i3 1, void %.case.1, i3 2, void %.case.2, i3 3, void %.case.3, i3 4, void %.case.4, i3 5, void %.case.5, i3 6, void %.case.6" [../dct.c:65]   --->   Operation 54 'switch' 'switch_ln65' <Predicate = (!icmp_ln64)> <Delay = 1.34>
ST_2 : Operation 55 [2/2] (1.75ns)   --->   "%in_block_0_load_7 = load i3 %in_block_0_addr" [../dct.c:65]   --->   Operation 55 'load' 'in_block_0_load_7' <Predicate = (!icmp_ln64 & trunc_ln64 == 6)> <Delay = 1.75> <CoreInst = "RAM">   --->   Core 81 'RAM' <Latency = 1> <II = 1> <Delay = 1.75> <Storage> <Opcode : 'load' 'store'> <Ports = 2> <Width = 16> <Depth = 8> <RAM>
ST_2 : Operation 56 [2/2] (1.75ns)   --->   "%in_block_1_load_7 = load i3 %in_block_1_addr" [../dct.c:65]   --->   Operation 56 'load' 'in_block_1_load_7' <Predicate = (!icmp_ln64 & trunc_ln64 == 6)> <Delay = 1.75> <CoreInst = "RAM">   --->   Core 81 'RAM' <Latency = 1> <II = 1> <Delay = 1.75> <Storage> <Opcode : 'load' 'store'> <Ports = 2> <Width = 16> <Depth = 8> <RAM>
ST_2 : Operation 57 [2/2] (1.75ns)   --->   "%in_block_2_load_7 = load i3 %in_block_2_addr" [../dct.c:65]   --->   Operation 57 'load' 'in_block_2_load_7' <Predicate = (!icmp_ln64 & trunc_ln64 == 6)> <Delay = 1.75> <CoreInst = "RAM">   --->   Core 81 'RAM' <Latency = 1> <II = 1> <Delay = 1.75> <Storage> <Opcode : 'load' 'store'> <Ports = 2> <Width = 16> <Depth = 8> <RAM>
ST_2 : Operation 58 [2/2] (1.75ns)   --->   "%in_block_3_load_7 = load i3 %in_block_3_addr" [../dct.c:65]   --->   Operation 58 'load' 'in_block_3_load_7' <Predicate = (!icmp_ln64 & trunc_ln64 == 6)> <Delay = 1.75> <CoreInst = "RAM">   --->   Core 81 'RAM' <Latency = 1> <II = 1> <Delay = 1.75> <Storage> <Opcode : 'load' 'store'> <Ports = 2> <Width = 16> <Depth = 8> <RAM>
ST_2 : Operation 59 [2/2] (1.75ns)   --->   "%in_block_4_load_7 = load i3 %in_block_4_addr" [../dct.c:65]   --->   Operation 59 'load' 'in_block_4_load_7' <Predicate = (!icmp_ln64 & trunc_ln64 == 6)> <Delay = 1.75> <CoreInst = "RAM">   --->   Core 81 'RAM' <Latency = 1> <II = 1> <Delay = 1.75> <Storage> <Opcode : 'load' 'store'> <Ports = 2> <Width = 16> <Depth = 8> <RAM>
ST_2 : Operation 60 [2/2] (1.75ns)   --->   "%in_block_5_load_7 = load i3 %in_block_5_addr" [../dct.c:65]   --->   Operation 60 'load' 'in_block_5_load_7' <Predicate = (!icmp_ln64 & trunc_ln64 == 6)> <Delay = 1.75> <CoreInst = "RAM">   --->   Core 81 'RAM' <Latency = 1> <II = 1> <Delay = 1.75> <Storage> <Opcode : 'load' 'store'> <Ports = 2> <Width = 16> <Depth = 8> <RAM>
ST_2 : Operation 61 [2/2] (1.75ns)   --->   "%in_block_6_load_7 = load i3 %in_block_6_addr" [../dct.c:65]   --->   Operation 61 'load' 'in_block_6_load_7' <Predicate = (!icmp_ln64 & trunc_ln64 == 6)> <Delay = 1.75> <CoreInst = "RAM">   --->   Core 81 'RAM' <Latency = 1> <II = 1> <Delay = 1.75> <Storage> <Opcode : 'load' 'store'> <Ports = 2> <Width = 16> <Depth = 8> <RAM>
ST_2 : Operation 62 [2/2] (1.75ns)   --->   "%in_block_7_load_7 = load i3 %in_block_7_addr" [../dct.c:65]   --->   Operation 62 'load' 'in_block_7_load_7' <Predicate = (!icmp_ln64 & trunc_ln64 == 6)> <Delay = 1.75> <CoreInst = "RAM">   --->   Core 81 'RAM' <Latency = 1> <II = 1> <Delay = 1.75> <Storage> <Opcode : 'load' 'store'> <Ports = 2> <Width = 16> <Depth = 8> <RAM>
ST_2 : Operation 63 [2/2] (1.75ns)   --->   "%in_block_0_load_6 = load i3 %in_block_0_addr" [../dct.c:65]   --->   Operation 63 'load' 'in_block_0_load_6' <Predicate = (!icmp_ln64 & trunc_ln64 == 5)> <Delay = 1.75> <CoreInst = "RAM">   --->   Core 81 'RAM' <Latency = 1> <II = 1> <Delay = 1.75> <Storage> <Opcode : 'load' 'store'> <Ports = 2> <Width = 16> <Depth = 8> <RAM>
ST_2 : Operation 64 [2/2] (1.75ns)   --->   "%in_block_1_load_6 = load i3 %in_block_1_addr" [../dct.c:65]   --->   Operation 64 'load' 'in_block_1_load_6' <Predicate = (!icmp_ln64 & trunc_ln64 == 5)> <Delay = 1.75> <CoreInst = "RAM">   --->   Core 81 'RAM' <Latency = 1> <II = 1> <Delay = 1.75> <Storage> <Opcode : 'load' 'store'> <Ports = 2> <Width = 16> <Depth = 8> <RAM>
ST_2 : Operation 65 [2/2] (1.75ns)   --->   "%in_block_2_load_6 = load i3 %in_block_2_addr" [../dct.c:65]   --->   Operation 65 'load' 'in_block_2_load_6' <Predicate = (!icmp_ln64 & trunc_ln64 == 5)> <Delay = 1.75> <CoreInst = "RAM">   --->   Core 81 'RAM' <Latency = 1> <II = 1> <Delay = 1.75> <Storage> <Opcode : 'load' 'store'> <Ports = 2> <Width = 16> <Depth = 8> <RAM>
ST_2 : Operation 66 [2/2] (1.75ns)   --->   "%in_block_3_load_6 = load i3 %in_block_3_addr" [../dct.c:65]   --->   Operation 66 'load' 'in_block_3_load_6' <Predicate = (!icmp_ln64 & trunc_ln64 == 5)> <Delay = 1.75> <CoreInst = "RAM">   --->   Core 81 'RAM' <Latency = 1> <II = 1> <Delay = 1.75> <Storage> <Opcode : 'load' 'store'> <Ports = 2> <Width = 16> <Depth = 8> <RAM>
ST_2 : Operation 67 [2/2] (1.75ns)   --->   "%in_block_4_load_6 = load i3 %in_block_4_addr" [../dct.c:65]   --->   Operation 67 'load' 'in_block_4_load_6' <Predicate = (!icmp_ln64 & trunc_ln64 == 5)> <Delay = 1.75> <CoreInst = "RAM">   --->   Core 81 'RAM' <Latency = 1> <II = 1> <Delay = 1.75> <Storage> <Opcode : 'load' 'store'> <Ports = 2> <Width = 16> <Depth = 8> <RAM>
ST_2 : Operation 68 [2/2] (1.75ns)   --->   "%in_block_5_load_6 = load i3 %in_block_5_addr" [../dct.c:65]   --->   Operation 68 'load' 'in_block_5_load_6' <Predicate = (!icmp_ln64 & trunc_ln64 == 5)> <Delay = 1.75> <CoreInst = "RAM">   --->   Core 81 'RAM' <Latency = 1> <II = 1> <Delay = 1.75> <Storage> <Opcode : 'load' 'store'> <Ports = 2> <Width = 16> <Depth = 8> <RAM>
ST_2 : Operation 69 [2/2] (1.75ns)   --->   "%in_block_6_load_6 = load i3 %in_block_6_addr" [../dct.c:65]   --->   Operation 69 'load' 'in_block_6_load_6' <Predicate = (!icmp_ln64 & trunc_ln64 == 5)> <Delay = 1.75> <CoreInst = "RAM">   --->   Core 81 'RAM' <Latency = 1> <II = 1> <Delay = 1.75> <Storage> <Opcode : 'load' 'store'> <Ports = 2> <Width = 16> <Depth = 8> <RAM>
ST_2 : Operation 70 [2/2] (1.75ns)   --->   "%in_block_7_load_6 = load i3 %in_block_7_addr" [../dct.c:65]   --->   Operation 70 'load' 'in_block_7_load_6' <Predicate = (!icmp_ln64 & trunc_ln64 == 5)> <Delay = 1.75> <CoreInst = "RAM">   --->   Core 81 'RAM' <Latency = 1> <II = 1> <Delay = 1.75> <Storage> <Opcode : 'load' 'store'> <Ports = 2> <Width = 16> <Depth = 8> <RAM>
ST_2 : Operation 71 [2/2] (1.75ns)   --->   "%in_block_0_load_5 = load i3 %in_block_0_addr" [../dct.c:65]   --->   Operation 71 'load' 'in_block_0_load_5' <Predicate = (!icmp_ln64 & trunc_ln64 == 4)> <Delay = 1.75> <CoreInst = "RAM">   --->   Core 81 'RAM' <Latency = 1> <II = 1> <Delay = 1.75> <Storage> <Opcode : 'load' 'store'> <Ports = 2> <Width = 16> <Depth = 8> <RAM>
ST_2 : Operation 72 [2/2] (1.75ns)   --->   "%in_block_1_load_5 = load i3 %in_block_1_addr" [../dct.c:65]   --->   Operation 72 'load' 'in_block_1_load_5' <Predicate = (!icmp_ln64 & trunc_ln64 == 4)> <Delay = 1.75> <CoreInst = "RAM">   --->   Core 81 'RAM' <Latency = 1> <II = 1> <Delay = 1.75> <Storage> <Opcode : 'load' 'store'> <Ports = 2> <Width = 16> <Depth = 8> <RAM>
ST_2 : Operation 73 [2/2] (1.75ns)   --->   "%in_block_2_load_5 = load i3 %in_block_2_addr" [../dct.c:65]   --->   Operation 73 'load' 'in_block_2_load_5' <Predicate = (!icmp_ln64 & trunc_ln64 == 4)> <Delay = 1.75> <CoreInst = "RAM">   --->   Core 81 'RAM' <Latency = 1> <II = 1> <Delay = 1.75> <Storage> <Opcode : 'load' 'store'> <Ports = 2> <Width = 16> <Depth = 8> <RAM>
ST_2 : Operation 74 [2/2] (1.75ns)   --->   "%in_block_3_load_5 = load i3 %in_block_3_addr" [../dct.c:65]   --->   Operation 74 'load' 'in_block_3_load_5' <Predicate = (!icmp_ln64 & trunc_ln64 == 4)> <Delay = 1.75> <CoreInst = "RAM">   --->   Core 81 'RAM' <Latency = 1> <II = 1> <Delay = 1.75> <Storage> <Opcode : 'load' 'store'> <Ports = 2> <Width = 16> <Depth = 8> <RAM>
ST_2 : Operation 75 [2/2] (1.75ns)   --->   "%in_block_4_load_5 = load i3 %in_block_4_addr" [../dct.c:65]   --->   Operation 75 'load' 'in_block_4_load_5' <Predicate = (!icmp_ln64 & trunc_ln64 == 4)> <Delay = 1.75> <CoreInst = "RAM">   --->   Core 81 'RAM' <Latency = 1> <II = 1> <Delay = 1.75> <Storage> <Opcode : 'load' 'store'> <Ports = 2> <Width = 16> <Depth = 8> <RAM>
ST_2 : Operation 76 [2/2] (1.75ns)   --->   "%in_block_5_load_5 = load i3 %in_block_5_addr" [../dct.c:65]   --->   Operation 76 'load' 'in_block_5_load_5' <Predicate = (!icmp_ln64 & trunc_ln64 == 4)> <Delay = 1.75> <CoreInst = "RAM">   --->   Core 81 'RAM' <Latency = 1> <II = 1> <Delay = 1.75> <Storage> <Opcode : 'load' 'store'> <Ports = 2> <Width = 16> <Depth = 8> <RAM>
ST_2 : Operation 77 [2/2] (1.75ns)   --->   "%in_block_6_load_5 = load i3 %in_block_6_addr" [../dct.c:65]   --->   Operation 77 'load' 'in_block_6_load_5' <Predicate = (!icmp_ln64 & trunc_ln64 == 4)> <Delay = 1.75> <CoreInst = "RAM">   --->   Core 81 'RAM' <Latency = 1> <II = 1> <Delay = 1.75> <Storage> <Opcode : 'load' 'store'> <Ports = 2> <Width = 16> <Depth = 8> <RAM>
ST_2 : Operation 78 [2/2] (1.75ns)   --->   "%in_block_7_load_5 = load i3 %in_block_7_addr" [../dct.c:65]   --->   Operation 78 'load' 'in_block_7_load_5' <Predicate = (!icmp_ln64 & trunc_ln64 == 4)> <Delay = 1.75> <CoreInst = "RAM">   --->   Core 81 'RAM' <Latency = 1> <II = 1> <Delay = 1.75> <Storage> <Opcode : 'load' 'store'> <Ports = 2> <Width = 16> <Depth = 8> <RAM>
ST_2 : Operation 79 [2/2] (1.75ns)   --->   "%in_block_0_load_4 = load i3 %in_block_0_addr" [../dct.c:65]   --->   Operation 79 'load' 'in_block_0_load_4' <Predicate = (!icmp_ln64 & trunc_ln64 == 3)> <Delay = 1.75> <CoreInst = "RAM">   --->   Core 81 'RAM' <Latency = 1> <II = 1> <Delay = 1.75> <Storage> <Opcode : 'load' 'store'> <Ports = 2> <Width = 16> <Depth = 8> <RAM>
ST_2 : Operation 80 [2/2] (1.75ns)   --->   "%in_block_1_load_4 = load i3 %in_block_1_addr" [../dct.c:65]   --->   Operation 80 'load' 'in_block_1_load_4' <Predicate = (!icmp_ln64 & trunc_ln64 == 3)> <Delay = 1.75> <CoreInst = "RAM">   --->   Core 81 'RAM' <Latency = 1> <II = 1> <Delay = 1.75> <Storage> <Opcode : 'load' 'store'> <Ports = 2> <Width = 16> <Depth = 8> <RAM>
ST_2 : Operation 81 [2/2] (1.75ns)   --->   "%in_block_2_load_4 = load i3 %in_block_2_addr" [../dct.c:65]   --->   Operation 81 'load' 'in_block_2_load_4' <Predicate = (!icmp_ln64 & trunc_ln64 == 3)> <Delay = 1.75> <CoreInst = "RAM">   --->   Core 81 'RAM' <Latency = 1> <II = 1> <Delay = 1.75> <Storage> <Opcode : 'load' 'store'> <Ports = 2> <Width = 16> <Depth = 8> <RAM>
ST_2 : Operation 82 [2/2] (1.75ns)   --->   "%in_block_3_load_4 = load i3 %in_block_3_addr" [../dct.c:65]   --->   Operation 82 'load' 'in_block_3_load_4' <Predicate = (!icmp_ln64 & trunc_ln64 == 3)> <Delay = 1.75> <CoreInst = "RAM">   --->   Core 81 'RAM' <Latency = 1> <II = 1> <Delay = 1.75> <Storage> <Opcode : 'load' 'store'> <Ports = 2> <Width = 16> <Depth = 8> <RAM>
ST_2 : Operation 83 [2/2] (1.75ns)   --->   "%in_block_4_load_4 = load i3 %in_block_4_addr" [../dct.c:65]   --->   Operation 83 'load' 'in_block_4_load_4' <Predicate = (!icmp_ln64 & trunc_ln64 == 3)> <Delay = 1.75> <CoreInst = "RAM">   --->   Core 81 'RAM' <Latency = 1> <II = 1> <Delay = 1.75> <Storage> <Opcode : 'load' 'store'> <Ports = 2> <Width = 16> <Depth = 8> <RAM>
ST_2 : Operation 84 [2/2] (1.75ns)   --->   "%in_block_5_load_4 = load i3 %in_block_5_addr" [../dct.c:65]   --->   Operation 84 'load' 'in_block_5_load_4' <Predicate = (!icmp_ln64 & trunc_ln64 == 3)> <Delay = 1.75> <CoreInst = "RAM">   --->   Core 81 'RAM' <Latency = 1> <II = 1> <Delay = 1.75> <Storage> <Opcode : 'load' 'store'> <Ports = 2> <Width = 16> <Depth = 8> <RAM>
ST_2 : Operation 85 [2/2] (1.75ns)   --->   "%in_block_6_load_4 = load i3 %in_block_6_addr" [../dct.c:65]   --->   Operation 85 'load' 'in_block_6_load_4' <Predicate = (!icmp_ln64 & trunc_ln64 == 3)> <Delay = 1.75> <CoreInst = "RAM">   --->   Core 81 'RAM' <Latency = 1> <II = 1> <Delay = 1.75> <Storage> <Opcode : 'load' 'store'> <Ports = 2> <Width = 16> <Depth = 8> <RAM>
ST_2 : Operation 86 [2/2] (1.75ns)   --->   "%in_block_7_load_4 = load i3 %in_block_7_addr" [../dct.c:65]   --->   Operation 86 'load' 'in_block_7_load_4' <Predicate = (!icmp_ln64 & trunc_ln64 == 3)> <Delay = 1.75> <CoreInst = "RAM">   --->   Core 81 'RAM' <Latency = 1> <II = 1> <Delay = 1.75> <Storage> <Opcode : 'load' 'store'> <Ports = 2> <Width = 16> <Depth = 8> <RAM>
ST_2 : Operation 87 [2/2] (1.75ns)   --->   "%in_block_0_load_3 = load i3 %in_block_0_addr" [../dct.c:65]   --->   Operation 87 'load' 'in_block_0_load_3' <Predicate = (!icmp_ln64 & trunc_ln64 == 2)> <Delay = 1.75> <CoreInst = "RAM">   --->   Core 81 'RAM' <Latency = 1> <II = 1> <Delay = 1.75> <Storage> <Opcode : 'load' 'store'> <Ports = 2> <Width = 16> <Depth = 8> <RAM>
ST_2 : Operation 88 [2/2] (1.75ns)   --->   "%in_block_1_load_3 = load i3 %in_block_1_addr" [../dct.c:65]   --->   Operation 88 'load' 'in_block_1_load_3' <Predicate = (!icmp_ln64 & trunc_ln64 == 2)> <Delay = 1.75> <CoreInst = "RAM">   --->   Core 81 'RAM' <Latency = 1> <II = 1> <Delay = 1.75> <Storage> <Opcode : 'load' 'store'> <Ports = 2> <Width = 16> <Depth = 8> <RAM>
ST_2 : Operation 89 [2/2] (1.75ns)   --->   "%in_block_2_load_3 = load i3 %in_block_2_addr" [../dct.c:65]   --->   Operation 89 'load' 'in_block_2_load_3' <Predicate = (!icmp_ln64 & trunc_ln64 == 2)> <Delay = 1.75> <CoreInst = "RAM">   --->   Core 81 'RAM' <Latency = 1> <II = 1> <Delay = 1.75> <Storage> <Opcode : 'load' 'store'> <Ports = 2> <Width = 16> <Depth = 8> <RAM>
ST_2 : Operation 90 [2/2] (1.75ns)   --->   "%in_block_3_load_3 = load i3 %in_block_3_addr" [../dct.c:65]   --->   Operation 90 'load' 'in_block_3_load_3' <Predicate = (!icmp_ln64 & trunc_ln64 == 2)> <Delay = 1.75> <CoreInst = "RAM">   --->   Core 81 'RAM' <Latency = 1> <II = 1> <Delay = 1.75> <Storage> <Opcode : 'load' 'store'> <Ports = 2> <Width = 16> <Depth = 8> <RAM>
ST_2 : Operation 91 [2/2] (1.75ns)   --->   "%in_block_4_load_3 = load i3 %in_block_4_addr" [../dct.c:65]   --->   Operation 91 'load' 'in_block_4_load_3' <Predicate = (!icmp_ln64 & trunc_ln64 == 2)> <Delay = 1.75> <CoreInst = "RAM">   --->   Core 81 'RAM' <Latency = 1> <II = 1> <Delay = 1.75> <Storage> <Opcode : 'load' 'store'> <Ports = 2> <Width = 16> <Depth = 8> <RAM>
ST_2 : Operation 92 [2/2] (1.75ns)   --->   "%in_block_5_load_3 = load i3 %in_block_5_addr" [../dct.c:65]   --->   Operation 92 'load' 'in_block_5_load_3' <Predicate = (!icmp_ln64 & trunc_ln64 == 2)> <Delay = 1.75> <CoreInst = "RAM">   --->   Core 81 'RAM' <Latency = 1> <II = 1> <Delay = 1.75> <Storage> <Opcode : 'load' 'store'> <Ports = 2> <Width = 16> <Depth = 8> <RAM>
ST_2 : Operation 93 [2/2] (1.75ns)   --->   "%in_block_6_load_3 = load i3 %in_block_6_addr" [../dct.c:65]   --->   Operation 93 'load' 'in_block_6_load_3' <Predicate = (!icmp_ln64 & trunc_ln64 == 2)> <Delay = 1.75> <CoreInst = "RAM">   --->   Core 81 'RAM' <Latency = 1> <II = 1> <Delay = 1.75> <Storage> <Opcode : 'load' 'store'> <Ports = 2> <Width = 16> <Depth = 8> <RAM>
ST_2 : Operation 94 [2/2] (1.75ns)   --->   "%in_block_7_load_3 = load i3 %in_block_7_addr" [../dct.c:65]   --->   Operation 94 'load' 'in_block_7_load_3' <Predicate = (!icmp_ln64 & trunc_ln64 == 2)> <Delay = 1.75> <CoreInst = "RAM">   --->   Core 81 'RAM' <Latency = 1> <II = 1> <Delay = 1.75> <Storage> <Opcode : 'load' 'store'> <Ports = 2> <Width = 16> <Depth = 8> <RAM>
ST_2 : Operation 95 [2/2] (1.75ns)   --->   "%in_block_0_load_2 = load i3 %in_block_0_addr" [../dct.c:65]   --->   Operation 95 'load' 'in_block_0_load_2' <Predicate = (!icmp_ln64 & trunc_ln64 == 1)> <Delay = 1.75> <CoreInst = "RAM">   --->   Core 81 'RAM' <Latency = 1> <II = 1> <Delay = 1.75> <Storage> <Opcode : 'load' 'store'> <Ports = 2> <Width = 16> <Depth = 8> <RAM>
ST_2 : Operation 96 [2/2] (1.75ns)   --->   "%in_block_1_load_2 = load i3 %in_block_1_addr" [../dct.c:65]   --->   Operation 96 'load' 'in_block_1_load_2' <Predicate = (!icmp_ln64 & trunc_ln64 == 1)> <Delay = 1.75> <CoreInst = "RAM">   --->   Core 81 'RAM' <Latency = 1> <II = 1> <Delay = 1.75> <Storage> <Opcode : 'load' 'store'> <Ports = 2> <Width = 16> <Depth = 8> <RAM>
ST_2 : Operation 97 [2/2] (1.75ns)   --->   "%in_block_2_load_2 = load i3 %in_block_2_addr" [../dct.c:65]   --->   Operation 97 'load' 'in_block_2_load_2' <Predicate = (!icmp_ln64 & trunc_ln64 == 1)> <Delay = 1.75> <CoreInst = "RAM">   --->   Core 81 'RAM' <Latency = 1> <II = 1> <Delay = 1.75> <Storage> <Opcode : 'load' 'store'> <Ports = 2> <Width = 16> <Depth = 8> <RAM>
ST_2 : Operation 98 [2/2] (1.75ns)   --->   "%in_block_3_load_2 = load i3 %in_block_3_addr" [../dct.c:65]   --->   Operation 98 'load' 'in_block_3_load_2' <Predicate = (!icmp_ln64 & trunc_ln64 == 1)> <Delay = 1.75> <CoreInst = "RAM">   --->   Core 81 'RAM' <Latency = 1> <II = 1> <Delay = 1.75> <Storage> <Opcode : 'load' 'store'> <Ports = 2> <Width = 16> <Depth = 8> <RAM>
ST_2 : Operation 99 [2/2] (1.75ns)   --->   "%in_block_4_load_2 = load i3 %in_block_4_addr" [../dct.c:65]   --->   Operation 99 'load' 'in_block_4_load_2' <Predicate = (!icmp_ln64 & trunc_ln64 == 1)> <Delay = 1.75> <CoreInst = "RAM">   --->   Core 81 'RAM' <Latency = 1> <II = 1> <Delay = 1.75> <Storage> <Opcode : 'load' 'store'> <Ports = 2> <Width = 16> <Depth = 8> <RAM>
ST_2 : Operation 100 [2/2] (1.75ns)   --->   "%in_block_5_load_2 = load i3 %in_block_5_addr" [../dct.c:65]   --->   Operation 100 'load' 'in_block_5_load_2' <Predicate = (!icmp_ln64 & trunc_ln64 == 1)> <Delay = 1.75> <CoreInst = "RAM">   --->   Core 81 'RAM' <Latency = 1> <II = 1> <Delay = 1.75> <Storage> <Opcode : 'load' 'store'> <Ports = 2> <Width = 16> <Depth = 8> <RAM>
ST_2 : Operation 101 [2/2] (1.75ns)   --->   "%in_block_6_load_2 = load i3 %in_block_6_addr" [../dct.c:65]   --->   Operation 101 'load' 'in_block_6_load_2' <Predicate = (!icmp_ln64 & trunc_ln64 == 1)> <Delay = 1.75> <CoreInst = "RAM">   --->   Core 81 'RAM' <Latency = 1> <II = 1> <Delay = 1.75> <Storage> <Opcode : 'load' 'store'> <Ports = 2> <Width = 16> <Depth = 8> <RAM>
ST_2 : Operation 102 [2/2] (1.75ns)   --->   "%in_block_7_load_2 = load i3 %in_block_7_addr" [../dct.c:65]   --->   Operation 102 'load' 'in_block_7_load_2' <Predicate = (!icmp_ln64 & trunc_ln64 == 1)> <Delay = 1.75> <CoreInst = "RAM">   --->   Core 81 'RAM' <Latency = 1> <II = 1> <Delay = 1.75> <Storage> <Opcode : 'load' 'store'> <Ports = 2> <Width = 16> <Depth = 8> <RAM>
ST_2 : Operation 103 [2/2] (1.75ns)   --->   "%in_block_0_load_1 = load i3 %in_block_0_addr" [../dct.c:65]   --->   Operation 103 'load' 'in_block_0_load_1' <Predicate = (!icmp_ln64 & trunc_ln64 == 0)> <Delay = 1.75> <CoreInst = "RAM">   --->   Core 81 'RAM' <Latency = 1> <II = 1> <Delay = 1.75> <Storage> <Opcode : 'load' 'store'> <Ports = 2> <Width = 16> <Depth = 8> <RAM>
ST_2 : Operation 104 [2/2] (1.75ns)   --->   "%in_block_1_load_1 = load i3 %in_block_1_addr" [../dct.c:65]   --->   Operation 104 'load' 'in_block_1_load_1' <Predicate = (!icmp_ln64 & trunc_ln64 == 0)> <Delay = 1.75> <CoreInst = "RAM">   --->   Core 81 'RAM' <Latency = 1> <II = 1> <Delay = 1.75> <Storage> <Opcode : 'load' 'store'> <Ports = 2> <Width = 16> <Depth = 8> <RAM>
ST_2 : Operation 105 [2/2] (1.75ns)   --->   "%in_block_2_load_1 = load i3 %in_block_2_addr" [../dct.c:65]   --->   Operation 105 'load' 'in_block_2_load_1' <Predicate = (!icmp_ln64 & trunc_ln64 == 0)> <Delay = 1.75> <CoreInst = "RAM">   --->   Core 81 'RAM' <Latency = 1> <II = 1> <Delay = 1.75> <Storage> <Opcode : 'load' 'store'> <Ports = 2> <Width = 16> <Depth = 8> <RAM>
ST_2 : Operation 106 [2/2] (1.75ns)   --->   "%in_block_3_load_1 = load i3 %in_block_3_addr" [../dct.c:65]   --->   Operation 106 'load' 'in_block_3_load_1' <Predicate = (!icmp_ln64 & trunc_ln64 == 0)> <Delay = 1.75> <CoreInst = "RAM">   --->   Core 81 'RAM' <Latency = 1> <II = 1> <Delay = 1.75> <Storage> <Opcode : 'load' 'store'> <Ports = 2> <Width = 16> <Depth = 8> <RAM>
ST_2 : Operation 107 [2/2] (1.75ns)   --->   "%in_block_4_load_1 = load i3 %in_block_4_addr" [../dct.c:65]   --->   Operation 107 'load' 'in_block_4_load_1' <Predicate = (!icmp_ln64 & trunc_ln64 == 0)> <Delay = 1.75> <CoreInst = "RAM">   --->   Core 81 'RAM' <Latency = 1> <II = 1> <Delay = 1.75> <Storage> <Opcode : 'load' 'store'> <Ports = 2> <Width = 16> <Depth = 8> <RAM>
ST_2 : Operation 108 [2/2] (1.75ns)   --->   "%in_block_5_load_1 = load i3 %in_block_5_addr" [../dct.c:65]   --->   Operation 108 'load' 'in_block_5_load_1' <Predicate = (!icmp_ln64 & trunc_ln64 == 0)> <Delay = 1.75> <CoreInst = "RAM">   --->   Core 81 'RAM' <Latency = 1> <II = 1> <Delay = 1.75> <Storage> <Opcode : 'load' 'store'> <Ports = 2> <Width = 16> <Depth = 8> <RAM>
ST_2 : Operation 109 [2/2] (1.75ns)   --->   "%in_block_6_load_1 = load i3 %in_block_6_addr" [../dct.c:65]   --->   Operation 109 'load' 'in_block_6_load_1' <Predicate = (!icmp_ln64 & trunc_ln64 == 0)> <Delay = 1.75> <CoreInst = "RAM">   --->   Core 81 'RAM' <Latency = 1> <II = 1> <Delay = 1.75> <Storage> <Opcode : 'load' 'store'> <Ports = 2> <Width = 16> <Depth = 8> <RAM>
ST_2 : Operation 110 [2/2] (1.75ns)   --->   "%in_block_7_load_1 = load i3 %in_block_7_addr" [../dct.c:65]   --->   Operation 110 'load' 'in_block_7_load_1' <Predicate = (!icmp_ln64 & trunc_ln64 == 0)> <Delay = 1.75> <CoreInst = "RAM">   --->   Core 81 'RAM' <Latency = 1> <II = 1> <Delay = 1.75> <Storage> <Opcode : 'load' 'store'> <Ports = 2> <Width = 16> <Depth = 8> <RAM>
ST_2 : Operation 111 [2/2] (1.75ns)   --->   "%in_block_0_load = load i3 %in_block_0_addr" [../dct.c:65]   --->   Operation 111 'load' 'in_block_0_load' <Predicate = (!icmp_ln64 & trunc_ln64 == 7)> <Delay = 1.75> <CoreInst = "RAM">   --->   Core 81 'RAM' <Latency = 1> <II = 1> <Delay = 1.75> <Storage> <Opcode : 'load' 'store'> <Ports = 2> <Width = 16> <Depth = 8> <RAM>
ST_2 : Operation 112 [2/2] (1.75ns)   --->   "%in_block_1_load = load i3 %in_block_1_addr" [../dct.c:65]   --->   Operation 112 'load' 'in_block_1_load' <Predicate = (!icmp_ln64 & trunc_ln64 == 7)> <Delay = 1.75> <CoreInst = "RAM">   --->   Core 81 'RAM' <Latency = 1> <II = 1> <Delay = 1.75> <Storage> <Opcode : 'load' 'store'> <Ports = 2> <Width = 16> <Depth = 8> <RAM>
ST_2 : Operation 113 [2/2] (1.75ns)   --->   "%in_block_2_load = load i3 %in_block_2_addr" [../dct.c:65]   --->   Operation 113 'load' 'in_block_2_load' <Predicate = (!icmp_ln64 & trunc_ln64 == 7)> <Delay = 1.75> <CoreInst = "RAM">   --->   Core 81 'RAM' <Latency = 1> <II = 1> <Delay = 1.75> <Storage> <Opcode : 'load' 'store'> <Ports = 2> <Width = 16> <Depth = 8> <RAM>
ST_2 : Operation 114 [2/2] (1.75ns)   --->   "%in_block_3_load = load i3 %in_block_3_addr" [../dct.c:65]   --->   Operation 114 'load' 'in_block_3_load' <Predicate = (!icmp_ln64 & trunc_ln64 == 7)> <Delay = 1.75> <CoreInst = "RAM">   --->   Core 81 'RAM' <Latency = 1> <II = 1> <Delay = 1.75> <Storage> <Opcode : 'load' 'store'> <Ports = 2> <Width = 16> <Depth = 8> <RAM>
ST_2 : Operation 115 [2/2] (1.75ns)   --->   "%in_block_4_load = load i3 %in_block_4_addr" [../dct.c:65]   --->   Operation 115 'load' 'in_block_4_load' <Predicate = (!icmp_ln64 & trunc_ln64 == 7)> <Delay = 1.75> <CoreInst = "RAM">   --->   Core 81 'RAM' <Latency = 1> <II = 1> <Delay = 1.75> <Storage> <Opcode : 'load' 'store'> <Ports = 2> <Width = 16> <Depth = 8> <RAM>
ST_2 : Operation 116 [2/2] (1.75ns)   --->   "%in_block_5_load = load i3 %in_block_5_addr" [../dct.c:65]   --->   Operation 116 'load' 'in_block_5_load' <Predicate = (!icmp_ln64 & trunc_ln64 == 7)> <Delay = 1.75> <CoreInst = "RAM">   --->   Core 81 'RAM' <Latency = 1> <II = 1> <Delay = 1.75> <Storage> <Opcode : 'load' 'store'> <Ports = 2> <Width = 16> <Depth = 8> <RAM>
ST_2 : Operation 117 [2/2] (1.75ns)   --->   "%in_block_6_load = load i3 %in_block_6_addr" [../dct.c:65]   --->   Operation 117 'load' 'in_block_6_load' <Predicate = (!icmp_ln64 & trunc_ln64 == 7)> <Delay = 1.75> <CoreInst = "RAM">   --->   Core 81 'RAM' <Latency = 1> <II = 1> <Delay = 1.75> <Storage> <Opcode : 'load' 'store'> <Ports = 2> <Width = 16> <Depth = 8> <RAM>
ST_2 : Operation 118 [2/2] (1.75ns)   --->   "%in_block_7_load = load i3 %in_block_7_addr" [../dct.c:65]   --->   Operation 118 'load' 'in_block_7_load' <Predicate = (!icmp_ln64 & trunc_ln64 == 7)> <Delay = 1.75> <CoreInst = "RAM">   --->   Core 81 'RAM' <Latency = 1> <II = 1> <Delay = 1.75> <Storage> <Opcode : 'load' 'store'> <Ports = 2> <Width = 16> <Depth = 8> <RAM>
ST_2 : Operation 119 [1/1] (0.00ns)   --->   "%i_1 = alloca i32 1" [../dct.c:59]   --->   Operation 119 'alloca' 'i_1' <Predicate = (icmp_ln64)> <Delay = 0.00>
ST_2 : Operation 120 [2/2] (0.00ns)   --->   "%call_ln0 = call void @dct_2d_Pipeline_Xpose_Row_Outer_Loop, i16 %col_inbuf_7, i16 %col_inbuf_6, i16 %col_inbuf_5, i16 %col_inbuf_4, i16 %col_inbuf_3, i16 %col_inbuf_2, i16 %col_inbuf_1, i16 %col_inbuf, i16 %row_outbuf, i16 %row_outbuf_1, i16 %row_outbuf_2, i16 %row_outbuf_3, i16 %row_outbuf_4, i16 %row_outbuf_5, i16 %row_outbuf_6, i16 %row_outbuf_7"   --->   Operation 120 'call' 'call_ln0' <Predicate = (icmp_ln64)> <Delay = 0.00> <CoreType = "Generic">   --->   Generic Core
ST_2 : Operation 121 [1/1] (1.32ns)   --->   "%store_ln59 = store i4 0, i4 %i_1" [../dct.c:59]   --->   Operation 121 'store' 'store_ln59' <Predicate = (icmp_ln64)> <Delay = 1.32>

State 3 <SV = 2> <Delay = 1.75>
ST_3 : Operation 122 [1/2] ( I:1.75ns O:1.75ns )   --->   "%in_block_0_load_7 = load i3 %in_block_0_addr" [../dct.c:65]   --->   Operation 122 'load' 'in_block_0_load_7' <Predicate = (trunc_ln64 == 6)> <Delay = 1.75> <CoreInst = "RAM">   --->   Core 81 'RAM' <Latency = 1> <II = 1> <Delay = 1.75> <Storage> <Opcode : 'load' 'store'> <Ports = 2> <Width = 16> <Depth = 8> <RAM>
ST_3 : Operation 123 [1/2] ( I:1.75ns O:1.75ns )   --->   "%in_block_1_load_7 = load i3 %in_block_1_addr" [../dct.c:65]   --->   Operation 123 'load' 'in_block_1_load_7' <Predicate = (trunc_ln64 == 6)> <Delay = 1.75> <CoreInst = "RAM">   --->   Core 81 'RAM' <Latency = 1> <II = 1> <Delay = 1.75> <Storage> <Opcode : 'load' 'store'> <Ports = 2> <Width = 16> <Depth = 8> <RAM>
ST_3 : Operation 124 [1/2] ( I:1.75ns O:1.75ns )   --->   "%in_block_2_load_7 = load i3 %in_block_2_addr" [../dct.c:65]   --->   Operation 124 'load' 'in_block_2_load_7' <Predicate = (trunc_ln64 == 6)> <Delay = 1.75> <CoreInst = "RAM">   --->   Core 81 'RAM' <Latency = 1> <II = 1> <Delay = 1.75> <Storage> <Opcode : 'load' 'store'> <Ports = 2> <Width = 16> <Depth = 8> <RAM>
ST_3 : Operation 125 [1/2] ( I:1.75ns O:1.75ns )   --->   "%in_block_3_load_7 = load i3 %in_block_3_addr" [../dct.c:65]   --->   Operation 125 'load' 'in_block_3_load_7' <Predicate = (trunc_ln64 == 6)> <Delay = 1.75> <CoreInst = "RAM">   --->   Core 81 'RAM' <Latency = 1> <II = 1> <Delay = 1.75> <Storage> <Opcode : 'load' 'store'> <Ports = 2> <Width = 16> <Depth = 8> <RAM>
ST_3 : Operation 126 [1/2] ( I:1.75ns O:1.75ns )   --->   "%in_block_4_load_7 = load i3 %in_block_4_addr" [../dct.c:65]   --->   Operation 126 'load' 'in_block_4_load_7' <Predicate = (trunc_ln64 == 6)> <Delay = 1.75> <CoreInst = "RAM">   --->   Core 81 'RAM' <Latency = 1> <II = 1> <Delay = 1.75> <Storage> <Opcode : 'load' 'store'> <Ports = 2> <Width = 16> <Depth = 8> <RAM>
ST_3 : Operation 127 [1/2] ( I:1.75ns O:1.75ns )   --->   "%in_block_5_load_7 = load i3 %in_block_5_addr" [../dct.c:65]   --->   Operation 127 'load' 'in_block_5_load_7' <Predicate = (trunc_ln64 == 6)> <Delay = 1.75> <CoreInst = "RAM">   --->   Core 81 'RAM' <Latency = 1> <II = 1> <Delay = 1.75> <Storage> <Opcode : 'load' 'store'> <Ports = 2> <Width = 16> <Depth = 8> <RAM>
ST_3 : Operation 128 [1/2] ( I:1.75ns O:1.75ns )   --->   "%in_block_6_load_7 = load i3 %in_block_6_addr" [../dct.c:65]   --->   Operation 128 'load' 'in_block_6_load_7' <Predicate = (trunc_ln64 == 6)> <Delay = 1.75> <CoreInst = "RAM">   --->   Core 81 'RAM' <Latency = 1> <II = 1> <Delay = 1.75> <Storage> <Opcode : 'load' 'store'> <Ports = 2> <Width = 16> <Depth = 8> <RAM>
ST_3 : Operation 129 [1/2] ( I:1.75ns O:1.75ns )   --->   "%in_block_7_load_7 = load i3 %in_block_7_addr" [../dct.c:65]   --->   Operation 129 'load' 'in_block_7_load_7' <Predicate = (trunc_ln64 == 6)> <Delay = 1.75> <CoreInst = "RAM">   --->   Core 81 'RAM' <Latency = 1> <II = 1> <Delay = 1.75> <Storage> <Opcode : 'load' 'store'> <Ports = 2> <Width = 16> <Depth = 8> <RAM>
ST_3 : Operation 130 [2/2] (0.00ns)   --->   "%call_ln65 = call void @dct_1d.11.12, i16 %in_block_0_load_7, i16 %in_block_1_load_7, i16 %in_block_2_load_7, i16 %in_block_3_load_7, i16 %in_block_4_load_7, i16 %in_block_5_load_7, i16 %in_block_6_load_7, i16 %in_block_7_load_7, i16 %row_outbuf_6, i14 %dct_1d_dct_coeff_table_0, i15 %dct_1d_dct_coeff_table_1, i15 %dct_1d_dct_coeff_table_2, i15 %dct_1d_dct_coeff_table_3, i15 %dct_1d_dct_coeff_table_4, i15 %dct_1d_dct_coeff_table_5, i15 %dct_1d_dct_coeff_table_6, i15 %dct_1d_dct_coeff_table_7" [../dct.c:65]   --->   Operation 130 'call' 'call_ln65' <Predicate = (trunc_ln64 == 6)> <Delay = 0.00> <CoreType = "Generic">   --->   Generic Core
ST_3 : Operation 131 [1/2] ( I:1.75ns O:1.75ns )   --->   "%in_block_0_load_6 = load i3 %in_block_0_addr" [../dct.c:65]   --->   Operation 131 'load' 'in_block_0_load_6' <Predicate = (trunc_ln64 == 5)> <Delay = 1.75> <CoreInst = "RAM">   --->   Core 81 'RAM' <Latency = 1> <II = 1> <Delay = 1.75> <Storage> <Opcode : 'load' 'store'> <Ports = 2> <Width = 16> <Depth = 8> <RAM>
ST_3 : Operation 132 [1/2] ( I:1.75ns O:1.75ns )   --->   "%in_block_1_load_6 = load i3 %in_block_1_addr" [../dct.c:65]   --->   Operation 132 'load' 'in_block_1_load_6' <Predicate = (trunc_ln64 == 5)> <Delay = 1.75> <CoreInst = "RAM">   --->   Core 81 'RAM' <Latency = 1> <II = 1> <Delay = 1.75> <Storage> <Opcode : 'load' 'store'> <Ports = 2> <Width = 16> <Depth = 8> <RAM>
ST_3 : Operation 133 [1/2] ( I:1.75ns O:1.75ns )   --->   "%in_block_2_load_6 = load i3 %in_block_2_addr" [../dct.c:65]   --->   Operation 133 'load' 'in_block_2_load_6' <Predicate = (trunc_ln64 == 5)> <Delay = 1.75> <CoreInst = "RAM">   --->   Core 81 'RAM' <Latency = 1> <II = 1> <Delay = 1.75> <Storage> <Opcode : 'load' 'store'> <Ports = 2> <Width = 16> <Depth = 8> <RAM>
ST_3 : Operation 134 [1/2] ( I:1.75ns O:1.75ns )   --->   "%in_block_3_load_6 = load i3 %in_block_3_addr" [../dct.c:65]   --->   Operation 134 'load' 'in_block_3_load_6' <Predicate = (trunc_ln64 == 5)> <Delay = 1.75> <CoreInst = "RAM">   --->   Core 81 'RAM' <Latency = 1> <II = 1> <Delay = 1.75> <Storage> <Opcode : 'load' 'store'> <Ports = 2> <Width = 16> <Depth = 8> <RAM>
ST_3 : Operation 135 [1/2] ( I:1.75ns O:1.75ns )   --->   "%in_block_4_load_6 = load i3 %in_block_4_addr" [../dct.c:65]   --->   Operation 135 'load' 'in_block_4_load_6' <Predicate = (trunc_ln64 == 5)> <Delay = 1.75> <CoreInst = "RAM">   --->   Core 81 'RAM' <Latency = 1> <II = 1> <Delay = 1.75> <Storage> <Opcode : 'load' 'store'> <Ports = 2> <Width = 16> <Depth = 8> <RAM>
ST_3 : Operation 136 [1/2] ( I:1.75ns O:1.75ns )   --->   "%in_block_5_load_6 = load i3 %in_block_5_addr" [../dct.c:65]   --->   Operation 136 'load' 'in_block_5_load_6' <Predicate = (trunc_ln64 == 5)> <Delay = 1.75> <CoreInst = "RAM">   --->   Core 81 'RAM' <Latency = 1> <II = 1> <Delay = 1.75> <Storage> <Opcode : 'load' 'store'> <Ports = 2> <Width = 16> <Depth = 8> <RAM>
ST_3 : Operation 137 [1/2] ( I:1.75ns O:1.75ns )   --->   "%in_block_6_load_6 = load i3 %in_block_6_addr" [../dct.c:65]   --->   Operation 137 'load' 'in_block_6_load_6' <Predicate = (trunc_ln64 == 5)> <Delay = 1.75> <CoreInst = "RAM">   --->   Core 81 'RAM' <Latency = 1> <II = 1> <Delay = 1.75> <Storage> <Opcode : 'load' 'store'> <Ports = 2> <Width = 16> <Depth = 8> <RAM>
ST_3 : Operation 138 [1/2] ( I:1.75ns O:1.75ns )   --->   "%in_block_7_load_6 = load i3 %in_block_7_addr" [../dct.c:65]   --->   Operation 138 'load' 'in_block_7_load_6' <Predicate = (trunc_ln64 == 5)> <Delay = 1.75> <CoreInst = "RAM">   --->   Core 81 'RAM' <Latency = 1> <II = 1> <Delay = 1.75> <Storage> <Opcode : 'load' 'store'> <Ports = 2> <Width = 16> <Depth = 8> <RAM>
ST_3 : Operation 139 [2/2] (0.00ns)   --->   "%call_ln65 = call void @dct_1d.11.12, i16 %in_block_0_load_6, i16 %in_block_1_load_6, i16 %in_block_2_load_6, i16 %in_block_3_load_6, i16 %in_block_4_load_6, i16 %in_block_5_load_6, i16 %in_block_6_load_6, i16 %in_block_7_load_6, i16 %row_outbuf_5, i14 %dct_1d_dct_coeff_table_0, i15 %dct_1d_dct_coeff_table_1, i15 %dct_1d_dct_coeff_table_2, i15 %dct_1d_dct_coeff_table_3, i15 %dct_1d_dct_coeff_table_4, i15 %dct_1d_dct_coeff_table_5, i15 %dct_1d_dct_coeff_table_6, i15 %dct_1d_dct_coeff_table_7" [../dct.c:65]   --->   Operation 139 'call' 'call_ln65' <Predicate = (trunc_ln64 == 5)> <Delay = 0.00> <CoreType = "Generic">   --->   Generic Core
ST_3 : Operation 140 [1/2] ( I:1.75ns O:1.75ns )   --->   "%in_block_0_load_5 = load i3 %in_block_0_addr" [../dct.c:65]   --->   Operation 140 'load' 'in_block_0_load_5' <Predicate = (trunc_ln64 == 4)> <Delay = 1.75> <CoreInst = "RAM">   --->   Core 81 'RAM' <Latency = 1> <II = 1> <Delay = 1.75> <Storage> <Opcode : 'load' 'store'> <Ports = 2> <Width = 16> <Depth = 8> <RAM>
ST_3 : Operation 141 [1/2] ( I:1.75ns O:1.75ns )   --->   "%in_block_1_load_5 = load i3 %in_block_1_addr" [../dct.c:65]   --->   Operation 141 'load' 'in_block_1_load_5' <Predicate = (trunc_ln64 == 4)> <Delay = 1.75> <CoreInst = "RAM">   --->   Core 81 'RAM' <Latency = 1> <II = 1> <Delay = 1.75> <Storage> <Opcode : 'load' 'store'> <Ports = 2> <Width = 16> <Depth = 8> <RAM>
ST_3 : Operation 142 [1/2] ( I:1.75ns O:1.75ns )   --->   "%in_block_2_load_5 = load i3 %in_block_2_addr" [../dct.c:65]   --->   Operation 142 'load' 'in_block_2_load_5' <Predicate = (trunc_ln64 == 4)> <Delay = 1.75> <CoreInst = "RAM">   --->   Core 81 'RAM' <Latency = 1> <II = 1> <Delay = 1.75> <Storage> <Opcode : 'load' 'store'> <Ports = 2> <Width = 16> <Depth = 8> <RAM>
ST_3 : Operation 143 [1/2] ( I:1.75ns O:1.75ns )   --->   "%in_block_3_load_5 = load i3 %in_block_3_addr" [../dct.c:65]   --->   Operation 143 'load' 'in_block_3_load_5' <Predicate = (trunc_ln64 == 4)> <Delay = 1.75> <CoreInst = "RAM">   --->   Core 81 'RAM' <Latency = 1> <II = 1> <Delay = 1.75> <Storage> <Opcode : 'load' 'store'> <Ports = 2> <Width = 16> <Depth = 8> <RAM>
ST_3 : Operation 144 [1/2] ( I:1.75ns O:1.75ns )   --->   "%in_block_4_load_5 = load i3 %in_block_4_addr" [../dct.c:65]   --->   Operation 144 'load' 'in_block_4_load_5' <Predicate = (trunc_ln64 == 4)> <Delay = 1.75> <CoreInst = "RAM">   --->   Core 81 'RAM' <Latency = 1> <II = 1> <Delay = 1.75> <Storage> <Opcode : 'load' 'store'> <Ports = 2> <Width = 16> <Depth = 8> <RAM>
ST_3 : Operation 145 [1/2] ( I:1.75ns O:1.75ns )   --->   "%in_block_5_load_5 = load i3 %in_block_5_addr" [../dct.c:65]   --->   Operation 145 'load' 'in_block_5_load_5' <Predicate = (trunc_ln64 == 4)> <Delay = 1.75> <CoreInst = "RAM">   --->   Core 81 'RAM' <Latency = 1> <II = 1> <Delay = 1.75> <Storage> <Opcode : 'load' 'store'> <Ports = 2> <Width = 16> <Depth = 8> <RAM>
ST_3 : Operation 146 [1/2] ( I:1.75ns O:1.75ns )   --->   "%in_block_6_load_5 = load i3 %in_block_6_addr" [../dct.c:65]   --->   Operation 146 'load' 'in_block_6_load_5' <Predicate = (trunc_ln64 == 4)> <Delay = 1.75> <CoreInst = "RAM">   --->   Core 81 'RAM' <Latency = 1> <II = 1> <Delay = 1.75> <Storage> <Opcode : 'load' 'store'> <Ports = 2> <Width = 16> <Depth = 8> <RAM>
ST_3 : Operation 147 [1/2] ( I:1.75ns O:1.75ns )   --->   "%in_block_7_load_5 = load i3 %in_block_7_addr" [../dct.c:65]   --->   Operation 147 'load' 'in_block_7_load_5' <Predicate = (trunc_ln64 == 4)> <Delay = 1.75> <CoreInst = "RAM">   --->   Core 81 'RAM' <Latency = 1> <II = 1> <Delay = 1.75> <Storage> <Opcode : 'load' 'store'> <Ports = 2> <Width = 16> <Depth = 8> <RAM>
ST_3 : Operation 148 [2/2] (0.00ns)   --->   "%call_ln65 = call void @dct_1d.11.12, i16 %in_block_0_load_5, i16 %in_block_1_load_5, i16 %in_block_2_load_5, i16 %in_block_3_load_5, i16 %in_block_4_load_5, i16 %in_block_5_load_5, i16 %in_block_6_load_5, i16 %in_block_7_load_5, i16 %row_outbuf_4, i14 %dct_1d_dct_coeff_table_0, i15 %dct_1d_dct_coeff_table_1, i15 %dct_1d_dct_coeff_table_2, i15 %dct_1d_dct_coeff_table_3, i15 %dct_1d_dct_coeff_table_4, i15 %dct_1d_dct_coeff_table_5, i15 %dct_1d_dct_coeff_table_6, i15 %dct_1d_dct_coeff_table_7" [../dct.c:65]   --->   Operation 148 'call' 'call_ln65' <Predicate = (trunc_ln64 == 4)> <Delay = 0.00> <CoreType = "Generic">   --->   Generic Core
ST_3 : Operation 149 [1/2] ( I:1.75ns O:1.75ns )   --->   "%in_block_0_load_4 = load i3 %in_block_0_addr" [../dct.c:65]   --->   Operation 149 'load' 'in_block_0_load_4' <Predicate = (trunc_ln64 == 3)> <Delay = 1.75> <CoreInst = "RAM">   --->   Core 81 'RAM' <Latency = 1> <II = 1> <Delay = 1.75> <Storage> <Opcode : 'load' 'store'> <Ports = 2> <Width = 16> <Depth = 8> <RAM>
ST_3 : Operation 150 [1/2] ( I:1.75ns O:1.75ns )   --->   "%in_block_1_load_4 = load i3 %in_block_1_addr" [../dct.c:65]   --->   Operation 150 'load' 'in_block_1_load_4' <Predicate = (trunc_ln64 == 3)> <Delay = 1.75> <CoreInst = "RAM">   --->   Core 81 'RAM' <Latency = 1> <II = 1> <Delay = 1.75> <Storage> <Opcode : 'load' 'store'> <Ports = 2> <Width = 16> <Depth = 8> <RAM>
ST_3 : Operation 151 [1/2] ( I:1.75ns O:1.75ns )   --->   "%in_block_2_load_4 = load i3 %in_block_2_addr" [../dct.c:65]   --->   Operation 151 'load' 'in_block_2_load_4' <Predicate = (trunc_ln64 == 3)> <Delay = 1.75> <CoreInst = "RAM">   --->   Core 81 'RAM' <Latency = 1> <II = 1> <Delay = 1.75> <Storage> <Opcode : 'load' 'store'> <Ports = 2> <Width = 16> <Depth = 8> <RAM>
ST_3 : Operation 152 [1/2] ( I:1.75ns O:1.75ns )   --->   "%in_block_3_load_4 = load i3 %in_block_3_addr" [../dct.c:65]   --->   Operation 152 'load' 'in_block_3_load_4' <Predicate = (trunc_ln64 == 3)> <Delay = 1.75> <CoreInst = "RAM">   --->   Core 81 'RAM' <Latency = 1> <II = 1> <Delay = 1.75> <Storage> <Opcode : 'load' 'store'> <Ports = 2> <Width = 16> <Depth = 8> <RAM>
ST_3 : Operation 153 [1/2] ( I:1.75ns O:1.75ns )   --->   "%in_block_4_load_4 = load i3 %in_block_4_addr" [../dct.c:65]   --->   Operation 153 'load' 'in_block_4_load_4' <Predicate = (trunc_ln64 == 3)> <Delay = 1.75> <CoreInst = "RAM">   --->   Core 81 'RAM' <Latency = 1> <II = 1> <Delay = 1.75> <Storage> <Opcode : 'load' 'store'> <Ports = 2> <Width = 16> <Depth = 8> <RAM>
ST_3 : Operation 154 [1/2] ( I:1.75ns O:1.75ns )   --->   "%in_block_5_load_4 = load i3 %in_block_5_addr" [../dct.c:65]   --->   Operation 154 'load' 'in_block_5_load_4' <Predicate = (trunc_ln64 == 3)> <Delay = 1.75> <CoreInst = "RAM">   --->   Core 81 'RAM' <Latency = 1> <II = 1> <Delay = 1.75> <Storage> <Opcode : 'load' 'store'> <Ports = 2> <Width = 16> <Depth = 8> <RAM>
ST_3 : Operation 155 [1/2] ( I:1.75ns O:1.75ns )   --->   "%in_block_6_load_4 = load i3 %in_block_6_addr" [../dct.c:65]   --->   Operation 155 'load' 'in_block_6_load_4' <Predicate = (trunc_ln64 == 3)> <Delay = 1.75> <CoreInst = "RAM">   --->   Core 81 'RAM' <Latency = 1> <II = 1> <Delay = 1.75> <Storage> <Opcode : 'load' 'store'> <Ports = 2> <Width = 16> <Depth = 8> <RAM>
ST_3 : Operation 156 [1/2] ( I:1.75ns O:1.75ns )   --->   "%in_block_7_load_4 = load i3 %in_block_7_addr" [../dct.c:65]   --->   Operation 156 'load' 'in_block_7_load_4' <Predicate = (trunc_ln64 == 3)> <Delay = 1.75> <CoreInst = "RAM">   --->   Core 81 'RAM' <Latency = 1> <II = 1> <Delay = 1.75> <Storage> <Opcode : 'load' 'store'> <Ports = 2> <Width = 16> <Depth = 8> <RAM>
ST_3 : Operation 157 [2/2] (0.00ns)   --->   "%call_ln65 = call void @dct_1d.11.12, i16 %in_block_0_load_4, i16 %in_block_1_load_4, i16 %in_block_2_load_4, i16 %in_block_3_load_4, i16 %in_block_4_load_4, i16 %in_block_5_load_4, i16 %in_block_6_load_4, i16 %in_block_7_load_4, i16 %row_outbuf_3, i14 %dct_1d_dct_coeff_table_0, i15 %dct_1d_dct_coeff_table_1, i15 %dct_1d_dct_coeff_table_2, i15 %dct_1d_dct_coeff_table_3, i15 %dct_1d_dct_coeff_table_4, i15 %dct_1d_dct_coeff_table_5, i15 %dct_1d_dct_coeff_table_6, i15 %dct_1d_dct_coeff_table_7" [../dct.c:65]   --->   Operation 157 'call' 'call_ln65' <Predicate = (trunc_ln64 == 3)> <Delay = 0.00> <CoreType = "Generic">   --->   Generic Core
ST_3 : Operation 158 [1/2] ( I:1.75ns O:1.75ns )   --->   "%in_block_0_load_3 = load i3 %in_block_0_addr" [../dct.c:65]   --->   Operation 158 'load' 'in_block_0_load_3' <Predicate = (trunc_ln64 == 2)> <Delay = 1.75> <CoreInst = "RAM">   --->   Core 81 'RAM' <Latency = 1> <II = 1> <Delay = 1.75> <Storage> <Opcode : 'load' 'store'> <Ports = 2> <Width = 16> <Depth = 8> <RAM>
ST_3 : Operation 159 [1/2] ( I:1.75ns O:1.75ns )   --->   "%in_block_1_load_3 = load i3 %in_block_1_addr" [../dct.c:65]   --->   Operation 159 'load' 'in_block_1_load_3' <Predicate = (trunc_ln64 == 2)> <Delay = 1.75> <CoreInst = "RAM">   --->   Core 81 'RAM' <Latency = 1> <II = 1> <Delay = 1.75> <Storage> <Opcode : 'load' 'store'> <Ports = 2> <Width = 16> <Depth = 8> <RAM>
ST_3 : Operation 160 [1/2] ( I:1.75ns O:1.75ns )   --->   "%in_block_2_load_3 = load i3 %in_block_2_addr" [../dct.c:65]   --->   Operation 160 'load' 'in_block_2_load_3' <Predicate = (trunc_ln64 == 2)> <Delay = 1.75> <CoreInst = "RAM">   --->   Core 81 'RAM' <Latency = 1> <II = 1> <Delay = 1.75> <Storage> <Opcode : 'load' 'store'> <Ports = 2> <Width = 16> <Depth = 8> <RAM>
ST_3 : Operation 161 [1/2] ( I:1.75ns O:1.75ns )   --->   "%in_block_3_load_3 = load i3 %in_block_3_addr" [../dct.c:65]   --->   Operation 161 'load' 'in_block_3_load_3' <Predicate = (trunc_ln64 == 2)> <Delay = 1.75> <CoreInst = "RAM">   --->   Core 81 'RAM' <Latency = 1> <II = 1> <Delay = 1.75> <Storage> <Opcode : 'load' 'store'> <Ports = 2> <Width = 16> <Depth = 8> <RAM>
ST_3 : Operation 162 [1/2] ( I:1.75ns O:1.75ns )   --->   "%in_block_4_load_3 = load i3 %in_block_4_addr" [../dct.c:65]   --->   Operation 162 'load' 'in_block_4_load_3' <Predicate = (trunc_ln64 == 2)> <Delay = 1.75> <CoreInst = "RAM">   --->   Core 81 'RAM' <Latency = 1> <II = 1> <Delay = 1.75> <Storage> <Opcode : 'load' 'store'> <Ports = 2> <Width = 16> <Depth = 8> <RAM>
ST_3 : Operation 163 [1/2] ( I:1.75ns O:1.75ns )   --->   "%in_block_5_load_3 = load i3 %in_block_5_addr" [../dct.c:65]   --->   Operation 163 'load' 'in_block_5_load_3' <Predicate = (trunc_ln64 == 2)> <Delay = 1.75> <CoreInst = "RAM">   --->   Core 81 'RAM' <Latency = 1> <II = 1> <Delay = 1.75> <Storage> <Opcode : 'load' 'store'> <Ports = 2> <Width = 16> <Depth = 8> <RAM>
ST_3 : Operation 164 [1/2] ( I:1.75ns O:1.75ns )   --->   "%in_block_6_load_3 = load i3 %in_block_6_addr" [../dct.c:65]   --->   Operation 164 'load' 'in_block_6_load_3' <Predicate = (trunc_ln64 == 2)> <Delay = 1.75> <CoreInst = "RAM">   --->   Core 81 'RAM' <Latency = 1> <II = 1> <Delay = 1.75> <Storage> <Opcode : 'load' 'store'> <Ports = 2> <Width = 16> <Depth = 8> <RAM>
ST_3 : Operation 165 [1/2] ( I:1.75ns O:1.75ns )   --->   "%in_block_7_load_3 = load i3 %in_block_7_addr" [../dct.c:65]   --->   Operation 165 'load' 'in_block_7_load_3' <Predicate = (trunc_ln64 == 2)> <Delay = 1.75> <CoreInst = "RAM">   --->   Core 81 'RAM' <Latency = 1> <II = 1> <Delay = 1.75> <Storage> <Opcode : 'load' 'store'> <Ports = 2> <Width = 16> <Depth = 8> <RAM>
ST_3 : Operation 166 [2/2] (0.00ns)   --->   "%call_ln65 = call void @dct_1d.11.12, i16 %in_block_0_load_3, i16 %in_block_1_load_3, i16 %in_block_2_load_3, i16 %in_block_3_load_3, i16 %in_block_4_load_3, i16 %in_block_5_load_3, i16 %in_block_6_load_3, i16 %in_block_7_load_3, i16 %row_outbuf_2, i14 %dct_1d_dct_coeff_table_0, i15 %dct_1d_dct_coeff_table_1, i15 %dct_1d_dct_coeff_table_2, i15 %dct_1d_dct_coeff_table_3, i15 %dct_1d_dct_coeff_table_4, i15 %dct_1d_dct_coeff_table_5, i15 %dct_1d_dct_coeff_table_6, i15 %dct_1d_dct_coeff_table_7" [../dct.c:65]   --->   Operation 166 'call' 'call_ln65' <Predicate = (trunc_ln64 == 2)> <Delay = 0.00> <CoreType = "Generic">   --->   Generic Core
ST_3 : Operation 167 [1/2] ( I:1.75ns O:1.75ns )   --->   "%in_block_0_load_2 = load i3 %in_block_0_addr" [../dct.c:65]   --->   Operation 167 'load' 'in_block_0_load_2' <Predicate = (trunc_ln64 == 1)> <Delay = 1.75> <CoreInst = "RAM">   --->   Core 81 'RAM' <Latency = 1> <II = 1> <Delay = 1.75> <Storage> <Opcode : 'load' 'store'> <Ports = 2> <Width = 16> <Depth = 8> <RAM>
ST_3 : Operation 168 [1/2] ( I:1.75ns O:1.75ns )   --->   "%in_block_1_load_2 = load i3 %in_block_1_addr" [../dct.c:65]   --->   Operation 168 'load' 'in_block_1_load_2' <Predicate = (trunc_ln64 == 1)> <Delay = 1.75> <CoreInst = "RAM">   --->   Core 81 'RAM' <Latency = 1> <II = 1> <Delay = 1.75> <Storage> <Opcode : 'load' 'store'> <Ports = 2> <Width = 16> <Depth = 8> <RAM>
ST_3 : Operation 169 [1/2] ( I:1.75ns O:1.75ns )   --->   "%in_block_2_load_2 = load i3 %in_block_2_addr" [../dct.c:65]   --->   Operation 169 'load' 'in_block_2_load_2' <Predicate = (trunc_ln64 == 1)> <Delay = 1.75> <CoreInst = "RAM">   --->   Core 81 'RAM' <Latency = 1> <II = 1> <Delay = 1.75> <Storage> <Opcode : 'load' 'store'> <Ports = 2> <Width = 16> <Depth = 8> <RAM>
ST_3 : Operation 170 [1/2] ( I:1.75ns O:1.75ns )   --->   "%in_block_3_load_2 = load i3 %in_block_3_addr" [../dct.c:65]   --->   Operation 170 'load' 'in_block_3_load_2' <Predicate = (trunc_ln64 == 1)> <Delay = 1.75> <CoreInst = "RAM">   --->   Core 81 'RAM' <Latency = 1> <II = 1> <Delay = 1.75> <Storage> <Opcode : 'load' 'store'> <Ports = 2> <Width = 16> <Depth = 8> <RAM>
ST_3 : Operation 171 [1/2] ( I:1.75ns O:1.75ns )   --->   "%in_block_4_load_2 = load i3 %in_block_4_addr" [../dct.c:65]   --->   Operation 171 'load' 'in_block_4_load_2' <Predicate = (trunc_ln64 == 1)> <Delay = 1.75> <CoreInst = "RAM">   --->   Core 81 'RAM' <Latency = 1> <II = 1> <Delay = 1.75> <Storage> <Opcode : 'load' 'store'> <Ports = 2> <Width = 16> <Depth = 8> <RAM>
ST_3 : Operation 172 [1/2] ( I:1.75ns O:1.75ns )   --->   "%in_block_5_load_2 = load i3 %in_block_5_addr" [../dct.c:65]   --->   Operation 172 'load' 'in_block_5_load_2' <Predicate = (trunc_ln64 == 1)> <Delay = 1.75> <CoreInst = "RAM">   --->   Core 81 'RAM' <Latency = 1> <II = 1> <Delay = 1.75> <Storage> <Opcode : 'load' 'store'> <Ports = 2> <Width = 16> <Depth = 8> <RAM>
ST_3 : Operation 173 [1/2] ( I:1.75ns O:1.75ns )   --->   "%in_block_6_load_2 = load i3 %in_block_6_addr" [../dct.c:65]   --->   Operation 173 'load' 'in_block_6_load_2' <Predicate = (trunc_ln64 == 1)> <Delay = 1.75> <CoreInst = "RAM">   --->   Core 81 'RAM' <Latency = 1> <II = 1> <Delay = 1.75> <Storage> <Opcode : 'load' 'store'> <Ports = 2> <Width = 16> <Depth = 8> <RAM>
ST_3 : Operation 174 [1/2] ( I:1.75ns O:1.75ns )   --->   "%in_block_7_load_2 = load i3 %in_block_7_addr" [../dct.c:65]   --->   Operation 174 'load' 'in_block_7_load_2' <Predicate = (trunc_ln64 == 1)> <Delay = 1.75> <CoreInst = "RAM">   --->   Core 81 'RAM' <Latency = 1> <II = 1> <Delay = 1.75> <Storage> <Opcode : 'load' 'store'> <Ports = 2> <Width = 16> <Depth = 8> <RAM>
ST_3 : Operation 175 [2/2] (0.00ns)   --->   "%call_ln65 = call void @dct_1d.11.12, i16 %in_block_0_load_2, i16 %in_block_1_load_2, i16 %in_block_2_load_2, i16 %in_block_3_load_2, i16 %in_block_4_load_2, i16 %in_block_5_load_2, i16 %in_block_6_load_2, i16 %in_block_7_load_2, i16 %row_outbuf_1, i14 %dct_1d_dct_coeff_table_0, i15 %dct_1d_dct_coeff_table_1, i15 %dct_1d_dct_coeff_table_2, i15 %dct_1d_dct_coeff_table_3, i15 %dct_1d_dct_coeff_table_4, i15 %dct_1d_dct_coeff_table_5, i15 %dct_1d_dct_coeff_table_6, i15 %dct_1d_dct_coeff_table_7" [../dct.c:65]   --->   Operation 175 'call' 'call_ln65' <Predicate = (trunc_ln64 == 1)> <Delay = 0.00> <CoreType = "Generic">   --->   Generic Core
ST_3 : Operation 176 [1/2] ( I:1.75ns O:1.75ns )   --->   "%in_block_0_load_1 = load i3 %in_block_0_addr" [../dct.c:65]   --->   Operation 176 'load' 'in_block_0_load_1' <Predicate = (trunc_ln64 == 0)> <Delay = 1.75> <CoreInst = "RAM">   --->   Core 81 'RAM' <Latency = 1> <II = 1> <Delay = 1.75> <Storage> <Opcode : 'load' 'store'> <Ports = 2> <Width = 16> <Depth = 8> <RAM>
ST_3 : Operation 177 [1/2] ( I:1.75ns O:1.75ns )   --->   "%in_block_1_load_1 = load i3 %in_block_1_addr" [../dct.c:65]   --->   Operation 177 'load' 'in_block_1_load_1' <Predicate = (trunc_ln64 == 0)> <Delay = 1.75> <CoreInst = "RAM">   --->   Core 81 'RAM' <Latency = 1> <II = 1> <Delay = 1.75> <Storage> <Opcode : 'load' 'store'> <Ports = 2> <Width = 16> <Depth = 8> <RAM>
ST_3 : Operation 178 [1/2] ( I:1.75ns O:1.75ns )   --->   "%in_block_2_load_1 = load i3 %in_block_2_addr" [../dct.c:65]   --->   Operation 178 'load' 'in_block_2_load_1' <Predicate = (trunc_ln64 == 0)> <Delay = 1.75> <CoreInst = "RAM">   --->   Core 81 'RAM' <Latency = 1> <II = 1> <Delay = 1.75> <Storage> <Opcode : 'load' 'store'> <Ports = 2> <Width = 16> <Depth = 8> <RAM>
ST_3 : Operation 179 [1/2] ( I:1.75ns O:1.75ns )   --->   "%in_block_3_load_1 = load i3 %in_block_3_addr" [../dct.c:65]   --->   Operation 179 'load' 'in_block_3_load_1' <Predicate = (trunc_ln64 == 0)> <Delay = 1.75> <CoreInst = "RAM">   --->   Core 81 'RAM' <Latency = 1> <II = 1> <Delay = 1.75> <Storage> <Opcode : 'load' 'store'> <Ports = 2> <Width = 16> <Depth = 8> <RAM>
ST_3 : Operation 180 [1/2] ( I:1.75ns O:1.75ns )   --->   "%in_block_4_load_1 = load i3 %in_block_4_addr" [../dct.c:65]   --->   Operation 180 'load' 'in_block_4_load_1' <Predicate = (trunc_ln64 == 0)> <Delay = 1.75> <CoreInst = "RAM">   --->   Core 81 'RAM' <Latency = 1> <II = 1> <Delay = 1.75> <Storage> <Opcode : 'load' 'store'> <Ports = 2> <Width = 16> <Depth = 8> <RAM>
ST_3 : Operation 181 [1/2] ( I:1.75ns O:1.75ns )   --->   "%in_block_5_load_1 = load i3 %in_block_5_addr" [../dct.c:65]   --->   Operation 181 'load' 'in_block_5_load_1' <Predicate = (trunc_ln64 == 0)> <Delay = 1.75> <CoreInst = "RAM">   --->   Core 81 'RAM' <Latency = 1> <II = 1> <Delay = 1.75> <Storage> <Opcode : 'load' 'store'> <Ports = 2> <Width = 16> <Depth = 8> <RAM>
ST_3 : Operation 182 [1/2] ( I:1.75ns O:1.75ns )   --->   "%in_block_6_load_1 = load i3 %in_block_6_addr" [../dct.c:65]   --->   Operation 182 'load' 'in_block_6_load_1' <Predicate = (trunc_ln64 == 0)> <Delay = 1.75> <CoreInst = "RAM">   --->   Core 81 'RAM' <Latency = 1> <II = 1> <Delay = 1.75> <Storage> <Opcode : 'load' 'store'> <Ports = 2> <Width = 16> <Depth = 8> <RAM>
ST_3 : Operation 183 [1/2] ( I:1.75ns O:1.75ns )   --->   "%in_block_7_load_1 = load i3 %in_block_7_addr" [../dct.c:65]   --->   Operation 183 'load' 'in_block_7_load_1' <Predicate = (trunc_ln64 == 0)> <Delay = 1.75> <CoreInst = "RAM">   --->   Core 81 'RAM' <Latency = 1> <II = 1> <Delay = 1.75> <Storage> <Opcode : 'load' 'store'> <Ports = 2> <Width = 16> <Depth = 8> <RAM>
ST_3 : Operation 184 [2/2] (0.00ns)   --->   "%call_ln65 = call void @dct_1d.11.12, i16 %in_block_0_load_1, i16 %in_block_1_load_1, i16 %in_block_2_load_1, i16 %in_block_3_load_1, i16 %in_block_4_load_1, i16 %in_block_5_load_1, i16 %in_block_6_load_1, i16 %in_block_7_load_1, i16 %row_outbuf, i14 %dct_1d_dct_coeff_table_0, i15 %dct_1d_dct_coeff_table_1, i15 %dct_1d_dct_coeff_table_2, i15 %dct_1d_dct_coeff_table_3, i15 %dct_1d_dct_coeff_table_4, i15 %dct_1d_dct_coeff_table_5, i15 %dct_1d_dct_coeff_table_6, i15 %dct_1d_dct_coeff_table_7" [../dct.c:65]   --->   Operation 184 'call' 'call_ln65' <Predicate = (trunc_ln64 == 0)> <Delay = 0.00> <CoreType = "Generic">   --->   Generic Core
ST_3 : Operation 185 [1/2] ( I:1.75ns O:1.75ns )   --->   "%in_block_0_load = load i3 %in_block_0_addr" [../dct.c:65]   --->   Operation 185 'load' 'in_block_0_load' <Predicate = (trunc_ln64 == 7)> <Delay = 1.75> <CoreInst = "RAM">   --->   Core 81 'RAM' <Latency = 1> <II = 1> <Delay = 1.75> <Storage> <Opcode : 'load' 'store'> <Ports = 2> <Width = 16> <Depth = 8> <RAM>
ST_3 : Operation 186 [1/2] ( I:1.75ns O:1.75ns )   --->   "%in_block_1_load = load i3 %in_block_1_addr" [../dct.c:65]   --->   Operation 186 'load' 'in_block_1_load' <Predicate = (trunc_ln64 == 7)> <Delay = 1.75> <CoreInst = "RAM">   --->   Core 81 'RAM' <Latency = 1> <II = 1> <Delay = 1.75> <Storage> <Opcode : 'load' 'store'> <Ports = 2> <Width = 16> <Depth = 8> <RAM>
ST_3 : Operation 187 [1/2] ( I:1.75ns O:1.75ns )   --->   "%in_block_2_load = load i3 %in_block_2_addr" [../dct.c:65]   --->   Operation 187 'load' 'in_block_2_load' <Predicate = (trunc_ln64 == 7)> <Delay = 1.75> <CoreInst = "RAM">   --->   Core 81 'RAM' <Latency = 1> <II = 1> <Delay = 1.75> <Storage> <Opcode : 'load' 'store'> <Ports = 2> <Width = 16> <Depth = 8> <RAM>
ST_3 : Operation 188 [1/2] ( I:1.75ns O:1.75ns )   --->   "%in_block_3_load = load i3 %in_block_3_addr" [../dct.c:65]   --->   Operation 188 'load' 'in_block_3_load' <Predicate = (trunc_ln64 == 7)> <Delay = 1.75> <CoreInst = "RAM">   --->   Core 81 'RAM' <Latency = 1> <II = 1> <Delay = 1.75> <Storage> <Opcode : 'load' 'store'> <Ports = 2> <Width = 16> <Depth = 8> <RAM>
ST_3 : Operation 189 [1/2] ( I:1.75ns O:1.75ns )   --->   "%in_block_4_load = load i3 %in_block_4_addr" [../dct.c:65]   --->   Operation 189 'load' 'in_block_4_load' <Predicate = (trunc_ln64 == 7)> <Delay = 1.75> <CoreInst = "RAM">   --->   Core 81 'RAM' <Latency = 1> <II = 1> <Delay = 1.75> <Storage> <Opcode : 'load' 'store'> <Ports = 2> <Width = 16> <Depth = 8> <RAM>
ST_3 : Operation 190 [1/2] ( I:1.75ns O:1.75ns )   --->   "%in_block_5_load = load i3 %in_block_5_addr" [../dct.c:65]   --->   Operation 190 'load' 'in_block_5_load' <Predicate = (trunc_ln64 == 7)> <Delay = 1.75> <CoreInst = "RAM">   --->   Core 81 'RAM' <Latency = 1> <II = 1> <Delay = 1.75> <Storage> <Opcode : 'load' 'store'> <Ports = 2> <Width = 16> <Depth = 8> <RAM>
ST_3 : Operation 191 [1/2] ( I:1.75ns O:1.75ns )   --->   "%in_block_6_load = load i3 %in_block_6_addr" [../dct.c:65]   --->   Operation 191 'load' 'in_block_6_load' <Predicate = (trunc_ln64 == 7)> <Delay = 1.75> <CoreInst = "RAM">   --->   Core 81 'RAM' <Latency = 1> <II = 1> <Delay = 1.75> <Storage> <Opcode : 'load' 'store'> <Ports = 2> <Width = 16> <Depth = 8> <RAM>
ST_3 : Operation 192 [1/2] ( I:1.75ns O:1.75ns )   --->   "%in_block_7_load = load i3 %in_block_7_addr" [../dct.c:65]   --->   Operation 192 'load' 'in_block_7_load' <Predicate = (trunc_ln64 == 7)> <Delay = 1.75> <CoreInst = "RAM">   --->   Core 81 'RAM' <Latency = 1> <II = 1> <Delay = 1.75> <Storage> <Opcode : 'load' 'store'> <Ports = 2> <Width = 16> <Depth = 8> <RAM>
ST_3 : Operation 193 [2/2] (0.00ns)   --->   "%call_ln65 = call void @dct_1d.11.12, i16 %in_block_0_load, i16 %in_block_1_load, i16 %in_block_2_load, i16 %in_block_3_load, i16 %in_block_4_load, i16 %in_block_5_load, i16 %in_block_6_load, i16 %in_block_7_load, i16 %row_outbuf_7, i14 %dct_1d_dct_coeff_table_0, i15 %dct_1d_dct_coeff_table_1, i15 %dct_1d_dct_coeff_table_2, i15 %dct_1d_dct_coeff_table_3, i15 %dct_1d_dct_coeff_table_4, i15 %dct_1d_dct_coeff_table_5, i15 %dct_1d_dct_coeff_table_6, i15 %dct_1d_dct_coeff_table_7" [../dct.c:65]   --->   Operation 193 'call' 'call_ln65' <Predicate = (trunc_ln64 == 7)> <Delay = 0.00> <CoreType = "Generic">   --->   Generic Core

State 4 <SV = 3> <Delay = 0.00>
ST_4 : Operation 194 [1/2] (0.00ns)   --->   "%call_ln65 = call void @dct_1d.11.12, i16 %in_block_0_load_7, i16 %in_block_1_load_7, i16 %in_block_2_load_7, i16 %in_block_3_load_7, i16 %in_block_4_load_7, i16 %in_block_5_load_7, i16 %in_block_6_load_7, i16 %in_block_7_load_7, i16 %row_outbuf_6, i14 %dct_1d_dct_coeff_table_0, i15 %dct_1d_dct_coeff_table_1, i15 %dct_1d_dct_coeff_table_2, i15 %dct_1d_dct_coeff_table_3, i15 %dct_1d_dct_coeff_table_4, i15 %dct_1d_dct_coeff_table_5, i15 %dct_1d_dct_coeff_table_6, i15 %dct_1d_dct_coeff_table_7" [../dct.c:65]   --->   Operation 194 'call' 'call_ln65' <Predicate = (trunc_ln64 == 6)> <Delay = 0.00> <CoreType = "Generic">   --->   Generic Core
ST_4 : Operation 195 [1/1] (0.00ns)   --->   "%br_ln65 = br void %.exit" [../dct.c:65]   --->   Operation 195 'br' 'br_ln65' <Predicate = (trunc_ln64 == 6)> <Delay = 0.00>
ST_4 : Operation 196 [1/2] (0.00ns)   --->   "%call_ln65 = call void @dct_1d.11.12, i16 %in_block_0_load_6, i16 %in_block_1_load_6, i16 %in_block_2_load_6, i16 %in_block_3_load_6, i16 %in_block_4_load_6, i16 %in_block_5_load_6, i16 %in_block_6_load_6, i16 %in_block_7_load_6, i16 %row_outbuf_5, i14 %dct_1d_dct_coeff_table_0, i15 %dct_1d_dct_coeff_table_1, i15 %dct_1d_dct_coeff_table_2, i15 %dct_1d_dct_coeff_table_3, i15 %dct_1d_dct_coeff_table_4, i15 %dct_1d_dct_coeff_table_5, i15 %dct_1d_dct_coeff_table_6, i15 %dct_1d_dct_coeff_table_7" [../dct.c:65]   --->   Operation 196 'call' 'call_ln65' <Predicate = (trunc_ln64 == 5)> <Delay = 0.00> <CoreType = "Generic">   --->   Generic Core
ST_4 : Operation 197 [1/1] (0.00ns)   --->   "%br_ln65 = br void %.exit" [../dct.c:65]   --->   Operation 197 'br' 'br_ln65' <Predicate = (trunc_ln64 == 5)> <Delay = 0.00>
ST_4 : Operation 198 [1/2] (0.00ns)   --->   "%call_ln65 = call void @dct_1d.11.12, i16 %in_block_0_load_5, i16 %in_block_1_load_5, i16 %in_block_2_load_5, i16 %in_block_3_load_5, i16 %in_block_4_load_5, i16 %in_block_5_load_5, i16 %in_block_6_load_5, i16 %in_block_7_load_5, i16 %row_outbuf_4, i14 %dct_1d_dct_coeff_table_0, i15 %dct_1d_dct_coeff_table_1, i15 %dct_1d_dct_coeff_table_2, i15 %dct_1d_dct_coeff_table_3, i15 %dct_1d_dct_coeff_table_4, i15 %dct_1d_dct_coeff_table_5, i15 %dct_1d_dct_coeff_table_6, i15 %dct_1d_dct_coeff_table_7" [../dct.c:65]   --->   Operation 198 'call' 'call_ln65' <Predicate = (trunc_ln64 == 4)> <Delay = 0.00> <CoreType = "Generic">   --->   Generic Core
ST_4 : Operation 199 [1/1] (0.00ns)   --->   "%br_ln65 = br void %.exit" [../dct.c:65]   --->   Operation 199 'br' 'br_ln65' <Predicate = (trunc_ln64 == 4)> <Delay = 0.00>
ST_4 : Operation 200 [1/2] (0.00ns)   --->   "%call_ln65 = call void @dct_1d.11.12, i16 %in_block_0_load_4, i16 %in_block_1_load_4, i16 %in_block_2_load_4, i16 %in_block_3_load_4, i16 %in_block_4_load_4, i16 %in_block_5_load_4, i16 %in_block_6_load_4, i16 %in_block_7_load_4, i16 %row_outbuf_3, i14 %dct_1d_dct_coeff_table_0, i15 %dct_1d_dct_coeff_table_1, i15 %dct_1d_dct_coeff_table_2, i15 %dct_1d_dct_coeff_table_3, i15 %dct_1d_dct_coeff_table_4, i15 %dct_1d_dct_coeff_table_5, i15 %dct_1d_dct_coeff_table_6, i15 %dct_1d_dct_coeff_table_7" [../dct.c:65]   --->   Operation 200 'call' 'call_ln65' <Predicate = (trunc_ln64 == 3)> <Delay = 0.00> <CoreType = "Generic">   --->   Generic Core
ST_4 : Operation 201 [1/1] (0.00ns)   --->   "%br_ln65 = br void %.exit" [../dct.c:65]   --->   Operation 201 'br' 'br_ln65' <Predicate = (trunc_ln64 == 3)> <Delay = 0.00>
ST_4 : Operation 202 [1/2] (0.00ns)   --->   "%call_ln65 = call void @dct_1d.11.12, i16 %in_block_0_load_3, i16 %in_block_1_load_3, i16 %in_block_2_load_3, i16 %in_block_3_load_3, i16 %in_block_4_load_3, i16 %in_block_5_load_3, i16 %in_block_6_load_3, i16 %in_block_7_load_3, i16 %row_outbuf_2, i14 %dct_1d_dct_coeff_table_0, i15 %dct_1d_dct_coeff_table_1, i15 %dct_1d_dct_coeff_table_2, i15 %dct_1d_dct_coeff_table_3, i15 %dct_1d_dct_coeff_table_4, i15 %dct_1d_dct_coeff_table_5, i15 %dct_1d_dct_coeff_table_6, i15 %dct_1d_dct_coeff_table_7" [../dct.c:65]   --->   Operation 202 'call' 'call_ln65' <Predicate = (trunc_ln64 == 2)> <Delay = 0.00> <CoreType = "Generic">   --->   Generic Core
ST_4 : Operation 203 [1/1] (0.00ns)   --->   "%br_ln65 = br void %.exit" [../dct.c:65]   --->   Operation 203 'br' 'br_ln65' <Predicate = (trunc_ln64 == 2)> <Delay = 0.00>
ST_4 : Operation 204 [1/2] (0.00ns)   --->   "%call_ln65 = call void @dct_1d.11.12, i16 %in_block_0_load_2, i16 %in_block_1_load_2, i16 %in_block_2_load_2, i16 %in_block_3_load_2, i16 %in_block_4_load_2, i16 %in_block_5_load_2, i16 %in_block_6_load_2, i16 %in_block_7_load_2, i16 %row_outbuf_1, i14 %dct_1d_dct_coeff_table_0, i15 %dct_1d_dct_coeff_table_1, i15 %dct_1d_dct_coeff_table_2, i15 %dct_1d_dct_coeff_table_3, i15 %dct_1d_dct_coeff_table_4, i15 %dct_1d_dct_coeff_table_5, i15 %dct_1d_dct_coeff_table_6, i15 %dct_1d_dct_coeff_table_7" [../dct.c:65]   --->   Operation 204 'call' 'call_ln65' <Predicate = (trunc_ln64 == 1)> <Delay = 0.00> <CoreType = "Generic">   --->   Generic Core
ST_4 : Operation 205 [1/1] (0.00ns)   --->   "%br_ln65 = br void %.exit" [../dct.c:65]   --->   Operation 205 'br' 'br_ln65' <Predicate = (trunc_ln64 == 1)> <Delay = 0.00>
ST_4 : Operation 206 [1/2] (0.00ns)   --->   "%call_ln65 = call void @dct_1d.11.12, i16 %in_block_0_load_1, i16 %in_block_1_load_1, i16 %in_block_2_load_1, i16 %in_block_3_load_1, i16 %in_block_4_load_1, i16 %in_block_5_load_1, i16 %in_block_6_load_1, i16 %in_block_7_load_1, i16 %row_outbuf, i14 %dct_1d_dct_coeff_table_0, i15 %dct_1d_dct_coeff_table_1, i15 %dct_1d_dct_coeff_table_2, i15 %dct_1d_dct_coeff_table_3, i15 %dct_1d_dct_coeff_table_4, i15 %dct_1d_dct_coeff_table_5, i15 %dct_1d_dct_coeff_table_6, i15 %dct_1d_dct_coeff_table_7" [../dct.c:65]   --->   Operation 206 'call' 'call_ln65' <Predicate = (trunc_ln64 == 0)> <Delay = 0.00> <CoreType = "Generic">   --->   Generic Core
ST_4 : Operation 207 [1/1] (0.00ns)   --->   "%br_ln65 = br void %.exit" [../dct.c:65]   --->   Operation 207 'br' 'br_ln65' <Predicate = (trunc_ln64 == 0)> <Delay = 0.00>
ST_4 : Operation 208 [1/2] (0.00ns)   --->   "%call_ln65 = call void @dct_1d.11.12, i16 %in_block_0_load, i16 %in_block_1_load, i16 %in_block_2_load, i16 %in_block_3_load, i16 %in_block_4_load, i16 %in_block_5_load, i16 %in_block_6_load, i16 %in_block_7_load, i16 %row_outbuf_7, i14 %dct_1d_dct_coeff_table_0, i15 %dct_1d_dct_coeff_table_1, i15 %dct_1d_dct_coeff_table_2, i15 %dct_1d_dct_coeff_table_3, i15 %dct_1d_dct_coeff_table_4, i15 %dct_1d_dct_coeff_table_5, i15 %dct_1d_dct_coeff_table_6, i15 %dct_1d_dct_coeff_table_7" [../dct.c:65]   --->   Operation 208 'call' 'call_ln65' <Predicate = (trunc_ln64 == 7)> <Delay = 0.00> <CoreType = "Generic">   --->   Generic Core
ST_4 : Operation 209 [1/1] (0.00ns)   --->   "%br_ln65 = br void %.exit" [../dct.c:65]   --->   Operation 209 'br' 'br_ln65' <Predicate = (trunc_ln64 == 7)> <Delay = 0.00>

State 5 <SV = 4> <Delay = 1.32>
ST_5 : Operation 210 [1/1] (1.32ns)   --->   "%store_ln59 = store i4 %add_ln64, i4 %i" [../dct.c:59]   --->   Operation 210 'store' 'store_ln59' <Predicate = true> <Delay = 1.32>
ST_5 : Operation 211 [1/1] (0.00ns)   --->   "%br_ln64 = br void %for.inc" [../dct.c:64]   --->   Operation 211 'br' 'br_ln64' <Predicate = true> <Delay = 0.00>

State 6 <SV = 2> <Delay = 4.13>
ST_6 : Operation 212 [1/2] (4.13ns)   --->   "%call_ln0 = call void @dct_2d_Pipeline_Xpose_Row_Outer_Loop, i16 %col_inbuf_7, i16 %col_inbuf_6, i16 %col_inbuf_5, i16 %col_inbuf_4, i16 %col_inbuf_3, i16 %col_inbuf_2, i16 %col_inbuf_1, i16 %col_inbuf, i16 %row_outbuf, i16 %row_outbuf_1, i16 %row_outbuf_2, i16 %row_outbuf_3, i16 %row_outbuf_4, i16 %row_outbuf_5, i16 %row_outbuf_6, i16 %row_outbuf_7"   --->   Operation 212 'call' 'call_ln0' <Predicate = true> <Delay = 4.13> <CoreType = "Generic">   --->   Generic Core
ST_6 : Operation 213 [1/1] (0.00ns)   --->   "%br_ln80 = br void %for.inc33" [../dct.c:80]   --->   Operation 213 'br' 'br_ln80' <Predicate = true> <Delay = 0.00>

State 7 <SV = 3> <Delay = 1.75>
ST_7 : Operation 214 [1/1] (0.00ns)   --->   "%i_3 = load i4 %i_1" [../dct.c:80]   --->   Operation 214 'load' 'i_3' <Predicate = true> <Delay = 0.00>
ST_7 : Operation 215 [1/1] (1.49ns)   --->   "%icmp_ln80 = icmp_eq  i4 %i_3, i4 8" [../dct.c:80]   --->   Operation 215 'icmp' 'icmp_ln80' <Predicate = true> <Delay = 1.49> <CoreInst = "Cmp">   --->   Core 9 'Cmp' <Latency = 0> <II = 1> <Delay = 1.54> <FuncUnit> <Opcode : 'seteq' 'setne' 'setle' 'setge' 'setlt' 'setgt'> <InPorts = 2> <OutPorts = 1>
ST_7 : Operation 216 [1/1] (1.49ns)   --->   "%add_ln80 = add i4 %i_3, i4 1" [../dct.c:80]   --->   Operation 216 'add' 'add_ln80' <Predicate = true> <Delay = 1.49> <CoreInst = "Adder">   --->   Core 1 'Adder' <Latency = 0> <II = 1> <Delay = 1.49> <FuncUnit> <Opcode : 'add' 'sub'> <InPorts = 2> <OutPorts = 1>
ST_7 : Operation 217 [1/1] (0.00ns)   --->   "%br_ln80 = br i1 %icmp_ln80, void %for.inc33.split, void %Xpose_Col_Inner_Loop.preheader" [../dct.c:80]   --->   Operation 217 'br' 'br_ln80' <Predicate = true> <Delay = 0.00>
ST_7 : Operation 218 [1/1] (0.00ns)   --->   "%zext_ln80 = zext i4 %i_3" [../dct.c:80]   --->   Operation 218 'zext' 'zext_ln80' <Predicate = (!icmp_ln80)> <Delay = 0.00>
ST_7 : Operation 219 [1/1] (0.00ns)   --->   "%trunc_ln80 = trunc i4 %i_3" [../dct.c:80]   --->   Operation 219 'trunc' 'trunc_ln80' <Predicate = (!icmp_ln80)> <Delay = 0.00>
ST_7 : Operation 220 [1/1] (0.00ns)   --->   "%speclooptripcount_ln59 = speclooptripcount void @_ssdm_op_SpecLoopTripCount, i64 8, i64 8, i64 8" [../dct.c:59]   --->   Operation 220 'speclooptripcount' 'speclooptripcount_ln59' <Predicate = (!icmp_ln80)> <Delay = 0.00>
ST_7 : Operation 221 [1/1] (0.00ns)   --->   "%specloopname_ln80 = specloopname void @_ssdm_op_SpecLoopName, void @empty_5" [../dct.c:80]   --->   Operation 221 'specloopname' 'specloopname_ln80' <Predicate = (!icmp_ln80)> <Delay = 0.00>
ST_7 : Operation 222 [1/1] (0.00ns)   --->   "%col_inbuf_addr = getelementptr i16 %col_inbuf, i64 0, i64 %zext_ln80" [../dct.c:81]   --->   Operation 222 'getelementptr' 'col_inbuf_addr' <Predicate = (!icmp_ln80)> <Delay = 0.00>
ST_7 : Operation 223 [1/1] (0.00ns)   --->   "%col_inbuf_1_addr = getelementptr i16 %col_inbuf_1, i64 0, i64 %zext_ln80" [../dct.c:81]   --->   Operation 223 'getelementptr' 'col_inbuf_1_addr' <Predicate = (!icmp_ln80)> <Delay = 0.00>
ST_7 : Operation 224 [1/1] (0.00ns)   --->   "%col_inbuf_2_addr = getelementptr i16 %col_inbuf_2, i64 0, i64 %zext_ln80" [../dct.c:81]   --->   Operation 224 'getelementptr' 'col_inbuf_2_addr' <Predicate = (!icmp_ln80)> <Delay = 0.00>
ST_7 : Operation 225 [1/1] (0.00ns)   --->   "%col_inbuf_3_addr = getelementptr i16 %col_inbuf_3, i64 0, i64 %zext_ln80" [../dct.c:81]   --->   Operation 225 'getelementptr' 'col_inbuf_3_addr' <Predicate = (!icmp_ln80)> <Delay = 0.00>
ST_7 : Operation 226 [1/1] (0.00ns)   --->   "%col_inbuf_4_addr = getelementptr i16 %col_inbuf_4, i64 0, i64 %zext_ln80" [../dct.c:81]   --->   Operation 226 'getelementptr' 'col_inbuf_4_addr' <Predicate = (!icmp_ln80)> <Delay = 0.00>
ST_7 : Operation 227 [1/1] (0.00ns)   --->   "%col_inbuf_5_addr = getelementptr i16 %col_inbuf_5, i64 0, i64 %zext_ln80" [../dct.c:81]   --->   Operation 227 'getelementptr' 'col_inbuf_5_addr' <Predicate = (!icmp_ln80)> <Delay = 0.00>
ST_7 : Operation 228 [1/1] (0.00ns)   --->   "%col_inbuf_6_addr = getelementptr i16 %col_inbuf_6, i64 0, i64 %zext_ln80" [../dct.c:81]   --->   Operation 228 'getelementptr' 'col_inbuf_6_addr' <Predicate = (!icmp_ln80)> <Delay = 0.00>
ST_7 : Operation 229 [1/1] (0.00ns)   --->   "%col_inbuf_7_addr = getelementptr i16 %col_inbuf_7, i64 0, i64 %zext_ln80" [../dct.c:81]   --->   Operation 229 'getelementptr' 'col_inbuf_7_addr' <Predicate = (!icmp_ln80)> <Delay = 0.00>
ST_7 : Operation 230 [1/1] (1.34ns)   --->   "%switch_ln81 = switch i3 %trunc_ln80, void %.case.721, i3 0, void %.case.014, i3 1, void %.case.115, i3 2, void %.case.216, i3 3, void %.case.317, i3 4, void %.case.418, i3 5, void %.case.519, i3 6, void %.case.620" [../dct.c:81]   --->   Operation 230 'switch' 'switch_ln81' <Predicate = (!icmp_ln80)> <Delay = 1.34>
ST_7 : Operation 231 [2/2] (1.75ns)   --->   "%col_inbuf_load_7 = load i3 %col_inbuf_addr" [../dct.c:81]   --->   Operation 231 'load' 'col_inbuf_load_7' <Predicate = (!icmp_ln80 & trunc_ln80 == 6)> <Delay = 1.75> <CoreInst = "RAM">   --->   Core 81 'RAM' <Latency = 1> <II = 1> <Delay = 1.75> <Storage> <Opcode : 'load' 'store'> <Ports = 2> <Width = 16> <Depth = 8> <RAM>
ST_7 : Operation 232 [2/2] (1.75ns)   --->   "%col_inbuf_1_load_7 = load i3 %col_inbuf_1_addr" [../dct.c:81]   --->   Operation 232 'load' 'col_inbuf_1_load_7' <Predicate = (!icmp_ln80 & trunc_ln80 == 6)> <Delay = 1.75> <CoreInst = "RAM">   --->   Core 81 'RAM' <Latency = 1> <II = 1> <Delay = 1.75> <Storage> <Opcode : 'load' 'store'> <Ports = 2> <Width = 16> <Depth = 8> <RAM>
ST_7 : Operation 233 [2/2] (1.75ns)   --->   "%col_inbuf_2_load_7 = load i3 %col_inbuf_2_addr" [../dct.c:81]   --->   Operation 233 'load' 'col_inbuf_2_load_7' <Predicate = (!icmp_ln80 & trunc_ln80 == 6)> <Delay = 1.75> <CoreInst = "RAM">   --->   Core 81 'RAM' <Latency = 1> <II = 1> <Delay = 1.75> <Storage> <Opcode : 'load' 'store'> <Ports = 2> <Width = 16> <Depth = 8> <RAM>
ST_7 : Operation 234 [2/2] (1.75ns)   --->   "%col_inbuf_3_load_7 = load i3 %col_inbuf_3_addr" [../dct.c:81]   --->   Operation 234 'load' 'col_inbuf_3_load_7' <Predicate = (!icmp_ln80 & trunc_ln80 == 6)> <Delay = 1.75> <CoreInst = "RAM">   --->   Core 81 'RAM' <Latency = 1> <II = 1> <Delay = 1.75> <Storage> <Opcode : 'load' 'store'> <Ports = 2> <Width = 16> <Depth = 8> <RAM>
ST_7 : Operation 235 [2/2] (1.75ns)   --->   "%col_inbuf_4_load_7 = load i3 %col_inbuf_4_addr" [../dct.c:81]   --->   Operation 235 'load' 'col_inbuf_4_load_7' <Predicate = (!icmp_ln80 & trunc_ln80 == 6)> <Delay = 1.75> <CoreInst = "RAM">   --->   Core 81 'RAM' <Latency = 1> <II = 1> <Delay = 1.75> <Storage> <Opcode : 'load' 'store'> <Ports = 2> <Width = 16> <Depth = 8> <RAM>
ST_7 : Operation 236 [2/2] (1.75ns)   --->   "%col_inbuf_5_load_7 = load i3 %col_inbuf_5_addr" [../dct.c:81]   --->   Operation 236 'load' 'col_inbuf_5_load_7' <Predicate = (!icmp_ln80 & trunc_ln80 == 6)> <Delay = 1.75> <CoreInst = "RAM">   --->   Core 81 'RAM' <Latency = 1> <II = 1> <Delay = 1.75> <Storage> <Opcode : 'load' 'store'> <Ports = 2> <Width = 16> <Depth = 8> <RAM>
ST_7 : Operation 237 [2/2] (1.75ns)   --->   "%col_inbuf_6_load_7 = load i3 %col_inbuf_6_addr" [../dct.c:81]   --->   Operation 237 'load' 'col_inbuf_6_load_7' <Predicate = (!icmp_ln80 & trunc_ln80 == 6)> <Delay = 1.75> <CoreInst = "RAM">   --->   Core 81 'RAM' <Latency = 1> <II = 1> <Delay = 1.75> <Storage> <Opcode : 'load' 'store'> <Ports = 2> <Width = 16> <Depth = 8> <RAM>
ST_7 : Operation 238 [2/2] (1.75ns)   --->   "%col_inbuf_7_load_7 = load i3 %col_inbuf_7_addr" [../dct.c:81]   --->   Operation 238 'load' 'col_inbuf_7_load_7' <Predicate = (!icmp_ln80 & trunc_ln80 == 6)> <Delay = 1.75> <CoreInst = "RAM">   --->   Core 81 'RAM' <Latency = 1> <II = 1> <Delay = 1.75> <Storage> <Opcode : 'load' 'store'> <Ports = 2> <Width = 16> <Depth = 8> <RAM>
ST_7 : Operation 239 [2/2] (1.75ns)   --->   "%col_inbuf_load_6 = load i3 %col_inbuf_addr" [../dct.c:81]   --->   Operation 239 'load' 'col_inbuf_load_6' <Predicate = (!icmp_ln80 & trunc_ln80 == 5)> <Delay = 1.75> <CoreInst = "RAM">   --->   Core 81 'RAM' <Latency = 1> <II = 1> <Delay = 1.75> <Storage> <Opcode : 'load' 'store'> <Ports = 2> <Width = 16> <Depth = 8> <RAM>
ST_7 : Operation 240 [2/2] (1.75ns)   --->   "%col_inbuf_1_load_6 = load i3 %col_inbuf_1_addr" [../dct.c:81]   --->   Operation 240 'load' 'col_inbuf_1_load_6' <Predicate = (!icmp_ln80 & trunc_ln80 == 5)> <Delay = 1.75> <CoreInst = "RAM">   --->   Core 81 'RAM' <Latency = 1> <II = 1> <Delay = 1.75> <Storage> <Opcode : 'load' 'store'> <Ports = 2> <Width = 16> <Depth = 8> <RAM>
ST_7 : Operation 241 [2/2] (1.75ns)   --->   "%col_inbuf_2_load_6 = load i3 %col_inbuf_2_addr" [../dct.c:81]   --->   Operation 241 'load' 'col_inbuf_2_load_6' <Predicate = (!icmp_ln80 & trunc_ln80 == 5)> <Delay = 1.75> <CoreInst = "RAM">   --->   Core 81 'RAM' <Latency = 1> <II = 1> <Delay = 1.75> <Storage> <Opcode : 'load' 'store'> <Ports = 2> <Width = 16> <Depth = 8> <RAM>
ST_7 : Operation 242 [2/2] (1.75ns)   --->   "%col_inbuf_3_load_6 = load i3 %col_inbuf_3_addr" [../dct.c:81]   --->   Operation 242 'load' 'col_inbuf_3_load_6' <Predicate = (!icmp_ln80 & trunc_ln80 == 5)> <Delay = 1.75> <CoreInst = "RAM">   --->   Core 81 'RAM' <Latency = 1> <II = 1> <Delay = 1.75> <Storage> <Opcode : 'load' 'store'> <Ports = 2> <Width = 16> <Depth = 8> <RAM>
ST_7 : Operation 243 [2/2] (1.75ns)   --->   "%col_inbuf_4_load_6 = load i3 %col_inbuf_4_addr" [../dct.c:81]   --->   Operation 243 'load' 'col_inbuf_4_load_6' <Predicate = (!icmp_ln80 & trunc_ln80 == 5)> <Delay = 1.75> <CoreInst = "RAM">   --->   Core 81 'RAM' <Latency = 1> <II = 1> <Delay = 1.75> <Storage> <Opcode : 'load' 'store'> <Ports = 2> <Width = 16> <Depth = 8> <RAM>
ST_7 : Operation 244 [2/2] (1.75ns)   --->   "%col_inbuf_5_load_6 = load i3 %col_inbuf_5_addr" [../dct.c:81]   --->   Operation 244 'load' 'col_inbuf_5_load_6' <Predicate = (!icmp_ln80 & trunc_ln80 == 5)> <Delay = 1.75> <CoreInst = "RAM">   --->   Core 81 'RAM' <Latency = 1> <II = 1> <Delay = 1.75> <Storage> <Opcode : 'load' 'store'> <Ports = 2> <Width = 16> <Depth = 8> <RAM>
ST_7 : Operation 245 [2/2] (1.75ns)   --->   "%col_inbuf_6_load_6 = load i3 %col_inbuf_6_addr" [../dct.c:81]   --->   Operation 245 'load' 'col_inbuf_6_load_6' <Predicate = (!icmp_ln80 & trunc_ln80 == 5)> <Delay = 1.75> <CoreInst = "RAM">   --->   Core 81 'RAM' <Latency = 1> <II = 1> <Delay = 1.75> <Storage> <Opcode : 'load' 'store'> <Ports = 2> <Width = 16> <Depth = 8> <RAM>
ST_7 : Operation 246 [2/2] (1.75ns)   --->   "%col_inbuf_7_load_6 = load i3 %col_inbuf_7_addr" [../dct.c:81]   --->   Operation 246 'load' 'col_inbuf_7_load_6' <Predicate = (!icmp_ln80 & trunc_ln80 == 5)> <Delay = 1.75> <CoreInst = "RAM">   --->   Core 81 'RAM' <Latency = 1> <II = 1> <Delay = 1.75> <Storage> <Opcode : 'load' 'store'> <Ports = 2> <Width = 16> <Depth = 8> <RAM>
ST_7 : Operation 247 [2/2] (1.75ns)   --->   "%col_inbuf_load_5 = load i3 %col_inbuf_addr" [../dct.c:81]   --->   Operation 247 'load' 'col_inbuf_load_5' <Predicate = (!icmp_ln80 & trunc_ln80 == 4)> <Delay = 1.75> <CoreInst = "RAM">   --->   Core 81 'RAM' <Latency = 1> <II = 1> <Delay = 1.75> <Storage> <Opcode : 'load' 'store'> <Ports = 2> <Width = 16> <Depth = 8> <RAM>
ST_7 : Operation 248 [2/2] (1.75ns)   --->   "%col_inbuf_1_load_5 = load i3 %col_inbuf_1_addr" [../dct.c:81]   --->   Operation 248 'load' 'col_inbuf_1_load_5' <Predicate = (!icmp_ln80 & trunc_ln80 == 4)> <Delay = 1.75> <CoreInst = "RAM">   --->   Core 81 'RAM' <Latency = 1> <II = 1> <Delay = 1.75> <Storage> <Opcode : 'load' 'store'> <Ports = 2> <Width = 16> <Depth = 8> <RAM>
ST_7 : Operation 249 [2/2] (1.75ns)   --->   "%col_inbuf_2_load_5 = load i3 %col_inbuf_2_addr" [../dct.c:81]   --->   Operation 249 'load' 'col_inbuf_2_load_5' <Predicate = (!icmp_ln80 & trunc_ln80 == 4)> <Delay = 1.75> <CoreInst = "RAM">   --->   Core 81 'RAM' <Latency = 1> <II = 1> <Delay = 1.75> <Storage> <Opcode : 'load' 'store'> <Ports = 2> <Width = 16> <Depth = 8> <RAM>
ST_7 : Operation 250 [2/2] (1.75ns)   --->   "%col_inbuf_3_load_5 = load i3 %col_inbuf_3_addr" [../dct.c:81]   --->   Operation 250 'load' 'col_inbuf_3_load_5' <Predicate = (!icmp_ln80 & trunc_ln80 == 4)> <Delay = 1.75> <CoreInst = "RAM">   --->   Core 81 'RAM' <Latency = 1> <II = 1> <Delay = 1.75> <Storage> <Opcode : 'load' 'store'> <Ports = 2> <Width = 16> <Depth = 8> <RAM>
ST_7 : Operation 251 [2/2] (1.75ns)   --->   "%col_inbuf_4_load_5 = load i3 %col_inbuf_4_addr" [../dct.c:81]   --->   Operation 251 'load' 'col_inbuf_4_load_5' <Predicate = (!icmp_ln80 & trunc_ln80 == 4)> <Delay = 1.75> <CoreInst = "RAM">   --->   Core 81 'RAM' <Latency = 1> <II = 1> <Delay = 1.75> <Storage> <Opcode : 'load' 'store'> <Ports = 2> <Width = 16> <Depth = 8> <RAM>
ST_7 : Operation 252 [2/2] (1.75ns)   --->   "%col_inbuf_5_load_5 = load i3 %col_inbuf_5_addr" [../dct.c:81]   --->   Operation 252 'load' 'col_inbuf_5_load_5' <Predicate = (!icmp_ln80 & trunc_ln80 == 4)> <Delay = 1.75> <CoreInst = "RAM">   --->   Core 81 'RAM' <Latency = 1> <II = 1> <Delay = 1.75> <Storage> <Opcode : 'load' 'store'> <Ports = 2> <Width = 16> <Depth = 8> <RAM>
ST_7 : Operation 253 [2/2] (1.75ns)   --->   "%col_inbuf_6_load_5 = load i3 %col_inbuf_6_addr" [../dct.c:81]   --->   Operation 253 'load' 'col_inbuf_6_load_5' <Predicate = (!icmp_ln80 & trunc_ln80 == 4)> <Delay = 1.75> <CoreInst = "RAM">   --->   Core 81 'RAM' <Latency = 1> <II = 1> <Delay = 1.75> <Storage> <Opcode : 'load' 'store'> <Ports = 2> <Width = 16> <Depth = 8> <RAM>
ST_7 : Operation 254 [2/2] (1.75ns)   --->   "%col_inbuf_7_load_5 = load i3 %col_inbuf_7_addr" [../dct.c:81]   --->   Operation 254 'load' 'col_inbuf_7_load_5' <Predicate = (!icmp_ln80 & trunc_ln80 == 4)> <Delay = 1.75> <CoreInst = "RAM">   --->   Core 81 'RAM' <Latency = 1> <II = 1> <Delay = 1.75> <Storage> <Opcode : 'load' 'store'> <Ports = 2> <Width = 16> <Depth = 8> <RAM>
ST_7 : Operation 255 [2/2] (1.75ns)   --->   "%col_inbuf_load_4 = load i3 %col_inbuf_addr" [../dct.c:81]   --->   Operation 255 'load' 'col_inbuf_load_4' <Predicate = (!icmp_ln80 & trunc_ln80 == 3)> <Delay = 1.75> <CoreInst = "RAM">   --->   Core 81 'RAM' <Latency = 1> <II = 1> <Delay = 1.75> <Storage> <Opcode : 'load' 'store'> <Ports = 2> <Width = 16> <Depth = 8> <RAM>
ST_7 : Operation 256 [2/2] (1.75ns)   --->   "%col_inbuf_1_load_4 = load i3 %col_inbuf_1_addr" [../dct.c:81]   --->   Operation 256 'load' 'col_inbuf_1_load_4' <Predicate = (!icmp_ln80 & trunc_ln80 == 3)> <Delay = 1.75> <CoreInst = "RAM">   --->   Core 81 'RAM' <Latency = 1> <II = 1> <Delay = 1.75> <Storage> <Opcode : 'load' 'store'> <Ports = 2> <Width = 16> <Depth = 8> <RAM>
ST_7 : Operation 257 [2/2] (1.75ns)   --->   "%col_inbuf_2_load_4 = load i3 %col_inbuf_2_addr" [../dct.c:81]   --->   Operation 257 'load' 'col_inbuf_2_load_4' <Predicate = (!icmp_ln80 & trunc_ln80 == 3)> <Delay = 1.75> <CoreInst = "RAM">   --->   Core 81 'RAM' <Latency = 1> <II = 1> <Delay = 1.75> <Storage> <Opcode : 'load' 'store'> <Ports = 2> <Width = 16> <Depth = 8> <RAM>
ST_7 : Operation 258 [2/2] (1.75ns)   --->   "%col_inbuf_3_load_4 = load i3 %col_inbuf_3_addr" [../dct.c:81]   --->   Operation 258 'load' 'col_inbuf_3_load_4' <Predicate = (!icmp_ln80 & trunc_ln80 == 3)> <Delay = 1.75> <CoreInst = "RAM">   --->   Core 81 'RAM' <Latency = 1> <II = 1> <Delay = 1.75> <Storage> <Opcode : 'load' 'store'> <Ports = 2> <Width = 16> <Depth = 8> <RAM>
ST_7 : Operation 259 [2/2] (1.75ns)   --->   "%col_inbuf_4_load_4 = load i3 %col_inbuf_4_addr" [../dct.c:81]   --->   Operation 259 'load' 'col_inbuf_4_load_4' <Predicate = (!icmp_ln80 & trunc_ln80 == 3)> <Delay = 1.75> <CoreInst = "RAM">   --->   Core 81 'RAM' <Latency = 1> <II = 1> <Delay = 1.75> <Storage> <Opcode : 'load' 'store'> <Ports = 2> <Width = 16> <Depth = 8> <RAM>
ST_7 : Operation 260 [2/2] (1.75ns)   --->   "%col_inbuf_5_load_4 = load i3 %col_inbuf_5_addr" [../dct.c:81]   --->   Operation 260 'load' 'col_inbuf_5_load_4' <Predicate = (!icmp_ln80 & trunc_ln80 == 3)> <Delay = 1.75> <CoreInst = "RAM">   --->   Core 81 'RAM' <Latency = 1> <II = 1> <Delay = 1.75> <Storage> <Opcode : 'load' 'store'> <Ports = 2> <Width = 16> <Depth = 8> <RAM>
ST_7 : Operation 261 [2/2] (1.75ns)   --->   "%col_inbuf_6_load_4 = load i3 %col_inbuf_6_addr" [../dct.c:81]   --->   Operation 261 'load' 'col_inbuf_6_load_4' <Predicate = (!icmp_ln80 & trunc_ln80 == 3)> <Delay = 1.75> <CoreInst = "RAM">   --->   Core 81 'RAM' <Latency = 1> <II = 1> <Delay = 1.75> <Storage> <Opcode : 'load' 'store'> <Ports = 2> <Width = 16> <Depth = 8> <RAM>
ST_7 : Operation 262 [2/2] (1.75ns)   --->   "%col_inbuf_7_load_4 = load i3 %col_inbuf_7_addr" [../dct.c:81]   --->   Operation 262 'load' 'col_inbuf_7_load_4' <Predicate = (!icmp_ln80 & trunc_ln80 == 3)> <Delay = 1.75> <CoreInst = "RAM">   --->   Core 81 'RAM' <Latency = 1> <II = 1> <Delay = 1.75> <Storage> <Opcode : 'load' 'store'> <Ports = 2> <Width = 16> <Depth = 8> <RAM>
ST_7 : Operation 263 [2/2] (1.75ns)   --->   "%col_inbuf_load_3 = load i3 %col_inbuf_addr" [../dct.c:81]   --->   Operation 263 'load' 'col_inbuf_load_3' <Predicate = (!icmp_ln80 & trunc_ln80 == 2)> <Delay = 1.75> <CoreInst = "RAM">   --->   Core 81 'RAM' <Latency = 1> <II = 1> <Delay = 1.75> <Storage> <Opcode : 'load' 'store'> <Ports = 2> <Width = 16> <Depth = 8> <RAM>
ST_7 : Operation 264 [2/2] (1.75ns)   --->   "%col_inbuf_1_load_3 = load i3 %col_inbuf_1_addr" [../dct.c:81]   --->   Operation 264 'load' 'col_inbuf_1_load_3' <Predicate = (!icmp_ln80 & trunc_ln80 == 2)> <Delay = 1.75> <CoreInst = "RAM">   --->   Core 81 'RAM' <Latency = 1> <II = 1> <Delay = 1.75> <Storage> <Opcode : 'load' 'store'> <Ports = 2> <Width = 16> <Depth = 8> <RAM>
ST_7 : Operation 265 [2/2] (1.75ns)   --->   "%col_inbuf_2_load_3 = load i3 %col_inbuf_2_addr" [../dct.c:81]   --->   Operation 265 'load' 'col_inbuf_2_load_3' <Predicate = (!icmp_ln80 & trunc_ln80 == 2)> <Delay = 1.75> <CoreInst = "RAM">   --->   Core 81 'RAM' <Latency = 1> <II = 1> <Delay = 1.75> <Storage> <Opcode : 'load' 'store'> <Ports = 2> <Width = 16> <Depth = 8> <RAM>
ST_7 : Operation 266 [2/2] (1.75ns)   --->   "%col_inbuf_3_load_3 = load i3 %col_inbuf_3_addr" [../dct.c:81]   --->   Operation 266 'load' 'col_inbuf_3_load_3' <Predicate = (!icmp_ln80 & trunc_ln80 == 2)> <Delay = 1.75> <CoreInst = "RAM">   --->   Core 81 'RAM' <Latency = 1> <II = 1> <Delay = 1.75> <Storage> <Opcode : 'load' 'store'> <Ports = 2> <Width = 16> <Depth = 8> <RAM>
ST_7 : Operation 267 [2/2] (1.75ns)   --->   "%col_inbuf_4_load_3 = load i3 %col_inbuf_4_addr" [../dct.c:81]   --->   Operation 267 'load' 'col_inbuf_4_load_3' <Predicate = (!icmp_ln80 & trunc_ln80 == 2)> <Delay = 1.75> <CoreInst = "RAM">   --->   Core 81 'RAM' <Latency = 1> <II = 1> <Delay = 1.75> <Storage> <Opcode : 'load' 'store'> <Ports = 2> <Width = 16> <Depth = 8> <RAM>
ST_7 : Operation 268 [2/2] (1.75ns)   --->   "%col_inbuf_5_load_3 = load i3 %col_inbuf_5_addr" [../dct.c:81]   --->   Operation 268 'load' 'col_inbuf_5_load_3' <Predicate = (!icmp_ln80 & trunc_ln80 == 2)> <Delay = 1.75> <CoreInst = "RAM">   --->   Core 81 'RAM' <Latency = 1> <II = 1> <Delay = 1.75> <Storage> <Opcode : 'load' 'store'> <Ports = 2> <Width = 16> <Depth = 8> <RAM>
ST_7 : Operation 269 [2/2] (1.75ns)   --->   "%col_inbuf_6_load_3 = load i3 %col_inbuf_6_addr" [../dct.c:81]   --->   Operation 269 'load' 'col_inbuf_6_load_3' <Predicate = (!icmp_ln80 & trunc_ln80 == 2)> <Delay = 1.75> <CoreInst = "RAM">   --->   Core 81 'RAM' <Latency = 1> <II = 1> <Delay = 1.75> <Storage> <Opcode : 'load' 'store'> <Ports = 2> <Width = 16> <Depth = 8> <RAM>
ST_7 : Operation 270 [2/2] (1.75ns)   --->   "%col_inbuf_7_load_3 = load i3 %col_inbuf_7_addr" [../dct.c:81]   --->   Operation 270 'load' 'col_inbuf_7_load_3' <Predicate = (!icmp_ln80 & trunc_ln80 == 2)> <Delay = 1.75> <CoreInst = "RAM">   --->   Core 81 'RAM' <Latency = 1> <II = 1> <Delay = 1.75> <Storage> <Opcode : 'load' 'store'> <Ports = 2> <Width = 16> <Depth = 8> <RAM>
ST_7 : Operation 271 [2/2] (1.75ns)   --->   "%col_inbuf_load_2 = load i3 %col_inbuf_addr" [../dct.c:81]   --->   Operation 271 'load' 'col_inbuf_load_2' <Predicate = (!icmp_ln80 & trunc_ln80 == 1)> <Delay = 1.75> <CoreInst = "RAM">   --->   Core 81 'RAM' <Latency = 1> <II = 1> <Delay = 1.75> <Storage> <Opcode : 'load' 'store'> <Ports = 2> <Width = 16> <Depth = 8> <RAM>
ST_7 : Operation 272 [2/2] (1.75ns)   --->   "%col_inbuf_1_load_2 = load i3 %col_inbuf_1_addr" [../dct.c:81]   --->   Operation 272 'load' 'col_inbuf_1_load_2' <Predicate = (!icmp_ln80 & trunc_ln80 == 1)> <Delay = 1.75> <CoreInst = "RAM">   --->   Core 81 'RAM' <Latency = 1> <II = 1> <Delay = 1.75> <Storage> <Opcode : 'load' 'store'> <Ports = 2> <Width = 16> <Depth = 8> <RAM>
ST_7 : Operation 273 [2/2] (1.75ns)   --->   "%col_inbuf_2_load_2 = load i3 %col_inbuf_2_addr" [../dct.c:81]   --->   Operation 273 'load' 'col_inbuf_2_load_2' <Predicate = (!icmp_ln80 & trunc_ln80 == 1)> <Delay = 1.75> <CoreInst = "RAM">   --->   Core 81 'RAM' <Latency = 1> <II = 1> <Delay = 1.75> <Storage> <Opcode : 'load' 'store'> <Ports = 2> <Width = 16> <Depth = 8> <RAM>
ST_7 : Operation 274 [2/2] (1.75ns)   --->   "%col_inbuf_3_load_2 = load i3 %col_inbuf_3_addr" [../dct.c:81]   --->   Operation 274 'load' 'col_inbuf_3_load_2' <Predicate = (!icmp_ln80 & trunc_ln80 == 1)> <Delay = 1.75> <CoreInst = "RAM">   --->   Core 81 'RAM' <Latency = 1> <II = 1> <Delay = 1.75> <Storage> <Opcode : 'load' 'store'> <Ports = 2> <Width = 16> <Depth = 8> <RAM>
ST_7 : Operation 275 [2/2] (1.75ns)   --->   "%col_inbuf_4_load_2 = load i3 %col_inbuf_4_addr" [../dct.c:81]   --->   Operation 275 'load' 'col_inbuf_4_load_2' <Predicate = (!icmp_ln80 & trunc_ln80 == 1)> <Delay = 1.75> <CoreInst = "RAM">   --->   Core 81 'RAM' <Latency = 1> <II = 1> <Delay = 1.75> <Storage> <Opcode : 'load' 'store'> <Ports = 2> <Width = 16> <Depth = 8> <RAM>
ST_7 : Operation 276 [2/2] (1.75ns)   --->   "%col_inbuf_5_load_2 = load i3 %col_inbuf_5_addr" [../dct.c:81]   --->   Operation 276 'load' 'col_inbuf_5_load_2' <Predicate = (!icmp_ln80 & trunc_ln80 == 1)> <Delay = 1.75> <CoreInst = "RAM">   --->   Core 81 'RAM' <Latency = 1> <II = 1> <Delay = 1.75> <Storage> <Opcode : 'load' 'store'> <Ports = 2> <Width = 16> <Depth = 8> <RAM>
ST_7 : Operation 277 [2/2] (1.75ns)   --->   "%col_inbuf_6_load_2 = load i3 %col_inbuf_6_addr" [../dct.c:81]   --->   Operation 277 'load' 'col_inbuf_6_load_2' <Predicate = (!icmp_ln80 & trunc_ln80 == 1)> <Delay = 1.75> <CoreInst = "RAM">   --->   Core 81 'RAM' <Latency = 1> <II = 1> <Delay = 1.75> <Storage> <Opcode : 'load' 'store'> <Ports = 2> <Width = 16> <Depth = 8> <RAM>
ST_7 : Operation 278 [2/2] (1.75ns)   --->   "%col_inbuf_7_load_2 = load i3 %col_inbuf_7_addr" [../dct.c:81]   --->   Operation 278 'load' 'col_inbuf_7_load_2' <Predicate = (!icmp_ln80 & trunc_ln80 == 1)> <Delay = 1.75> <CoreInst = "RAM">   --->   Core 81 'RAM' <Latency = 1> <II = 1> <Delay = 1.75> <Storage> <Opcode : 'load' 'store'> <Ports = 2> <Width = 16> <Depth = 8> <RAM>
ST_7 : Operation 279 [2/2] (1.75ns)   --->   "%col_inbuf_load_1 = load i3 %col_inbuf_addr" [../dct.c:81]   --->   Operation 279 'load' 'col_inbuf_load_1' <Predicate = (!icmp_ln80 & trunc_ln80 == 0)> <Delay = 1.75> <CoreInst = "RAM">   --->   Core 81 'RAM' <Latency = 1> <II = 1> <Delay = 1.75> <Storage> <Opcode : 'load' 'store'> <Ports = 2> <Width = 16> <Depth = 8> <RAM>
ST_7 : Operation 280 [2/2] (1.75ns)   --->   "%col_inbuf_1_load_1 = load i3 %col_inbuf_1_addr" [../dct.c:81]   --->   Operation 280 'load' 'col_inbuf_1_load_1' <Predicate = (!icmp_ln80 & trunc_ln80 == 0)> <Delay = 1.75> <CoreInst = "RAM">   --->   Core 81 'RAM' <Latency = 1> <II = 1> <Delay = 1.75> <Storage> <Opcode : 'load' 'store'> <Ports = 2> <Width = 16> <Depth = 8> <RAM>
ST_7 : Operation 281 [2/2] (1.75ns)   --->   "%col_inbuf_2_load_1 = load i3 %col_inbuf_2_addr" [../dct.c:81]   --->   Operation 281 'load' 'col_inbuf_2_load_1' <Predicate = (!icmp_ln80 & trunc_ln80 == 0)> <Delay = 1.75> <CoreInst = "RAM">   --->   Core 81 'RAM' <Latency = 1> <II = 1> <Delay = 1.75> <Storage> <Opcode : 'load' 'store'> <Ports = 2> <Width = 16> <Depth = 8> <RAM>
ST_7 : Operation 282 [2/2] (1.75ns)   --->   "%col_inbuf_3_load_1 = load i3 %col_inbuf_3_addr" [../dct.c:81]   --->   Operation 282 'load' 'col_inbuf_3_load_1' <Predicate = (!icmp_ln80 & trunc_ln80 == 0)> <Delay = 1.75> <CoreInst = "RAM">   --->   Core 81 'RAM' <Latency = 1> <II = 1> <Delay = 1.75> <Storage> <Opcode : 'load' 'store'> <Ports = 2> <Width = 16> <Depth = 8> <RAM>
ST_7 : Operation 283 [2/2] (1.75ns)   --->   "%col_inbuf_4_load_1 = load i3 %col_inbuf_4_addr" [../dct.c:81]   --->   Operation 283 'load' 'col_inbuf_4_load_1' <Predicate = (!icmp_ln80 & trunc_ln80 == 0)> <Delay = 1.75> <CoreInst = "RAM">   --->   Core 81 'RAM' <Latency = 1> <II = 1> <Delay = 1.75> <Storage> <Opcode : 'load' 'store'> <Ports = 2> <Width = 16> <Depth = 8> <RAM>
ST_7 : Operation 284 [2/2] (1.75ns)   --->   "%col_inbuf_5_load_1 = load i3 %col_inbuf_5_addr" [../dct.c:81]   --->   Operation 284 'load' 'col_inbuf_5_load_1' <Predicate = (!icmp_ln80 & trunc_ln80 == 0)> <Delay = 1.75> <CoreInst = "RAM">   --->   Core 81 'RAM' <Latency = 1> <II = 1> <Delay = 1.75> <Storage> <Opcode : 'load' 'store'> <Ports = 2> <Width = 16> <Depth = 8> <RAM>
ST_7 : Operation 285 [2/2] (1.75ns)   --->   "%col_inbuf_6_load_1 = load i3 %col_inbuf_6_addr" [../dct.c:81]   --->   Operation 285 'load' 'col_inbuf_6_load_1' <Predicate = (!icmp_ln80 & trunc_ln80 == 0)> <Delay = 1.75> <CoreInst = "RAM">   --->   Core 81 'RAM' <Latency = 1> <II = 1> <Delay = 1.75> <Storage> <Opcode : 'load' 'store'> <Ports = 2> <Width = 16> <Depth = 8> <RAM>
ST_7 : Operation 286 [2/2] (1.75ns)   --->   "%col_inbuf_7_load_1 = load i3 %col_inbuf_7_addr" [../dct.c:81]   --->   Operation 286 'load' 'col_inbuf_7_load_1' <Predicate = (!icmp_ln80 & trunc_ln80 == 0)> <Delay = 1.75> <CoreInst = "RAM">   --->   Core 81 'RAM' <Latency = 1> <II = 1> <Delay = 1.75> <Storage> <Opcode : 'load' 'store'> <Ports = 2> <Width = 16> <Depth = 8> <RAM>
ST_7 : Operation 287 [2/2] (1.75ns)   --->   "%col_inbuf_load = load i3 %col_inbuf_addr" [../dct.c:81]   --->   Operation 287 'load' 'col_inbuf_load' <Predicate = (!icmp_ln80 & trunc_ln80 == 7)> <Delay = 1.75> <CoreInst = "RAM">   --->   Core 81 'RAM' <Latency = 1> <II = 1> <Delay = 1.75> <Storage> <Opcode : 'load' 'store'> <Ports = 2> <Width = 16> <Depth = 8> <RAM>
ST_7 : Operation 288 [2/2] (1.75ns)   --->   "%col_inbuf_1_load = load i3 %col_inbuf_1_addr" [../dct.c:81]   --->   Operation 288 'load' 'col_inbuf_1_load' <Predicate = (!icmp_ln80 & trunc_ln80 == 7)> <Delay = 1.75> <CoreInst = "RAM">   --->   Core 81 'RAM' <Latency = 1> <II = 1> <Delay = 1.75> <Storage> <Opcode : 'load' 'store'> <Ports = 2> <Width = 16> <Depth = 8> <RAM>
ST_7 : Operation 289 [2/2] (1.75ns)   --->   "%col_inbuf_2_load = load i3 %col_inbuf_2_addr" [../dct.c:81]   --->   Operation 289 'load' 'col_inbuf_2_load' <Predicate = (!icmp_ln80 & trunc_ln80 == 7)> <Delay = 1.75> <CoreInst = "RAM">   --->   Core 81 'RAM' <Latency = 1> <II = 1> <Delay = 1.75> <Storage> <Opcode : 'load' 'store'> <Ports = 2> <Width = 16> <Depth = 8> <RAM>
ST_7 : Operation 290 [2/2] (1.75ns)   --->   "%col_inbuf_3_load = load i3 %col_inbuf_3_addr" [../dct.c:81]   --->   Operation 290 'load' 'col_inbuf_3_load' <Predicate = (!icmp_ln80 & trunc_ln80 == 7)> <Delay = 1.75> <CoreInst = "RAM">   --->   Core 81 'RAM' <Latency = 1> <II = 1> <Delay = 1.75> <Storage> <Opcode : 'load' 'store'> <Ports = 2> <Width = 16> <Depth = 8> <RAM>
ST_7 : Operation 291 [2/2] (1.75ns)   --->   "%col_inbuf_4_load = load i3 %col_inbuf_4_addr" [../dct.c:81]   --->   Operation 291 'load' 'col_inbuf_4_load' <Predicate = (!icmp_ln80 & trunc_ln80 == 7)> <Delay = 1.75> <CoreInst = "RAM">   --->   Core 81 'RAM' <Latency = 1> <II = 1> <Delay = 1.75> <Storage> <Opcode : 'load' 'store'> <Ports = 2> <Width = 16> <Depth = 8> <RAM>
ST_7 : Operation 292 [2/2] (1.75ns)   --->   "%col_inbuf_5_load = load i3 %col_inbuf_5_addr" [../dct.c:81]   --->   Operation 292 'load' 'col_inbuf_5_load' <Predicate = (!icmp_ln80 & trunc_ln80 == 7)> <Delay = 1.75> <CoreInst = "RAM">   --->   Core 81 'RAM' <Latency = 1> <II = 1> <Delay = 1.75> <Storage> <Opcode : 'load' 'store'> <Ports = 2> <Width = 16> <Depth = 8> <RAM>
ST_7 : Operation 293 [2/2] (1.75ns)   --->   "%col_inbuf_6_load = load i3 %col_inbuf_6_addr" [../dct.c:81]   --->   Operation 293 'load' 'col_inbuf_6_load' <Predicate = (!icmp_ln80 & trunc_ln80 == 7)> <Delay = 1.75> <CoreInst = "RAM">   --->   Core 81 'RAM' <Latency = 1> <II = 1> <Delay = 1.75> <Storage> <Opcode : 'load' 'store'> <Ports = 2> <Width = 16> <Depth = 8> <RAM>
ST_7 : Operation 294 [2/2] (1.75ns)   --->   "%col_inbuf_7_load = load i3 %col_inbuf_7_addr" [../dct.c:81]   --->   Operation 294 'load' 'col_inbuf_7_load' <Predicate = (!icmp_ln80 & trunc_ln80 == 7)> <Delay = 1.75> <CoreInst = "RAM">   --->   Core 81 'RAM' <Latency = 1> <II = 1> <Delay = 1.75> <Storage> <Opcode : 'load' 'store'> <Ports = 2> <Width = 16> <Depth = 8> <RAM>
ST_7 : Operation 295 [2/2] (0.00ns)   --->   "%call_ln0 = call void @dct_2d_Pipeline_Xpose_Col_Outer_Loop, i16 %out_block_7, i16 %out_block_6, i16 %out_block_5, i16 %out_block_4, i16 %out_block_3, i16 %out_block_2, i16 %out_block_1, i16 %out_block_0, i16 %col_outbuf, i16 %col_outbuf_1, i16 %col_outbuf_2, i16 %col_outbuf_3, i16 %col_outbuf_4, i16 %col_outbuf_5, i16 %col_outbuf_6, i16 %col_outbuf_7"   --->   Operation 295 'call' 'call_ln0' <Predicate = (icmp_ln80)> <Delay = 0.00> <CoreType = "Generic">   --->   Generic Core

State 8 <SV = 4> <Delay = 1.75>
ST_8 : Operation 296 [1/2] ( I:1.75ns O:1.75ns )   --->   "%col_inbuf_load_7 = load i3 %col_inbuf_addr" [../dct.c:81]   --->   Operation 296 'load' 'col_inbuf_load_7' <Predicate = (trunc_ln80 == 6)> <Delay = 1.75> <CoreInst = "RAM">   --->   Core 81 'RAM' <Latency = 1> <II = 1> <Delay = 1.75> <Storage> <Opcode : 'load' 'store'> <Ports = 2> <Width = 16> <Depth = 8> <RAM>
ST_8 : Operation 297 [1/2] ( I:1.75ns O:1.75ns )   --->   "%col_inbuf_1_load_7 = load i3 %col_inbuf_1_addr" [../dct.c:81]   --->   Operation 297 'load' 'col_inbuf_1_load_7' <Predicate = (trunc_ln80 == 6)> <Delay = 1.75> <CoreInst = "RAM">   --->   Core 81 'RAM' <Latency = 1> <II = 1> <Delay = 1.75> <Storage> <Opcode : 'load' 'store'> <Ports = 2> <Width = 16> <Depth = 8> <RAM>
ST_8 : Operation 298 [1/2] ( I:1.75ns O:1.75ns )   --->   "%col_inbuf_2_load_7 = load i3 %col_inbuf_2_addr" [../dct.c:81]   --->   Operation 298 'load' 'col_inbuf_2_load_7' <Predicate = (trunc_ln80 == 6)> <Delay = 1.75> <CoreInst = "RAM">   --->   Core 81 'RAM' <Latency = 1> <II = 1> <Delay = 1.75> <Storage> <Opcode : 'load' 'store'> <Ports = 2> <Width = 16> <Depth = 8> <RAM>
ST_8 : Operation 299 [1/2] ( I:1.75ns O:1.75ns )   --->   "%col_inbuf_3_load_7 = load i3 %col_inbuf_3_addr" [../dct.c:81]   --->   Operation 299 'load' 'col_inbuf_3_load_7' <Predicate = (trunc_ln80 == 6)> <Delay = 1.75> <CoreInst = "RAM">   --->   Core 81 'RAM' <Latency = 1> <II = 1> <Delay = 1.75> <Storage> <Opcode : 'load' 'store'> <Ports = 2> <Width = 16> <Depth = 8> <RAM>
ST_8 : Operation 300 [1/2] ( I:1.75ns O:1.75ns )   --->   "%col_inbuf_4_load_7 = load i3 %col_inbuf_4_addr" [../dct.c:81]   --->   Operation 300 'load' 'col_inbuf_4_load_7' <Predicate = (trunc_ln80 == 6)> <Delay = 1.75> <CoreInst = "RAM">   --->   Core 81 'RAM' <Latency = 1> <II = 1> <Delay = 1.75> <Storage> <Opcode : 'load' 'store'> <Ports = 2> <Width = 16> <Depth = 8> <RAM>
ST_8 : Operation 301 [1/2] ( I:1.75ns O:1.75ns )   --->   "%col_inbuf_5_load_7 = load i3 %col_inbuf_5_addr" [../dct.c:81]   --->   Operation 301 'load' 'col_inbuf_5_load_7' <Predicate = (trunc_ln80 == 6)> <Delay = 1.75> <CoreInst = "RAM">   --->   Core 81 'RAM' <Latency = 1> <II = 1> <Delay = 1.75> <Storage> <Opcode : 'load' 'store'> <Ports = 2> <Width = 16> <Depth = 8> <RAM>
ST_8 : Operation 302 [1/2] ( I:1.75ns O:1.75ns )   --->   "%col_inbuf_6_load_7 = load i3 %col_inbuf_6_addr" [../dct.c:81]   --->   Operation 302 'load' 'col_inbuf_6_load_7' <Predicate = (trunc_ln80 == 6)> <Delay = 1.75> <CoreInst = "RAM">   --->   Core 81 'RAM' <Latency = 1> <II = 1> <Delay = 1.75> <Storage> <Opcode : 'load' 'store'> <Ports = 2> <Width = 16> <Depth = 8> <RAM>
ST_8 : Operation 303 [1/2] ( I:1.75ns O:1.75ns )   --->   "%col_inbuf_7_load_7 = load i3 %col_inbuf_7_addr" [../dct.c:81]   --->   Operation 303 'load' 'col_inbuf_7_load_7' <Predicate = (trunc_ln80 == 6)> <Delay = 1.75> <CoreInst = "RAM">   --->   Core 81 'RAM' <Latency = 1> <II = 1> <Delay = 1.75> <Storage> <Opcode : 'load' 'store'> <Ports = 2> <Width = 16> <Depth = 8> <RAM>
ST_8 : Operation 304 [2/2] (0.00ns)   --->   "%call_ln81 = call void @dct_1d.6.7, i16 %col_inbuf_load_7, i16 %col_inbuf_1_load_7, i16 %col_inbuf_2_load_7, i16 %col_inbuf_3_load_7, i16 %col_inbuf_4_load_7, i16 %col_inbuf_5_load_7, i16 %col_inbuf_6_load_7, i16 %col_inbuf_7_load_7, i16 %col_outbuf_6, i14 %dct_1d_dct_coeff_table_03, i15 %dct_1d_dct_coeff_table_14, i15 %dct_1d_dct_coeff_table_25, i15 %dct_1d_dct_coeff_table_36, i15 %dct_1d_dct_coeff_table_47, i15 %dct_1d_dct_coeff_table_58, i15 %dct_1d_dct_coeff_table_69, i15 %dct_1d_dct_coeff_table_710" [../dct.c:81]   --->   Operation 304 'call' 'call_ln81' <Predicate = (trunc_ln80 == 6)> <Delay = 0.00> <CoreType = "Generic">   --->   Generic Core
ST_8 : Operation 305 [1/2] ( I:1.75ns O:1.75ns )   --->   "%col_inbuf_load_6 = load i3 %col_inbuf_addr" [../dct.c:81]   --->   Operation 305 'load' 'col_inbuf_load_6' <Predicate = (trunc_ln80 == 5)> <Delay = 1.75> <CoreInst = "RAM">   --->   Core 81 'RAM' <Latency = 1> <II = 1> <Delay = 1.75> <Storage> <Opcode : 'load' 'store'> <Ports = 2> <Width = 16> <Depth = 8> <RAM>
ST_8 : Operation 306 [1/2] ( I:1.75ns O:1.75ns )   --->   "%col_inbuf_1_load_6 = load i3 %col_inbuf_1_addr" [../dct.c:81]   --->   Operation 306 'load' 'col_inbuf_1_load_6' <Predicate = (trunc_ln80 == 5)> <Delay = 1.75> <CoreInst = "RAM">   --->   Core 81 'RAM' <Latency = 1> <II = 1> <Delay = 1.75> <Storage> <Opcode : 'load' 'store'> <Ports = 2> <Width = 16> <Depth = 8> <RAM>
ST_8 : Operation 307 [1/2] ( I:1.75ns O:1.75ns )   --->   "%col_inbuf_2_load_6 = load i3 %col_inbuf_2_addr" [../dct.c:81]   --->   Operation 307 'load' 'col_inbuf_2_load_6' <Predicate = (trunc_ln80 == 5)> <Delay = 1.75> <CoreInst = "RAM">   --->   Core 81 'RAM' <Latency = 1> <II = 1> <Delay = 1.75> <Storage> <Opcode : 'load' 'store'> <Ports = 2> <Width = 16> <Depth = 8> <RAM>
ST_8 : Operation 308 [1/2] ( I:1.75ns O:1.75ns )   --->   "%col_inbuf_3_load_6 = load i3 %col_inbuf_3_addr" [../dct.c:81]   --->   Operation 308 'load' 'col_inbuf_3_load_6' <Predicate = (trunc_ln80 == 5)> <Delay = 1.75> <CoreInst = "RAM">   --->   Core 81 'RAM' <Latency = 1> <II = 1> <Delay = 1.75> <Storage> <Opcode : 'load' 'store'> <Ports = 2> <Width = 16> <Depth = 8> <RAM>
ST_8 : Operation 309 [1/2] ( I:1.75ns O:1.75ns )   --->   "%col_inbuf_4_load_6 = load i3 %col_inbuf_4_addr" [../dct.c:81]   --->   Operation 309 'load' 'col_inbuf_4_load_6' <Predicate = (trunc_ln80 == 5)> <Delay = 1.75> <CoreInst = "RAM">   --->   Core 81 'RAM' <Latency = 1> <II = 1> <Delay = 1.75> <Storage> <Opcode : 'load' 'store'> <Ports = 2> <Width = 16> <Depth = 8> <RAM>
ST_8 : Operation 310 [1/2] ( I:1.75ns O:1.75ns )   --->   "%col_inbuf_5_load_6 = load i3 %col_inbuf_5_addr" [../dct.c:81]   --->   Operation 310 'load' 'col_inbuf_5_load_6' <Predicate = (trunc_ln80 == 5)> <Delay = 1.75> <CoreInst = "RAM">   --->   Core 81 'RAM' <Latency = 1> <II = 1> <Delay = 1.75> <Storage> <Opcode : 'load' 'store'> <Ports = 2> <Width = 16> <Depth = 8> <RAM>
ST_8 : Operation 311 [1/2] ( I:1.75ns O:1.75ns )   --->   "%col_inbuf_6_load_6 = load i3 %col_inbuf_6_addr" [../dct.c:81]   --->   Operation 311 'load' 'col_inbuf_6_load_6' <Predicate = (trunc_ln80 == 5)> <Delay = 1.75> <CoreInst = "RAM">   --->   Core 81 'RAM' <Latency = 1> <II = 1> <Delay = 1.75> <Storage> <Opcode : 'load' 'store'> <Ports = 2> <Width = 16> <Depth = 8> <RAM>
ST_8 : Operation 312 [1/2] ( I:1.75ns O:1.75ns )   --->   "%col_inbuf_7_load_6 = load i3 %col_inbuf_7_addr" [../dct.c:81]   --->   Operation 312 'load' 'col_inbuf_7_load_6' <Predicate = (trunc_ln80 == 5)> <Delay = 1.75> <CoreInst = "RAM">   --->   Core 81 'RAM' <Latency = 1> <II = 1> <Delay = 1.75> <Storage> <Opcode : 'load' 'store'> <Ports = 2> <Width = 16> <Depth = 8> <RAM>
ST_8 : Operation 313 [2/2] (0.00ns)   --->   "%call_ln81 = call void @dct_1d.6.7, i16 %col_inbuf_load_6, i16 %col_inbuf_1_load_6, i16 %col_inbuf_2_load_6, i16 %col_inbuf_3_load_6, i16 %col_inbuf_4_load_6, i16 %col_inbuf_5_load_6, i16 %col_inbuf_6_load_6, i16 %col_inbuf_7_load_6, i16 %col_outbuf_5, i14 %dct_1d_dct_coeff_table_03, i15 %dct_1d_dct_coeff_table_14, i15 %dct_1d_dct_coeff_table_25, i15 %dct_1d_dct_coeff_table_36, i15 %dct_1d_dct_coeff_table_47, i15 %dct_1d_dct_coeff_table_58, i15 %dct_1d_dct_coeff_table_69, i15 %dct_1d_dct_coeff_table_710" [../dct.c:81]   --->   Operation 313 'call' 'call_ln81' <Predicate = (trunc_ln80 == 5)> <Delay = 0.00> <CoreType = "Generic">   --->   Generic Core
ST_8 : Operation 314 [1/2] ( I:1.75ns O:1.75ns )   --->   "%col_inbuf_load_5 = load i3 %col_inbuf_addr" [../dct.c:81]   --->   Operation 314 'load' 'col_inbuf_load_5' <Predicate = (trunc_ln80 == 4)> <Delay = 1.75> <CoreInst = "RAM">   --->   Core 81 'RAM' <Latency = 1> <II = 1> <Delay = 1.75> <Storage> <Opcode : 'load' 'store'> <Ports = 2> <Width = 16> <Depth = 8> <RAM>
ST_8 : Operation 315 [1/2] ( I:1.75ns O:1.75ns )   --->   "%col_inbuf_1_load_5 = load i3 %col_inbuf_1_addr" [../dct.c:81]   --->   Operation 315 'load' 'col_inbuf_1_load_5' <Predicate = (trunc_ln80 == 4)> <Delay = 1.75> <CoreInst = "RAM">   --->   Core 81 'RAM' <Latency = 1> <II = 1> <Delay = 1.75> <Storage> <Opcode : 'load' 'store'> <Ports = 2> <Width = 16> <Depth = 8> <RAM>
ST_8 : Operation 316 [1/2] ( I:1.75ns O:1.75ns )   --->   "%col_inbuf_2_load_5 = load i3 %col_inbuf_2_addr" [../dct.c:81]   --->   Operation 316 'load' 'col_inbuf_2_load_5' <Predicate = (trunc_ln80 == 4)> <Delay = 1.75> <CoreInst = "RAM">   --->   Core 81 'RAM' <Latency = 1> <II = 1> <Delay = 1.75> <Storage> <Opcode : 'load' 'store'> <Ports = 2> <Width = 16> <Depth = 8> <RAM>
ST_8 : Operation 317 [1/2] ( I:1.75ns O:1.75ns )   --->   "%col_inbuf_3_load_5 = load i3 %col_inbuf_3_addr" [../dct.c:81]   --->   Operation 317 'load' 'col_inbuf_3_load_5' <Predicate = (trunc_ln80 == 4)> <Delay = 1.75> <CoreInst = "RAM">   --->   Core 81 'RAM' <Latency = 1> <II = 1> <Delay = 1.75> <Storage> <Opcode : 'load' 'store'> <Ports = 2> <Width = 16> <Depth = 8> <RAM>
ST_8 : Operation 318 [1/2] ( I:1.75ns O:1.75ns )   --->   "%col_inbuf_4_load_5 = load i3 %col_inbuf_4_addr" [../dct.c:81]   --->   Operation 318 'load' 'col_inbuf_4_load_5' <Predicate = (trunc_ln80 == 4)> <Delay = 1.75> <CoreInst = "RAM">   --->   Core 81 'RAM' <Latency = 1> <II = 1> <Delay = 1.75> <Storage> <Opcode : 'load' 'store'> <Ports = 2> <Width = 16> <Depth = 8> <RAM>
ST_8 : Operation 319 [1/2] ( I:1.75ns O:1.75ns )   --->   "%col_inbuf_5_load_5 = load i3 %col_inbuf_5_addr" [../dct.c:81]   --->   Operation 319 'load' 'col_inbuf_5_load_5' <Predicate = (trunc_ln80 == 4)> <Delay = 1.75> <CoreInst = "RAM">   --->   Core 81 'RAM' <Latency = 1> <II = 1> <Delay = 1.75> <Storage> <Opcode : 'load' 'store'> <Ports = 2> <Width = 16> <Depth = 8> <RAM>
ST_8 : Operation 320 [1/2] ( I:1.75ns O:1.75ns )   --->   "%col_inbuf_6_load_5 = load i3 %col_inbuf_6_addr" [../dct.c:81]   --->   Operation 320 'load' 'col_inbuf_6_load_5' <Predicate = (trunc_ln80 == 4)> <Delay = 1.75> <CoreInst = "RAM">   --->   Core 81 'RAM' <Latency = 1> <II = 1> <Delay = 1.75> <Storage> <Opcode : 'load' 'store'> <Ports = 2> <Width = 16> <Depth = 8> <RAM>
ST_8 : Operation 321 [1/2] ( I:1.75ns O:1.75ns )   --->   "%col_inbuf_7_load_5 = load i3 %col_inbuf_7_addr" [../dct.c:81]   --->   Operation 321 'load' 'col_inbuf_7_load_5' <Predicate = (trunc_ln80 == 4)> <Delay = 1.75> <CoreInst = "RAM">   --->   Core 81 'RAM' <Latency = 1> <II = 1> <Delay = 1.75> <Storage> <Opcode : 'load' 'store'> <Ports = 2> <Width = 16> <Depth = 8> <RAM>
ST_8 : Operation 322 [2/2] (0.00ns)   --->   "%call_ln81 = call void @dct_1d.6.7, i16 %col_inbuf_load_5, i16 %col_inbuf_1_load_5, i16 %col_inbuf_2_load_5, i16 %col_inbuf_3_load_5, i16 %col_inbuf_4_load_5, i16 %col_inbuf_5_load_5, i16 %col_inbuf_6_load_5, i16 %col_inbuf_7_load_5, i16 %col_outbuf_4, i14 %dct_1d_dct_coeff_table_03, i15 %dct_1d_dct_coeff_table_14, i15 %dct_1d_dct_coeff_table_25, i15 %dct_1d_dct_coeff_table_36, i15 %dct_1d_dct_coeff_table_47, i15 %dct_1d_dct_coeff_table_58, i15 %dct_1d_dct_coeff_table_69, i15 %dct_1d_dct_coeff_table_710" [../dct.c:81]   --->   Operation 322 'call' 'call_ln81' <Predicate = (trunc_ln80 == 4)> <Delay = 0.00> <CoreType = "Generic">   --->   Generic Core
ST_8 : Operation 323 [1/2] ( I:1.75ns O:1.75ns )   --->   "%col_inbuf_load_4 = load i3 %col_inbuf_addr" [../dct.c:81]   --->   Operation 323 'load' 'col_inbuf_load_4' <Predicate = (trunc_ln80 == 3)> <Delay = 1.75> <CoreInst = "RAM">   --->   Core 81 'RAM' <Latency = 1> <II = 1> <Delay = 1.75> <Storage> <Opcode : 'load' 'store'> <Ports = 2> <Width = 16> <Depth = 8> <RAM>
ST_8 : Operation 324 [1/2] ( I:1.75ns O:1.75ns )   --->   "%col_inbuf_1_load_4 = load i3 %col_inbuf_1_addr" [../dct.c:81]   --->   Operation 324 'load' 'col_inbuf_1_load_4' <Predicate = (trunc_ln80 == 3)> <Delay = 1.75> <CoreInst = "RAM">   --->   Core 81 'RAM' <Latency = 1> <II = 1> <Delay = 1.75> <Storage> <Opcode : 'load' 'store'> <Ports = 2> <Width = 16> <Depth = 8> <RAM>
ST_8 : Operation 325 [1/2] ( I:1.75ns O:1.75ns )   --->   "%col_inbuf_2_load_4 = load i3 %col_inbuf_2_addr" [../dct.c:81]   --->   Operation 325 'load' 'col_inbuf_2_load_4' <Predicate = (trunc_ln80 == 3)> <Delay = 1.75> <CoreInst = "RAM">   --->   Core 81 'RAM' <Latency = 1> <II = 1> <Delay = 1.75> <Storage> <Opcode : 'load' 'store'> <Ports = 2> <Width = 16> <Depth = 8> <RAM>
ST_8 : Operation 326 [1/2] ( I:1.75ns O:1.75ns )   --->   "%col_inbuf_3_load_4 = load i3 %col_inbuf_3_addr" [../dct.c:81]   --->   Operation 326 'load' 'col_inbuf_3_load_4' <Predicate = (trunc_ln80 == 3)> <Delay = 1.75> <CoreInst = "RAM">   --->   Core 81 'RAM' <Latency = 1> <II = 1> <Delay = 1.75> <Storage> <Opcode : 'load' 'store'> <Ports = 2> <Width = 16> <Depth = 8> <RAM>
ST_8 : Operation 327 [1/2] ( I:1.75ns O:1.75ns )   --->   "%col_inbuf_4_load_4 = load i3 %col_inbuf_4_addr" [../dct.c:81]   --->   Operation 327 'load' 'col_inbuf_4_load_4' <Predicate = (trunc_ln80 == 3)> <Delay = 1.75> <CoreInst = "RAM">   --->   Core 81 'RAM' <Latency = 1> <II = 1> <Delay = 1.75> <Storage> <Opcode : 'load' 'store'> <Ports = 2> <Width = 16> <Depth = 8> <RAM>
ST_8 : Operation 328 [1/2] ( I:1.75ns O:1.75ns )   --->   "%col_inbuf_5_load_4 = load i3 %col_inbuf_5_addr" [../dct.c:81]   --->   Operation 328 'load' 'col_inbuf_5_load_4' <Predicate = (trunc_ln80 == 3)> <Delay = 1.75> <CoreInst = "RAM">   --->   Core 81 'RAM' <Latency = 1> <II = 1> <Delay = 1.75> <Storage> <Opcode : 'load' 'store'> <Ports = 2> <Width = 16> <Depth = 8> <RAM>
ST_8 : Operation 329 [1/2] ( I:1.75ns O:1.75ns )   --->   "%col_inbuf_6_load_4 = load i3 %col_inbuf_6_addr" [../dct.c:81]   --->   Operation 329 'load' 'col_inbuf_6_load_4' <Predicate = (trunc_ln80 == 3)> <Delay = 1.75> <CoreInst = "RAM">   --->   Core 81 'RAM' <Latency = 1> <II = 1> <Delay = 1.75> <Storage> <Opcode : 'load' 'store'> <Ports = 2> <Width = 16> <Depth = 8> <RAM>
ST_8 : Operation 330 [1/2] ( I:1.75ns O:1.75ns )   --->   "%col_inbuf_7_load_4 = load i3 %col_inbuf_7_addr" [../dct.c:81]   --->   Operation 330 'load' 'col_inbuf_7_load_4' <Predicate = (trunc_ln80 == 3)> <Delay = 1.75> <CoreInst = "RAM">   --->   Core 81 'RAM' <Latency = 1> <II = 1> <Delay = 1.75> <Storage> <Opcode : 'load' 'store'> <Ports = 2> <Width = 16> <Depth = 8> <RAM>
ST_8 : Operation 331 [2/2] (0.00ns)   --->   "%call_ln81 = call void @dct_1d.6.7, i16 %col_inbuf_load_4, i16 %col_inbuf_1_load_4, i16 %col_inbuf_2_load_4, i16 %col_inbuf_3_load_4, i16 %col_inbuf_4_load_4, i16 %col_inbuf_5_load_4, i16 %col_inbuf_6_load_4, i16 %col_inbuf_7_load_4, i16 %col_outbuf_3, i14 %dct_1d_dct_coeff_table_03, i15 %dct_1d_dct_coeff_table_14, i15 %dct_1d_dct_coeff_table_25, i15 %dct_1d_dct_coeff_table_36, i15 %dct_1d_dct_coeff_table_47, i15 %dct_1d_dct_coeff_table_58, i15 %dct_1d_dct_coeff_table_69, i15 %dct_1d_dct_coeff_table_710" [../dct.c:81]   --->   Operation 331 'call' 'call_ln81' <Predicate = (trunc_ln80 == 3)> <Delay = 0.00> <CoreType = "Generic">   --->   Generic Core
ST_8 : Operation 332 [1/2] ( I:1.75ns O:1.75ns )   --->   "%col_inbuf_load_3 = load i3 %col_inbuf_addr" [../dct.c:81]   --->   Operation 332 'load' 'col_inbuf_load_3' <Predicate = (trunc_ln80 == 2)> <Delay = 1.75> <CoreInst = "RAM">   --->   Core 81 'RAM' <Latency = 1> <II = 1> <Delay = 1.75> <Storage> <Opcode : 'load' 'store'> <Ports = 2> <Width = 16> <Depth = 8> <RAM>
ST_8 : Operation 333 [1/2] ( I:1.75ns O:1.75ns )   --->   "%col_inbuf_1_load_3 = load i3 %col_inbuf_1_addr" [../dct.c:81]   --->   Operation 333 'load' 'col_inbuf_1_load_3' <Predicate = (trunc_ln80 == 2)> <Delay = 1.75> <CoreInst = "RAM">   --->   Core 81 'RAM' <Latency = 1> <II = 1> <Delay = 1.75> <Storage> <Opcode : 'load' 'store'> <Ports = 2> <Width = 16> <Depth = 8> <RAM>
ST_8 : Operation 334 [1/2] ( I:1.75ns O:1.75ns )   --->   "%col_inbuf_2_load_3 = load i3 %col_inbuf_2_addr" [../dct.c:81]   --->   Operation 334 'load' 'col_inbuf_2_load_3' <Predicate = (trunc_ln80 == 2)> <Delay = 1.75> <CoreInst = "RAM">   --->   Core 81 'RAM' <Latency = 1> <II = 1> <Delay = 1.75> <Storage> <Opcode : 'load' 'store'> <Ports = 2> <Width = 16> <Depth = 8> <RAM>
ST_8 : Operation 335 [1/2] ( I:1.75ns O:1.75ns )   --->   "%col_inbuf_3_load_3 = load i3 %col_inbuf_3_addr" [../dct.c:81]   --->   Operation 335 'load' 'col_inbuf_3_load_3' <Predicate = (trunc_ln80 == 2)> <Delay = 1.75> <CoreInst = "RAM">   --->   Core 81 'RAM' <Latency = 1> <II = 1> <Delay = 1.75> <Storage> <Opcode : 'load' 'store'> <Ports = 2> <Width = 16> <Depth = 8> <RAM>
ST_8 : Operation 336 [1/2] ( I:1.75ns O:1.75ns )   --->   "%col_inbuf_4_load_3 = load i3 %col_inbuf_4_addr" [../dct.c:81]   --->   Operation 336 'load' 'col_inbuf_4_load_3' <Predicate = (trunc_ln80 == 2)> <Delay = 1.75> <CoreInst = "RAM">   --->   Core 81 'RAM' <Latency = 1> <II = 1> <Delay = 1.75> <Storage> <Opcode : 'load' 'store'> <Ports = 2> <Width = 16> <Depth = 8> <RAM>
ST_8 : Operation 337 [1/2] ( I:1.75ns O:1.75ns )   --->   "%col_inbuf_5_load_3 = load i3 %col_inbuf_5_addr" [../dct.c:81]   --->   Operation 337 'load' 'col_inbuf_5_load_3' <Predicate = (trunc_ln80 == 2)> <Delay = 1.75> <CoreInst = "RAM">   --->   Core 81 'RAM' <Latency = 1> <II = 1> <Delay = 1.75> <Storage> <Opcode : 'load' 'store'> <Ports = 2> <Width = 16> <Depth = 8> <RAM>
ST_8 : Operation 338 [1/2] ( I:1.75ns O:1.75ns )   --->   "%col_inbuf_6_load_3 = load i3 %col_inbuf_6_addr" [../dct.c:81]   --->   Operation 338 'load' 'col_inbuf_6_load_3' <Predicate = (trunc_ln80 == 2)> <Delay = 1.75> <CoreInst = "RAM">   --->   Core 81 'RAM' <Latency = 1> <II = 1> <Delay = 1.75> <Storage> <Opcode : 'load' 'store'> <Ports = 2> <Width = 16> <Depth = 8> <RAM>
ST_8 : Operation 339 [1/2] ( I:1.75ns O:1.75ns )   --->   "%col_inbuf_7_load_3 = load i3 %col_inbuf_7_addr" [../dct.c:81]   --->   Operation 339 'load' 'col_inbuf_7_load_3' <Predicate = (trunc_ln80 == 2)> <Delay = 1.75> <CoreInst = "RAM">   --->   Core 81 'RAM' <Latency = 1> <II = 1> <Delay = 1.75> <Storage> <Opcode : 'load' 'store'> <Ports = 2> <Width = 16> <Depth = 8> <RAM>
ST_8 : Operation 340 [2/2] (0.00ns)   --->   "%call_ln81 = call void @dct_1d.6.7, i16 %col_inbuf_load_3, i16 %col_inbuf_1_load_3, i16 %col_inbuf_2_load_3, i16 %col_inbuf_3_load_3, i16 %col_inbuf_4_load_3, i16 %col_inbuf_5_load_3, i16 %col_inbuf_6_load_3, i16 %col_inbuf_7_load_3, i16 %col_outbuf_2, i14 %dct_1d_dct_coeff_table_03, i15 %dct_1d_dct_coeff_table_14, i15 %dct_1d_dct_coeff_table_25, i15 %dct_1d_dct_coeff_table_36, i15 %dct_1d_dct_coeff_table_47, i15 %dct_1d_dct_coeff_table_58, i15 %dct_1d_dct_coeff_table_69, i15 %dct_1d_dct_coeff_table_710" [../dct.c:81]   --->   Operation 340 'call' 'call_ln81' <Predicate = (trunc_ln80 == 2)> <Delay = 0.00> <CoreType = "Generic">   --->   Generic Core
ST_8 : Operation 341 [1/2] ( I:1.75ns O:1.75ns )   --->   "%col_inbuf_load_2 = load i3 %col_inbuf_addr" [../dct.c:81]   --->   Operation 341 'load' 'col_inbuf_load_2' <Predicate = (trunc_ln80 == 1)> <Delay = 1.75> <CoreInst = "RAM">   --->   Core 81 'RAM' <Latency = 1> <II = 1> <Delay = 1.75> <Storage> <Opcode : 'load' 'store'> <Ports = 2> <Width = 16> <Depth = 8> <RAM>
ST_8 : Operation 342 [1/2] ( I:1.75ns O:1.75ns )   --->   "%col_inbuf_1_load_2 = load i3 %col_inbuf_1_addr" [../dct.c:81]   --->   Operation 342 'load' 'col_inbuf_1_load_2' <Predicate = (trunc_ln80 == 1)> <Delay = 1.75> <CoreInst = "RAM">   --->   Core 81 'RAM' <Latency = 1> <II = 1> <Delay = 1.75> <Storage> <Opcode : 'load' 'store'> <Ports = 2> <Width = 16> <Depth = 8> <RAM>
ST_8 : Operation 343 [1/2] ( I:1.75ns O:1.75ns )   --->   "%col_inbuf_2_load_2 = load i3 %col_inbuf_2_addr" [../dct.c:81]   --->   Operation 343 'load' 'col_inbuf_2_load_2' <Predicate = (trunc_ln80 == 1)> <Delay = 1.75> <CoreInst = "RAM">   --->   Core 81 'RAM' <Latency = 1> <II = 1> <Delay = 1.75> <Storage> <Opcode : 'load' 'store'> <Ports = 2> <Width = 16> <Depth = 8> <RAM>
ST_8 : Operation 344 [1/2] ( I:1.75ns O:1.75ns )   --->   "%col_inbuf_3_load_2 = load i3 %col_inbuf_3_addr" [../dct.c:81]   --->   Operation 344 'load' 'col_inbuf_3_load_2' <Predicate = (trunc_ln80 == 1)> <Delay = 1.75> <CoreInst = "RAM">   --->   Core 81 'RAM' <Latency = 1> <II = 1> <Delay = 1.75> <Storage> <Opcode : 'load' 'store'> <Ports = 2> <Width = 16> <Depth = 8> <RAM>
ST_8 : Operation 345 [1/2] ( I:1.75ns O:1.75ns )   --->   "%col_inbuf_4_load_2 = load i3 %col_inbuf_4_addr" [../dct.c:81]   --->   Operation 345 'load' 'col_inbuf_4_load_2' <Predicate = (trunc_ln80 == 1)> <Delay = 1.75> <CoreInst = "RAM">   --->   Core 81 'RAM' <Latency = 1> <II = 1> <Delay = 1.75> <Storage> <Opcode : 'load' 'store'> <Ports = 2> <Width = 16> <Depth = 8> <RAM>
ST_8 : Operation 346 [1/2] ( I:1.75ns O:1.75ns )   --->   "%col_inbuf_5_load_2 = load i3 %col_inbuf_5_addr" [../dct.c:81]   --->   Operation 346 'load' 'col_inbuf_5_load_2' <Predicate = (trunc_ln80 == 1)> <Delay = 1.75> <CoreInst = "RAM">   --->   Core 81 'RAM' <Latency = 1> <II = 1> <Delay = 1.75> <Storage> <Opcode : 'load' 'store'> <Ports = 2> <Width = 16> <Depth = 8> <RAM>
ST_8 : Operation 347 [1/2] ( I:1.75ns O:1.75ns )   --->   "%col_inbuf_6_load_2 = load i3 %col_inbuf_6_addr" [../dct.c:81]   --->   Operation 347 'load' 'col_inbuf_6_load_2' <Predicate = (trunc_ln80 == 1)> <Delay = 1.75> <CoreInst = "RAM">   --->   Core 81 'RAM' <Latency = 1> <II = 1> <Delay = 1.75> <Storage> <Opcode : 'load' 'store'> <Ports = 2> <Width = 16> <Depth = 8> <RAM>
ST_8 : Operation 348 [1/2] ( I:1.75ns O:1.75ns )   --->   "%col_inbuf_7_load_2 = load i3 %col_inbuf_7_addr" [../dct.c:81]   --->   Operation 348 'load' 'col_inbuf_7_load_2' <Predicate = (trunc_ln80 == 1)> <Delay = 1.75> <CoreInst = "RAM">   --->   Core 81 'RAM' <Latency = 1> <II = 1> <Delay = 1.75> <Storage> <Opcode : 'load' 'store'> <Ports = 2> <Width = 16> <Depth = 8> <RAM>
ST_8 : Operation 349 [2/2] (0.00ns)   --->   "%call_ln81 = call void @dct_1d.6.7, i16 %col_inbuf_load_2, i16 %col_inbuf_1_load_2, i16 %col_inbuf_2_load_2, i16 %col_inbuf_3_load_2, i16 %col_inbuf_4_load_2, i16 %col_inbuf_5_load_2, i16 %col_inbuf_6_load_2, i16 %col_inbuf_7_load_2, i16 %col_outbuf_1, i14 %dct_1d_dct_coeff_table_03, i15 %dct_1d_dct_coeff_table_14, i15 %dct_1d_dct_coeff_table_25, i15 %dct_1d_dct_coeff_table_36, i15 %dct_1d_dct_coeff_table_47, i15 %dct_1d_dct_coeff_table_58, i15 %dct_1d_dct_coeff_table_69, i15 %dct_1d_dct_coeff_table_710" [../dct.c:81]   --->   Operation 349 'call' 'call_ln81' <Predicate = (trunc_ln80 == 1)> <Delay = 0.00> <CoreType = "Generic">   --->   Generic Core
ST_8 : Operation 350 [1/2] ( I:1.75ns O:1.75ns )   --->   "%col_inbuf_load_1 = load i3 %col_inbuf_addr" [../dct.c:81]   --->   Operation 350 'load' 'col_inbuf_load_1' <Predicate = (trunc_ln80 == 0)> <Delay = 1.75> <CoreInst = "RAM">   --->   Core 81 'RAM' <Latency = 1> <II = 1> <Delay = 1.75> <Storage> <Opcode : 'load' 'store'> <Ports = 2> <Width = 16> <Depth = 8> <RAM>
ST_8 : Operation 351 [1/2] ( I:1.75ns O:1.75ns )   --->   "%col_inbuf_1_load_1 = load i3 %col_inbuf_1_addr" [../dct.c:81]   --->   Operation 351 'load' 'col_inbuf_1_load_1' <Predicate = (trunc_ln80 == 0)> <Delay = 1.75> <CoreInst = "RAM">   --->   Core 81 'RAM' <Latency = 1> <II = 1> <Delay = 1.75> <Storage> <Opcode : 'load' 'store'> <Ports = 2> <Width = 16> <Depth = 8> <RAM>
ST_8 : Operation 352 [1/2] ( I:1.75ns O:1.75ns )   --->   "%col_inbuf_2_load_1 = load i3 %col_inbuf_2_addr" [../dct.c:81]   --->   Operation 352 'load' 'col_inbuf_2_load_1' <Predicate = (trunc_ln80 == 0)> <Delay = 1.75> <CoreInst = "RAM">   --->   Core 81 'RAM' <Latency = 1> <II = 1> <Delay = 1.75> <Storage> <Opcode : 'load' 'store'> <Ports = 2> <Width = 16> <Depth = 8> <RAM>
ST_8 : Operation 353 [1/2] ( I:1.75ns O:1.75ns )   --->   "%col_inbuf_3_load_1 = load i3 %col_inbuf_3_addr" [../dct.c:81]   --->   Operation 353 'load' 'col_inbuf_3_load_1' <Predicate = (trunc_ln80 == 0)> <Delay = 1.75> <CoreInst = "RAM">   --->   Core 81 'RAM' <Latency = 1> <II = 1> <Delay = 1.75> <Storage> <Opcode : 'load' 'store'> <Ports = 2> <Width = 16> <Depth = 8> <RAM>
ST_8 : Operation 354 [1/2] ( I:1.75ns O:1.75ns )   --->   "%col_inbuf_4_load_1 = load i3 %col_inbuf_4_addr" [../dct.c:81]   --->   Operation 354 'load' 'col_inbuf_4_load_1' <Predicate = (trunc_ln80 == 0)> <Delay = 1.75> <CoreInst = "RAM">   --->   Core 81 'RAM' <Latency = 1> <II = 1> <Delay = 1.75> <Storage> <Opcode : 'load' 'store'> <Ports = 2> <Width = 16> <Depth = 8> <RAM>
ST_8 : Operation 355 [1/2] ( I:1.75ns O:1.75ns )   --->   "%col_inbuf_5_load_1 = load i3 %col_inbuf_5_addr" [../dct.c:81]   --->   Operation 355 'load' 'col_inbuf_5_load_1' <Predicate = (trunc_ln80 == 0)> <Delay = 1.75> <CoreInst = "RAM">   --->   Core 81 'RAM' <Latency = 1> <II = 1> <Delay = 1.75> <Storage> <Opcode : 'load' 'store'> <Ports = 2> <Width = 16> <Depth = 8> <RAM>
ST_8 : Operation 356 [1/2] ( I:1.75ns O:1.75ns )   --->   "%col_inbuf_6_load_1 = load i3 %col_inbuf_6_addr" [../dct.c:81]   --->   Operation 356 'load' 'col_inbuf_6_load_1' <Predicate = (trunc_ln80 == 0)> <Delay = 1.75> <CoreInst = "RAM">   --->   Core 81 'RAM' <Latency = 1> <II = 1> <Delay = 1.75> <Storage> <Opcode : 'load' 'store'> <Ports = 2> <Width = 16> <Depth = 8> <RAM>
ST_8 : Operation 357 [1/2] ( I:1.75ns O:1.75ns )   --->   "%col_inbuf_7_load_1 = load i3 %col_inbuf_7_addr" [../dct.c:81]   --->   Operation 357 'load' 'col_inbuf_7_load_1' <Predicate = (trunc_ln80 == 0)> <Delay = 1.75> <CoreInst = "RAM">   --->   Core 81 'RAM' <Latency = 1> <II = 1> <Delay = 1.75> <Storage> <Opcode : 'load' 'store'> <Ports = 2> <Width = 16> <Depth = 8> <RAM>
ST_8 : Operation 358 [2/2] (0.00ns)   --->   "%call_ln81 = call void @dct_1d.6.7, i16 %col_inbuf_load_1, i16 %col_inbuf_1_load_1, i16 %col_inbuf_2_load_1, i16 %col_inbuf_3_load_1, i16 %col_inbuf_4_load_1, i16 %col_inbuf_5_load_1, i16 %col_inbuf_6_load_1, i16 %col_inbuf_7_load_1, i16 %col_outbuf, i14 %dct_1d_dct_coeff_table_03, i15 %dct_1d_dct_coeff_table_14, i15 %dct_1d_dct_coeff_table_25, i15 %dct_1d_dct_coeff_table_36, i15 %dct_1d_dct_coeff_table_47, i15 %dct_1d_dct_coeff_table_58, i15 %dct_1d_dct_coeff_table_69, i15 %dct_1d_dct_coeff_table_710" [../dct.c:81]   --->   Operation 358 'call' 'call_ln81' <Predicate = (trunc_ln80 == 0)> <Delay = 0.00> <CoreType = "Generic">   --->   Generic Core
ST_8 : Operation 359 [1/2] ( I:1.75ns O:1.75ns )   --->   "%col_inbuf_load = load i3 %col_inbuf_addr" [../dct.c:81]   --->   Operation 359 'load' 'col_inbuf_load' <Predicate = (trunc_ln80 == 7)> <Delay = 1.75> <CoreInst = "RAM">   --->   Core 81 'RAM' <Latency = 1> <II = 1> <Delay = 1.75> <Storage> <Opcode : 'load' 'store'> <Ports = 2> <Width = 16> <Depth = 8> <RAM>
ST_8 : Operation 360 [1/2] ( I:1.75ns O:1.75ns )   --->   "%col_inbuf_1_load = load i3 %col_inbuf_1_addr" [../dct.c:81]   --->   Operation 360 'load' 'col_inbuf_1_load' <Predicate = (trunc_ln80 == 7)> <Delay = 1.75> <CoreInst = "RAM">   --->   Core 81 'RAM' <Latency = 1> <II = 1> <Delay = 1.75> <Storage> <Opcode : 'load' 'store'> <Ports = 2> <Width = 16> <Depth = 8> <RAM>
ST_8 : Operation 361 [1/2] ( I:1.75ns O:1.75ns )   --->   "%col_inbuf_2_load = load i3 %col_inbuf_2_addr" [../dct.c:81]   --->   Operation 361 'load' 'col_inbuf_2_load' <Predicate = (trunc_ln80 == 7)> <Delay = 1.75> <CoreInst = "RAM">   --->   Core 81 'RAM' <Latency = 1> <II = 1> <Delay = 1.75> <Storage> <Opcode : 'load' 'store'> <Ports = 2> <Width = 16> <Depth = 8> <RAM>
ST_8 : Operation 362 [1/2] ( I:1.75ns O:1.75ns )   --->   "%col_inbuf_3_load = load i3 %col_inbuf_3_addr" [../dct.c:81]   --->   Operation 362 'load' 'col_inbuf_3_load' <Predicate = (trunc_ln80 == 7)> <Delay = 1.75> <CoreInst = "RAM">   --->   Core 81 'RAM' <Latency = 1> <II = 1> <Delay = 1.75> <Storage> <Opcode : 'load' 'store'> <Ports = 2> <Width = 16> <Depth = 8> <RAM>
ST_8 : Operation 363 [1/2] ( I:1.75ns O:1.75ns )   --->   "%col_inbuf_4_load = load i3 %col_inbuf_4_addr" [../dct.c:81]   --->   Operation 363 'load' 'col_inbuf_4_load' <Predicate = (trunc_ln80 == 7)> <Delay = 1.75> <CoreInst = "RAM">   --->   Core 81 'RAM' <Latency = 1> <II = 1> <Delay = 1.75> <Storage> <Opcode : 'load' 'store'> <Ports = 2> <Width = 16> <Depth = 8> <RAM>
ST_8 : Operation 364 [1/2] ( I:1.75ns O:1.75ns )   --->   "%col_inbuf_5_load = load i3 %col_inbuf_5_addr" [../dct.c:81]   --->   Operation 364 'load' 'col_inbuf_5_load' <Predicate = (trunc_ln80 == 7)> <Delay = 1.75> <CoreInst = "RAM">   --->   Core 81 'RAM' <Latency = 1> <II = 1> <Delay = 1.75> <Storage> <Opcode : 'load' 'store'> <Ports = 2> <Width = 16> <Depth = 8> <RAM>
ST_8 : Operation 365 [1/2] ( I:1.75ns O:1.75ns )   --->   "%col_inbuf_6_load = load i3 %col_inbuf_6_addr" [../dct.c:81]   --->   Operation 365 'load' 'col_inbuf_6_load' <Predicate = (trunc_ln80 == 7)> <Delay = 1.75> <CoreInst = "RAM">   --->   Core 81 'RAM' <Latency = 1> <II = 1> <Delay = 1.75> <Storage> <Opcode : 'load' 'store'> <Ports = 2> <Width = 16> <Depth = 8> <RAM>
ST_8 : Operation 366 [1/2] ( I:1.75ns O:1.75ns )   --->   "%col_inbuf_7_load = load i3 %col_inbuf_7_addr" [../dct.c:81]   --->   Operation 366 'load' 'col_inbuf_7_load' <Predicate = (trunc_ln80 == 7)> <Delay = 1.75> <CoreInst = "RAM">   --->   Core 81 'RAM' <Latency = 1> <II = 1> <Delay = 1.75> <Storage> <Opcode : 'load' 'store'> <Ports = 2> <Width = 16> <Depth = 8> <RAM>
ST_8 : Operation 367 [2/2] (0.00ns)   --->   "%call_ln81 = call void @dct_1d.6.7, i16 %col_inbuf_load, i16 %col_inbuf_1_load, i16 %col_inbuf_2_load, i16 %col_inbuf_3_load, i16 %col_inbuf_4_load, i16 %col_inbuf_5_load, i16 %col_inbuf_6_load, i16 %col_inbuf_7_load, i16 %col_outbuf_7, i14 %dct_1d_dct_coeff_table_03, i15 %dct_1d_dct_coeff_table_14, i15 %dct_1d_dct_coeff_table_25, i15 %dct_1d_dct_coeff_table_36, i15 %dct_1d_dct_coeff_table_47, i15 %dct_1d_dct_coeff_table_58, i15 %dct_1d_dct_coeff_table_69, i15 %dct_1d_dct_coeff_table_710" [../dct.c:81]   --->   Operation 367 'call' 'call_ln81' <Predicate = (trunc_ln80 == 7)> <Delay = 0.00> <CoreType = "Generic">   --->   Generic Core

State 9 <SV = 5> <Delay = 1.32>
ST_9 : Operation 368 [1/2] (0.00ns)   --->   "%call_ln81 = call void @dct_1d.6.7, i16 %col_inbuf_load_7, i16 %col_inbuf_1_load_7, i16 %col_inbuf_2_load_7, i16 %col_inbuf_3_load_7, i16 %col_inbuf_4_load_7, i16 %col_inbuf_5_load_7, i16 %col_inbuf_6_load_7, i16 %col_inbuf_7_load_7, i16 %col_outbuf_6, i14 %dct_1d_dct_coeff_table_03, i15 %dct_1d_dct_coeff_table_14, i15 %dct_1d_dct_coeff_table_25, i15 %dct_1d_dct_coeff_table_36, i15 %dct_1d_dct_coeff_table_47, i15 %dct_1d_dct_coeff_table_58, i15 %dct_1d_dct_coeff_table_69, i15 %dct_1d_dct_coeff_table_710" [../dct.c:81]   --->   Operation 368 'call' 'call_ln81' <Predicate = (trunc_ln80 == 6)> <Delay = 0.00> <CoreType = "Generic">   --->   Generic Core
ST_9 : Operation 369 [1/1] (0.00ns)   --->   "%br_ln81 = br void %.exit13" [../dct.c:81]   --->   Operation 369 'br' 'br_ln81' <Predicate = (trunc_ln80 == 6)> <Delay = 0.00>
ST_9 : Operation 370 [1/2] (0.00ns)   --->   "%call_ln81 = call void @dct_1d.6.7, i16 %col_inbuf_load_6, i16 %col_inbuf_1_load_6, i16 %col_inbuf_2_load_6, i16 %col_inbuf_3_load_6, i16 %col_inbuf_4_load_6, i16 %col_inbuf_5_load_6, i16 %col_inbuf_6_load_6, i16 %col_inbuf_7_load_6, i16 %col_outbuf_5, i14 %dct_1d_dct_coeff_table_03, i15 %dct_1d_dct_coeff_table_14, i15 %dct_1d_dct_coeff_table_25, i15 %dct_1d_dct_coeff_table_36, i15 %dct_1d_dct_coeff_table_47, i15 %dct_1d_dct_coeff_table_58, i15 %dct_1d_dct_coeff_table_69, i15 %dct_1d_dct_coeff_table_710" [../dct.c:81]   --->   Operation 370 'call' 'call_ln81' <Predicate = (trunc_ln80 == 5)> <Delay = 0.00> <CoreType = "Generic">   --->   Generic Core
ST_9 : Operation 371 [1/1] (0.00ns)   --->   "%br_ln81 = br void %.exit13" [../dct.c:81]   --->   Operation 371 'br' 'br_ln81' <Predicate = (trunc_ln80 == 5)> <Delay = 0.00>
ST_9 : Operation 372 [1/2] (0.00ns)   --->   "%call_ln81 = call void @dct_1d.6.7, i16 %col_inbuf_load_5, i16 %col_inbuf_1_load_5, i16 %col_inbuf_2_load_5, i16 %col_inbuf_3_load_5, i16 %col_inbuf_4_load_5, i16 %col_inbuf_5_load_5, i16 %col_inbuf_6_load_5, i16 %col_inbuf_7_load_5, i16 %col_outbuf_4, i14 %dct_1d_dct_coeff_table_03, i15 %dct_1d_dct_coeff_table_14, i15 %dct_1d_dct_coeff_table_25, i15 %dct_1d_dct_coeff_table_36, i15 %dct_1d_dct_coeff_table_47, i15 %dct_1d_dct_coeff_table_58, i15 %dct_1d_dct_coeff_table_69, i15 %dct_1d_dct_coeff_table_710" [../dct.c:81]   --->   Operation 372 'call' 'call_ln81' <Predicate = (trunc_ln80 == 4)> <Delay = 0.00> <CoreType = "Generic">   --->   Generic Core
ST_9 : Operation 373 [1/1] (0.00ns)   --->   "%br_ln81 = br void %.exit13" [../dct.c:81]   --->   Operation 373 'br' 'br_ln81' <Predicate = (trunc_ln80 == 4)> <Delay = 0.00>
ST_9 : Operation 374 [1/2] (0.00ns)   --->   "%call_ln81 = call void @dct_1d.6.7, i16 %col_inbuf_load_4, i16 %col_inbuf_1_load_4, i16 %col_inbuf_2_load_4, i16 %col_inbuf_3_load_4, i16 %col_inbuf_4_load_4, i16 %col_inbuf_5_load_4, i16 %col_inbuf_6_load_4, i16 %col_inbuf_7_load_4, i16 %col_outbuf_3, i14 %dct_1d_dct_coeff_table_03, i15 %dct_1d_dct_coeff_table_14, i15 %dct_1d_dct_coeff_table_25, i15 %dct_1d_dct_coeff_table_36, i15 %dct_1d_dct_coeff_table_47, i15 %dct_1d_dct_coeff_table_58, i15 %dct_1d_dct_coeff_table_69, i15 %dct_1d_dct_coeff_table_710" [../dct.c:81]   --->   Operation 374 'call' 'call_ln81' <Predicate = (trunc_ln80 == 3)> <Delay = 0.00> <CoreType = "Generic">   --->   Generic Core
ST_9 : Operation 375 [1/1] (0.00ns)   --->   "%br_ln81 = br void %.exit13" [../dct.c:81]   --->   Operation 375 'br' 'br_ln81' <Predicate = (trunc_ln80 == 3)> <Delay = 0.00>
ST_9 : Operation 376 [1/2] (0.00ns)   --->   "%call_ln81 = call void @dct_1d.6.7, i16 %col_inbuf_load_3, i16 %col_inbuf_1_load_3, i16 %col_inbuf_2_load_3, i16 %col_inbuf_3_load_3, i16 %col_inbuf_4_load_3, i16 %col_inbuf_5_load_3, i16 %col_inbuf_6_load_3, i16 %col_inbuf_7_load_3, i16 %col_outbuf_2, i14 %dct_1d_dct_coeff_table_03, i15 %dct_1d_dct_coeff_table_14, i15 %dct_1d_dct_coeff_table_25, i15 %dct_1d_dct_coeff_table_36, i15 %dct_1d_dct_coeff_table_47, i15 %dct_1d_dct_coeff_table_58, i15 %dct_1d_dct_coeff_table_69, i15 %dct_1d_dct_coeff_table_710" [../dct.c:81]   --->   Operation 376 'call' 'call_ln81' <Predicate = (trunc_ln80 == 2)> <Delay = 0.00> <CoreType = "Generic">   --->   Generic Core
ST_9 : Operation 377 [1/1] (0.00ns)   --->   "%br_ln81 = br void %.exit13" [../dct.c:81]   --->   Operation 377 'br' 'br_ln81' <Predicate = (trunc_ln80 == 2)> <Delay = 0.00>
ST_9 : Operation 378 [1/2] (0.00ns)   --->   "%call_ln81 = call void @dct_1d.6.7, i16 %col_inbuf_load_2, i16 %col_inbuf_1_load_2, i16 %col_inbuf_2_load_2, i16 %col_inbuf_3_load_2, i16 %col_inbuf_4_load_2, i16 %col_inbuf_5_load_2, i16 %col_inbuf_6_load_2, i16 %col_inbuf_7_load_2, i16 %col_outbuf_1, i14 %dct_1d_dct_coeff_table_03, i15 %dct_1d_dct_coeff_table_14, i15 %dct_1d_dct_coeff_table_25, i15 %dct_1d_dct_coeff_table_36, i15 %dct_1d_dct_coeff_table_47, i15 %dct_1d_dct_coeff_table_58, i15 %dct_1d_dct_coeff_table_69, i15 %dct_1d_dct_coeff_table_710" [../dct.c:81]   --->   Operation 378 'call' 'call_ln81' <Predicate = (trunc_ln80 == 1)> <Delay = 0.00> <CoreType = "Generic">   --->   Generic Core
ST_9 : Operation 379 [1/1] (0.00ns)   --->   "%br_ln81 = br void %.exit13" [../dct.c:81]   --->   Operation 379 'br' 'br_ln81' <Predicate = (trunc_ln80 == 1)> <Delay = 0.00>
ST_9 : Operation 380 [1/2] (0.00ns)   --->   "%call_ln81 = call void @dct_1d.6.7, i16 %col_inbuf_load_1, i16 %col_inbuf_1_load_1, i16 %col_inbuf_2_load_1, i16 %col_inbuf_3_load_1, i16 %col_inbuf_4_load_1, i16 %col_inbuf_5_load_1, i16 %col_inbuf_6_load_1, i16 %col_inbuf_7_load_1, i16 %col_outbuf, i14 %dct_1d_dct_coeff_table_03, i15 %dct_1d_dct_coeff_table_14, i15 %dct_1d_dct_coeff_table_25, i15 %dct_1d_dct_coeff_table_36, i15 %dct_1d_dct_coeff_table_47, i15 %dct_1d_dct_coeff_table_58, i15 %dct_1d_dct_coeff_table_69, i15 %dct_1d_dct_coeff_table_710" [../dct.c:81]   --->   Operation 380 'call' 'call_ln81' <Predicate = (trunc_ln80 == 0)> <Delay = 0.00> <CoreType = "Generic">   --->   Generic Core
ST_9 : Operation 381 [1/1] (0.00ns)   --->   "%br_ln81 = br void %.exit13" [../dct.c:81]   --->   Operation 381 'br' 'br_ln81' <Predicate = (trunc_ln80 == 0)> <Delay = 0.00>
ST_9 : Operation 382 [1/2] (0.00ns)   --->   "%call_ln81 = call void @dct_1d.6.7, i16 %col_inbuf_load, i16 %col_inbuf_1_load, i16 %col_inbuf_2_load, i16 %col_inbuf_3_load, i16 %col_inbuf_4_load, i16 %col_inbuf_5_load, i16 %col_inbuf_6_load, i16 %col_inbuf_7_load, i16 %col_outbuf_7, i14 %dct_1d_dct_coeff_table_03, i15 %dct_1d_dct_coeff_table_14, i15 %dct_1d_dct_coeff_table_25, i15 %dct_1d_dct_coeff_table_36, i15 %dct_1d_dct_coeff_table_47, i15 %dct_1d_dct_coeff_table_58, i15 %dct_1d_dct_coeff_table_69, i15 %dct_1d_dct_coeff_table_710" [../dct.c:81]   --->   Operation 382 'call' 'call_ln81' <Predicate = (trunc_ln80 == 7)> <Delay = 0.00> <CoreType = "Generic">   --->   Generic Core
ST_9 : Operation 383 [1/1] (0.00ns)   --->   "%br_ln81 = br void %.exit13" [../dct.c:81]   --->   Operation 383 'br' 'br_ln81' <Predicate = (trunc_ln80 == 7)> <Delay = 0.00>
ST_9 : Operation 384 [1/1] (1.32ns)   --->   "%store_ln59 = store i4 %add_ln80, i4 %i_1" [../dct.c:59]   --->   Operation 384 'store' 'store_ln59' <Predicate = true> <Delay = 1.32>
ST_9 : Operation 385 [1/1] (0.00ns)   --->   "%br_ln80 = br void %for.inc33" [../dct.c:80]   --->   Operation 385 'br' 'br_ln80' <Predicate = true> <Delay = 0.00>

State 10 <SV = 4> <Delay = 4.13>
ST_10 : Operation 386 [1/2] (4.13ns)   --->   "%call_ln0 = call void @dct_2d_Pipeline_Xpose_Col_Outer_Loop, i16 %out_block_7, i16 %out_block_6, i16 %out_block_5, i16 %out_block_4, i16 %out_block_3, i16 %out_block_2, i16 %out_block_1, i16 %out_block_0, i16 %col_outbuf, i16 %col_outbuf_1, i16 %col_outbuf_2, i16 %col_outbuf_3, i16 %col_outbuf_4, i16 %col_outbuf_5, i16 %col_outbuf_6, i16 %col_outbuf_7"   --->   Operation 386 'call' 'call_ln0' <Predicate = true> <Delay = 4.13> <CoreType = "Generic">   --->   Generic Core
ST_10 : Operation 387 [1/1] (0.00ns)   --->   "%ret_ln93 = ret" [../dct.c:93]   --->   Operation 387 'ret' 'ret_ln93' <Predicate = true> <Delay = 0.00>


============================================================
+ Verbose Summary: Binding
============================================================
STG Binding: 
---------------- STG Properties BEGIN ----------------
- Is combinational: 0
- Is one-state seq: 0
- Is datapath-only: 0
- Is pipelined: 0
- Is top level: 0
Port [ Return ] is wired: 1; IO mode=ap_ctrl_hs:ce=0
Port [ in_block_0]:  wired=1; compound=1; hidden=0; nouse=0; global=0; static=0; extern=0; dir=0; type=1; pingpong=1; private_global=0; MemPort=[13]; IO mode=ap_memory:ce=0
Port [ in_block_1]:  wired=1; compound=1; hidden=0; nouse=0; global=0; static=0; extern=0; dir=0; type=1; pingpong=1; private_global=0; MemPort=[13]; IO mode=ap_memory:ce=0
Port [ in_block_2]:  wired=1; compound=1; hidden=0; nouse=0; global=0; static=0; extern=0; dir=0; type=1; pingpong=1; private_global=0; MemPort=[13]; IO mode=ap_memory:ce=0
Port [ in_block_3]:  wired=1; compound=1; hidden=0; nouse=0; global=0; static=0; extern=0; dir=0; type=1; pingpong=1; private_global=0; MemPort=[13]; IO mode=ap_memory:ce=0
Port [ in_block_4]:  wired=1; compound=1; hidden=0; nouse=0; global=0; static=0; extern=0; dir=0; type=1; pingpong=1; private_global=0; MemPort=[13]; IO mode=ap_memory:ce=0
Port [ in_block_5]:  wired=1; compound=1; hidden=0; nouse=0; global=0; static=0; extern=0; dir=0; type=1; pingpong=1; private_global=0; MemPort=[13]; IO mode=ap_memory:ce=0
Port [ in_block_6]:  wired=1; compound=1; hidden=0; nouse=0; global=0; static=0; extern=0; dir=0; type=1; pingpong=1; private_global=0; MemPort=[13]; IO mode=ap_memory:ce=0
Port [ in_block_7]:  wired=1; compound=1; hidden=0; nouse=0; global=0; static=0; extern=0; dir=0; type=1; pingpong=1; private_global=0; MemPort=[13]; IO mode=ap_memory:ce=0
Port [ out_block_0]:  wired=1; compound=1; hidden=0; nouse=0; global=0; static=0; extern=0; dir=1; type=1; pingpong=1; private_global=0; MemPort=[03]; IO mode=ap_memory:ce=0
Port [ out_block_1]:  wired=1; compound=1; hidden=0; nouse=0; global=0; static=0; extern=0; dir=1; type=1; pingpong=1; private_global=0; MemPort=[03]; IO mode=ap_memory:ce=0
Port [ out_block_2]:  wired=1; compound=1; hidden=0; nouse=0; global=0; static=0; extern=0; dir=1; type=1; pingpong=1; private_global=0; MemPort=[03]; IO mode=ap_memory:ce=0
Port [ out_block_3]:  wired=1; compound=1; hidden=0; nouse=0; global=0; static=0; extern=0; dir=1; type=1; pingpong=1; private_global=0; MemPort=[03]; IO mode=ap_memory:ce=0
Port [ out_block_4]:  wired=1; compound=1; hidden=0; nouse=0; global=0; static=0; extern=0; dir=1; type=1; pingpong=1; private_global=0; MemPort=[03]; IO mode=ap_memory:ce=0
Port [ out_block_5]:  wired=1; compound=1; hidden=0; nouse=0; global=0; static=0; extern=0; dir=1; type=1; pingpong=1; private_global=0; MemPort=[03]; IO mode=ap_memory:ce=0
Port [ out_block_6]:  wired=1; compound=1; hidden=0; nouse=0; global=0; static=0; extern=0; dir=1; type=1; pingpong=1; private_global=0; MemPort=[03]; IO mode=ap_memory:ce=0
Port [ out_block_7]:  wired=1; compound=1; hidden=0; nouse=0; global=0; static=0; extern=0; dir=1; type=1; pingpong=1; private_global=0; MemPort=[03]; IO mode=ap_memory:ce=0
Port [ dct_1d_dct_coeff_table_0]:  wired=0; compound=1; hidden=1; nouse=1; global=1; static=1; extern=0; dir=0; type=1; pingpong=0; private_global=0; MemPort=[1]; IO mode=ap_memory:ce=0
Port [ dct_1d_dct_coeff_table_1]:  wired=0; compound=1; hidden=1; nouse=1; global=1; static=1; extern=0; dir=0; type=1; pingpong=0; private_global=0; MemPort=[1]; IO mode=ap_memory:ce=0
Port [ dct_1d_dct_coeff_table_2]:  wired=0; compound=1; hidden=1; nouse=1; global=1; static=1; extern=0; dir=0; type=1; pingpong=0; private_global=0; MemPort=[1]; IO mode=ap_memory:ce=0
Port [ dct_1d_dct_coeff_table_3]:  wired=0; compound=1; hidden=1; nouse=1; global=1; static=1; extern=0; dir=0; type=1; pingpong=0; private_global=0; MemPort=[1]; IO mode=ap_memory:ce=0
Port [ dct_1d_dct_coeff_table_4]:  wired=0; compound=1; hidden=1; nouse=1; global=1; static=1; extern=0; dir=0; type=1; pingpong=0; private_global=0; MemPort=[1]; IO mode=ap_memory:ce=0
Port [ dct_1d_dct_coeff_table_5]:  wired=0; compound=1; hidden=1; nouse=1; global=1; static=1; extern=0; dir=0; type=1; pingpong=0; private_global=0; MemPort=[1]; IO mode=ap_memory:ce=0
Port [ dct_1d_dct_coeff_table_6]:  wired=0; compound=1; hidden=1; nouse=1; global=1; static=1; extern=0; dir=0; type=1; pingpong=0; private_global=0; MemPort=[1]; IO mode=ap_memory:ce=0
Port [ dct_1d_dct_coeff_table_7]:  wired=0; compound=1; hidden=1; nouse=1; global=1; static=1; extern=0; dir=0; type=1; pingpong=0; private_global=0; MemPort=[1]; IO mode=ap_memory:ce=0
Port [ dct_1d_dct_coeff_table_03]:  wired=0; compound=1; hidden=1; nouse=1; global=1; static=1; extern=0; dir=0; type=1; pingpong=0; private_global=0; MemPort=[1]; IO mode=ap_memory:ce=0
Port [ dct_1d_dct_coeff_table_14]:  wired=0; compound=1; hidden=1; nouse=1; global=1; static=1; extern=0; dir=0; type=1; pingpong=0; private_global=0; MemPort=[1]; IO mode=ap_memory:ce=0
Port [ dct_1d_dct_coeff_table_25]:  wired=0; compound=1; hidden=1; nouse=1; global=1; static=1; extern=0; dir=0; type=1; pingpong=0; private_global=0; MemPort=[1]; IO mode=ap_memory:ce=0
Port [ dct_1d_dct_coeff_table_36]:  wired=0; compound=1; hidden=1; nouse=1; global=1; static=1; extern=0; dir=0; type=1; pingpong=0; private_global=0; MemPort=[1]; IO mode=ap_memory:ce=0
Port [ dct_1d_dct_coeff_table_47]:  wired=0; compound=1; hidden=1; nouse=1; global=1; static=1; extern=0; dir=0; type=1; pingpong=0; private_global=0; MemPort=[1]; IO mode=ap_memory:ce=0
Port [ dct_1d_dct_coeff_table_58]:  wired=0; compound=1; hidden=1; nouse=1; global=1; static=1; extern=0; dir=0; type=1; pingpong=0; private_global=0; MemPort=[1]; IO mode=ap_memory:ce=0
Port [ dct_1d_dct_coeff_table_69]:  wired=0; compound=1; hidden=1; nouse=1; global=1; static=1; extern=0; dir=0; type=1; pingpong=0; private_global=0; MemPort=[1]; IO mode=ap_memory:ce=0
Port [ dct_1d_dct_coeff_table_710]:  wired=0; compound=1; hidden=1; nouse=1; global=1; static=1; extern=0; dir=0; type=1; pingpong=0; private_global=0; MemPort=[1]; IO mode=ap_memory:ce=0
---------------- STG Properties END ------------------

---------------- Datapath Model BEGIN ----------------

<LifeTime>
<method=bitvector/>
i                      (alloca           ) [ 01111100000]
row_outbuf             (alloca           ) [ 00111110000]
row_outbuf_1           (alloca           ) [ 00111110000]
row_outbuf_2           (alloca           ) [ 00111110000]
row_outbuf_3           (alloca           ) [ 00111110000]
row_outbuf_4           (alloca           ) [ 00111110000]
row_outbuf_5           (alloca           ) [ 00111110000]
row_outbuf_6           (alloca           ) [ 00111110000]
row_outbuf_7           (alloca           ) [ 00111110000]
col_outbuf             (alloca           ) [ 00111111111]
col_outbuf_1           (alloca           ) [ 00111111111]
col_outbuf_2           (alloca           ) [ 00111111111]
col_outbuf_3           (alloca           ) [ 00111111111]
col_outbuf_4           (alloca           ) [ 00111111111]
col_outbuf_5           (alloca           ) [ 00111111111]
col_outbuf_6           (alloca           ) [ 00111111111]
col_outbuf_7           (alloca           ) [ 00111111111]
col_inbuf              (alloca           ) [ 00111111110]
col_inbuf_1            (alloca           ) [ 00111111110]
col_inbuf_2            (alloca           ) [ 00111111110]
col_inbuf_3            (alloca           ) [ 00111111110]
col_inbuf_4            (alloca           ) [ 00111111110]
col_inbuf_5            (alloca           ) [ 00111111110]
col_inbuf_6            (alloca           ) [ 00111111110]
col_inbuf_7            (alloca           ) [ 00111111110]
store_ln59             (store            ) [ 00000000000]
br_ln64                (br               ) [ 00000000000]
i_2                    (load             ) [ 00000000000]
icmp_ln64              (icmp             ) [ 00111100000]
add_ln64               (add              ) [ 00011100000]
br_ln64                (br               ) [ 00000000000]
zext_ln64              (zext             ) [ 00000000000]
trunc_ln64             (trunc            ) [ 00111100000]
speclooptripcount_ln59 (speclooptripcount) [ 00000000000]
specloopname_ln64      (specloopname     ) [ 00000000000]
in_block_0_addr        (getelementptr    ) [ 00010000000]
in_block_1_addr        (getelementptr    ) [ 00010000000]
in_block_2_addr        (getelementptr    ) [ 00010000000]
in_block_3_addr        (getelementptr    ) [ 00010000000]
in_block_4_addr        (getelementptr    ) [ 00010000000]
in_block_5_addr        (getelementptr    ) [ 00010000000]
in_block_6_addr        (getelementptr    ) [ 00010000000]
in_block_7_addr        (getelementptr    ) [ 00010000000]
switch_ln65            (switch           ) [ 00000000000]
i_1                    (alloca           ) [ 00111111110]
store_ln59             (store            ) [ 00000000000]
in_block_0_load_7      (load             ) [ 00001000000]
in_block_1_load_7      (load             ) [ 00001000000]
in_block_2_load_7      (load             ) [ 00001000000]
in_block_3_load_7      (load             ) [ 00001000000]
in_block_4_load_7      (load             ) [ 00001000000]
in_block_5_load_7      (load             ) [ 00001000000]
in_block_6_load_7      (load             ) [ 00001000000]
in_block_7_load_7      (load             ) [ 00001000000]
in_block_0_load_6      (load             ) [ 00001000000]
in_block_1_load_6      (load             ) [ 00001000000]
in_block_2_load_6      (load             ) [ 00001000000]
in_block_3_load_6      (load             ) [ 00001000000]
in_block_4_load_6      (load             ) [ 00001000000]
in_block_5_load_6      (load             ) [ 00001000000]
in_block_6_load_6      (load             ) [ 00001000000]
in_block_7_load_6      (load             ) [ 00001000000]
in_block_0_load_5      (load             ) [ 00001000000]
in_block_1_load_5      (load             ) [ 00001000000]
in_block_2_load_5      (load             ) [ 00001000000]
in_block_3_load_5      (load             ) [ 00001000000]
in_block_4_load_5      (load             ) [ 00001000000]
in_block_5_load_5      (load             ) [ 00001000000]
in_block_6_load_5      (load             ) [ 00001000000]
in_block_7_load_5      (load             ) [ 00001000000]
in_block_0_load_4      (load             ) [ 00001000000]
in_block_1_load_4      (load             ) [ 00001000000]
in_block_2_load_4      (load             ) [ 00001000000]
in_block_3_load_4      (load             ) [ 00001000000]
in_block_4_load_4      (load             ) [ 00001000000]
in_block_5_load_4      (load             ) [ 00001000000]
in_block_6_load_4      (load             ) [ 00001000000]
in_block_7_load_4      (load             ) [ 00001000000]
in_block_0_load_3      (load             ) [ 00001000000]
in_block_1_load_3      (load             ) [ 00001000000]
in_block_2_load_3      (load             ) [ 00001000000]
in_block_3_load_3      (load             ) [ 00001000000]
in_block_4_load_3      (load             ) [ 00001000000]
in_block_5_load_3      (load             ) [ 00001000000]
in_block_6_load_3      (load             ) [ 00001000000]
in_block_7_load_3      (load             ) [ 00001000000]
in_block_0_load_2      (load             ) [ 00001000000]
in_block_1_load_2      (load             ) [ 00001000000]
in_block_2_load_2      (load             ) [ 00001000000]
in_block_3_load_2      (load             ) [ 00001000000]
in_block_4_load_2      (load             ) [ 00001000000]
in_block_5_load_2      (load             ) [ 00001000000]
in_block_6_load_2      (load             ) [ 00001000000]
in_block_7_load_2      (load             ) [ 00001000000]
in_block_0_load_1      (load             ) [ 00001000000]
in_block_1_load_1      (load             ) [ 00001000000]
in_block_2_load_1      (load             ) [ 00001000000]
in_block_3_load_1      (load             ) [ 00001000000]
in_block_4_load_1      (load             ) [ 00001000000]
in_block_5_load_1      (load             ) [ 00001000000]
in_block_6_load_1      (load             ) [ 00001000000]
in_block_7_load_1      (load             ) [ 00001000000]
in_block_0_load        (load             ) [ 00001000000]
in_block_1_load        (load             ) [ 00001000000]
in_block_2_load        (load             ) [ 00001000000]
in_block_3_load        (load             ) [ 00001000000]
in_block_4_load        (load             ) [ 00001000000]
in_block_5_load        (load             ) [ 00001000000]
in_block_6_load        (load             ) [ 00001000000]
in_block_7_load        (load             ) [ 00001000000]
call_ln65              (call             ) [ 00000000000]
br_ln65                (br               ) [ 00000000000]
call_ln65              (call             ) [ 00000000000]
br_ln65                (br               ) [ 00000000000]
call_ln65              (call             ) [ 00000000000]
br_ln65                (br               ) [ 00000000000]
call_ln65              (call             ) [ 00000000000]
br_ln65                (br               ) [ 00000000000]
call_ln65              (call             ) [ 00000000000]
br_ln65                (br               ) [ 00000000000]
call_ln65              (call             ) [ 00000000000]
br_ln65                (br               ) [ 00000000000]
call_ln65              (call             ) [ 00000000000]
br_ln65                (br               ) [ 00000000000]
call_ln65              (call             ) [ 00000000000]
br_ln65                (br               ) [ 00000000000]
store_ln59             (store            ) [ 00000000000]
br_ln64                (br               ) [ 00000000000]
call_ln0               (call             ) [ 00000000000]
br_ln80                (br               ) [ 00000000000]
i_3                    (load             ) [ 00000000000]
icmp_ln80              (icmp             ) [ 00000001110]
add_ln80               (add              ) [ 00000000110]
br_ln80                (br               ) [ 00000000000]
zext_ln80              (zext             ) [ 00000000000]
trunc_ln80             (trunc            ) [ 00000001110]
speclooptripcount_ln59 (speclooptripcount) [ 00000000000]
specloopname_ln80      (specloopname     ) [ 00000000000]
col_inbuf_addr         (getelementptr    ) [ 00000000100]
col_inbuf_1_addr       (getelementptr    ) [ 00000000100]
col_inbuf_2_addr       (getelementptr    ) [ 00000000100]
col_inbuf_3_addr       (getelementptr    ) [ 00000000100]
col_inbuf_4_addr       (getelementptr    ) [ 00000000100]
col_inbuf_5_addr       (getelementptr    ) [ 00000000100]
col_inbuf_6_addr       (getelementptr    ) [ 00000000100]
col_inbuf_7_addr       (getelementptr    ) [ 00000000100]
switch_ln81            (switch           ) [ 00000000000]
col_inbuf_load_7       (load             ) [ 00000000010]
col_inbuf_1_load_7     (load             ) [ 00000000010]
col_inbuf_2_load_7     (load             ) [ 00000000010]
col_inbuf_3_load_7     (load             ) [ 00000000010]
col_inbuf_4_load_7     (load             ) [ 00000000010]
col_inbuf_5_load_7     (load             ) [ 00000000010]
col_inbuf_6_load_7     (load             ) [ 00000000010]
col_inbuf_7_load_7     (load             ) [ 00000000010]
col_inbuf_load_6       (load             ) [ 00000000010]
col_inbuf_1_load_6     (load             ) [ 00000000010]
col_inbuf_2_load_6     (load             ) [ 00000000010]
col_inbuf_3_load_6     (load             ) [ 00000000010]
col_inbuf_4_load_6     (load             ) [ 00000000010]
col_inbuf_5_load_6     (load             ) [ 00000000010]
col_inbuf_6_load_6     (load             ) [ 00000000010]
col_inbuf_7_load_6     (load             ) [ 00000000010]
col_inbuf_load_5       (load             ) [ 00000000010]
col_inbuf_1_load_5     (load             ) [ 00000000010]
col_inbuf_2_load_5     (load             ) [ 00000000010]
col_inbuf_3_load_5     (load             ) [ 00000000010]
col_inbuf_4_load_5     (load             ) [ 00000000010]
col_inbuf_5_load_5     (load             ) [ 00000000010]
col_inbuf_6_load_5     (load             ) [ 00000000010]
col_inbuf_7_load_5     (load             ) [ 00000000010]
col_inbuf_load_4       (load             ) [ 00000000010]
col_inbuf_1_load_4     (load             ) [ 00000000010]
col_inbuf_2_load_4     (load             ) [ 00000000010]
col_inbuf_3_load_4     (load             ) [ 00000000010]
col_inbuf_4_load_4     (load             ) [ 00000000010]
col_inbuf_5_load_4     (load             ) [ 00000000010]
col_inbuf_6_load_4     (load             ) [ 00000000010]
col_inbuf_7_load_4     (load             ) [ 00000000010]
col_inbuf_load_3       (load             ) [ 00000000010]
col_inbuf_1_load_3     (load             ) [ 00000000010]
col_inbuf_2_load_3     (load             ) [ 00000000010]
col_inbuf_3_load_3     (load             ) [ 00000000010]
col_inbuf_4_load_3     (load             ) [ 00000000010]
col_inbuf_5_load_3     (load             ) [ 00000000010]
col_inbuf_6_load_3     (load             ) [ 00000000010]
col_inbuf_7_load_3     (load             ) [ 00000000010]
col_inbuf_load_2       (load             ) [ 00000000010]
col_inbuf_1_load_2     (load             ) [ 00000000010]
col_inbuf_2_load_2     (load             ) [ 00000000010]
col_inbuf_3_load_2     (load             ) [ 00000000010]
col_inbuf_4_load_2     (load             ) [ 00000000010]
col_inbuf_5_load_2     (load             ) [ 00000000010]
col_inbuf_6_load_2     (load             ) [ 00000000010]
col_inbuf_7_load_2     (load             ) [ 00000000010]
col_inbuf_load_1       (load             ) [ 00000000010]
col_inbuf_1_load_1     (load             ) [ 00000000010]
col_inbuf_2_load_1     (load             ) [ 00000000010]
col_inbuf_3_load_1     (load             ) [ 00000000010]
col_inbuf_4_load_1     (load             ) [ 00000000010]
col_inbuf_5_load_1     (load             ) [ 00000000010]
col_inbuf_6_load_1     (load             ) [ 00000000010]
col_inbuf_7_load_1     (load             ) [ 00000000010]
col_inbuf_load         (load             ) [ 00000000010]
col_inbuf_1_load       (load             ) [ 00000000010]
col_inbuf_2_load       (load             ) [ 00000000010]
col_inbuf_3_load       (load             ) [ 00000000010]
col_inbuf_4_load       (load             ) [ 00000000010]
col_inbuf_5_load       (load             ) [ 00000000010]
col_inbuf_6_load       (load             ) [ 00000000010]
col_inbuf_7_load       (load             ) [ 00000000010]
call_ln81              (call             ) [ 00000000000]
br_ln81                (br               ) [ 00000000000]
call_ln81              (call             ) [ 00000000000]
br_ln81                (br               ) [ 00000000000]
call_ln81              (call             ) [ 00000000000]
br_ln81                (br               ) [ 00000000000]
call_ln81              (call             ) [ 00000000000]
br_ln81                (br               ) [ 00000000000]
call_ln81              (call             ) [ 00000000000]
br_ln81                (br               ) [ 00000000000]
call_ln81              (call             ) [ 00000000000]
br_ln81                (br               ) [ 00000000000]
call_ln81              (call             ) [ 00000000000]
br_ln81                (br               ) [ 00000000000]
call_ln81              (call             ) [ 00000000000]
br_ln81                (br               ) [ 00000000000]
store_ln59             (store            ) [ 00000000000]
br_ln80                (br               ) [ 00000000000]
call_ln0               (call             ) [ 00000000000]
ret_ln93               (ret              ) [ 00000000000]
</LifeTime>

<model>

<comp_list>
<comp id="0" class="1000" name="in_block_0">
<pin_list>
<pin id="1" dir="1" index="0" bw="1" slack="0"/>
</pin_list>
<bind>
<StgValue><ssdm name="in_block_0"/><MemPortTyVec>1 3 </MemPortTyVec>
</StgValue>
</bind>
</comp>

<comp id="2" class="1000" name="in_block_1">
<pin_list>
<pin id="3" dir="1" index="0" bw="1" slack="0"/>
</pin_list>
<bind>
<StgValue><ssdm name="in_block_1"/><MemPortTyVec>1 3 </MemPortTyVec>
</StgValue>
</bind>
</comp>

<comp id="4" class="1000" name="in_block_2">
<pin_list>
<pin id="5" dir="1" index="0" bw="1" slack="0"/>
</pin_list>
<bind>
<StgValue><ssdm name="in_block_2"/><MemPortTyVec>1 3 </MemPortTyVec>
</StgValue>
</bind>
</comp>

<comp id="6" class="1000" name="in_block_3">
<pin_list>
<pin id="7" dir="1" index="0" bw="1" slack="0"/>
</pin_list>
<bind>
<StgValue><ssdm name="in_block_3"/><MemPortTyVec>1 3 </MemPortTyVec>
</StgValue>
</bind>
</comp>

<comp id="8" class="1000" name="in_block_4">
<pin_list>
<pin id="9" dir="1" index="0" bw="1" slack="0"/>
</pin_list>
<bind>
<StgValue><ssdm name="in_block_4"/><MemPortTyVec>1 3 </MemPortTyVec>
</StgValue>
</bind>
</comp>

<comp id="10" class="1000" name="in_block_5">
<pin_list>
<pin id="11" dir="1" index="0" bw="1" slack="0"/>
</pin_list>
<bind>
<StgValue><ssdm name="in_block_5"/><MemPortTyVec>1 3 </MemPortTyVec>
</StgValue>
</bind>
</comp>

<comp id="12" class="1000" name="in_block_6">
<pin_list>
<pin id="13" dir="1" index="0" bw="1" slack="0"/>
</pin_list>
<bind>
<StgValue><ssdm name="in_block_6"/><MemPortTyVec>1 3 </MemPortTyVec>
</StgValue>
</bind>
</comp>

<comp id="14" class="1000" name="in_block_7">
<pin_list>
<pin id="15" dir="1" index="0" bw="1" slack="0"/>
</pin_list>
<bind>
<StgValue><ssdm name="in_block_7"/><MemPortTyVec>1 3 </MemPortTyVec>
</StgValue>
</bind>
</comp>

<comp id="16" class="1000" name="out_block_0">
<pin_list>
<pin id="17" dir="1" index="0" bw="1" slack="0"/>
</pin_list>
<bind>
<StgValue><ssdm name="out_block_0"/><MemPortTyVec>0 3 </MemPortTyVec>
</StgValue>
</bind>
</comp>

<comp id="18" class="1000" name="out_block_1">
<pin_list>
<pin id="19" dir="1" index="0" bw="1" slack="0"/>
</pin_list>
<bind>
<StgValue><ssdm name="out_block_1"/><MemPortTyVec>0 3 </MemPortTyVec>
</StgValue>
</bind>
</comp>

<comp id="20" class="1000" name="out_block_2">
<pin_list>
<pin id="21" dir="1" index="0" bw="1" slack="0"/>
</pin_list>
<bind>
<StgValue><ssdm name="out_block_2"/><MemPortTyVec>0 3 </MemPortTyVec>
</StgValue>
</bind>
</comp>

<comp id="22" class="1000" name="out_block_3">
<pin_list>
<pin id="23" dir="1" index="0" bw="1" slack="0"/>
</pin_list>
<bind>
<StgValue><ssdm name="out_block_3"/><MemPortTyVec>0 3 </MemPortTyVec>
</StgValue>
</bind>
</comp>

<comp id="24" class="1000" name="out_block_4">
<pin_list>
<pin id="25" dir="1" index="0" bw="1" slack="0"/>
</pin_list>
<bind>
<StgValue><ssdm name="out_block_4"/><MemPortTyVec>0 3 </MemPortTyVec>
</StgValue>
</bind>
</comp>

<comp id="26" class="1000" name="out_block_5">
<pin_list>
<pin id="27" dir="1" index="0" bw="1" slack="0"/>
</pin_list>
<bind>
<StgValue><ssdm name="out_block_5"/><MemPortTyVec>0 3 </MemPortTyVec>
</StgValue>
</bind>
</comp>

<comp id="28" class="1000" name="out_block_6">
<pin_list>
<pin id="29" dir="1" index="0" bw="1" slack="0"/>
</pin_list>
<bind>
<StgValue><ssdm name="out_block_6"/><MemPortTyVec>0 3 </MemPortTyVec>
</StgValue>
</bind>
</comp>

<comp id="30" class="1000" name="out_block_7">
<pin_list>
<pin id="31" dir="1" index="0" bw="1" slack="0"/>
</pin_list>
<bind>
<StgValue><ssdm name="out_block_7"/><MemPortTyVec>0 3 </MemPortTyVec>
</StgValue>
</bind>
</comp>

<comp id="32" class="1000" name="dct_1d_dct_coeff_table_0">
<pin_list>
<pin id="33" dir="1" index="0" bw="1" slack="0"/>
</pin_list>
<bind>
<StgValue><ssdm name="dct_1d_dct_coeff_table_0"/><MemPortTyVec>1 </MemPortTyVec>
</StgValue>
</bind>
</comp>

<comp id="34" class="1000" name="dct_1d_dct_coeff_table_1">
<pin_list>
<pin id="35" dir="1" index="0" bw="1" slack="0"/>
</pin_list>
<bind>
<StgValue><ssdm name="dct_1d_dct_coeff_table_1"/><MemPortTyVec>1 </MemPortTyVec>
</StgValue>
</bind>
</comp>

<comp id="36" class="1000" name="dct_1d_dct_coeff_table_2">
<pin_list>
<pin id="37" dir="1" index="0" bw="1" slack="0"/>
</pin_list>
<bind>
<StgValue><ssdm name="dct_1d_dct_coeff_table_2"/><MemPortTyVec>1 </MemPortTyVec>
</StgValue>
</bind>
</comp>

<comp id="38" class="1000" name="dct_1d_dct_coeff_table_3">
<pin_list>
<pin id="39" dir="1" index="0" bw="1" slack="0"/>
</pin_list>
<bind>
<StgValue><ssdm name="dct_1d_dct_coeff_table_3"/><MemPortTyVec>1 </MemPortTyVec>
</StgValue>
</bind>
</comp>

<comp id="40" class="1000" name="dct_1d_dct_coeff_table_4">
<pin_list>
<pin id="41" dir="1" index="0" bw="1" slack="0"/>
</pin_list>
<bind>
<StgValue><ssdm name="dct_1d_dct_coeff_table_4"/><MemPortTyVec>1 </MemPortTyVec>
</StgValue>
</bind>
</comp>

<comp id="42" class="1000" name="dct_1d_dct_coeff_table_5">
<pin_list>
<pin id="43" dir="1" index="0" bw="1" slack="0"/>
</pin_list>
<bind>
<StgValue><ssdm name="dct_1d_dct_coeff_table_5"/><MemPortTyVec>1 </MemPortTyVec>
</StgValue>
</bind>
</comp>

<comp id="44" class="1000" name="dct_1d_dct_coeff_table_6">
<pin_list>
<pin id="45" dir="1" index="0" bw="1" slack="0"/>
</pin_list>
<bind>
<StgValue><ssdm name="dct_1d_dct_coeff_table_6"/><MemPortTyVec>1 </MemPortTyVec>
</StgValue>
</bind>
</comp>

<comp id="46" class="1000" name="dct_1d_dct_coeff_table_7">
<pin_list>
<pin id="47" dir="1" index="0" bw="1" slack="0"/>
</pin_list>
<bind>
<StgValue><ssdm name="dct_1d_dct_coeff_table_7"/><MemPortTyVec>1 </MemPortTyVec>
</StgValue>
</bind>
</comp>

<comp id="48" class="1000" name="dct_1d_dct_coeff_table_03">
<pin_list>
<pin id="49" dir="1" index="0" bw="1" slack="0"/>
</pin_list>
<bind>
<StgValue><ssdm name="dct_1d_dct_coeff_table_03"/><MemPortTyVec>1 </MemPortTyVec>
</StgValue>
</bind>
</comp>

<comp id="50" class="1000" name="dct_1d_dct_coeff_table_14">
<pin_list>
<pin id="51" dir="1" index="0" bw="1" slack="0"/>
</pin_list>
<bind>
<StgValue><ssdm name="dct_1d_dct_coeff_table_14"/><MemPortTyVec>1 </MemPortTyVec>
</StgValue>
</bind>
</comp>

<comp id="52" class="1000" name="dct_1d_dct_coeff_table_25">
<pin_list>
<pin id="53" dir="1" index="0" bw="1" slack="0"/>
</pin_list>
<bind>
<StgValue><ssdm name="dct_1d_dct_coeff_table_25"/><MemPortTyVec>1 </MemPortTyVec>
</StgValue>
</bind>
</comp>

<comp id="54" class="1000" name="dct_1d_dct_coeff_table_36">
<pin_list>
<pin id="55" dir="1" index="0" bw="1" slack="0"/>
</pin_list>
<bind>
<StgValue><ssdm name="dct_1d_dct_coeff_table_36"/><MemPortTyVec>1 </MemPortTyVec>
</StgValue>
</bind>
</comp>

<comp id="56" class="1000" name="dct_1d_dct_coeff_table_47">
<pin_list>
<pin id="57" dir="1" index="0" bw="1" slack="0"/>
</pin_list>
<bind>
<StgValue><ssdm name="dct_1d_dct_coeff_table_47"/><MemPortTyVec>1 </MemPortTyVec>
</StgValue>
</bind>
</comp>

<comp id="58" class="1000" name="dct_1d_dct_coeff_table_58">
<pin_list>
<pin id="59" dir="1" index="0" bw="1" slack="0"/>
</pin_list>
<bind>
<StgValue><ssdm name="dct_1d_dct_coeff_table_58"/><MemPortTyVec>1 </MemPortTyVec>
</StgValue>
</bind>
</comp>

<comp id="60" class="1000" name="dct_1d_dct_coeff_table_69">
<pin_list>
<pin id="61" dir="1" index="0" bw="1" slack="0"/>
</pin_list>
<bind>
<StgValue><ssdm name="dct_1d_dct_coeff_table_69"/><MemPortTyVec>1 </MemPortTyVec>
</StgValue>
</bind>
</comp>

<comp id="62" class="1000" name="dct_1d_dct_coeff_table_710">
<pin_list>
<pin id="63" dir="1" index="0" bw="1" slack="0"/>
</pin_list>
<bind>
<StgValue><ssdm name="dct_1d_dct_coeff_table_710"/><MemPortTyVec>1 </MemPortTyVec>
</StgValue>
</bind>
</comp>

<comp id="64" class="1001" name="const_64">
<pin_list>
<pin id="65" dir="1" index="0" bw="1" slack="0"/>
</pin_list>
<bind>
<StgValue><ssdm name=""/></StgValue>
</bind>
</comp>

<comp id="66" class="1001" name="const_66">
<pin_list>
<pin id="67" dir="1" index="0" bw="1" slack="0"/>
</pin_list>
<bind>
<StgValue><ssdm name=""/></StgValue>
</bind>
</comp>

<comp id="68" class="1001" name="const_68">
<pin_list>
<pin id="69" dir="1" index="0" bw="1" slack="0"/>
</pin_list>
<bind>
<StgValue><ssdm name=""/></StgValue>
</bind>
</comp>

<comp id="70" class="1001" name="const_70">
<pin_list>
<pin id="71" dir="1" index="0" bw="1" slack="0"/>
</pin_list>
<bind>
<StgValue><ssdm name=""/></StgValue>
</bind>
</comp>

<comp id="72" class="1001" name="const_72">
<pin_list>
<pin id="73" dir="1" index="0" bw="1" slack="0"/>
</pin_list>
<bind>
<StgValue><ssdm name=""/></StgValue>
</bind>
</comp>

<comp id="74" class="1001" name="const_74">
<pin_list>
<pin id="75" dir="1" index="0" bw="1" slack="2147483647"/>
</pin_list>
<bind>
<StgValue><ssdm name="_ssdm_op_SpecLoopTripCount"/></StgValue>
</bind>
</comp>

<comp id="76" class="1001" name="const_76">
<pin_list>
<pin id="77" dir="1" index="0" bw="1" slack="2147483647"/>
</pin_list>
<bind>
<StgValue><ssdm name=""/></StgValue>
</bind>
</comp>

<comp id="78" class="1001" name="const_78">
<pin_list>
<pin id="79" dir="1" index="0" bw="1" slack="2147483647"/>
</pin_list>
<bind>
<StgValue><ssdm name="_ssdm_op_SpecLoopName"/></StgValue>
</bind>
</comp>

<comp id="80" class="1001" name="const_80">
<pin_list>
<pin id="81" dir="1" index="0" bw="1" slack="2147483647"/>
</pin_list>
<bind>
<StgValue><ssdm name="empty_7"/></StgValue>
</bind>
</comp>

<comp id="82" class="1001" name="const_82">
<pin_list>
<pin id="83" dir="1" index="0" bw="1" slack="0"/>
</pin_list>
<bind>
<StgValue><ssdm name=""/></StgValue>
</bind>
</comp>

<comp id="84" class="1001" name="const_84">
<pin_list>
<pin id="85" dir="1" index="0" bw="1" slack="0"/>
</pin_list>
<bind>
<StgValue><ssdm name=""/></StgValue>
</bind>
</comp>

<comp id="86" class="1001" name="const_86">
<pin_list>
<pin id="87" dir="1" index="0" bw="1" slack="0"/>
</pin_list>
<bind>
<StgValue><ssdm name=""/></StgValue>
</bind>
</comp>

<comp id="88" class="1001" name="const_88">
<pin_list>
<pin id="89" dir="1" index="0" bw="1" slack="0"/>
</pin_list>
<bind>
<StgValue><ssdm name=""/></StgValue>
</bind>
</comp>

<comp id="90" class="1001" name="const_90">
<pin_list>
<pin id="91" dir="1" index="0" bw="1" slack="0"/>
</pin_list>
<bind>
<StgValue><ssdm name=""/></StgValue>
</bind>
</comp>

<comp id="92" class="1001" name="const_92">
<pin_list>
<pin id="93" dir="1" index="0" bw="1" slack="0"/>
</pin_list>
<bind>
<StgValue><ssdm name=""/></StgValue>
</bind>
</comp>

<comp id="94" class="1001" name="const_94">
<pin_list>
<pin id="95" dir="1" index="0" bw="1" slack="0"/>
</pin_list>
<bind>
<StgValue><ssdm name=""/></StgValue>
</bind>
</comp>

<comp id="96" class="1001" name="const_96">
<pin_list>
<pin id="97" dir="1" index="0" bw="1" slack="0"/>
</pin_list>
<bind>
<StgValue><ssdm name=""/></StgValue>
</bind>
</comp>

<comp id="98" class="1001" name="const_98">
<pin_list>
<pin id="99" dir="1" index="0" bw="1" slack="0"/>
</pin_list>
<bind>
<StgValue><ssdm name="dct_2d_Pipeline_Xpose_Row_Outer_Loop"/></StgValue>
</bind>
</comp>

<comp id="100" class="1001" name="const_100">
<pin_list>
<pin id="101" dir="1" index="0" bw="1" slack="0"/>
</pin_list>
<bind>
<StgValue><ssdm name="dct_1d.11.12"/></StgValue>
</bind>
</comp>

<comp id="102" class="1001" name="const_102">
<pin_list>
<pin id="103" dir="1" index="0" bw="1" slack="2147483647"/>
</pin_list>
<bind>
<StgValue><ssdm name="empty_5"/></StgValue>
</bind>
</comp>

<comp id="104" class="1001" name="const_104">
<pin_list>
<pin id="105" dir="1" index="0" bw="1" slack="0"/>
</pin_list>
<bind>
<StgValue><ssdm name="dct_2d_Pipeline_Xpose_Col_Outer_Loop"/></StgValue>
</bind>
</comp>

<comp id="106" class="1001" name="const_106">
<pin_list>
<pin id="107" dir="1" index="0" bw="1" slack="0"/>
</pin_list>
<bind>
<StgValue><ssdm name="dct_1d.6.7"/></StgValue>
</bind>
</comp>

<comp id="108" class="1004" name="i_fu_108">
<pin_list>
<pin id="109" dir="0" index="0" bw="1" slack="0"/>
<pin id="110" dir="1" index="1" bw="4" slack="0"/>
</pin_list>
<bind>
<opcode="alloca(26) " fcode="alloca"/>
<opset="i/1 "/>
</bind>
</comp>

<comp id="112" class="1004" name="row_outbuf_alloca_fu_112">
<pin_list>
<pin id="113" dir="0" index="0" bw="1" slack="0"/>
<pin id="114" dir="1" index="1" bw="16" slack="2147483647"/>
</pin_list>
<bind>
<opcode="alloca(26) " fcode="alloca"/>
<opset="row_outbuf/1 "/>
</bind>
</comp>

<comp id="116" class="1004" name="row_outbuf_1_alloca_fu_116">
<pin_list>
<pin id="117" dir="0" index="0" bw="1" slack="0"/>
<pin id="118" dir="1" index="1" bw="16" slack="2147483647"/>
</pin_list>
<bind>
<opcode="alloca(26) " fcode="alloca"/>
<opset="row_outbuf_1/1 "/>
</bind>
</comp>

<comp id="120" class="1004" name="row_outbuf_2_alloca_fu_120">
<pin_list>
<pin id="121" dir="0" index="0" bw="1" slack="0"/>
<pin id="122" dir="1" index="1" bw="16" slack="2147483647"/>
</pin_list>
<bind>
<opcode="alloca(26) " fcode="alloca"/>
<opset="row_outbuf_2/1 "/>
</bind>
</comp>

<comp id="124" class="1004" name="row_outbuf_3_alloca_fu_124">
<pin_list>
<pin id="125" dir="0" index="0" bw="1" slack="0"/>
<pin id="126" dir="1" index="1" bw="16" slack="2147483647"/>
</pin_list>
<bind>
<opcode="alloca(26) " fcode="alloca"/>
<opset="row_outbuf_3/1 "/>
</bind>
</comp>

<comp id="128" class="1004" name="row_outbuf_4_alloca_fu_128">
<pin_list>
<pin id="129" dir="0" index="0" bw="1" slack="0"/>
<pin id="130" dir="1" index="1" bw="16" slack="2147483647"/>
</pin_list>
<bind>
<opcode="alloca(26) " fcode="alloca"/>
<opset="row_outbuf_4/1 "/>
</bind>
</comp>

<comp id="132" class="1004" name="row_outbuf_5_alloca_fu_132">
<pin_list>
<pin id="133" dir="0" index="0" bw="1" slack="0"/>
<pin id="134" dir="1" index="1" bw="16" slack="2147483647"/>
</pin_list>
<bind>
<opcode="alloca(26) " fcode="alloca"/>
<opset="row_outbuf_5/1 "/>
</bind>
</comp>

<comp id="136" class="1004" name="row_outbuf_6_alloca_fu_136">
<pin_list>
<pin id="137" dir="0" index="0" bw="1" slack="0"/>
<pin id="138" dir="1" index="1" bw="16" slack="2147483647"/>
</pin_list>
<bind>
<opcode="alloca(26) " fcode="alloca"/>
<opset="row_outbuf_6/1 "/>
</bind>
</comp>

<comp id="140" class="1004" name="row_outbuf_7_alloca_fu_140">
<pin_list>
<pin id="141" dir="0" index="0" bw="1" slack="0"/>
<pin id="142" dir="1" index="1" bw="16" slack="2147483647"/>
</pin_list>
<bind>
<opcode="alloca(26) " fcode="alloca"/>
<opset="row_outbuf_7/1 "/>
</bind>
</comp>

<comp id="144" class="1004" name="col_outbuf_alloca_fu_144">
<pin_list>
<pin id="145" dir="0" index="0" bw="1" slack="0"/>
<pin id="146" dir="1" index="1" bw="16" slack="2147483647"/>
</pin_list>
<bind>
<opcode="alloca(26) " fcode="alloca"/>
<opset="col_outbuf/1 "/>
</bind>
</comp>

<comp id="148" class="1004" name="col_outbuf_1_alloca_fu_148">
<pin_list>
<pin id="149" dir="0" index="0" bw="1" slack="0"/>
<pin id="150" dir="1" index="1" bw="16" slack="2147483647"/>
</pin_list>
<bind>
<opcode="alloca(26) " fcode="alloca"/>
<opset="col_outbuf_1/1 "/>
</bind>
</comp>

<comp id="152" class="1004" name="col_outbuf_2_alloca_fu_152">
<pin_list>
<pin id="153" dir="0" index="0" bw="1" slack="0"/>
<pin id="154" dir="1" index="1" bw="16" slack="2147483647"/>
</pin_list>
<bind>
<opcode="alloca(26) " fcode="alloca"/>
<opset="col_outbuf_2/1 "/>
</bind>
</comp>

<comp id="156" class="1004" name="col_outbuf_3_alloca_fu_156">
<pin_list>
<pin id="157" dir="0" index="0" bw="1" slack="0"/>
<pin id="158" dir="1" index="1" bw="16" slack="2147483647"/>
</pin_list>
<bind>
<opcode="alloca(26) " fcode="alloca"/>
<opset="col_outbuf_3/1 "/>
</bind>
</comp>

<comp id="160" class="1004" name="col_outbuf_4_alloca_fu_160">
<pin_list>
<pin id="161" dir="0" index="0" bw="1" slack="0"/>
<pin id="162" dir="1" index="1" bw="16" slack="2147483647"/>
</pin_list>
<bind>
<opcode="alloca(26) " fcode="alloca"/>
<opset="col_outbuf_4/1 "/>
</bind>
</comp>

<comp id="164" class="1004" name="col_outbuf_5_alloca_fu_164">
<pin_list>
<pin id="165" dir="0" index="0" bw="1" slack="0"/>
<pin id="166" dir="1" index="1" bw="16" slack="2147483647"/>
</pin_list>
<bind>
<opcode="alloca(26) " fcode="alloca"/>
<opset="col_outbuf_5/1 "/>
</bind>
</comp>

<comp id="168" class="1004" name="col_outbuf_6_alloca_fu_168">
<pin_list>
<pin id="169" dir="0" index="0" bw="1" slack="0"/>
<pin id="170" dir="1" index="1" bw="16" slack="2147483647"/>
</pin_list>
<bind>
<opcode="alloca(26) " fcode="alloca"/>
<opset="col_outbuf_6/1 "/>
</bind>
</comp>

<comp id="172" class="1004" name="col_outbuf_7_alloca_fu_172">
<pin_list>
<pin id="173" dir="0" index="0" bw="1" slack="0"/>
<pin id="174" dir="1" index="1" bw="16" slack="2147483647"/>
</pin_list>
<bind>
<opcode="alloca(26) " fcode="alloca"/>
<opset="col_outbuf_7/1 "/>
</bind>
</comp>

<comp id="176" class="1004" name="col_inbuf_alloca_fu_176">
<pin_list>
<pin id="177" dir="0" index="0" bw="1" slack="0"/>
<pin id="178" dir="1" index="1" bw="16" slack="2147483647"/>
</pin_list>
<bind>
<opcode="alloca(26) " fcode="alloca"/>
<opset="col_inbuf/1 "/>
</bind>
</comp>

<comp id="180" class="1004" name="col_inbuf_1_alloca_fu_180">
<pin_list>
<pin id="181" dir="0" index="0" bw="1" slack="0"/>
<pin id="182" dir="1" index="1" bw="16" slack="2147483647"/>
</pin_list>
<bind>
<opcode="alloca(26) " fcode="alloca"/>
<opset="col_inbuf_1/1 "/>
</bind>
</comp>

<comp id="184" class="1004" name="col_inbuf_2_alloca_fu_184">
<pin_list>
<pin id="185" dir="0" index="0" bw="1" slack="0"/>
<pin id="186" dir="1" index="1" bw="16" slack="2147483647"/>
</pin_list>
<bind>
<opcode="alloca(26) " fcode="alloca"/>
<opset="col_inbuf_2/1 "/>
</bind>
</comp>

<comp id="188" class="1004" name="col_inbuf_3_alloca_fu_188">
<pin_list>
<pin id="189" dir="0" index="0" bw="1" slack="0"/>
<pin id="190" dir="1" index="1" bw="16" slack="2147483647"/>
</pin_list>
<bind>
<opcode="alloca(26) " fcode="alloca"/>
<opset="col_inbuf_3/1 "/>
</bind>
</comp>

<comp id="192" class="1004" name="col_inbuf_4_alloca_fu_192">
<pin_list>
<pin id="193" dir="0" index="0" bw="1" slack="0"/>
<pin id="194" dir="1" index="1" bw="16" slack="2147483647"/>
</pin_list>
<bind>
<opcode="alloca(26) " fcode="alloca"/>
<opset="col_inbuf_4/1 "/>
</bind>
</comp>

<comp id="196" class="1004" name="col_inbuf_5_alloca_fu_196">
<pin_list>
<pin id="197" dir="0" index="0" bw="1" slack="0"/>
<pin id="198" dir="1" index="1" bw="16" slack="2147483647"/>
</pin_list>
<bind>
<opcode="alloca(26) " fcode="alloca"/>
<opset="col_inbuf_5/1 "/>
</bind>
</comp>

<comp id="200" class="1004" name="col_inbuf_6_alloca_fu_200">
<pin_list>
<pin id="201" dir="0" index="0" bw="1" slack="0"/>
<pin id="202" dir="1" index="1" bw="16" slack="2147483647"/>
</pin_list>
<bind>
<opcode="alloca(26) " fcode="alloca"/>
<opset="col_inbuf_6/1 "/>
</bind>
</comp>

<comp id="204" class="1004" name="col_inbuf_7_alloca_fu_204">
<pin_list>
<pin id="205" dir="0" index="0" bw="1" slack="0"/>
<pin id="206" dir="1" index="1" bw="16" slack="2147483647"/>
</pin_list>
<bind>
<opcode="alloca(26) " fcode="alloca"/>
<opset="col_inbuf_7/1 "/>
</bind>
</comp>

<comp id="208" class="1004" name="i_1_fu_208">
<pin_list>
<pin id="209" dir="0" index="0" bw="1" slack="0"/>
<pin id="210" dir="1" index="1" bw="4" slack="0"/>
</pin_list>
<bind>
<opcode="alloca(26) " fcode="alloca"/>
<opset="i_1/2 "/>
</bind>
</comp>

<comp id="212" class="1004" name="in_block_0_addr_gep_fu_212">
<pin_list>
<pin id="213" dir="0" index="0" bw="16" slack="0"/>
<pin id="214" dir="0" index="1" bw="1" slack="0"/>
<pin id="215" dir="0" index="2" bw="4" slack="0"/>
<pin id="216" dir="1" index="3" bw="3" slack="0"/>
</pin_list>
<bind>
<opcode="getelementptr(29) " fcode="getelementptr"/>
<opset="in_block_0_addr/2 "/>
</bind>
</comp>

<comp id="219" class="1004" name="in_block_1_addr_gep_fu_219">
<pin_list>
<pin id="220" dir="0" index="0" bw="16" slack="0"/>
<pin id="221" dir="0" index="1" bw="1" slack="0"/>
<pin id="222" dir="0" index="2" bw="4" slack="0"/>
<pin id="223" dir="1" index="3" bw="3" slack="0"/>
</pin_list>
<bind>
<opcode="getelementptr(29) " fcode="getelementptr"/>
<opset="in_block_1_addr/2 "/>
</bind>
</comp>

<comp id="226" class="1004" name="in_block_2_addr_gep_fu_226">
<pin_list>
<pin id="227" dir="0" index="0" bw="16" slack="0"/>
<pin id="228" dir="0" index="1" bw="1" slack="0"/>
<pin id="229" dir="0" index="2" bw="4" slack="0"/>
<pin id="230" dir="1" index="3" bw="3" slack="0"/>
</pin_list>
<bind>
<opcode="getelementptr(29) " fcode="getelementptr"/>
<opset="in_block_2_addr/2 "/>
</bind>
</comp>

<comp id="233" class="1004" name="in_block_3_addr_gep_fu_233">
<pin_list>
<pin id="234" dir="0" index="0" bw="16" slack="0"/>
<pin id="235" dir="0" index="1" bw="1" slack="0"/>
<pin id="236" dir="0" index="2" bw="4" slack="0"/>
<pin id="237" dir="1" index="3" bw="3" slack="0"/>
</pin_list>
<bind>
<opcode="getelementptr(29) " fcode="getelementptr"/>
<opset="in_block_3_addr/2 "/>
</bind>
</comp>

<comp id="240" class="1004" name="in_block_4_addr_gep_fu_240">
<pin_list>
<pin id="241" dir="0" index="0" bw="16" slack="0"/>
<pin id="242" dir="0" index="1" bw="1" slack="0"/>
<pin id="243" dir="0" index="2" bw="4" slack="0"/>
<pin id="244" dir="1" index="3" bw="3" slack="0"/>
</pin_list>
<bind>
<opcode="getelementptr(29) " fcode="getelementptr"/>
<opset="in_block_4_addr/2 "/>
</bind>
</comp>

<comp id="247" class="1004" name="in_block_5_addr_gep_fu_247">
<pin_list>
<pin id="248" dir="0" index="0" bw="16" slack="0"/>
<pin id="249" dir="0" index="1" bw="1" slack="0"/>
<pin id="250" dir="0" index="2" bw="4" slack="0"/>
<pin id="251" dir="1" index="3" bw="3" slack="0"/>
</pin_list>
<bind>
<opcode="getelementptr(29) " fcode="getelementptr"/>
<opset="in_block_5_addr/2 "/>
</bind>
</comp>

<comp id="254" class="1004" name="in_block_6_addr_gep_fu_254">
<pin_list>
<pin id="255" dir="0" index="0" bw="16" slack="0"/>
<pin id="256" dir="0" index="1" bw="1" slack="0"/>
<pin id="257" dir="0" index="2" bw="4" slack="0"/>
<pin id="258" dir="1" index="3" bw="3" slack="0"/>
</pin_list>
<bind>
<opcode="getelementptr(29) " fcode="getelementptr"/>
<opset="in_block_6_addr/2 "/>
</bind>
</comp>

<comp id="261" class="1004" name="in_block_7_addr_gep_fu_261">
<pin_list>
<pin id="262" dir="0" index="0" bw="16" slack="0"/>
<pin id="263" dir="0" index="1" bw="1" slack="0"/>
<pin id="264" dir="0" index="2" bw="4" slack="0"/>
<pin id="265" dir="1" index="3" bw="3" slack="0"/>
</pin_list>
<bind>
<opcode="getelementptr(29) " fcode="getelementptr"/>
<opset="in_block_7_addr/2 "/>
</bind>
</comp>

<comp id="268" class="1004" name="grp_access_fu_268">
<pin_list>
<pin id="269" dir="0" index="0" bw="3" slack="0"/>
<pin id="270" dir="0" index="1" bw="16" slack="2147483647"/>
<pin id="271" dir="0" index="2" bw="0" slack="2147483647"/>
<pin id="272" dir="1" index="3" bw="16" slack="0"/>
</pin_list>
<bind>
<opcode="load(27) " fcode="load"/>
<opset="in_block_0_load_7/2 in_block_0_load_6/2 in_block_0_load_5/2 in_block_0_load_4/2 in_block_0_load_3/2 in_block_0_load_2/2 in_block_0_load_1/2 in_block_0_load/2 "/>
</bind>
</comp>

<comp id="274" class="1004" name="grp_access_fu_274">
<pin_list>
<pin id="275" dir="0" index="0" bw="3" slack="0"/>
<pin id="276" dir="0" index="1" bw="16" slack="2147483647"/>
<pin id="277" dir="0" index="2" bw="0" slack="2147483647"/>
<pin id="278" dir="1" index="3" bw="16" slack="0"/>
</pin_list>
<bind>
<opcode="load(27) " fcode="load"/>
<opset="in_block_1_load_7/2 in_block_1_load_6/2 in_block_1_load_5/2 in_block_1_load_4/2 in_block_1_load_3/2 in_block_1_load_2/2 in_block_1_load_1/2 in_block_1_load/2 "/>
</bind>
</comp>

<comp id="280" class="1004" name="grp_access_fu_280">
<pin_list>
<pin id="281" dir="0" index="0" bw="3" slack="0"/>
<pin id="282" dir="0" index="1" bw="16" slack="2147483647"/>
<pin id="283" dir="0" index="2" bw="0" slack="2147483647"/>
<pin id="284" dir="1" index="3" bw="16" slack="0"/>
</pin_list>
<bind>
<opcode="load(27) " fcode="load"/>
<opset="in_block_2_load_7/2 in_block_2_load_6/2 in_block_2_load_5/2 in_block_2_load_4/2 in_block_2_load_3/2 in_block_2_load_2/2 in_block_2_load_1/2 in_block_2_load/2 "/>
</bind>
</comp>

<comp id="286" class="1004" name="grp_access_fu_286">
<pin_list>
<pin id="287" dir="0" index="0" bw="3" slack="0"/>
<pin id="288" dir="0" index="1" bw="16" slack="2147483647"/>
<pin id="289" dir="0" index="2" bw="0" slack="2147483647"/>
<pin id="290" dir="1" index="3" bw="16" slack="0"/>
</pin_list>
<bind>
<opcode="load(27) " fcode="load"/>
<opset="in_block_3_load_7/2 in_block_3_load_6/2 in_block_3_load_5/2 in_block_3_load_4/2 in_block_3_load_3/2 in_block_3_load_2/2 in_block_3_load_1/2 in_block_3_load/2 "/>
</bind>
</comp>

<comp id="292" class="1004" name="grp_access_fu_292">
<pin_list>
<pin id="293" dir="0" index="0" bw="3" slack="0"/>
<pin id="294" dir="0" index="1" bw="16" slack="2147483647"/>
<pin id="295" dir="0" index="2" bw="0" slack="2147483647"/>
<pin id="296" dir="1" index="3" bw="16" slack="0"/>
</pin_list>
<bind>
<opcode="load(27) " fcode="load"/>
<opset="in_block_4_load_7/2 in_block_4_load_6/2 in_block_4_load_5/2 in_block_4_load_4/2 in_block_4_load_3/2 in_block_4_load_2/2 in_block_4_load_1/2 in_block_4_load/2 "/>
</bind>
</comp>

<comp id="298" class="1004" name="grp_access_fu_298">
<pin_list>
<pin id="299" dir="0" index="0" bw="3" slack="0"/>
<pin id="300" dir="0" index="1" bw="16" slack="2147483647"/>
<pin id="301" dir="0" index="2" bw="0" slack="2147483647"/>
<pin id="302" dir="1" index="3" bw="16" slack="0"/>
</pin_list>
<bind>
<opcode="load(27) " fcode="load"/>
<opset="in_block_5_load_7/2 in_block_5_load_6/2 in_block_5_load_5/2 in_block_5_load_4/2 in_block_5_load_3/2 in_block_5_load_2/2 in_block_5_load_1/2 in_block_5_load/2 "/>
</bind>
</comp>

<comp id="304" class="1004" name="grp_access_fu_304">
<pin_list>
<pin id="305" dir="0" index="0" bw="3" slack="0"/>
<pin id="306" dir="0" index="1" bw="16" slack="2147483647"/>
<pin id="307" dir="0" index="2" bw="0" slack="2147483647"/>
<pin id="308" dir="1" index="3" bw="16" slack="0"/>
</pin_list>
<bind>
<opcode="load(27) " fcode="load"/>
<opset="in_block_6_load_7/2 in_block_6_load_6/2 in_block_6_load_5/2 in_block_6_load_4/2 in_block_6_load_3/2 in_block_6_load_2/2 in_block_6_load_1/2 in_block_6_load/2 "/>
</bind>
</comp>

<comp id="310" class="1004" name="grp_access_fu_310">
<pin_list>
<pin id="311" dir="0" index="0" bw="3" slack="0"/>
<pin id="312" dir="0" index="1" bw="16" slack="2147483647"/>
<pin id="313" dir="0" index="2" bw="0" slack="2147483647"/>
<pin id="314" dir="1" index="3" bw="16" slack="0"/>
</pin_list>
<bind>
<opcode="load(27) " fcode="load"/>
<opset="in_block_7_load_7/2 in_block_7_load_6/2 in_block_7_load_5/2 in_block_7_load_4/2 in_block_7_load_3/2 in_block_7_load_2/2 in_block_7_load_1/2 in_block_7_load/2 "/>
</bind>
</comp>

<comp id="316" class="1004" name="col_inbuf_addr_gep_fu_316">
<pin_list>
<pin id="317" dir="0" index="0" bw="16" slack="2147483647"/>
<pin id="318" dir="0" index="1" bw="1" slack="0"/>
<pin id="319" dir="0" index="2" bw="4" slack="0"/>
<pin id="320" dir="1" index="3" bw="3" slack="0"/>
</pin_list>
<bind>
<opcode="getelementptr(29) " fcode="getelementptr"/>
<opset="col_inbuf_addr/7 "/>
</bind>
</comp>

<comp id="322" class="1004" name="col_inbuf_1_addr_gep_fu_322">
<pin_list>
<pin id="323" dir="0" index="0" bw="16" slack="2147483647"/>
<pin id="324" dir="0" index="1" bw="1" slack="0"/>
<pin id="325" dir="0" index="2" bw="4" slack="0"/>
<pin id="326" dir="1" index="3" bw="3" slack="0"/>
</pin_list>
<bind>
<opcode="getelementptr(29) " fcode="getelementptr"/>
<opset="col_inbuf_1_addr/7 "/>
</bind>
</comp>

<comp id="328" class="1004" name="col_inbuf_2_addr_gep_fu_328">
<pin_list>
<pin id="329" dir="0" index="0" bw="16" slack="2147483647"/>
<pin id="330" dir="0" index="1" bw="1" slack="0"/>
<pin id="331" dir="0" index="2" bw="4" slack="0"/>
<pin id="332" dir="1" index="3" bw="3" slack="0"/>
</pin_list>
<bind>
<opcode="getelementptr(29) " fcode="getelementptr"/>
<opset="col_inbuf_2_addr/7 "/>
</bind>
</comp>

<comp id="334" class="1004" name="col_inbuf_3_addr_gep_fu_334">
<pin_list>
<pin id="335" dir="0" index="0" bw="16" slack="2147483647"/>
<pin id="336" dir="0" index="1" bw="1" slack="0"/>
<pin id="337" dir="0" index="2" bw="4" slack="0"/>
<pin id="338" dir="1" index="3" bw="3" slack="0"/>
</pin_list>
<bind>
<opcode="getelementptr(29) " fcode="getelementptr"/>
<opset="col_inbuf_3_addr/7 "/>
</bind>
</comp>

<comp id="340" class="1004" name="col_inbuf_4_addr_gep_fu_340">
<pin_list>
<pin id="341" dir="0" index="0" bw="16" slack="2147483647"/>
<pin id="342" dir="0" index="1" bw="1" slack="0"/>
<pin id="343" dir="0" index="2" bw="4" slack="0"/>
<pin id="344" dir="1" index="3" bw="3" slack="0"/>
</pin_list>
<bind>
<opcode="getelementptr(29) " fcode="getelementptr"/>
<opset="col_inbuf_4_addr/7 "/>
</bind>
</comp>

<comp id="346" class="1004" name="col_inbuf_5_addr_gep_fu_346">
<pin_list>
<pin id="347" dir="0" index="0" bw="16" slack="2147483647"/>
<pin id="348" dir="0" index="1" bw="1" slack="0"/>
<pin id="349" dir="0" index="2" bw="4" slack="0"/>
<pin id="350" dir="1" index="3" bw="3" slack="0"/>
</pin_list>
<bind>
<opcode="getelementptr(29) " fcode="getelementptr"/>
<opset="col_inbuf_5_addr/7 "/>
</bind>
</comp>

<comp id="352" class="1004" name="col_inbuf_6_addr_gep_fu_352">
<pin_list>
<pin id="353" dir="0" index="0" bw="16" slack="2147483647"/>
<pin id="354" dir="0" index="1" bw="1" slack="0"/>
<pin id="355" dir="0" index="2" bw="4" slack="0"/>
<pin id="356" dir="1" index="3" bw="3" slack="0"/>
</pin_list>
<bind>
<opcode="getelementptr(29) " fcode="getelementptr"/>
<opset="col_inbuf_6_addr/7 "/>
</bind>
</comp>

<comp id="358" class="1004" name="col_inbuf_7_addr_gep_fu_358">
<pin_list>
<pin id="359" dir="0" index="0" bw="16" slack="2147483647"/>
<pin id="360" dir="0" index="1" bw="1" slack="0"/>
<pin id="361" dir="0" index="2" bw="4" slack="0"/>
<pin id="362" dir="1" index="3" bw="3" slack="0"/>
</pin_list>
<bind>
<opcode="getelementptr(29) " fcode="getelementptr"/>
<opset="col_inbuf_7_addr/7 "/>
</bind>
</comp>

<comp id="364" class="1004" name="grp_access_fu_364">
<pin_list>
<pin id="365" dir="0" index="0" bw="3" slack="0"/>
<pin id="366" dir="0" index="1" bw="16" slack="2147483647"/>
<pin id="367" dir="0" index="2" bw="0" slack="2147483647"/>
<pin id="368" dir="1" index="3" bw="16" slack="0"/>
</pin_list>
<bind>
<opcode="load(27) " fcode="load"/>
<opset="col_inbuf_load_7/7 col_inbuf_load_6/7 col_inbuf_load_5/7 col_inbuf_load_4/7 col_inbuf_load_3/7 col_inbuf_load_2/7 col_inbuf_load_1/7 col_inbuf_load/7 "/>
</bind>
</comp>

<comp id="370" class="1004" name="grp_access_fu_370">
<pin_list>
<pin id="371" dir="0" index="0" bw="3" slack="0"/>
<pin id="372" dir="0" index="1" bw="16" slack="2147483647"/>
<pin id="373" dir="0" index="2" bw="0" slack="2147483647"/>
<pin id="374" dir="1" index="3" bw="16" slack="0"/>
</pin_list>
<bind>
<opcode="load(27) " fcode="load"/>
<opset="col_inbuf_1_load_7/7 col_inbuf_1_load_6/7 col_inbuf_1_load_5/7 col_inbuf_1_load_4/7 col_inbuf_1_load_3/7 col_inbuf_1_load_2/7 col_inbuf_1_load_1/7 col_inbuf_1_load/7 "/>
</bind>
</comp>

<comp id="376" class="1004" name="grp_access_fu_376">
<pin_list>
<pin id="377" dir="0" index="0" bw="3" slack="0"/>
<pin id="378" dir="0" index="1" bw="16" slack="2147483647"/>
<pin id="379" dir="0" index="2" bw="0" slack="2147483647"/>
<pin id="380" dir="1" index="3" bw="16" slack="0"/>
</pin_list>
<bind>
<opcode="load(27) " fcode="load"/>
<opset="col_inbuf_2_load_7/7 col_inbuf_2_load_6/7 col_inbuf_2_load_5/7 col_inbuf_2_load_4/7 col_inbuf_2_load_3/7 col_inbuf_2_load_2/7 col_inbuf_2_load_1/7 col_inbuf_2_load/7 "/>
</bind>
</comp>

<comp id="382" class="1004" name="grp_access_fu_382">
<pin_list>
<pin id="383" dir="0" index="0" bw="3" slack="0"/>
<pin id="384" dir="0" index="1" bw="16" slack="2147483647"/>
<pin id="385" dir="0" index="2" bw="0" slack="2147483647"/>
<pin id="386" dir="1" index="3" bw="16" slack="0"/>
</pin_list>
<bind>
<opcode="load(27) " fcode="load"/>
<opset="col_inbuf_3_load_7/7 col_inbuf_3_load_6/7 col_inbuf_3_load_5/7 col_inbuf_3_load_4/7 col_inbuf_3_load_3/7 col_inbuf_3_load_2/7 col_inbuf_3_load_1/7 col_inbuf_3_load/7 "/>
</bind>
</comp>

<comp id="388" class="1004" name="grp_access_fu_388">
<pin_list>
<pin id="389" dir="0" index="0" bw="3" slack="0"/>
<pin id="390" dir="0" index="1" bw="16" slack="2147483647"/>
<pin id="391" dir="0" index="2" bw="0" slack="2147483647"/>
<pin id="392" dir="1" index="3" bw="16" slack="0"/>
</pin_list>
<bind>
<opcode="load(27) " fcode="load"/>
<opset="col_inbuf_4_load_7/7 col_inbuf_4_load_6/7 col_inbuf_4_load_5/7 col_inbuf_4_load_4/7 col_inbuf_4_load_3/7 col_inbuf_4_load_2/7 col_inbuf_4_load_1/7 col_inbuf_4_load/7 "/>
</bind>
</comp>

<comp id="394" class="1004" name="grp_access_fu_394">
<pin_list>
<pin id="395" dir="0" index="0" bw="3" slack="0"/>
<pin id="396" dir="0" index="1" bw="16" slack="2147483647"/>
<pin id="397" dir="0" index="2" bw="0" slack="2147483647"/>
<pin id="398" dir="1" index="3" bw="16" slack="0"/>
</pin_list>
<bind>
<opcode="load(27) " fcode="load"/>
<opset="col_inbuf_5_load_7/7 col_inbuf_5_load_6/7 col_inbuf_5_load_5/7 col_inbuf_5_load_4/7 col_inbuf_5_load_3/7 col_inbuf_5_load_2/7 col_inbuf_5_load_1/7 col_inbuf_5_load/7 "/>
</bind>
</comp>

<comp id="400" class="1004" name="grp_access_fu_400">
<pin_list>
<pin id="401" dir="0" index="0" bw="3" slack="0"/>
<pin id="402" dir="0" index="1" bw="16" slack="2147483647"/>
<pin id="403" dir="0" index="2" bw="0" slack="2147483647"/>
<pin id="404" dir="1" index="3" bw="16" slack="0"/>
</pin_list>
<bind>
<opcode="load(27) " fcode="load"/>
<opset="col_inbuf_6_load_7/7 col_inbuf_6_load_6/7 col_inbuf_6_load_5/7 col_inbuf_6_load_4/7 col_inbuf_6_load_3/7 col_inbuf_6_load_2/7 col_inbuf_6_load_1/7 col_inbuf_6_load/7 "/>
</bind>
</comp>

<comp id="406" class="1004" name="grp_access_fu_406">
<pin_list>
<pin id="407" dir="0" index="0" bw="3" slack="0"/>
<pin id="408" dir="0" index="1" bw="16" slack="2147483647"/>
<pin id="409" dir="0" index="2" bw="0" slack="2147483647"/>
<pin id="410" dir="1" index="3" bw="16" slack="0"/>
</pin_list>
<bind>
<opcode="load(27) " fcode="load"/>
<opset="col_inbuf_7_load_7/7 col_inbuf_7_load_6/7 col_inbuf_7_load_5/7 col_inbuf_7_load_4/7 col_inbuf_7_load_3/7 col_inbuf_7_load_2/7 col_inbuf_7_load_1/7 col_inbuf_7_load/7 "/>
</bind>
</comp>

<comp id="412" class="1004" name="grp_dct_2d_Pipeline_Xpose_Row_Outer_Loop_fu_412">
<pin_list>
<pin id="413" dir="0" index="0" bw="0" slack="0"/>
<pin id="414" dir="0" index="1" bw="16" slack="2147483647"/>
<pin id="415" dir="0" index="2" bw="16" slack="2147483647"/>
<pin id="416" dir="0" index="3" bw="16" slack="2147483647"/>
<pin id="417" dir="0" index="4" bw="16" slack="2147483647"/>
<pin id="418" dir="0" index="5" bw="16" slack="2147483647"/>
<pin id="419" dir="0" index="6" bw="16" slack="2147483647"/>
<pin id="420" dir="0" index="7" bw="16" slack="2147483647"/>
<pin id="421" dir="0" index="8" bw="16" slack="2147483647"/>
<pin id="422" dir="0" index="9" bw="16" slack="2147483647"/>
<pin id="423" dir="0" index="10" bw="16" slack="2147483647"/>
<pin id="424" dir="0" index="11" bw="16" slack="2147483647"/>
<pin id="425" dir="0" index="12" bw="16" slack="2147483647"/>
<pin id="426" dir="0" index="13" bw="16" slack="2147483647"/>
<pin id="427" dir="0" index="14" bw="16" slack="2147483647"/>
<pin id="428" dir="0" index="15" bw="16" slack="2147483647"/>
<pin id="429" dir="0" index="16" bw="16" slack="2147483647"/>
<pin id="430" dir="1" index="17" bw="0" slack="2147483647"/>
</pin_list>
<bind>
<opcode="call(48) " fcode="call"/>
<opset="call_ln0/2 "/>
</bind>
</comp>

<comp id="432" class="1004" name="grp_dct_1d_11_12_fu_432">
<pin_list>
<pin id="433" dir="0" index="0" bw="0" slack="0"/>
<pin id="434" dir="0" index="1" bw="16" slack="0"/>
<pin id="435" dir="0" index="2" bw="16" slack="0"/>
<pin id="436" dir="0" index="3" bw="16" slack="0"/>
<pin id="437" dir="0" index="4" bw="16" slack="0"/>
<pin id="438" dir="0" index="5" bw="16" slack="0"/>
<pin id="439" dir="0" index="6" bw="16" slack="0"/>
<pin id="440" dir="0" index="7" bw="16" slack="0"/>
<pin id="441" dir="0" index="8" bw="16" slack="0"/>
<pin id="442" dir="0" index="9" bw="16" slack="2147483647"/>
<pin id="443" dir="0" index="10" bw="14" slack="0"/>
<pin id="444" dir="0" index="11" bw="15" slack="0"/>
<pin id="445" dir="0" index="12" bw="15" slack="0"/>
<pin id="446" dir="0" index="13" bw="15" slack="0"/>
<pin id="447" dir="0" index="14" bw="15" slack="0"/>
<pin id="448" dir="0" index="15" bw="15" slack="0"/>
<pin id="449" dir="0" index="16" bw="15" slack="0"/>
<pin id="450" dir="0" index="17" bw="15" slack="0"/>
<pin id="451" dir="1" index="18" bw="0" slack="2147483647"/>
</pin_list>
<bind>
<opcode="call(48) " fcode="call"/>
<opset="call_ln65/3 call_ln65/3 call_ln65/3 call_ln65/3 call_ln65/3 call_ln65/3 call_ln65/3 call_ln65/3 "/>
</bind>
</comp>

<comp id="469" class="1004" name="grp_dct_2d_Pipeline_Xpose_Col_Outer_Loop_fu_469">
<pin_list>
<pin id="470" dir="0" index="0" bw="0" slack="0"/>
<pin id="471" dir="0" index="1" bw="16" slack="0"/>
<pin id="472" dir="0" index="2" bw="16" slack="0"/>
<pin id="473" dir="0" index="3" bw="16" slack="0"/>
<pin id="474" dir="0" index="4" bw="16" slack="0"/>
<pin id="475" dir="0" index="5" bw="16" slack="0"/>
<pin id="476" dir="0" index="6" bw="16" slack="0"/>
<pin id="477" dir="0" index="7" bw="16" slack="0"/>
<pin id="478" dir="0" index="8" bw="16" slack="0"/>
<pin id="479" dir="0" index="9" bw="16" slack="2147483647"/>
<pin id="480" dir="0" index="10" bw="16" slack="2147483647"/>
<pin id="481" dir="0" index="11" bw="16" slack="2147483647"/>
<pin id="482" dir="0" index="12" bw="16" slack="2147483647"/>
<pin id="483" dir="0" index="13" bw="16" slack="2147483647"/>
<pin id="484" dir="0" index="14" bw="16" slack="2147483647"/>
<pin id="485" dir="0" index="15" bw="16" slack="2147483647"/>
<pin id="486" dir="0" index="16" bw="16" slack="2147483647"/>
<pin id="487" dir="1" index="17" bw="0" slack="2147483647"/>
</pin_list>
<bind>
<opcode="call(48) " fcode="call"/>
<opset="call_ln0/7 "/>
</bind>
</comp>

<comp id="497" class="1004" name="grp_dct_1d_6_7_fu_497">
<pin_list>
<pin id="498" dir="0" index="0" bw="0" slack="0"/>
<pin id="499" dir="0" index="1" bw="16" slack="0"/>
<pin id="500" dir="0" index="2" bw="16" slack="0"/>
<pin id="501" dir="0" index="3" bw="16" slack="0"/>
<pin id="502" dir="0" index="4" bw="16" slack="0"/>
<pin id="503" dir="0" index="5" bw="16" slack="0"/>
<pin id="504" dir="0" index="6" bw="16" slack="0"/>
<pin id="505" dir="0" index="7" bw="16" slack="0"/>
<pin id="506" dir="0" index="8" bw="16" slack="0"/>
<pin id="507" dir="0" index="9" bw="16" slack="2147483647"/>
<pin id="508" dir="0" index="10" bw="14" slack="0"/>
<pin id="509" dir="0" index="11" bw="15" slack="0"/>
<pin id="510" dir="0" index="12" bw="15" slack="0"/>
<pin id="511" dir="0" index="13" bw="15" slack="0"/>
<pin id="512" dir="0" index="14" bw="15" slack="0"/>
<pin id="513" dir="0" index="15" bw="15" slack="0"/>
<pin id="514" dir="0" index="16" bw="15" slack="0"/>
<pin id="515" dir="0" index="17" bw="15" slack="0"/>
<pin id="516" dir="1" index="18" bw="0" slack="2147483647"/>
</pin_list>
<bind>
<opcode="call(48) " fcode="call"/>
<opset="call_ln81/8 call_ln81/8 call_ln81/8 call_ln81/8 call_ln81/8 call_ln81/8 call_ln81/8 call_ln81/8 "/>
</bind>
</comp>

<comp id="534" class="1005" name="reg_534">
<pin_list>
<pin id="535" dir="0" index="0" bw="16" slack="1"/>
<pin id="536" dir="1" index="1" bw="16" slack="1"/>
</pin_list>
<bind>
<opset="in_block_0_load_7 in_block_0_load_6 in_block_0_load_5 in_block_0_load_4 in_block_0_load_3 in_block_0_load_2 in_block_0_load_1 in_block_0_load "/>
</bind>
</comp>

<comp id="539" class="1005" name="reg_539">
<pin_list>
<pin id="540" dir="0" index="0" bw="16" slack="1"/>
<pin id="541" dir="1" index="1" bw="16" slack="1"/>
</pin_list>
<bind>
<opset="in_block_1_load_7 in_block_1_load_6 in_block_1_load_5 in_block_1_load_4 in_block_1_load_3 in_block_1_load_2 in_block_1_load_1 in_block_1_load "/>
</bind>
</comp>

<comp id="544" class="1005" name="reg_544">
<pin_list>
<pin id="545" dir="0" index="0" bw="16" slack="1"/>
<pin id="546" dir="1" index="1" bw="16" slack="1"/>
</pin_list>
<bind>
<opset="in_block_2_load_7 in_block_2_load_6 in_block_2_load_5 in_block_2_load_4 in_block_2_load_3 in_block_2_load_2 in_block_2_load_1 in_block_2_load "/>
</bind>
</comp>

<comp id="549" class="1005" name="reg_549">
<pin_list>
<pin id="550" dir="0" index="0" bw="16" slack="1"/>
<pin id="551" dir="1" index="1" bw="16" slack="1"/>
</pin_list>
<bind>
<opset="in_block_3_load_7 in_block_3_load_6 in_block_3_load_5 in_block_3_load_4 in_block_3_load_3 in_block_3_load_2 in_block_3_load_1 in_block_3_load "/>
</bind>
</comp>

<comp id="554" class="1005" name="reg_554">
<pin_list>
<pin id="555" dir="0" index="0" bw="16" slack="1"/>
<pin id="556" dir="1" index="1" bw="16" slack="1"/>
</pin_list>
<bind>
<opset="in_block_4_load_7 in_block_4_load_6 in_block_4_load_5 in_block_4_load_4 in_block_4_load_3 in_block_4_load_2 in_block_4_load_1 in_block_4_load "/>
</bind>
</comp>

<comp id="559" class="1005" name="reg_559">
<pin_list>
<pin id="560" dir="0" index="0" bw="16" slack="1"/>
<pin id="561" dir="1" index="1" bw="16" slack="1"/>
</pin_list>
<bind>
<opset="in_block_5_load_7 in_block_5_load_6 in_block_5_load_5 in_block_5_load_4 in_block_5_load_3 in_block_5_load_2 in_block_5_load_1 in_block_5_load "/>
</bind>
</comp>

<comp id="564" class="1005" name="reg_564">
<pin_list>
<pin id="565" dir="0" index="0" bw="16" slack="1"/>
<pin id="566" dir="1" index="1" bw="16" slack="1"/>
</pin_list>
<bind>
<opset="in_block_6_load_7 in_block_6_load_6 in_block_6_load_5 in_block_6_load_4 in_block_6_load_3 in_block_6_load_2 in_block_6_load_1 in_block_6_load "/>
</bind>
</comp>

<comp id="569" class="1005" name="reg_569">
<pin_list>
<pin id="570" dir="0" index="0" bw="16" slack="1"/>
<pin id="571" dir="1" index="1" bw="16" slack="1"/>
</pin_list>
<bind>
<opset="in_block_7_load_7 in_block_7_load_6 in_block_7_load_5 in_block_7_load_4 in_block_7_load_3 in_block_7_load_2 in_block_7_load_1 in_block_7_load "/>
</bind>
</comp>

<comp id="574" class="1005" name="reg_574">
<pin_list>
<pin id="575" dir="0" index="0" bw="16" slack="1"/>
<pin id="576" dir="1" index="1" bw="16" slack="1"/>
</pin_list>
<bind>
<opset="col_inbuf_load_7 col_inbuf_load_6 col_inbuf_load_5 col_inbuf_load_4 col_inbuf_load_3 col_inbuf_load_2 col_inbuf_load_1 col_inbuf_load "/>
</bind>
</comp>

<comp id="579" class="1005" name="reg_579">
<pin_list>
<pin id="580" dir="0" index="0" bw="16" slack="1"/>
<pin id="581" dir="1" index="1" bw="16" slack="1"/>
</pin_list>
<bind>
<opset="col_inbuf_1_load_7 col_inbuf_1_load_6 col_inbuf_1_load_5 col_inbuf_1_load_4 col_inbuf_1_load_3 col_inbuf_1_load_2 col_inbuf_1_load_1 col_inbuf_1_load "/>
</bind>
</comp>

<comp id="584" class="1005" name="reg_584">
<pin_list>
<pin id="585" dir="0" index="0" bw="16" slack="1"/>
<pin id="586" dir="1" index="1" bw="16" slack="1"/>
</pin_list>
<bind>
<opset="col_inbuf_2_load_7 col_inbuf_2_load_6 col_inbuf_2_load_5 col_inbuf_2_load_4 col_inbuf_2_load_3 col_inbuf_2_load_2 col_inbuf_2_load_1 col_inbuf_2_load "/>
</bind>
</comp>

<comp id="589" class="1005" name="reg_589">
<pin_list>
<pin id="590" dir="0" index="0" bw="16" slack="1"/>
<pin id="591" dir="1" index="1" bw="16" slack="1"/>
</pin_list>
<bind>
<opset="col_inbuf_3_load_7 col_inbuf_3_load_6 col_inbuf_3_load_5 col_inbuf_3_load_4 col_inbuf_3_load_3 col_inbuf_3_load_2 col_inbuf_3_load_1 col_inbuf_3_load "/>
</bind>
</comp>

<comp id="594" class="1005" name="reg_594">
<pin_list>
<pin id="595" dir="0" index="0" bw="16" slack="1"/>
<pin id="596" dir="1" index="1" bw="16" slack="1"/>
</pin_list>
<bind>
<opset="col_inbuf_4_load_7 col_inbuf_4_load_6 col_inbuf_4_load_5 col_inbuf_4_load_4 col_inbuf_4_load_3 col_inbuf_4_load_2 col_inbuf_4_load_1 col_inbuf_4_load "/>
</bind>
</comp>

<comp id="599" class="1005" name="reg_599">
<pin_list>
<pin id="600" dir="0" index="0" bw="16" slack="1"/>
<pin id="601" dir="1" index="1" bw="16" slack="1"/>
</pin_list>
<bind>
<opset="col_inbuf_5_load_7 col_inbuf_5_load_6 col_inbuf_5_load_5 col_inbuf_5_load_4 col_inbuf_5_load_3 col_inbuf_5_load_2 col_inbuf_5_load_1 col_inbuf_5_load "/>
</bind>
</comp>

<comp id="604" class="1005" name="reg_604">
<pin_list>
<pin id="605" dir="0" index="0" bw="16" slack="1"/>
<pin id="606" dir="1" index="1" bw="16" slack="1"/>
</pin_list>
<bind>
<opset="col_inbuf_6_load_7 col_inbuf_6_load_6 col_inbuf_6_load_5 col_inbuf_6_load_4 col_inbuf_6_load_3 col_inbuf_6_load_2 col_inbuf_6_load_1 col_inbuf_6_load "/>
</bind>
</comp>

<comp id="609" class="1005" name="reg_609">
<pin_list>
<pin id="610" dir="0" index="0" bw="16" slack="1"/>
<pin id="611" dir="1" index="1" bw="16" slack="1"/>
</pin_list>
<bind>
<opset="col_inbuf_7_load_7 col_inbuf_7_load_6 col_inbuf_7_load_5 col_inbuf_7_load_4 col_inbuf_7_load_3 col_inbuf_7_load_2 col_inbuf_7_load_1 col_inbuf_7_load "/>
</bind>
</comp>

<comp id="614" class="1004" name="store_ln59_store_fu_614">
<pin_list>
<pin id="615" dir="0" index="0" bw="1" slack="0"/>
<pin id="616" dir="0" index="1" bw="4" slack="0"/>
<pin id="617" dir="1" index="2" bw="0" slack="2147483647"/>
</pin_list>
<bind>
<opcode="store(28) " fcode="store"/>
<opset="store_ln59/1 "/>
</bind>
</comp>

<comp id="619" class="1004" name="i_2_load_fu_619">
<pin_list>
<pin id="620" dir="0" index="0" bw="4" slack="1"/>
<pin id="621" dir="1" index="1" bw="4" slack="0"/>
</pin_list>
<bind>
<opcode="load(27) " fcode="load"/>
<opset="i_2/2 "/>
</bind>
</comp>

<comp id="622" class="1004" name="icmp_ln64_fu_622">
<pin_list>
<pin id="623" dir="0" index="0" bw="4" slack="0"/>
<pin id="624" dir="0" index="1" bw="4" slack="0"/>
<pin id="625" dir="1" index="2" bw="1" slack="2147483647"/>
</pin_list>
<bind>
<opcode="icmp(45) " fcode="icmp"/>
<opset="icmp_ln64/2 "/>
</bind>
</comp>

<comp id="628" class="1004" name="add_ln64_fu_628">
<pin_list>
<pin id="629" dir="0" index="0" bw="4" slack="0"/>
<pin id="630" dir="0" index="1" bw="1" slack="0"/>
<pin id="631" dir="1" index="2" bw="4" slack="3"/>
</pin_list>
<bind>
<opcode="add(8) " fcode="add"/>
<opset="add_ln64/2 "/>
</bind>
</comp>

<comp id="634" class="1004" name="zext_ln64_fu_634">
<pin_list>
<pin id="635" dir="0" index="0" bw="4" slack="0"/>
<pin id="636" dir="1" index="1" bw="64" slack="0"/>
</pin_list>
<bind>
<opcode="zext(34) " fcode="zext"/>
<opset="zext_ln64/2 "/>
</bind>
</comp>

<comp id="646" class="1004" name="trunc_ln64_fu_646">
<pin_list>
<pin id="647" dir="0" index="0" bw="4" slack="0"/>
<pin id="648" dir="1" index="1" bw="3" slack="0"/>
</pin_list>
<bind>
<opcode="trunc(33) " fcode="trunc"/>
<opset="trunc_ln64/2 "/>
</bind>
</comp>

<comp id="650" class="1004" name="switch_ln65_fu_650">
<pin_list>
<pin id="651" dir="0" index="0" bw="3" slack="0"/>
<pin id="652" dir="0" index="1" bw="1" slack="0"/>
<pin id="653" dir="0" index="2" bw="1" slack="0"/>
<pin id="654" dir="0" index="3" bw="3" slack="0"/>
<pin id="655" dir="0" index="4" bw="3" slack="0"/>
<pin id="656" dir="0" index="5" bw="3" slack="0"/>
<pin id="657" dir="0" index="6" bw="3" slack="0"/>
<pin id="658" dir="0" index="7" bw="2" slack="0"/>
<pin id="659" dir="1" index="8" bw="0" slack="2147483647"/>
</pin_list>
<bind>
<opcode="switch(3) " fcode="switch"/>
<opset="switch_ln65/2 "/>
</bind>
</comp>

<comp id="668" class="1004" name="store_ln59_store_fu_668">
<pin_list>
<pin id="669" dir="0" index="0" bw="1" slack="0"/>
<pin id="670" dir="0" index="1" bw="4" slack="0"/>
<pin id="671" dir="1" index="2" bw="0" slack="2147483647"/>
</pin_list>
<bind>
<opcode="store(28) " fcode="store"/>
<opset="store_ln59/2 "/>
</bind>
</comp>

<comp id="673" class="1004" name="store_ln59_store_fu_673">
<pin_list>
<pin id="674" dir="0" index="0" bw="4" slack="3"/>
<pin id="675" dir="0" index="1" bw="4" slack="4"/>
<pin id="676" dir="1" index="2" bw="0" slack="2147483647"/>
</pin_list>
<bind>
<opcode="store(28) " fcode="store"/>
<opset="store_ln59/5 "/>
</bind>
</comp>

<comp id="677" class="1004" name="i_3_load_fu_677">
<pin_list>
<pin id="678" dir="0" index="0" bw="4" slack="2"/>
<pin id="679" dir="1" index="1" bw="4" slack="0"/>
</pin_list>
<bind>
<opcode="load(27) " fcode="load"/>
<opset="i_3/7 "/>
</bind>
</comp>

<comp id="680" class="1004" name="icmp_ln80_fu_680">
<pin_list>
<pin id="681" dir="0" index="0" bw="4" slack="0"/>
<pin id="682" dir="0" index="1" bw="4" slack="0"/>
<pin id="683" dir="1" index="2" bw="1" slack="2147483647"/>
</pin_list>
<bind>
<opcode="icmp(45) " fcode="icmp"/>
<opset="icmp_ln80/7 "/>
</bind>
</comp>

<comp id="686" class="1004" name="add_ln80_fu_686">
<pin_list>
<pin id="687" dir="0" index="0" bw="4" slack="0"/>
<pin id="688" dir="0" index="1" bw="1" slack="0"/>
<pin id="689" dir="1" index="2" bw="4" slack="2"/>
</pin_list>
<bind>
<opcode="add(8) " fcode="add"/>
<opset="add_ln80/7 "/>
</bind>
</comp>

<comp id="692" class="1004" name="zext_ln80_fu_692">
<pin_list>
<pin id="693" dir="0" index="0" bw="4" slack="0"/>
<pin id="694" dir="1" index="1" bw="64" slack="0"/>
</pin_list>
<bind>
<opcode="zext(34) " fcode="zext"/>
<opset="zext_ln80/7 "/>
</bind>
</comp>

<comp id="704" class="1004" name="trunc_ln80_fu_704">
<pin_list>
<pin id="705" dir="0" index="0" bw="4" slack="0"/>
<pin id="706" dir="1" index="1" bw="3" slack="0"/>
</pin_list>
<bind>
<opcode="trunc(33) " fcode="trunc"/>
<opset="trunc_ln80/7 "/>
</bind>
</comp>

<comp id="708" class="1004" name="switch_ln81_fu_708">
<pin_list>
<pin id="709" dir="0" index="0" bw="3" slack="0"/>
<pin id="710" dir="0" index="1" bw="1" slack="0"/>
<pin id="711" dir="0" index="2" bw="1" slack="0"/>
<pin id="712" dir="0" index="3" bw="3" slack="0"/>
<pin id="713" dir="0" index="4" bw="3" slack="0"/>
<pin id="714" dir="0" index="5" bw="3" slack="0"/>
<pin id="715" dir="0" index="6" bw="3" slack="0"/>
<pin id="716" dir="0" index="7" bw="2" slack="0"/>
<pin id="717" dir="1" index="8" bw="0" slack="2147483647"/>
</pin_list>
<bind>
<opcode="switch(3) " fcode="switch"/>
<opset="switch_ln81/7 "/>
</bind>
</comp>

<comp id="726" class="1004" name="store_ln59_store_fu_726">
<pin_list>
<pin id="727" dir="0" index="0" bw="4" slack="2"/>
<pin id="728" dir="0" index="1" bw="4" slack="4"/>
<pin id="729" dir="1" index="2" bw="0" slack="2147483647"/>
</pin_list>
<bind>
<opcode="store(28) " fcode="store"/>
<opset="store_ln59/9 "/>
</bind>
</comp>

<comp id="730" class="1005" name="i_reg_730">
<pin_list>
<pin id="731" dir="0" index="0" bw="4" slack="0"/>
<pin id="732" dir="1" index="1" bw="4" slack="0"/>
</pin_list>
<bind>
<opset="i "/>
</bind>
</comp>

<comp id="740" class="1005" name="add_ln64_reg_740">
<pin_list>
<pin id="741" dir="0" index="0" bw="4" slack="3"/>
<pin id="742" dir="1" index="1" bw="4" slack="3"/>
</pin_list>
<bind>
<opset="add_ln64 "/>
</bind>
</comp>

<comp id="745" class="1005" name="trunc_ln64_reg_745">
<pin_list>
<pin id="746" dir="0" index="0" bw="3" slack="1"/>
<pin id="747" dir="1" index="1" bw="3" slack="2147483647"/>
</pin_list>
<bind>
<opset="trunc_ln64 "/>
</bind>
</comp>

<comp id="749" class="1005" name="in_block_0_addr_reg_749">
<pin_list>
<pin id="750" dir="0" index="0" bw="3" slack="1"/>
<pin id="751" dir="1" index="1" bw="3" slack="1"/>
</pin_list>
<bind>
<opset="in_block_0_addr "/>
</bind>
</comp>

<comp id="754" class="1005" name="in_block_1_addr_reg_754">
<pin_list>
<pin id="755" dir="0" index="0" bw="3" slack="1"/>
<pin id="756" dir="1" index="1" bw="3" slack="1"/>
</pin_list>
<bind>
<opset="in_block_1_addr "/>
</bind>
</comp>

<comp id="759" class="1005" name="in_block_2_addr_reg_759">
<pin_list>
<pin id="760" dir="0" index="0" bw="3" slack="1"/>
<pin id="761" dir="1" index="1" bw="3" slack="1"/>
</pin_list>
<bind>
<opset="in_block_2_addr "/>
</bind>
</comp>

<comp id="764" class="1005" name="in_block_3_addr_reg_764">
<pin_list>
<pin id="765" dir="0" index="0" bw="3" slack="1"/>
<pin id="766" dir="1" index="1" bw="3" slack="1"/>
</pin_list>
<bind>
<opset="in_block_3_addr "/>
</bind>
</comp>

<comp id="769" class="1005" name="in_block_4_addr_reg_769">
<pin_list>
<pin id="770" dir="0" index="0" bw="3" slack="1"/>
<pin id="771" dir="1" index="1" bw="3" slack="1"/>
</pin_list>
<bind>
<opset="in_block_4_addr "/>
</bind>
</comp>

<comp id="774" class="1005" name="in_block_5_addr_reg_774">
<pin_list>
<pin id="775" dir="0" index="0" bw="3" slack="1"/>
<pin id="776" dir="1" index="1" bw="3" slack="1"/>
</pin_list>
<bind>
<opset="in_block_5_addr "/>
</bind>
</comp>

<comp id="779" class="1005" name="in_block_6_addr_reg_779">
<pin_list>
<pin id="780" dir="0" index="0" bw="3" slack="1"/>
<pin id="781" dir="1" index="1" bw="3" slack="1"/>
</pin_list>
<bind>
<opset="in_block_6_addr "/>
</bind>
</comp>

<comp id="784" class="1005" name="in_block_7_addr_reg_784">
<pin_list>
<pin id="785" dir="0" index="0" bw="3" slack="1"/>
<pin id="786" dir="1" index="1" bw="3" slack="1"/>
</pin_list>
<bind>
<opset="in_block_7_addr "/>
</bind>
</comp>

<comp id="789" class="1005" name="i_1_reg_789">
<pin_list>
<pin id="790" dir="0" index="0" bw="4" slack="0"/>
<pin id="791" dir="1" index="1" bw="4" slack="0"/>
</pin_list>
<bind>
<opset="i_1 "/>
</bind>
</comp>

<comp id="799" class="1005" name="add_ln80_reg_799">
<pin_list>
<pin id="800" dir="0" index="0" bw="4" slack="2"/>
<pin id="801" dir="1" index="1" bw="4" slack="2"/>
</pin_list>
<bind>
<opset="add_ln80 "/>
</bind>
</comp>

<comp id="804" class="1005" name="trunc_ln80_reg_804">
<pin_list>
<pin id="805" dir="0" index="0" bw="3" slack="1"/>
<pin id="806" dir="1" index="1" bw="3" slack="2147483647"/>
</pin_list>
<bind>
<opset="trunc_ln80 "/>
</bind>
</comp>

<comp id="808" class="1005" name="col_inbuf_addr_reg_808">
<pin_list>
<pin id="809" dir="0" index="0" bw="3" slack="1"/>
<pin id="810" dir="1" index="1" bw="3" slack="1"/>
</pin_list>
<bind>
<opset="col_inbuf_addr "/>
</bind>
</comp>

<comp id="813" class="1005" name="col_inbuf_1_addr_reg_813">
<pin_list>
<pin id="814" dir="0" index="0" bw="3" slack="1"/>
<pin id="815" dir="1" index="1" bw="3" slack="1"/>
</pin_list>
<bind>
<opset="col_inbuf_1_addr "/>
</bind>
</comp>

<comp id="818" class="1005" name="col_inbuf_2_addr_reg_818">
<pin_list>
<pin id="819" dir="0" index="0" bw="3" slack="1"/>
<pin id="820" dir="1" index="1" bw="3" slack="1"/>
</pin_list>
<bind>
<opset="col_inbuf_2_addr "/>
</bind>
</comp>

<comp id="823" class="1005" name="col_inbuf_3_addr_reg_823">
<pin_list>
<pin id="824" dir="0" index="0" bw="3" slack="1"/>
<pin id="825" dir="1" index="1" bw="3" slack="1"/>
</pin_list>
<bind>
<opset="col_inbuf_3_addr "/>
</bind>
</comp>

<comp id="828" class="1005" name="col_inbuf_4_addr_reg_828">
<pin_list>
<pin id="829" dir="0" index="0" bw="3" slack="1"/>
<pin id="830" dir="1" index="1" bw="3" slack="1"/>
</pin_list>
<bind>
<opset="col_inbuf_4_addr "/>
</bind>
</comp>

<comp id="833" class="1005" name="col_inbuf_5_addr_reg_833">
<pin_list>
<pin id="834" dir="0" index="0" bw="3" slack="1"/>
<pin id="835" dir="1" index="1" bw="3" slack="1"/>
</pin_list>
<bind>
<opset="col_inbuf_5_addr "/>
</bind>
</comp>

<comp id="838" class="1005" name="col_inbuf_6_addr_reg_838">
<pin_list>
<pin id="839" dir="0" index="0" bw="3" slack="1"/>
<pin id="840" dir="1" index="1" bw="3" slack="1"/>
</pin_list>
<bind>
<opset="col_inbuf_6_addr "/>
</bind>
</comp>

<comp id="843" class="1005" name="col_inbuf_7_addr_reg_843">
<pin_list>
<pin id="844" dir="0" index="0" bw="3" slack="1"/>
<pin id="845" dir="1" index="1" bw="3" slack="1"/>
</pin_list>
<bind>
<opset="col_inbuf_7_addr "/>
</bind>
</comp>

</comp_list>

<net_list>
<net id="111"><net_src comp="64" pin="0"/><net_sink comp="108" pin=0"/></net>

<net id="115"><net_src comp="66" pin="0"/><net_sink comp="112" pin=0"/></net>

<net id="119"><net_src comp="66" pin="0"/><net_sink comp="116" pin=0"/></net>

<net id="123"><net_src comp="66" pin="0"/><net_sink comp="120" pin=0"/></net>

<net id="127"><net_src comp="66" pin="0"/><net_sink comp="124" pin=0"/></net>

<net id="131"><net_src comp="66" pin="0"/><net_sink comp="128" pin=0"/></net>

<net id="135"><net_src comp="66" pin="0"/><net_sink comp="132" pin=0"/></net>

<net id="139"><net_src comp="66" pin="0"/><net_sink comp="136" pin=0"/></net>

<net id="143"><net_src comp="66" pin="0"/><net_sink comp="140" pin=0"/></net>

<net id="147"><net_src comp="66" pin="0"/><net_sink comp="144" pin=0"/></net>

<net id="151"><net_src comp="66" pin="0"/><net_sink comp="148" pin=0"/></net>

<net id="155"><net_src comp="66" pin="0"/><net_sink comp="152" pin=0"/></net>

<net id="159"><net_src comp="66" pin="0"/><net_sink comp="156" pin=0"/></net>

<net id="163"><net_src comp="66" pin="0"/><net_sink comp="160" pin=0"/></net>

<net id="167"><net_src comp="66" pin="0"/><net_sink comp="164" pin=0"/></net>

<net id="171"><net_src comp="66" pin="0"/><net_sink comp="168" pin=0"/></net>

<net id="175"><net_src comp="66" pin="0"/><net_sink comp="172" pin=0"/></net>

<net id="179"><net_src comp="66" pin="0"/><net_sink comp="176" pin=0"/></net>

<net id="183"><net_src comp="66" pin="0"/><net_sink comp="180" pin=0"/></net>

<net id="187"><net_src comp="66" pin="0"/><net_sink comp="184" pin=0"/></net>

<net id="191"><net_src comp="66" pin="0"/><net_sink comp="188" pin=0"/></net>

<net id="195"><net_src comp="66" pin="0"/><net_sink comp="192" pin=0"/></net>

<net id="199"><net_src comp="66" pin="0"/><net_sink comp="196" pin=0"/></net>

<net id="203"><net_src comp="66" pin="0"/><net_sink comp="200" pin=0"/></net>

<net id="207"><net_src comp="66" pin="0"/><net_sink comp="204" pin=0"/></net>

<net id="211"><net_src comp="64" pin="0"/><net_sink comp="208" pin=0"/></net>

<net id="217"><net_src comp="0" pin="0"/><net_sink comp="212" pin=0"/></net>

<net id="218"><net_src comp="82" pin="0"/><net_sink comp="212" pin=1"/></net>

<net id="224"><net_src comp="2" pin="0"/><net_sink comp="219" pin=0"/></net>

<net id="225"><net_src comp="82" pin="0"/><net_sink comp="219" pin=1"/></net>

<net id="231"><net_src comp="4" pin="0"/><net_sink comp="226" pin=0"/></net>

<net id="232"><net_src comp="82" pin="0"/><net_sink comp="226" pin=1"/></net>

<net id="238"><net_src comp="6" pin="0"/><net_sink comp="233" pin=0"/></net>

<net id="239"><net_src comp="82" pin="0"/><net_sink comp="233" pin=1"/></net>

<net id="245"><net_src comp="8" pin="0"/><net_sink comp="240" pin=0"/></net>

<net id="246"><net_src comp="82" pin="0"/><net_sink comp="240" pin=1"/></net>

<net id="252"><net_src comp="10" pin="0"/><net_sink comp="247" pin=0"/></net>

<net id="253"><net_src comp="82" pin="0"/><net_sink comp="247" pin=1"/></net>

<net id="259"><net_src comp="12" pin="0"/><net_sink comp="254" pin=0"/></net>

<net id="260"><net_src comp="82" pin="0"/><net_sink comp="254" pin=1"/></net>

<net id="266"><net_src comp="14" pin="0"/><net_sink comp="261" pin=0"/></net>

<net id="267"><net_src comp="82" pin="0"/><net_sink comp="261" pin=1"/></net>

<net id="273"><net_src comp="212" pin="3"/><net_sink comp="268" pin=0"/></net>

<net id="279"><net_src comp="219" pin="3"/><net_sink comp="274" pin=0"/></net>

<net id="285"><net_src comp="226" pin="3"/><net_sink comp="280" pin=0"/></net>

<net id="291"><net_src comp="233" pin="3"/><net_sink comp="286" pin=0"/></net>

<net id="297"><net_src comp="240" pin="3"/><net_sink comp="292" pin=0"/></net>

<net id="303"><net_src comp="247" pin="3"/><net_sink comp="298" pin=0"/></net>

<net id="309"><net_src comp="254" pin="3"/><net_sink comp="304" pin=0"/></net>

<net id="315"><net_src comp="261" pin="3"/><net_sink comp="310" pin=0"/></net>

<net id="321"><net_src comp="82" pin="0"/><net_sink comp="316" pin=1"/></net>

<net id="327"><net_src comp="82" pin="0"/><net_sink comp="322" pin=1"/></net>

<net id="333"><net_src comp="82" pin="0"/><net_sink comp="328" pin=1"/></net>

<net id="339"><net_src comp="82" pin="0"/><net_sink comp="334" pin=1"/></net>

<net id="345"><net_src comp="82" pin="0"/><net_sink comp="340" pin=1"/></net>

<net id="351"><net_src comp="82" pin="0"/><net_sink comp="346" pin=1"/></net>

<net id="357"><net_src comp="82" pin="0"/><net_sink comp="352" pin=1"/></net>

<net id="363"><net_src comp="82" pin="0"/><net_sink comp="358" pin=1"/></net>

<net id="369"><net_src comp="316" pin="3"/><net_sink comp="364" pin=0"/></net>

<net id="375"><net_src comp="322" pin="3"/><net_sink comp="370" pin=0"/></net>

<net id="381"><net_src comp="328" pin="3"/><net_sink comp="376" pin=0"/></net>

<net id="387"><net_src comp="334" pin="3"/><net_sink comp="382" pin=0"/></net>

<net id="393"><net_src comp="340" pin="3"/><net_sink comp="388" pin=0"/></net>

<net id="399"><net_src comp="346" pin="3"/><net_sink comp="394" pin=0"/></net>

<net id="405"><net_src comp="352" pin="3"/><net_sink comp="400" pin=0"/></net>

<net id="411"><net_src comp="358" pin="3"/><net_sink comp="406" pin=0"/></net>

<net id="431"><net_src comp="98" pin="0"/><net_sink comp="412" pin=0"/></net>

<net id="452"><net_src comp="100" pin="0"/><net_sink comp="432" pin=0"/></net>

<net id="453"><net_src comp="268" pin="3"/><net_sink comp="432" pin=1"/></net>

<net id="454"><net_src comp="274" pin="3"/><net_sink comp="432" pin=2"/></net>

<net id="455"><net_src comp="280" pin="3"/><net_sink comp="432" pin=3"/></net>

<net id="456"><net_src comp="286" pin="3"/><net_sink comp="432" pin=4"/></net>

<net id="457"><net_src comp="292" pin="3"/><net_sink comp="432" pin=5"/></net>

<net id="458"><net_src comp="298" pin="3"/><net_sink comp="432" pin=6"/></net>

<net id="459"><net_src comp="304" pin="3"/><net_sink comp="432" pin=7"/></net>

<net id="460"><net_src comp="310" pin="3"/><net_sink comp="432" pin=8"/></net>

<net id="461"><net_src comp="32" pin="0"/><net_sink comp="432" pin=10"/></net>

<net id="462"><net_src comp="34" pin="0"/><net_sink comp="432" pin=11"/></net>

<net id="463"><net_src comp="36" pin="0"/><net_sink comp="432" pin=12"/></net>

<net id="464"><net_src comp="38" pin="0"/><net_sink comp="432" pin=13"/></net>

<net id="465"><net_src comp="40" pin="0"/><net_sink comp="432" pin=14"/></net>

<net id="466"><net_src comp="42" pin="0"/><net_sink comp="432" pin=15"/></net>

<net id="467"><net_src comp="44" pin="0"/><net_sink comp="432" pin=16"/></net>

<net id="468"><net_src comp="46" pin="0"/><net_sink comp="432" pin=17"/></net>

<net id="488"><net_src comp="104" pin="0"/><net_sink comp="469" pin=0"/></net>

<net id="489"><net_src comp="30" pin="0"/><net_sink comp="469" pin=1"/></net>

<net id="490"><net_src comp="28" pin="0"/><net_sink comp="469" pin=2"/></net>

<net id="491"><net_src comp="26" pin="0"/><net_sink comp="469" pin=3"/></net>

<net id="492"><net_src comp="24" pin="0"/><net_sink comp="469" pin=4"/></net>

<net id="493"><net_src comp="22" pin="0"/><net_sink comp="469" pin=5"/></net>

<net id="494"><net_src comp="20" pin="0"/><net_sink comp="469" pin=6"/></net>

<net id="495"><net_src comp="18" pin="0"/><net_sink comp="469" pin=7"/></net>

<net id="496"><net_src comp="16" pin="0"/><net_sink comp="469" pin=8"/></net>

<net id="517"><net_src comp="106" pin="0"/><net_sink comp="497" pin=0"/></net>

<net id="518"><net_src comp="364" pin="3"/><net_sink comp="497" pin=1"/></net>

<net id="519"><net_src comp="370" pin="3"/><net_sink comp="497" pin=2"/></net>

<net id="520"><net_src comp="376" pin="3"/><net_sink comp="497" pin=3"/></net>

<net id="521"><net_src comp="382" pin="3"/><net_sink comp="497" pin=4"/></net>

<net id="522"><net_src comp="388" pin="3"/><net_sink comp="497" pin=5"/></net>

<net id="523"><net_src comp="394" pin="3"/><net_sink comp="497" pin=6"/></net>

<net id="524"><net_src comp="400" pin="3"/><net_sink comp="497" pin=7"/></net>

<net id="525"><net_src comp="406" pin="3"/><net_sink comp="497" pin=8"/></net>

<net id="526"><net_src comp="48" pin="0"/><net_sink comp="497" pin=10"/></net>

<net id="527"><net_src comp="50" pin="0"/><net_sink comp="497" pin=11"/></net>

<net id="528"><net_src comp="52" pin="0"/><net_sink comp="497" pin=12"/></net>

<net id="529"><net_src comp="54" pin="0"/><net_sink comp="497" pin=13"/></net>

<net id="530"><net_src comp="56" pin="0"/><net_sink comp="497" pin=14"/></net>

<net id="531"><net_src comp="58" pin="0"/><net_sink comp="497" pin=15"/></net>

<net id="532"><net_src comp="60" pin="0"/><net_sink comp="497" pin=16"/></net>

<net id="533"><net_src comp="62" pin="0"/><net_sink comp="497" pin=17"/></net>

<net id="537"><net_src comp="268" pin="3"/><net_sink comp="534" pin=0"/></net>

<net id="538"><net_src comp="534" pin="1"/><net_sink comp="432" pin=1"/></net>

<net id="542"><net_src comp="274" pin="3"/><net_sink comp="539" pin=0"/></net>

<net id="543"><net_src comp="539" pin="1"/><net_sink comp="432" pin=2"/></net>

<net id="547"><net_src comp="280" pin="3"/><net_sink comp="544" pin=0"/></net>

<net id="548"><net_src comp="544" pin="1"/><net_sink comp="432" pin=3"/></net>

<net id="552"><net_src comp="286" pin="3"/><net_sink comp="549" pin=0"/></net>

<net id="553"><net_src comp="549" pin="1"/><net_sink comp="432" pin=4"/></net>

<net id="557"><net_src comp="292" pin="3"/><net_sink comp="554" pin=0"/></net>

<net id="558"><net_src comp="554" pin="1"/><net_sink comp="432" pin=5"/></net>

<net id="562"><net_src comp="298" pin="3"/><net_sink comp="559" pin=0"/></net>

<net id="563"><net_src comp="559" pin="1"/><net_sink comp="432" pin=6"/></net>

<net id="567"><net_src comp="304" pin="3"/><net_sink comp="564" pin=0"/></net>

<net id="568"><net_src comp="564" pin="1"/><net_sink comp="432" pin=7"/></net>

<net id="572"><net_src comp="310" pin="3"/><net_sink comp="569" pin=0"/></net>

<net id="573"><net_src comp="569" pin="1"/><net_sink comp="432" pin=8"/></net>

<net id="577"><net_src comp="364" pin="3"/><net_sink comp="574" pin=0"/></net>

<net id="578"><net_src comp="574" pin="1"/><net_sink comp="497" pin=1"/></net>

<net id="582"><net_src comp="370" pin="3"/><net_sink comp="579" pin=0"/></net>

<net id="583"><net_src comp="579" pin="1"/><net_sink comp="497" pin=2"/></net>

<net id="587"><net_src comp="376" pin="3"/><net_sink comp="584" pin=0"/></net>

<net id="588"><net_src comp="584" pin="1"/><net_sink comp="497" pin=3"/></net>

<net id="592"><net_src comp="382" pin="3"/><net_sink comp="589" pin=0"/></net>

<net id="593"><net_src comp="589" pin="1"/><net_sink comp="497" pin=4"/></net>

<net id="597"><net_src comp="388" pin="3"/><net_sink comp="594" pin=0"/></net>

<net id="598"><net_src comp="594" pin="1"/><net_sink comp="497" pin=5"/></net>

<net id="602"><net_src comp="394" pin="3"/><net_sink comp="599" pin=0"/></net>

<net id="603"><net_src comp="599" pin="1"/><net_sink comp="497" pin=6"/></net>

<net id="607"><net_src comp="400" pin="3"/><net_sink comp="604" pin=0"/></net>

<net id="608"><net_src comp="604" pin="1"/><net_sink comp="497" pin=7"/></net>

<net id="612"><net_src comp="406" pin="3"/><net_sink comp="609" pin=0"/></net>

<net id="613"><net_src comp="609" pin="1"/><net_sink comp="497" pin=8"/></net>

<net id="618"><net_src comp="68" pin="0"/><net_sink comp="614" pin=0"/></net>

<net id="626"><net_src comp="619" pin="1"/><net_sink comp="622" pin=0"/></net>

<net id="627"><net_src comp="70" pin="0"/><net_sink comp="622" pin=1"/></net>

<net id="632"><net_src comp="619" pin="1"/><net_sink comp="628" pin=0"/></net>

<net id="633"><net_src comp="72" pin="0"/><net_sink comp="628" pin=1"/></net>

<net id="637"><net_src comp="619" pin="1"/><net_sink comp="634" pin=0"/></net>

<net id="638"><net_src comp="634" pin="1"/><net_sink comp="212" pin=2"/></net>

<net id="639"><net_src comp="634" pin="1"/><net_sink comp="219" pin=2"/></net>

<net id="640"><net_src comp="634" pin="1"/><net_sink comp="226" pin=2"/></net>

<net id="641"><net_src comp="634" pin="1"/><net_sink comp="233" pin=2"/></net>

<net id="642"><net_src comp="634" pin="1"/><net_sink comp="240" pin=2"/></net>

<net id="643"><net_src comp="634" pin="1"/><net_sink comp="247" pin=2"/></net>

<net id="644"><net_src comp="634" pin="1"/><net_sink comp="254" pin=2"/></net>

<net id="645"><net_src comp="634" pin="1"/><net_sink comp="261" pin=2"/></net>

<net id="649"><net_src comp="619" pin="1"/><net_sink comp="646" pin=0"/></net>

<net id="660"><net_src comp="646" pin="1"/><net_sink comp="650" pin=0"/></net>

<net id="661"><net_src comp="84" pin="0"/><net_sink comp="650" pin=1"/></net>

<net id="662"><net_src comp="86" pin="0"/><net_sink comp="650" pin=2"/></net>

<net id="663"><net_src comp="88" pin="0"/><net_sink comp="650" pin=3"/></net>

<net id="664"><net_src comp="90" pin="0"/><net_sink comp="650" pin=4"/></net>

<net id="665"><net_src comp="92" pin="0"/><net_sink comp="650" pin=5"/></net>

<net id="666"><net_src comp="94" pin="0"/><net_sink comp="650" pin=6"/></net>

<net id="667"><net_src comp="96" pin="0"/><net_sink comp="650" pin=7"/></net>

<net id="672"><net_src comp="68" pin="0"/><net_sink comp="668" pin=0"/></net>

<net id="684"><net_src comp="677" pin="1"/><net_sink comp="680" pin=0"/></net>

<net id="685"><net_src comp="70" pin="0"/><net_sink comp="680" pin=1"/></net>

<net id="690"><net_src comp="677" pin="1"/><net_sink comp="686" pin=0"/></net>

<net id="691"><net_src comp="72" pin="0"/><net_sink comp="686" pin=1"/></net>

<net id="695"><net_src comp="677" pin="1"/><net_sink comp="692" pin=0"/></net>

<net id="696"><net_src comp="692" pin="1"/><net_sink comp="316" pin=2"/></net>

<net id="697"><net_src comp="692" pin="1"/><net_sink comp="322" pin=2"/></net>

<net id="698"><net_src comp="692" pin="1"/><net_sink comp="328" pin=2"/></net>

<net id="699"><net_src comp="692" pin="1"/><net_sink comp="334" pin=2"/></net>

<net id="700"><net_src comp="692" pin="1"/><net_sink comp="340" pin=2"/></net>

<net id="701"><net_src comp="692" pin="1"/><net_sink comp="346" pin=2"/></net>

<net id="702"><net_src comp="692" pin="1"/><net_sink comp="352" pin=2"/></net>

<net id="703"><net_src comp="692" pin="1"/><net_sink comp="358" pin=2"/></net>

<net id="707"><net_src comp="677" pin="1"/><net_sink comp="704" pin=0"/></net>

<net id="718"><net_src comp="704" pin="1"/><net_sink comp="708" pin=0"/></net>

<net id="719"><net_src comp="84" pin="0"/><net_sink comp="708" pin=1"/></net>

<net id="720"><net_src comp="86" pin="0"/><net_sink comp="708" pin=2"/></net>

<net id="721"><net_src comp="88" pin="0"/><net_sink comp="708" pin=3"/></net>

<net id="722"><net_src comp="90" pin="0"/><net_sink comp="708" pin=4"/></net>

<net id="723"><net_src comp="92" pin="0"/><net_sink comp="708" pin=5"/></net>

<net id="724"><net_src comp="94" pin="0"/><net_sink comp="708" pin=6"/></net>

<net id="725"><net_src comp="96" pin="0"/><net_sink comp="708" pin=7"/></net>

<net id="733"><net_src comp="108" pin="1"/><net_sink comp="730" pin=0"/></net>

<net id="734"><net_src comp="730" pin="1"/><net_sink comp="614" pin=1"/></net>

<net id="735"><net_src comp="730" pin="1"/><net_sink comp="619" pin=0"/></net>

<net id="736"><net_src comp="730" pin="1"/><net_sink comp="673" pin=1"/></net>

<net id="743"><net_src comp="628" pin="2"/><net_sink comp="740" pin=0"/></net>

<net id="744"><net_src comp="740" pin="1"/><net_sink comp="673" pin=0"/></net>

<net id="748"><net_src comp="646" pin="1"/><net_sink comp="745" pin=0"/></net>

<net id="752"><net_src comp="212" pin="3"/><net_sink comp="749" pin=0"/></net>

<net id="753"><net_src comp="749" pin="1"/><net_sink comp="268" pin=0"/></net>

<net id="757"><net_src comp="219" pin="3"/><net_sink comp="754" pin=0"/></net>

<net id="758"><net_src comp="754" pin="1"/><net_sink comp="274" pin=0"/></net>

<net id="762"><net_src comp="226" pin="3"/><net_sink comp="759" pin=0"/></net>

<net id="763"><net_src comp="759" pin="1"/><net_sink comp="280" pin=0"/></net>

<net id="767"><net_src comp="233" pin="3"/><net_sink comp="764" pin=0"/></net>

<net id="768"><net_src comp="764" pin="1"/><net_sink comp="286" pin=0"/></net>

<net id="772"><net_src comp="240" pin="3"/><net_sink comp="769" pin=0"/></net>

<net id="773"><net_src comp="769" pin="1"/><net_sink comp="292" pin=0"/></net>

<net id="777"><net_src comp="247" pin="3"/><net_sink comp="774" pin=0"/></net>

<net id="778"><net_src comp="774" pin="1"/><net_sink comp="298" pin=0"/></net>

<net id="782"><net_src comp="254" pin="3"/><net_sink comp="779" pin=0"/></net>

<net id="783"><net_src comp="779" pin="1"/><net_sink comp="304" pin=0"/></net>

<net id="787"><net_src comp="261" pin="3"/><net_sink comp="784" pin=0"/></net>

<net id="788"><net_src comp="784" pin="1"/><net_sink comp="310" pin=0"/></net>

<net id="792"><net_src comp="208" pin="1"/><net_sink comp="789" pin=0"/></net>

<net id="793"><net_src comp="789" pin="1"/><net_sink comp="668" pin=1"/></net>

<net id="794"><net_src comp="789" pin="1"/><net_sink comp="677" pin=0"/></net>

<net id="795"><net_src comp="789" pin="1"/><net_sink comp="726" pin=1"/></net>

<net id="802"><net_src comp="686" pin="2"/><net_sink comp="799" pin=0"/></net>

<net id="803"><net_src comp="799" pin="1"/><net_sink comp="726" pin=0"/></net>

<net id="807"><net_src comp="704" pin="1"/><net_sink comp="804" pin=0"/></net>

<net id="811"><net_src comp="316" pin="3"/><net_sink comp="808" pin=0"/></net>

<net id="812"><net_src comp="808" pin="1"/><net_sink comp="364" pin=0"/></net>

<net id="816"><net_src comp="322" pin="3"/><net_sink comp="813" pin=0"/></net>

<net id="817"><net_src comp="813" pin="1"/><net_sink comp="370" pin=0"/></net>

<net id="821"><net_src comp="328" pin="3"/><net_sink comp="818" pin=0"/></net>

<net id="822"><net_src comp="818" pin="1"/><net_sink comp="376" pin=0"/></net>

<net id="826"><net_src comp="334" pin="3"/><net_sink comp="823" pin=0"/></net>

<net id="827"><net_src comp="823" pin="1"/><net_sink comp="382" pin=0"/></net>

<net id="831"><net_src comp="340" pin="3"/><net_sink comp="828" pin=0"/></net>

<net id="832"><net_src comp="828" pin="1"/><net_sink comp="388" pin=0"/></net>

<net id="836"><net_src comp="346" pin="3"/><net_sink comp="833" pin=0"/></net>

<net id="837"><net_src comp="833" pin="1"/><net_sink comp="394" pin=0"/></net>

<net id="841"><net_src comp="352" pin="3"/><net_sink comp="838" pin=0"/></net>

<net id="842"><net_src comp="838" pin="1"/><net_sink comp="400" pin=0"/></net>

<net id="846"><net_src comp="358" pin="3"/><net_sink comp="843" pin=0"/></net>

<net id="847"><net_src comp="843" pin="1"/><net_sink comp="406" pin=0"/></net>

</net_list>

</model> 
---------------- Datapath Model END ------------------

* FSMD analyzer results:
  - Output states:
	Port: out_block_0 | {7 10 }
	Port: out_block_1 | {7 10 }
	Port: out_block_2 | {7 10 }
	Port: out_block_3 | {7 10 }
	Port: out_block_4 | {7 10 }
	Port: out_block_5 | {7 10 }
	Port: out_block_6 | {7 10 }
	Port: out_block_7 | {7 10 }
	Port: dct_1d_dct_coeff_table_0 | {}
	Port: dct_1d_dct_coeff_table_1 | {}
	Port: dct_1d_dct_coeff_table_2 | {}
	Port: dct_1d_dct_coeff_table_3 | {}
	Port: dct_1d_dct_coeff_table_4 | {}
	Port: dct_1d_dct_coeff_table_5 | {}
	Port: dct_1d_dct_coeff_table_6 | {}
	Port: dct_1d_dct_coeff_table_7 | {}
	Port: dct_1d_dct_coeff_table_03 | {}
	Port: dct_1d_dct_coeff_table_14 | {}
	Port: dct_1d_dct_coeff_table_25 | {}
	Port: dct_1d_dct_coeff_table_36 | {}
	Port: dct_1d_dct_coeff_table_47 | {}
	Port: dct_1d_dct_coeff_table_58 | {}
	Port: dct_1d_dct_coeff_table_69 | {}
	Port: dct_1d_dct_coeff_table_710 | {}
 - Input state : 
	Port: dct_2d : in_block_0 | {2 3 }
	Port: dct_2d : in_block_1 | {2 3 }
	Port: dct_2d : in_block_2 | {2 3 }
	Port: dct_2d : in_block_3 | {2 3 }
	Port: dct_2d : in_block_4 | {2 3 }
	Port: dct_2d : in_block_5 | {2 3 }
	Port: dct_2d : in_block_6 | {2 3 }
	Port: dct_2d : in_block_7 | {2 3 }
	Port: dct_2d : dct_1d_dct_coeff_table_0 | {3 4 }
	Port: dct_2d : dct_1d_dct_coeff_table_1 | {3 4 }
	Port: dct_2d : dct_1d_dct_coeff_table_2 | {3 4 }
	Port: dct_2d : dct_1d_dct_coeff_table_3 | {3 4 }
	Port: dct_2d : dct_1d_dct_coeff_table_4 | {3 4 }
	Port: dct_2d : dct_1d_dct_coeff_table_5 | {3 4 }
	Port: dct_2d : dct_1d_dct_coeff_table_6 | {3 4 }
	Port: dct_2d : dct_1d_dct_coeff_table_7 | {3 4 }
	Port: dct_2d : dct_1d_dct_coeff_table_03 | {8 9 }
	Port: dct_2d : dct_1d_dct_coeff_table_14 | {8 9 }
	Port: dct_2d : dct_1d_dct_coeff_table_25 | {8 9 }
	Port: dct_2d : dct_1d_dct_coeff_table_36 | {8 9 }
	Port: dct_2d : dct_1d_dct_coeff_table_47 | {8 9 }
	Port: dct_2d : dct_1d_dct_coeff_table_58 | {8 9 }
	Port: dct_2d : dct_1d_dct_coeff_table_69 | {8 9 }
	Port: dct_2d : dct_1d_dct_coeff_table_710 | {8 9 }
  - Chain level:
	State 1
		store_ln59 : 1
	State 2
		icmp_ln64 : 1
		add_ln64 : 1
		br_ln64 : 2
		zext_ln64 : 1
		trunc_ln64 : 1
		in_block_0_addr : 2
		in_block_1_addr : 2
		in_block_2_addr : 2
		in_block_3_addr : 2
		in_block_4_addr : 2
		in_block_5_addr : 2
		in_block_6_addr : 2
		in_block_7_addr : 2
		switch_ln65 : 2
		in_block_0_load_7 : 3
		in_block_1_load_7 : 3
		in_block_2_load_7 : 3
		in_block_3_load_7 : 3
		in_block_4_load_7 : 3
		in_block_5_load_7 : 3
		in_block_6_load_7 : 3
		in_block_7_load_7 : 3
		in_block_0_load_6 : 3
		in_block_1_load_6 : 3
		in_block_2_load_6 : 3
		in_block_3_load_6 : 3
		in_block_4_load_6 : 3
		in_block_5_load_6 : 3
		in_block_6_load_6 : 3
		in_block_7_load_6 : 3
		in_block_0_load_5 : 3
		in_block_1_load_5 : 3
		in_block_2_load_5 : 3
		in_block_3_load_5 : 3
		in_block_4_load_5 : 3
		in_block_5_load_5 : 3
		in_block_6_load_5 : 3
		in_block_7_load_5 : 3
		in_block_0_load_4 : 3
		in_block_1_load_4 : 3
		in_block_2_load_4 : 3
		in_block_3_load_4 : 3
		in_block_4_load_4 : 3
		in_block_5_load_4 : 3
		in_block_6_load_4 : 3
		in_block_7_load_4 : 3
		in_block_0_load_3 : 3
		in_block_1_load_3 : 3
		in_block_2_load_3 : 3
		in_block_3_load_3 : 3
		in_block_4_load_3 : 3
		in_block_5_load_3 : 3
		in_block_6_load_3 : 3
		in_block_7_load_3 : 3
		in_block_0_load_2 : 3
		in_block_1_load_2 : 3
		in_block_2_load_2 : 3
		in_block_3_load_2 : 3
		in_block_4_load_2 : 3
		in_block_5_load_2 : 3
		in_block_6_load_2 : 3
		in_block_7_load_2 : 3
		in_block_0_load_1 : 3
		in_block_1_load_1 : 3
		in_block_2_load_1 : 3
		in_block_3_load_1 : 3
		in_block_4_load_1 : 3
		in_block_5_load_1 : 3
		in_block_6_load_1 : 3
		in_block_7_load_1 : 3
		in_block_0_load : 3
		in_block_1_load : 3
		in_block_2_load : 3
		in_block_3_load : 3
		in_block_4_load : 3
		in_block_5_load : 3
		in_block_6_load : 3
		in_block_7_load : 3
		store_ln59 : 1
	State 3
		call_ln65 : 1
		call_ln65 : 1
		call_ln65 : 1
		call_ln65 : 1
		call_ln65 : 1
		call_ln65 : 1
		call_ln65 : 1
		call_ln65 : 1
	State 4
	State 5
	State 6
	State 7
		icmp_ln80 : 1
		add_ln80 : 1
		br_ln80 : 2
		zext_ln80 : 1
		trunc_ln80 : 1
		col_inbuf_addr : 2
		col_inbuf_1_addr : 2
		col_inbuf_2_addr : 2
		col_inbuf_3_addr : 2
		col_inbuf_4_addr : 2
		col_inbuf_5_addr : 2
		col_inbuf_6_addr : 2
		col_inbuf_7_addr : 2
		switch_ln81 : 2
		col_inbuf_load_7 : 3
		col_inbuf_1_load_7 : 3
		col_inbuf_2_load_7 : 3
		col_inbuf_3_load_7 : 3
		col_inbuf_4_load_7 : 3
		col_inbuf_5_load_7 : 3
		col_inbuf_6_load_7 : 3
		col_inbuf_7_load_7 : 3
		col_inbuf_load_6 : 3
		col_inbuf_1_load_6 : 3
		col_inbuf_2_load_6 : 3
		col_inbuf_3_load_6 : 3
		col_inbuf_4_load_6 : 3
		col_inbuf_5_load_6 : 3
		col_inbuf_6_load_6 : 3
		col_inbuf_7_load_6 : 3
		col_inbuf_load_5 : 3
		col_inbuf_1_load_5 : 3
		col_inbuf_2_load_5 : 3
		col_inbuf_3_load_5 : 3
		col_inbuf_4_load_5 : 3
		col_inbuf_5_load_5 : 3
		col_inbuf_6_load_5 : 3
		col_inbuf_7_load_5 : 3
		col_inbuf_load_4 : 3
		col_inbuf_1_load_4 : 3
		col_inbuf_2_load_4 : 3
		col_inbuf_3_load_4 : 3
		col_inbuf_4_load_4 : 3
		col_inbuf_5_load_4 : 3
		col_inbuf_6_load_4 : 3
		col_inbuf_7_load_4 : 3
		col_inbuf_load_3 : 3
		col_inbuf_1_load_3 : 3
		col_inbuf_2_load_3 : 3
		col_inbuf_3_load_3 : 3
		col_inbuf_4_load_3 : 3
		col_inbuf_5_load_3 : 3
		col_inbuf_6_load_3 : 3
		col_inbuf_7_load_3 : 3
		col_inbuf_load_2 : 3
		col_inbuf_1_load_2 : 3
		col_inbuf_2_load_2 : 3
		col_inbuf_3_load_2 : 3
		col_inbuf_4_load_2 : 3
		col_inbuf_5_load_2 : 3
		col_inbuf_6_load_2 : 3
		col_inbuf_7_load_2 : 3
		col_inbuf_load_1 : 3
		col_inbuf_1_load_1 : 3
		col_inbuf_2_load_1 : 3
		col_inbuf_3_load_1 : 3
		col_inbuf_4_load_1 : 3
		col_inbuf_5_load_1 : 3
		col_inbuf_6_load_1 : 3
		col_inbuf_7_load_1 : 3
		col_inbuf_load : 3
		col_inbuf_1_load : 3
		col_inbuf_2_load : 3
		col_inbuf_3_load : 3
		col_inbuf_4_load : 3
		col_inbuf_5_load : 3
		col_inbuf_6_load : 3
		col_inbuf_7_load : 3
	State 8
		call_ln81 : 1
		call_ln81 : 1
		call_ln81 : 1
		call_ln81 : 1
		call_ln81 : 1
		call_ln81 : 1
		call_ln81 : 1
		call_ln81 : 1
	State 9
	State 10


============================================================
+ Verbose Summary: Datapath Resource usage 
============================================================

* Functional unit list:
|----------|-------------------------------------------------|---------|---------|---------|---------|
| Operation|                 Functional Unit                 |   DSP   |  Delay  |    FF   |   LUT   |
|----------|-------------------------------------------------|---------|---------|---------|---------|
|          | grp_dct_2d_Pipeline_Xpose_Row_Outer_Loop_fu_412 |    0    |  10.592 |    92   |    98   |
|   call   |             grp_dct_1d_11_12_fu_432             |    8    |  22.508 |   717   |   291   |
|          | grp_dct_2d_Pipeline_Xpose_Col_Outer_Loop_fu_469 |    0    |  10.592 |    92   |    98   |
|          |              grp_dct_1d_6_7_fu_497              |    8    |  22.508 |   717   |   291   |
|----------|-------------------------------------------------|---------|---------|---------|---------|
|   icmp   |                 icmp_ln64_fu_622                |    0    |    0    |    0    |    13   |
|          |                 icmp_ln80_fu_680                |    0    |    0    |    0    |    13   |
|----------|-------------------------------------------------|---------|---------|---------|---------|
|    add   |                 add_ln64_fu_628                 |    0    |    0    |    0    |    13   |
|          |                 add_ln80_fu_686                 |    0    |    0    |    0    |    13   |
|----------|-------------------------------------------------|---------|---------|---------|---------|
|   zext   |                 zext_ln64_fu_634                |    0    |    0    |    0    |    0    |
|          |                 zext_ln80_fu_692                |    0    |    0    |    0    |    0    |
|----------|-------------------------------------------------|---------|---------|---------|---------|
|   trunc  |                trunc_ln64_fu_646                |    0    |    0    |    0    |    0    |
|          |                trunc_ln80_fu_704                |    0    |    0    |    0    |    0    |
|----------|-------------------------------------------------|---------|---------|---------|---------|
|  switch  |                switch_ln65_fu_650               |    0    |    0    |    0    |    0    |
|          |                switch_ln81_fu_708               |    0    |    0    |    0    |    0    |
|----------|-------------------------------------------------|---------|---------|---------|---------|
|   Total  |                                                 |    16   |   66.2  |   1618  |   830   |
|----------|-------------------------------------------------|---------|---------|---------|---------|

Memories:
+------------+--------+--------+--------+--------+
|            |  BRAM  |   FF   |   LUT  |  URAM  |
+------------+--------+--------+--------+--------+
|  col_inbuf |    0   |   16   |    2   |    0   |
| col_inbuf_1|    0   |   16   |    2   |    0   |
| col_inbuf_2|    0   |   16   |    2   |    0   |
| col_inbuf_3|    0   |   16   |    2   |    0   |
| col_inbuf_4|    0   |   16   |    2   |    0   |
| col_inbuf_5|    0   |   16   |    2   |    0   |
| col_inbuf_6|    0   |   16   |    2   |    0   |
| col_inbuf_7|    0   |   16   |    2   |    0   |
| col_outbuf |    0   |   16   |    2   |    0   |
|col_outbuf_1|    0   |   16   |    2   |    0   |
|col_outbuf_2|    0   |   16   |    2   |    0   |
|col_outbuf_3|    0   |   16   |    2   |    0   |
|col_outbuf_4|    0   |   16   |    2   |    0   |
|col_outbuf_5|    0   |   16   |    2   |    0   |
|col_outbuf_6|    0   |   16   |    2   |    0   |
|col_outbuf_7|    0   |   16   |    2   |    0   |
| row_outbuf |    0   |   16   |    2   |    0   |
|row_outbuf_1|    0   |   16   |    2   |    0   |
|row_outbuf_2|    0   |   16   |    2   |    0   |
|row_outbuf_3|    0   |   16   |    2   |    0   |
|row_outbuf_4|    0   |   16   |    2   |    0   |
|row_outbuf_5|    0   |   16   |    2   |    0   |
|row_outbuf_6|    0   |   16   |    2   |    0   |
|row_outbuf_7|    0   |   16   |    2   |    0   |
+------------+--------+--------+--------+--------+
|    Total   |    0   |   384  |   48   |    0   |
+------------+--------+--------+--------+--------+

* Register list:
+------------------------+--------+
|                        |   FF   |
+------------------------+--------+
|    add_ln64_reg_740    |    4   |
|    add_ln80_reg_799    |    4   |
|col_inbuf_1_addr_reg_813|    3   |
|col_inbuf_2_addr_reg_818|    3   |
|col_inbuf_3_addr_reg_823|    3   |
|col_inbuf_4_addr_reg_828|    3   |
|col_inbuf_5_addr_reg_833|    3   |
|col_inbuf_6_addr_reg_838|    3   |
|col_inbuf_7_addr_reg_843|    3   |
| col_inbuf_addr_reg_808 |    3   |
|       i_1_reg_789      |    4   |
|        i_reg_730       |    4   |
| in_block_0_addr_reg_749|    3   |
| in_block_1_addr_reg_754|    3   |
| in_block_2_addr_reg_759|    3   |
| in_block_3_addr_reg_764|    3   |
| in_block_4_addr_reg_769|    3   |
| in_block_5_addr_reg_774|    3   |
| in_block_6_addr_reg_779|    3   |
| in_block_7_addr_reg_784|    3   |
|         reg_534        |   16   |
|         reg_539        |   16   |
|         reg_544        |   16   |
|         reg_549        |   16   |
|         reg_554        |   16   |
|         reg_559        |   16   |
|         reg_564        |   16   |
|         reg_569        |   16   |
|         reg_574        |   16   |
|         reg_579        |   16   |
|         reg_584        |   16   |
|         reg_589        |   16   |
|         reg_594        |   16   |
|         reg_599        |   16   |
|         reg_604        |   16   |
|         reg_609        |   16   |
|   trunc_ln64_reg_745   |    3   |
|   trunc_ln80_reg_804   |    3   |
+------------------------+--------+
|          Total         |   326  |
+------------------------+--------+

* Multiplexer (MUX) list: 
|-------------------------|------|------|------|--------||---------||---------||---------|
|           Comp          |  Pin | Size |  BW  | S x BW ||  Delay  ||    FF   ||   LUT   |
|-------------------------|------|------|------|--------||---------||---------||---------|
|    grp_access_fu_268    |  p0  |   2  |   3  |    6   ||    0    ||    9    |
|    grp_access_fu_274    |  p0  |   2  |   3  |    6   ||    0    ||    9    |
|    grp_access_fu_280    |  p0  |   2  |   3  |    6   ||    0    ||    9    |
|    grp_access_fu_286    |  p0  |   2  |   3  |    6   ||    0    ||    9    |
|    grp_access_fu_292    |  p0  |   2  |   3  |    6   ||    0    ||    9    |
|    grp_access_fu_298    |  p0  |   2  |   3  |    6   ||    0    ||    9    |
|    grp_access_fu_304    |  p0  |   2  |   3  |    6   ||    0    ||    9    |
|    grp_access_fu_310    |  p0  |   2  |   3  |    6   ||    0    ||    9    |
|    grp_access_fu_364    |  p0  |   2  |   3  |    6   ||    0    ||    9    |
|    grp_access_fu_370    |  p0  |   2  |   3  |    6   ||    0    ||    9    |
|    grp_access_fu_376    |  p0  |   2  |   3  |    6   ||    0    ||    9    |
|    grp_access_fu_382    |  p0  |   2  |   3  |    6   ||    0    ||    9    |
|    grp_access_fu_388    |  p0  |   2  |   3  |    6   ||    0    ||    9    |
|    grp_access_fu_394    |  p0  |   2  |   3  |    6   ||    0    ||    9    |
|    grp_access_fu_400    |  p0  |   2  |   3  |    6   ||    0    ||    9    |
|    grp_access_fu_406    |  p0  |   2  |   3  |    6   ||    0    ||    9    |
| grp_dct_1d_11_12_fu_432 |  p1  |   2  |  16  |   32   ||    0    ||    9    |
| grp_dct_1d_11_12_fu_432 |  p2  |   2  |  16  |   32   ||    0    ||    9    |
| grp_dct_1d_11_12_fu_432 |  p3  |   2  |  16  |   32   ||    0    ||    9    |
| grp_dct_1d_11_12_fu_432 |  p4  |   2  |  16  |   32   ||    0    ||    9    |
| grp_dct_1d_11_12_fu_432 |  p5  |   2  |  16  |   32   ||    0    ||    9    |
| grp_dct_1d_11_12_fu_432 |  p6  |   2  |  16  |   32   ||    0    ||    9    |
| grp_dct_1d_11_12_fu_432 |  p7  |   2  |  16  |   32   ||    0    ||    9    |
| grp_dct_1d_11_12_fu_432 |  p8  |   2  |  16  |   32   ||    0    ||    9    |
|  grp_dct_1d_6_7_fu_497  |  p1  |   2  |  16  |   32   ||    0    ||    9    |
|  grp_dct_1d_6_7_fu_497  |  p2  |   2  |  16  |   32   ||    0    ||    9    |
|  grp_dct_1d_6_7_fu_497  |  p3  |   2  |  16  |   32   ||    0    ||    9    |
|  grp_dct_1d_6_7_fu_497  |  p4  |   2  |  16  |   32   ||    0    ||    9    |
|  grp_dct_1d_6_7_fu_497  |  p5  |   2  |  16  |   32   ||    0    ||    9    |
|  grp_dct_1d_6_7_fu_497  |  p6  |   2  |  16  |   32   ||    0    ||    9    |
|  grp_dct_1d_6_7_fu_497  |  p7  |   2  |  16  |   32   ||    0    ||    9    |
|  grp_dct_1d_6_7_fu_497  |  p8  |   2  |  16  |   32   ||    0    ||    9    |
|-------------------------|------|------|------|--------||---------||---------||---------|
|          Total          |      |      |      |   608  ||  42.368 ||    0    ||   288   |
|-------------------------|------|------|------|--------||---------||---------||---------|



* Summary:
+-----------+--------+--------+--------+--------+--------+--------+
|           |  BRAM  |   DSP  |  Delay |   FF   |   LUT  |  URAM  |
+-----------+--------+--------+--------+--------+--------+--------+
|  Function |    -   |   16   |   66   |  1618  |   830  |    -   |
|   Memory  |    0   |    -   |    -   |   384  |   48   |    0   |
|Multiplexer|    -   |    -   |   42   |    0   |   288  |    -   |
|  Register |    -   |    -   |    -   |   326  |    -   |    -   |
+-----------+--------+--------+--------+--------+--------+--------+
|   Total   |    0   |   16   |   108  |  2328  |  1166  |    0   |
+-----------+--------+--------+--------+--------+--------+--------+
