Execute       source -notrace -encoding utf-8 D:/movies/2025.2/Vitis/tps/tcl/tcl8.6/clock.tcl 
Execute         source -encoding utf-8 D:/movies/2025.2/Vitis/tps/tcl/tcl8/8.5/msgcat-1.6.1.tm 
Execute           source D:/movies/2025.2/Vitis/tps/tcl/tcllib2.0/0compatibility/pkgIndex.tcl 
Execute           source D:/movies/2025.2/Vitis/tps/tcl/tcllib2.0/amazon-s3/pkgIndex.tcl 
Execute           source D:/movies/2025.2/Vitis/tps/tcl/tcllib2.0/asn/pkgIndex.tcl 
Execute           source D:/movies/2025.2/Vitis/tps/tcl/tcllib2.0/base32/pkgIndex.tcl 
Execute           source D:/movies/2025.2/Vitis/tps/tcl/tcllib2.0/base64/pkgIndex.tcl 
Execute           source D:/movies/2025.2/Vitis/tps/tcl/tcllib2.0/bee/pkgIndex.tcl 
Execute           source D:/movies/2025.2/Vitis/tps/tcl/tcllib2.0/bench/pkgIndex.tcl 
Execute           source D:/movies/2025.2/Vitis/tps/tcl/tcllib2.0/bibtex/pkgIndex.tcl 
Execute           source D:/movies/2025.2/Vitis/tps/tcl/tcllib2.0/cache/pkgIndex.tcl 
Execute           source D:/movies/2025.2/Vitis/tps/tcl/tcllib2.0/clay/pkgIndex.tcl 
Execute           source D:/movies/2025.2/Vitis/tps/tcl/tcllib2.0/clock/pkgIndex.tcl 
Execute           source D:/movies/2025.2/Vitis/tps/tcl/tcllib2.0/cmdline/pkgIndex.tcl 
Execute           source D:/movies/2025.2/Vitis/tps/tcl/tcllib2.0/comm/pkgIndex.tcl 
Execute           source D:/movies/2025.2/Vitis/tps/tcl/tcllib2.0/control/pkgIndex.tcl 
Execute           source D:/movies/2025.2/Vitis/tps/tcl/tcllib2.0/coroutine/pkgIndex.tcl 
Execute           source D:/movies/2025.2/Vitis/tps/tcl/tcllib2.0/counter/pkgIndex.tcl 
Execute           source D:/movies/2025.2/Vitis/tps/tcl/tcllib2.0/crc/pkgIndex.tcl 
Execute           source D:/movies/2025.2/Vitis/tps/tcl/tcllib2.0/cron/pkgIndex.tcl 
Execute           source D:/movies/2025.2/Vitis/tps/tcl/tcllib2.0/csv/pkgIndex.tcl 
Execute           source D:/movies/2025.2/Vitis/tps/tcl/tcllib2.0/debug/pkgIndex.tcl 
Execute           source D:/movies/2025.2/Vitis/tps/tcl/tcllib2.0/defer/pkgIndex.tcl 
Execute           source D:/movies/2025.2/Vitis/tps/tcl/tcllib2.0/dicttool/pkgIndex.tcl 
Execute           source D:/movies/2025.2/Vitis/tps/tcl/tcllib2.0/dns/pkgIndex.tcl 
Execute           source D:/movies/2025.2/Vitis/tps/tcl/tcllib2.0/docstrip/pkgIndex.tcl 
Execute           source D:/movies/2025.2/Vitis/tps/tcl/tcllib2.0/doctools/pkgIndex.tcl 
Execute           source D:/movies/2025.2/Vitis/tps/tcl/tcllib2.0/doctools2base/pkgIndex.tcl 
Execute           source D:/movies/2025.2/Vitis/tps/tcl/tcllib2.0/doctools2idx/pkgIndex.tcl 
Execute           source D:/movies/2025.2/Vitis/tps/tcl/tcllib2.0/doctools2toc/pkgIndex.tcl 
Execute           source D:/movies/2025.2/Vitis/tps/tcl/tcllib2.0/dtplite/pkgIndex.tcl 
Execute           source D:/movies/2025.2/Vitis/tps/tcl/tcllib2.0/fileutil/pkgIndex.tcl 
Execute           source D:/movies/2025.2/Vitis/tps/tcl/tcllib2.0/ftp/pkgIndex.tcl 
Execute           source D:/movies/2025.2/Vitis/tps/tcl/tcllib2.0/ftpd/pkgIndex.tcl 
Execute           source D:/movies/2025.2/Vitis/tps/tcl/tcllib2.0/fumagic/pkgIndex.tcl 
Execute           source D:/movies/2025.2/Vitis/tps/tcl/tcllib2.0/generator/pkgIndex.tcl 
Execute           source D:/movies/2025.2/Vitis/tps/tcl/tcllib2.0/gpx/pkgIndex.tcl 
Execute           source D:/movies/2025.2/Vitis/tps/tcl/tcllib2.0/grammar_aycock/pkgIndex.tcl 
Execute           source D:/movies/2025.2/Vitis/tps/tcl/tcllib2.0/grammar_fa/pkgIndex.tcl 
Execute           source D:/movies/2025.2/Vitis/tps/tcl/tcllib2.0/grammar_me/pkgIndex.tcl 
Execute           source D:/movies/2025.2/Vitis/tps/tcl/tcllib2.0/grammar_peg/pkgIndex.tcl 
Execute           source D:/movies/2025.2/Vitis/tps/tcl/tcllib2.0/hook/pkgIndex.tcl 
Execute           source D:/movies/2025.2/Vitis/tps/tcl/tcllib2.0/html/pkgIndex.tcl 
Execute           source D:/movies/2025.2/Vitis/tps/tcl/tcllib2.0/htmlparse/pkgIndex.tcl 
Execute           source D:/movies/2025.2/Vitis/tps/tcl/tcllib2.0/http/pkgIndex.tcl 
Execute           source D:/movies/2025.2/Vitis/tps/tcl/tcllib2.0/httpd/pkgIndex.tcl 
Execute           source D:/movies/2025.2/Vitis/tps/tcl/tcllib2.0/httpwget/pkgIndex.tcl 
Execute           source D:/movies/2025.2/Vitis/tps/tcl/tcllib2.0/ident/pkgIndex.tcl 
Execute           source D:/movies/2025.2/Vitis/tps/tcl/tcllib2.0/imap4/pkgIndex.tcl 
Execute           source D:/movies/2025.2/Vitis/tps/tcl/tcllib2.0/inifile/pkgIndex.tcl 
Execute           source D:/movies/2025.2/Vitis/tps/tcl/tcllib2.0/interp/pkgIndex.tcl 
Execute           source D:/movies/2025.2/Vitis/tps/tcl/tcllib2.0/irc/pkgIndex.tcl 
Execute           source D:/movies/2025.2/Vitis/tps/tcl/tcllib2.0/javascript/pkgIndex.tcl 
Execute           source D:/movies/2025.2/Vitis/tps/tcl/tcllib2.0/jpeg/pkgIndex.tcl 
Execute           source D:/movies/2025.2/Vitis/tps/tcl/tcllib2.0/json/pkgIndex.tcl 
Execute           source D:/movies/2025.2/Vitis/tps/tcl/tcllib2.0/lambda/pkgIndex.tcl 
Execute           source D:/movies/2025.2/Vitis/tps/tcl/tcllib2.0/lazyset/pkgIndex.tcl 
Execute           source D:/movies/2025.2/Vitis/tps/tcl/tcllib2.0/ldap/pkgIndex.tcl 
Execute           source D:/movies/2025.2/Vitis/tps/tcl/tcllib2.0/log/pkgIndex.tcl 
Execute           source D:/movies/2025.2/Vitis/tps/tcl/tcllib2.0/map/pkgIndex.tcl 
Execute           source D:/movies/2025.2/Vitis/tps/tcl/tcllib2.0/mapproj/pkgIndex.tcl 
Execute           source D:/movies/2025.2/Vitis/tps/tcl/tcllib2.0/markdown/pkgIndex.tcl 
Execute           source D:/movies/2025.2/Vitis/tps/tcl/tcllib2.0/math/pkgIndex.tcl 
Execute           source D:/movies/2025.2/Vitis/tps/tcl/tcllib2.0/md4/pkgIndex.tcl 
Execute           source D:/movies/2025.2/Vitis/tps/tcl/tcllib2.0/md5/pkgIndex.tcl 
Execute           source D:/movies/2025.2/Vitis/tps/tcl/tcllib2.0/md5crypt/pkgIndex.tcl 
Execute           source D:/movies/2025.2/Vitis/tps/tcl/tcllib2.0/mime/pkgIndex.tcl 
Execute           source D:/movies/2025.2/Vitis/tps/tcl/tcllib2.0/mkdoc/pkgIndex.tcl 
Execute           source D:/movies/2025.2/Vitis/tps/tcl/tcllib2.0/multiplexer/pkgIndex.tcl 
Execute           source D:/movies/2025.2/Vitis/tps/tcl/tcllib2.0/namespacex/pkgIndex.tcl 
Execute           source D:/movies/2025.2/Vitis/tps/tcl/tcllib2.0/ncgi/pkgIndex.tcl 
Execute           source D:/movies/2025.2/Vitis/tps/tcl/tcllib2.0/nettool/pkgIndex.tcl 
Execute           source D:/movies/2025.2/Vitis/tps/tcl/tcllib2.0/nmea/pkgIndex.tcl 
Execute           source D:/movies/2025.2/Vitis/tps/tcl/tcllib2.0/nns/pkgIndex.tcl 
Execute           source D:/movies/2025.2/Vitis/tps/tcl/tcllib2.0/nntp/pkgIndex.tcl 
Execute           source D:/movies/2025.2/Vitis/tps/tcl/tcllib2.0/ntp/pkgIndex.tcl 
Execute           source D:/movies/2025.2/Vitis/tps/tcl/tcllib2.0/oauth/pkgIndex.tcl 
Execute           source D:/movies/2025.2/Vitis/tps/tcl/tcllib2.0/oodialect/pkgIndex.tcl 
Execute           source D:/movies/2025.2/Vitis/tps/tcl/tcllib2.0/oometa/pkgIndex.tcl 
Execute           source D:/movies/2025.2/Vitis/tps/tcl/tcllib2.0/ooutil/pkgIndex.tcl 
Execute           source D:/movies/2025.2/Vitis/tps/tcl/tcllib2.0/otp/pkgIndex.tcl 
Execute           source D:/movies/2025.2/Vitis/tps/tcl/tcllib2.0/page/pkgIndex.tcl 
Execute           source D:/movies/2025.2/Vitis/tps/tcl/tcllib2.0/pluginmgr/pkgIndex.tcl 
Execute           source D:/movies/2025.2/Vitis/tps/tcl/tcllib2.0/png/pkgIndex.tcl 
Execute           source D:/movies/2025.2/Vitis/tps/tcl/tcllib2.0/pop3/pkgIndex.tcl 
Execute           source D:/movies/2025.2/Vitis/tps/tcl/tcllib2.0/pop3d/pkgIndex.tcl 
Execute           source D:/movies/2025.2/Vitis/tps/tcl/tcllib2.0/practcl/pkgIndex.tcl 
Execute           source D:/movies/2025.2/Vitis/tps/tcl/tcllib2.0/processman/pkgIndex.tcl 
Execute           source D:/movies/2025.2/Vitis/tps/tcl/tcllib2.0/profiler/pkgIndex.tcl 
Execute           source D:/movies/2025.2/Vitis/tps/tcl/tcllib2.0/pt/pkgIndex.tcl 
Execute           source D:/movies/2025.2/Vitis/tps/tcl/tcllib2.0/rcs/pkgIndex.tcl 
Execute           source D:/movies/2025.2/Vitis/tps/tcl/tcllib2.0/report/pkgIndex.tcl 
Execute           source D:/movies/2025.2/Vitis/tps/tcl/tcllib2.0/rest/pkgIndex.tcl 
Execute           source D:/movies/2025.2/Vitis/tps/tcl/tcllib2.0/ripemd/pkgIndex.tcl 
Execute           source D:/movies/2025.2/Vitis/tps/tcl/tcllib2.0/sasl/pkgIndex.tcl 
Execute           source D:/movies/2025.2/Vitis/tps/tcl/tcllib2.0/sha1/pkgIndex.tcl 
Execute           source D:/movies/2025.2/Vitis/tps/tcl/tcllib2.0/simulation/pkgIndex.tcl 
Execute           source D:/movies/2025.2/Vitis/tps/tcl/tcllib2.0/smtpd/pkgIndex.tcl 
Execute           source D:/movies/2025.2/Vitis/tps/tcl/tcllib2.0/snit/pkgIndex.tcl 
Execute           source D:/movies/2025.2/Vitis/tps/tcl/tcllib2.0/soundex/pkgIndex.tcl 
Execute           source D:/movies/2025.2/Vitis/tps/tcl/tcllib2.0/stooop/pkgIndex.tcl 
Execute           source D:/movies/2025.2/Vitis/tps/tcl/tcllib2.0/string/pkgIndex.tcl 
Execute           source D:/movies/2025.2/Vitis/tps/tcl/tcllib2.0/stringprep/pkgIndex.tcl 
Execute           source D:/movies/2025.2/Vitis/tps/tcl/tcllib2.0/struct/pkgIndex.tcl 
Execute           source D:/movies/2025.2/Vitis/tps/tcl/tcllib2.0/tar/pkgIndex.tcl 
Execute           source D:/movies/2025.2/Vitis/tps/tcl/tcllib2.0/tepam/pkgIndex.tcl 
Execute           source D:/movies/2025.2/Vitis/tps/tcl/tcllib2.0/term/pkgIndex.tcl 
Execute           source D:/movies/2025.2/Vitis/tps/tcl/tcllib2.0/textutil/pkgIndex.tcl 
Execute           source D:/movies/2025.2/Vitis/tps/tcl/tcllib2.0/tie/pkgIndex.tcl 
Execute           source D:/movies/2025.2/Vitis/tps/tcl/tcllib2.0/tiff/pkgIndex.tcl 
Execute           source D:/movies/2025.2/Vitis/tps/tcl/tcllib2.0/tool/pkgIndex.tcl 
Execute           source D:/movies/2025.2/Vitis/tps/tcl/tcllib2.0/transfer/pkgIndex.tcl 
Execute           source D:/movies/2025.2/Vitis/tps/tcl/tcllib2.0/treeql/pkgIndex.tcl 
Execute           source D:/movies/2025.2/Vitis/tps/tcl/tcllib2.0/try/pkgIndex.tcl 
Execute           source D:/movies/2025.2/Vitis/tps/tcl/tcllib2.0/udpcluster/pkgIndex.tcl 
Execute           source D:/movies/2025.2/Vitis/tps/tcl/tcllib2.0/uev/pkgIndex.tcl 
Execute           source D:/movies/2025.2/Vitis/tps/tcl/tcllib2.0/units/pkgIndex.tcl 
Execute           source D:/movies/2025.2/Vitis/tps/tcl/tcllib2.0/uri/pkgIndex.tcl 
Execute           source D:/movies/2025.2/Vitis/tps/tcl/tcllib2.0/uuid/pkgIndex.tcl 
Execute           source D:/movies/2025.2/Vitis/tps/tcl/tcllib2.0/valtype/pkgIndex.tcl 
Execute           source D:/movies/2025.2/Vitis/tps/tcl/tcllib2.0/virtchannel_base/pkgIndex.tcl 
Execute           source D:/movies/2025.2/Vitis/tps/tcl/tcllib2.0/virtchannel_core/pkgIndex.tcl 
Execute           source D:/movies/2025.2/Vitis/tps/tcl/tcllib2.0/virtchannel_transform/pkgIndex.tcl 
Execute           source D:/movies/2025.2/Vitis/tps/tcl/tcllib2.0/websocket/pkgIndex.tcl 
Execute           source D:/movies/2025.2/Vitis/tps/tcl/tcllib2.0/wip/pkgIndex.tcl 
Execute           source D:/movies/2025.2/Vitis/tps/tcl/tcllib2.0/yaml/pkgIndex.tcl 
Execute           source D:/movies/2025.2/Vitis/tps/tcl/tcllib2.0/zip/pkgIndex.tcl 
Execute           source D:/movies/2025.2/Vitis/tps/tcl/tcllib2.0/pkgIndex.tcl 
Execute             source D:/movies/2025.2/Vitis/tps/tcl/tcllib2.0/0compatibility/pkgIndex.tcl 
Execute             source D:/movies/2025.2/Vitis/tps/tcl/tcllib2.0/amazon-s3/pkgIndex.tcl 
Execute             source D:/movies/2025.2/Vitis/tps/tcl/tcllib2.0/asn/pkgIndex.tcl 
Execute             source D:/movies/2025.2/Vitis/tps/tcl/tcllib2.0/base32/pkgIndex.tcl 
Execute             source D:/movies/2025.2/Vitis/tps/tcl/tcllib2.0/base64/pkgIndex.tcl 
Execute             source D:/movies/2025.2/Vitis/tps/tcl/tcllib2.0/bee/pkgIndex.tcl 
Execute             source D:/movies/2025.2/Vitis/tps/tcl/tcllib2.0/bench/pkgIndex.tcl 
Execute             source D:/movies/2025.2/Vitis/tps/tcl/tcllib2.0/bibtex/pkgIndex.tcl 
Execute             source D:/movies/2025.2/Vitis/tps/tcl/tcllib2.0/cache/pkgIndex.tcl 
Execute             source D:/movies/2025.2/Vitis/tps/tcl/tcllib2.0/clay/pkgIndex.tcl 
Execute             source D:/movies/2025.2/Vitis/tps/tcl/tcllib2.0/clock/pkgIndex.tcl 
Execute             source D:/movies/2025.2/Vitis/tps/tcl/tcllib2.0/cmdline/pkgIndex.tcl 
Execute             source D:/movies/2025.2/Vitis/tps/tcl/tcllib2.0/comm/pkgIndex.tcl 
Execute             source D:/movies/2025.2/Vitis/tps/tcl/tcllib2.0/control/pkgIndex.tcl 
Execute             source D:/movies/2025.2/Vitis/tps/tcl/tcllib2.0/coroutine/pkgIndex.tcl 
Execute             source D:/movies/2025.2/Vitis/tps/tcl/tcllib2.0/counter/pkgIndex.tcl 
Execute             source D:/movies/2025.2/Vitis/tps/tcl/tcllib2.0/crc/pkgIndex.tcl 
Execute             source D:/movies/2025.2/Vitis/tps/tcl/tcllib2.0/cron/pkgIndex.tcl 
Execute             source D:/movies/2025.2/Vitis/tps/tcl/tcllib2.0/csv/pkgIndex.tcl 
Execute             source D:/movies/2025.2/Vitis/tps/tcl/tcllib2.0/debug/pkgIndex.tcl 
Execute             source D:/movies/2025.2/Vitis/tps/tcl/tcllib2.0/defer/pkgIndex.tcl 
Execute             source D:/movies/2025.2/Vitis/tps/tcl/tcllib2.0/dicttool/pkgIndex.tcl 
Execute             source D:/movies/2025.2/Vitis/tps/tcl/tcllib2.0/dns/pkgIndex.tcl 
Execute             source D:/movies/2025.2/Vitis/tps/tcl/tcllib2.0/docstrip/pkgIndex.tcl 
Execute             source D:/movies/2025.2/Vitis/tps/tcl/tcllib2.0/doctools/pkgIndex.tcl 
Execute             source D:/movies/2025.2/Vitis/tps/tcl/tcllib2.0/doctools2base/pkgIndex.tcl 
Execute             source D:/movies/2025.2/Vitis/tps/tcl/tcllib2.0/doctools2idx/pkgIndex.tcl 
Execute             source D:/movies/2025.2/Vitis/tps/tcl/tcllib2.0/doctools2toc/pkgIndex.tcl 
Execute             source D:/movies/2025.2/Vitis/tps/tcl/tcllib2.0/dtplite/pkgIndex.tcl 
Execute             source D:/movies/2025.2/Vitis/tps/tcl/tcllib2.0/fileutil/pkgIndex.tcl 
Execute             source D:/movies/2025.2/Vitis/tps/tcl/tcllib2.0/ftp/pkgIndex.tcl 
Execute             source D:/movies/2025.2/Vitis/tps/tcl/tcllib2.0/ftpd/pkgIndex.tcl 
Execute             source D:/movies/2025.2/Vitis/tps/tcl/tcllib2.0/fumagic/pkgIndex.tcl 
Execute             source D:/movies/2025.2/Vitis/tps/tcl/tcllib2.0/generator/pkgIndex.tcl 
Execute             source D:/movies/2025.2/Vitis/tps/tcl/tcllib2.0/gpx/pkgIndex.tcl 
Execute             source D:/movies/2025.2/Vitis/tps/tcl/tcllib2.0/grammar_aycock/pkgIndex.tcl 
Execute             source D:/movies/2025.2/Vitis/tps/tcl/tcllib2.0/grammar_fa/pkgIndex.tcl 
Execute             source D:/movies/2025.2/Vitis/tps/tcl/tcllib2.0/grammar_me/pkgIndex.tcl 
Execute             source D:/movies/2025.2/Vitis/tps/tcl/tcllib2.0/grammar_peg/pkgIndex.tcl 
Execute             source D:/movies/2025.2/Vitis/tps/tcl/tcllib2.0/hook/pkgIndex.tcl 
Execute             source D:/movies/2025.2/Vitis/tps/tcl/tcllib2.0/html/pkgIndex.tcl 
Execute             source D:/movies/2025.2/Vitis/tps/tcl/tcllib2.0/htmlparse/pkgIndex.tcl 
Execute             source D:/movies/2025.2/Vitis/tps/tcl/tcllib2.0/http/pkgIndex.tcl 
Execute             source D:/movies/2025.2/Vitis/tps/tcl/tcllib2.0/httpd/pkgIndex.tcl 
Execute             source D:/movies/2025.2/Vitis/tps/tcl/tcllib2.0/httpwget/pkgIndex.tcl 
Execute             source D:/movies/2025.2/Vitis/tps/tcl/tcllib2.0/ident/pkgIndex.tcl 
Execute             source D:/movies/2025.2/Vitis/tps/tcl/tcllib2.0/imap4/pkgIndex.tcl 
Execute             source D:/movies/2025.2/Vitis/tps/tcl/tcllib2.0/inifile/pkgIndex.tcl 
Execute             source D:/movies/2025.2/Vitis/tps/tcl/tcllib2.0/interp/pkgIndex.tcl 
Execute             source D:/movies/2025.2/Vitis/tps/tcl/tcllib2.0/irc/pkgIndex.tcl 
Execute             source D:/movies/2025.2/Vitis/tps/tcl/tcllib2.0/javascript/pkgIndex.tcl 
Execute             source D:/movies/2025.2/Vitis/tps/tcl/tcllib2.0/jpeg/pkgIndex.tcl 
Execute             source D:/movies/2025.2/Vitis/tps/tcl/tcllib2.0/json/pkgIndex.tcl 
Execute             source D:/movies/2025.2/Vitis/tps/tcl/tcllib2.0/lambda/pkgIndex.tcl 
Execute             source D:/movies/2025.2/Vitis/tps/tcl/tcllib2.0/lazyset/pkgIndex.tcl 
Execute             source D:/movies/2025.2/Vitis/tps/tcl/tcllib2.0/ldap/pkgIndex.tcl 
Execute             source D:/movies/2025.2/Vitis/tps/tcl/tcllib2.0/log/pkgIndex.tcl 
Execute             source D:/movies/2025.2/Vitis/tps/tcl/tcllib2.0/map/pkgIndex.tcl 
Execute             source D:/movies/2025.2/Vitis/tps/tcl/tcllib2.0/mapproj/pkgIndex.tcl 
Execute             source D:/movies/2025.2/Vitis/tps/tcl/tcllib2.0/markdown/pkgIndex.tcl 
Execute             source D:/movies/2025.2/Vitis/tps/tcl/tcllib2.0/math/pkgIndex.tcl 
Execute             source D:/movies/2025.2/Vitis/tps/tcl/tcllib2.0/md4/pkgIndex.tcl 
Execute             source D:/movies/2025.2/Vitis/tps/tcl/tcllib2.0/md5/pkgIndex.tcl 
Execute             source D:/movies/2025.2/Vitis/tps/tcl/tcllib2.0/md5crypt/pkgIndex.tcl 
Execute             source D:/movies/2025.2/Vitis/tps/tcl/tcllib2.0/mime/pkgIndex.tcl 
Execute             source D:/movies/2025.2/Vitis/tps/tcl/tcllib2.0/mkdoc/pkgIndex.tcl 
Execute             source D:/movies/2025.2/Vitis/tps/tcl/tcllib2.0/multiplexer/pkgIndex.tcl 
Execute             source D:/movies/2025.2/Vitis/tps/tcl/tcllib2.0/namespacex/pkgIndex.tcl 
Execute             source D:/movies/2025.2/Vitis/tps/tcl/tcllib2.0/ncgi/pkgIndex.tcl 
Execute             source D:/movies/2025.2/Vitis/tps/tcl/tcllib2.0/nettool/pkgIndex.tcl 
Execute             source D:/movies/2025.2/Vitis/tps/tcl/tcllib2.0/nmea/pkgIndex.tcl 
Execute             source D:/movies/2025.2/Vitis/tps/tcl/tcllib2.0/nns/pkgIndex.tcl 
Execute             source D:/movies/2025.2/Vitis/tps/tcl/tcllib2.0/nntp/pkgIndex.tcl 
Execute             source D:/movies/2025.2/Vitis/tps/tcl/tcllib2.0/ntp/pkgIndex.tcl 
Execute             source D:/movies/2025.2/Vitis/tps/tcl/tcllib2.0/oauth/pkgIndex.tcl 
Execute             source D:/movies/2025.2/Vitis/tps/tcl/tcllib2.0/oodialect/pkgIndex.tcl 
Execute             source D:/movies/2025.2/Vitis/tps/tcl/tcllib2.0/oometa/pkgIndex.tcl 
Execute             source D:/movies/2025.2/Vitis/tps/tcl/tcllib2.0/ooutil/pkgIndex.tcl 
Execute             source D:/movies/2025.2/Vitis/tps/tcl/tcllib2.0/otp/pkgIndex.tcl 
Execute             source D:/movies/2025.2/Vitis/tps/tcl/tcllib2.0/page/pkgIndex.tcl 
Execute             source D:/movies/2025.2/Vitis/tps/tcl/tcllib2.0/pluginmgr/pkgIndex.tcl 
Execute             source D:/movies/2025.2/Vitis/tps/tcl/tcllib2.0/png/pkgIndex.tcl 
Execute             source D:/movies/2025.2/Vitis/tps/tcl/tcllib2.0/pop3/pkgIndex.tcl 
Execute             source D:/movies/2025.2/Vitis/tps/tcl/tcllib2.0/pop3d/pkgIndex.tcl 
Execute             source D:/movies/2025.2/Vitis/tps/tcl/tcllib2.0/practcl/pkgIndex.tcl 
Execute             source D:/movies/2025.2/Vitis/tps/tcl/tcllib2.0/processman/pkgIndex.tcl 
Execute             source D:/movies/2025.2/Vitis/tps/tcl/tcllib2.0/profiler/pkgIndex.tcl 
Execute             source D:/movies/2025.2/Vitis/tps/tcl/tcllib2.0/pt/pkgIndex.tcl 
Execute             source D:/movies/2025.2/Vitis/tps/tcl/tcllib2.0/rcs/pkgIndex.tcl 
Execute             source D:/movies/2025.2/Vitis/tps/tcl/tcllib2.0/report/pkgIndex.tcl 
Execute             source D:/movies/2025.2/Vitis/tps/tcl/tcllib2.0/rest/pkgIndex.tcl 
Execute             source D:/movies/2025.2/Vitis/tps/tcl/tcllib2.0/ripemd/pkgIndex.tcl 
Execute             source D:/movies/2025.2/Vitis/tps/tcl/tcllib2.0/sasl/pkgIndex.tcl 
Execute             source D:/movies/2025.2/Vitis/tps/tcl/tcllib2.0/sha1/pkgIndex.tcl 
Execute             source D:/movies/2025.2/Vitis/tps/tcl/tcllib2.0/simulation/pkgIndex.tcl 
Execute             source D:/movies/2025.2/Vitis/tps/tcl/tcllib2.0/smtpd/pkgIndex.tcl 
Execute             source D:/movies/2025.2/Vitis/tps/tcl/tcllib2.0/snit/pkgIndex.tcl 
Execute             source D:/movies/2025.2/Vitis/tps/tcl/tcllib2.0/soundex/pkgIndex.tcl 
Execute             source D:/movies/2025.2/Vitis/tps/tcl/tcllib2.0/stooop/pkgIndex.tcl 
Execute             source D:/movies/2025.2/Vitis/tps/tcl/tcllib2.0/string/pkgIndex.tcl 
Execute             source D:/movies/2025.2/Vitis/tps/tcl/tcllib2.0/stringprep/pkgIndex.tcl 
Execute             source D:/movies/2025.2/Vitis/tps/tcl/tcllib2.0/struct/pkgIndex.tcl 
Execute             source D:/movies/2025.2/Vitis/tps/tcl/tcllib2.0/tar/pkgIndex.tcl 
Execute             source D:/movies/2025.2/Vitis/tps/tcl/tcllib2.0/tepam/pkgIndex.tcl 
Execute             source D:/movies/2025.2/Vitis/tps/tcl/tcllib2.0/term/pkgIndex.tcl 
Execute             source D:/movies/2025.2/Vitis/tps/tcl/tcllib2.0/textutil/pkgIndex.tcl 
Execute             source D:/movies/2025.2/Vitis/tps/tcl/tcllib2.0/tie/pkgIndex.tcl 
Execute             source D:/movies/2025.2/Vitis/tps/tcl/tcllib2.0/tiff/pkgIndex.tcl 
Execute             source D:/movies/2025.2/Vitis/tps/tcl/tcllib2.0/tool/pkgIndex.tcl 
Execute             source D:/movies/2025.2/Vitis/tps/tcl/tcllib2.0/transfer/pkgIndex.tcl 
Execute             source D:/movies/2025.2/Vitis/tps/tcl/tcllib2.0/treeql/pkgIndex.tcl 
Execute             source D:/movies/2025.2/Vitis/tps/tcl/tcllib2.0/try/pkgIndex.tcl 
Execute             source D:/movies/2025.2/Vitis/tps/tcl/tcllib2.0/udpcluster/pkgIndex.tcl 
Execute             source D:/movies/2025.2/Vitis/tps/tcl/tcllib2.0/uev/pkgIndex.tcl 
Execute             source D:/movies/2025.2/Vitis/tps/tcl/tcllib2.0/units/pkgIndex.tcl 
Execute             source D:/movies/2025.2/Vitis/tps/tcl/tcllib2.0/uri/pkgIndex.tcl 
Execute             source D:/movies/2025.2/Vitis/tps/tcl/tcllib2.0/uuid/pkgIndex.tcl 
Execute             source D:/movies/2025.2/Vitis/tps/tcl/tcllib2.0/valtype/pkgIndex.tcl 
Execute             source D:/movies/2025.2/Vitis/tps/tcl/tcllib2.0/virtchannel_base/pkgIndex.tcl 
Execute             source D:/movies/2025.2/Vitis/tps/tcl/tcllib2.0/virtchannel_core/pkgIndex.tcl 
Execute             source D:/movies/2025.2/Vitis/tps/tcl/tcllib2.0/virtchannel_transform/pkgIndex.tcl 
Execute             source D:/movies/2025.2/Vitis/tps/tcl/tcllib2.0/websocket/pkgIndex.tcl 
Execute             source D:/movies/2025.2/Vitis/tps/tcl/tcllib2.0/wip/pkgIndex.tcl 
Execute             source D:/movies/2025.2/Vitis/tps/tcl/tcllib2.0/yaml/pkgIndex.tcl 
Execute             source D:/movies/2025.2/Vitis/tps/tcl/tcllib2.0/zip/pkgIndex.tcl 
Command           ap_source done; 0.146 sec.
Execute           source D:/movies/2025.2/Vitis/tps/tcl/tdom/pkgIndex.tcl 
Execute           source D:/movies/2025.2/Vitis/tps/tcl/tcl8.6/opt0.4/pkgIndex.tcl 
Execute           source D:/movies/2025.2/Vitis/tps/tcl/tcl8.6/pkgs/win/thread2.8.7/pkgIndex.tcl 
Command         ap_source done; 0.326 sec.
Execute         source D:/movies/2025.2/Vitis/tps/tcl/tcllib2.0/0compatibility/pkgIndex.tcl 
Execute         source D:/movies/2025.2/Vitis/tps/tcl/tcllib2.0/amazon-s3/pkgIndex.tcl 
Execute         source D:/movies/2025.2/Vitis/tps/tcl/tcllib2.0/asn/pkgIndex.tcl 
Execute         source D:/movies/2025.2/Vitis/tps/tcl/tcllib2.0/base32/pkgIndex.tcl 
Execute         source D:/movies/2025.2/Vitis/tps/tcl/tcllib2.0/base64/pkgIndex.tcl 
Execute         source D:/movies/2025.2/Vitis/tps/tcl/tcllib2.0/bee/pkgIndex.tcl 
Execute         source D:/movies/2025.2/Vitis/tps/tcl/tcllib2.0/bench/pkgIndex.tcl 
Execute         source D:/movies/2025.2/Vitis/tps/tcl/tcllib2.0/bibtex/pkgIndex.tcl 
Execute         source D:/movies/2025.2/Vitis/tps/tcl/tcllib2.0/cache/pkgIndex.tcl 
Execute         source D:/movies/2025.2/Vitis/tps/tcl/tcllib2.0/clay/pkgIndex.tcl 
Execute         source D:/movies/2025.2/Vitis/tps/tcl/tcllib2.0/clock/pkgIndex.tcl 
Execute         source D:/movies/2025.2/Vitis/tps/tcl/tcllib2.0/cmdline/pkgIndex.tcl 
Execute         source D:/movies/2025.2/Vitis/tps/tcl/tcllib2.0/comm/pkgIndex.tcl 
Execute         source D:/movies/2025.2/Vitis/tps/tcl/tcllib2.0/control/pkgIndex.tcl 
Execute         source D:/movies/2025.2/Vitis/tps/tcl/tcllib2.0/coroutine/pkgIndex.tcl 
Execute         source D:/movies/2025.2/Vitis/tps/tcl/tcllib2.0/counter/pkgIndex.tcl 
Execute         source D:/movies/2025.2/Vitis/tps/tcl/tcllib2.0/crc/pkgIndex.tcl 
Execute         source D:/movies/2025.2/Vitis/tps/tcl/tcllib2.0/cron/pkgIndex.tcl 
Execute         source D:/movies/2025.2/Vitis/tps/tcl/tcllib2.0/csv/pkgIndex.tcl 
Execute         source D:/movies/2025.2/Vitis/tps/tcl/tcllib2.0/debug/pkgIndex.tcl 
Execute         source D:/movies/2025.2/Vitis/tps/tcl/tcllib2.0/defer/pkgIndex.tcl 
Execute         source D:/movies/2025.2/Vitis/tps/tcl/tcllib2.0/dicttool/pkgIndex.tcl 
Execute         source D:/movies/2025.2/Vitis/tps/tcl/tcllib2.0/dns/pkgIndex.tcl 
Execute         source D:/movies/2025.2/Vitis/tps/tcl/tcllib2.0/docstrip/pkgIndex.tcl 
Execute         source D:/movies/2025.2/Vitis/tps/tcl/tcllib2.0/doctools/pkgIndex.tcl 
Execute         source D:/movies/2025.2/Vitis/tps/tcl/tcllib2.0/doctools2base/pkgIndex.tcl 
Execute         source D:/movies/2025.2/Vitis/tps/tcl/tcllib2.0/doctools2idx/pkgIndex.tcl 
Execute         source D:/movies/2025.2/Vitis/tps/tcl/tcllib2.0/doctools2toc/pkgIndex.tcl 
Execute         source D:/movies/2025.2/Vitis/tps/tcl/tcllib2.0/dtplite/pkgIndex.tcl 
Execute         source D:/movies/2025.2/Vitis/tps/tcl/tcllib2.0/fileutil/pkgIndex.tcl 
Execute         source D:/movies/2025.2/Vitis/tps/tcl/tcllib2.0/ftp/pkgIndex.tcl 
Execute         source D:/movies/2025.2/Vitis/tps/tcl/tcllib2.0/ftpd/pkgIndex.tcl 
Execute         source D:/movies/2025.2/Vitis/tps/tcl/tcllib2.0/fumagic/pkgIndex.tcl 
Execute         source D:/movies/2025.2/Vitis/tps/tcl/tcllib2.0/generator/pkgIndex.tcl 
Execute         source D:/movies/2025.2/Vitis/tps/tcl/tcllib2.0/gpx/pkgIndex.tcl 
Execute         source D:/movies/2025.2/Vitis/tps/tcl/tcllib2.0/grammar_aycock/pkgIndex.tcl 
Execute         source D:/movies/2025.2/Vitis/tps/tcl/tcllib2.0/grammar_fa/pkgIndex.tcl 
Execute         source D:/movies/2025.2/Vitis/tps/tcl/tcllib2.0/grammar_me/pkgIndex.tcl 
Execute         source D:/movies/2025.2/Vitis/tps/tcl/tcllib2.0/grammar_peg/pkgIndex.tcl 
Execute         source D:/movies/2025.2/Vitis/tps/tcl/tcllib2.0/hook/pkgIndex.tcl 
Execute         source D:/movies/2025.2/Vitis/tps/tcl/tcllib2.0/html/pkgIndex.tcl 
Execute         source D:/movies/2025.2/Vitis/tps/tcl/tcllib2.0/htmlparse/pkgIndex.tcl 
Execute         source D:/movies/2025.2/Vitis/tps/tcl/tcllib2.0/http/pkgIndex.tcl 
Execute         source D:/movies/2025.2/Vitis/tps/tcl/tcllib2.0/httpd/pkgIndex.tcl 
Execute         source D:/movies/2025.2/Vitis/tps/tcl/tcllib2.0/httpwget/pkgIndex.tcl 
Execute         source D:/movies/2025.2/Vitis/tps/tcl/tcllib2.0/ident/pkgIndex.tcl 
Execute         source D:/movies/2025.2/Vitis/tps/tcl/tcllib2.0/imap4/pkgIndex.tcl 
Execute         source D:/movies/2025.2/Vitis/tps/tcl/tcllib2.0/inifile/pkgIndex.tcl 
Execute         source D:/movies/2025.2/Vitis/tps/tcl/tcllib2.0/interp/pkgIndex.tcl 
Execute         source D:/movies/2025.2/Vitis/tps/tcl/tcllib2.0/irc/pkgIndex.tcl 
Execute         source D:/movies/2025.2/Vitis/tps/tcl/tcllib2.0/javascript/pkgIndex.tcl 
Execute         source D:/movies/2025.2/Vitis/tps/tcl/tcllib2.0/jpeg/pkgIndex.tcl 
Execute         source D:/movies/2025.2/Vitis/tps/tcl/tcllib2.0/json/pkgIndex.tcl 
Execute         source D:/movies/2025.2/Vitis/tps/tcl/tcllib2.0/lambda/pkgIndex.tcl 
Execute         source D:/movies/2025.2/Vitis/tps/tcl/tcllib2.0/lazyset/pkgIndex.tcl 
Execute         source D:/movies/2025.2/Vitis/tps/tcl/tcllib2.0/ldap/pkgIndex.tcl 
Execute         source D:/movies/2025.2/Vitis/tps/tcl/tcllib2.0/log/pkgIndex.tcl 
Execute         source D:/movies/2025.2/Vitis/tps/tcl/tcllib2.0/map/pkgIndex.tcl 
Execute         source D:/movies/2025.2/Vitis/tps/tcl/tcllib2.0/mapproj/pkgIndex.tcl 
Execute         source D:/movies/2025.2/Vitis/tps/tcl/tcllib2.0/markdown/pkgIndex.tcl 
Execute         source D:/movies/2025.2/Vitis/tps/tcl/tcllib2.0/math/pkgIndex.tcl 
Execute         source D:/movies/2025.2/Vitis/tps/tcl/tcllib2.0/md4/pkgIndex.tcl 
Execute         source D:/movies/2025.2/Vitis/tps/tcl/tcllib2.0/md5/pkgIndex.tcl 
Execute         source D:/movies/2025.2/Vitis/tps/tcl/tcllib2.0/md5crypt/pkgIndex.tcl 
Execute         source D:/movies/2025.2/Vitis/tps/tcl/tcllib2.0/mime/pkgIndex.tcl 
Execute         source D:/movies/2025.2/Vitis/tps/tcl/tcllib2.0/mkdoc/pkgIndex.tcl 
Execute         source D:/movies/2025.2/Vitis/tps/tcl/tcllib2.0/multiplexer/pkgIndex.tcl 
Execute         source D:/movies/2025.2/Vitis/tps/tcl/tcllib2.0/namespacex/pkgIndex.tcl 
Execute         source D:/movies/2025.2/Vitis/tps/tcl/tcllib2.0/ncgi/pkgIndex.tcl 
Execute         source D:/movies/2025.2/Vitis/tps/tcl/tcllib2.0/nettool/pkgIndex.tcl 
Execute         source D:/movies/2025.2/Vitis/tps/tcl/tcllib2.0/nmea/pkgIndex.tcl 
Execute         source D:/movies/2025.2/Vitis/tps/tcl/tcllib2.0/nns/pkgIndex.tcl 
Execute         source D:/movies/2025.2/Vitis/tps/tcl/tcllib2.0/nntp/pkgIndex.tcl 
Execute         source D:/movies/2025.2/Vitis/tps/tcl/tcllib2.0/ntp/pkgIndex.tcl 
Execute         source D:/movies/2025.2/Vitis/tps/tcl/tcllib2.0/oauth/pkgIndex.tcl 
Execute         source D:/movies/2025.2/Vitis/tps/tcl/tcllib2.0/oodialect/pkgIndex.tcl 
Execute         source D:/movies/2025.2/Vitis/tps/tcl/tcllib2.0/oometa/pkgIndex.tcl 
Execute         source D:/movies/2025.2/Vitis/tps/tcl/tcllib2.0/ooutil/pkgIndex.tcl 
Execute         source D:/movies/2025.2/Vitis/tps/tcl/tcllib2.0/otp/pkgIndex.tcl 
Execute         source D:/movies/2025.2/Vitis/tps/tcl/tcllib2.0/page/pkgIndex.tcl 
Execute         source D:/movies/2025.2/Vitis/tps/tcl/tcllib2.0/pluginmgr/pkgIndex.tcl 
Execute         source D:/movies/2025.2/Vitis/tps/tcl/tcllib2.0/png/pkgIndex.tcl 
Execute         source D:/movies/2025.2/Vitis/tps/tcl/tcllib2.0/pop3/pkgIndex.tcl 
Execute         source D:/movies/2025.2/Vitis/tps/tcl/tcllib2.0/pop3d/pkgIndex.tcl 
Execute         source D:/movies/2025.2/Vitis/tps/tcl/tcllib2.0/practcl/pkgIndex.tcl 
Execute         source D:/movies/2025.2/Vitis/tps/tcl/tcllib2.0/processman/pkgIndex.tcl 
Execute         source D:/movies/2025.2/Vitis/tps/tcl/tcllib2.0/profiler/pkgIndex.tcl 
Execute         source D:/movies/2025.2/Vitis/tps/tcl/tcllib2.0/pt/pkgIndex.tcl 
Execute         source D:/movies/2025.2/Vitis/tps/tcl/tcllib2.0/rcs/pkgIndex.tcl 
Execute         source D:/movies/2025.2/Vitis/tps/tcl/tcllib2.0/report/pkgIndex.tcl 
Execute         source D:/movies/2025.2/Vitis/tps/tcl/tcllib2.0/rest/pkgIndex.tcl 
Execute         source D:/movies/2025.2/Vitis/tps/tcl/tcllib2.0/ripemd/pkgIndex.tcl 
Execute         source D:/movies/2025.2/Vitis/tps/tcl/tcllib2.0/sasl/pkgIndex.tcl 
Execute         source D:/movies/2025.2/Vitis/tps/tcl/tcllib2.0/sha1/pkgIndex.tcl 
Execute         source D:/movies/2025.2/Vitis/tps/tcl/tcllib2.0/simulation/pkgIndex.tcl 
Execute         source D:/movies/2025.2/Vitis/tps/tcl/tcllib2.0/smtpd/pkgIndex.tcl 
Execute         source D:/movies/2025.2/Vitis/tps/tcl/tcllib2.0/snit/pkgIndex.tcl 
Execute         source D:/movies/2025.2/Vitis/tps/tcl/tcllib2.0/soundex/pkgIndex.tcl 
Execute         source D:/movies/2025.2/Vitis/tps/tcl/tcllib2.0/stooop/pkgIndex.tcl 
Execute         source D:/movies/2025.2/Vitis/tps/tcl/tcllib2.0/string/pkgIndex.tcl 
Execute         source D:/movies/2025.2/Vitis/tps/tcl/tcllib2.0/stringprep/pkgIndex.tcl 
Execute         source D:/movies/2025.2/Vitis/tps/tcl/tcllib2.0/struct/pkgIndex.tcl 
Execute         source D:/movies/2025.2/Vitis/tps/tcl/tcllib2.0/tar/pkgIndex.tcl 
Execute         source D:/movies/2025.2/Vitis/tps/tcl/tcllib2.0/tepam/pkgIndex.tcl 
Execute         source D:/movies/2025.2/Vitis/tps/tcl/tcllib2.0/term/pkgIndex.tcl 
Execute         source D:/movies/2025.2/Vitis/tps/tcl/tcllib2.0/textutil/pkgIndex.tcl 
Execute         source D:/movies/2025.2/Vitis/tps/tcl/tcllib2.0/tie/pkgIndex.tcl 
Execute         source D:/movies/2025.2/Vitis/tps/tcl/tcllib2.0/tiff/pkgIndex.tcl 
Execute         source D:/movies/2025.2/Vitis/tps/tcl/tcllib2.0/tool/pkgIndex.tcl 
Execute         source D:/movies/2025.2/Vitis/tps/tcl/tcllib2.0/transfer/pkgIndex.tcl 
Execute         source D:/movies/2025.2/Vitis/tps/tcl/tcllib2.0/treeql/pkgIndex.tcl 
Execute         source D:/movies/2025.2/Vitis/tps/tcl/tcllib2.0/try/pkgIndex.tcl 
Execute         source D:/movies/2025.2/Vitis/tps/tcl/tcllib2.0/udpcluster/pkgIndex.tcl 
Execute         source D:/movies/2025.2/Vitis/tps/tcl/tcllib2.0/uev/pkgIndex.tcl 
Execute         source D:/movies/2025.2/Vitis/tps/tcl/tcllib2.0/units/pkgIndex.tcl 
Execute         source D:/movies/2025.2/Vitis/tps/tcl/tcllib2.0/uri/pkgIndex.tcl 
Execute         source D:/movies/2025.2/Vitis/tps/tcl/tcllib2.0/uuid/pkgIndex.tcl 
Execute         source D:/movies/2025.2/Vitis/tps/tcl/tcllib2.0/valtype/pkgIndex.tcl 
Execute         source D:/movies/2025.2/Vitis/tps/tcl/tcllib2.0/virtchannel_base/pkgIndex.tcl 
Execute         source D:/movies/2025.2/Vitis/tps/tcl/tcllib2.0/virtchannel_core/pkgIndex.tcl 
Execute         source D:/movies/2025.2/Vitis/tps/tcl/tcllib2.0/virtchannel_transform/pkgIndex.tcl 
Execute         source D:/movies/2025.2/Vitis/tps/tcl/tcllib2.0/websocket/pkgIndex.tcl 
Execute         source D:/movies/2025.2/Vitis/tps/tcl/tcllib2.0/wip/pkgIndex.tcl 
Execute         source D:/movies/2025.2/Vitis/tps/tcl/tcllib2.0/yaml/pkgIndex.tcl 
Execute         source D:/movies/2025.2/Vitis/tps/tcl/tcllib2.0/zip/pkgIndex.tcl 
Execute         source D:/movies/2025.2/Vitis/tps/tcl/tcllib2.0/pkgIndex.tcl 
Execute           source D:/movies/2025.2/Vitis/tps/tcl/tcllib2.0/0compatibility/pkgIndex.tcl 
Execute           source D:/movies/2025.2/Vitis/tps/tcl/tcllib2.0/amazon-s3/pkgIndex.tcl 
Execute           source D:/movies/2025.2/Vitis/tps/tcl/tcllib2.0/asn/pkgIndex.tcl 
Execute           source D:/movies/2025.2/Vitis/tps/tcl/tcllib2.0/base32/pkgIndex.tcl 
Execute           source D:/movies/2025.2/Vitis/tps/tcl/tcllib2.0/base64/pkgIndex.tcl 
Execute           source D:/movies/2025.2/Vitis/tps/tcl/tcllib2.0/bee/pkgIndex.tcl 
Execute           source D:/movies/2025.2/Vitis/tps/tcl/tcllib2.0/bench/pkgIndex.tcl 
Execute           source D:/movies/2025.2/Vitis/tps/tcl/tcllib2.0/bibtex/pkgIndex.tcl 
Execute           source D:/movies/2025.2/Vitis/tps/tcl/tcllib2.0/cache/pkgIndex.tcl 
Execute           source D:/movies/2025.2/Vitis/tps/tcl/tcllib2.0/clay/pkgIndex.tcl 
Execute           source D:/movies/2025.2/Vitis/tps/tcl/tcllib2.0/clock/pkgIndex.tcl 
Execute           source D:/movies/2025.2/Vitis/tps/tcl/tcllib2.0/cmdline/pkgIndex.tcl 
Execute           source D:/movies/2025.2/Vitis/tps/tcl/tcllib2.0/comm/pkgIndex.tcl 
Execute           source D:/movies/2025.2/Vitis/tps/tcl/tcllib2.0/control/pkgIndex.tcl 
Execute           source D:/movies/2025.2/Vitis/tps/tcl/tcllib2.0/coroutine/pkgIndex.tcl 
Execute           source D:/movies/2025.2/Vitis/tps/tcl/tcllib2.0/counter/pkgIndex.tcl 
Execute           source D:/movies/2025.2/Vitis/tps/tcl/tcllib2.0/crc/pkgIndex.tcl 
Execute           source D:/movies/2025.2/Vitis/tps/tcl/tcllib2.0/cron/pkgIndex.tcl 
Execute           source D:/movies/2025.2/Vitis/tps/tcl/tcllib2.0/csv/pkgIndex.tcl 
Execute           source D:/movies/2025.2/Vitis/tps/tcl/tcllib2.0/debug/pkgIndex.tcl 
Execute           source D:/movies/2025.2/Vitis/tps/tcl/tcllib2.0/defer/pkgIndex.tcl 
Execute           source D:/movies/2025.2/Vitis/tps/tcl/tcllib2.0/dicttool/pkgIndex.tcl 
Execute           source D:/movies/2025.2/Vitis/tps/tcl/tcllib2.0/dns/pkgIndex.tcl 
Execute           source D:/movies/2025.2/Vitis/tps/tcl/tcllib2.0/docstrip/pkgIndex.tcl 
Execute           source D:/movies/2025.2/Vitis/tps/tcl/tcllib2.0/doctools/pkgIndex.tcl 
Execute           source D:/movies/2025.2/Vitis/tps/tcl/tcllib2.0/doctools2base/pkgIndex.tcl 
Execute           source D:/movies/2025.2/Vitis/tps/tcl/tcllib2.0/doctools2idx/pkgIndex.tcl 
Execute           source D:/movies/2025.2/Vitis/tps/tcl/tcllib2.0/doctools2toc/pkgIndex.tcl 
Execute           source D:/movies/2025.2/Vitis/tps/tcl/tcllib2.0/dtplite/pkgIndex.tcl 
Execute           source D:/movies/2025.2/Vitis/tps/tcl/tcllib2.0/fileutil/pkgIndex.tcl 
Execute           source D:/movies/2025.2/Vitis/tps/tcl/tcllib2.0/ftp/pkgIndex.tcl 
Execute           source D:/movies/2025.2/Vitis/tps/tcl/tcllib2.0/ftpd/pkgIndex.tcl 
Execute           source D:/movies/2025.2/Vitis/tps/tcl/tcllib2.0/fumagic/pkgIndex.tcl 
Execute           source D:/movies/2025.2/Vitis/tps/tcl/tcllib2.0/generator/pkgIndex.tcl 
Execute           source D:/movies/2025.2/Vitis/tps/tcl/tcllib2.0/gpx/pkgIndex.tcl 
Execute           source D:/movies/2025.2/Vitis/tps/tcl/tcllib2.0/grammar_aycock/pkgIndex.tcl 
Execute           source D:/movies/2025.2/Vitis/tps/tcl/tcllib2.0/grammar_fa/pkgIndex.tcl 
Execute           source D:/movies/2025.2/Vitis/tps/tcl/tcllib2.0/grammar_me/pkgIndex.tcl 
Execute           source D:/movies/2025.2/Vitis/tps/tcl/tcllib2.0/grammar_peg/pkgIndex.tcl 
Execute           source D:/movies/2025.2/Vitis/tps/tcl/tcllib2.0/hook/pkgIndex.tcl 
Execute           source D:/movies/2025.2/Vitis/tps/tcl/tcllib2.0/html/pkgIndex.tcl 
Execute           source D:/movies/2025.2/Vitis/tps/tcl/tcllib2.0/htmlparse/pkgIndex.tcl 
Execute           source D:/movies/2025.2/Vitis/tps/tcl/tcllib2.0/http/pkgIndex.tcl 
Execute           source D:/movies/2025.2/Vitis/tps/tcl/tcllib2.0/httpd/pkgIndex.tcl 
Execute           source D:/movies/2025.2/Vitis/tps/tcl/tcllib2.0/httpwget/pkgIndex.tcl 
Execute           source D:/movies/2025.2/Vitis/tps/tcl/tcllib2.0/ident/pkgIndex.tcl 
Execute           source D:/movies/2025.2/Vitis/tps/tcl/tcllib2.0/imap4/pkgIndex.tcl 
Execute           source D:/movies/2025.2/Vitis/tps/tcl/tcllib2.0/inifile/pkgIndex.tcl 
Execute           source D:/movies/2025.2/Vitis/tps/tcl/tcllib2.0/interp/pkgIndex.tcl 
Execute           source D:/movies/2025.2/Vitis/tps/tcl/tcllib2.0/irc/pkgIndex.tcl 
Execute           source D:/movies/2025.2/Vitis/tps/tcl/tcllib2.0/javascript/pkgIndex.tcl 
Execute           source D:/movies/2025.2/Vitis/tps/tcl/tcllib2.0/jpeg/pkgIndex.tcl 
Execute           source D:/movies/2025.2/Vitis/tps/tcl/tcllib2.0/json/pkgIndex.tcl 
Execute           source D:/movies/2025.2/Vitis/tps/tcl/tcllib2.0/lambda/pkgIndex.tcl 
Execute           source D:/movies/2025.2/Vitis/tps/tcl/tcllib2.0/lazyset/pkgIndex.tcl 
Execute           source D:/movies/2025.2/Vitis/tps/tcl/tcllib2.0/ldap/pkgIndex.tcl 
Execute           source D:/movies/2025.2/Vitis/tps/tcl/tcllib2.0/log/pkgIndex.tcl 
Execute           source D:/movies/2025.2/Vitis/tps/tcl/tcllib2.0/map/pkgIndex.tcl 
Execute           source D:/movies/2025.2/Vitis/tps/tcl/tcllib2.0/mapproj/pkgIndex.tcl 
Execute           source D:/movies/2025.2/Vitis/tps/tcl/tcllib2.0/markdown/pkgIndex.tcl 
Execute           source D:/movies/2025.2/Vitis/tps/tcl/tcllib2.0/math/pkgIndex.tcl 
Execute           source D:/movies/2025.2/Vitis/tps/tcl/tcllib2.0/md4/pkgIndex.tcl 
Execute           source D:/movies/2025.2/Vitis/tps/tcl/tcllib2.0/md5/pkgIndex.tcl 
Execute           source D:/movies/2025.2/Vitis/tps/tcl/tcllib2.0/md5crypt/pkgIndex.tcl 
Execute           source D:/movies/2025.2/Vitis/tps/tcl/tcllib2.0/mime/pkgIndex.tcl 
Execute           source D:/movies/2025.2/Vitis/tps/tcl/tcllib2.0/mkdoc/pkgIndex.tcl 
Execute           source D:/movies/2025.2/Vitis/tps/tcl/tcllib2.0/multiplexer/pkgIndex.tcl 
Execute           source D:/movies/2025.2/Vitis/tps/tcl/tcllib2.0/namespacex/pkgIndex.tcl 
Execute           source D:/movies/2025.2/Vitis/tps/tcl/tcllib2.0/ncgi/pkgIndex.tcl 
Execute           source D:/movies/2025.2/Vitis/tps/tcl/tcllib2.0/nettool/pkgIndex.tcl 
Execute           source D:/movies/2025.2/Vitis/tps/tcl/tcllib2.0/nmea/pkgIndex.tcl 
Execute           source D:/movies/2025.2/Vitis/tps/tcl/tcllib2.0/nns/pkgIndex.tcl 
Execute           source D:/movies/2025.2/Vitis/tps/tcl/tcllib2.0/nntp/pkgIndex.tcl 
Execute           source D:/movies/2025.2/Vitis/tps/tcl/tcllib2.0/ntp/pkgIndex.tcl 
Execute           source D:/movies/2025.2/Vitis/tps/tcl/tcllib2.0/oauth/pkgIndex.tcl 
Execute           source D:/movies/2025.2/Vitis/tps/tcl/tcllib2.0/oodialect/pkgIndex.tcl 
Execute           source D:/movies/2025.2/Vitis/tps/tcl/tcllib2.0/oometa/pkgIndex.tcl 
Execute           source D:/movies/2025.2/Vitis/tps/tcl/tcllib2.0/ooutil/pkgIndex.tcl 
Execute           source D:/movies/2025.2/Vitis/tps/tcl/tcllib2.0/otp/pkgIndex.tcl 
Execute           source D:/movies/2025.2/Vitis/tps/tcl/tcllib2.0/page/pkgIndex.tcl 
Execute           source D:/movies/2025.2/Vitis/tps/tcl/tcllib2.0/pluginmgr/pkgIndex.tcl 
Execute           source D:/movies/2025.2/Vitis/tps/tcl/tcllib2.0/png/pkgIndex.tcl 
Execute           source D:/movies/2025.2/Vitis/tps/tcl/tcllib2.0/pop3/pkgIndex.tcl 
Execute           source D:/movies/2025.2/Vitis/tps/tcl/tcllib2.0/pop3d/pkgIndex.tcl 
Execute           source D:/movies/2025.2/Vitis/tps/tcl/tcllib2.0/practcl/pkgIndex.tcl 
Execute           source D:/movies/2025.2/Vitis/tps/tcl/tcllib2.0/processman/pkgIndex.tcl 
Execute           source D:/movies/2025.2/Vitis/tps/tcl/tcllib2.0/profiler/pkgIndex.tcl 
Execute           source D:/movies/2025.2/Vitis/tps/tcl/tcllib2.0/pt/pkgIndex.tcl 
Execute           source D:/movies/2025.2/Vitis/tps/tcl/tcllib2.0/rcs/pkgIndex.tcl 
Execute           source D:/movies/2025.2/Vitis/tps/tcl/tcllib2.0/report/pkgIndex.tcl 
Execute           source D:/movies/2025.2/Vitis/tps/tcl/tcllib2.0/rest/pkgIndex.tcl 
Execute           source D:/movies/2025.2/Vitis/tps/tcl/tcllib2.0/ripemd/pkgIndex.tcl 
Execute           source D:/movies/2025.2/Vitis/tps/tcl/tcllib2.0/sasl/pkgIndex.tcl 
Execute           source D:/movies/2025.2/Vitis/tps/tcl/tcllib2.0/sha1/pkgIndex.tcl 
Execute           source D:/movies/2025.2/Vitis/tps/tcl/tcllib2.0/simulation/pkgIndex.tcl 
Execute           source D:/movies/2025.2/Vitis/tps/tcl/tcllib2.0/smtpd/pkgIndex.tcl 
Execute           source D:/movies/2025.2/Vitis/tps/tcl/tcllib2.0/snit/pkgIndex.tcl 
Execute           source D:/movies/2025.2/Vitis/tps/tcl/tcllib2.0/soundex/pkgIndex.tcl 
Execute           source D:/movies/2025.2/Vitis/tps/tcl/tcllib2.0/stooop/pkgIndex.tcl 
Execute           source D:/movies/2025.2/Vitis/tps/tcl/tcllib2.0/string/pkgIndex.tcl 
Execute           source D:/movies/2025.2/Vitis/tps/tcl/tcllib2.0/stringprep/pkgIndex.tcl 
Execute           source D:/movies/2025.2/Vitis/tps/tcl/tcllib2.0/struct/pkgIndex.tcl 
Execute           source D:/movies/2025.2/Vitis/tps/tcl/tcllib2.0/tar/pkgIndex.tcl 
Execute           source D:/movies/2025.2/Vitis/tps/tcl/tcllib2.0/tepam/pkgIndex.tcl 
Execute           source D:/movies/2025.2/Vitis/tps/tcl/tcllib2.0/term/pkgIndex.tcl 
Execute           source D:/movies/2025.2/Vitis/tps/tcl/tcllib2.0/textutil/pkgIndex.tcl 
Execute           source D:/movies/2025.2/Vitis/tps/tcl/tcllib2.0/tie/pkgIndex.tcl 
Execute           source D:/movies/2025.2/Vitis/tps/tcl/tcllib2.0/tiff/pkgIndex.tcl 
Execute           source D:/movies/2025.2/Vitis/tps/tcl/tcllib2.0/tool/pkgIndex.tcl 
Execute           source D:/movies/2025.2/Vitis/tps/tcl/tcllib2.0/transfer/pkgIndex.tcl 
Execute           source D:/movies/2025.2/Vitis/tps/tcl/tcllib2.0/treeql/pkgIndex.tcl 
Execute           source D:/movies/2025.2/Vitis/tps/tcl/tcllib2.0/try/pkgIndex.tcl 
Execute           source D:/movies/2025.2/Vitis/tps/tcl/tcllib2.0/udpcluster/pkgIndex.tcl 
Execute           source D:/movies/2025.2/Vitis/tps/tcl/tcllib2.0/uev/pkgIndex.tcl 
Execute           source D:/movies/2025.2/Vitis/tps/tcl/tcllib2.0/units/pkgIndex.tcl 
Execute           source D:/movies/2025.2/Vitis/tps/tcl/tcllib2.0/uri/pkgIndex.tcl 
Execute           source D:/movies/2025.2/Vitis/tps/tcl/tcllib2.0/uuid/pkgIndex.tcl 
Execute           source D:/movies/2025.2/Vitis/tps/tcl/tcllib2.0/valtype/pkgIndex.tcl 
Execute           source D:/movies/2025.2/Vitis/tps/tcl/tcllib2.0/virtchannel_base/pkgIndex.tcl 
Execute           source D:/movies/2025.2/Vitis/tps/tcl/tcllib2.0/virtchannel_core/pkgIndex.tcl 
Execute           source D:/movies/2025.2/Vitis/tps/tcl/tcllib2.0/virtchannel_transform/pkgIndex.tcl 
Execute           source D:/movies/2025.2/Vitis/tps/tcl/tcllib2.0/websocket/pkgIndex.tcl 
Execute           source D:/movies/2025.2/Vitis/tps/tcl/tcllib2.0/wip/pkgIndex.tcl 
Execute           source D:/movies/2025.2/Vitis/tps/tcl/tcllib2.0/yaml/pkgIndex.tcl 
Execute           source D:/movies/2025.2/Vitis/tps/tcl/tcllib2.0/zip/pkgIndex.tcl 
Command         ap_source done; 0.149 sec.
Execute         source D:/movies/2025.2/Vitis/tps/tcl/tdom/pkgIndex.tcl 
Execute         source D:/movies/2025.2/Vitis/tps/tcl/tcl8.6/opt0.4/pkgIndex.tcl 
Execute         source D:/movies/2025.2/Vitis/tps/tcl/tcl8.6/pkgs/win/thread2.8.7/pkgIndex.tcl 
Command       ap_source done; 0.653 sec.
INFO-FLOW: Workspace C:/Users/duong/Desktop/xup_high_level_synthesis_design_flow-main/source/lab3/dct_pipeline/dct/hls opened at Sun Jun 14 21:44:06 -0400 2026
Execute       send_msg_by_id INFO @200-1505@%s%s default  vivado 
INFO: [HLS 200-1505] Using default flow_target 'vivado'
Execute       send_msg_by_id INFO @200-2174@%s%s component hls_config.cfg 
INFO: [HLS 200-2174] Applying component config ini file hls_config.cfg
Execute       apply_ini hls_config.cfg 
Execute         send_msg_by_id INFO @200-1465@%s 'syn.file=../dct.c' from hls_config.cfg(8) 
INFO: [HLS 200-1465] Applying config ini 'syn.file=../dct.c' from hls_config.cfg(8)
Execute         add_files C:/Users/duong/Desktop/xup_high_level_synthesis_design_flow-main/source/lab3/dct.c 
INFO: [HLS 200-10] Adding design file 'C:/Users/duong/Desktop/xup_high_level_synthesis_design_flow-main/source/lab3/dct.c' to the project
Execute         send_msg_by_id INFO @200-1465@%s 'syn.file=../dct.h' from hls_config.cfg(9) 
INFO: [HLS 200-1465] Applying config ini 'syn.file=../dct.h' from hls_config.cfg(9)
Execute         add_files C:/Users/duong/Desktop/xup_high_level_synthesis_design_flow-main/source/lab3/dct.h 
INFO: [HLS 200-10] Adding design file 'C:/Users/duong/Desktop/xup_high_level_synthesis_design_flow-main/source/lab3/dct.h' to the project
Execute         send_msg_by_id INFO @200-1465@%s 'tb.file=../dct_test.c' from hls_config.cfg(10) 
INFO: [HLS 200-1465] Applying config ini 'tb.file=../dct_test.c' from hls_config.cfg(10)
Execute         add_files -tb C:/Users/duong/Desktop/xup_high_level_synthesis_design_flow-main/source/lab3/dct_test.c 
INFO: [HLS 200-10] Adding test bench file 'C:/Users/duong/Desktop/xup_high_level_synthesis_design_flow-main/source/lab3/dct_test.c' to the project
Execute         send_msg_by_id INFO @200-1465@%s 'tb.file=../in.dat' from hls_config.cfg(11) 
INFO: [HLS 200-1465] Applying config ini 'tb.file=../in.dat' from hls_config.cfg(11)
Execute         add_files -tb C:/Users/duong/Desktop/xup_high_level_synthesis_design_flow-main/source/lab3/in.dat 
INFO: [HLS 200-10] Adding test bench file 'C:/Users/duong/Desktop/xup_high_level_synthesis_design_flow-main/source/lab3/in.dat' to the project
Execute         send_msg_by_id INFO @200-1465@%s 'tb.file=../out.golden.dat' from hls_config.cfg(12) 
INFO: [HLS 200-1465] Applying config ini 'tb.file=../out.golden.dat' from hls_config.cfg(12)
Execute         add_files -tb C:/Users/duong/Desktop/xup_high_level_synthesis_design_flow-main/source/lab3/out.golden.dat 
INFO: [HLS 200-10] Adding test bench file 'C:/Users/duong/Desktop/xup_high_level_synthesis_design_flow-main/source/lab3/out.golden.dat' to the project
Execute         send_msg_by_id INFO @200-1465@%s 'syn.top=dct' from hls_config.cfg(7) 
INFO: [HLS 200-1465] Applying config ini 'syn.top=dct' from hls_config.cfg(7)
Execute         set_top dct 
Execute         send_msg_by_id INFO @200-1465@%s 'flow_target=vivado' from hls_config.cfg(4) 
INFO: [HLS 200-1465] Applying config ini 'flow_target=vivado' from hls_config.cfg(4)
Execute         send_msg_by_id INFO @200-1505@%s%s  vivado 
INFO: [HLS 200-1505] Using flow_target 'vivado'
Execute         send_msg_by_id INFO @200-1465@%s 'part=xc7a35tfgg484-2' from hls_config.cfg(1) 
INFO: [HLS 200-1465] Applying config ini 'part=xc7a35tfgg484-2' from hls_config.cfg(1)
Execute         set_part xc7a35tfgg484-2 
Execute           create_platform xc7a35tfgg484-2 -board  
DBG:HLSDevice: Trying to load device library: D:/movies/2025.2/Vitis\lib\win64.o\xv_hlsvwrap.dll
DBG:HLSDevice: first parts/arch.xml in RDI_DATADIR: D:/movies/2025.2/Vivado/data/parts/arch.xml
DBG:HLSDevice: init success
INFO: [HLS 200-1611] Setting target device to 'xc7a35t-fgg484-2'
Command           create_platform done; 0.585 sec.
Execute           source D:/movies/2025.2/Vitis/common/technology/xilinx/common/xilinx.gen 
Execute             source D:/movies/2025.2/Vitis/common/technology/xilinx/interface/plb46.gen 
Execute             source D:/movies/2025.2/Vitis/common/technology/xilinx/interface/axi4.gen 
Execute             source D:/movies/2025.2/Vitis/common/technology/xilinx/interface/nativeAXI4.gen 
Execute               source D:/movies/2025.2/Vitis/common/technology/xilinx/interface/saxilite.gen 
Execute             source D:/movies/2025.2/Vitis/common/technology/xilinx/scripts/xilinxcoregen.gen 
Execute             source D:/movies/2025.2/Vitis/common/technology/xilinx/interface/XilEDKCoreGen.gen 
Execute             source D:/movies/2025.2/Vitis/common/technology/xilinx/ip/dds_compiler.gen 
Execute             source D:/movies/2025.2/Vitis/common/technology/xilinx/ip/util.gen 
Execute             source D:/movies/2025.2/Vitis/common/technology/xilinx/ip/xfft.gen 
Execute             source D:/movies/2025.2/Vitis/common/technology/xilinx/ip/xfir.gen 
Execute             source D:/movies/2025.2/Vitis/common/technology/xilinx/DSP48/dsp48.gen 
Execute           ap_part_info -name xc7a35t-fgg484-2 -data info 
Execute           config_compile -quiet -complex-mul-dsp=0 
Command         set_part done; 0.677 sec.
Execute         send_msg_by_id INFO @200-1465@%s 'package.output.format=ip_catalog' from hls_config.cfg(5) 
INFO: [HLS 200-1465] Applying config ini 'package.output.format=ip_catalog' from hls_config.cfg(5)
Execute         config_export -format=ip_catalog 
Command       apply_ini done; 0.748 sec.
Execute       write_component -config C:/Users/duong/Desktop/xup_high_level_synthesis_design_flow-main/source/lab3/dct_pipeline/hls_config.cfg 
Execute         send_msg_by_id INFO @200-2176@%s C:/Users/duong/Desktop/xup_high_level_synthesis_design_flow-main/source/lab3/dct_pipeline/dct/vitis-comp.json 
INFO: [HLS 200-2176] Writing Vitis IDE component file C:/Users/duong/Desktop/xup_high_level_synthesis_design_flow-main/source/lab3/dct_pipeline/dct/vitis-comp.json
Command     open_solution done; 1.449 sec.
Command   open_component done; 1.453 sec.
Execute   apply_ini C:/Users/duong/Desktop/xup_high_level_synthesis_design_flow-main/source/lab3/dct_pipeline/dct/hls/config.cmdline -iscmdline 
Execute   ::AP::init_summary_file csynth 
Execute     AP::app_get_file_relativeroot [AP::app_get_root] {}
Execute   csynth_design 
Execute     AP::msg_collection_file -open C:/Users/duong/Desktop/xup_high_level_synthesis_design_flow-main/source/lab3/dct_pipeline/dct/hls/.autopilot/db/be_messages.xml 
Execute     ap_part_info -name xc7a35t-fgg484-2 -data info 
INFO-FLOW: run_clang dct.c.xilinx-performance-pragma-detector exec: D:/movies/2025.2/Vitis/win64/tools/clang-16/bin/xilinx-performance-pragma-detector ../dct.c -- -fhls -D__VITIS_HLS__ -DAESL_SYN -D__SYNTHESIS__ -D__HLS_SYN__ -I D:/movies/2025.2/Vitis/common/technology/autopilot -I D:/movies/2025.2/Vitis/common/technology/autopilot/ap_sysc -include etc/autopilot_ssdm_op.h -D__DSP48E1__ -target fpga64-xilinx-mingw32 --sysroot D:/movies/2025.2/Vitis/tps/mingw/8.3.0/win64.o/nt {-hls-platform-db-name=D:/movies/2025.2/Vitis\common/technology\xilinx/common/platform.db} -hls-platform-name=artix7_medium -device-resource-info=BRAM_100.000000_DSP_90.000000_FF_41600.000000_LUT_20800.000000_SLICE_8150.000000_URAM_0.000000 -device-name-info=xc7a35tfgg484-2 > C:/Users/duong/Desktop/xup_high_level_synthesis_design_flow-main/source/lab3/dct_pipeline/dct/hls/.autopilot/db/dct.c.xilinx-performance-pragma-detector.out.log 2> C:/Users/duong/Desktop/xup_high_level_synthesis_design_flow-main/source/lab3/dct_pipeline/dct/hls/.autopilot/db/dct.c.xilinx-performance-pragma-detector.err.log
INFO-FLOW: run_clang result=success num-err-msgs=0 num-stderr-lines=1
Execute     elaborate -effort=medium -skip_syncheck=0 -keep_printf=0 -skip_cdt=0 -skip_transform=0 -ng=0 -g=0 -from_csynth_design=1 
INFO: [HLS 200-111] Finished File checks and directory preparation: CPU user time: 0 seconds. CPU system time: 1 seconds. Elapsed time: 2.722 seconds; current allocated memory: 139.457 MB.
Execute       send_msg_by_id INFO @200-2191@%s%s C-Synthesis clang-16 
INFO: [HLS 200-2191] C-Synthesis will use clang-16 as the compiler
Execute       set_directive_top dct -name=dct 
INFO: [HLS 200-10] Analyzing design file '../dct.c' ... 
INFO-FLOW: Compiling one TU...
INFO-FLOW: Handling ../dct.c as C
Execute       ap_part_info -name xc7a35t-fgg484-2 -data info 
INFO-FLOW: Running: GCC PP 39
INFO-FLOW: Source preprocessing
INFO-FLOW: run_clang dct.c.clang exec: D:/movies/2025.2/Vitis/win64/tools/clang-16/bin/clang ../dct.c -foptimization-record-file=C:/Users/duong/Desktop/xup_high_level_synthesis_design_flow-main/source/lab3/dct_pipeline/dct/hls/.autopilot/db/dct.c.clang.diag.yml -mllvm -pass-remarks-missed=reflow|pasta|unroll|inline -mllvm -pass-remarks=reflow|pasta|unroll|inline -fno-limit-debug-info --sysroot D:/movies/2025.2/Vitis/tps/mingw/8.3.0/win64.o/nt -fhls -fno-exceptions -insert-hls-directive=C:/Users/duong/Desktop/xup_high_level_synthesis_design_flow-main/source/lab3/dct_pipeline/dct/hls/.autopilot/db/all.directive.json -hls-directive-location -E -fno-math-errno -c -emit-llvm -mllvm -disable-llvm-optzns -Xclang -no-opaque-pointers -Xclang -fmerge-all-constants -Werror=implicit-hls-streams -Werror=return-type -Wpragmas -Wunused-parameter -Wdump-hls-pragmas -Wno-error=dump-hls-pragmas -hls-clock-period=10 -std=gnu99 -fgnu89-inline -target fpga64-xilinx-mingw32 -D__VITIS_HLS__ -DAESL_SYN -D__SYNTHESIS__ -D__HLS_SYN__ -I D:/movies/2025.2/Vitis/common/technology/autopilot -I D:/movies/2025.2/Vitis/common/technology/autopilot/ap_sysc -include etc/autopilot_ssdm_op.h -D__DSP48E1__ -o C:/Users/duong/Desktop/xup_high_level_synthesis_design_flow-main/source/lab3/dct_pipeline/dct/hls/.autopilot/db/dct.pp.0.c {-hls-platform-db-name=D:/movies/2025.2/Vitis\common/technology\xilinx/common/platform.db} -hls-platform-name=artix7_medium -device-resource-info=BRAM_100.000000_DSP_90.000000_FF_41600.000000_LUT_20800.000000_SLICE_8150.000000_URAM_0.000000 -device-name-info=xc7a35tfgg484-2 > C:/Users/duong/Desktop/xup_high_level_synthesis_design_flow-main/source/lab3/dct_pipeline/dct/hls/.autopilot/db/dct.c.clang.out.log 2> C:/Users/duong/Desktop/xup_high_level_synthesis_design_flow-main/source/lab3/dct_pipeline/dct/hls/.autopilot/db/dct.c.clang.err.log
INFO-FLOW: run_clang result=success num-err-msgs=0 num-stderr-lines=0
INFO-FLOW: Done: GCC PP 39 time: 0.2 seconds 
INFO-FLOW: Source syntax check for synthesis
INFO-FLOW: run_clang clang exec: D:/movies/2025.2/Vitis/win64/tools/clang-16/bin/clang -foptimization-record-file=C:/Users/duong/Desktop/xup_high_level_synthesis_design_flow-main/source/lab3/dct_pipeline/dct/hls/.autopilot/db/clang.diag.yml -mllvm -pass-remarks-missed=reflow|pasta|unroll|inline -mllvm -pass-remarks=reflow|pasta|unroll|inline -fsyntax-only -fhls -target fpga64-xilinx-linux-gnu C:/Users/duong/Desktop/xup_high_level_synthesis_design_flow-main/source/lab3/dct_pipeline/dct/hls/.autopilot/db/dct.pp.0.c {-hls-platform-db-name=D:/movies/2025.2/Vitis\common/technology\xilinx/common/platform.db} -hls-platform-name=artix7_medium -device-resource-info=BRAM_100.000000_DSP_90.000000_FF_41600.000000_LUT_20800.000000_SLICE_8150.000000_URAM_0.000000 -device-name-info=xc7a35tfgg484-2 > C:/Users/duong/Desktop/xup_high_level_synthesis_design_flow-main/source/lab3/dct_pipeline/dct/hls/.autopilot/db/clang.out.log 2> C:/Users/duong/Desktop/xup_high_level_synthesis_design_flow-main/source/lab3/dct_pipeline/dct/hls/.autopilot/db/clang.err.log
INFO-FLOW: run_clang result=success num-err-msgs=0 num-stderr-lines=0
Execute       clang_tidy xilinx-systemc-detector -desc systemc-detector C:/Users/duong/Desktop/xup_high_level_synthesis_design_flow-main/source/lab3/dct_pipeline/dct/hls/.autopilot/db/dct.pp.0.c std=gnu99 -target fpga -directive=C:/Users/duong/Desktop/xup_high_level_synthesis_design_flow-main/source/lab3/dct_pipeline/dct/hls/.autopilot/db/.systemc_flag 
INFO-FLOW: exec D:/movies/2025.2/Vitis/win64/tools/clang-16/bin/clang-tidy -header-filter=.* --checks=-*,xilinx-systemc-detector -import-directive=C:/Users/duong/Desktop/xup_high_level_synthesis_design_flow-main/source/lab3/dct_pipeline/dct/hls/.autopilot/db/.systemc_flag -fix-errors C:/Users/duong/Desktop/xup_high_level_synthesis_design_flow-main/source/lab3/dct_pipeline/dct/hls/.autopilot/db/dct.pp.0.c -- -std=gnu99 -target fpga -fhls -ferror-limit=0
INFO-FLOW: Running: clang-tidy CDT preprocess 39
Execute       clang_tidy xilinx-directive2pragma -desc directive2pragma C:/Users/duong/Desktop/xup_high_level_synthesis_design_flow-main/source/lab3/dct_pipeline/dct/hls/.autopilot/db/dct.pp.0.c std=gnu99 -target fpga -directive=C:/Users/duong/Desktop/xup_high_level_synthesis_design_flow-main/source/lab3/dct_pipeline/dct/hls/.autopilot/db/all.directive.json 
INFO-FLOW: exec D:/movies/2025.2/Vitis/win64/tools/clang-16/bin/clang-tidy -header-filter=.* --checks=-*,xilinx-directive2pragma -import-directive=C:/Users/duong/Desktop/xup_high_level_synthesis_design_flow-main/source/lab3/dct_pipeline/dct/hls/.autopilot/db/all.directive.json -fix-errors C:/Users/duong/Desktop/xup_high_level_synthesis_design_flow-main/source/lab3/dct_pipeline/dct/hls/.autopilot/db/dct.pp.0.c -- -std=gnu99 -target fpga -fhls -ferror-limit=0
Command       clang_tidy done; 0.103 sec.
INFO-FLOW: Done: clang-tidy CDT preprocess 39 time: 0.1 seconds 
INFO-FLOW: Calling xilinx-label-all-loops ... 
INFO-FLOW: Calling xilinx-aggregate-on-hls-vector ... 
Execute       clang_tidy -errorcheck -desc loop-label xilinx-label-all-loops,xilinx-aggregate-on-hls-vector,,xilinx-warn-mayneed-no-ctor-attribute C:/Users/duong/Desktop/xup_high_level_synthesis_design_flow-main/source/lab3/dct_pipeline/dct/hls/.autopilot/db/dct.pp.0.c std=gnu99 -target fpga 
INFO-FLOW: run_clang loop-label exec: D:/movies/2025.2/Vitis/win64/tools/clang-16/bin/clang-tidy -export-fixes=C:/Users/duong/Desktop/xup_high_level_synthesis_design_flow-main/source/lab3/dct_pipeline/dct/hls/.autopilot/db/dct.pp.0.c.clang-tidy.loop-label.diag.yml -header-filter=.* --checks=-*,xilinx-label-all-loops,xilinx-aggregate-on-hls-vector,,xilinx-warn-mayneed-no-ctor-attribute -fix-errors C:/Users/duong/Desktop/xup_high_level_synthesis_design_flow-main/source/lab3/dct_pipeline/dct/hls/.autopilot/db/dct.pp.0.c -- -std=gnu99 -target fpga -fhls -ferror-limit=0 > C:/Users/duong/Desktop/xup_high_level_synthesis_design_flow-main/source/lab3/dct_pipeline/dct/hls/.autopilot/db/dct.pp.0.c.clang-tidy.loop-label.out.log 2> C:/Users/duong/Desktop/xup_high_level_synthesis_design_flow-main/source/lab3/dct_pipeline/dct/hls/.autopilot/db/dct.pp.0.c.clang-tidy.loop-label.err.log
Execute         source D:/movies/2025.2/Vitis/tps/tcl/tcllib2.0/yaml/yaml.tcl 
Execute           source D:/movies/2025.2/Vitis/tps/tcl/tcllib2.0/cmdline/cmdline.tcl 
INFO-FLOW: run_clang result=success num-err-msgs=0 num-stderr-lines=26
Command       clang_tidy done; 0.152 sec.
INFO-FLOW: run_clang dct.pp.0.c.xilinx-dataflow-lawyer exec: D:/movies/2025.2/Vitis/win64/tools/clang-16/bin/xilinx-dataflow-lawyer -export-fixes=C:/Users/duong/Desktop/xup_high_level_synthesis_design_flow-main/source/lab3/dct_pipeline/dct/hls/.autopilot/db/dct.pp.0.c.xilinx-dataflow-lawyer.diag.yml C:/Users/duong/Desktop/xup_high_level_synthesis_design_flow-main/source/lab3/dct_pipeline/dct/hls/.autopilot/db/dct.pp.0.c -- -std=gnu99 -target fpga -fhls -ferror-limit=0 -fstrict-dataflow > C:/Users/duong/Desktop/xup_high_level_synthesis_design_flow-main/source/lab3/dct_pipeline/dct/hls/.autopilot/db/dct.pp.0.c.xilinx-dataflow-lawyer.out.log 2> C:/Users/duong/Desktop/xup_high_level_synthesis_design_flow-main/source/lab3/dct_pipeline/dct/hls/.autopilot/db/dct.pp.0.c.xilinx-dataflow-lawyer.err.log
INFO-FLOW: run_clang result=success num-err-msgs=0 num-stderr-lines=0
Execute       ap_part_info -name xc7a35t-fgg484-2 -data info 
INFO-FLOW: compiling source code to llvm bc
INFO-FLOW: run_clang dct.pp.0.c.clang exec: D:/movies/2025.2/Vitis/win64/tools/clang-16/bin/clang -foptimization-record-file=C:/Users/duong/Desktop/xup_high_level_synthesis_design_flow-main/source/lab3/dct_pipeline/dct/hls/.autopilot/db/dct.pp.0.c.clang.diag.yml -mllvm -pass-remarks-missed=reflow|pasta|unroll|inline -mllvm -pass-remarks=reflow|pasta|unroll|inline -flto -fno-exceptions -Wno-error=c++11-narrowing -fno-limit-debug-info -fhls -hls-emit-hint-scope C:/Users/duong/Desktop/xup_high_level_synthesis_design_flow-main/source/lab3/dct_pipeline/dct/hls/.autopilot/db/dct.pp.0.c -fno-math-errno -c -emit-llvm -mllvm -disable-llvm-optzns -Xclang -no-opaque-pointers -Xclang -fmerge-all-constants -Werror=implicit-hls-streams -Werror=return-type -Wpragmas -Wunused-parameter -Wdump-hls-pragmas -Wno-error=dump-hls-pragmas -hls-clock-period=10 -std=gnu99 -fgnu89-inline -target fpga64-xilinx-linux-gnu -D__VITIS_HLS__ -DAESL_SYN -D__SYNTHESIS__ -D__HLS_SYN__ -I D:/movies/2025.2/Vitis/common/technology/autopilot -I D:/movies/2025.2/Vitis/common/technology/autopilot/ap_sysc -include etc/autopilot_ssdm_op.h -D__DSP48E1__ -g -o C:/Users/duong/Desktop/xup_high_level_synthesis_design_flow-main/source/lab3/dct_pipeline/dct/hls/.autopilot/db/dct.pre.g.bc {-hls-platform-db-name=D:/movies/2025.2/Vitis\common/technology\xilinx/common/platform.db} -hls-platform-name=artix7_medium -device-resource-info=BRAM_100.000000_DSP_90.000000_FF_41600.000000_LUT_20800.000000_SLICE_8150.000000_URAM_0.000000 -device-name-info=xc7a35tfgg484-2 > C:/Users/duong/Desktop/xup_high_level_synthesis_design_flow-main/source/lab3/dct_pipeline/dct/hls/.autopilot/db/dct.pp.0.c.clang.out.log 2> C:/Users/duong/Desktop/xup_high_level_synthesis_design_flow-main/source/lab3/dct_pipeline/dct/hls/.autopilot/db/dct.pp.0.c.clang.err.log
INFO-FLOW: run_clang result=success num-err-msgs=0 num-stderr-lines=0
INFO-FLOW: converting llvm 16.0.4 bc to downstrem bc
INFO-FLOW: run_clang dct.bc.llvm-converter exec: D:/movies/2025.2/Vitis/win64/tools/clang-16/bin/llvm-converter -opaque-pointers=0 C:/Users/duong/Desktop/xup_high_level_synthesis_design_flow-main/source/lab3/dct_pipeline/dct/hls/.autopilot/db/dct.pre.g.bc -o C:/Users/duong/Desktop/xup_high_level_synthesis_design_flow-main/source/lab3/dct_pipeline/dct/hls/.autopilot/db/dct.bc > C:/Users/duong/Desktop/xup_high_level_synthesis_design_flow-main/source/lab3/dct_pipeline/dct/hls/.autopilot/db/dct.bc.llvm-converter.out.log 2> C:/Users/duong/Desktop/xup_high_level_synthesis_design_flow-main/source/lab3/dct_pipeline/dct/hls/.autopilot/db/dct.bc.llvm-converter.err.log
INFO-FLOW: run_clang result=success num-err-msgs=0 num-stderr-lines=0
INFO: [HLS 200-111] Finished Source Code Analysis and Preprocessing: CPU user time: 1 seconds. CPU system time: 0 seconds. Elapsed time: 1.122 seconds; current allocated memory: 142.062 MB.
INFO-FLOW: Linking Debug ...
INFO-FLOW: Linking dut bc code.
Execute       run_link_or_opt -out C:/Users/duong/Desktop/xup_high_level_synthesis_design_flow-main/source/lab3/dct_pipeline/dct/hls/.autopilot/db/a.g.ld.0.bc -args C:/Users/duong/Desktop/xup_high_level_synthesis_design_flow-main/source/lab3/dct_pipeline/dct/hls/.autopilot/db/dct.bc 
INFO-FLOW: run_clang a.g.ld.0.bc.llvm-link exec: D:/movies/2025.2/Vitis/win64/tools/clang-3.9-csynth/bin/llvm-link C:/Users/duong/Desktop/xup_high_level_synthesis_design_flow-main/source/lab3/dct_pipeline/dct/hls/.autopilot/db/dct.bc -o C:/Users/duong/Desktop/xup_high_level_synthesis_design_flow-main/source/lab3/dct_pipeline/dct/hls/.autopilot/db/a.g.ld.0.bc > C:/Users/duong/Desktop/xup_high_level_synthesis_design_flow-main/source/lab3/dct_pipeline/dct/hls/.autopilot/db/a.g.ld.0.bc.llvm-link.out.log 2> C:/Users/duong/Desktop/xup_high_level_synthesis_design_flow-main/source/lab3/dct_pipeline/dct/hls/.autopilot/db/a.g.ld.0.bc.llvm-link.err.log
INFO-FLOW: run_clang result=success num-err-msgs=0 num-stderr-lines=0
Execute       run_link_or_opt -opt -out C:/Users/duong/Desktop/xup_high_level_synthesis_design_flow-main/source/lab3/dct_pipeline/dct/hls/.autopilot/db/a.g.ld.1.lower.bc -args C:/Users/duong/Desktop/xup_high_level_synthesis_design_flow-main/source/lab3/dct_pipeline/dct/hls/.autopilot/db/a.g.ld.0.bc -reflow-lower-math-intrinsics 
INFO-FLOW: run_clang a.g.ld.1.lower.bc.opt exec: D:/movies/2025.2/Vitis/win64/tools/clang-3.9-csynth/bin/opt -pass-remarks-missed=reflow|pasta|unroll|inline -pass-remarks=reflow|pasta|unroll|inline -pass-remarks-output=C:/Users/duong/Desktop/xup_high_level_synthesis_design_flow-main/source/lab3/dct_pipeline/dct/hls/.autopilot/db/a.g.ld.1.lower.bc.opt.diag.yml C:/Users/duong/Desktop/xup_high_level_synthesis_design_flow-main/source/lab3/dct_pipeline/dct/hls/.autopilot/db/a.g.ld.0.bc -reflow-lower-math-intrinsics -o C:/Users/duong/Desktop/xup_high_level_synthesis_design_flow-main/source/lab3/dct_pipeline/dct/hls/.autopilot/db/a.g.ld.1.lower.bc > C:/Users/duong/Desktop/xup_high_level_synthesis_design_flow-main/source/lab3/dct_pipeline/dct/hls/.autopilot/db/a.g.ld.1.lower.bc.opt.out.log 2> C:/Users/duong/Desktop/xup_high_level_synthesis_design_flow-main/source/lab3/dct_pipeline/dct/hls/.autopilot/db/a.g.ld.1.lower.bc.opt.err.log
INFO-FLOW: run_clang result=success num-err-msgs=0 num-stderr-lines=0
INFO-FLOW: Running: gen_design_size_report post-opt
INFO-FLOW: Done: gen_design_size_report post-opt time: 0 seconds 
INFO-FLOW: Linking math bc lib
Execute       run_link_or_opt -out C:/Users/duong/Desktop/xup_high_level_synthesis_design_flow-main/source/lab3/dct_pipeline/dct/hls/.autopilot/db/a.g.ld.2.m1.bc -args C:/Users/duong/Desktop/xup_high_level_synthesis_design_flow-main/source/lab3/dct_pipeline/dct/hls/.autopilot/db/a.g.ld.1.lower.bc -only-needed D:/movies/2025.2/Vitis/win64/lib/libhlsm_39.bc D:/movies/2025.2/Vitis/win64/lib/libhlsmc++_39.bc 
INFO-FLOW: run_clang a.g.ld.2.m1.bc.llvm-link exec: D:/movies/2025.2/Vitis/win64/tools/clang-3.9-csynth/bin/llvm-link C:/Users/duong/Desktop/xup_high_level_synthesis_design_flow-main/source/lab3/dct_pipeline/dct/hls/.autopilot/db/a.g.ld.1.lower.bc -only-needed D:/movies/2025.2/Vitis/win64/lib/libhlsm_39.bc D:/movies/2025.2/Vitis/win64/lib/libhlsmc++_39.bc -o C:/Users/duong/Desktop/xup_high_level_synthesis_design_flow-main/source/lab3/dct_pipeline/dct/hls/.autopilot/db/a.g.ld.2.m1.bc > C:/Users/duong/Desktop/xup_high_level_synthesis_design_flow-main/source/lab3/dct_pipeline/dct/hls/.autopilot/db/a.g.ld.2.m1.bc.llvm-link.out.log 2> C:/Users/duong/Desktop/xup_high_level_synthesis_design_flow-main/source/lab3/dct_pipeline/dct/hls/.autopilot/db/a.g.ld.2.m1.bc.llvm-link.err.log
INFO-FLOW: run_clang result=success num-err-msgs=0 num-stderr-lines=0
Command       run_link_or_opt done; 1.599 sec.
Execute       run_link_or_opt -opt -out C:/Users/duong/Desktop/xup_high_level_synthesis_design_flow-main/source/lab3/dct_pipeline/dct/hls/.autopilot/db/a.g.ld.3.fpc.bc -args C:/Users/duong/Desktop/xup_high_level_synthesis_design_flow-main/source/lab3/dct_pipeline/dct/hls/.autopilot/db/a.g.ld.2.m1.bc -reflow-globaldce -hls-top-function-name=dct -reflow-float-conversion 
INFO-FLOW: run_clang a.g.ld.3.fpc.bc.opt exec: D:/movies/2025.2/Vitis/win64/tools/clang-3.9-csynth/bin/opt -pass-remarks-missed=reflow|pasta|unroll|inline -pass-remarks=reflow|pasta|unroll|inline -pass-remarks-output=C:/Users/duong/Desktop/xup_high_level_synthesis_design_flow-main/source/lab3/dct_pipeline/dct/hls/.autopilot/db/a.g.ld.3.fpc.bc.opt.diag.yml C:/Users/duong/Desktop/xup_high_level_synthesis_design_flow-main/source/lab3/dct_pipeline/dct/hls/.autopilot/db/a.g.ld.2.m1.bc -reflow-globaldce -hls-top-function-name=dct -reflow-float-conversion -o C:/Users/duong/Desktop/xup_high_level_synthesis_design_flow-main/source/lab3/dct_pipeline/dct/hls/.autopilot/db/a.g.ld.3.fpc.bc > C:/Users/duong/Desktop/xup_high_level_synthesis_design_flow-main/source/lab3/dct_pipeline/dct/hls/.autopilot/db/a.g.ld.3.fpc.bc.opt.out.log 2> C:/Users/duong/Desktop/xup_high_level_synthesis_design_flow-main/source/lab3/dct_pipeline/dct/hls/.autopilot/db/a.g.ld.3.fpc.bc.opt.err.log
INFO-FLOW: run_clang result=success num-err-msgs=0 num-stderr-lines=0
INFO-FLOW: Running: gen_design_size_report post-opt
INFO-FLOW: Done: gen_design_size_report post-opt time: 0 seconds 
Command       run_link_or_opt done; 0.701 sec.
Execute       run_link_or_opt -out C:/Users/duong/Desktop/xup_high_level_synthesis_design_flow-main/source/lab3/dct_pipeline/dct/hls/.autopilot/db/a.g.ld.4.m2.bc -args C:/Users/duong/Desktop/xup_high_level_synthesis_design_flow-main/source/lab3/dct_pipeline/dct/hls/.autopilot/db/a.g.ld.3.fpc.bc -only-needed D:/movies/2025.2/Vitis/win64/lib/libfloatconversion_39.bc 
INFO-FLOW: run_clang a.g.ld.4.m2.bc.llvm-link exec: D:/movies/2025.2/Vitis/win64/tools/clang-3.9-csynth/bin/llvm-link C:/Users/duong/Desktop/xup_high_level_synthesis_design_flow-main/source/lab3/dct_pipeline/dct/hls/.autopilot/db/a.g.ld.3.fpc.bc -only-needed D:/movies/2025.2/Vitis/win64/lib/libfloatconversion_39.bc -o C:/Users/duong/Desktop/xup_high_level_synthesis_design_flow-main/source/lab3/dct_pipeline/dct/hls/.autopilot/db/a.g.ld.4.m2.bc > C:/Users/duong/Desktop/xup_high_level_synthesis_design_flow-main/source/lab3/dct_pipeline/dct/hls/.autopilot/db/a.g.ld.4.m2.bc.llvm-link.out.log 2> C:/Users/duong/Desktop/xup_high_level_synthesis_design_flow-main/source/lab3/dct_pipeline/dct/hls/.autopilot/db/a.g.ld.4.m2.bc.llvm-link.err.log
INFO-FLOW: run_clang result=success num-err-msgs=0 num-stderr-lines=0
Execute       run_link_or_opt -opt -out C:/Users/duong/Desktop/xup_high_level_synthesis_design_flow-main/source/lab3/dct_pipeline/dct/hls/.autopilot/db/a.g.ld.5.gdce.bc -args C:/Users/duong/Desktop/xup_high_level_synthesis_design_flow-main/source/lab3/dct_pipeline/dct/hls/.autopilot/db/a.g.ld.4.m2.bc -reflow-globaldce -hls-top-function-name=dct 
INFO-FLOW: run_clang a.g.ld.5.gdce.bc.opt exec: D:/movies/2025.2/Vitis/win64/tools/clang-3.9-csynth/bin/opt -pass-remarks-missed=reflow|pasta|unroll|inline -pass-remarks=reflow|pasta|unroll|inline -pass-remarks-output=C:/Users/duong/Desktop/xup_high_level_synthesis_design_flow-main/source/lab3/dct_pipeline/dct/hls/.autopilot/db/a.g.ld.5.gdce.bc.opt.diag.yml C:/Users/duong/Desktop/xup_high_level_synthesis_design_flow-main/source/lab3/dct_pipeline/dct/hls/.autopilot/db/a.g.ld.4.m2.bc -reflow-globaldce -hls-top-function-name=dct -o C:/Users/duong/Desktop/xup_high_level_synthesis_design_flow-main/source/lab3/dct_pipeline/dct/hls/.autopilot/db/a.g.ld.5.gdce.bc > C:/Users/duong/Desktop/xup_high_level_synthesis_design_flow-main/source/lab3/dct_pipeline/dct/hls/.autopilot/db/a.g.ld.5.gdce.bc.opt.out.log 2> C:/Users/duong/Desktop/xup_high_level_synthesis_design_flow-main/source/lab3/dct_pipeline/dct/hls/.autopilot/db/a.g.ld.5.gdce.bc.opt.err.log
INFO-FLOW: run_clang result=success num-err-msgs=0 num-stderr-lines=0
INFO-FLOW: Running: gen_design_size_report post-opt
INFO-FLOW: Done: gen_design_size_report post-opt time: 0 seconds 
Execute       send_msg_by_id INFO @200-777@%s Vivado 
INFO: [HLS 200-777] Using interface defaults for 'Vivado' flow target.
Execute       is_m_axi_addr64 
INFO-FLOW: Doing LTO.
INFO-FLOW: run_clang reflow (background poll_ms 5000) exec: D:/movies/2025.2/Vitis/win64/tools/clang-3.9-csynth/bin/clang -foptimization-record-file=C:/Users/duong/Desktop/xup_high_level_synthesis_design_flow-main/source/lab3/dct_pipeline/dct/hls/.autopilot/db/a.g.ld.0.bc.clang.reflow.diag.yml -mllvm -pass-remarks-missed=reflow|pasta|unroll|inline -mllvm -pass-remarks=reflow|pasta|unroll|inline -fhls -mllvm -hls-top-function-name=dct -mllvm -hls-db-dir -mllvm C:/Users/duong/Desktop/xup_high_level_synthesis_design_flow-main/source/lab3/dct_pipeline/dct/hls/.autopilot/db -emit-llvm -c -target fpga64-xilinx-none -mllvm -xcl-xmlinfo=C:/Users/duong/Desktop/xup_high_level_synthesis_design_flow-main/source/lab3/dct_pipeline/dct/hls/.autopilot/db/kernel.internal.xml -mllvm -top-io-mapping-info=C:/Users/duong/Desktop/xup_high_level_synthesis_design_flow-main/source/lab3/dct_pipeline/dct/hls/.autopilot/db/top-io-fe.xml -mllvm -hls-bitcode-version=3.1 -mllvm -reflow-enable-slave-interface-default-setting=true -mllvm -gen-kernel-xml=false -mllvm -default-maxi-offset=slave -mllvm -reflow-unroll-size-threshold=10000 -mllvm -reflow-unroll-cost-threshold=1000000 -mllvm -maxi-latency=0 -mllvm -hls-maxi-data-size-in-bits=8 -mllvm -hls-maxi-max-data-size-in-bits=1024 -mllvm -hls-max-widen-size-in-bits=0 -mllvm -xcl-kernel-max-mem-ports=0 -mllvm -maxi-read-trans=16 -mllvm -maxi-write-trans=16 -mllvm -maxi-read-burst-len=16 -mllvm -maxi-write-burst-len=16 -mllvm -reflow-enable-saxi-64bits=0 -mllvm -reflow-basic-block-instr-threshold=200000 -mllvm -reflow-auto-pipeline-threshold=64 -mllvm -reflow-enable-maxi-auto-id-channel=0 -mllvm -reflow-bdd-simplify-threshold=1048576 -mllvm -reflow-fanout-threshold=16 -mllvm -reflow-force-aggressive-unroll=0 -mllvm -reflow-aggressive-unroll-adjust-factor=1.000000 -mllvm -reflow-complete-threshold=4 -mllvm -reflow-array-promotion-threshold=64 -mllvm -reflow-enable-critical-path-for-performance=1 -mllvm -assume-maxi-align=1 -mllvm -reflow-enable-dataflow-strict-mode-checking=1 -ftime-report -mllvm -time-passes -mllvm -reflow-auto-array-partition-mode=default -mllvm -reflow-enable-auto-small-array-partition=true -mllvm -reflow-enable-auto-array-promotion=true -mllvm -reflow-enable-auto-array-partition-for-flatten=true -mllvm -reflow-enable-auto-parallel-performance-driven=true -mllvm -reflow-enable-partition-for-automation=true -mllvm -reflow-aggregate-bitwidth-threshold=4096 -mllvm -reflow-reserved-saxilite-registers=0 -mllvm -enable-reflow-auto-loop-pipeline -mllvm -reflow-max-unroll-threshold=409600 -mllvm -auto-unroll-tripcount-threshold=0 -mllvm -reflow-assume-no-address-wrap=true -mllvm -reflow-enable-occurrence-inference=true -mllvm -reflow-emit-hint-scope=true -mllvm -reflow-enable-codegen-with-if=true -mllvm -reflow-enable-dataflow-canon=true -mllvm -reflow-enable-dataflow-canon2=true -mllvm -reflow-dump-extra-complexity-metric=true -mllvm -reflow-enable-dse-loop-nest-extraction=false -mllvm -hls -mllvm -disable-inlined-alloca-merging=true -mllvm -default-clock-period=10 -mllvm -use_read_first_ram_in_loop=1 -mllvm -default-clock-uncertainty=2.7 -x ir C:/Users/duong/Desktop/xup_high_level_synthesis_design_flow-main/source/lab3/dct_pipeline/dct/hls/.autopilot/db/a.g.ld.5.gdce.bc -o C:/Users/duong/Desktop/xup_high_level_synthesis_design_flow-main/source/lab3/dct_pipeline/dct/hls/.autopilot/db/a.g.lto.bc {-hls-platform-db-name=D:/movies/2025.2/Vitis\common/technology\xilinx/common/platform.db} -hls-platform-name=artix7_medium -device-resource-info=BRAM_100.000000_DSP_90.000000_FF_41600.000000_LUT_20800.000000_SLICE_8150.000000_URAM_0.000000 -device-name-info=xc7a35tfgg484-2 2> C:/Users/duong/Desktop/xup_high_level_synthesis_design_flow-main/source/lab3/dct_pipeline/dct/hls/.autopilot/db/a.g.ld.0.bc.clang.reflow.err.log bg_poll_cmd: ::AP::poll_clang_39_closed_source
Execute       send_msg_by_id INFO @200-1995@%s%s%s 248 Compile/Link (C:/Users/duong/Desktop/xup_high_level_synthesis_design_flow-main/source/lab3/dct_pipeline/dct/hls/syn/report/csynth_design_size.rpt:2) 
INFO: [HLS 200-1995] There were 248 instructions in the design after the 'Compile/Link' phase of compilation. See the Design Size Report for more details (C:/Users/duong/Desktop/xup_high_level_synthesis_design_flow-main/source/lab3/dct_pipeline/dct/hls/syn/report/csynth_design_size.rpt:2)
Execute       send_msg_by_id INFO @200-1995@%s%s%s 346 Unroll/Inline (step 1) (C:/Users/duong/Desktop/xup_high_level_synthesis_design_flow-main/source/lab3/dct_pipeline/dct/hls/syn/report/csynth_design_size.rpt:2) 
INFO: [HLS 200-1995] There were 346 instructions in the design after the 'Unroll/Inline (step 1)' phase of compilation. See the Design Size Report for more details (C:/Users/duong/Desktop/xup_high_level_synthesis_design_flow-main/source/lab3/dct_pipeline/dct/hls/syn/report/csynth_design_size.rpt:2)
Execute       send_msg_by_id INFO @200-1995@%s%s%s 320 Unroll/Inline (step 2) (C:/Users/duong/Desktop/xup_high_level_synthesis_design_flow-main/source/lab3/dct_pipeline/dct/hls/syn/report/csynth_design_size.rpt:2) 
INFO: [HLS 200-1995] There were 320 instructions in the design after the 'Unroll/Inline (step 2)' phase of compilation. See the Design Size Report for more details (C:/Users/duong/Desktop/xup_high_level_synthesis_design_flow-main/source/lab3/dct_pipeline/dct/hls/syn/report/csynth_design_size.rpt:2)
Execute       send_msg_by_id INFO @200-1995@%s%s%s 290 Unroll/Inline (step 3) (C:/Users/duong/Desktop/xup_high_level_synthesis_design_flow-main/source/lab3/dct_pipeline/dct/hls/syn/report/csynth_design_size.rpt:2) 
INFO: [HLS 200-1995] There were 290 instructions in the design after the 'Unroll/Inline (step 3)' phase of compilation. See the Design Size Report for more details (C:/Users/duong/Desktop/xup_high_level_synthesis_design_flow-main/source/lab3/dct_pipeline/dct/hls/syn/report/csynth_design_size.rpt:2)
Execute       send_msg_by_id INFO @200-1995@%s%s%s 285 Unroll/Inline (step 4) (C:/Users/duong/Desktop/xup_high_level_synthesis_design_flow-main/source/lab3/dct_pipeline/dct/hls/syn/report/csynth_design_size.rpt:2) 
INFO: [HLS 200-1995] There were 285 instructions in the design after the 'Unroll/Inline (step 4)' phase of compilation. See the Design Size Report for more details (C:/Users/duong/Desktop/xup_high_level_synthesis_design_flow-main/source/lab3/dct_pipeline/dct/hls/syn/report/csynth_design_size.rpt:2)
Execute       send_msg_by_id INFO @200-1995@%s%s%s 287 Array/Struct (step 1) (C:/Users/duong/Desktop/xup_high_level_synthesis_design_flow-main/source/lab3/dct_pipeline/dct/hls/syn/report/csynth_design_size.rpt:2) 
INFO: [HLS 200-1995] There were 287 instructions in the design after the 'Array/Struct (step 1)' phase of compilation. See the Design Size Report for more details (C:/Users/duong/Desktop/xup_high_level_synthesis_design_flow-main/source/lab3/dct_pipeline/dct/hls/syn/report/csynth_design_size.rpt:2)
Execute       send_msg_by_id INFO @200-1995@%s%s%s 287 Array/Struct (step 2) (C:/Users/duong/Desktop/xup_high_level_synthesis_design_flow-main/source/lab3/dct_pipeline/dct/hls/syn/report/csynth_design_size.rpt:2) 
INFO: [HLS 200-1995] There were 287 instructions in the design after the 'Array/Struct (step 2)' phase of compilation. See the Design Size Report for more details (C:/Users/duong/Desktop/xup_high_level_synthesis_design_flow-main/source/lab3/dct_pipeline/dct/hls/syn/report/csynth_design_size.rpt:2)
Execute       send_msg_by_id INFO @200-1995@%s%s%s 287 Array/Struct (step 3) (C:/Users/duong/Desktop/xup_high_level_synthesis_design_flow-main/source/lab3/dct_pipeline/dct/hls/syn/report/csynth_design_size.rpt:2) 
INFO: [HLS 200-1995] There were 287 instructions in the design after the 'Array/Struct (step 3)' phase of compilation. See the Design Size Report for more details (C:/Users/duong/Desktop/xup_high_level_synthesis_design_flow-main/source/lab3/dct_pipeline/dct/hls/syn/report/csynth_design_size.rpt:2)
Execute       send_msg_by_id INFO @200-1995@%s%s%s 287 Array/Struct (step 4) (C:/Users/duong/Desktop/xup_high_level_synthesis_design_flow-main/source/lab3/dct_pipeline/dct/hls/syn/report/csynth_design_size.rpt:2) 
INFO: [HLS 200-1995] There were 287 instructions in the design after the 'Array/Struct (step 4)' phase of compilation. See the Design Size Report for more details (C:/Users/duong/Desktop/xup_high_level_synthesis_design_flow-main/source/lab3/dct_pipeline/dct/hls/syn/report/csynth_design_size.rpt:2)
Execute       send_msg_by_id INFO @200-1995@%s%s%s 287 Array/Struct (step 5) (C:/Users/duong/Desktop/xup_high_level_synthesis_design_flow-main/source/lab3/dct_pipeline/dct/hls/syn/report/csynth_design_size.rpt:2) 
INFO: [HLS 200-1995] There were 287 instructions in the design after the 'Array/Struct (step 5)' phase of compilation. See the Design Size Report for more details (C:/Users/duong/Desktop/xup_high_level_synthesis_design_flow-main/source/lab3/dct_pipeline/dct/hls/syn/report/csynth_design_size.rpt:2)
Execute       send_msg_by_id INFO @200-1995@%s%s%s 287 Performance (step 1) (C:/Users/duong/Desktop/xup_high_level_synthesis_design_flow-main/source/lab3/dct_pipeline/dct/hls/syn/report/csynth_design_size.rpt:2) 
INFO: [HLS 200-1995] There were 287 instructions in the design after the 'Performance (step 1)' phase of compilation. See the Design Size Report for more details (C:/Users/duong/Desktop/xup_high_level_synthesis_design_flow-main/source/lab3/dct_pipeline/dct/hls/syn/report/csynth_design_size.rpt:2)
Execute       send_msg_by_id INFO @200-1995@%s%s%s 287 Performance (step 2) (C:/Users/duong/Desktop/xup_high_level_synthesis_design_flow-main/source/lab3/dct_pipeline/dct/hls/syn/report/csynth_design_size.rpt:2) 
INFO: [HLS 200-1995] There were 287 instructions in the design after the 'Performance (step 2)' phase of compilation. See the Design Size Report for more details (C:/Users/duong/Desktop/xup_high_level_synthesis_design_flow-main/source/lab3/dct_pipeline/dct/hls/syn/report/csynth_design_size.rpt:2)
Execute       send_msg_by_id INFO @200-1995@%s%s%s 493 Performance (step 3) (C:/Users/duong/Desktop/xup_high_level_synthesis_design_flow-main/source/lab3/dct_pipeline/dct/hls/syn/report/csynth_design_size.rpt:2) 
INFO: [HLS 200-1995] There were 493 instructions in the design after the 'Performance (step 3)' phase of compilation. See the Design Size Report for more details (C:/Users/duong/Desktop/xup_high_level_synthesis_design_flow-main/source/lab3/dct_pipeline/dct/hls/syn/report/csynth_design_size.rpt:2)
Execute       send_msg_by_id INFO @200-1995@%s%s%s 325 Performance (step 4) (C:/Users/duong/Desktop/xup_high_level_synthesis_design_flow-main/source/lab3/dct_pipeline/dct/hls/syn/report/csynth_design_size.rpt:2) 
INFO: [HLS 200-1995] There were 325 instructions in the design after the 'Performance (step 4)' phase of compilation. See the Design Size Report for more details (C:/Users/duong/Desktop/xup_high_level_synthesis_design_flow-main/source/lab3/dct_pipeline/dct/hls/syn/report/csynth_design_size.rpt:2)
Command       send_msg_by_id done; 0.123 sec.
Execute       send_msg_by_id INFO @200-1995@%s%s%s 329 HW Transforms (step 1) (C:/Users/duong/Desktop/xup_high_level_synthesis_design_flow-main/source/lab3/dct_pipeline/dct/hls/syn/report/csynth_design_size.rpt:2) 
INFO: [HLS 200-1995] There were 329 instructions in the design after the 'HW Transforms (step 1)' phase of compilation. See the Design Size Report for more details (C:/Users/duong/Desktop/xup_high_level_synthesis_design_flow-main/source/lab3/dct_pipeline/dct/hls/syn/report/csynth_design_size.rpt:2)
Execute       send_msg_by_id INFO @200-1995@%s%s%s 351 HW Transforms (step 2) (C:/Users/duong/Desktop/xup_high_level_synthesis_design_flow-main/source/lab3/dct_pipeline/dct/hls/syn/report/csynth_design_size.rpt:2) 
INFO: [HLS 200-1995] There were 351 instructions in the design after the 'HW Transforms (step 2)' phase of compilation. See the Design Size Report for more details (C:/Users/duong/Desktop/xup_high_level_synthesis_design_flow-main/source/lab3/dct_pipeline/dct/hls/syn/report/csynth_design_size.rpt:2)
INFO: [HLS 214-291] Loop 'VITIS_LOOP_115_1' is marked as complete unroll implied by the pipeline pragma (../dct.c:115:25)
INFO: [HLS 214-291] Loop 'VITIS_LOOP_43_1' is marked as complete unroll implied by the pipeline pragma (../dct.c:43:24)
INFO: [HLS 214-291] Loop 'VITIS_LOOP_100_1' is marked as complete unroll implied by the pipeline pragma (../dct.c:100:25)
INFO: [HLS 214-186] Unrolling loop 'VITIS_LOOP_115_1' (../dct.c:115:25) in function 'write_data' completely with a factor of 8 (../dct.c:106:0)
INFO: [HLS 214-186] Unrolling loop 'VITIS_LOOP_43_1' (../dct.c:43:24) in function 'dct_1d' completely with a factor of 8 (../dct.c:31:0)
INFO: [HLS 214-186] Unrolling loop 'VITIS_LOOP_100_1' (../dct.c:100:25) in function 'read_data' completely with a factor of 8 (../dct.c:91:0)
INFO: [HLS 214-178] Inlining function 'read_data' into 'dct' (../dct.c:121:0)
INFO: [HLS 214-178] Inlining function 'dct_2d' into 'dct' (../dct.c:121:0)
INFO: [HLS 214-178] Inlining function 'write_data' into 'dct' (../dct.c:121:0)
WARNING: [HLS 214-167] The program may have out of bound array access on variable 'row_outbuf.i' (../dct.c:72:28)
WARNING: [HLS 214-167] The program may have out of bound array access on variable 'col_inbuf.i' (../dct.c:72:26)
WARNING: [HLS 214-167] The program may have out of bound array access on variable 'col_outbuf.i' (../dct.c:87:28)
WARNING: [HLS 214-167] The program may have out of bound array access on variable 'buf_2d_out' (../dct.c:87:26)
INFO: [HLS 214-376] Pipelining loop< VITIS_LOOP_71_1> at ../dct.c:71:24 due to pipeline_loops threshold
INFO: [HLS 214-376] Pipelining loop< VITIS_LOOP_86_2> at ../dct.c:86:24 due to pipeline_loops threshold
INFO: [HLS 214-449] Partitioning array 'dct_1d.dct_coeff_table' dimension 2 due to constant index. (../dct.c:34:0)
INFO: [HLS 214-449] Partitioning array 'buf_2d_in' dimension 2 due to constant index. (../dct.c:123:10)
INFO: [HLS 214-248] Applying array_partition to 'dct_1d.dct_coeff_table': Complete partitioning on dimension 2. (../dct.c:34:0)
INFO: [HLS 214-248] Applying array_partition to 'buf_2d_in': Complete partitioning on dimension 2. (../dct.c:123:10)
INFO-FLOW: run_clang result=success num-err-msgs=0 num-stderr-lines=49
INFO-FLOW: DBG:PUTS: copy_raw_kernel_xml ap_link_39: kernel.xml not generated: C:/Users/duong/Desktop/xup_high_level_synthesis_design_flow-main/source/lab3/dct_pipeline/dct/hls/.autopilot/db/kernel.internal.xml
INFO: [HLS 200-111] Finished Compiling Optimization and Transform: CPU user time: 0 seconds. CPU system time: 0 seconds. Elapsed time: 7.945 seconds; current allocated memory: 144.195 MB.
INFO: [HLS 200-111] Finished Checking Pragmas: CPU user time: 0 seconds. CPU system time: 0 seconds. Elapsed time: 0.004 seconds; current allocated memory: 144.195 MB.
Execute       opt_and_import_c a -opt_level=2 -skip_syncheck=0 -ng=0 -keep_printf=0 
Execute         cleanup_all_models 
INFO: [HLS 200-10] Starting code transformations ...
INFO-FLOW: Running Standard Transforms...
Execute         transform -hls -share-std-xform -demangle-name -inline-byval-memcpy -always-inline -promote-dbg-pointer -interface-preproc -mem2reg -reassociate -gvn -reassociate -scalarrepl -mem2reg -keep-read-access -instcombine -dce -promote-dbg-pointer -bitop-raise -loop-simplify -indvarspre -indvars -loop-simplify -constprop -instcombine -simplifycfg -indvars -simplifycfg -dce -globaldce -basicaa -simplifycfg -mem2reg -globalopt -global-constprop -deadargelim -instcombine -simplifycfg -scalarrepl -instcombine -reassociate -licm -simplifycfg -loop-simplify -indvars -instcombine -simplifycfg -mem2reg -loop-simplify -indvars -instcombine -gvn -gvn -instcombine -adce -break-crit-edges -simplifycfg -loop-delete -global-array-opt -dce -dse -adce -find-syn-modules -top dct -deadargelim -mem2reg -instcombine -dce -presyn-prepare -interface-preproc -syn-check -check-rec-only -find-region -simplifycfg -func-extr -function-inline -globaldce -mem2reg -instcombine -dce -gvn -globaldce -adce -adse -constprop -instcombine -bit-constprop -instcombine -dce -simplifycfg -bitop-raise -simplifycfg -dce -loop-delete -reassociate -globalopt -global-privatize -mem2reg -dce -global-constprop -pointer-simplify -constprop -dce -promote-dbg-pointer -norm-name C:/Users/duong/Desktop/xup_high_level_synthesis_design_flow-main/source/lab3/dct_pipeline/dct/hls/.autopilot/db/a.g.0.bc -o C:/Users/duong/Desktop/xup_high_level_synthesis_design_flow-main/source/lab3/dct_pipeline/dct/hls/.autopilot/db/a.g.1.bc -f -phase std-opt 
INFO: [HLS 200-111] Finished Standard Transforms: CPU user time: 0 seconds. CPU system time: 0 seconds. Elapsed time: 0.035 seconds; current allocated memory: 148.598 MB.
INFO: [HLS 200-10] Checking synthesizability ...
INFO-FLOW: Checking Synthesizability 1/2..
Execute         transform -hls -syn-check -check-rec-only -scalarrepl -norm-name -dce -mem2reg -instcombine -directive-preproc -mem2reg -dse -dce -dce -pag -array-normalize -instcombine -dce -array-seg-normalize -instcombine -dce -data-pack -instcombine -dce -inst-simplify -array-flatten -instcombine -dce -array-burst -dce -deadargelim -promote-global-argument -simplifycfg -mem2reg -globaldce -dce -deadargelim -dce -instcombine -function-inline -globaldce -dce -doublePtrSimplify -doublePtrElim -dce -doublePtrSimplify -promote-dbg-pointer -dce -scalarrepl -dse -adse -instcombine -ptrLegalization -simplifycfg -dce -instcombine -pointer-simplify -ptrArgReplace -dce -instcombine -resolve-double-ptr -scalarrepl -norm-name -dce -mem2reg -instcombine -ptrLegalization -simplifycfg -deadargelim -instcombine -dce -inst-simplify -directive-preproc -mem2reg -dse -dce -globaldce C:/Users/duong/Desktop/xup_high_level_synthesis_design_flow-main/source/lab3/dct_pipeline/dct/hls/.autopilot/db/a.g.1.bc -o C:/Users/duong/Desktop/xup_high_level_synthesis_design_flow-main/source/lab3/dct_pipeline/dct/hls/.autopilot/db/a.g.2.prechk.bc -f 
INFO-FLOW: Checking Synthesizability 2/2..
Execute         transform -syn-check C:/Users/duong/Desktop/xup_high_level_synthesis_design_flow-main/source/lab3/dct_pipeline/dct/hls/.autopilot/db/a.g.2.prechk.bc -o C:/Users/duong/Desktop/xup_high_level_synthesis_design_flow-main/source/lab3/dct_pipeline/dct/hls/.autopilot/db/a.g.2.bc -f -phase syn-check 
INFO: [HLS 200-111] Finished Checking Synthesizability: CPU user time: 0 seconds. CPU system time: 0 seconds. Elapsed time: 0.031 seconds; current allocated memory: 150.762 MB.
INFO-FLOW: Compiler optimizing ...
INFO-FLOW: Share syncheck's 1.bc for syn flow: copy C:/Users/duong/Desktop/xup_high_level_synthesis_design_flow-main/source/lab3/dct_pipeline/dct/hls/.autopilot/db/a.g.1.bc to C:/Users/duong/Desktop/xup_high_level_synthesis_design_flow-main/source/lab3/dct_pipeline/dct/hls/.autopilot/db/a.o.1.bc
INFO-FLOW: Presyn 1...
Execute         transform -hls -tmp C:/Users/duong/Desktop/xup_high_level_synthesis_design_flow-main/source/lab3/dct_pipeline/dct/hls/.autopilot/db -interface-port-rename -directive-preproc -mem2reg -dse -dce -scalarrepl -norm-name -deadargelim -dce -hls-dead-arg-elim -deadargelim -mem2reg -instcombine -dce -simplifycfg -dce -resource-proc -clib-intrinsic-prepare -dce -func-buffer -dce -pag -array-normalize -func-legal -instcombine -gvn -constprop -dce -simplifycfg -mem2reg -globaldce -resolve-double-ptr -dce -deadargelim -dce -instcombine -ptrArgReplace -mem2reg -dce -array-seg-normalize -deadargelim -instcombine -dce -directive-preproc -mem2reg -dse -dce -pointer-simplify -dce -dce -interface-preproc -data-pack -instcombine -dce -basicaa -aggr-aa -aggrmodref-aa -aggr-aa -gvn -gvn -basicaa -aggr-aa -aggrmodref-aa -aggr-aa -dse -adse -adce -loop-simplify -indvars -instcombine -gvn -loop-simplify -mem2reg -dce -find-region -instcombine -inst-simplify -interface-preproc -cfgopt -instcombine -indvars -loop-simplify -loop-bound -constprop -instcombine -simplifycfg -indvars -simplifycfg -dce -globaldce -clean-region -attach-range -gvn -inst-simplify -constprop -simplifycfg -dce -pointer-simplify -dce -globalopt -constprop -dce -ptrArgReplace -mem2reg -simplifycfg -dce -instcombine -dce -array-transform-check -array-reshape -instcombine -simplifycfg -dce -ptrArgReplace -deadargelim -mem2reg -instcombine -simplifycfg -dce -indvars -loop-simplify -loop-bound -constprop -instcombine -simplifycfg -indvars -simplifycfg -dce -globaldce -basicaa -aggr-aa -aggrmodref-aa -aggr-aa -dse -duplicate-dataflow-processes -globaldce -instcombine -array-partition -prepare-dynamic-array-partition -instcombine -simplifycfg -dce -ptrArgReplace -global-constprop -deadargelim -mem2reg -func-legal -dce -global-constprop -deadargelim -mem2reg -simplifycfg -dce -merge-param -deadargelim -globalopt -constprop -dce -ptrArgReplace -mem2reg -simplifycfg -dce -mem-intrinsic-preproc -dce -global-internalize -global-privatize -mem2reg -globaldce -lcssa -loop-simplify -phi-select-elim -promote-global-argument -ptrArgReplace -mem2reg -dce -globalopt -mergereturn -simplify-global-access -mem2reg -dce -pointer-simplify -dce -basicaa -aggr-aa -aggrmodref-aa -aggr-aa -functionattrs -basicaa -aggr-aa -aggrmodref-aa -aggr-aa -gvn -gvn -basicaa -aggr-aa -aggrmodref-aa -aggr-aa -dse -adse -adce -dce -norm-name -basicaa -aggr-aa -aggrmodref-aa -aggr-aa -accesses-merge -function-inline -complex-op-raise -inst-simplify -globaldce -func-legal -dce -loop-bound -arraycheck -bitwidthmin2 -bitwidthmin2 -on-by-dataflow -loop-delete -instcombine -simplifycfg -globaldce -dce -gvn -deadargelim -dce -loop-simplify -clean-region -simplifycfg -propagate-stable-arguments -instcombine -simplifycfg -dce -globaldce -duplicate-dataflow-processes -stream-intrinsic-preproc -dce -check-ap-stream -loop-simplify -eliminate-keepreads -extract-dataflow-in-loop -loop-simplify -dce -gvn -deadargelim -dse -duplicate-dataflow-processes -check-dataflow-syntax -legalize-stream-variable -globaldce -extract-subproc -global-constprop -deadargelim -globaldce -legalize-global -dce -dead-channel-elimination -canonicalize-gep -globaldce -dce -gvn -hls-dead-arg-elim -deadargelim -canonicalize-dataflow -directive-preproc -dce -globaldce -scalar-preprocessing -scalar-propagation2 -scalar-stream -deadargelim -globaldce -mem2reg -check-dataflow-channels -function-stream -dce -globaldce -prop-fifo-spec -internal-stream-gen -canonicalize-gep -globaldce -dce -gvn -deadargelim -mergereturn -indvars -loop-simplify -instcombine -array-stream -array-seg-normalize -array-partition -clean-array-spec -func-legal -instcombine -simplifycfg -dce -bundle-memfifo-ops -deadargelim -directive-preproc -mem2reg -dse -dce -group-axi-access -licm -simplifycfg -dce -loop-delete -hls-display -norm-name C:/Users/duong/Desktop/xup_high_level_synthesis_design_flow-main/source/lab3/dct_pipeline/dct/hls/.autopilot/db/a.o.1.bc -o C:/Users/duong/Desktop/xup_high_level_synthesis_design_flow-main/source/lab3/dct_pipeline/dct/hls/.autopilot/db/a.o.1.tmp.bc -f 
INFO: [XFORM 203-602] Inlining function 'dct_1d.3.4' into 'dct' (../dct.c:62->../dct.c:129) automatically.
INFO: [XFORM 203-602] Inlining function 'dct_1d' into 'dct' (../dct.c:77->../dct.c:129) automatically.
INFO-FLOW: Presyn 2...
Execute         transform -hls -keep-callgraph -scalarrepl -mem2reg -attach-range -dce -pipe-mux-gen -indvars -loop-bound -inst-simplify -instcombine -dce -merge-array-access -mem2reg -dce -clean-region -mergereturn -if-conv -instcombine -dce -constprop -basicaa -aggr-aa -aggrmodref-aa -aggr-aa -gvn -gvn -basicaa -aggr-aa -aggrmodref-aa -aggr-aa -dse -adse -adce -scalarrepl -mem2reg -global-constprop -deadargelim -deadargelim -instcombine -dce -simplifycfg -ptrArgReplace -mem2reg -function-inline -globaldce -mem2reg -instcombine -dce -expr-balance -instcombine -dce -bitwidthmin2 -bitwidthmin2 -interface-preproc -directive-preproc -inst-rectify -instcombine -dce -basicaa -aggr-aa -aggrmodref-aa -aggr-aa -functionattrs -constprop -instcombine -bit-constprop -simplify-global-access -globalopt -globaldce -inst-simplify -instcombine -elimdeaddata -dce -loop-delete -simplifycfg -loop-simplify -barrier -norm-name C:/Users/duong/Desktop/xup_high_level_synthesis_design_flow-main/source/lab3/dct_pipeline/dct/hls/.autopilot/db/a.o.1.tmp.bc -o C:/Users/duong/Desktop/xup_high_level_synthesis_design_flow-main/source/lab3/dct_pipeline/dct/hls/.autopilot/db/a.o.2.bc -f -phase presyn 
INFO: [XFORM 203-11] Balancing expressions in function 'dct' (../dct.c:30:4)...16 expression(s) balanced.
INFO: [HLS 200-111] Finished Loop, function and other optimizations: CPU user time: 0 seconds. CPU system time: 0 seconds. Elapsed time: 0.128 seconds; current allocated memory: 172.473 MB.
Execute         transform -hls -auto-function-inline -globaldce -ptrArgReplace -mem2reg -dce -reset-lda -loop-simplify -indvars -aggr-aa -licm -loop-dep -loop-bound -licm -loop-simplify -loop-sink-hoist -flattenloopnest -array-flatten -gvn -instcombine -dce -array-map -dce -func-legal -gvn -adce -instcombine -cfgopt -simplifycfg-lite -loop-simplify -array-burst -promote-global-argument -dce -array-seg-normalize -basicaa -aggrmodref-aa -globalsmodref-aa -aggr-aa -gvn -gvn -basicaa -aggrmodref-aa -globalsmodref-aa -aggr-aa -dse -adse -adce -licm -inst-simplify -dce -globaldce -instcombine -array-stream -eliminate-keepreads -instcombine -dce -deadargelim -doublePtrSimplify -doublePtrElim -dce -doublePtrSimplify -promote-dbg-pointer -dce -scalarrepl -mem2reg -norm-name -mem2reg -instcombine -dse -adse -adce -ptrLegalization -dce -array-flatten -dce -instcombine -check-doubleptr -loop-rot -constprop -inst-simplify -cfgopt -simplifycfg-lite -loop-simplify -indvars -pointer-simplify -dce -loop-bound -loop-simplify -loop-preproc -constprop -global-constprop -gvn -mem2reg -instcombine -dce -loop-bound -loop-merge -dce -deadargelim -dce -canonicalize-dataflow -dce -deadargelim -globaldce -mem2reg -bram-byte-enable -inst-simplify -inst-rectify -instcombine -adce -deadargelim -load-elim -read-loop-dep -loop-simplify -loop-rewind-sink-hoist -loop-outline -hls-dead-arg-elim -directive-preproc -bitwidthmin2 -bitwidthmin2 -read-loop-dep -interface-preproc -directive-preproc -interface-gen -bram-byte-enable-spec-prop -mul2addshift -deadargelim -inst-simplify -dce -mem2reg -instcombine -gvn -dce -adse -loop-bound -instcombine -cfgopt -simplifycfg-lite -loop-simplify -clean-region -io-protocol -find-region -mem2reg -bitop-raise -complex-op-raise -inst-simplify -inst-rectify -instcombine -gvn -adce -deadargelim -float-op-raise -loop-simplify -phi-opt -bitop-raise -cfgopt -simplifycfg-lite -strip-dead-prototypes -interface-lower -bitop-lower -intrinsic-lower -auto-function-inline -basicaa -aggrmodref-aa -globalsmodref-aa -aggr-aa -inst-simplify -simplifycfg-lite -loop-simplify -mergereturn -inst-simplify -inst-rectify -globaldce -dce -load-elim -bitop-lower -float-op-raise -fma-raise -loop-rewind -pointer-simplify -dce -cfgopt -dce -loop-bound -loop-dep -read-loop-dep -dce -dyn-mem-reuse -dce -recurrence-min -dce -share-scalar-alloca -deadargelim -dce -check-stream -norm-name -legalize -inst-clarity -bitwidth -dce -validate-dataflow -dump-loop-dep-to-ir -check-all-ssdm -drop-inferred-ii -dump-complexity-metric C:/Users/duong/Desktop/xup_high_level_synthesis_design_flow-main/source/lab3/dct_pipeline/dct/hls/.autopilot/db/a.o.2.bc -o C:/Users/duong/Desktop/xup_high_level_synthesis_design_flow-main/source/lab3/dct_pipeline/dct/hls/.autopilot/db/a.o.3.bc -f -phase build-ssdm 
INFO: [HLS 200-2061] Successfully converted nested loops 'Row_DCT_Loop'(../dct.c:61:4) and 'DCT_Outer_Loop'(../dct.c:39:4) in function 'dct' into perfectly nested loops.
INFO: [HLS 200-2061] Successfully converted nested loops 'Col_DCT_Loop'(../dct.c:76:4) and 'DCT_Outer_Loop'(../dct.c:39:4) in function 'dct' into perfectly nested loops.
INFO: [XFORM 203-541] Flattening a loop nest 'Row_DCT_Loop' (../dct.c:61:4) in function 'dct'.
INFO: [XFORM 203-541] Flattening a loop nest 'Col_DCT_Loop' (../dct.c:76:4) in function 'dct'.
Execute           AP::auto_get_db
INFO-FLOW: Building ssdm...
Execute         transform -hls -cdfg-build C:/Users/duong/Desktop/xup_high_level_synthesis_design_flow-main/source/lab3/dct_pipeline/dct/hls/.autopilot/db/a.o.3.bc -o C:/Users/duong/Desktop/xup_high_level_synthesis_design_flow-main/source/lab3/dct_pipeline/dct/hls/.autopilot/db/a.o.3.bc -f -phase build-ssdm 
INFO: [HLS 200-111] Finished Architecture Synthesis: CPU user time: 0 seconds. CPU system time: 0 seconds. Elapsed time: 0.111 seconds; current allocated memory: 219.320 MB.
INFO-FLOW: Finish building internal data model.
Command       opt_and_import_c done; 1.825 sec.
Command     elaborate done; 10.903 sec.
Execute     ap_eval exec zip -j C:/Users/duong/Desktop/xup_high_level_synthesis_design_flow-main/source/lab3/dct_pipeline/dct/hls/.autopilot/db/dut.hcp $dbDir/a.o.3.bc $dbDir/${topname}.rtl_wrap.cfg.tcl $dbDir/apatb_${topname}.cpp $dbDir/apatb_${topname}_util.cpp $dbDir/apatb_${topname}_ir.ll $dbDir/mapper_${topname}.cpp $dbDir/top-io-fe.xml $dbDir/kernel.internal.xml $workdir/../hls.app 
INFO: [HLS 200-10] Starting hardware synthesis ...
INFO-FLOW: Synthesizing C/C++ design AP::SynTopModule=dct
INFO: [HLS 200-10] Synthesizing 'dct' ...
Execute     ap_set_top_model dct 
Execute     get_model_list dct -filter all-wo-channel -topdown 
Execute     preproc_iomode -model dct 
Execute     preproc_iomode -model dct_Pipeline_WR_Loop_Row 
Execute     preproc_iomode -model dct_Pipeline_VITIS_LOOP_86_2 
Execute     preproc_iomode -model dct_Pipeline_Col_DCT_Loop_DCT_Outer_Loop 
Execute     preproc_iomode -model dct_Pipeline_VITIS_LOOP_71_1 
Execute     preproc_iomode -model dct_Pipeline_Row_DCT_Loop_DCT_Outer_Loop 
Execute     preproc_iomode -model dct_Pipeline_RD_Loop_Row 
Execute     create_clock 
Execute       ap_set_clock -name default -period 10 -unit ns -default=false 
INFO: [SYN 201-201] Setting up clock 'default' with a period of 10ns.
Execute     get_model_list dct -filter all-wo-channel 
INFO-FLOW: Model list for configure: dct_Pipeline_RD_Loop_Row dct_Pipeline_Row_DCT_Loop_DCT_Outer_Loop dct_Pipeline_VITIS_LOOP_71_1 dct_Pipeline_Col_DCT_Loop_DCT_Outer_Loop dct_Pipeline_VITIS_LOOP_86_2 dct_Pipeline_WR_Loop_Row dct
INFO-FLOW: Configuring Module : dct_Pipeline_RD_Loop_Row ...
Execute     set_default_model dct_Pipeline_RD_Loop_Row 
Execute     apply_spec_resource_limit dct_Pipeline_RD_Loop_Row 
INFO-FLOW: Configuring Module : dct_Pipeline_Row_DCT_Loop_DCT_Outer_Loop ...
Execute     set_default_model dct_Pipeline_Row_DCT_Loop_DCT_Outer_Loop 
Execute     apply_spec_resource_limit dct_Pipeline_Row_DCT_Loop_DCT_Outer_Loop 
INFO-FLOW: Configuring Module : dct_Pipeline_VITIS_LOOP_71_1 ...
Execute     set_default_model dct_Pipeline_VITIS_LOOP_71_1 
Execute     apply_spec_resource_limit dct_Pipeline_VITIS_LOOP_71_1 
INFO-FLOW: Configuring Module : dct_Pipeline_Col_DCT_Loop_DCT_Outer_Loop ...
Execute     set_default_model dct_Pipeline_Col_DCT_Loop_DCT_Outer_Loop 
Execute     apply_spec_resource_limit dct_Pipeline_Col_DCT_Loop_DCT_Outer_Loop 
INFO-FLOW: Configuring Module : dct_Pipeline_VITIS_LOOP_86_2 ...
Execute     set_default_model dct_Pipeline_VITIS_LOOP_86_2 
Execute     apply_spec_resource_limit dct_Pipeline_VITIS_LOOP_86_2 
INFO-FLOW: Configuring Module : dct_Pipeline_WR_Loop_Row ...
Execute     set_default_model dct_Pipeline_WR_Loop_Row 
Execute     apply_spec_resource_limit dct_Pipeline_WR_Loop_Row 
INFO-FLOW: Configuring Module : dct ...
Execute     set_default_model dct 
Execute     apply_spec_resource_limit dct 
INFO-FLOW: Model list for preprocess: dct_Pipeline_RD_Loop_Row dct_Pipeline_Row_DCT_Loop_DCT_Outer_Loop dct_Pipeline_VITIS_LOOP_71_1 dct_Pipeline_Col_DCT_Loop_DCT_Outer_Loop dct_Pipeline_VITIS_LOOP_86_2 dct_Pipeline_WR_Loop_Row dct
INFO-FLOW: Preprocessing Module: dct_Pipeline_RD_Loop_Row ...
Execute     set_default_model dct_Pipeline_RD_Loop_Row 
Execute     cdfg_preprocess -model dct_Pipeline_RD_Loop_Row 
Execute     rtl_gen_preprocess dct_Pipeline_RD_Loop_Row 
INFO-FLOW: Preprocessing Module: dct_Pipeline_Row_DCT_Loop_DCT_Outer_Loop ...
Execute     set_default_model dct_Pipeline_Row_DCT_Loop_DCT_Outer_Loop 
Execute     cdfg_preprocess -model dct_Pipeline_Row_DCT_Loop_DCT_Outer_Loop 
Execute     rtl_gen_preprocess dct_Pipeline_Row_DCT_Loop_DCT_Outer_Loop 
INFO-FLOW: Preprocessing Module: dct_Pipeline_VITIS_LOOP_71_1 ...
Execute     set_default_model dct_Pipeline_VITIS_LOOP_71_1 
Execute     cdfg_preprocess -model dct_Pipeline_VITIS_LOOP_71_1 
Execute     rtl_gen_preprocess dct_Pipeline_VITIS_LOOP_71_1 
INFO-FLOW: Preprocessing Module: dct_Pipeline_Col_DCT_Loop_DCT_Outer_Loop ...
Execute     set_default_model dct_Pipeline_Col_DCT_Loop_DCT_Outer_Loop 
Execute     cdfg_preprocess -model dct_Pipeline_Col_DCT_Loop_DCT_Outer_Loop 
Execute     rtl_gen_preprocess dct_Pipeline_Col_DCT_Loop_DCT_Outer_Loop 
INFO-FLOW: Preprocessing Module: dct_Pipeline_VITIS_LOOP_86_2 ...
Execute     set_default_model dct_Pipeline_VITIS_LOOP_86_2 
Execute     cdfg_preprocess -model dct_Pipeline_VITIS_LOOP_86_2 
Execute     rtl_gen_preprocess dct_Pipeline_VITIS_LOOP_86_2 
INFO-FLOW: Preprocessing Module: dct_Pipeline_WR_Loop_Row ...
Execute     set_default_model dct_Pipeline_WR_Loop_Row 
Execute     cdfg_preprocess -model dct_Pipeline_WR_Loop_Row 
Execute     rtl_gen_preprocess dct_Pipeline_WR_Loop_Row 
INFO-FLOW: Preprocessing Module: dct ...
Execute     set_default_model dct 
Execute     cdfg_preprocess -model dct 
Execute     rtl_gen_preprocess dct 
INFO-FLOW: Model list for synthesis: dct_Pipeline_RD_Loop_Row dct_Pipeline_Row_DCT_Loop_DCT_Outer_Loop dct_Pipeline_VITIS_LOOP_71_1 dct_Pipeline_Col_DCT_Loop_DCT_Outer_Loop dct_Pipeline_VITIS_LOOP_86_2 dct_Pipeline_WR_Loop_Row dct
INFO: [HLS 200-10] ----------------------------------------------------------------
INFO: [HLS 200-42] -- Implementing module 'dct_Pipeline_RD_Loop_Row' 
INFO: [HLS 200-10] ----------------------------------------------------------------
Execute     set_default_model dct_Pipeline_RD_Loop_Row 
Execute     schedule -model dct_Pipeline_RD_Loop_Row 
INFO: [SCHED 204-11] Starting scheduling ...
INFO: [SCHED 204-61] Pipelining loop 'RD_Loop_Row'.
WARNING: [HLS 200-448] Lower bound of II is 4 due to multiple 'load' operation 16 bit ('input_r_load', ../dct.c:101->../dct.c:127) on array 'input_r', 'load' operation 16 bit ('input_r_load_1', ../dct.c:101->../dct.c:127) on array 'input_r', 'load' operation 16 bit ('input_r_load_2', ../dct.c:101->../dct.c:127) on array 'input_r', 'load' operation 16 bit ('input_r_load_3', ../dct.c:101->../dct.c:127) on array 'input_r', 'load' operation 16 bit ('input_r_load_4', ../dct.c:101->../dct.c:127) on array 'input_r', 'load' operation 16 bit ('input_r_load_5', ../dct.c:101->../dct.c:127) on array 'input_r', 'load' operation 16 bit ('input_r_load_6', ../dct.c:101->../dct.c:127) on array 'input_r', 'load' operation 16 bit ('input_r_load_7', ../dct.c:101->../dct.c:127) on array 'input_r' accessing core:RAM:input_r
INFO: [HLS 200-1470] Pipelining result : Target II = 1, Final II = 4, Depth = 5, loop 'RD_Loop_Row'
INFO: [SCHED 204-11] Finished scheduling.
INFO: [HLS 200-111] Finished Scheduling: CPU user time: 0 seconds. CPU system time: 0 seconds. Elapsed time: 0.1 seconds; current allocated memory: 223.180 MB.
Execute     syn_report -verbosereport -o C:/Users/duong/Desktop/xup_high_level_synthesis_design_flow-main/source/lab3/dct_pipeline/dct/hls/.autopilot/db/dct_Pipeline_RD_Loop_Row.verbose.sched.rpt 
Execute       list_part -family xc7a35t-fgg484-2 
Execute         ap_family_info -name xc7a35t-fgg484-2 -data names 
Execute         ap_part_info -quiet -name xc7a35t-fgg484-2 -data family 
Execute     db_write -o C:/Users/duong/Desktop/xup_high_level_synthesis_design_flow-main/source/lab3/dct_pipeline/dct/hls/.autopilot/db/dct_Pipeline_RD_Loop_Row.sched.adb -f 
INFO-FLOW: Finish scheduling dct_Pipeline_RD_Loop_Row.
Execute     set_default_model dct_Pipeline_RD_Loop_Row 
Execute     bind -model dct_Pipeline_RD_Loop_Row 
INFO: [BIND 205-100] Starting micro-architecture generation ...
INFO: [BIND 205-101] Performing variable lifetime analysis.
INFO: [BIND 205-101] Exploring resource sharing.
INFO: [BIND 205-101] Binding ...
INFO: [BIND 205-100] Finished micro-architecture generation.
INFO: [HLS 200-111] Finished Binding: CPU user time: 0 seconds. CPU system time: 0 seconds. Elapsed time: 0.023 seconds; current allocated memory: 224.211 MB.
Execute     syn_report -verbosereport -o C:/Users/duong/Desktop/xup_high_level_synthesis_design_flow-main/source/lab3/dct_pipeline/dct/hls/.autopilot/db/dct_Pipeline_RD_Loop_Row.verbose.bind.rpt 
Execute       list_part -family xc7a35t-fgg484-2 
Execute         ap_family_info -name xc7a35t-fgg484-2 -data names 
Execute         ap_part_info -quiet -name xc7a35t-fgg484-2 -data family 
Execute     db_write -o C:/Users/duong/Desktop/xup_high_level_synthesis_design_flow-main/source/lab3/dct_pipeline/dct/hls/.autopilot/db/dct_Pipeline_RD_Loop_Row.bind.adb -f 
INFO-FLOW: Finish binding dct_Pipeline_RD_Loop_Row.
INFO: [HLS 200-10] ----------------------------------------------------------------
INFO: [HLS 200-42] -- Implementing module 'dct_Pipeline_Row_DCT_Loop_DCT_Outer_Loop' 
INFO: [HLS 200-10] ----------------------------------------------------------------
Execute     set_default_model dct_Pipeline_Row_DCT_Loop_DCT_Outer_Loop 
Execute     schedule -model dct_Pipeline_Row_DCT_Loop_DCT_Outer_Loop 
INFO: [SCHED 204-11] Starting scheduling ...
INFO: [HLS 200-486] Changing DSP latency (root=add_ln47_5) to 3 in order to utilize available DSP registers.
INFO: [HLS 200-486] Changing DSP latency (root=add_ln47_4) to 3 in order to utilize available DSP registers.
INFO: [HLS 200-486] Changing DSP latency (root=add_ln47_3) to 3 in order to utilize available DSP registers.
INFO: [HLS 200-486] Changing DSP latency (root=add_ln47_1) to 3 in order to utilize available DSP registers.
INFO: [HLS 200-486] Changing DSP latency (root=add_ln47) to 3 in order to utilize available DSP registers.
INFO: [SCHED 204-61] Pipelining loop 'Row_DCT_Loop_DCT_Outer_Loop'.
INFO: [HLS 200-1470] Pipelining result : Target II = 1, Final II = 1, Depth = 7, loop 'Row_DCT_Loop_DCT_Outer_Loop'
INFO: [SCHED 204-11] Finished scheduling.
INFO: [HLS 200-111] Finished Scheduling: CPU user time: 0 seconds. CPU system time: 0 seconds. Elapsed time: 0.057 seconds; current allocated memory: 224.617 MB.
Execute     syn_report -verbosereport -o C:/Users/duong/Desktop/xup_high_level_synthesis_design_flow-main/source/lab3/dct_pipeline/dct/hls/.autopilot/db/dct_Pipeline_Row_DCT_Loop_DCT_Outer_Loop.verbose.sched.rpt 
Execute       list_part -family xc7a35t-fgg484-2 
Execute         ap_family_info -name xc7a35t-fgg484-2 -data names 
Execute         ap_part_info -quiet -name xc7a35t-fgg484-2 -data family 
Execute     db_write -o C:/Users/duong/Desktop/xup_high_level_synthesis_design_flow-main/source/lab3/dct_pipeline/dct/hls/.autopilot/db/dct_Pipeline_Row_DCT_Loop_DCT_Outer_Loop.sched.adb -f 
INFO-FLOW: Finish scheduling dct_Pipeline_Row_DCT_Loop_DCT_Outer_Loop.
Execute     set_default_model dct_Pipeline_Row_DCT_Loop_DCT_Outer_Loop 
Execute     bind -model dct_Pipeline_Row_DCT_Loop_DCT_Outer_Loop 
INFO: [BIND 205-100] Starting micro-architecture generation ...
INFO: [BIND 205-101] Performing variable lifetime analysis.
INFO: [BIND 205-101] Exploring resource sharing.
INFO: [BIND 205-101] Binding ...
INFO: [BIND 205-100] Finished micro-architecture generation.
INFO: [HLS 200-111] Finished Binding: CPU user time: 0 seconds. CPU system time: 0 seconds. Elapsed time: 0.032 seconds; current allocated memory: 224.742 MB.
Execute     syn_report -verbosereport -o C:/Users/duong/Desktop/xup_high_level_synthesis_design_flow-main/source/lab3/dct_pipeline/dct/hls/.autopilot/db/dct_Pipeline_Row_DCT_Loop_DCT_Outer_Loop.verbose.bind.rpt 
Execute       list_part -family xc7a35t-fgg484-2 
Execute         ap_family_info -name xc7a35t-fgg484-2 -data names 
Execute         ap_part_info -quiet -name xc7a35t-fgg484-2 -data family 
Execute     db_write -o C:/Users/duong/Desktop/xup_high_level_synthesis_design_flow-main/source/lab3/dct_pipeline/dct/hls/.autopilot/db/dct_Pipeline_Row_DCT_Loop_DCT_Outer_Loop.bind.adb -f 
INFO-FLOW: Finish binding dct_Pipeline_Row_DCT_Loop_DCT_Outer_Loop.
INFO: [HLS 200-10] ----------------------------------------------------------------
INFO: [HLS 200-42] -- Implementing module 'dct_Pipeline_VITIS_LOOP_71_1' 
INFO: [HLS 200-10] ----------------------------------------------------------------
Execute     set_default_model dct_Pipeline_VITIS_LOOP_71_1 
Execute     schedule -model dct_Pipeline_VITIS_LOOP_71_1 
INFO: [SCHED 204-11] Starting scheduling ...
INFO: [HLS 200-1457] Automatically inferring inferring RAM_1WNR storage type for array 'col_inbuf'. Use bind_storage pragma to override this type.
INFO: [SCHED 204-61] Pipelining loop 'VITIS_LOOP_71_1'.
INFO: [HLS 200-1470] Pipelining result : Target II = NA, Final II = 1, Depth = 2, loop 'VITIS_LOOP_71_1'
INFO: [SCHED 204-11] Finished scheduling.
Command     schedule done; 1.775 sec.
INFO: [HLS 200-111] Finished Scheduling: CPU user time: 0 seconds. CPU system time: 0 seconds. Elapsed time: 1.807 seconds; current allocated memory: 224.758 MB.
Execute     syn_report -verbosereport -o C:/Users/duong/Desktop/xup_high_level_synthesis_design_flow-main/source/lab3/dct_pipeline/dct/hls/.autopilot/db/dct_Pipeline_VITIS_LOOP_71_1.verbose.sched.rpt 
Execute       list_part -family xc7a35t-fgg484-2 
Execute         ap_family_info -name xc7a35t-fgg484-2 -data names 
Execute         ap_part_info -quiet -name xc7a35t-fgg484-2 -data family 
Execute     db_write -o C:/Users/duong/Desktop/xup_high_level_synthesis_design_flow-main/source/lab3/dct_pipeline/dct/hls/.autopilot/db/dct_Pipeline_VITIS_LOOP_71_1.sched.adb -f 
INFO-FLOW: Finish scheduling dct_Pipeline_VITIS_LOOP_71_1.
Execute     set_default_model dct_Pipeline_VITIS_LOOP_71_1 
Execute     bind -model dct_Pipeline_VITIS_LOOP_71_1 
INFO: [BIND 205-100] Starting micro-architecture generation ...
INFO: [BIND 205-101] Performing variable lifetime analysis.
INFO: [BIND 205-101] Exploring resource sharing.
INFO: [BIND 205-101] Binding ...
INFO: [BIND 205-100] Finished micro-architecture generation.
INFO: [HLS 200-111] Finished Binding: CPU user time: 0 seconds. CPU system time: 0 seconds. Elapsed time: 0.016 seconds; current allocated memory: 224.777 MB.
Execute     syn_report -verbosereport -o C:/Users/duong/Desktop/xup_high_level_synthesis_design_flow-main/source/lab3/dct_pipeline/dct/hls/.autopilot/db/dct_Pipeline_VITIS_LOOP_71_1.verbose.bind.rpt 
Execute       list_part -family xc7a35t-fgg484-2 
Execute         ap_family_info -name xc7a35t-fgg484-2 -data names 
Execute         ap_part_info -quiet -name xc7a35t-fgg484-2 -data family 
Execute     db_write -o C:/Users/duong/Desktop/xup_high_level_synthesis_design_flow-main/source/lab3/dct_pipeline/dct/hls/.autopilot/db/dct_Pipeline_VITIS_LOOP_71_1.bind.adb -f 
INFO-FLOW: Finish binding dct_Pipeline_VITIS_LOOP_71_1.
INFO: [HLS 200-10] ----------------------------------------------------------------
INFO: [HLS 200-42] -- Implementing module 'dct_Pipeline_Col_DCT_Loop_DCT_Outer_Loop' 
INFO: [HLS 200-10] ----------------------------------------------------------------
Execute     set_default_model dct_Pipeline_Col_DCT_Loop_DCT_Outer_Loop 
Execute     schedule -model dct_Pipeline_Col_DCT_Loop_DCT_Outer_Loop 
INFO: [SCHED 204-11] Starting scheduling ...
INFO: [HLS 200-486] Changing DSP latency (root=add_ln47_13) to 3 in order to utilize available DSP registers.
INFO: [HLS 200-486] Changing DSP latency (root=add_ln47_12) to 3 in order to utilize available DSP registers.
INFO: [HLS 200-486] Changing DSP latency (root=add_ln47_11) to 3 in order to utilize available DSP registers.
INFO: [HLS 200-486] Changing DSP latency (root=add_ln47_9) to 3 in order to utilize available DSP registers.
INFO: [HLS 200-486] Changing DSP latency (root=add_ln47_8) to 3 in order to utilize available DSP registers.
INFO: [HLS 200-1457] Automatically inferring inferring RAM_1WNR storage type for array 'col_inbuf'. Use bind_storage pragma to override this type.
INFO: [SCHED 204-61] Pipelining loop 'Col_DCT_Loop_DCT_Outer_Loop'.
INFO: [HLS 200-1470] Pipelining result : Target II = 1, Final II = 1, Depth = 7, loop 'Col_DCT_Loop_DCT_Outer_Loop'
INFO: [SCHED 204-11] Finished scheduling.
INFO: [HLS 200-111] Finished Scheduling: CPU user time: 0 seconds. CPU system time: 0 seconds. Elapsed time: 0.046 seconds; current allocated memory: 225.020 MB.
Execute     syn_report -verbosereport -o C:/Users/duong/Desktop/xup_high_level_synthesis_design_flow-main/source/lab3/dct_pipeline/dct/hls/.autopilot/db/dct_Pipeline_Col_DCT_Loop_DCT_Outer_Loop.verbose.sched.rpt 
Execute       list_part -family xc7a35t-fgg484-2 
Execute         ap_family_info -name xc7a35t-fgg484-2 -data names 
Execute         ap_part_info -quiet -name xc7a35t-fgg484-2 -data family 
Execute     db_write -o C:/Users/duong/Desktop/xup_high_level_synthesis_design_flow-main/source/lab3/dct_pipeline/dct/hls/.autopilot/db/dct_Pipeline_Col_DCT_Loop_DCT_Outer_Loop.sched.adb -f 
INFO-FLOW: Finish scheduling dct_Pipeline_Col_DCT_Loop_DCT_Outer_Loop.
Execute     set_default_model dct_Pipeline_Col_DCT_Loop_DCT_Outer_Loop 
Execute     bind -model dct_Pipeline_Col_DCT_Loop_DCT_Outer_Loop 
INFO: [BIND 205-100] Starting micro-architecture generation ...
INFO: [BIND 205-101] Performing variable lifetime analysis.
INFO: [BIND 205-101] Exploring resource sharing.
INFO: [BIND 205-101] Binding ...
INFO: [BIND 205-100] Finished micro-architecture generation.
INFO: [HLS 200-111] Finished Binding: CPU user time: 0 seconds. CPU system time: 0 seconds. Elapsed time: 0.039 seconds; current allocated memory: 225.035 MB.
Execute     syn_report -verbosereport -o C:/Users/duong/Desktop/xup_high_level_synthesis_design_flow-main/source/lab3/dct_pipeline/dct/hls/.autopilot/db/dct_Pipeline_Col_DCT_Loop_DCT_Outer_Loop.verbose.bind.rpt 
Execute       list_part -family xc7a35t-fgg484-2 
Execute         ap_family_info -name xc7a35t-fgg484-2 -data names 
Execute         ap_part_info -quiet -name xc7a35t-fgg484-2 -data family 
Execute     db_write -o C:/Users/duong/Desktop/xup_high_level_synthesis_design_flow-main/source/lab3/dct_pipeline/dct/hls/.autopilot/db/dct_Pipeline_Col_DCT_Loop_DCT_Outer_Loop.bind.adb -f 
INFO-FLOW: Finish binding dct_Pipeline_Col_DCT_Loop_DCT_Outer_Loop.
INFO: [HLS 200-10] ----------------------------------------------------------------
INFO: [HLS 200-42] -- Implementing module 'dct_Pipeline_VITIS_LOOP_86_2' 
INFO: [HLS 200-10] ----------------------------------------------------------------
Execute     set_default_model dct_Pipeline_VITIS_LOOP_86_2 
Execute     schedule -model dct_Pipeline_VITIS_LOOP_86_2 
INFO: [SCHED 204-11] Starting scheduling ...
INFO: [HLS 200-1457] Automatically inferring inferring RAM_1WNR storage type for array 'buf_2d_out'. Use bind_storage pragma to override this type.
INFO: [SCHED 204-61] Pipelining loop 'VITIS_LOOP_86_2'.
INFO: [HLS 200-1470] Pipelining result : Target II = NA, Final II = 1, Depth = 2, loop 'VITIS_LOOP_86_2'
INFO: [SCHED 204-11] Finished scheduling.
INFO: [HLS 200-111] Finished Scheduling: CPU user time: 0 seconds. CPU system time: 0 seconds. Elapsed time: 0.043 seconds; current allocated memory: 225.324 MB.
Execute     syn_report -verbosereport -o C:/Users/duong/Desktop/xup_high_level_synthesis_design_flow-main/source/lab3/dct_pipeline/dct/hls/.autopilot/db/dct_Pipeline_VITIS_LOOP_86_2.verbose.sched.rpt 
Execute       list_part -family xc7a35t-fgg484-2 
Execute         ap_family_info -name xc7a35t-fgg484-2 -data names 
Execute         ap_part_info -quiet -name xc7a35t-fgg484-2 -data family 
Execute     db_write -o C:/Users/duong/Desktop/xup_high_level_synthesis_design_flow-main/source/lab3/dct_pipeline/dct/hls/.autopilot/db/dct_Pipeline_VITIS_LOOP_86_2.sched.adb -f 
INFO-FLOW: Finish scheduling dct_Pipeline_VITIS_LOOP_86_2.
Execute     set_default_model dct_Pipeline_VITIS_LOOP_86_2 
Execute     bind -model dct_Pipeline_VITIS_LOOP_86_2 
INFO: [BIND 205-100] Starting micro-architecture generation ...
INFO: [BIND 205-101] Performing variable lifetime analysis.
INFO: [BIND 205-101] Exploring resource sharing.
INFO: [BIND 205-101] Binding ...
INFO: [BIND 205-100] Finished micro-architecture generation.
INFO: [HLS 200-111] Finished Binding: CPU user time: 0 seconds. CPU system time: 0 seconds. Elapsed time: 0.017 seconds; current allocated memory: 225.328 MB.
Execute     syn_report -verbosereport -o C:/Users/duong/Desktop/xup_high_level_synthesis_design_flow-main/source/lab3/dct_pipeline/dct/hls/.autopilot/db/dct_Pipeline_VITIS_LOOP_86_2.verbose.bind.rpt 
Execute       list_part -family xc7a35t-fgg484-2 
Execute         ap_family_info -name xc7a35t-fgg484-2 -data names 
Execute         ap_part_info -quiet -name xc7a35t-fgg484-2 -data family 
Execute     db_write -o C:/Users/duong/Desktop/xup_high_level_synthesis_design_flow-main/source/lab3/dct_pipeline/dct/hls/.autopilot/db/dct_Pipeline_VITIS_LOOP_86_2.bind.adb -f 
INFO-FLOW: Finish binding dct_Pipeline_VITIS_LOOP_86_2.
INFO: [HLS 200-10] ----------------------------------------------------------------
INFO: [HLS 200-42] -- Implementing module 'dct_Pipeline_WR_Loop_Row' 
INFO: [HLS 200-10] ----------------------------------------------------------------
Execute     set_default_model dct_Pipeline_WR_Loop_Row 
Execute     schedule -model dct_Pipeline_WR_Loop_Row 
INFO: [SCHED 204-11] Starting scheduling ...
INFO: [HLS 200-1457] Automatically inferring inferring RAM_1WNR storage type for array 'buf_2d_out'. Use bind_storage pragma to override this type.
INFO: [SCHED 204-61] Pipelining loop 'WR_Loop_Row'.
WARNING: [HLS 200-448] Lower bound of II is 4 due to multiple 'store' operation ('output_r_addr_write_ln116', ../dct.c:116->../dct.c:132) of variable 'buf_2d_out_load', ../dct.c:116->../dct.c:132 16 bit on array 'output_r', 'store' operation ('output_r_addr_1_write_ln116', ../dct.c:116->../dct.c:132) of variable 'buf_2d_out_load_1', ../dct.c:116->../dct.c:132 16 bit on array 'output_r', 'store' operation ('output_r_addr_2_write_ln116', ../dct.c:116->../dct.c:132) of variable 'buf_2d_out_load_2', ../dct.c:116->../dct.c:132 16 bit on array 'output_r', 'store' operation ('output_r_addr_3_write_ln116', ../dct.c:116->../dct.c:132) of variable 'buf_2d_out_load_3', ../dct.c:116->../dct.c:132 16 bit on array 'output_r', 'store' operation ('output_r_addr_4_write_ln116', ../dct.c:116->../dct.c:132) of variable 'buf_2d_out_load_4', ../dct.c:116->../dct.c:132 16 bit on array 'output_r', 'store' operation ('output_r_addr_5_write_ln116', ../dct.c:116->../dct.c:132) of variable 'buf_2d_out_load_5', ../dct.c:116->../dct.c:132 16 bit on array 'output_r', 'store' operation ('output_r_addr_6_write_ln116', ../dct.c:116->../dct.c:132) of variable 'buf_2d_out_load_6', ../dct.c:116->../dct.c:132 16 bit on array 'output_r', 'store' operation ('output_r_addr_7_write_ln116', ../dct.c:116->../dct.c:132) of variable 'buf_2d_out_load_7', ../dct.c:116->../dct.c:132 16 bit on array 'output_r' accessing core:RAM:output_r
INFO: [HLS 200-1470] Pipelining result : Target II = 1, Final II = 4, Depth = 5, loop 'WR_Loop_Row'
INFO: [SCHED 204-11] Finished scheduling.
Command     schedule done; 1.836 sec.
INFO: [HLS 200-111] Finished Scheduling: CPU user time: 0 seconds. CPU system time: 0 seconds. Elapsed time: 1.854 seconds; current allocated memory: 225.684 MB.
Execute     syn_report -verbosereport -o C:/Users/duong/Desktop/xup_high_level_synthesis_design_flow-main/source/lab3/dct_pipeline/dct/hls/.autopilot/db/dct_Pipeline_WR_Loop_Row.verbose.sched.rpt 
Execute       list_part -family xc7a35t-fgg484-2 
Execute         ap_family_info -name xc7a35t-fgg484-2 -data names 
Execute         ap_part_info -quiet -name xc7a35t-fgg484-2 -data family 
Execute     db_write -o C:/Users/duong/Desktop/xup_high_level_synthesis_design_flow-main/source/lab3/dct_pipeline/dct/hls/.autopilot/db/dct_Pipeline_WR_Loop_Row.sched.adb -f 
INFO-FLOW: Finish scheduling dct_Pipeline_WR_Loop_Row.
Execute     set_default_model dct_Pipeline_WR_Loop_Row 
Execute     bind -model dct_Pipeline_WR_Loop_Row 
INFO: [BIND 205-100] Starting micro-architecture generation ...
INFO: [BIND 205-101] Performing variable lifetime analysis.
INFO: [BIND 205-101] Exploring resource sharing.
INFO: [BIND 205-101] Binding ...
INFO: [BIND 205-100] Finished micro-architecture generation.
INFO: [HLS 200-111] Finished Binding: CPU user time: 0 seconds. CPU system time: 0 seconds. Elapsed time: 0.023 seconds; current allocated memory: 225.934 MB.
Execute     syn_report -verbosereport -o C:/Users/duong/Desktop/xup_high_level_synthesis_design_flow-main/source/lab3/dct_pipeline/dct/hls/.autopilot/db/dct_Pipeline_WR_Loop_Row.verbose.bind.rpt 
Execute       list_part -family xc7a35t-fgg484-2 
Execute         ap_family_info -name xc7a35t-fgg484-2 -data names 
Execute         ap_part_info -quiet -name xc7a35t-fgg484-2 -data family 
Execute     db_write -o C:/Users/duong/Desktop/xup_high_level_synthesis_design_flow-main/source/lab3/dct_pipeline/dct/hls/.autopilot/db/dct_Pipeline_WR_Loop_Row.bind.adb -f 
INFO-FLOW: Finish binding dct_Pipeline_WR_Loop_Row.
INFO: [HLS 200-10] ----------------------------------------------------------------
INFO: [HLS 200-42] -- Implementing module 'dct' 
INFO: [HLS 200-10] ----------------------------------------------------------------
Execute     set_default_model dct 
Execute     schedule -model dct 
INFO: [SCHED 204-11] Starting scheduling ...
INFO: [SCHED 204-11] Finished scheduling.
INFO: [HLS 200-111] Finished Scheduling: CPU user time: 0 seconds. CPU system time: 0 seconds. Elapsed time: 0.028 seconds; current allocated memory: 225.996 MB.
Execute     syn_report -verbosereport -o C:/Users/duong/Desktop/xup_high_level_synthesis_design_flow-main/source/lab3/dct_pipeline/dct/hls/.autopilot/db/dct.verbose.sched.rpt 
Execute       list_part -family xc7a35t-fgg484-2 
Execute         ap_family_info -name xc7a35t-fgg484-2 -data names 
Execute         ap_part_info -quiet -name xc7a35t-fgg484-2 -data family 
Execute     db_write -o C:/Users/duong/Desktop/xup_high_level_synthesis_design_flow-main/source/lab3/dct_pipeline/dct/hls/.autopilot/db/dct.sched.adb -f 
INFO-FLOW: Finish scheduling dct.
Execute     set_default_model dct 
Execute     bind -model dct 
INFO: [BIND 205-100] Starting micro-architecture generation ...
INFO: [BIND 205-101] Performing variable lifetime analysis.
INFO: [BIND 205-101] Exploring resource sharing.
INFO: [BIND 205-101] Binding ...
INFO: [BIND 205-100] Finished micro-architecture generation.
INFO: [HLS 200-111] Finished Binding: CPU user time: 0 seconds. CPU system time: 0 seconds. Elapsed time: 0.018 seconds; current allocated memory: 226.164 MB.
Execute     syn_report -verbosereport -o C:/Users/duong/Desktop/xup_high_level_synthesis_design_flow-main/source/lab3/dct_pipeline/dct/hls/.autopilot/db/dct.verbose.bind.rpt 
Execute       list_part -family xc7a35t-fgg484-2 
Execute         ap_family_info -name xc7a35t-fgg484-2 -data names 
Execute         ap_part_info -quiet -name xc7a35t-fgg484-2 -data family 
Execute     db_write -o C:/Users/duong/Desktop/xup_high_level_synthesis_design_flow-main/source/lab3/dct_pipeline/dct/hls/.autopilot/db/dct.bind.adb -f 
INFO-FLOW: Finish binding dct.
Execute     get_model_list dct -filter all-wo-channel 
INFO-FLOW: Preprocessing for RTLGen ...
Execute     rtl_gen_preprocess dct_Pipeline_RD_Loop_Row 
Execute     rtl_gen_preprocess dct_Pipeline_Row_DCT_Loop_DCT_Outer_Loop 
Execute     rtl_gen_preprocess dct_Pipeline_VITIS_LOOP_71_1 
Execute     rtl_gen_preprocess dct_Pipeline_Col_DCT_Loop_DCT_Outer_Loop 
Execute     rtl_gen_preprocess dct_Pipeline_VITIS_LOOP_86_2 
Execute     rtl_gen_preprocess dct_Pipeline_WR_Loop_Row 
Execute     rtl_gen_preprocess dct 
INFO-FLOW: Model list for RTL generation: dct_Pipeline_RD_Loop_Row dct_Pipeline_Row_DCT_Loop_DCT_Outer_Loop dct_Pipeline_VITIS_LOOP_71_1 dct_Pipeline_Col_DCT_Loop_DCT_Outer_Loop dct_Pipeline_VITIS_LOOP_86_2 dct_Pipeline_WR_Loop_Row dct
INFO: [HLS 200-10] ----------------------------------------------------------------
INFO: [HLS 200-10] -- Generating RTL for module 'dct_Pipeline_RD_Loop_Row' 
INFO: [HLS 200-10] ----------------------------------------------------------------
Execute     create_rtl_model dct_Pipeline_RD_Loop_Row -top_prefix dct_ -sub_prefix dct_ -mg_file C:/Users/duong/Desktop/xup_high_level_synthesis_design_flow-main/source/lab3/dct_pipeline/dct/hls/.autopilot/db/dct_Pipeline_RD_Loop_Row.compgen.tcl 
INFO: [HLS 200-1030] Apply Unified Pipeline Control on module 'dct_Pipeline_RD_Loop_Row' pipeline 'RD_Loop_Row' pipeline type 'loop pipeline'
INFO: [RTGEN 206-100] Finished creating RTL model for 'dct_Pipeline_RD_Loop_Row'.
INFO: [HLS 200-111] Finished Creating RTL model: CPU user time: 0 seconds. CPU system time: 0 seconds. Elapsed time: 0.053 seconds; current allocated memory: 228.195 MB.
Execute     source C:/Users/duong/Desktop/xup_high_level_synthesis_design_flow-main/source/lab3/dct_pipeline/dct/hls/.autopilot/db/dct.rtl_wrap.cfg.tcl 
Execute     gen_rtl dct_Pipeline_RD_Loop_Row -style xilinx -f -lang vhdl -o C:/Users/duong/Desktop/xup_high_level_synthesis_design_flow-main/source/lab3/dct_pipeline/dct/hls/syn/vhdl/dct_dct_Pipeline_RD_Loop_Row 
Execute     gen_rtl dct_Pipeline_RD_Loop_Row -style xilinx -f -lang vlog -o C:/Users/duong/Desktop/xup_high_level_synthesis_design_flow-main/source/lab3/dct_pipeline/dct/hls/syn/verilog/dct_dct_Pipeline_RD_Loop_Row 
Execute     syn_report -csynth -model dct_Pipeline_RD_Loop_Row -o C:/Users/duong/Desktop/xup_high_level_synthesis_design_flow-main/source/lab3/dct_pipeline/dct/hls/syn/report/dct_Pipeline_RD_Loop_Row_csynth.rpt 
Execute       list_part -family xc7a35t-fgg484-2 
Execute         ap_family_info -name xc7a35t-fgg484-2 -data names 
Execute         ap_part_info -quiet -name xc7a35t-fgg484-2 -data family 
Execute     syn_report -rtlxml -model dct_Pipeline_RD_Loop_Row -o C:/Users/duong/Desktop/xup_high_level_synthesis_design_flow-main/source/lab3/dct_pipeline/dct/hls/syn/report/dct_Pipeline_RD_Loop_Row_csynth.xml 
Execute       list_part -family xc7a35t-fgg484-2 
Execute         ap_family_info -name xc7a35t-fgg484-2 -data names 
Execute         ap_part_info -quiet -name xc7a35t-fgg484-2 -data family 
Execute     syn_report -verbosereport -model dct_Pipeline_RD_Loop_Row -o C:/Users/duong/Desktop/xup_high_level_synthesis_design_flow-main/source/lab3/dct_pipeline/dct/hls/.autopilot/db/dct_Pipeline_RD_Loop_Row.verbose.rpt 
Execute       list_part -family xc7a35t-fgg484-2 
Execute         ap_family_info -name xc7a35t-fgg484-2 -data names 
Execute         ap_part_info -quiet -name xc7a35t-fgg484-2 -data family 
Execute     db_write -model dct_Pipeline_RD_Loop_Row -f -o C:/Users/duong/Desktop/xup_high_level_synthesis_design_flow-main/source/lab3/dct_pipeline/dct/hls/.autopilot/db/dct_Pipeline_RD_Loop_Row.adb 
Execute     db_write -model dct_Pipeline_RD_Loop_Row -bindview -o C:/Users/duong/Desktop/xup_high_level_synthesis_design_flow-main/source/lab3/dct_pipeline/dct/hls/.autopilot/db/design.bindinfo.xml 
Execute     gen_tb_info dct_Pipeline_RD_Loop_Row -p C:/Users/duong/Desktop/xup_high_level_synthesis_design_flow-main/source/lab3/dct_pipeline/dct/hls/.autopilot/db -o C:/Users/duong/Desktop/xup_high_level_synthesis_design_flow-main/source/lab3/dct_pipeline/dct/hls/.autopilot/db/dct_Pipeline_RD_Loop_Row 
INFO: [HLS 200-10] ----------------------------------------------------------------
INFO: [HLS 200-10] -- Generating RTL for module 'dct_Pipeline_Row_DCT_Loop_DCT_Outer_Loop' 
INFO: [HLS 200-10] ----------------------------------------------------------------
Execute     create_rtl_model dct_Pipeline_Row_DCT_Loop_DCT_Outer_Loop -top_prefix dct_ -sub_prefix dct_ -mg_file C:/Users/duong/Desktop/xup_high_level_synthesis_design_flow-main/source/lab3/dct_pipeline/dct/hls/.autopilot/db/dct_Pipeline_Row_DCT_Loop_DCT_Outer_Loop.compgen.tcl 
INFO: [HLS 200-1030] Apply Unified Pipeline Control on module 'dct_Pipeline_Row_DCT_Loop_DCT_Outer_Loop' pipeline 'Row_DCT_Loop_DCT_Outer_Loop' pipeline type 'loop pipeline'
INFO: [RTGEN 206-100] Generating core module 'mac_muladd_16s_15s_13ns_29_4_1': 1 instance(s).
INFO: [RTGEN 206-100] Generating core module 'mac_muladd_16s_15s_29s_29_4_1': 4 instance(s).
INFO: [RTGEN 206-100] Generating core module 'mul_14ns_16s_29_1_1': 1 instance(s).
INFO: [RTGEN 206-100] Generating core module 'mul_15s_16s_29_1_1': 2 instance(s).
INFO: [RTGEN 206-100] Finished creating RTL model for 'dct_Pipeline_Row_DCT_Loop_DCT_Outer_Loop'.
Command     create_rtl_model done; 1.767 sec.
INFO: [HLS 200-111] Finished Creating RTL model: CPU user time: 1 seconds. CPU system time: 0 seconds. Elapsed time: 1.924 seconds; current allocated memory: 231.531 MB.
Execute     source C:/Users/duong/Desktop/xup_high_level_synthesis_design_flow-main/source/lab3/dct_pipeline/dct/hls/.autopilot/db/dct.rtl_wrap.cfg.tcl 
Execute     gen_rtl dct_Pipeline_Row_DCT_Loop_DCT_Outer_Loop -style xilinx -f -lang vhdl -o C:/Users/duong/Desktop/xup_high_level_synthesis_design_flow-main/source/lab3/dct_pipeline/dct/hls/syn/vhdl/dct_dct_Pipeline_Row_DCT_Loop_DCT_Outer_Loop 
Execute     gen_rtl dct_Pipeline_Row_DCT_Loop_DCT_Outer_Loop -style xilinx -f -lang vlog -o C:/Users/duong/Desktop/xup_high_level_synthesis_design_flow-main/source/lab3/dct_pipeline/dct/hls/syn/verilog/dct_dct_Pipeline_Row_DCT_Loop_DCT_Outer_Loop 
Execute     syn_report -csynth -model dct_Pipeline_Row_DCT_Loop_DCT_Outer_Loop -o C:/Users/duong/Desktop/xup_high_level_synthesis_design_flow-main/source/lab3/dct_pipeline/dct/hls/syn/report/dct_Pipeline_Row_DCT_Loop_DCT_Outer_Loop_csynth.rpt 
Execute       list_part -family xc7a35t-fgg484-2 
Execute         ap_family_info -name xc7a35t-fgg484-2 -data names 
Execute         ap_part_info -quiet -name xc7a35t-fgg484-2 -data family 
Execute     syn_report -rtlxml -model dct_Pipeline_Row_DCT_Loop_DCT_Outer_Loop -o C:/Users/duong/Desktop/xup_high_level_synthesis_design_flow-main/source/lab3/dct_pipeline/dct/hls/syn/report/dct_Pipeline_Row_DCT_Loop_DCT_Outer_Loop_csynth.xml 
Execute       list_part -family xc7a35t-fgg484-2 
Execute         ap_family_info -name xc7a35t-fgg484-2 -data names 
Execute         ap_part_info -quiet -name xc7a35t-fgg484-2 -data family 
Execute     syn_report -verbosereport -model dct_Pipeline_Row_DCT_Loop_DCT_Outer_Loop -o C:/Users/duong/Desktop/xup_high_level_synthesis_design_flow-main/source/lab3/dct_pipeline/dct/hls/.autopilot/db/dct_Pipeline_Row_DCT_Loop_DCT_Outer_Loop.verbose.rpt 
Execute       list_part -family xc7a35t-fgg484-2 
Execute         ap_family_info -name xc7a35t-fgg484-2 -data names 
Execute         ap_part_info -quiet -name xc7a35t-fgg484-2 -data family 
Execute     db_write -model dct_Pipeline_Row_DCT_Loop_DCT_Outer_Loop -f -o C:/Users/duong/Desktop/xup_high_level_synthesis_design_flow-main/source/lab3/dct_pipeline/dct/hls/.autopilot/db/dct_Pipeline_Row_DCT_Loop_DCT_Outer_Loop.adb 
Execute     db_write -model dct_Pipeline_Row_DCT_Loop_DCT_Outer_Loop -bindview -o C:/Users/duong/Desktop/xup_high_level_synthesis_design_flow-main/source/lab3/dct_pipeline/dct/hls/.autopilot/db/design.bindinfo.xml 
Execute     gen_tb_info dct_Pipeline_Row_DCT_Loop_DCT_Outer_Loop -p C:/Users/duong/Desktop/xup_high_level_synthesis_design_flow-main/source/lab3/dct_pipeline/dct/hls/.autopilot/db -o C:/Users/duong/Desktop/xup_high_level_synthesis_design_flow-main/source/lab3/dct_pipeline/dct/hls/.autopilot/db/dct_Pipeline_Row_DCT_Loop_DCT_Outer_Loop 
INFO: [HLS 200-10] ----------------------------------------------------------------
INFO: [HLS 200-10] -- Generating RTL for module 'dct_Pipeline_VITIS_LOOP_71_1' 
INFO: [HLS 200-10] ----------------------------------------------------------------
Execute     create_rtl_model dct_Pipeline_VITIS_LOOP_71_1 -top_prefix dct_ -sub_prefix dct_ -mg_file C:/Users/duong/Desktop/xup_high_level_synthesis_design_flow-main/source/lab3/dct_pipeline/dct/hls/.autopilot/db/dct_Pipeline_VITIS_LOOP_71_1.compgen.tcl 
INFO: [HLS 200-1030] Apply Unified Pipeline Control on module 'dct_Pipeline_VITIS_LOOP_71_1' pipeline 'VITIS_LOOP_71_1' pipeline type 'loop pipeline'
INFO: [RTGEN 206-100] Finished creating RTL model for 'dct_Pipeline_VITIS_LOOP_71_1'.
INFO: [HLS 200-111] Finished Creating RTL model: CPU user time: 0 seconds. CPU system time: 1 seconds. Elapsed time: 0.22 seconds; current allocated memory: 234.125 MB.
Execute     source C:/Users/duong/Desktop/xup_high_level_synthesis_design_flow-main/source/lab3/dct_pipeline/dct/hls/.autopilot/db/dct.rtl_wrap.cfg.tcl 
Execute     gen_rtl dct_Pipeline_VITIS_LOOP_71_1 -style xilinx -f -lang vhdl -o C:/Users/duong/Desktop/xup_high_level_synthesis_design_flow-main/source/lab3/dct_pipeline/dct/hls/syn/vhdl/dct_dct_Pipeline_VITIS_LOOP_71_1 
Execute     gen_rtl dct_Pipeline_VITIS_LOOP_71_1 -style xilinx -f -lang vlog -o C:/Users/duong/Desktop/xup_high_level_synthesis_design_flow-main/source/lab3/dct_pipeline/dct/hls/syn/verilog/dct_dct_Pipeline_VITIS_LOOP_71_1 
Execute     syn_report -csynth -model dct_Pipeline_VITIS_LOOP_71_1 -o C:/Users/duong/Desktop/xup_high_level_synthesis_design_flow-main/source/lab3/dct_pipeline/dct/hls/syn/report/dct_Pipeline_VITIS_LOOP_71_1_csynth.rpt 
Execute       list_part -family xc7a35t-fgg484-2 
Execute         ap_family_info -name xc7a35t-fgg484-2 -data names 
Execute         ap_part_info -quiet -name xc7a35t-fgg484-2 -data family 
Execute     syn_report -rtlxml -model dct_Pipeline_VITIS_LOOP_71_1 -o C:/Users/duong/Desktop/xup_high_level_synthesis_design_flow-main/source/lab3/dct_pipeline/dct/hls/syn/report/dct_Pipeline_VITIS_LOOP_71_1_csynth.xml 
Execute       list_part -family xc7a35t-fgg484-2 
Execute         ap_family_info -name xc7a35t-fgg484-2 -data names 
Execute         ap_part_info -quiet -name xc7a35t-fgg484-2 -data family 
Execute     syn_report -verbosereport -model dct_Pipeline_VITIS_LOOP_71_1 -o C:/Users/duong/Desktop/xup_high_level_synthesis_design_flow-main/source/lab3/dct_pipeline/dct/hls/.autopilot/db/dct_Pipeline_VITIS_LOOP_71_1.verbose.rpt 
Execute       list_part -family xc7a35t-fgg484-2 
Execute         ap_family_info -name xc7a35t-fgg484-2 -data names 
Execute         ap_part_info -quiet -name xc7a35t-fgg484-2 -data family 
Execute     db_write -model dct_Pipeline_VITIS_LOOP_71_1 -f -o C:/Users/duong/Desktop/xup_high_level_synthesis_design_flow-main/source/lab3/dct_pipeline/dct/hls/.autopilot/db/dct_Pipeline_VITIS_LOOP_71_1.adb 
Execute     db_write -model dct_Pipeline_VITIS_LOOP_71_1 -bindview -o C:/Users/duong/Desktop/xup_high_level_synthesis_design_flow-main/source/lab3/dct_pipeline/dct/hls/.autopilot/db/design.bindinfo.xml 
Execute     gen_tb_info dct_Pipeline_VITIS_LOOP_71_1 -p C:/Users/duong/Desktop/xup_high_level_synthesis_design_flow-main/source/lab3/dct_pipeline/dct/hls/.autopilot/db -o C:/Users/duong/Desktop/xup_high_level_synthesis_design_flow-main/source/lab3/dct_pipeline/dct/hls/.autopilot/db/dct_Pipeline_VITIS_LOOP_71_1 
INFO: [HLS 200-10] ----------------------------------------------------------------
INFO: [HLS 200-10] -- Generating RTL for module 'dct_Pipeline_Col_DCT_Loop_DCT_Outer_Loop' 
INFO: [HLS 200-10] ----------------------------------------------------------------
Execute     create_rtl_model dct_Pipeline_Col_DCT_Loop_DCT_Outer_Loop -top_prefix dct_ -sub_prefix dct_ -mg_file C:/Users/duong/Desktop/xup_high_level_synthesis_design_flow-main/source/lab3/dct_pipeline/dct/hls/.autopilot/db/dct_Pipeline_Col_DCT_Loop_DCT_Outer_Loop.compgen.tcl 
INFO: [HLS 200-1030] Apply Unified Pipeline Control on module 'dct_Pipeline_Col_DCT_Loop_DCT_Outer_Loop' pipeline 'Col_DCT_Loop_DCT_Outer_Loop' pipeline type 'loop pipeline'
INFO: [RTGEN 206-100] Generating core module 'mac_muladd_16s_15s_13ns_29_4_1': 1 instance(s).
INFO: [RTGEN 206-100] Generating core module 'mac_muladd_16s_15s_29s_29_4_1': 4 instance(s).
INFO: [RTGEN 206-100] Generating core module 'mul_14ns_16s_29_1_1': 1 instance(s).
INFO: [RTGEN 206-100] Generating core module 'mul_15s_16s_29_1_1': 2 instance(s).
INFO: [RTGEN 206-100] Finished creating RTL model for 'dct_Pipeline_Col_DCT_Loop_DCT_Outer_Loop'.
INFO: [HLS 200-111] Finished Creating RTL model: CPU user time: 0 seconds. CPU system time: 0 seconds. Elapsed time: 0.111 seconds; current allocated memory: 235.051 MB.
Execute     source C:/Users/duong/Desktop/xup_high_level_synthesis_design_flow-main/source/lab3/dct_pipeline/dct/hls/.autopilot/db/dct.rtl_wrap.cfg.tcl 
Execute     gen_rtl dct_Pipeline_Col_DCT_Loop_DCT_Outer_Loop -style xilinx -f -lang vhdl -o C:/Users/duong/Desktop/xup_high_level_synthesis_design_flow-main/source/lab3/dct_pipeline/dct/hls/syn/vhdl/dct_dct_Pipeline_Col_DCT_Loop_DCT_Outer_Loop 
Execute     gen_rtl dct_Pipeline_Col_DCT_Loop_DCT_Outer_Loop -style xilinx -f -lang vlog -o C:/Users/duong/Desktop/xup_high_level_synthesis_design_flow-main/source/lab3/dct_pipeline/dct/hls/syn/verilog/dct_dct_Pipeline_Col_DCT_Loop_DCT_Outer_Loop 
Execute     syn_report -csynth -model dct_Pipeline_Col_DCT_Loop_DCT_Outer_Loop -o C:/Users/duong/Desktop/xup_high_level_synthesis_design_flow-main/source/lab3/dct_pipeline/dct/hls/syn/report/dct_Pipeline_Col_DCT_Loop_DCT_Outer_Loop_csynth.rpt 
Execute       list_part -family xc7a35t-fgg484-2 
Execute         ap_family_info -name xc7a35t-fgg484-2 -data names 
Execute         ap_part_info -quiet -name xc7a35t-fgg484-2 -data family 
Execute     syn_report -rtlxml -model dct_Pipeline_Col_DCT_Loop_DCT_Outer_Loop -o C:/Users/duong/Desktop/xup_high_level_synthesis_design_flow-main/source/lab3/dct_pipeline/dct/hls/syn/report/dct_Pipeline_Col_DCT_Loop_DCT_Outer_Loop_csynth.xml 
Execute       list_part -family xc7a35t-fgg484-2 
Execute         ap_family_info -name xc7a35t-fgg484-2 -data names 
Execute         ap_part_info -quiet -name xc7a35t-fgg484-2 -data family 
Execute     syn_report -verbosereport -model dct_Pipeline_Col_DCT_Loop_DCT_Outer_Loop -o C:/Users/duong/Desktop/xup_high_level_synthesis_design_flow-main/source/lab3/dct_pipeline/dct/hls/.autopilot/db/dct_Pipeline_Col_DCT_Loop_DCT_Outer_Loop.verbose.rpt 
Execute       list_part -family xc7a35t-fgg484-2 
Execute         ap_family_info -name xc7a35t-fgg484-2 -data names 
Execute         ap_part_info -quiet -name xc7a35t-fgg484-2 -data family 
Execute     db_write -model dct_Pipeline_Col_DCT_Loop_DCT_Outer_Loop -f -o C:/Users/duong/Desktop/xup_high_level_synthesis_design_flow-main/source/lab3/dct_pipeline/dct/hls/.autopilot/db/dct_Pipeline_Col_DCT_Loop_DCT_Outer_Loop.adb 
Execute     db_write -model dct_Pipeline_Col_DCT_Loop_DCT_Outer_Loop -bindview -o C:/Users/duong/Desktop/xup_high_level_synthesis_design_flow-main/source/lab3/dct_pipeline/dct/hls/.autopilot/db/design.bindinfo.xml 
Execute     gen_tb_info dct_Pipeline_Col_DCT_Loop_DCT_Outer_Loop -p C:/Users/duong/Desktop/xup_high_level_synthesis_design_flow-main/source/lab3/dct_pipeline/dct/hls/.autopilot/db -o C:/Users/duong/Desktop/xup_high_level_synthesis_design_flow-main/source/lab3/dct_pipeline/dct/hls/.autopilot/db/dct_Pipeline_Col_DCT_Loop_DCT_Outer_Loop 
INFO: [HLS 200-10] ----------------------------------------------------------------
INFO: [HLS 200-10] -- Generating RTL for module 'dct_Pipeline_VITIS_LOOP_86_2' 
INFO: [HLS 200-10] ----------------------------------------------------------------
Execute     create_rtl_model dct_Pipeline_VITIS_LOOP_86_2 -top_prefix dct_ -sub_prefix dct_ -mg_file C:/Users/duong/Desktop/xup_high_level_synthesis_design_flow-main/source/lab3/dct_pipeline/dct/hls/.autopilot/db/dct_Pipeline_VITIS_LOOP_86_2.compgen.tcl 
INFO: [HLS 200-1030] Apply Unified Pipeline Control on module 'dct_Pipeline_VITIS_LOOP_86_2' pipeline 'VITIS_LOOP_86_2' pipeline type 'loop pipeline'
INFO: [RTGEN 206-100] Finished creating RTL model for 'dct_Pipeline_VITIS_LOOP_86_2'.
INFO: [HLS 200-111] Finished Creating RTL model: CPU user time: 0 seconds. CPU system time: 0 seconds. Elapsed time: 0.243 seconds; current allocated memory: 237.789 MB.
Execute     source C:/Users/duong/Desktop/xup_high_level_synthesis_design_flow-main/source/lab3/dct_pipeline/dct/hls/.autopilot/db/dct.rtl_wrap.cfg.tcl 
Execute     gen_rtl dct_Pipeline_VITIS_LOOP_86_2 -style xilinx -f -lang vhdl -o C:/Users/duong/Desktop/xup_high_level_synthesis_design_flow-main/source/lab3/dct_pipeline/dct/hls/syn/vhdl/dct_dct_Pipeline_VITIS_LOOP_86_2 
Execute     gen_rtl dct_Pipeline_VITIS_LOOP_86_2 -style xilinx -f -lang vlog -o C:/Users/duong/Desktop/xup_high_level_synthesis_design_flow-main/source/lab3/dct_pipeline/dct/hls/syn/verilog/dct_dct_Pipeline_VITIS_LOOP_86_2 
Execute     syn_report -csynth -model dct_Pipeline_VITIS_LOOP_86_2 -o C:/Users/duong/Desktop/xup_high_level_synthesis_design_flow-main/source/lab3/dct_pipeline/dct/hls/syn/report/dct_Pipeline_VITIS_LOOP_86_2_csynth.rpt 
Execute       list_part -family xc7a35t-fgg484-2 
Execute         ap_family_info -name xc7a35t-fgg484-2 -data names 
Execute         ap_part_info -quiet -name xc7a35t-fgg484-2 -data family 
Execute     syn_report -rtlxml -model dct_Pipeline_VITIS_LOOP_86_2 -o C:/Users/duong/Desktop/xup_high_level_synthesis_design_flow-main/source/lab3/dct_pipeline/dct/hls/syn/report/dct_Pipeline_VITIS_LOOP_86_2_csynth.xml 
Execute       list_part -family xc7a35t-fgg484-2 
Execute         ap_family_info -name xc7a35t-fgg484-2 -data names 
Execute         ap_part_info -quiet -name xc7a35t-fgg484-2 -data family 
Execute     syn_report -verbosereport -model dct_Pipeline_VITIS_LOOP_86_2 -o C:/Users/duong/Desktop/xup_high_level_synthesis_design_flow-main/source/lab3/dct_pipeline/dct/hls/.autopilot/db/dct_Pipeline_VITIS_LOOP_86_2.verbose.rpt 
Execute       list_part -family xc7a35t-fgg484-2 
Execute         ap_family_info -name xc7a35t-fgg484-2 -data names 
Execute         ap_part_info -quiet -name xc7a35t-fgg484-2 -data family 
Execute     db_write -model dct_Pipeline_VITIS_LOOP_86_2 -f -o C:/Users/duong/Desktop/xup_high_level_synthesis_design_flow-main/source/lab3/dct_pipeline/dct/hls/.autopilot/db/dct_Pipeline_VITIS_LOOP_86_2.adb 
Execute     db_write -model dct_Pipeline_VITIS_LOOP_86_2 -bindview -o C:/Users/duong/Desktop/xup_high_level_synthesis_design_flow-main/source/lab3/dct_pipeline/dct/hls/.autopilot/db/design.bindinfo.xml 
Execute     gen_tb_info dct_Pipeline_VITIS_LOOP_86_2 -p C:/Users/duong/Desktop/xup_high_level_synthesis_design_flow-main/source/lab3/dct_pipeline/dct/hls/.autopilot/db -o C:/Users/duong/Desktop/xup_high_level_synthesis_design_flow-main/source/lab3/dct_pipeline/dct/hls/.autopilot/db/dct_Pipeline_VITIS_LOOP_86_2 
INFO: [HLS 200-10] ----------------------------------------------------------------
INFO: [HLS 200-10] -- Generating RTL for module 'dct_Pipeline_WR_Loop_Row' 
INFO: [HLS 200-10] ----------------------------------------------------------------
Execute     create_rtl_model dct_Pipeline_WR_Loop_Row -top_prefix dct_ -sub_prefix dct_ -mg_file C:/Users/duong/Desktop/xup_high_level_synthesis_design_flow-main/source/lab3/dct_pipeline/dct/hls/.autopilot/db/dct_Pipeline_WR_Loop_Row.compgen.tcl 
INFO: [HLS 200-1030] Apply Unified Pipeline Control on module 'dct_Pipeline_WR_Loop_Row' pipeline 'WR_Loop_Row' pipeline type 'loop pipeline'
INFO: [RTGEN 206-100] Finished creating RTL model for 'dct_Pipeline_WR_Loop_Row'.
INFO: [HLS 200-111] Finished Creating RTL model: CPU user time: 0 seconds. CPU system time: 0 seconds. Elapsed time: 0.1 seconds; current allocated memory: 238.004 MB.
Execute     source C:/Users/duong/Desktop/xup_high_level_synthesis_design_flow-main/source/lab3/dct_pipeline/dct/hls/.autopilot/db/dct.rtl_wrap.cfg.tcl 
Execute     gen_rtl dct_Pipeline_WR_Loop_Row -style xilinx -f -lang vhdl -o C:/Users/duong/Desktop/xup_high_level_synthesis_design_flow-main/source/lab3/dct_pipeline/dct/hls/syn/vhdl/dct_dct_Pipeline_WR_Loop_Row 
Execute     gen_rtl dct_Pipeline_WR_Loop_Row -style xilinx -f -lang vlog -o C:/Users/duong/Desktop/xup_high_level_synthesis_design_flow-main/source/lab3/dct_pipeline/dct/hls/syn/verilog/dct_dct_Pipeline_WR_Loop_Row 
Execute     syn_report -csynth -model dct_Pipeline_WR_Loop_Row -o C:/Users/duong/Desktop/xup_high_level_synthesis_design_flow-main/source/lab3/dct_pipeline/dct/hls/syn/report/dct_Pipeline_WR_Loop_Row_csynth.rpt 
Execute       list_part -family xc7a35t-fgg484-2 
Execute         ap_family_info -name xc7a35t-fgg484-2 -data names 
Execute         ap_part_info -quiet -name xc7a35t-fgg484-2 -data family 
Execute     syn_report -rtlxml -model dct_Pipeline_WR_Loop_Row -o C:/Users/duong/Desktop/xup_high_level_synthesis_design_flow-main/source/lab3/dct_pipeline/dct/hls/syn/report/dct_Pipeline_WR_Loop_Row_csynth.xml 
Execute       list_part -family xc7a35t-fgg484-2 
Execute         ap_family_info -name xc7a35t-fgg484-2 -data names 
Execute         ap_part_info -quiet -name xc7a35t-fgg484-2 -data family 
Execute     syn_report -verbosereport -model dct_Pipeline_WR_Loop_Row -o C:/Users/duong/Desktop/xup_high_level_synthesis_design_flow-main/source/lab3/dct_pipeline/dct/hls/.autopilot/db/dct_Pipeline_WR_Loop_Row.verbose.rpt 
Execute       list_part -family xc7a35t-fgg484-2 
Execute         ap_family_info -name xc7a35t-fgg484-2 -data names 
Execute         ap_part_info -quiet -name xc7a35t-fgg484-2 -data family 
Execute     db_write -model dct_Pipeline_WR_Loop_Row -f -o C:/Users/duong/Desktop/xup_high_level_synthesis_design_flow-main/source/lab3/dct_pipeline/dct/hls/.autopilot/db/dct_Pipeline_WR_Loop_Row.adb 
Execute     db_write -model dct_Pipeline_WR_Loop_Row -bindview -o C:/Users/duong/Desktop/xup_high_level_synthesis_design_flow-main/source/lab3/dct_pipeline/dct/hls/.autopilot/db/design.bindinfo.xml 
Execute     gen_tb_info dct_Pipeline_WR_Loop_Row -p C:/Users/duong/Desktop/xup_high_level_synthesis_design_flow-main/source/lab3/dct_pipeline/dct/hls/.autopilot/db -o C:/Users/duong/Desktop/xup_high_level_synthesis_design_flow-main/source/lab3/dct_pipeline/dct/hls/.autopilot/db/dct_Pipeline_WR_Loop_Row 
INFO: [HLS 200-10] ----------------------------------------------------------------
INFO: [HLS 200-10] -- Generating RTL for module 'dct' 
INFO: [HLS 200-10] ----------------------------------------------------------------
Execute     create_rtl_model dct -top_prefix  -sub_prefix dct_ -mg_file C:/Users/duong/Desktop/xup_high_level_synthesis_design_flow-main/source/lab3/dct_pipeline/dct/hls/.autopilot/db/dct.compgen.tcl 
INFO: [RTGEN 206-500] Setting interface mode on port 'dct/input_r' to 'ap_memory'.
INFO: [RTGEN 206-500] Setting interface mode on port 'dct/output_r' to 'ap_memory'.
INFO: [RTGEN 206-500] Setting interface mode on function 'dct' to 'ap_ctrl_hs'.
INFO: [RTGEN 206-100] Finished creating RTL model for 'dct'.
INFO: [RTMG 210-279] Implementing memory 'dct_dct_1d_dct_coeff_table_0_ROM_AUTO_1R' using auto ROMs.
INFO: [RTMG 210-279] Implementing memory 'dct_dct_1d_dct_coeff_table_1_ROM_AUTO_1R' using auto ROMs.
INFO: [RTMG 210-279] Implementing memory 'dct_dct_1d_dct_coeff_table_2_ROM_AUTO_1R' using auto ROMs.
INFO: [RTMG 210-279] Implementing memory 'dct_dct_1d_dct_coeff_table_3_ROM_AUTO_1R' using auto ROMs.
INFO: [RTMG 210-279] Implementing memory 'dct_dct_1d_dct_coeff_table_4_ROM_AUTO_1R' using auto ROMs.
INFO: [RTMG 210-279] Implementing memory 'dct_dct_1d_dct_coeff_table_5_ROM_AUTO_1R' using auto ROMs.
INFO: [RTMG 210-279] Implementing memory 'dct_dct_1d_dct_coeff_table_6_ROM_AUTO_1R' using auto ROMs.
INFO: [RTMG 210-279] Implementing memory 'dct_dct_1d_dct_coeff_table_7_ROM_AUTO_1R' using auto ROMs.
INFO: [RTMG 210-278] Implementing memory 'dct_row_outbuf_RAM_AUTO_1R1W' using auto RAMs.
INFO: [HLS 200-2167] Implementing memory 'dct_col_inbuf_RAM_1WNR_AUTO_1R1W' using auto RAMs with 7 copies to ensure enough ports to satisfy II or latency constraints.
INFO: [RTMG 210-278] Implementing memory 'dct_buf_2d_in_RAM_AUTO_1R1W' using auto RAMs.
INFO: [RTMG 210-278] Implementing memory 'dct_buf_2d_out_RAM_1WNR_AUTO_1R1W' using auto RAMs.
Command     create_rtl_model done; 1.209 sec.
INFO: [HLS 200-111] Finished Creating RTL model: CPU user time: 0 seconds. CPU system time: 0 seconds. Elapsed time: 1.379 seconds; current allocated memory: 241.047 MB.
Execute     source C:/Users/duong/Desktop/xup_high_level_synthesis_design_flow-main/source/lab3/dct_pipeline/dct/hls/.autopilot/db/dct.rtl_wrap.cfg.tcl 
Execute     gen_rtl dct -istop -style xilinx -f -lang vhdl -o C:/Users/duong/Desktop/xup_high_level_synthesis_design_flow-main/source/lab3/dct_pipeline/dct/hls/syn/vhdl/dct 
Execute     gen_rtl dct -istop -style xilinx -f -lang vlog -o C:/Users/duong/Desktop/xup_high_level_synthesis_design_flow-main/source/lab3/dct_pipeline/dct/hls/syn/verilog/dct 
Execute     syn_report -csynth -model dct -o C:/Users/duong/Desktop/xup_high_level_synthesis_design_flow-main/source/lab3/dct_pipeline/dct/hls/syn/report/dct_csynth.rpt 
Execute       list_part -family xc7a35t-fgg484-2 
Execute         ap_family_info -name xc7a35t-fgg484-2 -data names 
Execute         ap_part_info -quiet -name xc7a35t-fgg484-2 -data family 
Execute     syn_report -rtlxml -model dct -o C:/Users/duong/Desktop/xup_high_level_synthesis_design_flow-main/source/lab3/dct_pipeline/dct/hls/syn/report/dct_csynth.xml 
Execute       list_part -family xc7a35t-fgg484-2 
Execute         ap_family_info -name xc7a35t-fgg484-2 -data names 
Execute         ap_part_info -quiet -name xc7a35t-fgg484-2 -data family 
Execute     syn_report -verbosereport -model dct -o C:/Users/duong/Desktop/xup_high_level_synthesis_design_flow-main/source/lab3/dct_pipeline/dct/hls/.autopilot/db/dct.verbose.rpt 
Execute       list_part -family xc7a35t-fgg484-2 
Execute         ap_family_info -name xc7a35t-fgg484-2 -data names 
Execute         ap_part_info -quiet -name xc7a35t-fgg484-2 -data family 
Execute     db_write -model dct -f -o C:/Users/duong/Desktop/xup_high_level_synthesis_design_flow-main/source/lab3/dct_pipeline/dct/hls/.autopilot/db/dct.adb 
Execute     db_write -model dct -bindview -o C:/Users/duong/Desktop/xup_high_level_synthesis_design_flow-main/source/lab3/dct_pipeline/dct/hls/.autopilot/db/design.bindinfo.xml 
Execute     gen_tb_info dct -p C:/Users/duong/Desktop/xup_high_level_synthesis_design_flow-main/source/lab3/dct_pipeline/dct/hls/.autopilot/db -o C:/Users/duong/Desktop/xup_high_level_synthesis_design_flow-main/source/lab3/dct_pipeline/dct/hls/.autopilot/db/dct 
Execute     export_constraint_db -f -tool general -o C:/Users/duong/Desktop/xup_high_level_synthesis_design_flow-main/source/lab3/dct_pipeline/dct/hls/.autopilot/db/dct.constraint.tcl 
Execute     syn_report -designview -model dct -o C:/Users/duong/Desktop/xup_high_level_synthesis_design_flow-main/source/lab3/dct_pipeline/dct/hls/.autopilot/db/dct.design.xml 
Execute     syn_report -csynthDesign -model dct -o C:/Users/duong/Desktop/xup_high_level_synthesis_design_flow-main/source/lab3/dct_pipeline/dct/hls/syn/report/csynth.rpt -MHOut C:/Users/duong/Desktop/xup_high_level_synthesis_design_flow-main/source/lab3/dct_pipeline/dct/hls/.autopilot/db/kernel_module_hierarchy.tcl 
Execute       list_part -family xc7a35t-fgg484-2 
Execute         ap_family_info -name xc7a35t-fgg484-2 -data names 
Execute         ap_part_info -quiet -name xc7a35t-fgg484-2 -data family 
Execute     syn_report -wcfg -model dct -o C:/Users/duong/Desktop/xup_high_level_synthesis_design_flow-main/source/lab3/dct_pipeline/dct/hls/.autopilot/db/dct_dataflow_ana.wcfg 
Execute     syn_report -protoinst -model dct -o C:/Users/duong/Desktop/xup_high_level_synthesis_design_flow-main/source/lab3/dct_pipeline/dct/hls/.autopilot/db/dct.protoinst 
Execute     sc_get_clocks dct 
Execute     sc_get_portdomain dct 
INFO-FLOW: Model list for RTL component generation: dct_Pipeline_RD_Loop_Row dct_Pipeline_Row_DCT_Loop_DCT_Outer_Loop dct_Pipeline_VITIS_LOOP_71_1 dct_Pipeline_Col_DCT_Loop_DCT_Outer_Loop dct_Pipeline_VITIS_LOOP_86_2 dct_Pipeline_WR_Loop_Row dct
INFO-FLOW: Handling components in module [dct_Pipeline_RD_Loop_Row] ... 
Execute     source C:/Users/duong/Desktop/xup_high_level_synthesis_design_flow-main/source/lab3/dct_pipeline/dct/hls/.autopilot/db/dct_Pipeline_RD_Loop_Row.compgen.tcl 
INFO-FLOW: Found component dct_flow_control_loop_pipe_sequential_init.
INFO-FLOW: Append model dct_flow_control_loop_pipe_sequential_init
INFO-FLOW: Handling components in module [dct_Pipeline_Row_DCT_Loop_DCT_Outer_Loop] ... 
Execute     source C:/Users/duong/Desktop/xup_high_level_synthesis_design_flow-main/source/lab3/dct_pipeline/dct/hls/.autopilot/db/dct_Pipeline_Row_DCT_Loop_DCT_Outer_Loop.compgen.tcl 
INFO-FLOW: Found component dct_mul_15s_16s_29_1_1.
INFO-FLOW: Append model dct_mul_15s_16s_29_1_1
INFO-FLOW: Found component dct_mul_14ns_16s_29_1_1.
INFO-FLOW: Append model dct_mul_14ns_16s_29_1_1
INFO-FLOW: Found component dct_mac_muladd_16s_15s_13ns_29_4_1.
INFO-FLOW: Append model dct_mac_muladd_16s_15s_13ns_29_4_1
INFO-FLOW: Found component dct_mac_muladd_16s_15s_29s_29_4_1.
INFO-FLOW: Append model dct_mac_muladd_16s_15s_29s_29_4_1
INFO-FLOW: Found component dct_flow_control_loop_pipe_sequential_init.
INFO-FLOW: Append model dct_flow_control_loop_pipe_sequential_init
INFO-FLOW: Handling components in module [dct_Pipeline_VITIS_LOOP_71_1] ... 
Execute     source C:/Users/duong/Desktop/xup_high_level_synthesis_design_flow-main/source/lab3/dct_pipeline/dct/hls/.autopilot/db/dct_Pipeline_VITIS_LOOP_71_1.compgen.tcl 
INFO-FLOW: Found component dct_flow_control_loop_pipe_sequential_init.
INFO-FLOW: Append model dct_flow_control_loop_pipe_sequential_init
INFO-FLOW: Handling components in module [dct_Pipeline_Col_DCT_Loop_DCT_Outer_Loop] ... 
Execute     source C:/Users/duong/Desktop/xup_high_level_synthesis_design_flow-main/source/lab3/dct_pipeline/dct/hls/.autopilot/db/dct_Pipeline_Col_DCT_Loop_DCT_Outer_Loop.compgen.tcl 
INFO-FLOW: Found component dct_flow_control_loop_pipe_sequential_init.
INFO-FLOW: Append model dct_flow_control_loop_pipe_sequential_init
INFO-FLOW: Handling components in module [dct_Pipeline_VITIS_LOOP_86_2] ... 
Execute     source C:/Users/duong/Desktop/xup_high_level_synthesis_design_flow-main/source/lab3/dct_pipeline/dct/hls/.autopilot/db/dct_Pipeline_VITIS_LOOP_86_2.compgen.tcl 
INFO-FLOW: Found component dct_flow_control_loop_pipe_sequential_init.
INFO-FLOW: Append model dct_flow_control_loop_pipe_sequential_init
INFO-FLOW: Handling components in module [dct_Pipeline_WR_Loop_Row] ... 
Execute     source C:/Users/duong/Desktop/xup_high_level_synthesis_design_flow-main/source/lab3/dct_pipeline/dct/hls/.autopilot/db/dct_Pipeline_WR_Loop_Row.compgen.tcl 
INFO-FLOW: Found component dct_flow_control_loop_pipe_sequential_init.
INFO-FLOW: Append model dct_flow_control_loop_pipe_sequential_init
INFO-FLOW: Handling components in module [dct] ... 
Execute     source C:/Users/duong/Desktop/xup_high_level_synthesis_design_flow-main/source/lab3/dct_pipeline/dct/hls/.autopilot/db/dct.compgen.tcl 
INFO-FLOW: Found component dct_dct_1d_dct_coeff_table_0_ROM_AUTO_1R.
INFO-FLOW: Append model dct_dct_1d_dct_coeff_table_0_ROM_AUTO_1R
INFO-FLOW: Found component dct_dct_1d_dct_coeff_table_1_ROM_AUTO_1R.
INFO-FLOW: Append model dct_dct_1d_dct_coeff_table_1_ROM_AUTO_1R
INFO-FLOW: Found component dct_dct_1d_dct_coeff_table_2_ROM_AUTO_1R.
INFO-FLOW: Append model dct_dct_1d_dct_coeff_table_2_ROM_AUTO_1R
INFO-FLOW: Found component dct_dct_1d_dct_coeff_table_3_ROM_AUTO_1R.
INFO-FLOW: Append model dct_dct_1d_dct_coeff_table_3_ROM_AUTO_1R
INFO-FLOW: Found component dct_dct_1d_dct_coeff_table_4_ROM_AUTO_1R.
INFO-FLOW: Append model dct_dct_1d_dct_coeff_table_4_ROM_AUTO_1R
INFO-FLOW: Found component dct_dct_1d_dct_coeff_table_5_ROM_AUTO_1R.
INFO-FLOW: Append model dct_dct_1d_dct_coeff_table_5_ROM_AUTO_1R
INFO-FLOW: Found component dct_dct_1d_dct_coeff_table_6_ROM_AUTO_1R.
INFO-FLOW: Append model dct_dct_1d_dct_coeff_table_6_ROM_AUTO_1R
INFO-FLOW: Found component dct_dct_1d_dct_coeff_table_7_ROM_AUTO_1R.
INFO-FLOW: Append model dct_dct_1d_dct_coeff_table_7_ROM_AUTO_1R
INFO-FLOW: Found component dct_row_outbuf_RAM_AUTO_1R1W.
INFO-FLOW: Append model dct_row_outbuf_RAM_AUTO_1R1W
INFO-FLOW: Found component dct_col_inbuf_RAM_1WNR_AUTO_1R1W.
INFO-FLOW: Append model dct_col_inbuf_RAM_1WNR_AUTO_1R1W
INFO-FLOW: Found component dct_buf_2d_in_RAM_AUTO_1R1W.
INFO-FLOW: Append model dct_buf_2d_in_RAM_AUTO_1R1W
INFO-FLOW: Found component dct_buf_2d_out_RAM_1WNR_AUTO_1R1W.
INFO-FLOW: Append model dct_buf_2d_out_RAM_1WNR_AUTO_1R1W
INFO-FLOW: Append model dct_Pipeline_RD_Loop_Row
INFO-FLOW: Append model dct_Pipeline_Row_DCT_Loop_DCT_Outer_Loop
INFO-FLOW: Append model dct_Pipeline_VITIS_LOOP_71_1
INFO-FLOW: Append model dct_Pipeline_Col_DCT_Loop_DCT_Outer_Loop
INFO-FLOW: Append model dct_Pipeline_VITIS_LOOP_86_2
INFO-FLOW: Append model dct_Pipeline_WR_Loop_Row
INFO-FLOW: Append model dct
INFO-FLOW: Generating RTL model list ...
INFO-FLOW: All models in this session: dct_flow_control_loop_pipe_sequential_init dct_mul_15s_16s_29_1_1 dct_mul_14ns_16s_29_1_1 dct_mac_muladd_16s_15s_13ns_29_4_1 dct_mac_muladd_16s_15s_29s_29_4_1 dct_flow_control_loop_pipe_sequential_init dct_flow_control_loop_pipe_sequential_init dct_flow_control_loop_pipe_sequential_init dct_flow_control_loop_pipe_sequential_init dct_flow_control_loop_pipe_sequential_init dct_dct_1d_dct_coeff_table_0_ROM_AUTO_1R dct_dct_1d_dct_coeff_table_1_ROM_AUTO_1R dct_dct_1d_dct_coeff_table_2_ROM_AUTO_1R dct_dct_1d_dct_coeff_table_3_ROM_AUTO_1R dct_dct_1d_dct_coeff_table_4_ROM_AUTO_1R dct_dct_1d_dct_coeff_table_5_ROM_AUTO_1R dct_dct_1d_dct_coeff_table_6_ROM_AUTO_1R dct_dct_1d_dct_coeff_table_7_ROM_AUTO_1R dct_row_outbuf_RAM_AUTO_1R1W dct_col_inbuf_RAM_1WNR_AUTO_1R1W dct_buf_2d_in_RAM_AUTO_1R1W dct_buf_2d_out_RAM_1WNR_AUTO_1R1W dct_Pipeline_RD_Loop_Row dct_Pipeline_Row_DCT_Loop_DCT_Outer_Loop dct_Pipeline_VITIS_LOOP_71_1 dct_Pipeline_Col_DCT_Loop_DCT_Outer_Loop dct_Pipeline_VITIS_LOOP_86_2 dct_Pipeline_WR_Loop_Row dct
INFO-FLOW: Generating C:/Users/duong/Desktop/xup_high_level_synthesis_design_flow-main/source/lab3/dct_pipeline/dct/hls/.autopilot/db/autopilot.rtl.models.txt file...
INFO-FLOW: To file: write model dct_flow_control_loop_pipe_sequential_init
INFO-FLOW: To file: write model dct_mul_15s_16s_29_1_1
INFO-FLOW: To file: write model dct_mul_14ns_16s_29_1_1
INFO-FLOW: To file: write model dct_mac_muladd_16s_15s_13ns_29_4_1
INFO-FLOW: To file: write model dct_mac_muladd_16s_15s_29s_29_4_1
INFO-FLOW: To file: write model dct_flow_control_loop_pipe_sequential_init
INFO-FLOW: To file: write model dct_flow_control_loop_pipe_sequential_init
INFO-FLOW: To file: write model dct_flow_control_loop_pipe_sequential_init
INFO-FLOW: To file: write model dct_flow_control_loop_pipe_sequential_init
INFO-FLOW: To file: write model dct_flow_control_loop_pipe_sequential_init
INFO-FLOW: To file: write model dct_dct_1d_dct_coeff_table_0_ROM_AUTO_1R
INFO-FLOW: To file: write model dct_dct_1d_dct_coeff_table_1_ROM_AUTO_1R
INFO-FLOW: To file: write model dct_dct_1d_dct_coeff_table_2_ROM_AUTO_1R
INFO-FLOW: To file: write model dct_dct_1d_dct_coeff_table_3_ROM_AUTO_1R
INFO-FLOW: To file: write model dct_dct_1d_dct_coeff_table_4_ROM_AUTO_1R
INFO-FLOW: To file: write model dct_dct_1d_dct_coeff_table_5_ROM_AUTO_1R
INFO-FLOW: To file: write model dct_dct_1d_dct_coeff_table_6_ROM_AUTO_1R
INFO-FLOW: To file: write model dct_dct_1d_dct_coeff_table_7_ROM_AUTO_1R
INFO-FLOW: To file: write model dct_row_outbuf_RAM_AUTO_1R1W
INFO-FLOW: To file: write model dct_col_inbuf_RAM_1WNR_AUTO_1R1W
INFO-FLOW: To file: write model dct_buf_2d_in_RAM_AUTO_1R1W
INFO-FLOW: To file: write model dct_buf_2d_out_RAM_1WNR_AUTO_1R1W
INFO-FLOW: To file: write model dct_Pipeline_RD_Loop_Row
INFO-FLOW: To file: write model dct_Pipeline_Row_DCT_Loop_DCT_Outer_Loop
INFO-FLOW: To file: write model dct_Pipeline_VITIS_LOOP_71_1
INFO-FLOW: To file: write model dct_Pipeline_Col_DCT_Loop_DCT_Outer_Loop
INFO-FLOW: To file: write model dct_Pipeline_VITIS_LOOP_86_2
INFO-FLOW: To file: write model dct_Pipeline_WR_Loop_Row
INFO-FLOW: To file: write model dct
INFO-FLOW: Generating C:/Users/duong/Desktop/xup_high_level_synthesis_design_flow-main/source/lab3/dct_pipeline/dct/hls/.autopilot/db/autopilot.rtl.models.tcl file...
INFO-FLOW: Finished generating RTL model list.


INFO-FLOW: RTL Generation done.
INFO-FLOW: CAS Generation done.
INFO-FLOW: CBC Generation done.
Execute     AP::msg_collection_file -close 
INFO-FLOW: DBG:PROC: ::AESL_AUTOMG::auto_generate_csynth_design
INFO-FLOW: DBG:PUTS: read_platform_lib C:/Users/duong/Desktop/xup_high_level_synthesis_design_flow-main/source/lab3/dct_pipeline/dct/hls/.autopilot/db/global.setting.tcl
Execute     source D:/movies/2025.2/Vitis/common/technology/generic/autopilot/common.gen 
Execute       source D:/movies/2025.2/Vitis/common/technology/generic/autopilot/APCoreGen.gen 
Execute     source D:/movies/2025.2/Vitis/common/technology/generic/autopilot/op.gen 
Execute     source D:/movies/2025.2/Vitis/common/technology/generic/autopilot/op_simcore.gen 
Execute     source D:/movies/2025.2/Vitis/common/technology/generic/autopilot/interface.gen 
Execute     source C:/Users/duong/Desktop/xup_high_level_synthesis_design_flow-main/source/lab3/dct_pipeline/dct/hls/.autopilot/db/global.setting.tcl 
Execute     ap_family_info -name artix7 -data parts 
Execute     ap_part_info -name xc7a12ticsg325-1L -data info 
Execute     source D:/movies/2025.2/Vitis/common/technology/xilinx/common/xilinx.gen 
Execute       source D:/movies/2025.2/Vitis/common/technology/xilinx/interface/plb46.gen 
Execute       source D:/movies/2025.2/Vitis/common/technology/xilinx/interface/axi4.gen 
Execute       source D:/movies/2025.2/Vitis/common/technology/xilinx/interface/nativeAXI4.gen 
Execute         source D:/movies/2025.2/Vitis/common/technology/xilinx/interface/saxilite.gen 
Execute       source D:/movies/2025.2/Vitis/common/technology/xilinx/scripts/xilinxcoregen.gen 
Execute       source D:/movies/2025.2/Vitis/common/technology/xilinx/interface/XilEDKCoreGen.gen 
Execute       source D:/movies/2025.2/Vitis/common/technology/xilinx/ip/dds_compiler.gen 
Execute       source D:/movies/2025.2/Vitis/common/technology/xilinx/ip/util.gen 
Execute       source D:/movies/2025.2/Vitis/common/technology/xilinx/ip/xfft.gen 
Execute       source D:/movies/2025.2/Vitis/common/technology/xilinx/ip/xfir.gen 
Execute       source D:/movies/2025.2/Vitis/common/technology/xilinx/DSP48/dsp48.gen 
INFO-FLOW: DBG:PUTS:   using AESL_AUTOCG::g_clock_period=10.000 (was NA)
INFO-FLOW: DBG:PROC: ::AESL_AUTOMG::generate_ip_cores gen_sim_model='1' gen_fp_models='0' gen_for_export='0' dstSCDir='' dstVhdlDir='C:/Users/duong/Desktop/xup_high_level_synthesis_design_flow-main/source/lab3/dct_pipeline/dct/hls/.autopilot/db/vhdl' dstVlogDir='C:/Users/duong/Desktop/xup_high_level_synthesis_design_flow-main/source/lab3/dct_pipeline/dct/hls/.autopilot/db/vlog' tclDir='C:/Users/duong/Desktop/xup_high_level_synthesis_design_flow-main/source/lab3/dct_pipeline/dct/hls/.autopilot/db' modelList='dct_flow_control_loop_pipe_sequential_init
dct_mul_15s_16s_29_1_1
dct_mul_14ns_16s_29_1_1
dct_mac_muladd_16s_15s_13ns_29_4_1
dct_mac_muladd_16s_15s_29s_29_4_1
dct_flow_control_loop_pipe_sequential_init
dct_flow_control_loop_pipe_sequential_init
dct_flow_control_loop_pipe_sequential_init
dct_flow_control_loop_pipe_sequential_init
dct_flow_control_loop_pipe_sequential_init
dct_dct_1d_dct_coeff_table_0_ROM_AUTO_1R
dct_dct_1d_dct_coeff_table_1_ROM_AUTO_1R
dct_dct_1d_dct_coeff_table_2_ROM_AUTO_1R
dct_dct_1d_dct_coeff_table_3_ROM_AUTO_1R
dct_dct_1d_dct_coeff_table_4_ROM_AUTO_1R
dct_dct_1d_dct_coeff_table_5_ROM_AUTO_1R
dct_dct_1d_dct_coeff_table_6_ROM_AUTO_1R
dct_dct_1d_dct_coeff_table_7_ROM_AUTO_1R
dct_row_outbuf_RAM_AUTO_1R1W
dct_col_inbuf_RAM_1WNR_AUTO_1R1W
dct_buf_2d_in_RAM_AUTO_1R1W
dct_buf_2d_out_RAM_1WNR_AUTO_1R1W
dct_Pipeline_RD_Loop_Row
dct_Pipeline_Row_DCT_Loop_DCT_Outer_Loop
dct_Pipeline_VITIS_LOOP_71_1
dct_Pipeline_Col_DCT_Loop_DCT_Outer_Loop
dct_Pipeline_VITIS_LOOP_86_2
dct_Pipeline_WR_Loop_Row
dct
' expOnly='0'
Execute     source C:/Users/duong/Desktop/xup_high_level_synthesis_design_flow-main/source/lab3/dct_pipeline/dct/hls/.autopilot/db/global.setting.tcl 
Execute     ap_part_info -name xc7a35t-fgg484-2 -data names -quiet 
Execute     ap_part_info -name xc7a35t-fgg484-2 -data info -quiet 
Execute     source C:/Users/duong/Desktop/xup_high_level_synthesis_design_flow-main/source/lab3/dct_pipeline/dct/hls/.autopilot/db/global.setting.tcl 
Execute     source C:/Users/duong/Desktop/xup_high_level_synthesis_design_flow-main/source/lab3/dct_pipeline/dct/hls/.autopilot/db/global.setting.tcl 
Execute     source C:/Users/duong/Desktop/xup_high_level_synthesis_design_flow-main/source/lab3/dct_pipeline/dct/hls/.autopilot/db/dct_Pipeline_RD_Loop_Row.compgen.tcl 
Execute     source C:/Users/duong/Desktop/xup_high_level_synthesis_design_flow-main/source/lab3/dct_pipeline/dct/hls/.autopilot/db/dct_Pipeline_Row_DCT_Loop_DCT_Outer_Loop.compgen.tcl 
Execute     source C:/Users/duong/Desktop/xup_high_level_synthesis_design_flow-main/source/lab3/dct_pipeline/dct/hls/.autopilot/db/dct_Pipeline_VITIS_LOOP_71_1.compgen.tcl 
Execute     source C:/Users/duong/Desktop/xup_high_level_synthesis_design_flow-main/source/lab3/dct_pipeline/dct/hls/.autopilot/db/dct_Pipeline_Col_DCT_Loop_DCT_Outer_Loop.compgen.tcl 
Execute     source C:/Users/duong/Desktop/xup_high_level_synthesis_design_flow-main/source/lab3/dct_pipeline/dct/hls/.autopilot/db/dct_Pipeline_VITIS_LOOP_86_2.compgen.tcl 
Execute     source C:/Users/duong/Desktop/xup_high_level_synthesis_design_flow-main/source/lab3/dct_pipeline/dct/hls/.autopilot/db/dct_Pipeline_WR_Loop_Row.compgen.tcl 
Execute     source C:/Users/duong/Desktop/xup_high_level_synthesis_design_flow-main/source/lab3/dct_pipeline/dct/hls/.autopilot/db/dct.compgen.tcl 
INFO: [HLS 200-111] Finished Generating all RTL models: CPU user time: 0 seconds. CPU system time: 0 seconds. Elapsed time: 0.639 seconds; current allocated memory: 245.707 MB.
INFO-FLOW: DBG:PROC: ::HLSREPORTS::create_csynth_xml bind_info_var='bind_info' RtlSubPrefix='dct_' outfile=''
INFO-FLOW: Running: create_csynth_xml read xml data
INFO-FLOW: Done: create_csynth_xml read xml data time: 0 seconds 
INFO-FLOW: create_csynth_xml: all_module_nodes count=7
INFO-FLOW: Running: create_csynth_xml bind info
INFO-FLOW: create_csynth_xml: all_bind_nodes count=76
INFO-FLOW: Done: create_csynth_xml bind info time: 0 seconds 
INFO-FLOW: create_csynth_xml: bind_instances counts: modules=7 instances=74
INFO-FLOW: Running: create_csynth_xml update csynth_xml_module_hier
INFO-FLOW: Done: create_csynth_xml update csynth_xml_module_hier time: 0 seconds 
INFO-FLOW: create_csynth_xml: csynth_xml_module_hier max_depth=3
INFO-FLOW: Running: create_csynth_xml gen bind_report_dict
INFO-FLOW: Done: create_csynth_xml gen bind_report_dict time: 0 seconds 
INFO-FLOW: Running: create_csynth_xml config info
INFO-FLOW: Done: create_csynth_xml config info time: 0.6 seconds 
INFO-FLOW: Running: create_csynth_xml write xml
INFO-FLOW: Done: create_csynth_xml write xml time: 0 seconds 
INFO-FLOW: DBG:PUTS:      create_csynth_xml wrote csynth_xml=C:/Users/duong/Desktop/xup_high_level_synthesis_design_flow-main/source/lab3/dct_pipeline/dct/hls/syn/report/csynth.xml
INFO-FLOW: Running: generate_json
INFO-FLOW: DBG:PROC: ::AP::DESIGN_DATA::generate_json generate_bd_files='0' generate_xo_files='0' modelList='dct_flow_control_loop_pipe_sequential_init
dct_mul_15s_16s_29_1_1
dct_mul_14ns_16s_29_1_1
dct_mac_muladd_16s_15s_13ns_29_4_1
dct_mac_muladd_16s_15s_29s_29_4_1
dct_flow_control_loop_pipe_sequential_init
dct_flow_control_loop_pipe_sequential_init
dct_flow_control_loop_pipe_sequential_init
dct_flow_control_loop_pipe_sequential_init
dct_flow_control_loop_pipe_sequential_init
dct_dct_1d_dct_coeff_table_0_ROM_AUTO_1R
dct_dct_1d_dct_coeff_table_1_ROM_AUTO_1R
dct_dct_1d_dct_coeff_table_2_ROM_AUTO_1R
dct_dct_1d_dct_coeff_table_3_ROM_AUTO_1R
dct_dct_1d_dct_coeff_table_4_ROM_AUTO_1R
dct_dct_1d_dct_coeff_table_5_ROM_AUTO_1R
dct_dct_1d_dct_coeff_table_6_ROM_AUTO_1R
dct_dct_1d_dct_coeff_table_7_ROM_AUTO_1R
dct_row_outbuf_RAM_AUTO_1R1W
dct_col_inbuf_RAM_1WNR_AUTO_1R1W
dct_buf_2d_in_RAM_AUTO_1R1W
dct_buf_2d_out_RAM_1WNR_AUTO_1R1W
dct_Pipeline_RD_Loop_Row
dct_Pipeline_Row_DCT_Loop_DCT_Outer_Loop
dct_Pipeline_VITIS_LOOP_71_1
dct_Pipeline_Col_DCT_Loop_DCT_Outer_Loop
dct_Pipeline_VITIS_LOOP_86_2
dct_Pipeline_WR_Loop_Row
dct
' rtl_lang='both' bootstrap_tcl='false' outdir='' outfilename=''
Execute     source C:/Users/duong/Desktop/xup_high_level_synthesis_design_flow-main/source/lab3/dct_pipeline/dct/hls/.autopilot/db/global.setting.tcl 
Execute     source C:/Users/duong/Desktop/xup_high_level_synthesis_design_flow-main/source/lab3/dct_pipeline/dct/hls/.autopilot/db/global.setting.tcl 
Execute     source C:/Users/duong/Desktop/xup_high_level_synthesis_design_flow-main/source/lab3/dct_pipeline/dct/hls/.autopilot/db/top-io-be.tcl 
Execute     source C:/Users/duong/Desktop/xup_high_level_synthesis_design_flow-main/source/lab3/dct_pipeline/dct/hls/.autopilot/db/dct.tbgen.tcl 
Execute     source C:/Users/duong/Desktop/xup_high_level_synthesis_design_flow-main/source/lab3/dct_pipeline/dct/hls/.autopilot/db/dct.rtl_wrap.cfg.tcl 
Execute     source C:/Users/duong/Desktop/xup_high_level_synthesis_design_flow-main/source/lab3/dct_pipeline/dct/hls/.autopilot/db/dct.compgen.dataonly.tcl 
Execute     source C:/Users/duong/Desktop/xup_high_level_synthesis_design_flow-main/source/lab3/dct_pipeline/dct/hls/.autopilot/db/dct_Pipeline_RD_Loop_Row.tbgen.tcl 
Execute     source C:/Users/duong/Desktop/xup_high_level_synthesis_design_flow-main/source/lab3/dct_pipeline/dct/hls/.autopilot/db/dct_Pipeline_Row_DCT_Loop_DCT_Outer_Loop.tbgen.tcl 
Execute     source C:/Users/duong/Desktop/xup_high_level_synthesis_design_flow-main/source/lab3/dct_pipeline/dct/hls/.autopilot/db/dct_Pipeline_VITIS_LOOP_71_1.tbgen.tcl 
Execute     source C:/Users/duong/Desktop/xup_high_level_synthesis_design_flow-main/source/lab3/dct_pipeline/dct/hls/.autopilot/db/dct_Pipeline_Col_DCT_Loop_DCT_Outer_Loop.tbgen.tcl 
Execute     source C:/Users/duong/Desktop/xup_high_level_synthesis_design_flow-main/source/lab3/dct_pipeline/dct/hls/.autopilot/db/dct_Pipeline_VITIS_LOOP_86_2.tbgen.tcl 
Execute     source C:/Users/duong/Desktop/xup_high_level_synthesis_design_flow-main/source/lab3/dct_pipeline/dct/hls/.autopilot/db/dct_Pipeline_WR_Loop_Row.tbgen.tcl 
Execute     source C:/Users/duong/Desktop/xup_high_level_synthesis_design_flow-main/source/lab3/dct_pipeline/dct/hls/.autopilot/db/dct.tbgen.tcl 
Execute     source C:/Users/duong/Desktop/xup_high_level_synthesis_design_flow-main/source/lab3/dct_pipeline/dct/hls/.autopilot/db/global.setting.tcl 
Execute     ap_part_info -name xc7a35t-fgg484-2 -data names -quiet 
Execute     ap_part_info -name xc7a35t-fgg484-2 -data info -quiet 
Execute     source C:/Users/duong/Desktop/xup_high_level_synthesis_design_flow-main/source/lab3/dct_pipeline/dct/hls/.autopilot/db/dct.constraint.tcl 
Execute     sc_get_clocks dct 
Execute     source C:/Users/duong/Desktop/xup_high_level_synthesis_design_flow-main/source/lab3/dct_pipeline/dct/hls/.autopilot/db/global.setting.tcl 
Execute     source D:/movies/2025.2/Vitis/tps/tcl/tcllib2.0/fileutil/fileutil.tcl 
INFO-FLOW: Done: generate_json time: 0.3 seconds 
INFO-FLOW: Running: add_csynth_report_sections
INFO-FLOW: DBG:PROC: ::HLSREPORTS::add_csynth_report_sections bind_info_dict='adapter_nodes {} cache_nodes {} report_dict {TOPINST dct MODULE2INSTS {dct dct dct_Pipeline_RD_Loop_Row grp_dct_Pipeline_RD_Loop_Row_fu_98 dct_Pipeline_Row_DCT_Loop_DCT_Outer_Loop grp_dct_Pipeline_Row_DCT_Loop_DCT_Outer_Loop_fu_120 dct_Pipeline_VITIS_LOOP_71_1 grp_dct_Pipeline_VITIS_LOOP_71_1_fu_149 dct_Pipeline_Col_DCT_Loop_DCT_Outer_Loop grp_dct_Pipeline_Col_DCT_Loop_DCT_Outer_Loop_fu_155 dct_Pipeline_VITIS_LOOP_86_2 grp_dct_Pipeline_VITIS_LOOP_86_2_fu_177 dct_Pipeline_WR_Loop_Row grp_dct_Pipeline_WR_Loop_Row_fu_183} INST2MODULE {dct dct grp_dct_Pipeline_RD_Loop_Row_fu_98 dct_Pipeline_RD_Loop_Row grp_dct_Pipeline_Row_DCT_Loop_DCT_Outer_Loop_fu_120 dct_Pipeline_Row_DCT_Loop_DCT_Outer_Loop grp_dct_Pipeline_VITIS_LOOP_71_1_fu_149 dct_Pipeline_VITIS_LOOP_71_1 grp_dct_Pipeline_Col_DCT_Loop_DCT_Outer_Loop_fu_155 dct_Pipeline_Col_DCT_Loop_DCT_Outer_Loop grp_dct_Pipeline_VITIS_LOOP_86_2_fu_177 dct_Pipeline_VITIS_LOOP_86_2 grp_dct_Pipeline_WR_Loop_Row_fu_183 dct_Pipeline_WR_Loop_Row} INSTDATA {dct {DEPTH 1 CHILDREN {grp_dct_Pipeline_RD_Loop_Row_fu_98 grp_dct_Pipeline_Row_DCT_Loop_DCT_Outer_Loop_fu_120 grp_dct_Pipeline_VITIS_LOOP_71_1_fu_149 grp_dct_Pipeline_Col_DCT_Loop_DCT_Outer_Loop_fu_155 grp_dct_Pipeline_VITIS_LOOP_86_2_fu_177 grp_dct_Pipeline_WR_Loop_Row_fu_183}} grp_dct_Pipeline_RD_Loop_Row_fu_98 {DEPTH 2 CHILDREN {}} grp_dct_Pipeline_Row_DCT_Loop_DCT_Outer_Loop_fu_120 {DEPTH 2 CHILDREN {}} grp_dct_Pipeline_VITIS_LOOP_71_1_fu_149 {DEPTH 2 CHILDREN {}} grp_dct_Pipeline_Col_DCT_Loop_DCT_Outer_Loop_fu_155 {DEPTH 2 CHILDREN {}} grp_dct_Pipeline_VITIS_LOOP_86_2_fu_177 {DEPTH 2 CHILDREN {}} grp_dct_Pipeline_WR_Loop_Row_fu_183 {DEPTH 2 CHILDREN {}}} MODULEDATA {dct_Pipeline_RD_Loop_Row {BINDINFO {{BINDTYPE op ID {} IMPL auto LATENCY 0 OPTYPE seteq PRAGMA {} RTLNAME icmp_ln96_fu_263_p2 SOURCE ../dct.c:96 VARIABLE icmp_ln96 LOOP RD_Loop_Row BUNDLEDNAME {} DSP 0 BRAM 0 URAM 0 STORAGESUBTYPE {} DISPNAME {bind_op seteq} VISIBLE false} {BINDTYPE op ID {} IMPL fabric LATENCY 0 OPTYPE add PRAGMA {} RTLNAME add_ln96_fu_269_p2 SOURCE ../dct.c:96 VARIABLE add_ln96 LOOP RD_Loop_Row BUNDLEDNAME {} DSP 0 BRAM 0 URAM 0 STORAGESUBTYPE {} DISPNAME {bind_op add} VISIBLE true}} AREA {DSP 0 BRAM 0 URAM 0}} dct_Pipeline_Row_DCT_Loop_DCT_Outer_Loop {BINDINFO {{BINDTYPE op ID {} IMPL auto LATENCY 0 OPTYPE seteq PRAGMA {} RTLNAME icmp_ln61_fu_332_p2 SOURCE ../dct.c:61 VARIABLE icmp_ln61 LOOP Row_DCT_Loop_DCT_Outer_Loop BUNDLEDNAME {} DSP 0 BRAM 0 URAM 0 STORAGESUBTYPE {} DISPNAME {bind_op seteq} VISIBLE false} {BINDTYPE op ID {} IMPL fabric LATENCY 0 OPTYPE add PRAGMA {} RTLNAME add_ln61_1_fu_338_p2 SOURCE ../dct.c:61 VARIABLE add_ln61_1 LOOP Row_DCT_Loop_DCT_Outer_Loop BUNDLEDNAME {} DSP 0 BRAM 0 URAM 0 STORAGESUBTYPE {} DISPNAME {bind_op add} VISIBLE true} {BINDTYPE op ID {} IMPL fabric LATENCY 0 OPTYPE add PRAGMA {} RTLNAME add_ln61_fu_347_p2 SOURCE ../dct.c:61 VARIABLE add_ln61 LOOP Row_DCT_Loop_DCT_Outer_Loop BUNDLEDNAME {} DSP 0 BRAM 0 URAM 0 STORAGESUBTYPE {} DISPNAME {bind_op add} VISIBLE true} {BINDTYPE op ID {} IMPL auto LATENCY 0 OPTYPE seteq PRAGMA {} RTLNAME icmp_ln39_fu_353_p2 SOURCE ../dct.c:39 VARIABLE icmp_ln39 LOOP Row_DCT_Loop_DCT_Outer_Loop BUNDLEDNAME {} DSP 0 BRAM 0 URAM 0 STORAGESUBTYPE {} DISPNAME {bind_op seteq} VISIBLE false} {BINDTYPE op ID {} IMPL auto_sel LATENCY 0 OPTYPE select PRAGMA {} RTLNAME select_ln56_fu_359_p3 SOURCE ../dct.c:56 VARIABLE select_ln56 LOOP Row_DCT_Loop_DCT_Outer_Loop BUNDLEDNAME {} DSP 0 BRAM 0 URAM 0 STORAGESUBTYPE {} DISPNAME {bind_op select} VISIBLE false} {BINDTYPE op ID {} IMPL auto_sel LATENCY 0 OPTYPE select PRAGMA {} RTLNAME select_ln61_fu_367_p3 SOURCE ../dct.c:61 VARIABLE select_ln61 LOOP Row_DCT_Loop_DCT_Outer_Loop BUNDLEDNAME {} DSP 0 BRAM 0 URAM 0 STORAGESUBTYPE {} DISPNAME {bind_op select} VISIBLE false} {BINDTYPE op ID {} IMPL fabric LATENCY 0 OPTYPE add PRAGMA {} RTLNAME add_ln47_8_fu_401_p2 SOURCE ../dct.c:47 VARIABLE add_ln47_8 LOOP Row_DCT_Loop_DCT_Outer_Loop BUNDLEDNAME {} DSP 0 BRAM 0 URAM 0 STORAGESUBTYPE {} DISPNAME {bind_op add} VISIBLE true} {BINDTYPE op ID {} IMPL dsp_slice LATENCY 3 OPTYPE mul PRAGMA {} RTLNAME mac_muladd_16s_15s_29s_29_4_1_U14 SOURCE ../dct.c:47 VARIABLE mul_ln47 LOOP Row_DCT_Loop_DCT_Outer_Loop BUNDLEDNAME {} DSP 1 BRAM 0 URAM 0 STORAGESUBTYPE {} DISPNAME {bind_op mul} VISIBLE true} {BINDTYPE op ID {} IMPL dsp_slice LATENCY 3 OPTYPE mul PRAGMA {} RTLNAME mac_muladd_16s_15s_13ns_29_4_1_U13 SOURCE ../dct.c:47 VARIABLE mul_ln47_1 LOOP Row_DCT_Loop_DCT_Outer_Loop BUNDLEDNAME {} DSP 1 BRAM 0 URAM 0 STORAGESUBTYPE {} DISPNAME {bind_op mul} VISIBLE true} {BINDTYPE op ID {} IMPL dsp_slice LATENCY 3 OPTYPE mul PRAGMA {} RTLNAME mac_muladd_16s_15s_29s_29_4_1_U15 SOURCE ../dct.c:47 VARIABLE mul_ln47_2 LOOP Row_DCT_Loop_DCT_Outer_Loop BUNDLEDNAME {} DSP 1 BRAM 0 URAM 0 STORAGESUBTYPE {} DISPNAME {bind_op mul} VISIBLE true} {BINDTYPE op ID {} IMPL dsp_slice LATENCY 3 OPTYPE mul PRAGMA {} RTLNAME mac_muladd_16s_15s_29s_29_4_1_U16 SOURCE ../dct.c:47 VARIABLE mul_ln47_3 LOOP Row_DCT_Loop_DCT_Outer_Loop BUNDLEDNAME {} DSP 1 BRAM 0 URAM 0 STORAGESUBTYPE {} DISPNAME {bind_op mul} VISIBLE true} {BINDTYPE op ID {} IMPL auto LATENCY 0 OPTYPE mul PRAGMA {} RTLNAME mul_15s_16s_29_1_1_U10 SOURCE ../dct.c:47 VARIABLE mul_ln47_4 LOOP Row_DCT_Loop_DCT_Outer_Loop BUNDLEDNAME {} DSP 1 BRAM 0 URAM 0 STORAGESUBTYPE {} DISPNAME {bind_op mul} VISIBLE true} {BINDTYPE op ID {} IMPL dsp_slice LATENCY 3 OPTYPE mul PRAGMA {} RTLNAME mac_muladd_16s_15s_29s_29_4_1_U17 SOURCE ../dct.c:47 VARIABLE mul_ln47_5 LOOP Row_DCT_Loop_DCT_Outer_Loop BUNDLEDNAME {} DSP 1 BRAM 0 URAM 0 STORAGESUBTYPE {} DISPNAME {bind_op mul} VISIBLE true} {BINDTYPE op ID {} IMPL auto LATENCY 0 OPTYPE mul PRAGMA {} RTLNAME mul_15s_16s_29_1_1_U11 SOURCE ../dct.c:47 VARIABLE mul_ln47_6 LOOP Row_DCT_Loop_DCT_Outer_Loop BUNDLEDNAME {} DSP 1 BRAM 0 URAM 0 STORAGESUBTYPE {} DISPNAME {bind_op mul} VISIBLE true} {BINDTYPE op ID {} IMPL auto LATENCY 0 OPTYPE mul PRAGMA {} RTLNAME mul_14ns_16s_29_1_1_U12 SOURCE ../dct.c:47 VARIABLE mul_ln47_7 LOOP Row_DCT_Loop_DCT_Outer_Loop BUNDLEDNAME {} DSP 1 BRAM 0 URAM 0 STORAGESUBTYPE {} DISPNAME {bind_op mul} VISIBLE true} {BINDTYPE op ID {} IMPL dsp_slice LATENCY 3 OPTYPE add PRAGMA {} RTLNAME mac_muladd_16s_15s_29s_29_4_1_U14 SOURCE ../dct.c:47 VARIABLE add_ln47 LOOP Row_DCT_Loop_DCT_Outer_Loop BUNDLEDNAME {} DSP 1 BRAM 0 URAM 0 STORAGESUBTYPE {} DISPNAME {bind_op add} VISIBLE true} {BINDTYPE op ID {} IMPL dsp_slice LATENCY 3 OPTYPE add PRAGMA {} RTLNAME mac_muladd_16s_15s_29s_29_4_1_U17 SOURCE ../dct.c:47 VARIABLE add_ln47_1 LOOP Row_DCT_Loop_DCT_Outer_Loop BUNDLEDNAME {} DSP 1 BRAM 0 URAM 0 STORAGESUBTYPE {} DISPNAME {bind_op add} VISIBLE true} {BINDTYPE op ID {} IMPL dsp_slice LATENCY 3 OPTYPE add PRAGMA {} RTLNAME mac_muladd_16s_15s_29s_29_4_1_U16 SOURCE ../dct.c:47 VARIABLE add_ln47_3 LOOP Row_DCT_Loop_DCT_Outer_Loop BUNDLEDNAME {} DSP 1 BRAM 0 URAM 0 STORAGESUBTYPE {} DISPNAME {bind_op add} VISIBLE true} {BINDTYPE op ID {} IMPL dsp_slice LATENCY 3 OPTYPE add PRAGMA {} RTLNAME mac_muladd_16s_15s_13ns_29_4_1_U13 SOURCE ../dct.c:47 VARIABLE add_ln47_4 LOOP Row_DCT_Loop_DCT_Outer_Loop BUNDLEDNAME {} DSP 1 BRAM 0 URAM 0 STORAGESUBTYPE {} DISPNAME {bind_op add} VISIBLE true} {BINDTYPE op ID {} IMPL dsp_slice LATENCY 3 OPTYPE add PRAGMA {} RTLNAME mac_muladd_16s_15s_29s_29_4_1_U15 SOURCE ../dct.c:47 VARIABLE add_ln47_5 LOOP Row_DCT_Loop_DCT_Outer_Loop BUNDLEDNAME {} DSP 1 BRAM 0 URAM 0 STORAGESUBTYPE {} DISPNAME {bind_op add} VISIBLE true} {BINDTYPE op ID {} IMPL fabric LATENCY 0 OPTYPE add PRAGMA {} RTLNAME add_ln47_6_fu_507_p2 SOURCE ../dct.c:47 VARIABLE add_ln47_6 LOOP Row_DCT_Loop_DCT_Outer_Loop BUNDLEDNAME {} DSP 0 BRAM 0 URAM 0 STORAGESUBTYPE {} DISPNAME {bind_op add} VISIBLE true} {BINDTYPE op ID {} IMPL fabric LATENCY 0 OPTYPE add PRAGMA {} RTLNAME add_ln39_fu_407_p2 SOURCE ../dct.c:39 VARIABLE add_ln39 LOOP Row_DCT_Loop_DCT_Outer_Loop BUNDLEDNAME {} DSP 0 BRAM 0 URAM 0 STORAGESUBTYPE {} DISPNAME {bind_op add} VISIBLE true}} AREA {DSP 8 BRAM 0 URAM 0}} dct_Pipeline_VITIS_LOOP_71_1 {BINDINFO {{BINDTYPE op ID {} IMPL auto LATENCY 0 OPTYPE seteq PRAGMA {} RTLNAME icmp_ln71_fu_75_p2 SOURCE ../dct.c:71 VARIABLE icmp_ln71 LOOP VITIS_LOOP_71_1 BUNDLEDNAME {} DSP 0 BRAM 0 URAM 0 STORAGESUBTYPE {} DISPNAME {bind_op seteq} VISIBLE false} {BINDTYPE op ID {} IMPL fabric LATENCY 0 OPTYPE add PRAGMA {} RTLNAME add_ln71_fu_81_p2 SOURCE ../dct.c:71 VARIABLE add_ln71 LOOP VITIS_LOOP_71_1 BUNDLEDNAME {} DSP 0 BRAM 0 URAM 0 STORAGESUBTYPE {} DISPNAME {bind_op add} VISIBLE true} {BINDTYPE op ID {} IMPL fabric LATENCY 0 OPTYPE add PRAGMA {} RTLNAME add_ln72_fu_99_p2 SOURCE ../dct.c:72 VARIABLE add_ln72 LOOP VITIS_LOOP_71_1 BUNDLEDNAME {} DSP 0 BRAM 0 URAM 0 STORAGESUBTYPE {} DISPNAME {bind_op add} VISIBLE true}} AREA {DSP 0 BRAM 0 URAM 0}} dct_Pipeline_Col_DCT_Loop_DCT_Outer_Loop {BINDINFO {{BINDTYPE op ID {} IMPL auto LATENCY 0 OPTYPE seteq PRAGMA {} RTLNAME icmp_ln76_fu_325_p2 SOURCE ../dct.c:76 VARIABLE icmp_ln76 LOOP Col_DCT_Loop_DCT_Outer_Loop BUNDLEDNAME {} DSP 0 BRAM 0 URAM 0 STORAGESUBTYPE {} DISPNAME {bind_op seteq} VISIBLE false} {BINDTYPE op ID {} IMPL fabric LATENCY 0 OPTYPE add PRAGMA {} RTLNAME add_ln76_1_fu_331_p2 SOURCE ../dct.c:76 VARIABLE add_ln76_1 LOOP Col_DCT_Loop_DCT_Outer_Loop BUNDLEDNAME {} DSP 0 BRAM 0 URAM 0 STORAGESUBTYPE {} DISPNAME {bind_op add} VISIBLE true} {BINDTYPE op ID {} IMPL fabric LATENCY 0 OPTYPE add PRAGMA {} RTLNAME add_ln76_fu_340_p2 SOURCE ../dct.c:76 VARIABLE add_ln76 LOOP Col_DCT_Loop_DCT_Outer_Loop BUNDLEDNAME {} DSP 0 BRAM 0 URAM 0 STORAGESUBTYPE {} DISPNAME {bind_op add} VISIBLE true} {BINDTYPE op ID {} IMPL auto LATENCY 0 OPTYPE seteq PRAGMA {} RTLNAME icmp_ln39_fu_346_p2 SOURCE ../dct.c:39 VARIABLE icmp_ln39 LOOP Col_DCT_Loop_DCT_Outer_Loop BUNDLEDNAME {} DSP 0 BRAM 0 URAM 0 STORAGESUBTYPE {} DISPNAME {bind_op seteq} VISIBLE false} {BINDTYPE op ID {} IMPL auto_sel LATENCY 0 OPTYPE select PRAGMA {} RTLNAME select_ln56_fu_352_p3 SOURCE ../dct.c:56 VARIABLE select_ln56 LOOP Col_DCT_Loop_DCT_Outer_Loop BUNDLEDNAME {} DSP 0 BRAM 0 URAM 0 STORAGESUBTYPE {} DISPNAME {bind_op select} VISIBLE false} {BINDTYPE op ID {} IMPL auto_sel LATENCY 0 OPTYPE select PRAGMA {} RTLNAME select_ln76_fu_360_p3 SOURCE ../dct.c:76 VARIABLE select_ln76 LOOP Col_DCT_Loop_DCT_Outer_Loop BUNDLEDNAME {} DSP 0 BRAM 0 URAM 0 STORAGESUBTYPE {} DISPNAME {bind_op select} VISIBLE false} {BINDTYPE op ID {} IMPL fabric LATENCY 0 OPTYPE add PRAGMA {} RTLNAME add_ln47_fu_492_p2 SOURCE ../dct.c:47 VARIABLE add_ln47 LOOP Col_DCT_Loop_DCT_Outer_Loop BUNDLEDNAME {} DSP 0 BRAM 0 URAM 0 STORAGESUBTYPE {} DISPNAME {bind_op add} VISIBLE true} {BINDTYPE op ID {} IMPL dsp_slice LATENCY 3 OPTYPE mul PRAGMA {} RTLNAME mac_muladd_16s_15s_29s_29_4_1_U44 SOURCE ../dct.c:47 VARIABLE mul_ln47 LOOP Col_DCT_Loop_DCT_Outer_Loop BUNDLEDNAME {} DSP 1 BRAM 0 URAM 0 STORAGESUBTYPE {} DISPNAME {bind_op mul} VISIBLE true} {BINDTYPE op ID {} IMPL dsp_slice LATENCY 3 OPTYPE mul PRAGMA {} RTLNAME mac_muladd_16s_15s_13ns_29_4_1_U45 SOURCE ../dct.c:47 VARIABLE mul_ln47_8 LOOP Col_DCT_Loop_DCT_Outer_Loop BUNDLEDNAME {} DSP 1 BRAM 0 URAM 0 STORAGESUBTYPE {} DISPNAME {bind_op mul} VISIBLE true} {BINDTYPE op ID {} IMPL dsp_slice LATENCY 3 OPTYPE mul PRAGMA {} RTLNAME mac_muladd_16s_15s_29s_29_4_1_U48 SOURCE ../dct.c:47 VARIABLE mul_ln47_9 LOOP Col_DCT_Loop_DCT_Outer_Loop BUNDLEDNAME {} DSP 1 BRAM 0 URAM 0 STORAGESUBTYPE {} DISPNAME {bind_op mul} VISIBLE true} {BINDTYPE op ID {} IMPL dsp_slice LATENCY 3 OPTYPE mul PRAGMA {} RTLNAME mac_muladd_16s_15s_29s_29_4_1_U46 SOURCE ../dct.c:47 VARIABLE mul_ln47_10 LOOP Col_DCT_Loop_DCT_Outer_Loop BUNDLEDNAME {} DSP 1 BRAM 0 URAM 0 STORAGESUBTYPE {} DISPNAME {bind_op mul} VISIBLE true} {BINDTYPE op ID {} IMPL auto LATENCY 0 OPTYPE mul PRAGMA {} RTLNAME mul_15s_16s_29_1_1_U41 SOURCE ../dct.c:47 VARIABLE mul_ln47_11 LOOP Col_DCT_Loop_DCT_Outer_Loop BUNDLEDNAME {} DSP 1 BRAM 0 URAM 0 STORAGESUBTYPE {} DISPNAME {bind_op mul} VISIBLE true} {BINDTYPE op ID {} IMPL dsp_slice LATENCY 3 OPTYPE mul PRAGMA {} RTLNAME mac_muladd_16s_15s_29s_29_4_1_U47 SOURCE ../dct.c:47 VARIABLE mul_ln47_12 LOOP Col_DCT_Loop_DCT_Outer_Loop BUNDLEDNAME {} DSP 1 BRAM 0 URAM 0 STORAGESUBTYPE {} DISPNAME {bind_op mul} VISIBLE true} {BINDTYPE op ID {} IMPL auto LATENCY 0 OPTYPE mul PRAGMA {} RTLNAME mul_15s_16s_29_1_1_U42 SOURCE ../dct.c:47 VARIABLE mul_ln47_13 LOOP Col_DCT_Loop_DCT_Outer_Loop BUNDLEDNAME {} DSP 1 BRAM 0 URAM 0 STORAGESUBTYPE {} DISPNAME {bind_op mul} VISIBLE true} {BINDTYPE op ID {} IMPL auto LATENCY 0 OPTYPE mul PRAGMA {} RTLNAME mul_14ns_16s_29_1_1_U43 SOURCE ../dct.c:47 VARIABLE mul_ln47_14 LOOP Col_DCT_Loop_DCT_Outer_Loop BUNDLEDNAME {} DSP 1 BRAM 0 URAM 0 STORAGESUBTYPE {} DISPNAME {bind_op mul} VISIBLE true} {BINDTYPE op ID {} IMPL dsp_slice LATENCY 3 OPTYPE add PRAGMA {} RTLNAME mac_muladd_16s_15s_29s_29_4_1_U44 SOURCE ../dct.c:47 VARIABLE add_ln47_8 LOOP Col_DCT_Loop_DCT_Outer_Loop BUNDLEDNAME {} DSP 1 BRAM 0 URAM 0 STORAGESUBTYPE {} DISPNAME {bind_op add} VISIBLE true} {BINDTYPE op ID {} IMPL dsp_slice LATENCY 3 OPTYPE add PRAGMA {} RTLNAME mac_muladd_16s_15s_29s_29_4_1_U47 SOURCE ../dct.c:47 VARIABLE add_ln47_9 LOOP Col_DCT_Loop_DCT_Outer_Loop BUNDLEDNAME {} DSP 1 BRAM 0 URAM 0 STORAGESUBTYPE {} DISPNAME {bind_op add} VISIBLE true} {BINDTYPE op ID {} IMPL dsp_slice LATENCY 3 OPTYPE add PRAGMA {} RTLNAME mac_muladd_16s_15s_29s_29_4_1_U46 SOURCE ../dct.c:47 VARIABLE add_ln47_11 LOOP Col_DCT_Loop_DCT_Outer_Loop BUNDLEDNAME {} DSP 1 BRAM 0 URAM 0 STORAGESUBTYPE {} DISPNAME {bind_op add} VISIBLE true} {BINDTYPE op ID {} IMPL dsp_slice LATENCY 3 OPTYPE add PRAGMA {} RTLNAME mac_muladd_16s_15s_13ns_29_4_1_U45 SOURCE ../dct.c:47 VARIABLE add_ln47_12 LOOP Col_DCT_Loop_DCT_Outer_Loop BUNDLEDNAME {} DSP 1 BRAM 0 URAM 0 STORAGESUBTYPE {} DISPNAME {bind_op add} VISIBLE true} {BINDTYPE op ID {} IMPL dsp_slice LATENCY 3 OPTYPE add PRAGMA {} RTLNAME mac_muladd_16s_15s_29s_29_4_1_U48 SOURCE ../dct.c:47 VARIABLE add_ln47_13 LOOP Col_DCT_Loop_DCT_Outer_Loop BUNDLEDNAME {} DSP 1 BRAM 0 URAM 0 STORAGESUBTYPE {} DISPNAME {bind_op add} VISIBLE true} {BINDTYPE op ID {} IMPL fabric LATENCY 0 OPTYPE add PRAGMA {} RTLNAME add_ln47_14_fu_593_p2 SOURCE ../dct.c:47 VARIABLE add_ln47_14 LOOP Col_DCT_Loop_DCT_Outer_Loop BUNDLEDNAME {} DSP 0 BRAM 0 URAM 0 STORAGESUBTYPE {} DISPNAME {bind_op add} VISIBLE true} {BINDTYPE op ID {} IMPL fabric LATENCY 0 OPTYPE add PRAGMA {} RTLNAME add_ln39_fu_498_p2 SOURCE ../dct.c:39 VARIABLE add_ln39 LOOP Col_DCT_Loop_DCT_Outer_Loop BUNDLEDNAME {} DSP 0 BRAM 0 URAM 0 STORAGESUBTYPE {} DISPNAME {bind_op add} VISIBLE true}} AREA {DSP 8 BRAM 0 URAM 0}} dct_Pipeline_VITIS_LOOP_86_2 {BINDINFO {{BINDTYPE op ID {} IMPL auto LATENCY 0 OPTYPE seteq PRAGMA {} RTLNAME icmp_ln86_fu_75_p2 SOURCE ../dct.c:86 VARIABLE icmp_ln86 LOOP VITIS_LOOP_86_2 BUNDLEDNAME {} DSP 0 BRAM 0 URAM 0 STORAGESUBTYPE {} DISPNAME {bind_op seteq} VISIBLE false} {BINDTYPE op ID {} IMPL fabric LATENCY 0 OPTYPE add PRAGMA {} RTLNAME add_ln86_fu_81_p2 SOURCE ../dct.c:86 VARIABLE add_ln86 LOOP VITIS_LOOP_86_2 BUNDLEDNAME {} DSP 0 BRAM 0 URAM 0 STORAGESUBTYPE {} DISPNAME {bind_op add} VISIBLE true} {BINDTYPE op ID {} IMPL fabric LATENCY 0 OPTYPE add PRAGMA {} RTLNAME add_ln87_fu_99_p2 SOURCE ../dct.c:87 VARIABLE add_ln87 LOOP VITIS_LOOP_86_2 BUNDLEDNAME {} DSP 0 BRAM 0 URAM 0 STORAGESUBTYPE {} DISPNAME {bind_op add} VISIBLE true}} AREA {DSP 0 BRAM 0 URAM 0}} dct_Pipeline_WR_Loop_Row {BINDINFO {{BINDTYPE op ID {} IMPL auto LATENCY 0 OPTYPE seteq PRAGMA {} RTLNAME icmp_ln111_fu_212_p2 SOURCE ../dct.c:111 VARIABLE icmp_ln111 LOOP WR_Loop_Row BUNDLEDNAME {} DSP 0 BRAM 0 URAM 0 STORAGESUBTYPE {} DISPNAME {bind_op seteq} VISIBLE false} {BINDTYPE op ID {} IMPL fabric LATENCY 0 OPTYPE add PRAGMA {} RTLNAME add_ln111_fu_218_p2 SOURCE ../dct.c:111 VARIABLE add_ln111 LOOP WR_Loop_Row BUNDLEDNAME {} DSP 0 BRAM 0 URAM 0 STORAGESUBTYPE {} DISPNAME {bind_op add} VISIBLE true}} AREA {DSP 0 BRAM 0 URAM 0}} dct {BINDINFO {{BINDTYPE storage ID {} IMPL auto LATENCY 1 OPTYPE ram_1p PRAGMA {} RTLNAME row_outbuf_U SOURCE ../dct.c:54 VARIABLE row_outbuf LOOP {} BUNDLEDNAME {} DSP 0 BRAM 1 URAM 0 STORAGESUBTYPE {} STORAGESIZE {16 64 1} STORAGEUSAGE {ram_1p array} DISPNAME {bind_storage ram_1p} VISIBLE true} {BINDTYPE storage ID {} IMPL auto LATENCY 1 OPTYPE ram_1p PRAGMA {} RTLNAME col_outbuf_U SOURCE ../dct.c:55 VARIABLE col_outbuf LOOP {} BUNDLEDNAME {} DSP 0 BRAM 1 URAM 0 STORAGESUBTYPE {} STORAGESIZE {16 64 1} STORAGEUSAGE {ram_1p array} DISPNAME {bind_storage ram_1p} VISIBLE true} {BINDTYPE storage ID {} IMPL auto LATENCY 1 OPTYPE rom_np PRAGMA {} RTLNAME col_inbuf_U SOURCE ../dct.c:55 VARIABLE col_inbuf LOOP {} BUNDLEDNAME {} DSP 0 BRAM 1 URAM 0 STORAGESUBTYPE {} STORAGESIZE {16 64 1} STORAGEUSAGE {rom_np array} DISPNAME {bind_storage rom_np} VISIBLE true} {BINDTYPE storage ID {} IMPL auto LATENCY 1 OPTYPE ram_1p PRAGMA {} RTLNAME buf_2d_in_U SOURCE ../dct.c:123 VARIABLE buf_2d_in LOOP {} BUNDLEDNAME {} DSP 0 BRAM 0 URAM 0 STORAGESUBTYPE {} STORAGESIZE {16 8 1} STORAGEUSAGE {ram_1p array} DISPNAME {bind_storage ram_1p} VISIBLE true} {BINDTYPE storage ID {} IMPL auto LATENCY 1 OPTYPE ram_1p PRAGMA {} RTLNAME buf_2d_in_8_U SOURCE ../dct.c:123 VARIABLE buf_2d_in_8 LOOP {} BUNDLEDNAME {} DSP 0 BRAM 0 URAM 0 STORAGESUBTYPE {} STORAGESIZE {16 8 1} STORAGEUSAGE {ram_1p array} DISPNAME {bind_storage ram_1p} VISIBLE true} {BINDTYPE storage ID {} IMPL auto LATENCY 1 OPTYPE ram_1p PRAGMA {} RTLNAME buf_2d_in_9_U SOURCE ../dct.c:123 VARIABLE buf_2d_in_9 LOOP {} BUNDLEDNAME {} DSP 0 BRAM 0 URAM 0 STORAGESUBTYPE {} STORAGESIZE {16 8 1} STORAGEUSAGE {ram_1p array} DISPNAME {bind_storage ram_1p} VISIBLE true} {BINDTYPE storage ID {} IMPL auto LATENCY 1 OPTYPE ram_1p PRAGMA {} RTLNAME buf_2d_in_10_U SOURCE ../dct.c:123 VARIABLE buf_2d_in_10 LOOP {} BUNDLEDNAME {} DSP 0 BRAM 0 URAM 0 STORAGESUBTYPE {} STORAGESIZE {16 8 1} STORAGEUSAGE {ram_1p array} DISPNAME {bind_storage ram_1p} VISIBLE true} {BINDTYPE storage ID {} IMPL auto LATENCY 1 OPTYPE ram_1p PRAGMA {} RTLNAME buf_2d_in_11_U SOURCE ../dct.c:123 VARIABLE buf_2d_in_11 LOOP {} BUNDLEDNAME {} DSP 0 BRAM 0 URAM 0 STORAGESUBTYPE {} STORAGESIZE {16 8 1} STORAGEUSAGE {ram_1p array} DISPNAME {bind_storage ram_1p} VISIBLE true} {BINDTYPE storage ID {} IMPL auto LATENCY 1 OPTYPE ram_1p PRAGMA {} RTLNAME buf_2d_in_12_U SOURCE ../dct.c:123 VARIABLE buf_2d_in_12 LOOP {} BUNDLEDNAME {} DSP 0 BRAM 0 URAM 0 STORAGESUBTYPE {} STORAGESIZE {16 8 1} STORAGEUSAGE {ram_1p array} DISPNAME {bind_storage ram_1p} VISIBLE true} {BINDTYPE storage ID {} IMPL auto LATENCY 1 OPTYPE ram_1p PRAGMA {} RTLNAME buf_2d_in_13_U SOURCE ../dct.c:123 VARIABLE buf_2d_in_13 LOOP {} BUNDLEDNAME {} DSP 0 BRAM 0 URAM 0 STORAGESUBTYPE {} STORAGESIZE {16 8 1} STORAGEUSAGE {ram_1p array} DISPNAME {bind_storage ram_1p} VISIBLE true} {BINDTYPE storage ID {} IMPL auto LATENCY 1 OPTYPE ram_1p PRAGMA {} RTLNAME buf_2d_in_14_U SOURCE ../dct.c:123 VARIABLE buf_2d_in_14 LOOP {} BUNDLEDNAME {} DSP 0 BRAM 0 URAM 0 STORAGESUBTYPE {} STORAGESIZE {16 8 1} STORAGEUSAGE {ram_1p array} DISPNAME {bind_storage ram_1p} VISIBLE true} {BINDTYPE storage ID {} IMPL auto LATENCY 1 OPTYPE rom_np PRAGMA {} RTLNAME buf_2d_out_U SOURCE ../dct.c:124 VARIABLE buf_2d_out LOOP {} BUNDLEDNAME {} DSP 0 BRAM 1 URAM 0 STORAGESUBTYPE {} STORAGESIZE {16 64 1} STORAGEUSAGE {rom_np array} DISPNAME {bind_storage rom_np} VISIBLE true} {BINDTYPE storage ID {} IMPL auto LATENCY 1 OPTYPE rom_1p PRAGMA {} RTLNAME dct_1d_dct_coeff_table_0_U SOURCE {} VARIABLE dct_1d_dct_coeff_table_0 LOOP {} BUNDLEDNAME {} DSP 0 BRAM 0 URAM 0 STORAGESUBTYPE {} STORAGESIZE {14 8 1} STORAGEUSAGE rom_1p DISPNAME {bind_storage rom_1p} VISIBLE true} {BINDTYPE storage ID {} IMPL auto LATENCY 1 OPTYPE rom_1p PRAGMA {} RTLNAME dct_1d_dct_coeff_table_1_U SOURCE {} VARIABLE dct_1d_dct_coeff_table_1 LOOP {} BUNDLEDNAME {} DSP 0 BRAM 0 URAM 0 STORAGESUBTYPE {} STORAGESIZE {15 8 1} STORAGEUSAGE rom_1p DISPNAME {bind_storage rom_1p} VISIBLE true} {BINDTYPE storage ID {} IMPL auto LATENCY 1 OPTYPE rom_1p PRAGMA {} RTLNAME dct_1d_dct_coeff_table_2_U SOURCE {} VARIABLE dct_1d_dct_coeff_table_2 LOOP {} BUNDLEDNAME {} DSP 0 BRAM 0 URAM 0 STORAGESUBTYPE {} STORAGESIZE {15 8 1} STORAGEUSAGE rom_1p DISPNAME {bind_storage rom_1p} VISIBLE true} {BINDTYPE storage ID {} IMPL auto LATENCY 1 OPTYPE rom_1p PRAGMA {} RTLNAME dct_1d_dct_coeff_table_3_U SOURCE {} VARIABLE dct_1d_dct_coeff_table_3 LOOP {} BUNDLEDNAME {} DSP 0 BRAM 0 URAM 0 STORAGESUBTYPE {} STORAGESIZE {15 8 1} STORAGEUSAGE rom_1p DISPNAME {bind_storage rom_1p} VISIBLE true} {BINDTYPE storage ID {} IMPL auto LATENCY 1 OPTYPE rom_1p PRAGMA {} RTLNAME dct_1d_dct_coeff_table_4_U SOURCE {} VARIABLE dct_1d_dct_coeff_table_4 LOOP {} BUNDLEDNAME {} DSP 0 BRAM 0 URAM 0 STORAGESUBTYPE {} STORAGESIZE {15 8 1} STORAGEUSAGE rom_1p DISPNAME {bind_storage rom_1p} VISIBLE true} {BINDTYPE storage ID {} IMPL auto LATENCY 1 OPTYPE rom_1p PRAGMA {} RTLNAME dct_1d_dct_coeff_table_5_U SOURCE {} VARIABLE dct_1d_dct_coeff_table_5 LOOP {} BUNDLEDNAME {} DSP 0 BRAM 0 URAM 0 STORAGESUBTYPE {} STORAGESIZE {15 8 1} STORAGEUSAGE rom_1p DISPNAME {bind_storage rom_1p} VISIBLE true} {BINDTYPE storage ID {} IMPL auto LATENCY 1 OPTYPE rom_1p PRAGMA {} RTLNAME dct_1d_dct_coeff_table_6_U SOURCE {} VARIABLE dct_1d_dct_coeff_table_6 LOOP {} BUNDLEDNAME {} DSP 0 BRAM 0 URAM 0 STORAGESUBTYPE {} STORAGESIZE {15 8 1} STORAGEUSAGE rom_1p DISPNAME {bind_storage rom_1p} VISIBLE true} {BINDTYPE storage ID {} IMPL auto LATENCY 1 OPTYPE rom_1p PRAGMA {} RTLNAME dct_1d_dct_coeff_table_7_U SOURCE {} VARIABLE dct_1d_dct_coeff_table_7 LOOP {} BUNDLEDNAME {} DSP 0 BRAM 0 URAM 0 STORAGESUBTYPE {} STORAGESIZE {15 8 1} STORAGEUSAGE rom_1p DISPNAME {bind_storage rom_1p} VISIBLE true}} AREA {DSP 16 BRAM 10 URAM 0}}}}'
INFO-FLOW: DBG:PUTS:      update_csynth_reports json2rpt_hw_sw_interfaces
INFO-FLOW: Running: gen_csynth_sec_pragma
INFO-FLOW: Done: gen_csynth_sec_pragma time: 0 seconds 
Execute     send_msg_by_id INFO @200-2225@%s C:/Users/duong/Desktop/xup_high_level_synthesis_design_flow-main/source/lab3/dct_pipeline/dct/hls/syn/inferred_directives.ini 
INFO: [HLS 200-2225] Wrote inferred directives to file C:/Users/duong/Desktop/xup_high_level_synthesis_design_flow-main/source/lab3/dct_pipeline/dct/hls/syn/inferred_directives.ini
INFO-FLOW: DBG:PUTS:      update_csynth_reports wrote xml
INFO-FLOW: DBG:PUTS:      update_csynth_reports appended to csynth rpt file
INFO-FLOW: Done: add_csynth_report_sections time: 0.1 seconds 
INFO: [HLS 200-111] Finished Updating report files: CPU user time: 1 seconds. CPU system time: 0 seconds. Elapsed time: 1.122 seconds; current allocated memory: 249.547 MB.
INFO: [VHDL 208-304] Generating VHDL RTL for dct.
INFO: [VLOG 209-307] Generating Verilog RTL for dct.
Execute     syn_report -model dct -printsummary 
INFO: [HLS 200-790] **** Loop Constraint Status: All loop constraints were NOT satisfied.
INFO: [HLS 200-789] **** Estimated Fmax: 155.38 MHz
Execute     AP::msg_collection_file -close 
Command   csynth_design done; 21.032 sec.
Execute   close_project 
Execute     close_solution 
Execute       cleanup_all 
Execute       cleanup_all 
