

================================================================
== Vitis HLS Report for 'dct_Pipeline_Col_DCT_Loop_DCT_Outer_Loop'
================================================================
* Date:           Sun Jun 14 21:44:21 2026

* Version:        2025.2 (Build 6295257 on Nov 12 2025)
* Project:        dct
* Solution:       hls (Vivado IP Flow Target)
* Product family: artix7
* Target device:  xc7a35t-fgg484-2


================================================================
== Performance Estimates
================================================================
+ Timing: 
    * Summary: 
    +--------+----------+----------+------------+
    |  Clock |  Target  | Estimated| Uncertainty|
    +--------+----------+----------+------------+
    |ap_clk  |  10.00 ns|  6.436 ns|     2.70 ns|
    +--------+----------+----------+------------+

+ Latency: 
    * Summary: 
    +---------+---------+----------+----------+-----+-----+-------------------+
    |  Latency (cycles) |  Latency (absolute) |  Interval |      Pipeline     |
    |   min   |   max   |    min   |    max   | min | max |        Type       |
    +---------+---------+----------+----------+-----+-----+-------------------+
    |       71|       71|  0.710 us|  0.710 us|    0|    0|  loop pipeline stp|
    +---------+---------+----------+----------+-----+-----+-------------------+

    + Detail: 
        * Instance: 
        N/A

        * Loop: 
        +-------------------------------+---------+---------+----------+-----------+-----------+------+----------+
        |                               |  Latency (cycles) | Iteration|  Initiation Interval  | Trip |          |
        |           Loop Name           |   min   |   max   |  Latency |  achieved |   target  | Count| Pipelined|
        +-------------------------------+---------+---------+----------+-----------+-----------+------+----------+
        |- Col_DCT_Loop_DCT_Outer_Loop  |       69|       69|         7|          1|          1|    64|       yes|
        +-------------------------------+---------+---------+----------+-----------+-----------+------+----------+

============================================================
+ Verbose Summary: Synthesis Manager
============================================================
InlineROM: 1
ExposeGlobal: 0
============================================================
+ Verbose Summary: CDFG Model
============================================================
IsTopModel: 0
ResetActiveHigh: 1
IsCombinational: 0
IsDatapathOnly: 0
HasWiredReturn: 1
HasMFsm: 2
HasVarLatency: 1
IsPipeline: 0
IsRtlPipelined: 0
IsInstanceOverlapped: 0
IsDontTouch: 0
HasImplIP: 0
IsGatedGlobalClock: 0

+ Individual pipeline summary: 
  * Pipeline-0: initiation interval (II) = 1, depth = 7


============================================================
+ Verbose Summary: Schedule
============================================================
* Number of FSM states : 7
* Pipeline : 1
  Pipeline-0 : II = 1, D = 7, States = { 1 2 3 4 5 6 7 }
* Dataflow Pipeline: 0

* FSM state transitions: 
1 --> 2 
2 --> 3 
3 --> 4 
4 --> 5 
5 --> 6 
6 --> 7 
7 --> 

* FSM state operations: 

State 1 <SV = 0> <Delay = 6.43>
ST_1 : Operation 10 [1/1] (0.00ns)   --->   "%k = alloca i32 1" [../dct.c:32->../dct.c:77->../dct.c:129]   --->   Operation 10 'alloca' 'k' <Predicate = true> <Delay = 0.00>
ST_1 : Operation 11 [1/1] (0.00ns)   --->   "%i_2 = alloca i32 1" [../dct.c:56->../dct.c:129]   --->   Operation 11 'alloca' 'i_2' <Predicate = true> <Delay = 0.00>
ST_1 : Operation 12 [1/1] (0.00ns)   --->   "%indvar_flatten6 = alloca i32 1"   --->   Operation 12 'alloca' 'indvar_flatten6' <Predicate = true> <Delay = 0.00>
ST_1 : Operation 13 [1/1] (1.32ns)   --->   "%store_ln0 = store i7 0, i7 %indvar_flatten6"   --->   Operation 13 'store' 'store_ln0' <Predicate = true> <Delay = 1.32>
ST_1 : Operation 14 [1/1] (1.32ns)   --->   "%store_ln56 = store i4 0, i4 %i_2" [../dct.c:56->../dct.c:129]   --->   Operation 14 'store' 'store_ln56' <Predicate = true> <Delay = 1.32>
ST_1 : Operation 15 [1/1] (1.32ns)   --->   "%store_ln32 = store i4 0, i4 %k" [../dct.c:32->../dct.c:77->../dct.c:129]   --->   Operation 15 'store' 'store_ln32' <Predicate = true> <Delay = 1.32>
ST_1 : Operation 16 [1/1] (0.00ns)   --->   "%br_ln0 = br void %VITIS_LOOP_43_1.i13"   --->   Operation 16 'br' 'br_ln0' <Predicate = true> <Delay = 0.00>
ST_1 : Operation 17 [1/1] (0.00ns)   --->   "%i = load i4 %i_2" [../dct.c:76->../dct.c:129]   --->   Operation 17 'load' 'i' <Predicate = true> <Delay = 0.00>
ST_1 : Operation 18 [1/1] (0.00ns)   --->   "%indvar_flatten6_load = load i7 %indvar_flatten6" [../dct.c:76->../dct.c:129]   --->   Operation 18 'load' 'indvar_flatten6_load' <Predicate = true> <Delay = 0.00>
ST_1 : Operation 19 [1/1] (1.66ns)   --->   "%icmp_ln76 = icmp_eq  i7 %indvar_flatten6_load, i7 64" [../dct.c:76->../dct.c:129]   --->   Operation 19 'icmp' 'icmp_ln76' <Predicate = true> <Delay = 1.66> <CoreInst = "Cmp">   --->   Core 9 'Cmp' <Latency = 0> <II = 1> <Delay = 1.66> <FuncUnit> <Opcode : 'seteq' 'setne' 'setle' 'setge' 'setlt' 'setgt'> <InPorts = 2> <OutPorts = 1>
ST_1 : Operation 20 [1/1] (1.66ns)   --->   "%add_ln76_1 = add i7 %indvar_flatten6_load, i7 1" [../dct.c:76->../dct.c:129]   --->   Operation 20 'add' 'add_ln76_1' <Predicate = true> <Delay = 1.66> <CoreInst = "Adder">   --->   Core 1 'Adder' <Latency = 0> <II = 1> <Delay = 1.66> <FuncUnit> <Opcode : 'add' 'sub'> <InPorts = 2> <OutPorts = 1>
ST_1 : Operation 21 [1/1] (0.00ns)   --->   "%br_ln76 = br i1 %icmp_ln76, void %dct_1d.exit, void %for.inc53.i.preheader.exitStub" [../dct.c:76->../dct.c:129]   --->   Operation 21 'br' 'br_ln76' <Predicate = true> <Delay = 0.00>
ST_1 : Operation 22 [1/1] (0.00ns)   --->   "%k_load = load i4 %k" [../dct.c:39->../dct.c:77->../dct.c:129]   --->   Operation 22 'load' 'k_load' <Predicate = (!icmp_ln76)> <Delay = 0.00>
ST_1 : Operation 23 [1/1] (1.49ns)   --->   "%add_ln76 = add i4 %i, i4 1" [../dct.c:76->../dct.c:129]   --->   Operation 23 'add' 'add_ln76' <Predicate = (!icmp_ln76)> <Delay = 1.49> <CoreInst = "Adder">   --->   Core 1 'Adder' <Latency = 0> <II = 1> <Delay = 1.49> <FuncUnit> <Opcode : 'add' 'sub'> <InPorts = 2> <OutPorts = 1>
ST_1 : Operation 24 [1/1] (1.49ns)   --->   "%icmp_ln39 = icmp_eq  i4 %k_load, i4 8" [../dct.c:39->../dct.c:77->../dct.c:129]   --->   Operation 24 'icmp' 'icmp_ln39' <Predicate = (!icmp_ln76)> <Delay = 1.49> <CoreInst = "Cmp">   --->   Core 9 'Cmp' <Latency = 0> <II = 1> <Delay = 1.49> <FuncUnit> <Opcode : 'seteq' 'setne' 'setle' 'setge' 'setlt' 'setgt'> <InPorts = 2> <OutPorts = 1>
ST_1 : Operation 25 [1/1] (0.80ns)   --->   "%select_ln56 = select i1 %icmp_ln39, i4 0, i4 %k_load" [../dct.c:56->../dct.c:129]   --->   Operation 25 'select' 'select_ln56' <Predicate = (!icmp_ln76)> <Delay = 0.80> <CoreInst = "Sel">   --->   Core 73 'Sel' <Latency = 0> <II = 1> <Delay = 0.80> <FuncUnit> <Opcode : 'select'> <InPorts = 3> <OutPorts = 1>
ST_1 : Operation 26 [1/1] (0.80ns)   --->   "%select_ln76 = select i1 %icmp_ln39, i4 %add_ln76, i4 %i" [../dct.c:76->../dct.c:129]   --->   Operation 26 'select' 'select_ln76' <Predicate = (!icmp_ln76)> <Delay = 0.80> <CoreInst = "Sel">   --->   Core 73 'Sel' <Latency = 0> <II = 1> <Delay = 0.80> <FuncUnit> <Opcode : 'select'> <InPorts = 3> <OutPorts = 1>
ST_1 : Operation 27 [1/1] (0.00ns)   --->   "%trunc_ln47 = trunc i4 %select_ln76" [../dct.c:47->../dct.c:77->../dct.c:129]   --->   Operation 27 'trunc' 'trunc_ln47' <Predicate = (!icmp_ln76)> <Delay = 0.00>
ST_1 : Operation 28 [1/1] (0.00ns)   --->   "%tmp_4 = bitconcatenate i6 @_ssdm_op_BitConcatenate.i6.i3.i3, i3 %trunc_ln47, i3 0" [../dct.c:47->../dct.c:77->../dct.c:129]   --->   Operation 28 'bitconcatenate' 'tmp_4' <Predicate = (!icmp_ln76)> <Delay = 0.00>
ST_1 : Operation 29 [1/1] (0.00ns)   --->   "%zext_ln47 = zext i6 %tmp_4" [../dct.c:47->../dct.c:77->../dct.c:129]   --->   Operation 29 'zext' 'zext_ln47' <Predicate = (!icmp_ln76)> <Delay = 0.00>
ST_1 : Operation 30 [1/1] (0.00ns)   --->   "%col_inbuf_addr = getelementptr i16 %col_inbuf, i64 0, i64 %zext_ln47" [../dct.c:30->../dct.c:77->../dct.c:129]   --->   Operation 30 'getelementptr' 'col_inbuf_addr' <Predicate = (!icmp_ln76)> <Delay = 0.00>
ST_1 : Operation 31 [1/1] (0.00ns)   --->   "%tmp_5 = bitconcatenate i6 @_ssdm_op_BitConcatenate.i6.i3.i3, i3 %trunc_ln47, i3 1" [../dct.c:45->../dct.c:77->../dct.c:129]   --->   Operation 31 'bitconcatenate' 'tmp_5' <Predicate = (!icmp_ln76)> <Delay = 0.00>
ST_1 : Operation 32 [1/1] (0.00ns)   --->   "%zext_ln45 = zext i6 %tmp_5" [../dct.c:45->../dct.c:77->../dct.c:129]   --->   Operation 32 'zext' 'zext_ln45' <Predicate = (!icmp_ln76)> <Delay = 0.00>
ST_1 : Operation 33 [1/1] (0.00ns)   --->   "%col_inbuf_addr_1 = getelementptr i16 %col_inbuf, i64 0, i64 %zext_ln45" [../dct.c:45->../dct.c:77->../dct.c:129]   --->   Operation 33 'getelementptr' 'col_inbuf_addr_1' <Predicate = (!icmp_ln76)> <Delay = 0.00>
ST_1 : Operation 34 [1/1] (0.00ns)   --->   "%tmp_6 = bitconcatenate i6 @_ssdm_op_BitConcatenate.i6.i3.i3, i3 %trunc_ln47, i3 2" [../dct.c:45->../dct.c:77->../dct.c:129]   --->   Operation 34 'bitconcatenate' 'tmp_6' <Predicate = (!icmp_ln76)> <Delay = 0.00>
ST_1 : Operation 35 [1/1] (0.00ns)   --->   "%zext_ln45_1 = zext i6 %tmp_6" [../dct.c:45->../dct.c:77->../dct.c:129]   --->   Operation 35 'zext' 'zext_ln45_1' <Predicate = (!icmp_ln76)> <Delay = 0.00>
ST_1 : Operation 36 [1/1] (0.00ns)   --->   "%col_inbuf_addr_2 = getelementptr i16 %col_inbuf, i64 0, i64 %zext_ln45_1" [../dct.c:45->../dct.c:77->../dct.c:129]   --->   Operation 36 'getelementptr' 'col_inbuf_addr_2' <Predicate = (!icmp_ln76)> <Delay = 0.00>
ST_1 : Operation 37 [1/1] (0.00ns)   --->   "%tmp_7 = bitconcatenate i6 @_ssdm_op_BitConcatenate.i6.i3.i3, i3 %trunc_ln47, i3 3" [../dct.c:45->../dct.c:77->../dct.c:129]   --->   Operation 37 'bitconcatenate' 'tmp_7' <Predicate = (!icmp_ln76)> <Delay = 0.00>
ST_1 : Operation 38 [1/1] (0.00ns)   --->   "%zext_ln45_2 = zext i6 %tmp_7" [../dct.c:45->../dct.c:77->../dct.c:129]   --->   Operation 38 'zext' 'zext_ln45_2' <Predicate = (!icmp_ln76)> <Delay = 0.00>
ST_1 : Operation 39 [1/1] (0.00ns)   --->   "%col_inbuf_addr_3 = getelementptr i16 %col_inbuf, i64 0, i64 %zext_ln45_2" [../dct.c:45->../dct.c:77->../dct.c:129]   --->   Operation 39 'getelementptr' 'col_inbuf_addr_3' <Predicate = (!icmp_ln76)> <Delay = 0.00>
ST_1 : Operation 40 [1/1] (0.00ns)   --->   "%tmp_8 = bitconcatenate i6 @_ssdm_op_BitConcatenate.i6.i3.i3, i3 %trunc_ln47, i3 4" [../dct.c:45->../dct.c:77->../dct.c:129]   --->   Operation 40 'bitconcatenate' 'tmp_8' <Predicate = (!icmp_ln76)> <Delay = 0.00>
ST_1 : Operation 41 [1/1] (0.00ns)   --->   "%zext_ln45_3 = zext i6 %tmp_8" [../dct.c:45->../dct.c:77->../dct.c:129]   --->   Operation 41 'zext' 'zext_ln45_3' <Predicate = (!icmp_ln76)> <Delay = 0.00>
ST_1 : Operation 42 [1/1] (0.00ns)   --->   "%col_inbuf_addr_4 = getelementptr i16 %col_inbuf, i64 0, i64 %zext_ln45_3" [../dct.c:45->../dct.c:77->../dct.c:129]   --->   Operation 42 'getelementptr' 'col_inbuf_addr_4' <Predicate = (!icmp_ln76)> <Delay = 0.00>
ST_1 : Operation 43 [1/1] (0.00ns)   --->   "%tmp_9 = bitconcatenate i6 @_ssdm_op_BitConcatenate.i6.i3.i3, i3 %trunc_ln47, i3 5" [../dct.c:45->../dct.c:77->../dct.c:129]   --->   Operation 43 'bitconcatenate' 'tmp_9' <Predicate = (!icmp_ln76)> <Delay = 0.00>
ST_1 : Operation 44 [1/1] (0.00ns)   --->   "%zext_ln45_4 = zext i6 %tmp_9" [../dct.c:45->../dct.c:77->../dct.c:129]   --->   Operation 44 'zext' 'zext_ln45_4' <Predicate = (!icmp_ln76)> <Delay = 0.00>
ST_1 : Operation 45 [1/1] (0.00ns)   --->   "%col_inbuf_addr_5 = getelementptr i16 %col_inbuf, i64 0, i64 %zext_ln45_4" [../dct.c:45->../dct.c:77->../dct.c:129]   --->   Operation 45 'getelementptr' 'col_inbuf_addr_5' <Predicate = (!icmp_ln76)> <Delay = 0.00>
ST_1 : Operation 46 [1/1] (0.00ns)   --->   "%tmp_s = bitconcatenate i6 @_ssdm_op_BitConcatenate.i6.i3.i3, i3 %trunc_ln47, i3 6" [../dct.c:45->../dct.c:77->../dct.c:129]   --->   Operation 46 'bitconcatenate' 'tmp_s' <Predicate = (!icmp_ln76)> <Delay = 0.00>
ST_1 : Operation 47 [1/1] (0.00ns)   --->   "%zext_ln45_5 = zext i6 %tmp_s" [../dct.c:45->../dct.c:77->../dct.c:129]   --->   Operation 47 'zext' 'zext_ln45_5' <Predicate = (!icmp_ln76)> <Delay = 0.00>
ST_1 : Operation 48 [1/1] (0.00ns)   --->   "%col_inbuf_addr_6 = getelementptr i16 %col_inbuf, i64 0, i64 %zext_ln45_5" [../dct.c:45->../dct.c:77->../dct.c:129]   --->   Operation 48 'getelementptr' 'col_inbuf_addr_6' <Predicate = (!icmp_ln76)> <Delay = 0.00>
ST_1 : Operation 49 [1/1] (0.00ns)   --->   "%tmp_10 = bitconcatenate i6 @_ssdm_op_BitConcatenate.i6.i3.i3, i3 %trunc_ln47, i3 7" [../dct.c:45->../dct.c:77->../dct.c:129]   --->   Operation 49 'bitconcatenate' 'tmp_10' <Predicate = (!icmp_ln76)> <Delay = 0.00>
ST_1 : Operation 50 [1/1] (0.00ns)   --->   "%zext_ln45_6 = zext i6 %tmp_10" [../dct.c:45->../dct.c:77->../dct.c:129]   --->   Operation 50 'zext' 'zext_ln45_6' <Predicate = (!icmp_ln76)> <Delay = 0.00>
ST_1 : Operation 51 [1/1] (0.00ns)   --->   "%col_inbuf_addr_7 = getelementptr i16 %col_inbuf, i64 0, i64 %zext_ln45_6" [../dct.c:45->../dct.c:77->../dct.c:129]   --->   Operation 51 'getelementptr' 'col_inbuf_addr_7' <Predicate = (!icmp_ln76)> <Delay = 0.00>
ST_1 : Operation 52 [2/2] (2.77ns)   --->   "%col_inbuf_load = load i6 %col_inbuf_addr" [../dct.c:45->../dct.c:77->../dct.c:129]   --->   Operation 52 'load' 'col_inbuf_load' <Predicate = (!icmp_ln76)> <Delay = 2.77> <CoreInst = "RAM_1WnR">   --->   Core 82 'RAM_1WnR' <Latency = 1> <II = 1> <Delay = 2.77> <Storage> <Opcode : 'load' 'store'> <Ports = 17> <Width = 16> <Depth = 64> <RAM>
ST_1 : Operation 53 [2/2] (2.77ns)   --->   "%col_inbuf_load_1 = load i6 %col_inbuf_addr_1" [../dct.c:45->../dct.c:77->../dct.c:129]   --->   Operation 53 'load' 'col_inbuf_load_1' <Predicate = (!icmp_ln76)> <Delay = 2.77> <CoreInst = "RAM_1WnR">   --->   Core 82 'RAM_1WnR' <Latency = 1> <II = 1> <Delay = 2.77> <Storage> <Opcode : 'load' 'store'> <Ports = 17> <Width = 16> <Depth = 64> <RAM>
ST_1 : Operation 54 [2/2] (2.77ns)   --->   "%col_inbuf_load_2 = load i6 %col_inbuf_addr_2" [../dct.c:45->../dct.c:77->../dct.c:129]   --->   Operation 54 'load' 'col_inbuf_load_2' <Predicate = (!icmp_ln76)> <Delay = 2.77> <CoreInst = "RAM_1WnR">   --->   Core 82 'RAM_1WnR' <Latency = 1> <II = 1> <Delay = 2.77> <Storage> <Opcode : 'load' 'store'> <Ports = 17> <Width = 16> <Depth = 64> <RAM>
ST_1 : Operation 55 [2/2] (2.77ns)   --->   "%col_inbuf_load_3 = load i6 %col_inbuf_addr_3" [../dct.c:45->../dct.c:77->../dct.c:129]   --->   Operation 55 'load' 'col_inbuf_load_3' <Predicate = (!icmp_ln76)> <Delay = 2.77> <CoreInst = "RAM_1WnR">   --->   Core 82 'RAM_1WnR' <Latency = 1> <II = 1> <Delay = 2.77> <Storage> <Opcode : 'load' 'store'> <Ports = 17> <Width = 16> <Depth = 64> <RAM>
ST_1 : Operation 56 [2/2] (2.77ns)   --->   "%col_inbuf_load_4 = load i6 %col_inbuf_addr_4" [../dct.c:45->../dct.c:77->../dct.c:129]   --->   Operation 56 'load' 'col_inbuf_load_4' <Predicate = (!icmp_ln76)> <Delay = 2.77> <CoreInst = "RAM_1WnR">   --->   Core 82 'RAM_1WnR' <Latency = 1> <II = 1> <Delay = 2.77> <Storage> <Opcode : 'load' 'store'> <Ports = 17> <Width = 16> <Depth = 64> <RAM>
ST_1 : Operation 57 [2/2] (2.77ns)   --->   "%col_inbuf_load_5 = load i6 %col_inbuf_addr_5" [../dct.c:45->../dct.c:77->../dct.c:129]   --->   Operation 57 'load' 'col_inbuf_load_5' <Predicate = (!icmp_ln76)> <Delay = 2.77> <CoreInst = "RAM_1WnR">   --->   Core 82 'RAM_1WnR' <Latency = 1> <II = 1> <Delay = 2.77> <Storage> <Opcode : 'load' 'store'> <Ports = 17> <Width = 16> <Depth = 64> <RAM>
ST_1 : Operation 58 [2/2] (2.77ns)   --->   "%col_inbuf_load_6 = load i6 %col_inbuf_addr_6" [../dct.c:45->../dct.c:77->../dct.c:129]   --->   Operation 58 'load' 'col_inbuf_load_6' <Predicate = (!icmp_ln76)> <Delay = 2.77> <CoreInst = "RAM_1WnR">   --->   Core 82 'RAM_1WnR' <Latency = 1> <II = 1> <Delay = 2.77> <Storage> <Opcode : 'load' 'store'> <Ports = 17> <Width = 16> <Depth = 64> <RAM>
ST_1 : Operation 59 [2/2] (2.77ns)   --->   "%col_inbuf_load_7 = load i6 %col_inbuf_addr_7" [../dct.c:45->../dct.c:77->../dct.c:129]   --->   Operation 59 'load' 'col_inbuf_load_7' <Predicate = (!icmp_ln76)> <Delay = 2.77> <CoreInst = "RAM_1WnR">   --->   Core 82 'RAM_1WnR' <Latency = 1> <II = 1> <Delay = 2.77> <Storage> <Opcode : 'load' 'store'> <Ports = 17> <Width = 16> <Depth = 64> <RAM>
ST_1 : Operation 60 [1/1] (0.00ns)   --->   "%zext_ln39 = zext i4 %select_ln56" [../dct.c:39->../dct.c:77->../dct.c:129]   --->   Operation 60 'zext' 'zext_ln39' <Predicate = (!icmp_ln76)> <Delay = 0.00>
ST_1 : Operation 61 [1/1] (0.00ns)   --->   "%zext_ln47_3 = zext i4 %select_ln56" [../dct.c:47->../dct.c:77->../dct.c:129]   --->   Operation 61 'zext' 'zext_ln47_3' <Predicate = (!icmp_ln76)> <Delay = 0.00>
ST_1 : Operation 62 [1/1] (1.60ns)   --->   "%add_ln47 = add i6 %tmp_4, i6 %zext_ln47_3" [../dct.c:47->../dct.c:77->../dct.c:129]   --->   Operation 62 'add' 'add_ln47' <Predicate = (!icmp_ln76)> <Delay = 1.60> <CoreInst = "Adder">   --->   Core 1 'Adder' <Latency = 0> <II = 1> <Delay = 1.60> <FuncUnit> <Opcode : 'add' 'sub'> <InPorts = 2> <OutPorts = 1>
ST_1 : Operation 63 [1/1] (0.00ns)   --->   "%dct_1d_dct_coeff_table_0_addr = getelementptr i14 %dct_1d_dct_coeff_table_0, i64 0, i64 %zext_ln39" [../dct.c:44->../dct.c:77->../dct.c:129]   --->   Operation 63 'getelementptr' 'dct_1d_dct_coeff_table_0_addr' <Predicate = (!icmp_ln76)> <Delay = 0.00>
ST_1 : Operation 64 [2/2] (1.75ns)   --->   "%coeff = load i3 %dct_1d_dct_coeff_table_0_addr" [../dct.c:44->../dct.c:77->../dct.c:129]   --->   Operation 64 'load' 'coeff' <Predicate = (!icmp_ln76)> <Delay = 1.75> <CoreInst = "ROM">   --->   Core 94 'ROM' <Latency = 1> <II = 1> <Delay = 1.75> <Storage> <Opcode : 'load'> <Ports = 0> <Width = 14> <Depth = 8> <ROM>
ST_1 : Operation 65 [1/1] (0.00ns)   --->   "%dct_1d_dct_coeff_table_1_addr = getelementptr i15 %dct_1d_dct_coeff_table_1, i64 0, i64 %zext_ln39" [../dct.c:44->../dct.c:77->../dct.c:129]   --->   Operation 65 'getelementptr' 'dct_1d_dct_coeff_table_1_addr' <Predicate = (!icmp_ln76)> <Delay = 0.00>
ST_1 : Operation 66 [2/2] (1.75ns)   --->   "%coeff_8 = load i3 %dct_1d_dct_coeff_table_1_addr" [../dct.c:44->../dct.c:77->../dct.c:129]   --->   Operation 66 'load' 'coeff_8' <Predicate = (!icmp_ln76)> <Delay = 1.75> <CoreInst = "ROM">   --->   Core 94 'ROM' <Latency = 1> <II = 1> <Delay = 1.75> <Storage> <Opcode : 'load'> <Ports = 0> <Width = 15> <Depth = 8> <ROM>
ST_1 : Operation 67 [1/1] (0.00ns)   --->   "%dct_1d_dct_coeff_table_2_addr = getelementptr i15 %dct_1d_dct_coeff_table_2, i64 0, i64 %zext_ln39" [../dct.c:44->../dct.c:77->../dct.c:129]   --->   Operation 67 'getelementptr' 'dct_1d_dct_coeff_table_2_addr' <Predicate = (!icmp_ln76)> <Delay = 0.00>
ST_1 : Operation 68 [2/2] (1.75ns)   --->   "%coeff_9 = load i3 %dct_1d_dct_coeff_table_2_addr" [../dct.c:44->../dct.c:77->../dct.c:129]   --->   Operation 68 'load' 'coeff_9' <Predicate = (!icmp_ln76)> <Delay = 1.75> <CoreInst = "ROM">   --->   Core 94 'ROM' <Latency = 1> <II = 1> <Delay = 1.75> <Storage> <Opcode : 'load'> <Ports = 0> <Width = 15> <Depth = 8> <ROM>
ST_1 : Operation 69 [1/1] (0.00ns)   --->   "%dct_1d_dct_coeff_table_3_addr = getelementptr i15 %dct_1d_dct_coeff_table_3, i64 0, i64 %zext_ln39" [../dct.c:44->../dct.c:77->../dct.c:129]   --->   Operation 69 'getelementptr' 'dct_1d_dct_coeff_table_3_addr' <Predicate = (!icmp_ln76)> <Delay = 0.00>
ST_1 : Operation 70 [2/2] (1.75ns)   --->   "%coeff_10 = load i3 %dct_1d_dct_coeff_table_3_addr" [../dct.c:44->../dct.c:77->../dct.c:129]   --->   Operation 70 'load' 'coeff_10' <Predicate = (!icmp_ln76)> <Delay = 1.75> <CoreInst = "ROM">   --->   Core 94 'ROM' <Latency = 1> <II = 1> <Delay = 1.75> <Storage> <Opcode : 'load'> <Ports = 0> <Width = 15> <Depth = 8> <ROM>
ST_1 : Operation 71 [1/1] (0.00ns)   --->   "%dct_1d_dct_coeff_table_4_addr = getelementptr i15 %dct_1d_dct_coeff_table_4, i64 0, i64 %zext_ln39" [../dct.c:44->../dct.c:77->../dct.c:129]   --->   Operation 71 'getelementptr' 'dct_1d_dct_coeff_table_4_addr' <Predicate = (!icmp_ln76)> <Delay = 0.00>
ST_1 : Operation 72 [2/2] (1.75ns)   --->   "%coeff_11 = load i3 %dct_1d_dct_coeff_table_4_addr" [../dct.c:44->../dct.c:77->../dct.c:129]   --->   Operation 72 'load' 'coeff_11' <Predicate = (!icmp_ln76)> <Delay = 1.75> <CoreInst = "ROM">   --->   Core 94 'ROM' <Latency = 1> <II = 1> <Delay = 1.75> <Storage> <Opcode : 'load'> <Ports = 0> <Width = 15> <Depth = 8> <ROM>
ST_1 : Operation 73 [1/1] (0.00ns)   --->   "%dct_1d_dct_coeff_table_5_addr = getelementptr i15 %dct_1d_dct_coeff_table_5, i64 0, i64 %zext_ln39" [../dct.c:44->../dct.c:77->../dct.c:129]   --->   Operation 73 'getelementptr' 'dct_1d_dct_coeff_table_5_addr' <Predicate = (!icmp_ln76)> <Delay = 0.00>
ST_1 : Operation 74 [2/2] (1.75ns)   --->   "%coeff_12 = load i3 %dct_1d_dct_coeff_table_5_addr" [../dct.c:44->../dct.c:77->../dct.c:129]   --->   Operation 74 'load' 'coeff_12' <Predicate = (!icmp_ln76)> <Delay = 1.75> <CoreInst = "ROM">   --->   Core 94 'ROM' <Latency = 1> <II = 1> <Delay = 1.75> <Storage> <Opcode : 'load'> <Ports = 0> <Width = 15> <Depth = 8> <ROM>
ST_1 : Operation 75 [1/1] (0.00ns)   --->   "%dct_1d_dct_coeff_table_6_addr = getelementptr i15 %dct_1d_dct_coeff_table_6, i64 0, i64 %zext_ln39" [../dct.c:44->../dct.c:77->../dct.c:129]   --->   Operation 75 'getelementptr' 'dct_1d_dct_coeff_table_6_addr' <Predicate = (!icmp_ln76)> <Delay = 0.00>
ST_1 : Operation 76 [2/2] (1.75ns)   --->   "%coeff_13 = load i3 %dct_1d_dct_coeff_table_6_addr" [../dct.c:44->../dct.c:77->../dct.c:129]   --->   Operation 76 'load' 'coeff_13' <Predicate = (!icmp_ln76)> <Delay = 1.75> <CoreInst = "ROM">   --->   Core 94 'ROM' <Latency = 1> <II = 1> <Delay = 1.75> <Storage> <Opcode : 'load'> <Ports = 0> <Width = 15> <Depth = 8> <ROM>
ST_1 : Operation 77 [1/1] (0.00ns)   --->   "%dct_1d_dct_coeff_table_7_addr = getelementptr i15 %dct_1d_dct_coeff_table_7, i64 0, i64 %zext_ln39" [../dct.c:44->../dct.c:77->../dct.c:129]   --->   Operation 77 'getelementptr' 'dct_1d_dct_coeff_table_7_addr' <Predicate = (!icmp_ln76)> <Delay = 0.00>
ST_1 : Operation 78 [2/2] (1.75ns)   --->   "%coeff_14 = load i3 %dct_1d_dct_coeff_table_7_addr" [../dct.c:44->../dct.c:77->../dct.c:129]   --->   Operation 78 'load' 'coeff_14' <Predicate = (!icmp_ln76)> <Delay = 1.75> <CoreInst = "ROM">   --->   Core 94 'ROM' <Latency = 1> <II = 1> <Delay = 1.75> <Storage> <Opcode : 'load'> <Ports = 0> <Width = 15> <Depth = 8> <ROM>
ST_1 : Operation 79 [1/1] (1.49ns)   --->   "%add_ln39 = add i4 %select_ln56, i4 1" [../dct.c:39->../dct.c:77->../dct.c:129]   --->   Operation 79 'add' 'add_ln39' <Predicate = (!icmp_ln76)> <Delay = 1.49> <CoreInst = "Adder">   --->   Core 1 'Adder' <Latency = 0> <II = 1> <Delay = 1.49> <FuncUnit> <Opcode : 'add' 'sub'> <InPorts = 2> <OutPorts = 1>
ST_1 : Operation 80 [1/1] (1.32ns)   --->   "%store_ln76 = store i7 %add_ln76_1, i7 %indvar_flatten6" [../dct.c:76->../dct.c:129]   --->   Operation 80 'store' 'store_ln76' <Predicate = (!icmp_ln76)> <Delay = 1.32>
ST_1 : Operation 81 [1/1] (1.32ns)   --->   "%store_ln56 = store i4 %select_ln76, i4 %i_2" [../dct.c:56->../dct.c:129]   --->   Operation 81 'store' 'store_ln56' <Predicate = (!icmp_ln76)> <Delay = 1.32>
ST_1 : Operation 82 [1/1] (1.32ns)   --->   "%store_ln32 = store i4 %add_ln39, i4 %k" [../dct.c:32->../dct.c:77->../dct.c:129]   --->   Operation 82 'store' 'store_ln32' <Predicate = (!icmp_ln76)> <Delay = 1.32>

State 2 <SV = 1> <Delay = 4.15>
ST_2 : Operation 83 [1/2] ( I:2.77ns O:2.77ns )   --->   "%col_inbuf_load = load i6 %col_inbuf_addr" [../dct.c:45->../dct.c:77->../dct.c:129]   --->   Operation 83 'load' 'col_inbuf_load' <Predicate = true> <Delay = 2.77> <CoreInst = "RAM_1WnR">   --->   Core 82 'RAM_1WnR' <Latency = 1> <II = 1> <Delay = 2.77> <Storage> <Opcode : 'load' 'store'> <Ports = 17> <Width = 16> <Depth = 64> <RAM>
ST_2 : Operation 84 [1/2] ( I:2.77ns O:2.77ns )   --->   "%col_inbuf_load_1 = load i6 %col_inbuf_addr_1" [../dct.c:45->../dct.c:77->../dct.c:129]   --->   Operation 84 'load' 'col_inbuf_load_1' <Predicate = true> <Delay = 2.77> <CoreInst = "RAM_1WnR">   --->   Core 82 'RAM_1WnR' <Latency = 1> <II = 1> <Delay = 2.77> <Storage> <Opcode : 'load' 'store'> <Ports = 17> <Width = 16> <Depth = 64> <RAM>
ST_2 : Operation 85 [1/1] (0.00ns)   --->   "%sext_ln47_15 = sext i16 %col_inbuf_load_1" [../dct.c:47->../dct.c:77->../dct.c:129]   --->   Operation 85 'sext' 'sext_ln47_15' <Predicate = true> <Delay = 0.00>
ST_2 : Operation 86 [1/2] ( I:2.77ns O:2.77ns )   --->   "%col_inbuf_load_2 = load i6 %col_inbuf_addr_2" [../dct.c:45->../dct.c:77->../dct.c:129]   --->   Operation 86 'load' 'col_inbuf_load_2' <Predicate = true> <Delay = 2.77> <CoreInst = "RAM_1WnR">   --->   Core 82 'RAM_1WnR' <Latency = 1> <II = 1> <Delay = 2.77> <Storage> <Opcode : 'load' 'store'> <Ports = 17> <Width = 16> <Depth = 64> <RAM>
ST_2 : Operation 87 [1/2] ( I:2.77ns O:2.77ns )   --->   "%col_inbuf_load_3 = load i6 %col_inbuf_addr_3" [../dct.c:45->../dct.c:77->../dct.c:129]   --->   Operation 87 'load' 'col_inbuf_load_3' <Predicate = true> <Delay = 2.77> <CoreInst = "RAM_1WnR">   --->   Core 82 'RAM_1WnR' <Latency = 1> <II = 1> <Delay = 2.77> <Storage> <Opcode : 'load' 'store'> <Ports = 17> <Width = 16> <Depth = 64> <RAM>
ST_2 : Operation 88 [1/1] (0.00ns)   --->   "%sext_ln47_17 = sext i16 %col_inbuf_load_3" [../dct.c:47->../dct.c:77->../dct.c:129]   --->   Operation 88 'sext' 'sext_ln47_17' <Predicate = true> <Delay = 0.00>
ST_2 : Operation 89 [1/2] ( I:2.77ns O:2.77ns )   --->   "%col_inbuf_load_4 = load i6 %col_inbuf_addr_4" [../dct.c:45->../dct.c:77->../dct.c:129]   --->   Operation 89 'load' 'col_inbuf_load_4' <Predicate = true> <Delay = 2.77> <CoreInst = "RAM_1WnR">   --->   Core 82 'RAM_1WnR' <Latency = 1> <II = 1> <Delay = 2.77> <Storage> <Opcode : 'load' 'store'> <Ports = 17> <Width = 16> <Depth = 64> <RAM>
ST_2 : Operation 90 [1/2] ( I:2.77ns O:2.77ns )   --->   "%col_inbuf_load_5 = load i6 %col_inbuf_addr_5" [../dct.c:45->../dct.c:77->../dct.c:129]   --->   Operation 90 'load' 'col_inbuf_load_5' <Predicate = true> <Delay = 2.77> <CoreInst = "RAM_1WnR">   --->   Core 82 'RAM_1WnR' <Latency = 1> <II = 1> <Delay = 2.77> <Storage> <Opcode : 'load' 'store'> <Ports = 17> <Width = 16> <Depth = 64> <RAM>
ST_2 : Operation 91 [1/1] (0.00ns)   --->   "%sext_ln47_19 = sext i16 %col_inbuf_load_5" [../dct.c:47->../dct.c:77->../dct.c:129]   --->   Operation 91 'sext' 'sext_ln47_19' <Predicate = true> <Delay = 0.00>
ST_2 : Operation 92 [1/2] ( I:2.77ns O:2.77ns )   --->   "%col_inbuf_load_6 = load i6 %col_inbuf_addr_6" [../dct.c:45->../dct.c:77->../dct.c:129]   --->   Operation 92 'load' 'col_inbuf_load_6' <Predicate = true> <Delay = 2.77> <CoreInst = "RAM_1WnR">   --->   Core 82 'RAM_1WnR' <Latency = 1> <II = 1> <Delay = 2.77> <Storage> <Opcode : 'load' 'store'> <Ports = 17> <Width = 16> <Depth = 64> <RAM>
ST_2 : Operation 93 [1/2] ( I:2.77ns O:2.77ns )   --->   "%col_inbuf_load_7 = load i6 %col_inbuf_addr_7" [../dct.c:45->../dct.c:77->../dct.c:129]   --->   Operation 93 'load' 'col_inbuf_load_7' <Predicate = true> <Delay = 2.77> <CoreInst = "RAM_1WnR">   --->   Core 82 'RAM_1WnR' <Latency = 1> <II = 1> <Delay = 2.77> <Storage> <Opcode : 'load' 'store'> <Ports = 17> <Width = 16> <Depth = 64> <RAM>
ST_2 : Operation 94 [1/1] (0.00ns)   --->   "%sext_ln47_21 = sext i16 %col_inbuf_load_7" [../dct.c:47->../dct.c:77->../dct.c:129]   --->   Operation 94 'sext' 'sext_ln47_21' <Predicate = true> <Delay = 0.00>
ST_2 : Operation 95 [1/2] ( I:1.75ns O:1.75ns )   --->   "%coeff = load i3 %dct_1d_dct_coeff_table_0_addr" [../dct.c:44->../dct.c:77->../dct.c:129]   --->   Operation 95 'load' 'coeff' <Predicate = true> <Delay = 1.75> <CoreInst = "ROM">   --->   Core 94 'ROM' <Latency = 1> <II = 1> <Delay = 1.75> <Storage> <Opcode : 'load'> <Ports = 0> <Width = 14> <Depth = 8> <ROM>
ST_2 : Operation 96 [1/2] ( I:1.75ns O:1.75ns )   --->   "%coeff_8 = load i3 %dct_1d_dct_coeff_table_1_addr" [../dct.c:44->../dct.c:77->../dct.c:129]   --->   Operation 96 'load' 'coeff_8' <Predicate = true> <Delay = 1.75> <CoreInst = "ROM">   --->   Core 94 'ROM' <Latency = 1> <II = 1> <Delay = 1.75> <Storage> <Opcode : 'load'> <Ports = 0> <Width = 15> <Depth = 8> <ROM>
ST_2 : Operation 97 [1/1] (0.00ns)   --->   "%sext_ln47_22 = sext i15 %coeff_8" [../dct.c:47->../dct.c:77->../dct.c:129]   --->   Operation 97 'sext' 'sext_ln47_22' <Predicate = true> <Delay = 0.00>
ST_2 : Operation 98 [1/2] ( I:1.75ns O:1.75ns )   --->   "%coeff_9 = load i3 %dct_1d_dct_coeff_table_2_addr" [../dct.c:44->../dct.c:77->../dct.c:129]   --->   Operation 98 'load' 'coeff_9' <Predicate = true> <Delay = 1.75> <CoreInst = "ROM">   --->   Core 94 'ROM' <Latency = 1> <II = 1> <Delay = 1.75> <Storage> <Opcode : 'load'> <Ports = 0> <Width = 15> <Depth = 8> <ROM>
ST_2 : Operation 99 [1/2] ( I:1.75ns O:1.75ns )   --->   "%coeff_10 = load i3 %dct_1d_dct_coeff_table_3_addr" [../dct.c:44->../dct.c:77->../dct.c:129]   --->   Operation 99 'load' 'coeff_10' <Predicate = true> <Delay = 1.75> <CoreInst = "ROM">   --->   Core 94 'ROM' <Latency = 1> <II = 1> <Delay = 1.75> <Storage> <Opcode : 'load'> <Ports = 0> <Width = 15> <Depth = 8> <ROM>
ST_2 : Operation 100 [1/1] (0.00ns)   --->   "%sext_ln47_24 = sext i15 %coeff_10" [../dct.c:47->../dct.c:77->../dct.c:129]   --->   Operation 100 'sext' 'sext_ln47_24' <Predicate = true> <Delay = 0.00>
ST_2 : Operation 101 [1/2] ( I:1.75ns O:1.75ns )   --->   "%coeff_11 = load i3 %dct_1d_dct_coeff_table_4_addr" [../dct.c:44->../dct.c:77->../dct.c:129]   --->   Operation 101 'load' 'coeff_11' <Predicate = true> <Delay = 1.75> <CoreInst = "ROM">   --->   Core 94 'ROM' <Latency = 1> <II = 1> <Delay = 1.75> <Storage> <Opcode : 'load'> <Ports = 0> <Width = 15> <Depth = 8> <ROM>
ST_2 : Operation 102 [1/2] ( I:1.75ns O:1.75ns )   --->   "%coeff_12 = load i3 %dct_1d_dct_coeff_table_5_addr" [../dct.c:44->../dct.c:77->../dct.c:129]   --->   Operation 102 'load' 'coeff_12' <Predicate = true> <Delay = 1.75> <CoreInst = "ROM">   --->   Core 94 'ROM' <Latency = 1> <II = 1> <Delay = 1.75> <Storage> <Opcode : 'load'> <Ports = 0> <Width = 15> <Depth = 8> <ROM>
ST_2 : Operation 103 [1/1] (0.00ns)   --->   "%sext_ln47_26 = sext i15 %coeff_12" [../dct.c:47->../dct.c:77->../dct.c:129]   --->   Operation 103 'sext' 'sext_ln47_26' <Predicate = true> <Delay = 0.00>
ST_2 : Operation 104 [1/2] ( I:1.75ns O:1.75ns )   --->   "%coeff_13 = load i3 %dct_1d_dct_coeff_table_6_addr" [../dct.c:44->../dct.c:77->../dct.c:129]   --->   Operation 104 'load' 'coeff_13' <Predicate = true> <Delay = 1.75> <CoreInst = "ROM">   --->   Core 94 'ROM' <Latency = 1> <II = 1> <Delay = 1.75> <Storage> <Opcode : 'load'> <Ports = 0> <Width = 15> <Depth = 8> <ROM>
ST_2 : Operation 105 [1/2] ( I:1.75ns O:1.75ns )   --->   "%coeff_14 = load i3 %dct_1d_dct_coeff_table_7_addr" [../dct.c:44->../dct.c:77->../dct.c:129]   --->   Operation 105 'load' 'coeff_14' <Predicate = true> <Delay = 1.75> <CoreInst = "ROM">   --->   Core 94 'ROM' <Latency = 1> <II = 1> <Delay = 1.75> <Storage> <Opcode : 'load'> <Ports = 0> <Width = 15> <Depth = 8> <ROM>
ST_2 : Operation 106 [1/1] (0.00ns)   --->   "%sext_ln47_28 = sext i15 %coeff_14" [../dct.c:47->../dct.c:77->../dct.c:129]   --->   Operation 106 'sext' 'sext_ln47_28' <Predicate = true> <Delay = 0.00>
ST_2 : Operation 107 [3/3] (1.38ns) (grouped into DSP with root node add_ln47_8)   --->   "%mul_ln47 = mul i29 %sext_ln47_22, i29 %sext_ln47_15" [../dct.c:47->../dct.c:77->../dct.c:129]   --->   Operation 107 'mul' 'mul_ln47' <Predicate = true> <Delay = 1.38> <CoreInst = "DSP48">   --->   Core 116 'DSP48' <Latency = 3> <II = 1> <Delay = 1.82> <IPBlock> <Opcode : 'add' 'sub' 'mul' 'select'> <InPorts = 0> <OutPorts = 1> <Sync> <CReg>
ST_2 : Operation 108 [3/3] (1.38ns) (grouped into DSP with root node add_ln47_12)   --->   "%mul_ln47_8 = mul i29 %sext_ln47_28, i29 %sext_ln47_21" [../dct.c:47->../dct.c:77->../dct.c:129]   --->   Operation 108 'mul' 'mul_ln47_8' <Predicate = true> <Delay = 1.38> <CoreInst = "DSP48">   --->   Core 116 'DSP48' <Latency = 3> <II = 1> <Delay = 1.82> <IPBlock> <Opcode : 'add' 'sub' 'mul' 'select'> <InPorts = 0> <OutPorts = 1> <Sync> <CReg>
ST_2 : Operation 109 [3/3] (1.38ns) (grouped into DSP with root node add_ln47_11)   --->   "%mul_ln47_10 = mul i29 %sext_ln47_26, i29 %sext_ln47_19" [../dct.c:47->../dct.c:77->../dct.c:129]   --->   Operation 109 'mul' 'mul_ln47_10' <Predicate = true> <Delay = 1.38> <CoreInst = "DSP48">   --->   Core 116 'DSP48' <Latency = 3> <II = 1> <Delay = 1.82> <IPBlock> <Opcode : 'add' 'sub' 'mul' 'select'> <InPorts = 0> <OutPorts = 1> <Sync> <CReg>
ST_2 : Operation 110 [3/3] (1.38ns) (grouped into DSP with root node add_ln47_9)   --->   "%mul_ln47_12 = mul i29 %sext_ln47_24, i29 %sext_ln47_17" [../dct.c:47->../dct.c:77->../dct.c:129]   --->   Operation 110 'mul' 'mul_ln47_12' <Predicate = true> <Delay = 1.38> <CoreInst = "DSP48">   --->   Core 116 'DSP48' <Latency = 3> <II = 1> <Delay = 1.82> <IPBlock> <Opcode : 'add' 'sub' 'mul' 'select'> <InPorts = 0> <OutPorts = 1> <Sync> <CReg>

State 3 <SV = 2> <Delay = 4.62>
ST_3 : Operation 111 [1/1] (0.00ns)   --->   "%sext_ln47 = sext i16 %col_inbuf_load" [../dct.c:47->../dct.c:77->../dct.c:129]   --->   Operation 111 'sext' 'sext_ln47' <Predicate = true> <Delay = 0.00>
ST_3 : Operation 112 [1/1] (0.00ns)   --->   "%sext_ln47_16 = sext i16 %col_inbuf_load_2" [../dct.c:47->../dct.c:77->../dct.c:129]   --->   Operation 112 'sext' 'sext_ln47_16' <Predicate = true> <Delay = 0.00>
ST_3 : Operation 113 [1/1] (0.00ns)   --->   "%sext_ln47_18 = sext i16 %col_inbuf_load_4" [../dct.c:47->../dct.c:77->../dct.c:129]   --->   Operation 113 'sext' 'sext_ln47_18' <Predicate = true> <Delay = 0.00>
ST_3 : Operation 114 [1/1] (0.00ns)   --->   "%sext_ln47_20 = sext i16 %col_inbuf_load_6" [../dct.c:47->../dct.c:77->../dct.c:129]   --->   Operation 114 'sext' 'sext_ln47_20' <Predicate = true> <Delay = 0.00>
ST_3 : Operation 115 [1/1] (0.00ns)   --->   "%zext_ln47_1 = zext i14 %coeff" [../dct.c:47->../dct.c:77->../dct.c:129]   --->   Operation 115 'zext' 'zext_ln47_1' <Predicate = true> <Delay = 0.00>
ST_3 : Operation 116 [1/1] (0.00ns)   --->   "%sext_ln47_23 = sext i15 %coeff_9" [../dct.c:47->../dct.c:77->../dct.c:129]   --->   Operation 116 'sext' 'sext_ln47_23' <Predicate = true> <Delay = 0.00>
ST_3 : Operation 117 [1/1] (0.00ns)   --->   "%sext_ln47_25 = sext i15 %coeff_11" [../dct.c:47->../dct.c:77->../dct.c:129]   --->   Operation 117 'sext' 'sext_ln47_25' <Predicate = true> <Delay = 0.00>
ST_3 : Operation 118 [1/1] (0.00ns)   --->   "%sext_ln47_27 = sext i15 %coeff_13" [../dct.c:47->../dct.c:77->../dct.c:129]   --->   Operation 118 'sext' 'sext_ln47_27' <Predicate = true> <Delay = 0.00>
ST_3 : Operation 119 [2/3] (1.38ns) (grouped into DSP with root node add_ln47_8)   --->   "%mul_ln47 = mul i29 %sext_ln47_22, i29 %sext_ln47_15" [../dct.c:47->../dct.c:77->../dct.c:129]   --->   Operation 119 'mul' 'mul_ln47' <Predicate = true> <Delay = 1.38> <CoreInst = "DSP48">   --->   Core 116 'DSP48' <Latency = 3> <II = 1> <Delay = 1.82> <IPBlock> <Opcode : 'add' 'sub' 'mul' 'select'> <InPorts = 0> <OutPorts = 1> <Sync> <CReg>
ST_3 : Operation 120 [2/3] (1.38ns) (grouped into DSP with root node add_ln47_12)   --->   "%mul_ln47_8 = mul i29 %sext_ln47_28, i29 %sext_ln47_21" [../dct.c:47->../dct.c:77->../dct.c:129]   --->   Operation 120 'mul' 'mul_ln47_8' <Predicate = true> <Delay = 1.38> <CoreInst = "DSP48">   --->   Core 116 'DSP48' <Latency = 3> <II = 1> <Delay = 1.82> <IPBlock> <Opcode : 'add' 'sub' 'mul' 'select'> <InPorts = 0> <OutPorts = 1> <Sync> <CReg>
ST_3 : Operation 121 [3/3] (1.38ns) (grouped into DSP with root node add_ln47_13)   --->   "%mul_ln47_9 = mul i29 %sext_ln47_27, i29 %sext_ln47_20" [../dct.c:47->../dct.c:77->../dct.c:129]   --->   Operation 121 'mul' 'mul_ln47_9' <Predicate = true> <Delay = 1.38> <CoreInst = "DSP48">   --->   Core 116 'DSP48' <Latency = 3> <II = 1> <Delay = 1.82> <IPBlock> <Opcode : 'add' 'sub' 'mul' 'select'> <InPorts = 0> <OutPorts = 1> <Sync> <CReg>
ST_3 : Operation 122 [2/3] (1.38ns) (grouped into DSP with root node add_ln47_11)   --->   "%mul_ln47_10 = mul i29 %sext_ln47_26, i29 %sext_ln47_19" [../dct.c:47->../dct.c:77->../dct.c:129]   --->   Operation 122 'mul' 'mul_ln47_10' <Predicate = true> <Delay = 1.38> <CoreInst = "DSP48">   --->   Core 116 'DSP48' <Latency = 3> <II = 1> <Delay = 1.82> <IPBlock> <Opcode : 'add' 'sub' 'mul' 'select'> <InPorts = 0> <OutPorts = 1> <Sync> <CReg>
ST_3 : Operation 123 [1/1] (4.62ns)   --->   "%mul_ln47_11 = mul i29 %sext_ln47_25, i29 %sext_ln47_18" [../dct.c:47->../dct.c:77->../dct.c:129]   --->   Operation 123 'mul' 'mul_ln47_11' <Predicate = true> <Delay = 4.62> <CoreInst = "Multiplier">   --->   Core 3 'Multiplier' <Latency = 0> <II = 1> <Delay = 4.62> <FuncUnit> <Opcode : 'mul'> <InPorts = 2> <OutPorts = 1>
ST_3 : Operation 124 [2/3] (1.38ns) (grouped into DSP with root node add_ln47_9)   --->   "%mul_ln47_12 = mul i29 %sext_ln47_24, i29 %sext_ln47_17" [../dct.c:47->../dct.c:77->../dct.c:129]   --->   Operation 124 'mul' 'mul_ln47_12' <Predicate = true> <Delay = 1.38> <CoreInst = "DSP48">   --->   Core 116 'DSP48' <Latency = 3> <II = 1> <Delay = 1.82> <IPBlock> <Opcode : 'add' 'sub' 'mul' 'select'> <InPorts = 0> <OutPorts = 1> <Sync> <CReg>
ST_3 : Operation 125 [1/1] (4.62ns)   --->   "%mul_ln47_13 = mul i29 %sext_ln47_23, i29 %sext_ln47_16" [../dct.c:47->../dct.c:77->../dct.c:129]   --->   Operation 125 'mul' 'mul_ln47_13' <Predicate = true> <Delay = 4.62> <CoreInst = "Multiplier">   --->   Core 3 'Multiplier' <Latency = 0> <II = 1> <Delay = 4.62> <FuncUnit> <Opcode : 'mul'> <InPorts = 2> <OutPorts = 1>
ST_3 : Operation 126 [1/1] (4.62ns)   --->   "%mul_ln47_14 = mul i29 %zext_ln47_1, i29 %sext_ln47" [../dct.c:47->../dct.c:77->../dct.c:129]   --->   Operation 126 'mul' 'mul_ln47_14' <Predicate = true> <Delay = 4.62> <CoreInst = "Multiplier">   --->   Core 3 'Multiplier' <Latency = 0> <II = 1> <Delay = 4.62> <FuncUnit> <Opcode : 'mul'> <InPorts = 2> <OutPorts = 1>

State 4 <SV = 3> <Delay = 1.76>
ST_4 : Operation 127 [1/3] (0.00ns) (grouped into DSP with root node add_ln47_8)   --->   "%mul_ln47 = mul i29 %sext_ln47_22, i29 %sext_ln47_15" [../dct.c:47->../dct.c:77->../dct.c:129]   --->   Operation 127 'mul' 'mul_ln47' <Predicate = true> <Delay = 0.00> <CoreInst = "DSP48">   --->   Core 116 'DSP48' <Latency = 3> <II = 1> <Delay = 1.82> <IPBlock> <Opcode : 'add' 'sub' 'mul' 'select'> <InPorts = 0> <OutPorts = 1> <Sync> <CReg>
ST_4 : Operation 128 [1/3] (0.00ns) (grouped into DSP with root node add_ln47_12)   --->   "%mul_ln47_8 = mul i29 %sext_ln47_28, i29 %sext_ln47_21" [../dct.c:47->../dct.c:77->../dct.c:129]   --->   Operation 128 'mul' 'mul_ln47_8' <Predicate = true> <Delay = 0.00> <CoreInst = "DSP48">   --->   Core 116 'DSP48' <Latency = 3> <II = 1> <Delay = 1.82> <IPBlock> <Opcode : 'add' 'sub' 'mul' 'select'> <InPorts = 0> <OutPorts = 1> <Sync> <CReg>
ST_4 : Operation 129 [2/3] (1.38ns) (grouped into DSP with root node add_ln47_13)   --->   "%mul_ln47_9 = mul i29 %sext_ln47_27, i29 %sext_ln47_20" [../dct.c:47->../dct.c:77->../dct.c:129]   --->   Operation 129 'mul' 'mul_ln47_9' <Predicate = true> <Delay = 1.38> <CoreInst = "DSP48">   --->   Core 116 'DSP48' <Latency = 3> <II = 1> <Delay = 1.82> <IPBlock> <Opcode : 'add' 'sub' 'mul' 'select'> <InPorts = 0> <OutPorts = 1> <Sync> <CReg>
ST_4 : Operation 130 [1/3] (0.00ns) (grouped into DSP with root node add_ln47_11)   --->   "%mul_ln47_10 = mul i29 %sext_ln47_26, i29 %sext_ln47_19" [../dct.c:47->../dct.c:77->../dct.c:129]   --->   Operation 130 'mul' 'mul_ln47_10' <Predicate = true> <Delay = 0.00> <CoreInst = "DSP48">   --->   Core 116 'DSP48' <Latency = 3> <II = 1> <Delay = 1.82> <IPBlock> <Opcode : 'add' 'sub' 'mul' 'select'> <InPorts = 0> <OutPorts = 1> <Sync> <CReg>
ST_4 : Operation 131 [1/3] (0.00ns) (grouped into DSP with root node add_ln47_9)   --->   "%mul_ln47_12 = mul i29 %sext_ln47_24, i29 %sext_ln47_17" [../dct.c:47->../dct.c:77->../dct.c:129]   --->   Operation 131 'mul' 'mul_ln47_12' <Predicate = true> <Delay = 0.00> <CoreInst = "DSP48">   --->   Core 116 'DSP48' <Latency = 3> <II = 1> <Delay = 1.82> <IPBlock> <Opcode : 'add' 'sub' 'mul' 'select'> <InPorts = 0> <OutPorts = 1> <Sync> <CReg>
ST_4 : Operation 132 [2/2] (1.76ns) (root node of the DSP)   --->   "%add_ln47_8 = add i29 %mul_ln47_14, i29 %mul_ln47" [../dct.c:47->../dct.c:77->../dct.c:129]   --->   Operation 132 'add' 'add_ln47_8' <Predicate = true> <Delay = 1.76> <CoreInst = "DSP48">   --->   Core 116 'DSP48' <Latency = 3> <II = 1> <Delay = 1.82> <IPBlock> <Opcode : 'add' 'sub' 'mul' 'select'> <InPorts = 0> <OutPorts = 1> <Sync> <CReg>
ST_4 : Operation 133 [2/2] (1.76ns) (root node of the DSP)   --->   "%add_ln47_9 = add i29 %mul_ln47_13, i29 %mul_ln47_12" [../dct.c:47->../dct.c:77->../dct.c:129]   --->   Operation 133 'add' 'add_ln47_9' <Predicate = true> <Delay = 1.76> <CoreInst = "DSP48">   --->   Core 116 'DSP48' <Latency = 3> <II = 1> <Delay = 1.82> <IPBlock> <Opcode : 'add' 'sub' 'mul' 'select'> <InPorts = 0> <OutPorts = 1> <Sync> <CReg>
ST_4 : Operation 134 [2/2] (1.76ns) (root node of the DSP)   --->   "%add_ln47_11 = add i29 %mul_ln47_11, i29 %mul_ln47_10" [../dct.c:47->../dct.c:77->../dct.c:129]   --->   Operation 134 'add' 'add_ln47_11' <Predicate = true> <Delay = 1.76> <CoreInst = "DSP48">   --->   Core 116 'DSP48' <Latency = 3> <II = 1> <Delay = 1.82> <IPBlock> <Opcode : 'add' 'sub' 'mul' 'select'> <InPorts = 0> <OutPorts = 1> <Sync> <CReg>
ST_4 : Operation 135 [2/2] (1.76ns) (root node of the DSP)   --->   "%add_ln47_12 = add i29 %mul_ln47_8, i29 4096" [../dct.c:47->../dct.c:77->../dct.c:129]   --->   Operation 135 'add' 'add_ln47_12' <Predicate = true> <Delay = 1.76> <CoreInst = "DSP48">   --->   Core 116 'DSP48' <Latency = 3> <II = 1> <Delay = 1.82> <IPBlock> <Opcode : 'add' 'sub' 'mul' 'select'> <InPorts = 0> <OutPorts = 1> <Sync> <CReg>

State 5 <SV = 4> <Delay = 3.52>
ST_5 : Operation 136 [1/3] (0.00ns) (grouped into DSP with root node add_ln47_13)   --->   "%mul_ln47_9 = mul i29 %sext_ln47_27, i29 %sext_ln47_20" [../dct.c:47->../dct.c:77->../dct.c:129]   --->   Operation 136 'mul' 'mul_ln47_9' <Predicate = true> <Delay = 0.00> <CoreInst = "DSP48">   --->   Core 116 'DSP48' <Latency = 3> <II = 1> <Delay = 1.82> <IPBlock> <Opcode : 'add' 'sub' 'mul' 'select'> <InPorts = 0> <OutPorts = 1> <Sync> <CReg>
ST_5 : Operation 137 [1/2] (1.76ns) (root node of the DSP)   --->   "%add_ln47_8 = add i29 %mul_ln47_14, i29 %mul_ln47" [../dct.c:47->../dct.c:77->../dct.c:129]   --->   Operation 137 'add' 'add_ln47_8' <Predicate = true> <Delay = 1.76> <CoreInst = "DSP48">   --->   Core 116 'DSP48' <Latency = 3> <II = 1> <Delay = 1.82> <IPBlock> <Opcode : 'add' 'sub' 'mul' 'select'> <InPorts = 0> <OutPorts = 1> <Sync> <CReg>
ST_5 : Operation 138 [1/2] (1.76ns) (root node of the DSP)   --->   "%add_ln47_9 = add i29 %mul_ln47_13, i29 %mul_ln47_12" [../dct.c:47->../dct.c:77->../dct.c:129]   --->   Operation 138 'add' 'add_ln47_9' <Predicate = true> <Delay = 1.76> <CoreInst = "DSP48">   --->   Core 116 'DSP48' <Latency = 3> <II = 1> <Delay = 1.82> <IPBlock> <Opcode : 'add' 'sub' 'mul' 'select'> <InPorts = 0> <OutPorts = 1> <Sync> <CReg>
ST_5 : Operation 139 [1/2] (1.76ns) (root node of the DSP)   --->   "%add_ln47_11 = add i29 %mul_ln47_11, i29 %mul_ln47_10" [../dct.c:47->../dct.c:77->../dct.c:129]   --->   Operation 139 'add' 'add_ln47_11' <Predicate = true> <Delay = 1.76> <CoreInst = "DSP48">   --->   Core 116 'DSP48' <Latency = 3> <II = 1> <Delay = 1.82> <IPBlock> <Opcode : 'add' 'sub' 'mul' 'select'> <InPorts = 0> <OutPorts = 1> <Sync> <CReg>
ST_5 : Operation 140 [1/2] (1.76ns) (root node of the DSP)   --->   "%add_ln47_12 = add i29 %mul_ln47_8, i29 4096" [../dct.c:47->../dct.c:77->../dct.c:129]   --->   Operation 140 'add' 'add_ln47_12' <Predicate = true> <Delay = 1.76> <CoreInst = "DSP48">   --->   Core 116 'DSP48' <Latency = 3> <II = 1> <Delay = 1.82> <IPBlock> <Opcode : 'add' 'sub' 'mul' 'select'> <InPorts = 0> <OutPorts = 1> <Sync> <CReg>
ST_5 : Operation 141 [2/2] (1.76ns) (root node of the DSP)   --->   "%add_ln47_13 = add i29 %add_ln47_12, i29 %mul_ln47_9" [../dct.c:47->../dct.c:77->../dct.c:129]   --->   Operation 141 'add' 'add_ln47_13' <Predicate = true> <Delay = 1.76> <CoreInst = "DSP48">   --->   Core 116 'DSP48' <Latency = 3> <II = 1> <Delay = 1.82> <IPBlock> <Opcode : 'add' 'sub' 'mul' 'select'> <InPorts = 0> <OutPorts = 1> <Sync> <CReg>

State 6 <SV = 5> <Delay = 3.87>
ST_6 : Operation 142 [1/2] (1.76ns) (root node of the DSP)   --->   "%add_ln47_13 = add i29 %add_ln47_12, i29 %mul_ln47_9" [../dct.c:47->../dct.c:77->../dct.c:129]   --->   Operation 142 'add' 'add_ln47_13' <Predicate = true> <Delay = 1.76> <CoreInst = "DSP48">   --->   Core 116 'DSP48' <Latency = 3> <II = 1> <Delay = 1.82> <IPBlock> <Opcode : 'add' 'sub' 'mul' 'select'> <InPorts = 0> <OutPorts = 1> <Sync> <CReg>
ST_6 : Operation 143 [1/1] (2.11ns)   --->   "%add_ln47_14 = add i29 %add_ln47_13, i29 %add_ln47_11" [../dct.c:47->../dct.c:77->../dct.c:129]   --->   Operation 143 'add' 'add_ln47_14' <Predicate = true> <Delay = 2.11> <CoreInst = "Adder">   --->   Core 1 'Adder' <Latency = 0> <II = 1> <Delay = 2.11> <FuncUnit> <Opcode : 'add' 'sub'> <InPorts = 2> <OutPorts = 1>
ST_6 : Operation 154 [1/1] (1.32ns)   --->   "%ret_ln0 = ret"   --->   Operation 154 'ret' 'ret_ln0' <Predicate = (icmp_ln76)> <Delay = 1.32>

State 7 <SV = 6> <Delay = 6.41>
ST_7 : Operation 144 [1/1] (0.00ns)   --->   "%specloopname_ln0 = specloopname void @_ssdm_op_SpecLoopName, void @Col_DCT_Loop_DCT_Outer_Loop_str"   --->   Operation 144 'specloopname' 'specloopname_ln0' <Predicate = true> <Delay = 0.00>
ST_7 : Operation 145 [1/1] (0.00ns)   --->   "%speclooptripcount_ln0 = speclooptripcount void @_ssdm_op_SpecLoopTripCount, i64 64, i64 64, i64 64"   --->   Operation 145 'speclooptripcount' 'speclooptripcount_ln0' <Predicate = true> <Delay = 0.00>
ST_7 : Operation 146 [1/1] (0.00ns)   --->   "%zext_ln47_4 = zext i6 %add_ln47" [../dct.c:47->../dct.c:77->../dct.c:129]   --->   Operation 146 'zext' 'zext_ln47_4' <Predicate = true> <Delay = 0.00>
ST_7 : Operation 147 [1/1] (0.00ns)   --->   "%col_outbuf_addr = getelementptr i16 %col_outbuf, i64 0, i64 %zext_ln47_4" [../dct.c:47->../dct.c:77->../dct.c:129]   --->   Operation 147 'getelementptr' 'col_outbuf_addr' <Predicate = true> <Delay = 0.00>
ST_7 : Operation 148 [1/1] (0.00ns)   --->   "%specpipeline_ln42 = specpipeline void @_ssdm_op_SpecPipeline, i32 1, i32 0, i32 0, i32 0, i32 4294967295, void @empty_0" [../dct.c:42->../dct.c:77->../dct.c:129]   --->   Operation 148 'specpipeline' 'specpipeline_ln42' <Predicate = true> <Delay = 0.00>
ST_7 : Operation 149 [1/1] (0.00ns) (grouped into TernaryAdder)   --->   "%add_ln47_10 = add i29 %add_ln47_9, i29 %add_ln47_8" [../dct.c:47->../dct.c:77->../dct.c:129]   --->   Operation 149 'add' 'add_ln47_10' <Predicate = true> <Delay = 0.00> <CoreInst = "TAddSub">   --->   Core 10 'TAddSub' <Latency = 0> <II = 1> <Delay = 1.82> <IPBlock> <Opcode : 'add' 'sub'> <InPorts = 3> <OutPorts = 1> <Sync> <CReg>
ST_7 : Operation 150 [1/1] (3.64ns) (root node of TernaryAdder)   --->   "%add_ln47_15 = add i29 %add_ln47_14, i29 %add_ln47_10" [../dct.c:47->../dct.c:77->../dct.c:129]   --->   Operation 150 'add' 'add_ln47_15' <Predicate = true> <Delay = 3.64> <CoreInst = "TAddSub">   --->   Core 10 'TAddSub' <Latency = 0> <II = 1> <Delay = 1.82> <IPBlock> <Opcode : 'add' 'sub'> <InPorts = 3> <OutPorts = 1> <Sync> <CReg>
ST_7 : Operation 151 [1/1] (0.00ns)   --->   "%trunc_ln47_1 = partselect i16 @_ssdm_op_PartSelect.i16.i29.i32.i32, i29 %add_ln47_15, i32 13, i32 28" [../dct.c:47->../dct.c:77->../dct.c:129]   --->   Operation 151 'partselect' 'trunc_ln47_1' <Predicate = true> <Delay = 0.00>
ST_7 : Operation 152 [1/1] ( I:2.77ns O:2.77ns )   --->   "%store_ln47 = store i16 %trunc_ln47_1, i6 %col_outbuf_addr" [../dct.c:47->../dct.c:77->../dct.c:129]   --->   Operation 152 'store' 'store_ln47' <Predicate = true> <Delay = 2.77> <CoreInst = "RAM">   --->   Core 81 'RAM' <Latency = 1> <II = 1> <Delay = 2.77> <Storage> <Opcode : 'load' 'store'> <Ports = 2> <Width = 16> <Depth = 64> <RAM>
ST_7 : Operation 153 [1/1] (0.00ns)   --->   "%br_ln39 = br void %VITIS_LOOP_43_1.i13" [../dct.c:39->../dct.c:77->../dct.c:129]   --->   Operation 153 'br' 'br_ln39' <Predicate = true> <Delay = 0.00>


============================================================
+ Verbose Summary: Binding
============================================================
STG Binding: 
---------------- STG Properties BEGIN ----------------
- Is combinational: 0
- Is one-state seq: 0
- Is datapath-only: 0
- Is pipelined: 0
- Is top level: 0
Port [ Return ] is wired: 1; IO mode=ap_ctrl_hs:ce=0
Port [ col_inbuf]:  wired=1; compound=1; hidden=0; nouse=0; global=0; static=0; extern=0; dir=0; type=1; pingpong=0; private_global=0; MemPort=[11111111333333333]; IO mode=ap_memory:ce=0
Port [ col_outbuf]:  wired=1; compound=1; hidden=0; nouse=0; global=0; static=0; extern=0; dir=1; type=1; pingpong=0; private_global=0; MemPort=[03]; IO mode=ap_memory:ce=0
Port [ dct_1d_dct_coeff_table_0]:  wired=0; compound=1; hidden=1; nouse=0; global=1; static=1; extern=0; dir=0; type=1; pingpong=0; private_global=0; MemPort=[1]; IO mode=ap_memory:ce=0
Port [ dct_1d_dct_coeff_table_1]:  wired=0; compound=1; hidden=1; nouse=0; global=1; static=1; extern=0; dir=0; type=1; pingpong=0; private_global=0; MemPort=[1]; IO mode=ap_memory:ce=0
Port [ dct_1d_dct_coeff_table_2]:  wired=0; compound=1; hidden=1; nouse=0; global=1; static=1; extern=0; dir=0; type=1; pingpong=0; private_global=0; MemPort=[1]; IO mode=ap_memory:ce=0
Port [ dct_1d_dct_coeff_table_3]:  wired=0; compound=1; hidden=1; nouse=0; global=1; static=1; extern=0; dir=0; type=1; pingpong=0; private_global=0; MemPort=[1]; IO mode=ap_memory:ce=0
Port [ dct_1d_dct_coeff_table_4]:  wired=0; compound=1; hidden=1; nouse=0; global=1; static=1; extern=0; dir=0; type=1; pingpong=0; private_global=0; MemPort=[1]; IO mode=ap_memory:ce=0
Port [ dct_1d_dct_coeff_table_5]:  wired=0; compound=1; hidden=1; nouse=0; global=1; static=1; extern=0; dir=0; type=1; pingpong=0; private_global=0; MemPort=[1]; IO mode=ap_memory:ce=0
Port [ dct_1d_dct_coeff_table_6]:  wired=0; compound=1; hidden=1; nouse=0; global=1; static=1; extern=0; dir=0; type=1; pingpong=0; private_global=0; MemPort=[1]; IO mode=ap_memory:ce=0
Port [ dct_1d_dct_coeff_table_7]:  wired=0; compound=1; hidden=1; nouse=0; global=1; static=1; extern=0; dir=0; type=1; pingpong=0; private_global=0; MemPort=[1]; IO mode=ap_memory:ce=0
---------------- STG Properties END ------------------

---------------- Datapath Model BEGIN ----------------

<LifeTime>
<method=bitvector/>
k                             (alloca           ) [ 01000000]
i_2                           (alloca           ) [ 01000000]
indvar_flatten6               (alloca           ) [ 01000000]
store_ln0                     (store            ) [ 00000000]
store_ln56                    (store            ) [ 00000000]
store_ln32                    (store            ) [ 00000000]
br_ln0                        (br               ) [ 00000000]
i                             (load             ) [ 00000000]
indvar_flatten6_load          (load             ) [ 00000000]
icmp_ln76                     (icmp             ) [ 01111110]
add_ln76_1                    (add              ) [ 00000000]
br_ln76                       (br               ) [ 00000000]
k_load                        (load             ) [ 00000000]
add_ln76                      (add              ) [ 00000000]
icmp_ln39                     (icmp             ) [ 00000000]
select_ln56                   (select           ) [ 00000000]
select_ln76                   (select           ) [ 00000000]
trunc_ln47                    (trunc            ) [ 00000000]
tmp_4                         (bitconcatenate   ) [ 00000000]
zext_ln47                     (zext             ) [ 00000000]
col_inbuf_addr                (getelementptr    ) [ 01100000]
tmp_5                         (bitconcatenate   ) [ 00000000]
zext_ln45                     (zext             ) [ 00000000]
col_inbuf_addr_1              (getelementptr    ) [ 01100000]
tmp_6                         (bitconcatenate   ) [ 00000000]
zext_ln45_1                   (zext             ) [ 00000000]
col_inbuf_addr_2              (getelementptr    ) [ 01100000]
tmp_7                         (bitconcatenate   ) [ 00000000]
zext_ln45_2                   (zext             ) [ 00000000]
col_inbuf_addr_3              (getelementptr    ) [ 01100000]
tmp_8                         (bitconcatenate   ) [ 00000000]
zext_ln45_3                   (zext             ) [ 00000000]
col_inbuf_addr_4              (getelementptr    ) [ 01100000]
tmp_9                         (bitconcatenate   ) [ 00000000]
zext_ln45_4                   (zext             ) [ 00000000]
col_inbuf_addr_5              (getelementptr    ) [ 01100000]
tmp_s                         (bitconcatenate   ) [ 00000000]
zext_ln45_5                   (zext             ) [ 00000000]
col_inbuf_addr_6              (getelementptr    ) [ 01100000]
tmp_10                        (bitconcatenate   ) [ 00000000]
zext_ln45_6                   (zext             ) [ 00000000]
col_inbuf_addr_7              (getelementptr    ) [ 01100000]
zext_ln39                     (zext             ) [ 00000000]
zext_ln47_3                   (zext             ) [ 00000000]
add_ln47                      (add              ) [ 01111111]
dct_1d_dct_coeff_table_0_addr (getelementptr    ) [ 01100000]
dct_1d_dct_coeff_table_1_addr (getelementptr    ) [ 01100000]
dct_1d_dct_coeff_table_2_addr (getelementptr    ) [ 01100000]
dct_1d_dct_coeff_table_3_addr (getelementptr    ) [ 01100000]
dct_1d_dct_coeff_table_4_addr (getelementptr    ) [ 01100000]
dct_1d_dct_coeff_table_5_addr (getelementptr    ) [ 01100000]
dct_1d_dct_coeff_table_6_addr (getelementptr    ) [ 01100000]
dct_1d_dct_coeff_table_7_addr (getelementptr    ) [ 01100000]
add_ln39                      (add              ) [ 00000000]
store_ln76                    (store            ) [ 00000000]
store_ln56                    (store            ) [ 00000000]
store_ln32                    (store            ) [ 00000000]
col_inbuf_load                (load             ) [ 01010000]
col_inbuf_load_1              (load             ) [ 00000000]
sext_ln47_15                  (sext             ) [ 01011000]
col_inbuf_load_2              (load             ) [ 01010000]
col_inbuf_load_3              (load             ) [ 00000000]
sext_ln47_17                  (sext             ) [ 01011000]
col_inbuf_load_4              (load             ) [ 01010000]
col_inbuf_load_5              (load             ) [ 00000000]
sext_ln47_19                  (sext             ) [ 01011000]
col_inbuf_load_6              (load             ) [ 01010000]
col_inbuf_load_7              (load             ) [ 00000000]
sext_ln47_21                  (sext             ) [ 01011000]
coeff                         (load             ) [ 01010000]
coeff_8                       (load             ) [ 00000000]
sext_ln47_22                  (sext             ) [ 01011000]
coeff_9                       (load             ) [ 01010000]
coeff_10                      (load             ) [ 00000000]
sext_ln47_24                  (sext             ) [ 01011000]
coeff_11                      (load             ) [ 01010000]
coeff_12                      (load             ) [ 00000000]
sext_ln47_26                  (sext             ) [ 01011000]
coeff_13                      (load             ) [ 01010000]
coeff_14                      (load             ) [ 00000000]
sext_ln47_28                  (sext             ) [ 01011000]
sext_ln47                     (sext             ) [ 00000000]
sext_ln47_16                  (sext             ) [ 00000000]
sext_ln47_18                  (sext             ) [ 00000000]
sext_ln47_20                  (sext             ) [ 01001100]
zext_ln47_1                   (zext             ) [ 00000000]
sext_ln47_23                  (sext             ) [ 00000000]
sext_ln47_25                  (sext             ) [ 00000000]
sext_ln47_27                  (sext             ) [ 01001100]
mul_ln47_11                   (mul              ) [ 01001100]
mul_ln47_13                   (mul              ) [ 01001100]
mul_ln47_14                   (mul              ) [ 01001100]
mul_ln47                      (mul              ) [ 01000100]
mul_ln47_8                    (mul              ) [ 01000100]
mul_ln47_10                   (mul              ) [ 01000100]
mul_ln47_12                   (mul              ) [ 01000100]
mul_ln47_9                    (mul              ) [ 01000010]
add_ln47_8                    (add              ) [ 01000011]
add_ln47_9                    (add              ) [ 01000011]
add_ln47_11                   (add              ) [ 01000010]
add_ln47_12                   (add              ) [ 01000010]
add_ln47_13                   (add              ) [ 00000000]
add_ln47_14                   (add              ) [ 01000001]
specloopname_ln0              (specloopname     ) [ 00000000]
speclooptripcount_ln0         (speclooptripcount) [ 00000000]
zext_ln47_4                   (zext             ) [ 00000000]
col_outbuf_addr               (getelementptr    ) [ 00000000]
specpipeline_ln42             (specpipeline     ) [ 00000000]
add_ln47_10                   (add              ) [ 00000000]
add_ln47_15                   (add              ) [ 00000000]
trunc_ln47_1                  (partselect       ) [ 00000000]
store_ln47                    (store            ) [ 00000000]
br_ln39                       (br               ) [ 00000000]
ret_ln0                       (ret              ) [ 00000000]
</LifeTime>

<model>

<comp_list>
<comp id="0" class="1000" name="col_inbuf">
<pin_list>
<pin id="1" dir="1" index="0" bw="1" slack="0"/>
</pin_list>
<bind>
<StgValue><ssdm name="col_inbuf"/><MemPortTyVec>1 1 1 1 1 1 1 1 3 3 3 3 3 3 3 3 3 </MemPortTyVec>
</StgValue>
</bind>
</comp>

<comp id="2" class="1000" name="col_outbuf">
<pin_list>
<pin id="3" dir="1" index="0" bw="1" slack="0"/>
</pin_list>
<bind>
<StgValue><ssdm name="col_outbuf"/><MemPortTyVec>0 3 </MemPortTyVec>
</StgValue>
</bind>
</comp>

<comp id="4" class="1000" name="dct_1d_dct_coeff_table_0">
<pin_list>
<pin id="5" dir="1" index="0" bw="1" slack="0"/>
</pin_list>
<bind>
<StgValue><ssdm name="dct_1d_dct_coeff_table_0"/><MemPortTyVec>1 </MemPortTyVec>
</StgValue>
</bind>
</comp>

<comp id="6" class="1000" name="dct_1d_dct_coeff_table_1">
<pin_list>
<pin id="7" dir="1" index="0" bw="1" slack="0"/>
</pin_list>
<bind>
<StgValue><ssdm name="dct_1d_dct_coeff_table_1"/><MemPortTyVec>1 </MemPortTyVec>
</StgValue>
</bind>
</comp>

<comp id="8" class="1000" name="dct_1d_dct_coeff_table_2">
<pin_list>
<pin id="9" dir="1" index="0" bw="1" slack="0"/>
</pin_list>
<bind>
<StgValue><ssdm name="dct_1d_dct_coeff_table_2"/><MemPortTyVec>1 </MemPortTyVec>
</StgValue>
</bind>
</comp>

<comp id="10" class="1000" name="dct_1d_dct_coeff_table_3">
<pin_list>
<pin id="11" dir="1" index="0" bw="1" slack="0"/>
</pin_list>
<bind>
<StgValue><ssdm name="dct_1d_dct_coeff_table_3"/><MemPortTyVec>1 </MemPortTyVec>
</StgValue>
</bind>
</comp>

<comp id="12" class="1000" name="dct_1d_dct_coeff_table_4">
<pin_list>
<pin id="13" dir="1" index="0" bw="1" slack="0"/>
</pin_list>
<bind>
<StgValue><ssdm name="dct_1d_dct_coeff_table_4"/><MemPortTyVec>1 </MemPortTyVec>
</StgValue>
</bind>
</comp>

<comp id="14" class="1000" name="dct_1d_dct_coeff_table_5">
<pin_list>
<pin id="15" dir="1" index="0" bw="1" slack="0"/>
</pin_list>
<bind>
<StgValue><ssdm name="dct_1d_dct_coeff_table_5"/><MemPortTyVec>1 </MemPortTyVec>
</StgValue>
</bind>
</comp>

<comp id="16" class="1000" name="dct_1d_dct_coeff_table_6">
<pin_list>
<pin id="17" dir="1" index="0" bw="1" slack="0"/>
</pin_list>
<bind>
<StgValue><ssdm name="dct_1d_dct_coeff_table_6"/><MemPortTyVec>1 </MemPortTyVec>
</StgValue>
</bind>
</comp>

<comp id="18" class="1000" name="dct_1d_dct_coeff_table_7">
<pin_list>
<pin id="19" dir="1" index="0" bw="1" slack="0"/>
</pin_list>
<bind>
<StgValue><ssdm name="dct_1d_dct_coeff_table_7"/><MemPortTyVec>1 </MemPortTyVec>
</StgValue>
</bind>
</comp>

<comp id="20" class="1001" name="const_20">
<pin_list>
<pin id="21" dir="1" index="0" bw="1" slack="0"/>
</pin_list>
<bind>
<StgValue><ssdm name=""/></StgValue>
</bind>
</comp>

<comp id="22" class="1001" name="const_22">
<pin_list>
<pin id="23" dir="1" index="0" bw="1" slack="0"/>
</pin_list>
<bind>
<StgValue><ssdm name=""/></StgValue>
</bind>
</comp>

<comp id="24" class="1001" name="const_24">
<pin_list>
<pin id="25" dir="1" index="0" bw="1" slack="0"/>
</pin_list>
<bind>
<StgValue><ssdm name=""/></StgValue>
</bind>
</comp>

<comp id="26" class="1001" name="const_26">
<pin_list>
<pin id="27" dir="1" index="0" bw="1" slack="0"/>
</pin_list>
<bind>
<StgValue><ssdm name=""/></StgValue>
</bind>
</comp>

<comp id="28" class="1001" name="const_28">
<pin_list>
<pin id="29" dir="1" index="0" bw="1" slack="0"/>
</pin_list>
<bind>
<StgValue><ssdm name=""/></StgValue>
</bind>
</comp>

<comp id="30" class="1001" name="const_30">
<pin_list>
<pin id="31" dir="1" index="0" bw="1" slack="0"/>
</pin_list>
<bind>
<StgValue><ssdm name=""/></StgValue>
</bind>
</comp>

<comp id="32" class="1001" name="const_32">
<pin_list>
<pin id="33" dir="1" index="0" bw="1" slack="0"/>
</pin_list>
<bind>
<StgValue><ssdm name=""/></StgValue>
</bind>
</comp>

<comp id="34" class="1001" name="const_34">
<pin_list>
<pin id="35" dir="1" index="0" bw="1" slack="0"/>
</pin_list>
<bind>
<StgValue><ssdm name="_ssdm_op_BitConcatenate.i6.i3.i3"/></StgValue>
</bind>
</comp>

<comp id="36" class="1001" name="const_36">
<pin_list>
<pin id="37" dir="1" index="0" bw="1" slack="0"/>
</pin_list>
<bind>
<StgValue><ssdm name=""/></StgValue>
</bind>
</comp>

<comp id="38" class="1001" name="const_38">
<pin_list>
<pin id="39" dir="1" index="0" bw="1" slack="0"/>
</pin_list>
<bind>
<StgValue><ssdm name=""/></StgValue>
</bind>
</comp>

<comp id="40" class="1001" name="const_40">
<pin_list>
<pin id="41" dir="1" index="0" bw="1" slack="0"/>
</pin_list>
<bind>
<StgValue><ssdm name=""/></StgValue>
</bind>
</comp>

<comp id="42" class="1001" name="const_42">
<pin_list>
<pin id="43" dir="1" index="0" bw="1" slack="0"/>
</pin_list>
<bind>
<StgValue><ssdm name=""/></StgValue>
</bind>
</comp>

<comp id="44" class="1001" name="const_44">
<pin_list>
<pin id="45" dir="1" index="0" bw="1" slack="0"/>
</pin_list>
<bind>
<StgValue><ssdm name=""/></StgValue>
</bind>
</comp>

<comp id="46" class="1001" name="const_46">
<pin_list>
<pin id="47" dir="1" index="0" bw="1" slack="0"/>
</pin_list>
<bind>
<StgValue><ssdm name=""/></StgValue>
</bind>
</comp>

<comp id="48" class="1001" name="const_48">
<pin_list>
<pin id="49" dir="1" index="0" bw="1" slack="0"/>
</pin_list>
<bind>
<StgValue><ssdm name=""/></StgValue>
</bind>
</comp>

<comp id="50" class="1001" name="const_50">
<pin_list>
<pin id="51" dir="1" index="0" bw="1" slack="0"/>
</pin_list>
<bind>
<StgValue><ssdm name=""/></StgValue>
</bind>
</comp>

<comp id="52" class="1001" name="const_52">
<pin_list>
<pin id="53" dir="1" index="0" bw="1" slack="0"/>
</pin_list>
<bind>
<StgValue><ssdm name=""/></StgValue>
</bind>
</comp>

<comp id="54" class="1001" name="const_54">
<pin_list>
<pin id="55" dir="1" index="0" bw="1" slack="0"/>
</pin_list>
<bind>
<StgValue><ssdm name=""/></StgValue>
</bind>
</comp>

<comp id="56" class="1001" name="const_56">
<pin_list>
<pin id="57" dir="1" index="0" bw="1" slack="2147483647"/>
</pin_list>
<bind>
<StgValue><ssdm name="_ssdm_op_SpecLoopName"/></StgValue>
</bind>
</comp>

<comp id="58" class="1001" name="const_58">
<pin_list>
<pin id="59" dir="1" index="0" bw="1" slack="2147483647"/>
</pin_list>
<bind>
<StgValue><ssdm name="Col_DCT_Loop_DCT_Outer_Loop_str"/></StgValue>
</bind>
</comp>

<comp id="60" class="1001" name="const_60">
<pin_list>
<pin id="61" dir="1" index="0" bw="1" slack="2147483647"/>
</pin_list>
<bind>
<StgValue><ssdm name="_ssdm_op_SpecLoopTripCount"/></StgValue>
</bind>
</comp>

<comp id="62" class="1001" name="const_62">
<pin_list>
<pin id="63" dir="1" index="0" bw="1" slack="2147483647"/>
</pin_list>
<bind>
<StgValue><ssdm name=""/></StgValue>
</bind>
</comp>

<comp id="64" class="1001" name="const_64">
<pin_list>
<pin id="65" dir="1" index="0" bw="1" slack="2147483647"/>
</pin_list>
<bind>
<StgValue><ssdm name="_ssdm_op_SpecPipeline"/></StgValue>
</bind>
</comp>

<comp id="66" class="1001" name="const_66">
<pin_list>
<pin id="67" dir="1" index="0" bw="1" slack="2147483647"/>
</pin_list>
<bind>
<StgValue><ssdm name=""/></StgValue>
</bind>
</comp>

<comp id="68" class="1001" name="const_68">
<pin_list>
<pin id="69" dir="1" index="0" bw="1" slack="2147483647"/>
</pin_list>
<bind>
<StgValue><ssdm name=""/></StgValue>
</bind>
</comp>

<comp id="70" class="1001" name="const_70">
<pin_list>
<pin id="71" dir="1" index="0" bw="1" slack="2147483647"/>
</pin_list>
<bind>
<StgValue><ssdm name="empty_0"/></StgValue>
</bind>
</comp>

<comp id="72" class="1001" name="const_72">
<pin_list>
<pin id="73" dir="1" index="0" bw="1" slack="0"/>
</pin_list>
<bind>
<StgValue><ssdm name="_ssdm_op_PartSelect.i16.i29.i32.i32"/></StgValue>
</bind>
</comp>

<comp id="74" class="1001" name="const_74">
<pin_list>
<pin id="75" dir="1" index="0" bw="1" slack="0"/>
</pin_list>
<bind>
<StgValue><ssdm name=""/></StgValue>
</bind>
</comp>

<comp id="76" class="1001" name="const_76">
<pin_list>
<pin id="77" dir="1" index="0" bw="1" slack="0"/>
</pin_list>
<bind>
<StgValue><ssdm name=""/></StgValue>
</bind>
</comp>

<comp id="78" class="1004" name="k_fu_78">
<pin_list>
<pin id="79" dir="0" index="0" bw="1" slack="0"/>
<pin id="80" dir="1" index="1" bw="4" slack="0"/>
</pin_list>
<bind>
<opcode="alloca(26) " fcode="alloca"/>
<opset="k/1 "/>
</bind>
</comp>

<comp id="82" class="1004" name="i_2_fu_82">
<pin_list>
<pin id="83" dir="0" index="0" bw="1" slack="0"/>
<pin id="84" dir="1" index="1" bw="4" slack="0"/>
</pin_list>
<bind>
<opcode="alloca(26) " fcode="alloca"/>
<opset="i_2/1 "/>
</bind>
</comp>

<comp id="86" class="1004" name="indvar_flatten6_fu_86">
<pin_list>
<pin id="87" dir="0" index="0" bw="1" slack="0"/>
<pin id="88" dir="1" index="1" bw="7" slack="0"/>
</pin_list>
<bind>
<opcode="alloca(26) " fcode="alloca"/>
<opset="indvar_flatten6/1 "/>
</bind>
</comp>

<comp id="90" class="1004" name="col_inbuf_addr_gep_fu_90">
<pin_list>
<pin id="91" dir="0" index="0" bw="16" slack="0"/>
<pin id="92" dir="0" index="1" bw="1" slack="0"/>
<pin id="93" dir="0" index="2" bw="6" slack="0"/>
<pin id="94" dir="1" index="3" bw="6" slack="0"/>
</pin_list>
<bind>
<opcode="getelementptr(29) " fcode="getelementptr"/>
<opset="col_inbuf_addr/1 "/>
</bind>
</comp>

<comp id="97" class="1004" name="col_inbuf_addr_1_gep_fu_97">
<pin_list>
<pin id="98" dir="0" index="0" bw="16" slack="0"/>
<pin id="99" dir="0" index="1" bw="1" slack="0"/>
<pin id="100" dir="0" index="2" bw="6" slack="0"/>
<pin id="101" dir="1" index="3" bw="6" slack="0"/>
</pin_list>
<bind>
<opcode="getelementptr(29) " fcode="getelementptr"/>
<opset="col_inbuf_addr_1/1 "/>
</bind>
</comp>

<comp id="104" class="1004" name="col_inbuf_addr_2_gep_fu_104">
<pin_list>
<pin id="105" dir="0" index="0" bw="16" slack="0"/>
<pin id="106" dir="0" index="1" bw="1" slack="0"/>
<pin id="107" dir="0" index="2" bw="6" slack="0"/>
<pin id="108" dir="1" index="3" bw="6" slack="0"/>
</pin_list>
<bind>
<opcode="getelementptr(29) " fcode="getelementptr"/>
<opset="col_inbuf_addr_2/1 "/>
</bind>
</comp>

<comp id="111" class="1004" name="col_inbuf_addr_3_gep_fu_111">
<pin_list>
<pin id="112" dir="0" index="0" bw="16" slack="0"/>
<pin id="113" dir="0" index="1" bw="1" slack="0"/>
<pin id="114" dir="0" index="2" bw="6" slack="0"/>
<pin id="115" dir="1" index="3" bw="6" slack="0"/>
</pin_list>
<bind>
<opcode="getelementptr(29) " fcode="getelementptr"/>
<opset="col_inbuf_addr_3/1 "/>
</bind>
</comp>

<comp id="118" class="1004" name="col_inbuf_addr_4_gep_fu_118">
<pin_list>
<pin id="119" dir="0" index="0" bw="16" slack="0"/>
<pin id="120" dir="0" index="1" bw="1" slack="0"/>
<pin id="121" dir="0" index="2" bw="6" slack="0"/>
<pin id="122" dir="1" index="3" bw="6" slack="0"/>
</pin_list>
<bind>
<opcode="getelementptr(29) " fcode="getelementptr"/>
<opset="col_inbuf_addr_4/1 "/>
</bind>
</comp>

<comp id="125" class="1004" name="col_inbuf_addr_5_gep_fu_125">
<pin_list>
<pin id="126" dir="0" index="0" bw="16" slack="0"/>
<pin id="127" dir="0" index="1" bw="1" slack="0"/>
<pin id="128" dir="0" index="2" bw="6" slack="0"/>
<pin id="129" dir="1" index="3" bw="6" slack="0"/>
</pin_list>
<bind>
<opcode="getelementptr(29) " fcode="getelementptr"/>
<opset="col_inbuf_addr_5/1 "/>
</bind>
</comp>

<comp id="132" class="1004" name="col_inbuf_addr_6_gep_fu_132">
<pin_list>
<pin id="133" dir="0" index="0" bw="16" slack="0"/>
<pin id="134" dir="0" index="1" bw="1" slack="0"/>
<pin id="135" dir="0" index="2" bw="6" slack="0"/>
<pin id="136" dir="1" index="3" bw="6" slack="0"/>
</pin_list>
<bind>
<opcode="getelementptr(29) " fcode="getelementptr"/>
<opset="col_inbuf_addr_6/1 "/>
</bind>
</comp>

<comp id="139" class="1004" name="col_inbuf_addr_7_gep_fu_139">
<pin_list>
<pin id="140" dir="0" index="0" bw="16" slack="0"/>
<pin id="141" dir="0" index="1" bw="1" slack="0"/>
<pin id="142" dir="0" index="2" bw="6" slack="0"/>
<pin id="143" dir="1" index="3" bw="6" slack="0"/>
</pin_list>
<bind>
<opcode="getelementptr(29) " fcode="getelementptr"/>
<opset="col_inbuf_addr_7/1 "/>
</bind>
</comp>

<comp id="146" class="1004" name="grp_access_fu_146">
<pin_list>
<pin id="147" dir="0" index="0" bw="6" slack="0"/>
<pin id="148" dir="0" index="1" bw="16" slack="2147483647"/>
<pin id="149" dir="0" index="2" bw="0" slack="0"/>
<pin id="151" dir="0" index="4" bw="6" slack="2147483647"/>
<pin id="152" dir="0" index="5" bw="16" slack="0"/>
<pin id="153" dir="0" index="6" bw="0" slack="2147483647"/>
<pin id="155" dir="0" index="8" bw="6" slack="0"/>
<pin id="156" dir="0" index="9" bw="16" slack="2147483647"/>
<pin id="157" dir="0" index="10" bw="0" slack="0"/>
<pin id="159" dir="0" index="12" bw="6" slack="2147483647"/>
<pin id="160" dir="0" index="13" bw="16" slack="0"/>
<pin id="161" dir="0" index="14" bw="0" slack="2147483647"/>
<pin id="163" dir="0" index="16" bw="6" slack="0"/>
<pin id="164" dir="0" index="17" bw="16" slack="2147483647"/>
<pin id="165" dir="0" index="18" bw="0" slack="0"/>
<pin id="167" dir="0" index="20" bw="6" slack="2147483647"/>
<pin id="168" dir="0" index="21" bw="16" slack="2147483647"/>
<pin id="169" dir="0" index="22" bw="0" slack="2147483647"/>
<pin id="171" dir="0" index="24" bw="6" slack="2147483647"/>
<pin id="172" dir="0" index="25" bw="16" slack="2147483647"/>
<pin id="173" dir="0" index="26" bw="0" slack="2147483647"/>
<pin id="175" dir="0" index="28" bw="6" slack="2147483647"/>
<pin id="176" dir="0" index="29" bw="16" slack="2147483647"/>
<pin id="177" dir="0" index="30" bw="0" slack="2147483647"/>
<pin id="150" dir="1" index="3" bw="16" slack="0"/>
<pin id="154" dir="1" index="7" bw="16" slack="1"/>
<pin id="158" dir="1" index="11" bw="16" slack="0"/>
<pin id="162" dir="1" index="15" bw="16" slack="1"/>
<pin id="166" dir="1" index="19" bw="16" slack="0"/>
<pin id="170" dir="1" index="23" bw="16" slack="1"/>
<pin id="174" dir="1" index="27" bw="16" slack="0"/>
<pin id="178" dir="1" index="31" bw="16" slack="1"/>
</pin_list>
<bind>
<opcode="load(27) " fcode="load"/>
<opset="col_inbuf_load/1 col_inbuf_load_1/1 col_inbuf_load_2/1 col_inbuf_load_3/1 col_inbuf_load_4/1 col_inbuf_load_5/1 col_inbuf_load_6/1 col_inbuf_load_7/1 "/>
</bind>
</comp>

<comp id="187" class="1004" name="dct_1d_dct_coeff_table_0_addr_gep_fu_187">
<pin_list>
<pin id="188" dir="0" index="0" bw="14" slack="0"/>
<pin id="189" dir="0" index="1" bw="1" slack="0"/>
<pin id="190" dir="0" index="2" bw="4" slack="0"/>
<pin id="191" dir="1" index="3" bw="3" slack="0"/>
</pin_list>
<bind>
<opcode="getelementptr(29) " fcode="getelementptr"/>
<opset="dct_1d_dct_coeff_table_0_addr/1 "/>
</bind>
</comp>

<comp id="194" class="1004" name="grp_access_fu_194">
<pin_list>
<pin id="195" dir="0" index="0" bw="3" slack="0"/>
<pin id="196" dir="0" index="1" bw="14" slack="2147483647"/>
<pin id="197" dir="0" index="2" bw="0" slack="2147483647"/>
<pin id="198" dir="1" index="3" bw="14" slack="1"/>
</pin_list>
<bind>
<opcode="load(27) " fcode="load"/>
<opset="coeff/1 "/>
</bind>
</comp>

<comp id="200" class="1004" name="dct_1d_dct_coeff_table_1_addr_gep_fu_200">
<pin_list>
<pin id="201" dir="0" index="0" bw="15" slack="0"/>
<pin id="202" dir="0" index="1" bw="1" slack="0"/>
<pin id="203" dir="0" index="2" bw="4" slack="0"/>
<pin id="204" dir="1" index="3" bw="3" slack="0"/>
</pin_list>
<bind>
<opcode="getelementptr(29) " fcode="getelementptr"/>
<opset="dct_1d_dct_coeff_table_1_addr/1 "/>
</bind>
</comp>

<comp id="207" class="1004" name="grp_access_fu_207">
<pin_list>
<pin id="208" dir="0" index="0" bw="3" slack="0"/>
<pin id="209" dir="0" index="1" bw="15" slack="2147483647"/>
<pin id="210" dir="0" index="2" bw="0" slack="2147483647"/>
<pin id="211" dir="1" index="3" bw="15" slack="0"/>
</pin_list>
<bind>
<opcode="load(27) " fcode="load"/>
<opset="coeff_8/1 "/>
</bind>
</comp>

<comp id="213" class="1004" name="dct_1d_dct_coeff_table_2_addr_gep_fu_213">
<pin_list>
<pin id="214" dir="0" index="0" bw="15" slack="0"/>
<pin id="215" dir="0" index="1" bw="1" slack="0"/>
<pin id="216" dir="0" index="2" bw="4" slack="0"/>
<pin id="217" dir="1" index="3" bw="3" slack="0"/>
</pin_list>
<bind>
<opcode="getelementptr(29) " fcode="getelementptr"/>
<opset="dct_1d_dct_coeff_table_2_addr/1 "/>
</bind>
</comp>

<comp id="220" class="1004" name="grp_access_fu_220">
<pin_list>
<pin id="221" dir="0" index="0" bw="3" slack="0"/>
<pin id="222" dir="0" index="1" bw="15" slack="2147483647"/>
<pin id="223" dir="0" index="2" bw="0" slack="2147483647"/>
<pin id="224" dir="1" index="3" bw="15" slack="1"/>
</pin_list>
<bind>
<opcode="load(27) " fcode="load"/>
<opset="coeff_9/1 "/>
</bind>
</comp>

<comp id="226" class="1004" name="dct_1d_dct_coeff_table_3_addr_gep_fu_226">
<pin_list>
<pin id="227" dir="0" index="0" bw="15" slack="0"/>
<pin id="228" dir="0" index="1" bw="1" slack="0"/>
<pin id="229" dir="0" index="2" bw="4" slack="0"/>
<pin id="230" dir="1" index="3" bw="3" slack="0"/>
</pin_list>
<bind>
<opcode="getelementptr(29) " fcode="getelementptr"/>
<opset="dct_1d_dct_coeff_table_3_addr/1 "/>
</bind>
</comp>

<comp id="233" class="1004" name="grp_access_fu_233">
<pin_list>
<pin id="234" dir="0" index="0" bw="3" slack="0"/>
<pin id="235" dir="0" index="1" bw="15" slack="2147483647"/>
<pin id="236" dir="0" index="2" bw="0" slack="2147483647"/>
<pin id="237" dir="1" index="3" bw="15" slack="0"/>
</pin_list>
<bind>
<opcode="load(27) " fcode="load"/>
<opset="coeff_10/1 "/>
</bind>
</comp>

<comp id="239" class="1004" name="dct_1d_dct_coeff_table_4_addr_gep_fu_239">
<pin_list>
<pin id="240" dir="0" index="0" bw="15" slack="0"/>
<pin id="241" dir="0" index="1" bw="1" slack="0"/>
<pin id="242" dir="0" index="2" bw="4" slack="0"/>
<pin id="243" dir="1" index="3" bw="3" slack="0"/>
</pin_list>
<bind>
<opcode="getelementptr(29) " fcode="getelementptr"/>
<opset="dct_1d_dct_coeff_table_4_addr/1 "/>
</bind>
</comp>

<comp id="246" class="1004" name="grp_access_fu_246">
<pin_list>
<pin id="247" dir="0" index="0" bw="3" slack="0"/>
<pin id="248" dir="0" index="1" bw="15" slack="2147483647"/>
<pin id="249" dir="0" index="2" bw="0" slack="2147483647"/>
<pin id="250" dir="1" index="3" bw="15" slack="1"/>
</pin_list>
<bind>
<opcode="load(27) " fcode="load"/>
<opset="coeff_11/1 "/>
</bind>
</comp>

<comp id="252" class="1004" name="dct_1d_dct_coeff_table_5_addr_gep_fu_252">
<pin_list>
<pin id="253" dir="0" index="0" bw="15" slack="0"/>
<pin id="254" dir="0" index="1" bw="1" slack="0"/>
<pin id="255" dir="0" index="2" bw="4" slack="0"/>
<pin id="256" dir="1" index="3" bw="3" slack="0"/>
</pin_list>
<bind>
<opcode="getelementptr(29) " fcode="getelementptr"/>
<opset="dct_1d_dct_coeff_table_5_addr/1 "/>
</bind>
</comp>

<comp id="259" class="1004" name="grp_access_fu_259">
<pin_list>
<pin id="260" dir="0" index="0" bw="3" slack="0"/>
<pin id="261" dir="0" index="1" bw="15" slack="2147483647"/>
<pin id="262" dir="0" index="2" bw="0" slack="2147483647"/>
<pin id="263" dir="1" index="3" bw="15" slack="0"/>
</pin_list>
<bind>
<opcode="load(27) " fcode="load"/>
<opset="coeff_12/1 "/>
</bind>
</comp>

<comp id="265" class="1004" name="dct_1d_dct_coeff_table_6_addr_gep_fu_265">
<pin_list>
<pin id="266" dir="0" index="0" bw="15" slack="0"/>
<pin id="267" dir="0" index="1" bw="1" slack="0"/>
<pin id="268" dir="0" index="2" bw="4" slack="0"/>
<pin id="269" dir="1" index="3" bw="3" slack="0"/>
</pin_list>
<bind>
<opcode="getelementptr(29) " fcode="getelementptr"/>
<opset="dct_1d_dct_coeff_table_6_addr/1 "/>
</bind>
</comp>

<comp id="272" class="1004" name="grp_access_fu_272">
<pin_list>
<pin id="273" dir="0" index="0" bw="3" slack="0"/>
<pin id="274" dir="0" index="1" bw="15" slack="2147483647"/>
<pin id="275" dir="0" index="2" bw="0" slack="2147483647"/>
<pin id="276" dir="1" index="3" bw="15" slack="1"/>
</pin_list>
<bind>
<opcode="load(27) " fcode="load"/>
<opset="coeff_13/1 "/>
</bind>
</comp>

<comp id="278" class="1004" name="dct_1d_dct_coeff_table_7_addr_gep_fu_278">
<pin_list>
<pin id="279" dir="0" index="0" bw="15" slack="0"/>
<pin id="280" dir="0" index="1" bw="1" slack="0"/>
<pin id="281" dir="0" index="2" bw="4" slack="0"/>
<pin id="282" dir="1" index="3" bw="3" slack="0"/>
</pin_list>
<bind>
<opcode="getelementptr(29) " fcode="getelementptr"/>
<opset="dct_1d_dct_coeff_table_7_addr/1 "/>
</bind>
</comp>

<comp id="285" class="1004" name="grp_access_fu_285">
<pin_list>
<pin id="286" dir="0" index="0" bw="3" slack="0"/>
<pin id="287" dir="0" index="1" bw="15" slack="2147483647"/>
<pin id="288" dir="0" index="2" bw="0" slack="2147483647"/>
<pin id="289" dir="1" index="3" bw="15" slack="0"/>
</pin_list>
<bind>
<opcode="load(27) " fcode="load"/>
<opset="coeff_14/1 "/>
</bind>
</comp>

<comp id="291" class="1004" name="col_outbuf_addr_gep_fu_291">
<pin_list>
<pin id="292" dir="0" index="0" bw="16" slack="0"/>
<pin id="293" dir="0" index="1" bw="1" slack="0"/>
<pin id="294" dir="0" index="2" bw="6" slack="0"/>
<pin id="295" dir="1" index="3" bw="6" slack="0"/>
</pin_list>
<bind>
<opcode="getelementptr(29) " fcode="getelementptr"/>
<opset="col_outbuf_addr/7 "/>
</bind>
</comp>

<comp id="298" class="1004" name="store_ln47_access_fu_298">
<pin_list>
<pin id="299" dir="0" index="0" bw="6" slack="0"/>
<pin id="300" dir="0" index="1" bw="16" slack="0"/>
<pin id="301" dir="0" index="2" bw="0" slack="2147483647"/>
<pin id="302" dir="1" index="3" bw="16" slack="2147483647"/>
</pin_list>
<bind>
<opcode="store(28) " fcode="store"/>
<opset="store_ln47/7 "/>
</bind>
</comp>

<comp id="304" class="1004" name="store_ln0_store_fu_304">
<pin_list>
<pin id="305" dir="0" index="0" bw="1" slack="0"/>
<pin id="306" dir="0" index="1" bw="7" slack="0"/>
<pin id="307" dir="1" index="2" bw="0" slack="2147483647"/>
</pin_list>
<bind>
<opcode="store(28) " fcode="store"/>
<opset="store_ln0/1 "/>
</bind>
</comp>

<comp id="309" class="1004" name="store_ln56_store_fu_309">
<pin_list>
<pin id="310" dir="0" index="0" bw="1" slack="0"/>
<pin id="311" dir="0" index="1" bw="4" slack="0"/>
<pin id="312" dir="1" index="2" bw="0" slack="2147483647"/>
</pin_list>
<bind>
<opcode="store(28) " fcode="store"/>
<opset="store_ln56/1 "/>
</bind>
</comp>

<comp id="314" class="1004" name="store_ln32_store_fu_314">
<pin_list>
<pin id="315" dir="0" index="0" bw="1" slack="0"/>
<pin id="316" dir="0" index="1" bw="4" slack="0"/>
<pin id="317" dir="1" index="2" bw="0" slack="2147483647"/>
</pin_list>
<bind>
<opcode="store(28) " fcode="store"/>
<opset="store_ln32/1 "/>
</bind>
</comp>

<comp id="319" class="1004" name="i_load_fu_319">
<pin_list>
<pin id="320" dir="0" index="0" bw="4" slack="0"/>
<pin id="321" dir="1" index="1" bw="4" slack="0"/>
</pin_list>
<bind>
<opcode="load(27) " fcode="load"/>
<opset="i/1 "/>
</bind>
</comp>

<comp id="322" class="1004" name="indvar_flatten6_load_load_fu_322">
<pin_list>
<pin id="323" dir="0" index="0" bw="7" slack="0"/>
<pin id="324" dir="1" index="1" bw="7" slack="0"/>
</pin_list>
<bind>
<opcode="load(27) " fcode="load"/>
<opset="indvar_flatten6_load/1 "/>
</bind>
</comp>

<comp id="325" class="1004" name="icmp_ln76_fu_325">
<pin_list>
<pin id="326" dir="0" index="0" bw="7" slack="0"/>
<pin id="327" dir="0" index="1" bw="7" slack="0"/>
<pin id="328" dir="1" index="2" bw="1" slack="5"/>
</pin_list>
<bind>
<opcode="icmp(45) " fcode="icmp"/>
<opset="icmp_ln76/1 "/>
</bind>
</comp>

<comp id="331" class="1004" name="add_ln76_1_fu_331">
<pin_list>
<pin id="332" dir="0" index="0" bw="7" slack="0"/>
<pin id="333" dir="0" index="1" bw="1" slack="0"/>
<pin id="334" dir="1" index="2" bw="7" slack="0"/>
</pin_list>
<bind>
<opcode="add(8) " fcode="add"/>
<opset="add_ln76_1/1 "/>
</bind>
</comp>

<comp id="337" class="1004" name="k_load_load_fu_337">
<pin_list>
<pin id="338" dir="0" index="0" bw="4" slack="0"/>
<pin id="339" dir="1" index="1" bw="4" slack="0"/>
</pin_list>
<bind>
<opcode="load(27) " fcode="load"/>
<opset="k_load/1 "/>
</bind>
</comp>

<comp id="340" class="1004" name="add_ln76_fu_340">
<pin_list>
<pin id="341" dir="0" index="0" bw="4" slack="0"/>
<pin id="342" dir="0" index="1" bw="1" slack="0"/>
<pin id="343" dir="1" index="2" bw="4" slack="0"/>
</pin_list>
<bind>
<opcode="add(8) " fcode="add"/>
<opset="add_ln76/1 "/>
</bind>
</comp>

<comp id="346" class="1004" name="icmp_ln39_fu_346">
<pin_list>
<pin id="347" dir="0" index="0" bw="4" slack="0"/>
<pin id="348" dir="0" index="1" bw="4" slack="0"/>
<pin id="349" dir="1" index="2" bw="1" slack="0"/>
</pin_list>
<bind>
<opcode="icmp(45) " fcode="icmp"/>
<opset="icmp_ln39/1 "/>
</bind>
</comp>

<comp id="352" class="1004" name="select_ln56_fu_352">
<pin_list>
<pin id="353" dir="0" index="0" bw="1" slack="0"/>
<pin id="354" dir="0" index="1" bw="1" slack="0"/>
<pin id="355" dir="0" index="2" bw="4" slack="0"/>
<pin id="356" dir="1" index="3" bw="4" slack="0"/>
</pin_list>
<bind>
<opcode="select(49) " fcode="select"/>
<opset="select_ln56/1 "/>
</bind>
</comp>

<comp id="360" class="1004" name="select_ln76_fu_360">
<pin_list>
<pin id="361" dir="0" index="0" bw="1" slack="0"/>
<pin id="362" dir="0" index="1" bw="4" slack="0"/>
<pin id="363" dir="0" index="2" bw="4" slack="0"/>
<pin id="364" dir="1" index="3" bw="4" slack="0"/>
</pin_list>
<bind>
<opcode="select(49) " fcode="select"/>
<opset="select_ln76/1 "/>
</bind>
</comp>

<comp id="368" class="1004" name="trunc_ln47_fu_368">
<pin_list>
<pin id="369" dir="0" index="0" bw="4" slack="0"/>
<pin id="370" dir="1" index="1" bw="3" slack="0"/>
</pin_list>
<bind>
<opcode="trunc(33) " fcode="trunc"/>
<opset="trunc_ln47/1 "/>
</bind>
</comp>

<comp id="372" class="1004" name="tmp_4_fu_372">
<pin_list>
<pin id="373" dir="0" index="0" bw="6" slack="0"/>
<pin id="374" dir="0" index="1" bw="3" slack="0"/>
<pin id="375" dir="0" index="2" bw="1" slack="0"/>
<pin id="376" dir="1" index="3" bw="6" slack="0"/>
</pin_list>
<bind>
<opcode="bitconcatenate(1004) " fcode="bitconcatenate"/>
<opset="tmp_4/1 "/>
</bind>
</comp>

<comp id="380" class="1004" name="zext_ln47_fu_380">
<pin_list>
<pin id="381" dir="0" index="0" bw="6" slack="0"/>
<pin id="382" dir="1" index="1" bw="64" slack="0"/>
</pin_list>
<bind>
<opcode="zext(34) " fcode="zext"/>
<opset="zext_ln47/1 "/>
</bind>
</comp>

<comp id="385" class="1004" name="tmp_5_fu_385">
<pin_list>
<pin id="386" dir="0" index="0" bw="6" slack="0"/>
<pin id="387" dir="0" index="1" bw="3" slack="0"/>
<pin id="388" dir="0" index="2" bw="1" slack="0"/>
<pin id="389" dir="1" index="3" bw="6" slack="0"/>
</pin_list>
<bind>
<opcode="bitconcatenate(1004) " fcode="bitconcatenate"/>
<opset="tmp_5/1 "/>
</bind>
</comp>

<comp id="393" class="1004" name="zext_ln45_fu_393">
<pin_list>
<pin id="394" dir="0" index="0" bw="6" slack="0"/>
<pin id="395" dir="1" index="1" bw="64" slack="0"/>
</pin_list>
<bind>
<opcode="zext(34) " fcode="zext"/>
<opset="zext_ln45/1 "/>
</bind>
</comp>

<comp id="398" class="1004" name="tmp_6_fu_398">
<pin_list>
<pin id="399" dir="0" index="0" bw="6" slack="0"/>
<pin id="400" dir="0" index="1" bw="3" slack="0"/>
<pin id="401" dir="0" index="2" bw="3" slack="0"/>
<pin id="402" dir="1" index="3" bw="6" slack="0"/>
</pin_list>
<bind>
<opcode="bitconcatenate(1004) " fcode="bitconcatenate"/>
<opset="tmp_6/1 "/>
</bind>
</comp>

<comp id="406" class="1004" name="zext_ln45_1_fu_406">
<pin_list>
<pin id="407" dir="0" index="0" bw="6" slack="0"/>
<pin id="408" dir="1" index="1" bw="64" slack="0"/>
</pin_list>
<bind>
<opcode="zext(34) " fcode="zext"/>
<opset="zext_ln45_1/1 "/>
</bind>
</comp>

<comp id="411" class="1004" name="tmp_7_fu_411">
<pin_list>
<pin id="412" dir="0" index="0" bw="6" slack="0"/>
<pin id="413" dir="0" index="1" bw="3" slack="0"/>
<pin id="414" dir="0" index="2" bw="3" slack="0"/>
<pin id="415" dir="1" index="3" bw="6" slack="0"/>
</pin_list>
<bind>
<opcode="bitconcatenate(1004) " fcode="bitconcatenate"/>
<opset="tmp_7/1 "/>
</bind>
</comp>

<comp id="419" class="1004" name="zext_ln45_2_fu_419">
<pin_list>
<pin id="420" dir="0" index="0" bw="6" slack="0"/>
<pin id="421" dir="1" index="1" bw="64" slack="0"/>
</pin_list>
<bind>
<opcode="zext(34) " fcode="zext"/>
<opset="zext_ln45_2/1 "/>
</bind>
</comp>

<comp id="424" class="1004" name="tmp_8_fu_424">
<pin_list>
<pin id="425" dir="0" index="0" bw="6" slack="0"/>
<pin id="426" dir="0" index="1" bw="3" slack="0"/>
<pin id="427" dir="0" index="2" bw="3" slack="0"/>
<pin id="428" dir="1" index="3" bw="6" slack="0"/>
</pin_list>
<bind>
<opcode="bitconcatenate(1004) " fcode="bitconcatenate"/>
<opset="tmp_8/1 "/>
</bind>
</comp>

<comp id="432" class="1004" name="zext_ln45_3_fu_432">
<pin_list>
<pin id="433" dir="0" index="0" bw="6" slack="0"/>
<pin id="434" dir="1" index="1" bw="64" slack="0"/>
</pin_list>
<bind>
<opcode="zext(34) " fcode="zext"/>
<opset="zext_ln45_3/1 "/>
</bind>
</comp>

<comp id="437" class="1004" name="tmp_9_fu_437">
<pin_list>
<pin id="438" dir="0" index="0" bw="6" slack="0"/>
<pin id="439" dir="0" index="1" bw="3" slack="0"/>
<pin id="440" dir="0" index="2" bw="3" slack="0"/>
<pin id="441" dir="1" index="3" bw="6" slack="0"/>
</pin_list>
<bind>
<opcode="bitconcatenate(1004) " fcode="bitconcatenate"/>
<opset="tmp_9/1 "/>
</bind>
</comp>

<comp id="445" class="1004" name="zext_ln45_4_fu_445">
<pin_list>
<pin id="446" dir="0" index="0" bw="6" slack="0"/>
<pin id="447" dir="1" index="1" bw="64" slack="0"/>
</pin_list>
<bind>
<opcode="zext(34) " fcode="zext"/>
<opset="zext_ln45_4/1 "/>
</bind>
</comp>

<comp id="450" class="1004" name="tmp_s_fu_450">
<pin_list>
<pin id="451" dir="0" index="0" bw="6" slack="0"/>
<pin id="452" dir="0" index="1" bw="3" slack="0"/>
<pin id="453" dir="0" index="2" bw="2" slack="0"/>
<pin id="454" dir="1" index="3" bw="6" slack="0"/>
</pin_list>
<bind>
<opcode="bitconcatenate(1004) " fcode="bitconcatenate"/>
<opset="tmp_s/1 "/>
</bind>
</comp>

<comp id="458" class="1004" name="zext_ln45_5_fu_458">
<pin_list>
<pin id="459" dir="0" index="0" bw="6" slack="0"/>
<pin id="460" dir="1" index="1" bw="64" slack="0"/>
</pin_list>
<bind>
<opcode="zext(34) " fcode="zext"/>
<opset="zext_ln45_5/1 "/>
</bind>
</comp>

<comp id="463" class="1004" name="tmp_10_fu_463">
<pin_list>
<pin id="464" dir="0" index="0" bw="6" slack="0"/>
<pin id="465" dir="0" index="1" bw="3" slack="0"/>
<pin id="466" dir="0" index="2" bw="1" slack="0"/>
<pin id="467" dir="1" index="3" bw="6" slack="0"/>
</pin_list>
<bind>
<opcode="bitconcatenate(1004) " fcode="bitconcatenate"/>
<opset="tmp_10/1 "/>
</bind>
</comp>

<comp id="471" class="1004" name="zext_ln45_6_fu_471">
<pin_list>
<pin id="472" dir="0" index="0" bw="6" slack="0"/>
<pin id="473" dir="1" index="1" bw="64" slack="0"/>
</pin_list>
<bind>
<opcode="zext(34) " fcode="zext"/>
<opset="zext_ln45_6/1 "/>
</bind>
</comp>

<comp id="476" class="1004" name="zext_ln39_fu_476">
<pin_list>
<pin id="477" dir="0" index="0" bw="4" slack="0"/>
<pin id="478" dir="1" index="1" bw="64" slack="0"/>
</pin_list>
<bind>
<opcode="zext(34) " fcode="zext"/>
<opset="zext_ln39/1 "/>
</bind>
</comp>

<comp id="488" class="1004" name="zext_ln47_3_fu_488">
<pin_list>
<pin id="489" dir="0" index="0" bw="4" slack="0"/>
<pin id="490" dir="1" index="1" bw="6" slack="0"/>
</pin_list>
<bind>
<opcode="zext(34) " fcode="zext"/>
<opset="zext_ln47_3/1 "/>
</bind>
</comp>

<comp id="492" class="1004" name="add_ln47_fu_492">
<pin_list>
<pin id="493" dir="0" index="0" bw="6" slack="0"/>
<pin id="494" dir="0" index="1" bw="4" slack="0"/>
<pin id="495" dir="1" index="2" bw="6" slack="6"/>
</pin_list>
<bind>
<opcode="add(8) " fcode="add"/>
<opset="add_ln47/1 "/>
</bind>
</comp>

<comp id="498" class="1004" name="add_ln39_fu_498">
<pin_list>
<pin id="499" dir="0" index="0" bw="4" slack="0"/>
<pin id="500" dir="0" index="1" bw="1" slack="0"/>
<pin id="501" dir="1" index="2" bw="4" slack="0"/>
</pin_list>
<bind>
<opcode="add(8) " fcode="add"/>
<opset="add_ln39/1 "/>
</bind>
</comp>

<comp id="504" class="1004" name="store_ln76_store_fu_504">
<pin_list>
<pin id="505" dir="0" index="0" bw="7" slack="0"/>
<pin id="506" dir="0" index="1" bw="7" slack="0"/>
<pin id="507" dir="1" index="2" bw="0" slack="2147483647"/>
</pin_list>
<bind>
<opcode="store(28) " fcode="store"/>
<opset="store_ln76/1 "/>
</bind>
</comp>

<comp id="509" class="1004" name="store_ln56_store_fu_509">
<pin_list>
<pin id="510" dir="0" index="0" bw="4" slack="0"/>
<pin id="511" dir="0" index="1" bw="4" slack="0"/>
<pin id="512" dir="1" index="2" bw="0" slack="2147483647"/>
</pin_list>
<bind>
<opcode="store(28) " fcode="store"/>
<opset="store_ln56/1 "/>
</bind>
</comp>

<comp id="514" class="1004" name="store_ln32_store_fu_514">
<pin_list>
<pin id="515" dir="0" index="0" bw="4" slack="0"/>
<pin id="516" dir="0" index="1" bw="4" slack="0"/>
<pin id="517" dir="1" index="2" bw="0" slack="2147483647"/>
</pin_list>
<bind>
<opcode="store(28) " fcode="store"/>
<opset="store_ln32/1 "/>
</bind>
</comp>

<comp id="519" class="1004" name="sext_ln47_15_fu_519">
<pin_list>
<pin id="520" dir="0" index="0" bw="16" slack="0"/>
<pin id="521" dir="1" index="1" bw="29" slack="0"/>
</pin_list>
<bind>
<opcode="sext(35) " fcode="sext"/>
<opset="sext_ln47_15/2 "/>
</bind>
</comp>

<comp id="523" class="1004" name="sext_ln47_17_fu_523">
<pin_list>
<pin id="524" dir="0" index="0" bw="16" slack="0"/>
<pin id="525" dir="1" index="1" bw="29" slack="0"/>
</pin_list>
<bind>
<opcode="sext(35) " fcode="sext"/>
<opset="sext_ln47_17/2 "/>
</bind>
</comp>

<comp id="527" class="1004" name="sext_ln47_19_fu_527">
<pin_list>
<pin id="528" dir="0" index="0" bw="16" slack="0"/>
<pin id="529" dir="1" index="1" bw="29" slack="0"/>
</pin_list>
<bind>
<opcode="sext(35) " fcode="sext"/>
<opset="sext_ln47_19/2 "/>
</bind>
</comp>

<comp id="531" class="1004" name="sext_ln47_21_fu_531">
<pin_list>
<pin id="532" dir="0" index="0" bw="16" slack="0"/>
<pin id="533" dir="1" index="1" bw="29" slack="0"/>
</pin_list>
<bind>
<opcode="sext(35) " fcode="sext"/>
<opset="sext_ln47_21/2 "/>
</bind>
</comp>

<comp id="535" class="1004" name="sext_ln47_22_fu_535">
<pin_list>
<pin id="536" dir="0" index="0" bw="15" slack="0"/>
<pin id="537" dir="1" index="1" bw="29" slack="0"/>
</pin_list>
<bind>
<opcode="sext(35) " fcode="sext"/>
<opset="sext_ln47_22/2 "/>
</bind>
</comp>

<comp id="539" class="1004" name="sext_ln47_24_fu_539">
<pin_list>
<pin id="540" dir="0" index="0" bw="15" slack="0"/>
<pin id="541" dir="1" index="1" bw="29" slack="0"/>
</pin_list>
<bind>
<opcode="sext(35) " fcode="sext"/>
<opset="sext_ln47_24/2 "/>
</bind>
</comp>

<comp id="543" class="1004" name="sext_ln47_26_fu_543">
<pin_list>
<pin id="544" dir="0" index="0" bw="15" slack="0"/>
<pin id="545" dir="1" index="1" bw="29" slack="0"/>
</pin_list>
<bind>
<opcode="sext(35) " fcode="sext"/>
<opset="sext_ln47_26/2 "/>
</bind>
</comp>

<comp id="547" class="1004" name="sext_ln47_28_fu_547">
<pin_list>
<pin id="548" dir="0" index="0" bw="15" slack="0"/>
<pin id="549" dir="1" index="1" bw="29" slack="0"/>
</pin_list>
<bind>
<opcode="sext(35) " fcode="sext"/>
<opset="sext_ln47_28/2 "/>
</bind>
</comp>

<comp id="551" class="1004" name="sext_ln47_fu_551">
<pin_list>
<pin id="552" dir="0" index="0" bw="16" slack="1"/>
<pin id="553" dir="1" index="1" bw="29" slack="0"/>
</pin_list>
<bind>
<opcode="sext(35) " fcode="sext"/>
<opset="sext_ln47/3 "/>
</bind>
</comp>

<comp id="554" class="1004" name="sext_ln47_16_fu_554">
<pin_list>
<pin id="555" dir="0" index="0" bw="16" slack="1"/>
<pin id="556" dir="1" index="1" bw="29" slack="0"/>
</pin_list>
<bind>
<opcode="sext(35) " fcode="sext"/>
<opset="sext_ln47_16/3 "/>
</bind>
</comp>

<comp id="557" class="1004" name="sext_ln47_18_fu_557">
<pin_list>
<pin id="558" dir="0" index="0" bw="16" slack="1"/>
<pin id="559" dir="1" index="1" bw="29" slack="0"/>
</pin_list>
<bind>
<opcode="sext(35) " fcode="sext"/>
<opset="sext_ln47_18/3 "/>
</bind>
</comp>

<comp id="560" class="1004" name="sext_ln47_20_fu_560">
<pin_list>
<pin id="561" dir="0" index="0" bw="16" slack="1"/>
<pin id="562" dir="1" index="1" bw="29" slack="0"/>
</pin_list>
<bind>
<opcode="sext(35) " fcode="sext"/>
<opset="sext_ln47_20/3 "/>
</bind>
</comp>

<comp id="563" class="1004" name="zext_ln47_1_fu_563">
<pin_list>
<pin id="564" dir="0" index="0" bw="14" slack="1"/>
<pin id="565" dir="1" index="1" bw="29" slack="0"/>
</pin_list>
<bind>
<opcode="zext(34) " fcode="zext"/>
<opset="zext_ln47_1/3 "/>
</bind>
</comp>

<comp id="566" class="1004" name="sext_ln47_23_fu_566">
<pin_list>
<pin id="567" dir="0" index="0" bw="15" slack="1"/>
<pin id="568" dir="1" index="1" bw="29" slack="0"/>
</pin_list>
<bind>
<opcode="sext(35) " fcode="sext"/>
<opset="sext_ln47_23/3 "/>
</bind>
</comp>

<comp id="569" class="1004" name="sext_ln47_25_fu_569">
<pin_list>
<pin id="570" dir="0" index="0" bw="15" slack="1"/>
<pin id="571" dir="1" index="1" bw="29" slack="0"/>
</pin_list>
<bind>
<opcode="sext(35) " fcode="sext"/>
<opset="sext_ln47_25/3 "/>
</bind>
</comp>

<comp id="572" class="1004" name="sext_ln47_27_fu_572">
<pin_list>
<pin id="573" dir="0" index="0" bw="15" slack="1"/>
<pin id="574" dir="1" index="1" bw="29" slack="0"/>
</pin_list>
<bind>
<opcode="sext(35) " fcode="sext"/>
<opset="sext_ln47_27/3 "/>
</bind>
</comp>

<comp id="575" class="1004" name="mul_ln47_11_fu_575">
<pin_list>
<pin id="576" dir="0" index="0" bw="15" slack="0"/>
<pin id="577" dir="0" index="1" bw="16" slack="0"/>
<pin id="578" dir="1" index="2" bw="29" slack="1"/>
</pin_list>
<bind>
<opcode="mul(12) " fcode="mul"/>
<opset="mul_ln47_11/3 "/>
</bind>
</comp>

<comp id="581" class="1004" name="mul_ln47_13_fu_581">
<pin_list>
<pin id="582" dir="0" index="0" bw="15" slack="0"/>
<pin id="583" dir="0" index="1" bw="16" slack="0"/>
<pin id="584" dir="1" index="2" bw="29" slack="1"/>
</pin_list>
<bind>
<opcode="mul(12) " fcode="mul"/>
<opset="mul_ln47_13/3 "/>
</bind>
</comp>

<comp id="587" class="1004" name="mul_ln47_14_fu_587">
<pin_list>
<pin id="588" dir="0" index="0" bw="14" slack="0"/>
<pin id="589" dir="0" index="1" bw="16" slack="0"/>
<pin id="590" dir="1" index="2" bw="29" slack="1"/>
</pin_list>
<bind>
<opcode="mul(12) " fcode="mul"/>
<opset="mul_ln47_14/3 "/>
</bind>
</comp>

<comp id="593" class="1004" name="add_ln47_14_fu_593">
<pin_list>
<pin id="594" dir="0" index="0" bw="29" slack="0"/>
<pin id="595" dir="0" index="1" bw="29" slack="1"/>
<pin id="596" dir="1" index="2" bw="29" slack="1"/>
</pin_list>
<bind>
<opcode="add(8) " fcode="add"/>
<opset="add_ln47_14/6 "/>
</bind>
</comp>

<comp id="597" class="1004" name="zext_ln47_4_fu_597">
<pin_list>
<pin id="598" dir="0" index="0" bw="6" slack="6"/>
<pin id="599" dir="1" index="1" bw="64" slack="0"/>
</pin_list>
<bind>
<opcode="zext(34) " fcode="zext"/>
<opset="zext_ln47_4/7 "/>
</bind>
</comp>

<comp id="601" class="1004" name="add_ln47_10_fu_601">
<pin_list>
<pin id="602" dir="0" index="0" bw="29" slack="2"/>
<pin id="603" dir="0" index="1" bw="29" slack="2"/>
<pin id="604" dir="1" index="2" bw="29" slack="0"/>
</pin_list>
<bind>
<opcode="add(8) " fcode="add"/>
<opset="add_ln47_10/7 "/>
</bind>
</comp>

<comp id="605" class="1004" name="add_ln47_15_fu_605">
<pin_list>
<pin id="606" dir="0" index="0" bw="29" slack="1"/>
<pin id="607" dir="0" index="1" bw="29" slack="0"/>
<pin id="608" dir="1" index="2" bw="29" slack="0"/>
</pin_list>
<bind>
<opcode="add(8) " fcode="add"/>
<opset="add_ln47_15/7 "/>
</bind>
</comp>

<comp id="610" class="1004" name="trunc_ln47_1_fu_610">
<pin_list>
<pin id="611" dir="0" index="0" bw="16" slack="0"/>
<pin id="612" dir="0" index="1" bw="29" slack="0"/>
<pin id="613" dir="0" index="2" bw="5" slack="0"/>
<pin id="614" dir="0" index="3" bw="6" slack="0"/>
<pin id="615" dir="1" index="4" bw="16" slack="0"/>
</pin_list>
<bind>
<opcode="partselect(1002) " fcode="partselect"/>
<opset="trunc_ln47_1/7 "/>
</bind>
</comp>

<comp id="621" class="1007" name="grp_fu_621">
<pin_list>
<pin id="622" dir="0" index="0" bw="16" slack="0"/>
<pin id="623" dir="0" index="1" bw="15" slack="0"/>
<pin id="624" dir="0" index="2" bw="29" slack="2147483647"/>
<pin id="625" dir="1" index="3" bw="29" slack="2"/>
</pin_list>
<bind>
<opcode="muladd(1172) " fcode="muladd"/>
<opset="mul_ln47/2 add_ln47_8/4 "/>
</bind>
</comp>

<comp id="628" class="1007" name="grp_fu_628">
<pin_list>
<pin id="629" dir="0" index="0" bw="16" slack="0"/>
<pin id="630" dir="0" index="1" bw="15" slack="0"/>
<pin id="631" dir="0" index="2" bw="13" slack="0"/>
<pin id="632" dir="1" index="3" bw="29" slack="0"/>
</pin_list>
<bind>
<opcode="muladd(1172) " fcode="muladd"/>
<opset="mul_ln47_8/2 add_ln47_12/4 "/>
</bind>
</comp>

<comp id="636" class="1007" name="grp_fu_636">
<pin_list>
<pin id="637" dir="0" index="0" bw="16" slack="0"/>
<pin id="638" dir="0" index="1" bw="15" slack="0"/>
<pin id="639" dir="0" index="2" bw="29" slack="2147483647"/>
<pin id="640" dir="1" index="3" bw="29" slack="1"/>
</pin_list>
<bind>
<opcode="muladd(1172) " fcode="muladd"/>
<opset="mul_ln47_10/2 add_ln47_11/4 "/>
</bind>
</comp>

<comp id="643" class="1007" name="grp_fu_643">
<pin_list>
<pin id="644" dir="0" index="0" bw="16" slack="0"/>
<pin id="645" dir="0" index="1" bw="15" slack="0"/>
<pin id="646" dir="0" index="2" bw="29" slack="2147483647"/>
<pin id="647" dir="1" index="3" bw="29" slack="2"/>
</pin_list>
<bind>
<opcode="muladd(1172) " fcode="muladd"/>
<opset="mul_ln47_12/2 add_ln47_9/4 "/>
</bind>
</comp>

<comp id="650" class="1007" name="grp_fu_650">
<pin_list>
<pin id="651" dir="0" index="0" bw="16" slack="0"/>
<pin id="652" dir="0" index="1" bw="15" slack="0"/>
<pin id="653" dir="0" index="2" bw="29" slack="0"/>
<pin id="654" dir="1" index="3" bw="29" slack="0"/>
</pin_list>
<bind>
<opcode="muladd(1172) " fcode="muladd"/>
<opset="mul_ln47_9/3 add_ln47_13/5 "/>
</bind>
</comp>

<comp id="659" class="1005" name="k_reg_659">
<pin_list>
<pin id="660" dir="0" index="0" bw="4" slack="0"/>
<pin id="661" dir="1" index="1" bw="4" slack="0"/>
</pin_list>
<bind>
<opset="k "/>
</bind>
</comp>

<comp id="666" class="1005" name="i_2_reg_666">
<pin_list>
<pin id="667" dir="0" index="0" bw="4" slack="0"/>
<pin id="668" dir="1" index="1" bw="4" slack="0"/>
</pin_list>
<bind>
<opset="i_2 "/>
</bind>
</comp>

<comp id="673" class="1005" name="indvar_flatten6_reg_673">
<pin_list>
<pin id="674" dir="0" index="0" bw="7" slack="0"/>
<pin id="675" dir="1" index="1" bw="7" slack="0"/>
</pin_list>
<bind>
<opset="indvar_flatten6 "/>
</bind>
</comp>

<comp id="680" class="1005" name="icmp_ln76_reg_680">
<pin_list>
<pin id="681" dir="0" index="0" bw="1" slack="5"/>
<pin id="682" dir="1" index="1" bw="1" slack="2147483647"/>
</pin_list>
<bind>
<opset="icmp_ln76 "/>
</bind>
</comp>

<comp id="684" class="1005" name="col_inbuf_addr_reg_684">
<pin_list>
<pin id="685" dir="0" index="0" bw="6" slack="1"/>
<pin id="686" dir="1" index="1" bw="6" slack="1"/>
</pin_list>
<bind>
<opset="col_inbuf_addr "/>
</bind>
</comp>

<comp id="689" class="1005" name="col_inbuf_addr_1_reg_689">
<pin_list>
<pin id="690" dir="0" index="0" bw="6" slack="1"/>
<pin id="691" dir="1" index="1" bw="6" slack="1"/>
</pin_list>
<bind>
<opset="col_inbuf_addr_1 "/>
</bind>
</comp>

<comp id="694" class="1005" name="col_inbuf_addr_2_reg_694">
<pin_list>
<pin id="695" dir="0" index="0" bw="6" slack="1"/>
<pin id="696" dir="1" index="1" bw="6" slack="1"/>
</pin_list>
<bind>
<opset="col_inbuf_addr_2 "/>
</bind>
</comp>

<comp id="699" class="1005" name="col_inbuf_addr_3_reg_699">
<pin_list>
<pin id="700" dir="0" index="0" bw="6" slack="1"/>
<pin id="701" dir="1" index="1" bw="6" slack="1"/>
</pin_list>
<bind>
<opset="col_inbuf_addr_3 "/>
</bind>
</comp>

<comp id="704" class="1005" name="col_inbuf_addr_4_reg_704">
<pin_list>
<pin id="705" dir="0" index="0" bw="6" slack="1"/>
<pin id="706" dir="1" index="1" bw="6" slack="1"/>
</pin_list>
<bind>
<opset="col_inbuf_addr_4 "/>
</bind>
</comp>

<comp id="709" class="1005" name="col_inbuf_addr_5_reg_709">
<pin_list>
<pin id="710" dir="0" index="0" bw="6" slack="1"/>
<pin id="711" dir="1" index="1" bw="6" slack="1"/>
</pin_list>
<bind>
<opset="col_inbuf_addr_5 "/>
</bind>
</comp>

<comp id="714" class="1005" name="col_inbuf_addr_6_reg_714">
<pin_list>
<pin id="715" dir="0" index="0" bw="6" slack="1"/>
<pin id="716" dir="1" index="1" bw="6" slack="1"/>
</pin_list>
<bind>
<opset="col_inbuf_addr_6 "/>
</bind>
</comp>

<comp id="719" class="1005" name="col_inbuf_addr_7_reg_719">
<pin_list>
<pin id="720" dir="0" index="0" bw="6" slack="1"/>
<pin id="721" dir="1" index="1" bw="6" slack="1"/>
</pin_list>
<bind>
<opset="col_inbuf_addr_7 "/>
</bind>
</comp>

<comp id="724" class="1005" name="add_ln47_reg_724">
<pin_list>
<pin id="725" dir="0" index="0" bw="6" slack="6"/>
<pin id="726" dir="1" index="1" bw="6" slack="6"/>
</pin_list>
<bind>
<opset="add_ln47 "/>
</bind>
</comp>

<comp id="729" class="1005" name="dct_1d_dct_coeff_table_0_addr_reg_729">
<pin_list>
<pin id="730" dir="0" index="0" bw="3" slack="1"/>
<pin id="731" dir="1" index="1" bw="3" slack="1"/>
</pin_list>
<bind>
<opset="dct_1d_dct_coeff_table_0_addr "/>
</bind>
</comp>

<comp id="734" class="1005" name="dct_1d_dct_coeff_table_1_addr_reg_734">
<pin_list>
<pin id="735" dir="0" index="0" bw="3" slack="1"/>
<pin id="736" dir="1" index="1" bw="3" slack="1"/>
</pin_list>
<bind>
<opset="dct_1d_dct_coeff_table_1_addr "/>
</bind>
</comp>

<comp id="739" class="1005" name="dct_1d_dct_coeff_table_2_addr_reg_739">
<pin_list>
<pin id="740" dir="0" index="0" bw="3" slack="1"/>
<pin id="741" dir="1" index="1" bw="3" slack="1"/>
</pin_list>
<bind>
<opset="dct_1d_dct_coeff_table_2_addr "/>
</bind>
</comp>

<comp id="744" class="1005" name="dct_1d_dct_coeff_table_3_addr_reg_744">
<pin_list>
<pin id="745" dir="0" index="0" bw="3" slack="1"/>
<pin id="746" dir="1" index="1" bw="3" slack="1"/>
</pin_list>
<bind>
<opset="dct_1d_dct_coeff_table_3_addr "/>
</bind>
</comp>

<comp id="749" class="1005" name="dct_1d_dct_coeff_table_4_addr_reg_749">
<pin_list>
<pin id="750" dir="0" index="0" bw="3" slack="1"/>
<pin id="751" dir="1" index="1" bw="3" slack="1"/>
</pin_list>
<bind>
<opset="dct_1d_dct_coeff_table_4_addr "/>
</bind>
</comp>

<comp id="754" class="1005" name="dct_1d_dct_coeff_table_5_addr_reg_754">
<pin_list>
<pin id="755" dir="0" index="0" bw="3" slack="1"/>
<pin id="756" dir="1" index="1" bw="3" slack="1"/>
</pin_list>
<bind>
<opset="dct_1d_dct_coeff_table_5_addr "/>
</bind>
</comp>

<comp id="759" class="1005" name="dct_1d_dct_coeff_table_6_addr_reg_759">
<pin_list>
<pin id="760" dir="0" index="0" bw="3" slack="1"/>
<pin id="761" dir="1" index="1" bw="3" slack="1"/>
</pin_list>
<bind>
<opset="dct_1d_dct_coeff_table_6_addr "/>
</bind>
</comp>

<comp id="764" class="1005" name="dct_1d_dct_coeff_table_7_addr_reg_764">
<pin_list>
<pin id="765" dir="0" index="0" bw="3" slack="1"/>
<pin id="766" dir="1" index="1" bw="3" slack="1"/>
</pin_list>
<bind>
<opset="dct_1d_dct_coeff_table_7_addr "/>
</bind>
</comp>

<comp id="769" class="1005" name="col_inbuf_load_reg_769">
<pin_list>
<pin id="770" dir="0" index="0" bw="16" slack="1"/>
<pin id="771" dir="1" index="1" bw="16" slack="1"/>
</pin_list>
<bind>
<opset="col_inbuf_load "/>
</bind>
</comp>

<comp id="774" class="1005" name="sext_ln47_15_reg_774">
<pin_list>
<pin id="775" dir="0" index="0" bw="29" slack="1"/>
<pin id="776" dir="1" index="1" bw="29" slack="1"/>
</pin_list>
<bind>
<opset="sext_ln47_15 "/>
</bind>
</comp>

<comp id="779" class="1005" name="col_inbuf_load_2_reg_779">
<pin_list>
<pin id="780" dir="0" index="0" bw="16" slack="1"/>
<pin id="781" dir="1" index="1" bw="16" slack="1"/>
</pin_list>
<bind>
<opset="col_inbuf_load_2 "/>
</bind>
</comp>

<comp id="784" class="1005" name="sext_ln47_17_reg_784">
<pin_list>
<pin id="785" dir="0" index="0" bw="29" slack="1"/>
<pin id="786" dir="1" index="1" bw="29" slack="1"/>
</pin_list>
<bind>
<opset="sext_ln47_17 "/>
</bind>
</comp>

<comp id="789" class="1005" name="col_inbuf_load_4_reg_789">
<pin_list>
<pin id="790" dir="0" index="0" bw="16" slack="1"/>
<pin id="791" dir="1" index="1" bw="16" slack="1"/>
</pin_list>
<bind>
<opset="col_inbuf_load_4 "/>
</bind>
</comp>

<comp id="794" class="1005" name="sext_ln47_19_reg_794">
<pin_list>
<pin id="795" dir="0" index="0" bw="29" slack="1"/>
<pin id="796" dir="1" index="1" bw="29" slack="1"/>
</pin_list>
<bind>
<opset="sext_ln47_19 "/>
</bind>
</comp>

<comp id="799" class="1005" name="col_inbuf_load_6_reg_799">
<pin_list>
<pin id="800" dir="0" index="0" bw="16" slack="1"/>
<pin id="801" dir="1" index="1" bw="16" slack="1"/>
</pin_list>
<bind>
<opset="col_inbuf_load_6 "/>
</bind>
</comp>

<comp id="804" class="1005" name="sext_ln47_21_reg_804">
<pin_list>
<pin id="805" dir="0" index="0" bw="29" slack="1"/>
<pin id="806" dir="1" index="1" bw="29" slack="1"/>
</pin_list>
<bind>
<opset="sext_ln47_21 "/>
</bind>
</comp>

<comp id="809" class="1005" name="coeff_reg_809">
<pin_list>
<pin id="810" dir="0" index="0" bw="14" slack="1"/>
<pin id="811" dir="1" index="1" bw="14" slack="1"/>
</pin_list>
<bind>
<opset="coeff "/>
</bind>
</comp>

<comp id="814" class="1005" name="sext_ln47_22_reg_814">
<pin_list>
<pin id="815" dir="0" index="0" bw="29" slack="1"/>
<pin id="816" dir="1" index="1" bw="29" slack="1"/>
</pin_list>
<bind>
<opset="sext_ln47_22 "/>
</bind>
</comp>

<comp id="819" class="1005" name="coeff_9_reg_819">
<pin_list>
<pin id="820" dir="0" index="0" bw="15" slack="1"/>
<pin id="821" dir="1" index="1" bw="15" slack="1"/>
</pin_list>
<bind>
<opset="coeff_9 "/>
</bind>
</comp>

<comp id="824" class="1005" name="sext_ln47_24_reg_824">
<pin_list>
<pin id="825" dir="0" index="0" bw="29" slack="1"/>
<pin id="826" dir="1" index="1" bw="29" slack="1"/>
</pin_list>
<bind>
<opset="sext_ln47_24 "/>
</bind>
</comp>

<comp id="829" class="1005" name="coeff_11_reg_829">
<pin_list>
<pin id="830" dir="0" index="0" bw="15" slack="1"/>
<pin id="831" dir="1" index="1" bw="15" slack="1"/>
</pin_list>
<bind>
<opset="coeff_11 "/>
</bind>
</comp>

<comp id="834" class="1005" name="sext_ln47_26_reg_834">
<pin_list>
<pin id="835" dir="0" index="0" bw="29" slack="1"/>
<pin id="836" dir="1" index="1" bw="29" slack="1"/>
</pin_list>
<bind>
<opset="sext_ln47_26 "/>
</bind>
</comp>

<comp id="839" class="1005" name="coeff_13_reg_839">
<pin_list>
<pin id="840" dir="0" index="0" bw="15" slack="1"/>
<pin id="841" dir="1" index="1" bw="15" slack="1"/>
</pin_list>
<bind>
<opset="coeff_13 "/>
</bind>
</comp>

<comp id="844" class="1005" name="sext_ln47_28_reg_844">
<pin_list>
<pin id="845" dir="0" index="0" bw="29" slack="1"/>
<pin id="846" dir="1" index="1" bw="29" slack="1"/>
</pin_list>
<bind>
<opset="sext_ln47_28 "/>
</bind>
</comp>

<comp id="849" class="1005" name="sext_ln47_20_reg_849">
<pin_list>
<pin id="850" dir="0" index="0" bw="29" slack="1"/>
<pin id="851" dir="1" index="1" bw="29" slack="1"/>
</pin_list>
<bind>
<opset="sext_ln47_20 "/>
</bind>
</comp>

<comp id="854" class="1005" name="sext_ln47_27_reg_854">
<pin_list>
<pin id="855" dir="0" index="0" bw="29" slack="1"/>
<pin id="856" dir="1" index="1" bw="29" slack="1"/>
</pin_list>
<bind>
<opset="sext_ln47_27 "/>
</bind>
</comp>

<comp id="859" class="1005" name="mul_ln47_11_reg_859">
<pin_list>
<pin id="860" dir="0" index="0" bw="29" slack="1"/>
<pin id="861" dir="1" index="1" bw="29" slack="1"/>
</pin_list>
<bind>
<opset="mul_ln47_11 "/>
</bind>
</comp>

<comp id="864" class="1005" name="mul_ln47_13_reg_864">
<pin_list>
<pin id="865" dir="0" index="0" bw="29" slack="1"/>
<pin id="866" dir="1" index="1" bw="29" slack="1"/>
</pin_list>
<bind>
<opset="mul_ln47_13 "/>
</bind>
</comp>

<comp id="869" class="1005" name="mul_ln47_14_reg_869">
<pin_list>
<pin id="870" dir="0" index="0" bw="29" slack="1"/>
<pin id="871" dir="1" index="1" bw="29" slack="1"/>
</pin_list>
<bind>
<opset="mul_ln47_14 "/>
</bind>
</comp>

<comp id="874" class="1005" name="add_ln47_8_reg_874">
<pin_list>
<pin id="875" dir="0" index="0" bw="29" slack="2"/>
<pin id="876" dir="1" index="1" bw="29" slack="2"/>
</pin_list>
<bind>
<opset="add_ln47_8 "/>
</bind>
</comp>

<comp id="879" class="1005" name="add_ln47_9_reg_879">
<pin_list>
<pin id="880" dir="0" index="0" bw="29" slack="2"/>
<pin id="881" dir="1" index="1" bw="29" slack="2"/>
</pin_list>
<bind>
<opset="add_ln47_9 "/>
</bind>
</comp>

<comp id="884" class="1005" name="add_ln47_11_reg_884">
<pin_list>
<pin id="885" dir="0" index="0" bw="29" slack="1"/>
<pin id="886" dir="1" index="1" bw="29" slack="1"/>
</pin_list>
<bind>
<opset="add_ln47_11 "/>
</bind>
</comp>

<comp id="889" class="1005" name="add_ln47_12_reg_889">
<pin_list>
<pin id="890" dir="0" index="0" bw="29" slack="1"/>
<pin id="891" dir="1" index="1" bw="29" slack="1"/>
</pin_list>
<bind>
<opset="add_ln47_12 "/>
</bind>
</comp>

<comp id="894" class="1005" name="add_ln47_14_reg_894">
<pin_list>
<pin id="895" dir="0" index="0" bw="29" slack="1"/>
<pin id="896" dir="1" index="1" bw="29" slack="1"/>
</pin_list>
<bind>
<opset="add_ln47_14 "/>
</bind>
</comp>

</comp_list>

<net_list>
<net id="81"><net_src comp="20" pin="0"/><net_sink comp="78" pin=0"/></net>

<net id="85"><net_src comp="20" pin="0"/><net_sink comp="82" pin=0"/></net>

<net id="89"><net_src comp="20" pin="0"/><net_sink comp="86" pin=0"/></net>

<net id="95"><net_src comp="0" pin="0"/><net_sink comp="90" pin=0"/></net>

<net id="96"><net_src comp="38" pin="0"/><net_sink comp="90" pin=1"/></net>

<net id="102"><net_src comp="0" pin="0"/><net_sink comp="97" pin=0"/></net>

<net id="103"><net_src comp="38" pin="0"/><net_sink comp="97" pin=1"/></net>

<net id="109"><net_src comp="0" pin="0"/><net_sink comp="104" pin=0"/></net>

<net id="110"><net_src comp="38" pin="0"/><net_sink comp="104" pin=1"/></net>

<net id="116"><net_src comp="0" pin="0"/><net_sink comp="111" pin=0"/></net>

<net id="117"><net_src comp="38" pin="0"/><net_sink comp="111" pin=1"/></net>

<net id="123"><net_src comp="0" pin="0"/><net_sink comp="118" pin=0"/></net>

<net id="124"><net_src comp="38" pin="0"/><net_sink comp="118" pin=1"/></net>

<net id="130"><net_src comp="0" pin="0"/><net_sink comp="125" pin=0"/></net>

<net id="131"><net_src comp="38" pin="0"/><net_sink comp="125" pin=1"/></net>

<net id="137"><net_src comp="0" pin="0"/><net_sink comp="132" pin=0"/></net>

<net id="138"><net_src comp="38" pin="0"/><net_sink comp="132" pin=1"/></net>

<net id="144"><net_src comp="0" pin="0"/><net_sink comp="139" pin=0"/></net>

<net id="145"><net_src comp="38" pin="0"/><net_sink comp="139" pin=1"/></net>

<net id="179"><net_src comp="90" pin="3"/><net_sink comp="146" pin=18"/></net>

<net id="180"><net_src comp="97" pin="3"/><net_sink comp="146" pin=16"/></net>

<net id="181"><net_src comp="104" pin="3"/><net_sink comp="146" pin=13"/></net>

<net id="182"><net_src comp="111" pin="3"/><net_sink comp="146" pin=10"/></net>

<net id="183"><net_src comp="118" pin="3"/><net_sink comp="146" pin=8"/></net>

<net id="184"><net_src comp="125" pin="3"/><net_sink comp="146" pin=5"/></net>

<net id="185"><net_src comp="132" pin="3"/><net_sink comp="146" pin=2"/></net>

<net id="186"><net_src comp="139" pin="3"/><net_sink comp="146" pin=0"/></net>

<net id="192"><net_src comp="4" pin="0"/><net_sink comp="187" pin=0"/></net>

<net id="193"><net_src comp="38" pin="0"/><net_sink comp="187" pin=1"/></net>

<net id="199"><net_src comp="187" pin="3"/><net_sink comp="194" pin=0"/></net>

<net id="205"><net_src comp="6" pin="0"/><net_sink comp="200" pin=0"/></net>

<net id="206"><net_src comp="38" pin="0"/><net_sink comp="200" pin=1"/></net>

<net id="212"><net_src comp="200" pin="3"/><net_sink comp="207" pin=0"/></net>

<net id="218"><net_src comp="8" pin="0"/><net_sink comp="213" pin=0"/></net>

<net id="219"><net_src comp="38" pin="0"/><net_sink comp="213" pin=1"/></net>

<net id="225"><net_src comp="213" pin="3"/><net_sink comp="220" pin=0"/></net>

<net id="231"><net_src comp="10" pin="0"/><net_sink comp="226" pin=0"/></net>

<net id="232"><net_src comp="38" pin="0"/><net_sink comp="226" pin=1"/></net>

<net id="238"><net_src comp="226" pin="3"/><net_sink comp="233" pin=0"/></net>

<net id="244"><net_src comp="12" pin="0"/><net_sink comp="239" pin=0"/></net>

<net id="245"><net_src comp="38" pin="0"/><net_sink comp="239" pin=1"/></net>

<net id="251"><net_src comp="239" pin="3"/><net_sink comp="246" pin=0"/></net>

<net id="257"><net_src comp="14" pin="0"/><net_sink comp="252" pin=0"/></net>

<net id="258"><net_src comp="38" pin="0"/><net_sink comp="252" pin=1"/></net>

<net id="264"><net_src comp="252" pin="3"/><net_sink comp="259" pin=0"/></net>

<net id="270"><net_src comp="16" pin="0"/><net_sink comp="265" pin=0"/></net>

<net id="271"><net_src comp="38" pin="0"/><net_sink comp="265" pin=1"/></net>

<net id="277"><net_src comp="265" pin="3"/><net_sink comp="272" pin=0"/></net>

<net id="283"><net_src comp="18" pin="0"/><net_sink comp="278" pin=0"/></net>

<net id="284"><net_src comp="38" pin="0"/><net_sink comp="278" pin=1"/></net>

<net id="290"><net_src comp="278" pin="3"/><net_sink comp="285" pin=0"/></net>

<net id="296"><net_src comp="2" pin="0"/><net_sink comp="291" pin=0"/></net>

<net id="297"><net_src comp="38" pin="0"/><net_sink comp="291" pin=1"/></net>

<net id="303"><net_src comp="291" pin="3"/><net_sink comp="298" pin=0"/></net>

<net id="308"><net_src comp="22" pin="0"/><net_sink comp="304" pin=0"/></net>

<net id="313"><net_src comp="24" pin="0"/><net_sink comp="309" pin=0"/></net>

<net id="318"><net_src comp="24" pin="0"/><net_sink comp="314" pin=0"/></net>

<net id="329"><net_src comp="322" pin="1"/><net_sink comp="325" pin=0"/></net>

<net id="330"><net_src comp="26" pin="0"/><net_sink comp="325" pin=1"/></net>

<net id="335"><net_src comp="322" pin="1"/><net_sink comp="331" pin=0"/></net>

<net id="336"><net_src comp="28" pin="0"/><net_sink comp="331" pin=1"/></net>

<net id="344"><net_src comp="319" pin="1"/><net_sink comp="340" pin=0"/></net>

<net id="345"><net_src comp="30" pin="0"/><net_sink comp="340" pin=1"/></net>

<net id="350"><net_src comp="337" pin="1"/><net_sink comp="346" pin=0"/></net>

<net id="351"><net_src comp="32" pin="0"/><net_sink comp="346" pin=1"/></net>

<net id="357"><net_src comp="346" pin="2"/><net_sink comp="352" pin=0"/></net>

<net id="358"><net_src comp="24" pin="0"/><net_sink comp="352" pin=1"/></net>

<net id="359"><net_src comp="337" pin="1"/><net_sink comp="352" pin=2"/></net>

<net id="365"><net_src comp="346" pin="2"/><net_sink comp="360" pin=0"/></net>

<net id="366"><net_src comp="340" pin="2"/><net_sink comp="360" pin=1"/></net>

<net id="367"><net_src comp="319" pin="1"/><net_sink comp="360" pin=2"/></net>

<net id="371"><net_src comp="360" pin="3"/><net_sink comp="368" pin=0"/></net>

<net id="377"><net_src comp="34" pin="0"/><net_sink comp="372" pin=0"/></net>

<net id="378"><net_src comp="368" pin="1"/><net_sink comp="372" pin=1"/></net>

<net id="379"><net_src comp="36" pin="0"/><net_sink comp="372" pin=2"/></net>

<net id="383"><net_src comp="372" pin="3"/><net_sink comp="380" pin=0"/></net>

<net id="384"><net_src comp="380" pin="1"/><net_sink comp="90" pin=2"/></net>

<net id="390"><net_src comp="34" pin="0"/><net_sink comp="385" pin=0"/></net>

<net id="391"><net_src comp="368" pin="1"/><net_sink comp="385" pin=1"/></net>

<net id="392"><net_src comp="40" pin="0"/><net_sink comp="385" pin=2"/></net>

<net id="396"><net_src comp="385" pin="3"/><net_sink comp="393" pin=0"/></net>

<net id="397"><net_src comp="393" pin="1"/><net_sink comp="97" pin=2"/></net>

<net id="403"><net_src comp="34" pin="0"/><net_sink comp="398" pin=0"/></net>

<net id="404"><net_src comp="368" pin="1"/><net_sink comp="398" pin=1"/></net>

<net id="405"><net_src comp="42" pin="0"/><net_sink comp="398" pin=2"/></net>

<net id="409"><net_src comp="398" pin="3"/><net_sink comp="406" pin=0"/></net>

<net id="410"><net_src comp="406" pin="1"/><net_sink comp="104" pin=2"/></net>

<net id="416"><net_src comp="34" pin="0"/><net_sink comp="411" pin=0"/></net>

<net id="417"><net_src comp="368" pin="1"/><net_sink comp="411" pin=1"/></net>

<net id="418"><net_src comp="44" pin="0"/><net_sink comp="411" pin=2"/></net>

<net id="422"><net_src comp="411" pin="3"/><net_sink comp="419" pin=0"/></net>

<net id="423"><net_src comp="419" pin="1"/><net_sink comp="111" pin=2"/></net>

<net id="429"><net_src comp="34" pin="0"/><net_sink comp="424" pin=0"/></net>

<net id="430"><net_src comp="368" pin="1"/><net_sink comp="424" pin=1"/></net>

<net id="431"><net_src comp="46" pin="0"/><net_sink comp="424" pin=2"/></net>

<net id="435"><net_src comp="424" pin="3"/><net_sink comp="432" pin=0"/></net>

<net id="436"><net_src comp="432" pin="1"/><net_sink comp="118" pin=2"/></net>

<net id="442"><net_src comp="34" pin="0"/><net_sink comp="437" pin=0"/></net>

<net id="443"><net_src comp="368" pin="1"/><net_sink comp="437" pin=1"/></net>

<net id="444"><net_src comp="48" pin="0"/><net_sink comp="437" pin=2"/></net>

<net id="448"><net_src comp="437" pin="3"/><net_sink comp="445" pin=0"/></net>

<net id="449"><net_src comp="445" pin="1"/><net_sink comp="125" pin=2"/></net>

<net id="455"><net_src comp="34" pin="0"/><net_sink comp="450" pin=0"/></net>

<net id="456"><net_src comp="368" pin="1"/><net_sink comp="450" pin=1"/></net>

<net id="457"><net_src comp="50" pin="0"/><net_sink comp="450" pin=2"/></net>

<net id="461"><net_src comp="450" pin="3"/><net_sink comp="458" pin=0"/></net>

<net id="462"><net_src comp="458" pin="1"/><net_sink comp="132" pin=2"/></net>

<net id="468"><net_src comp="34" pin="0"/><net_sink comp="463" pin=0"/></net>

<net id="469"><net_src comp="368" pin="1"/><net_sink comp="463" pin=1"/></net>

<net id="470"><net_src comp="52" pin="0"/><net_sink comp="463" pin=2"/></net>

<net id="474"><net_src comp="463" pin="3"/><net_sink comp="471" pin=0"/></net>

<net id="475"><net_src comp="471" pin="1"/><net_sink comp="139" pin=2"/></net>

<net id="479"><net_src comp="352" pin="3"/><net_sink comp="476" pin=0"/></net>

<net id="480"><net_src comp="476" pin="1"/><net_sink comp="187" pin=2"/></net>

<net id="481"><net_src comp="476" pin="1"/><net_sink comp="200" pin=2"/></net>

<net id="482"><net_src comp="476" pin="1"/><net_sink comp="213" pin=2"/></net>

<net id="483"><net_src comp="476" pin="1"/><net_sink comp="226" pin=2"/></net>

<net id="484"><net_src comp="476" pin="1"/><net_sink comp="239" pin=2"/></net>

<net id="485"><net_src comp="476" pin="1"/><net_sink comp="252" pin=2"/></net>

<net id="486"><net_src comp="476" pin="1"/><net_sink comp="265" pin=2"/></net>

<net id="487"><net_src comp="476" pin="1"/><net_sink comp="278" pin=2"/></net>

<net id="491"><net_src comp="352" pin="3"/><net_sink comp="488" pin=0"/></net>

<net id="496"><net_src comp="372" pin="3"/><net_sink comp="492" pin=0"/></net>

<net id="497"><net_src comp="488" pin="1"/><net_sink comp="492" pin=1"/></net>

<net id="502"><net_src comp="352" pin="3"/><net_sink comp="498" pin=0"/></net>

<net id="503"><net_src comp="30" pin="0"/><net_sink comp="498" pin=1"/></net>

<net id="508"><net_src comp="331" pin="2"/><net_sink comp="504" pin=0"/></net>

<net id="513"><net_src comp="360" pin="3"/><net_sink comp="509" pin=0"/></net>

<net id="518"><net_src comp="498" pin="2"/><net_sink comp="514" pin=0"/></net>

<net id="522"><net_src comp="146" pin="27"/><net_sink comp="519" pin=0"/></net>

<net id="526"><net_src comp="146" pin="19"/><net_sink comp="523" pin=0"/></net>

<net id="530"><net_src comp="146" pin="11"/><net_sink comp="527" pin=0"/></net>

<net id="534"><net_src comp="146" pin="3"/><net_sink comp="531" pin=0"/></net>

<net id="538"><net_src comp="207" pin="3"/><net_sink comp="535" pin=0"/></net>

<net id="542"><net_src comp="233" pin="3"/><net_sink comp="539" pin=0"/></net>

<net id="546"><net_src comp="259" pin="3"/><net_sink comp="543" pin=0"/></net>

<net id="550"><net_src comp="285" pin="3"/><net_sink comp="547" pin=0"/></net>

<net id="579"><net_src comp="569" pin="1"/><net_sink comp="575" pin=0"/></net>

<net id="580"><net_src comp="557" pin="1"/><net_sink comp="575" pin=1"/></net>

<net id="585"><net_src comp="566" pin="1"/><net_sink comp="581" pin=0"/></net>

<net id="586"><net_src comp="554" pin="1"/><net_sink comp="581" pin=1"/></net>

<net id="591"><net_src comp="563" pin="1"/><net_sink comp="587" pin=0"/></net>

<net id="592"><net_src comp="551" pin="1"/><net_sink comp="587" pin=1"/></net>

<net id="600"><net_src comp="597" pin="1"/><net_sink comp="291" pin=2"/></net>

<net id="609"><net_src comp="601" pin="2"/><net_sink comp="605" pin=1"/></net>

<net id="616"><net_src comp="72" pin="0"/><net_sink comp="610" pin=0"/></net>

<net id="617"><net_src comp="605" pin="2"/><net_sink comp="610" pin=1"/></net>

<net id="618"><net_src comp="74" pin="0"/><net_sink comp="610" pin=2"/></net>

<net id="619"><net_src comp="76" pin="0"/><net_sink comp="610" pin=3"/></net>

<net id="620"><net_src comp="610" pin="4"/><net_sink comp="298" pin=1"/></net>

<net id="626"><net_src comp="535" pin="1"/><net_sink comp="621" pin=0"/></net>

<net id="627"><net_src comp="519" pin="1"/><net_sink comp="621" pin=1"/></net>

<net id="633"><net_src comp="547" pin="1"/><net_sink comp="628" pin=0"/></net>

<net id="634"><net_src comp="531" pin="1"/><net_sink comp="628" pin=1"/></net>

<net id="635"><net_src comp="54" pin="0"/><net_sink comp="628" pin=2"/></net>

<net id="641"><net_src comp="543" pin="1"/><net_sink comp="636" pin=0"/></net>

<net id="642"><net_src comp="527" pin="1"/><net_sink comp="636" pin=1"/></net>

<net id="648"><net_src comp="539" pin="1"/><net_sink comp="643" pin=0"/></net>

<net id="649"><net_src comp="523" pin="1"/><net_sink comp="643" pin=1"/></net>

<net id="655"><net_src comp="572" pin="1"/><net_sink comp="650" pin=0"/></net>

<net id="656"><net_src comp="560" pin="1"/><net_sink comp="650" pin=1"/></net>

<net id="657"><net_src comp="628" pin="3"/><net_sink comp="650" pin=2"/></net>

<net id="658"><net_src comp="650" pin="3"/><net_sink comp="593" pin=0"/></net>

<net id="662"><net_src comp="78" pin="1"/><net_sink comp="659" pin=0"/></net>

<net id="663"><net_src comp="659" pin="1"/><net_sink comp="314" pin=1"/></net>

<net id="664"><net_src comp="659" pin="1"/><net_sink comp="337" pin=0"/></net>

<net id="665"><net_src comp="659" pin="1"/><net_sink comp="514" pin=1"/></net>

<net id="669"><net_src comp="82" pin="1"/><net_sink comp="666" pin=0"/></net>

<net id="670"><net_src comp="666" pin="1"/><net_sink comp="309" pin=1"/></net>

<net id="671"><net_src comp="666" pin="1"/><net_sink comp="319" pin=0"/></net>

<net id="672"><net_src comp="666" pin="1"/><net_sink comp="509" pin=1"/></net>

<net id="676"><net_src comp="86" pin="1"/><net_sink comp="673" pin=0"/></net>

<net id="677"><net_src comp="673" pin="1"/><net_sink comp="304" pin=1"/></net>

<net id="678"><net_src comp="673" pin="1"/><net_sink comp="322" pin=0"/></net>

<net id="679"><net_src comp="673" pin="1"/><net_sink comp="504" pin=1"/></net>

<net id="683"><net_src comp="325" pin="2"/><net_sink comp="680" pin=0"/></net>

<net id="687"><net_src comp="90" pin="3"/><net_sink comp="684" pin=0"/></net>

<net id="688"><net_src comp="684" pin="1"/><net_sink comp="146" pin=18"/></net>

<net id="692"><net_src comp="97" pin="3"/><net_sink comp="689" pin=0"/></net>

<net id="693"><net_src comp="689" pin="1"/><net_sink comp="146" pin=16"/></net>

<net id="697"><net_src comp="104" pin="3"/><net_sink comp="694" pin=0"/></net>

<net id="698"><net_src comp="694" pin="1"/><net_sink comp="146" pin=13"/></net>

<net id="702"><net_src comp="111" pin="3"/><net_sink comp="699" pin=0"/></net>

<net id="703"><net_src comp="699" pin="1"/><net_sink comp="146" pin=10"/></net>

<net id="707"><net_src comp="118" pin="3"/><net_sink comp="704" pin=0"/></net>

<net id="708"><net_src comp="704" pin="1"/><net_sink comp="146" pin=8"/></net>

<net id="712"><net_src comp="125" pin="3"/><net_sink comp="709" pin=0"/></net>

<net id="713"><net_src comp="709" pin="1"/><net_sink comp="146" pin=5"/></net>

<net id="717"><net_src comp="132" pin="3"/><net_sink comp="714" pin=0"/></net>

<net id="718"><net_src comp="714" pin="1"/><net_sink comp="146" pin=2"/></net>

<net id="722"><net_src comp="139" pin="3"/><net_sink comp="719" pin=0"/></net>

<net id="723"><net_src comp="719" pin="1"/><net_sink comp="146" pin=0"/></net>

<net id="727"><net_src comp="492" pin="2"/><net_sink comp="724" pin=0"/></net>

<net id="728"><net_src comp="724" pin="1"/><net_sink comp="597" pin=0"/></net>

<net id="732"><net_src comp="187" pin="3"/><net_sink comp="729" pin=0"/></net>

<net id="733"><net_src comp="729" pin="1"/><net_sink comp="194" pin=0"/></net>

<net id="737"><net_src comp="200" pin="3"/><net_sink comp="734" pin=0"/></net>

<net id="738"><net_src comp="734" pin="1"/><net_sink comp="207" pin=0"/></net>

<net id="742"><net_src comp="213" pin="3"/><net_sink comp="739" pin=0"/></net>

<net id="743"><net_src comp="739" pin="1"/><net_sink comp="220" pin=0"/></net>

<net id="747"><net_src comp="226" pin="3"/><net_sink comp="744" pin=0"/></net>

<net id="748"><net_src comp="744" pin="1"/><net_sink comp="233" pin=0"/></net>

<net id="752"><net_src comp="239" pin="3"/><net_sink comp="749" pin=0"/></net>

<net id="753"><net_src comp="749" pin="1"/><net_sink comp="246" pin=0"/></net>

<net id="757"><net_src comp="252" pin="3"/><net_sink comp="754" pin=0"/></net>

<net id="758"><net_src comp="754" pin="1"/><net_sink comp="259" pin=0"/></net>

<net id="762"><net_src comp="265" pin="3"/><net_sink comp="759" pin=0"/></net>

<net id="763"><net_src comp="759" pin="1"/><net_sink comp="272" pin=0"/></net>

<net id="767"><net_src comp="278" pin="3"/><net_sink comp="764" pin=0"/></net>

<net id="768"><net_src comp="764" pin="1"/><net_sink comp="285" pin=0"/></net>

<net id="772"><net_src comp="146" pin="31"/><net_sink comp="769" pin=0"/></net>

<net id="773"><net_src comp="769" pin="1"/><net_sink comp="551" pin=0"/></net>

<net id="777"><net_src comp="519" pin="1"/><net_sink comp="774" pin=0"/></net>

<net id="778"><net_src comp="774" pin="1"/><net_sink comp="621" pin=1"/></net>

<net id="782"><net_src comp="146" pin="23"/><net_sink comp="779" pin=0"/></net>

<net id="783"><net_src comp="779" pin="1"/><net_sink comp="554" pin=0"/></net>

<net id="787"><net_src comp="523" pin="1"/><net_sink comp="784" pin=0"/></net>

<net id="788"><net_src comp="784" pin="1"/><net_sink comp="643" pin=1"/></net>

<net id="792"><net_src comp="146" pin="15"/><net_sink comp="789" pin=0"/></net>

<net id="793"><net_src comp="789" pin="1"/><net_sink comp="557" pin=0"/></net>

<net id="797"><net_src comp="527" pin="1"/><net_sink comp="794" pin=0"/></net>

<net id="798"><net_src comp="794" pin="1"/><net_sink comp="636" pin=1"/></net>

<net id="802"><net_src comp="146" pin="7"/><net_sink comp="799" pin=0"/></net>

<net id="803"><net_src comp="799" pin="1"/><net_sink comp="560" pin=0"/></net>

<net id="807"><net_src comp="531" pin="1"/><net_sink comp="804" pin=0"/></net>

<net id="808"><net_src comp="804" pin="1"/><net_sink comp="628" pin=1"/></net>

<net id="812"><net_src comp="194" pin="3"/><net_sink comp="809" pin=0"/></net>

<net id="813"><net_src comp="809" pin="1"/><net_sink comp="563" pin=0"/></net>

<net id="817"><net_src comp="535" pin="1"/><net_sink comp="814" pin=0"/></net>

<net id="818"><net_src comp="814" pin="1"/><net_sink comp="621" pin=0"/></net>

<net id="822"><net_src comp="220" pin="3"/><net_sink comp="819" pin=0"/></net>

<net id="823"><net_src comp="819" pin="1"/><net_sink comp="566" pin=0"/></net>

<net id="827"><net_src comp="539" pin="1"/><net_sink comp="824" pin=0"/></net>

<net id="828"><net_src comp="824" pin="1"/><net_sink comp="643" pin=0"/></net>

<net id="832"><net_src comp="246" pin="3"/><net_sink comp="829" pin=0"/></net>

<net id="833"><net_src comp="829" pin="1"/><net_sink comp="569" pin=0"/></net>

<net id="837"><net_src comp="543" pin="1"/><net_sink comp="834" pin=0"/></net>

<net id="838"><net_src comp="834" pin="1"/><net_sink comp="636" pin=0"/></net>

<net id="842"><net_src comp="272" pin="3"/><net_sink comp="839" pin=0"/></net>

<net id="843"><net_src comp="839" pin="1"/><net_sink comp="572" pin=0"/></net>

<net id="847"><net_src comp="547" pin="1"/><net_sink comp="844" pin=0"/></net>

<net id="848"><net_src comp="844" pin="1"/><net_sink comp="628" pin=0"/></net>

<net id="852"><net_src comp="560" pin="1"/><net_sink comp="849" pin=0"/></net>

<net id="853"><net_src comp="849" pin="1"/><net_sink comp="650" pin=1"/></net>

<net id="857"><net_src comp="572" pin="1"/><net_sink comp="854" pin=0"/></net>

<net id="858"><net_src comp="854" pin="1"/><net_sink comp="650" pin=0"/></net>

<net id="862"><net_src comp="575" pin="2"/><net_sink comp="859" pin=0"/></net>

<net id="863"><net_src comp="859" pin="1"/><net_sink comp="636" pin=0"/></net>

<net id="867"><net_src comp="581" pin="2"/><net_sink comp="864" pin=0"/></net>

<net id="868"><net_src comp="864" pin="1"/><net_sink comp="643" pin=0"/></net>

<net id="872"><net_src comp="587" pin="2"/><net_sink comp="869" pin=0"/></net>

<net id="873"><net_src comp="869" pin="1"/><net_sink comp="621" pin=0"/></net>

<net id="877"><net_src comp="621" pin="3"/><net_sink comp="874" pin=0"/></net>

<net id="878"><net_src comp="874" pin="1"/><net_sink comp="601" pin=1"/></net>

<net id="882"><net_src comp="643" pin="3"/><net_sink comp="879" pin=0"/></net>

<net id="883"><net_src comp="879" pin="1"/><net_sink comp="601" pin=0"/></net>

<net id="887"><net_src comp="636" pin="3"/><net_sink comp="884" pin=0"/></net>

<net id="888"><net_src comp="884" pin="1"/><net_sink comp="593" pin=1"/></net>

<net id="892"><net_src comp="628" pin="3"/><net_sink comp="889" pin=0"/></net>

<net id="893"><net_src comp="889" pin="1"/><net_sink comp="650" pin=0"/></net>

<net id="897"><net_src comp="593" pin="2"/><net_sink comp="894" pin=0"/></net>

<net id="898"><net_src comp="894" pin="1"/><net_sink comp="605" pin=0"/></net>

</net_list>

</model> 
---------------- Datapath Model END ------------------

* FSMD analyzer results:
  - Output states:
	Port: col_outbuf | {7 }
 - Input state : 
	Port: dct_Pipeline_Col_DCT_Loop_DCT_Outer_Loop : col_inbuf | {1 2 }
	Port: dct_Pipeline_Col_DCT_Loop_DCT_Outer_Loop : dct_1d_dct_coeff_table_0 | {1 2 }
	Port: dct_Pipeline_Col_DCT_Loop_DCT_Outer_Loop : dct_1d_dct_coeff_table_1 | {1 2 }
	Port: dct_Pipeline_Col_DCT_Loop_DCT_Outer_Loop : dct_1d_dct_coeff_table_2 | {1 2 }
	Port: dct_Pipeline_Col_DCT_Loop_DCT_Outer_Loop : dct_1d_dct_coeff_table_3 | {1 2 }
	Port: dct_Pipeline_Col_DCT_Loop_DCT_Outer_Loop : dct_1d_dct_coeff_table_4 | {1 2 }
	Port: dct_Pipeline_Col_DCT_Loop_DCT_Outer_Loop : dct_1d_dct_coeff_table_5 | {1 2 }
	Port: dct_Pipeline_Col_DCT_Loop_DCT_Outer_Loop : dct_1d_dct_coeff_table_6 | {1 2 }
	Port: dct_Pipeline_Col_DCT_Loop_DCT_Outer_Loop : dct_1d_dct_coeff_table_7 | {1 2 }
  - Chain level:
	State 1
		store_ln0 : 1
		store_ln56 : 1
		store_ln32 : 1
		i : 1
		indvar_flatten6_load : 1
		icmp_ln76 : 2
		add_ln76_1 : 2
		br_ln76 : 3
		k_load : 1
		add_ln76 : 2
		icmp_ln39 : 2
		select_ln56 : 3
		select_ln76 : 3
		trunc_ln47 : 4
		tmp_4 : 5
		zext_ln47 : 6
		col_inbuf_addr : 7
		tmp_5 : 5
		zext_ln45 : 6
		col_inbuf_addr_1 : 7
		tmp_6 : 5
		zext_ln45_1 : 6
		col_inbuf_addr_2 : 7
		tmp_7 : 5
		zext_ln45_2 : 6
		col_inbuf_addr_3 : 7
		tmp_8 : 5
		zext_ln45_3 : 6
		col_inbuf_addr_4 : 7
		tmp_9 : 5
		zext_ln45_4 : 6
		col_inbuf_addr_5 : 7
		tmp_s : 5
		zext_ln45_5 : 6
		col_inbuf_addr_6 : 7
		tmp_10 : 5
		zext_ln45_6 : 6
		col_inbuf_addr_7 : 7
		col_inbuf_load : 8
		col_inbuf_load_1 : 8
		col_inbuf_load_2 : 8
		col_inbuf_load_3 : 8
		col_inbuf_load_4 : 8
		col_inbuf_load_5 : 8
		col_inbuf_load_6 : 8
		col_inbuf_load_7 : 8
		zext_ln39 : 4
		zext_ln47_3 : 4
		add_ln47 : 6
		dct_1d_dct_coeff_table_0_addr : 5
		coeff : 6
		dct_1d_dct_coeff_table_1_addr : 5
		coeff_8 : 6
		dct_1d_dct_coeff_table_2_addr : 5
		coeff_9 : 6
		dct_1d_dct_coeff_table_3_addr : 5
		coeff_10 : 6
		dct_1d_dct_coeff_table_4_addr : 5
		coeff_11 : 6
		dct_1d_dct_coeff_table_5_addr : 5
		coeff_12 : 6
		dct_1d_dct_coeff_table_6_addr : 5
		coeff_13 : 6
		dct_1d_dct_coeff_table_7_addr : 5
		coeff_14 : 6
		add_ln39 : 4
		store_ln76 : 3
		store_ln56 : 4
		store_ln32 : 5
	State 2
		sext_ln47_15 : 1
		sext_ln47_17 : 1
		sext_ln47_19 : 1
		sext_ln47_21 : 1
		sext_ln47_22 : 1
		sext_ln47_24 : 1
		sext_ln47_26 : 1
		sext_ln47_28 : 1
		mul_ln47 : 2
		mul_ln47_8 : 2
		mul_ln47_10 : 2
		mul_ln47_12 : 2
	State 3
		mul_ln47_9 : 1
		mul_ln47_11 : 1
		mul_ln47_13 : 1
		mul_ln47_14 : 1
	State 4
		add_ln47_8 : 1
		add_ln47_9 : 1
		add_ln47_11 : 1
		add_ln47_12 : 1
	State 5
		add_ln47_13 : 1
	State 6
		add_ln47_14 : 1
	State 7
		col_outbuf_addr : 1
		add_ln47_15 : 1
		trunc_ln47_1 : 2
		store_ln47 : 3


============================================================
+ Verbose Summary: Datapath Resource usage 
============================================================

* Functional unit list:
|----------|---------------------|---------|---------|---------|
| Operation|   Functional Unit   |   DSP   |    FF   |   LUT   |
|----------|---------------------|---------|---------|---------|
|          |  add_ln76_1_fu_331  |    0    |    0    |    14   |
|          |   add_ln76_fu_340   |    0    |    0    |    13   |
|          |   add_ln47_fu_492   |    0    |    0    |    14   |
|    add   |   add_ln39_fu_498   |    0    |    0    |    13   |
|          |  add_ln47_14_fu_593 |    0    |    0    |    36   |
|          |  add_ln47_10_fu_601 |    0    |    0    |    29   |
|          |  add_ln47_15_fu_605 |    0    |    0    |    29   |
|----------|---------------------|---------|---------|---------|
|   icmp   |   icmp_ln76_fu_325  |    0    |    0    |    14   |
|          |   icmp_ln39_fu_346  |    0    |    0    |    13   |
|----------|---------------------|---------|---------|---------|
|          |  mul_ln47_11_fu_575 |    1    |    0    |    6    |
|    mul   |  mul_ln47_13_fu_581 |    1    |    0    |    6    |
|          |  mul_ln47_14_fu_587 |    1    |    0    |    6    |
|----------|---------------------|---------|---------|---------|
|  select  |  select_ln56_fu_352 |    0    |    0    |    4    |
|          |  select_ln76_fu_360 |    0    |    0    |    4    |
|----------|---------------------|---------|---------|---------|
|          |      grp_fu_621     |    1    |    0    |    0    |
|          |      grp_fu_628     |    1    |    0    |    0    |
|  muladd  |      grp_fu_636     |    1    |    0    |    0    |
|          |      grp_fu_643     |    1    |    0    |    0    |
|          |      grp_fu_650     |    1    |    0    |    0    |
|----------|---------------------|---------|---------|---------|
|   trunc  |  trunc_ln47_fu_368  |    0    |    0    |    0    |
|----------|---------------------|---------|---------|---------|
|          |     tmp_4_fu_372    |    0    |    0    |    0    |
|          |     tmp_5_fu_385    |    0    |    0    |    0    |
|          |     tmp_6_fu_398    |    0    |    0    |    0    |
|bitconcatenate|     tmp_7_fu_411    |    0    |    0    |    0    |
|          |     tmp_8_fu_424    |    0    |    0    |    0    |
|          |     tmp_9_fu_437    |    0    |    0    |    0    |
|          |     tmp_s_fu_450    |    0    |    0    |    0    |
|          |    tmp_10_fu_463    |    0    |    0    |    0    |
|----------|---------------------|---------|---------|---------|
|          |   zext_ln47_fu_380  |    0    |    0    |    0    |
|          |   zext_ln45_fu_393  |    0    |    0    |    0    |
|          |  zext_ln45_1_fu_406 |    0    |    0    |    0    |
|          |  zext_ln45_2_fu_419 |    0    |    0    |    0    |
|          |  zext_ln45_3_fu_432 |    0    |    0    |    0    |
|   zext   |  zext_ln45_4_fu_445 |    0    |    0    |    0    |
|          |  zext_ln45_5_fu_458 |    0    |    0    |    0    |
|          |  zext_ln45_6_fu_471 |    0    |    0    |    0    |
|          |   zext_ln39_fu_476  |    0    |    0    |    0    |
|          |  zext_ln47_3_fu_488 |    0    |    0    |    0    |
|          |  zext_ln47_1_fu_563 |    0    |    0    |    0    |
|          |  zext_ln47_4_fu_597 |    0    |    0    |    0    |
|----------|---------------------|---------|---------|---------|
|          | sext_ln47_15_fu_519 |    0    |    0    |    0    |
|          | sext_ln47_17_fu_523 |    0    |    0    |    0    |
|          | sext_ln47_19_fu_527 |    0    |    0    |    0    |
|          | sext_ln47_21_fu_531 |    0    |    0    |    0    |
|          | sext_ln47_22_fu_535 |    0    |    0    |    0    |
|          | sext_ln47_24_fu_539 |    0    |    0    |    0    |
|          | sext_ln47_26_fu_543 |    0    |    0    |    0    |
|   sext   | sext_ln47_28_fu_547 |    0    |    0    |    0    |
|          |   sext_ln47_fu_551  |    0    |    0    |    0    |
|          | sext_ln47_16_fu_554 |    0    |    0    |    0    |
|          | sext_ln47_18_fu_557 |    0    |    0    |    0    |
|          | sext_ln47_20_fu_560 |    0    |    0    |    0    |
|          | sext_ln47_23_fu_566 |    0    |    0    |    0    |
|          | sext_ln47_25_fu_569 |    0    |    0    |    0    |
|          | sext_ln47_27_fu_572 |    0    |    0    |    0    |
|----------|---------------------|---------|---------|---------|
|partselect| trunc_ln47_1_fu_610 |    0    |    0    |    0    |
|----------|---------------------|---------|---------|---------|
|   Total  |                     |    8    |    0    |   201   |
|----------|---------------------|---------|---------|---------|

Memories:
N/A

* Register list:
+-------------------------------------+--------+
|                                     |   FF   |
+-------------------------------------+--------+
|         add_ln47_11_reg_884         |   29   |
|         add_ln47_12_reg_889         |   29   |
|         add_ln47_14_reg_894         |   29   |
|          add_ln47_8_reg_874         |   29   |
|          add_ln47_9_reg_879         |   29   |
|           add_ln47_reg_724          |    6   |
|           coeff_11_reg_829          |   15   |
|           coeff_13_reg_839          |   15   |
|           coeff_9_reg_819           |   15   |
|            coeff_reg_809            |   14   |
|       col_inbuf_addr_1_reg_689      |    6   |
|       col_inbuf_addr_2_reg_694      |    6   |
|       col_inbuf_addr_3_reg_699      |    6   |
|       col_inbuf_addr_4_reg_704      |    6   |
|       col_inbuf_addr_5_reg_709      |    6   |
|       col_inbuf_addr_6_reg_714      |    6   |
|       col_inbuf_addr_7_reg_719      |    6   |
|        col_inbuf_addr_reg_684       |    6   |
|       col_inbuf_load_2_reg_779      |   16   |
|       col_inbuf_load_4_reg_789      |   16   |
|       col_inbuf_load_6_reg_799      |   16   |
|        col_inbuf_load_reg_769       |   16   |
|dct_1d_dct_coeff_table_0_addr_reg_729|    3   |
|dct_1d_dct_coeff_table_1_addr_reg_734|    3   |
|dct_1d_dct_coeff_table_2_addr_reg_739|    3   |
|dct_1d_dct_coeff_table_3_addr_reg_744|    3   |
|dct_1d_dct_coeff_table_4_addr_reg_749|    3   |
|dct_1d_dct_coeff_table_5_addr_reg_754|    3   |
|dct_1d_dct_coeff_table_6_addr_reg_759|    3   |
|dct_1d_dct_coeff_table_7_addr_reg_764|    3   |
|             i_2_reg_666             |    4   |
|          icmp_ln76_reg_680          |    1   |
|       indvar_flatten6_reg_673       |    7   |
|              k_reg_659              |    4   |
|         mul_ln47_11_reg_859         |   29   |
|         mul_ln47_13_reg_864         |   29   |
|         mul_ln47_14_reg_869         |   29   |
|         sext_ln47_15_reg_774        |   29   |
|         sext_ln47_17_reg_784        |   29   |
|         sext_ln47_19_reg_794        |   29   |
|         sext_ln47_20_reg_849        |   29   |
|         sext_ln47_21_reg_804        |   29   |
|         sext_ln47_22_reg_814        |   29   |
|         sext_ln47_24_reg_824        |   29   |
|         sext_ln47_26_reg_834        |   29   |
|         sext_ln47_27_reg_854        |   29   |
|         sext_ln47_28_reg_844        |   29   |
+-------------------------------------+--------+
|                Total                |   739  |
+-------------------------------------+--------+

* Multiplexer (MUX) list: 
|-------------------|------|------|------|--------||---------||---------||---------|
|        Comp       |  Pin | Size |  BW  | S x BW ||  Delay  ||    FF   ||   LUT   |
|-------------------|------|------|------|--------||---------||---------||---------|
| grp_access_fu_146 |  p0  |   2  |   6  |   12   ||    0    ||    9    |
| grp_access_fu_146 |  p2  |   2  |   0  |    0   ||    0    ||    9    |
| grp_access_fu_146 |  p5  |   2  |  16  |   32   ||    0    ||    9    |
| grp_access_fu_146 |  p8  |   2  |   6  |   12   ||    0    ||    9    |
| grp_access_fu_146 |  p10 |   2  |   0  |    0   ||    0    ||    9    |
| grp_access_fu_146 |  p13 |   2  |  16  |   32   ||    0    ||    9    |
| grp_access_fu_146 |  p16 |   2  |   6  |   12   ||    0    ||    9    |
| grp_access_fu_146 |  p18 |   2  |   0  |    0   ||    0    ||    9    |
| grp_access_fu_194 |  p0  |   2  |   3  |    6   ||    0    ||    9    |
| grp_access_fu_207 |  p0  |   2  |   3  |    6   ||    0    ||    9    |
| grp_access_fu_220 |  p0  |   2  |   3  |    6   ||    0    ||    9    |
| grp_access_fu_233 |  p0  |   2  |   3  |    6   ||    0    ||    9    |
| grp_access_fu_246 |  p0  |   2  |   3  |    6   ||    0    ||    9    |
| grp_access_fu_259 |  p0  |   2  |   3  |    6   ||    0    ||    9    |
| grp_access_fu_272 |  p0  |   2  |   3  |    6   ||    0    ||    9    |
| grp_access_fu_285 |  p0  |   2  |   3  |    6   ||    0    ||    9    |
|     grp_fu_621    |  p0  |   3  |  16  |   48   ||    0    ||    13   |
|     grp_fu_621    |  p1  |   2  |  15  |   30   ||    0    ||    9    |
|     grp_fu_628    |  p0  |   2  |  16  |   32   ||    0    ||    9    |
|     grp_fu_628    |  p1  |   2  |  15  |   30   ||    0    ||    9    |
|     grp_fu_636    |  p0  |   3  |  16  |   48   ||    0    ||    13   |
|     grp_fu_636    |  p1  |   2  |  15  |   30   ||    0    ||    9    |
|     grp_fu_643    |  p0  |   3  |  16  |   48   ||    0    ||    13   |
|     grp_fu_643    |  p1  |   2  |  15  |   30   ||    0    ||    9    |
|     grp_fu_650    |  p0  |   3  |  16  |   48   ||    0    ||    13   |
|     grp_fu_650    |  p1  |   2  |  15  |   30   ||    0    ||    9    |
|-------------------|------|------|------|--------||---------||---------||---------|
|       Total       |      |      |      |   522  || 34.5249 ||    0    ||   250   |
|-------------------|------|------|------|--------||---------||---------||---------|



* Summary:
+-----------+--------+--------+--------+--------+
|           |   DSP  |  Delay |   FF   |   LUT  |
+-----------+--------+--------+--------+--------+
|  Function |    8   |    -   |    0   |   201  |
|   Memory  |    -   |    -   |    -   |    -   |
|Multiplexer|    -   |   34   |    0   |   250  |
|  Register |    -   |    -   |   739  |    -   |
+-----------+--------+--------+--------+--------+
|   Total   |    8   |   34   |   739  |   451  |
+-----------+--------+--------+--------+--------+
