Execute       source -notrace -encoding utf-8 D:/movies/2025.2/Vitis/tps/tcl/tcl8.6/clock.tcl 
Execute         source -encoding utf-8 D:/movies/2025.2/Vitis/tps/tcl/tcl8/8.5/msgcat-1.6.1.tm 
Execute           source D:/movies/2025.2/Vitis/tps/tcl/tcllib2.0/0compatibility/pkgIndex.tcl 
Execute           source D:/movies/2025.2/Vitis/tps/tcl/tcllib2.0/amazon-s3/pkgIndex.tcl 
Execute           source D:/movies/2025.2/Vitis/tps/tcl/tcllib2.0/asn/pkgIndex.tcl 
Execute           source D:/movies/2025.2/Vitis/tps/tcl/tcllib2.0/base32/pkgIndex.tcl 
Execute           source D:/movies/2025.2/Vitis/tps/tcl/tcllib2.0/base64/pkgIndex.tcl 
Execute           source D:/movies/2025.2/Vitis/tps/tcl/tcllib2.0/bee/pkgIndex.tcl 
Execute           source D:/movies/2025.2/Vitis/tps/tcl/tcllib2.0/bench/pkgIndex.tcl 
Execute           source D:/movies/2025.2/Vitis/tps/tcl/tcllib2.0/bibtex/pkgIndex.tcl 
Execute           source D:/movies/2025.2/Vitis/tps/tcl/tcllib2.0/cache/pkgIndex.tcl 
Execute           source D:/movies/2025.2/Vitis/tps/tcl/tcllib2.0/clay/pkgIndex.tcl 
Execute           source D:/movies/2025.2/Vitis/tps/tcl/tcllib2.0/clock/pkgIndex.tcl 
Execute           source D:/movies/2025.2/Vitis/tps/tcl/tcllib2.0/cmdline/pkgIndex.tcl 
Execute           source D:/movies/2025.2/Vitis/tps/tcl/tcllib2.0/comm/pkgIndex.tcl 
Execute           source D:/movies/2025.2/Vitis/tps/tcl/tcllib2.0/control/pkgIndex.tcl 
Execute           source D:/movies/2025.2/Vitis/tps/tcl/tcllib2.0/coroutine/pkgIndex.tcl 
Execute           source D:/movies/2025.2/Vitis/tps/tcl/tcllib2.0/counter/pkgIndex.tcl 
Execute           source D:/movies/2025.2/Vitis/tps/tcl/tcllib2.0/crc/pkgIndex.tcl 
Execute           source D:/movies/2025.2/Vitis/tps/tcl/tcllib2.0/cron/pkgIndex.tcl 
Execute           source D:/movies/2025.2/Vitis/tps/tcl/tcllib2.0/csv/pkgIndex.tcl 
Execute           source D:/movies/2025.2/Vitis/tps/tcl/tcllib2.0/debug/pkgIndex.tcl 
Execute           source D:/movies/2025.2/Vitis/tps/tcl/tcllib2.0/defer/pkgIndex.tcl 
Execute           source D:/movies/2025.2/Vitis/tps/tcl/tcllib2.0/dicttool/pkgIndex.tcl 
Execute           source D:/movies/2025.2/Vitis/tps/tcl/tcllib2.0/dns/pkgIndex.tcl 
Execute           source D:/movies/2025.2/Vitis/tps/tcl/tcllib2.0/docstrip/pkgIndex.tcl 
Execute           source D:/movies/2025.2/Vitis/tps/tcl/tcllib2.0/doctools/pkgIndex.tcl 
Execute           source D:/movies/2025.2/Vitis/tps/tcl/tcllib2.0/doctools2base/pkgIndex.tcl 
Execute           source D:/movies/2025.2/Vitis/tps/tcl/tcllib2.0/doctools2idx/pkgIndex.tcl 
Execute           source D:/movies/2025.2/Vitis/tps/tcl/tcllib2.0/doctools2toc/pkgIndex.tcl 
Execute           source D:/movies/2025.2/Vitis/tps/tcl/tcllib2.0/dtplite/pkgIndex.tcl 
Execute           source D:/movies/2025.2/Vitis/tps/tcl/tcllib2.0/fileutil/pkgIndex.tcl 
Execute           source D:/movies/2025.2/Vitis/tps/tcl/tcllib2.0/ftp/pkgIndex.tcl 
Execute           source D:/movies/2025.2/Vitis/tps/tcl/tcllib2.0/ftpd/pkgIndex.tcl 
Execute           source D:/movies/2025.2/Vitis/tps/tcl/tcllib2.0/fumagic/pkgIndex.tcl 
Execute           source D:/movies/2025.2/Vitis/tps/tcl/tcllib2.0/generator/pkgIndex.tcl 
Execute           source D:/movies/2025.2/Vitis/tps/tcl/tcllib2.0/gpx/pkgIndex.tcl 
Execute           source D:/movies/2025.2/Vitis/tps/tcl/tcllib2.0/grammar_aycock/pkgIndex.tcl 
Execute           source D:/movies/2025.2/Vitis/tps/tcl/tcllib2.0/grammar_fa/pkgIndex.tcl 
Execute           source D:/movies/2025.2/Vitis/tps/tcl/tcllib2.0/grammar_me/pkgIndex.tcl 
Execute           source D:/movies/2025.2/Vitis/tps/tcl/tcllib2.0/grammar_peg/pkgIndex.tcl 
Execute           source D:/movies/2025.2/Vitis/tps/tcl/tcllib2.0/hook/pkgIndex.tcl 
Execute           source D:/movies/2025.2/Vitis/tps/tcl/tcllib2.0/html/pkgIndex.tcl 
Execute           source D:/movies/2025.2/Vitis/tps/tcl/tcllib2.0/htmlparse/pkgIndex.tcl 
Execute           source D:/movies/2025.2/Vitis/tps/tcl/tcllib2.0/http/pkgIndex.tcl 
Execute           source D:/movies/2025.2/Vitis/tps/tcl/tcllib2.0/httpd/pkgIndex.tcl 
Execute           source D:/movies/2025.2/Vitis/tps/tcl/tcllib2.0/httpwget/pkgIndex.tcl 
Execute           source D:/movies/2025.2/Vitis/tps/tcl/tcllib2.0/ident/pkgIndex.tcl 
Execute           source D:/movies/2025.2/Vitis/tps/tcl/tcllib2.0/imap4/pkgIndex.tcl 
Execute           source D:/movies/2025.2/Vitis/tps/tcl/tcllib2.0/inifile/pkgIndex.tcl 
Execute           source D:/movies/2025.2/Vitis/tps/tcl/tcllib2.0/interp/pkgIndex.tcl 
Execute           source D:/movies/2025.2/Vitis/tps/tcl/tcllib2.0/irc/pkgIndex.tcl 
Execute           source D:/movies/2025.2/Vitis/tps/tcl/tcllib2.0/javascript/pkgIndex.tcl 
Execute           source D:/movies/2025.2/Vitis/tps/tcl/tcllib2.0/jpeg/pkgIndex.tcl 
Execute           source D:/movies/2025.2/Vitis/tps/tcl/tcllib2.0/json/pkgIndex.tcl 
Execute           source D:/movies/2025.2/Vitis/tps/tcl/tcllib2.0/lambda/pkgIndex.tcl 
Execute           source D:/movies/2025.2/Vitis/tps/tcl/tcllib2.0/lazyset/pkgIndex.tcl 
Execute           source D:/movies/2025.2/Vitis/tps/tcl/tcllib2.0/ldap/pkgIndex.tcl 
Execute           source D:/movies/2025.2/Vitis/tps/tcl/tcllib2.0/log/pkgIndex.tcl 
Execute           source D:/movies/2025.2/Vitis/tps/tcl/tcllib2.0/map/pkgIndex.tcl 
Execute           source D:/movies/2025.2/Vitis/tps/tcl/tcllib2.0/mapproj/pkgIndex.tcl 
Execute           source D:/movies/2025.2/Vitis/tps/tcl/tcllib2.0/markdown/pkgIndex.tcl 
Execute           source D:/movies/2025.2/Vitis/tps/tcl/tcllib2.0/math/pkgIndex.tcl 
Execute           source D:/movies/2025.2/Vitis/tps/tcl/tcllib2.0/md4/pkgIndex.tcl 
Execute           source D:/movies/2025.2/Vitis/tps/tcl/tcllib2.0/md5/pkgIndex.tcl 
Execute           source D:/movies/2025.2/Vitis/tps/tcl/tcllib2.0/md5crypt/pkgIndex.tcl 
Execute           source D:/movies/2025.2/Vitis/tps/tcl/tcllib2.0/mime/pkgIndex.tcl 
Execute           source D:/movies/2025.2/Vitis/tps/tcl/tcllib2.0/mkdoc/pkgIndex.tcl 
Execute           source D:/movies/2025.2/Vitis/tps/tcl/tcllib2.0/multiplexer/pkgIndex.tcl 
Execute           source D:/movies/2025.2/Vitis/tps/tcl/tcllib2.0/namespacex/pkgIndex.tcl 
Execute           source D:/movies/2025.2/Vitis/tps/tcl/tcllib2.0/ncgi/pkgIndex.tcl 
Execute           source D:/movies/2025.2/Vitis/tps/tcl/tcllib2.0/nettool/pkgIndex.tcl 
Execute           source D:/movies/2025.2/Vitis/tps/tcl/tcllib2.0/nmea/pkgIndex.tcl 
Execute           source D:/movies/2025.2/Vitis/tps/tcl/tcllib2.0/nns/pkgIndex.tcl 
Execute           source D:/movies/2025.2/Vitis/tps/tcl/tcllib2.0/nntp/pkgIndex.tcl 
Execute           source D:/movies/2025.2/Vitis/tps/tcl/tcllib2.0/ntp/pkgIndex.tcl 
Execute           source D:/movies/2025.2/Vitis/tps/tcl/tcllib2.0/oauth/pkgIndex.tcl 
Execute           source D:/movies/2025.2/Vitis/tps/tcl/tcllib2.0/oodialect/pkgIndex.tcl 
Execute           source D:/movies/2025.2/Vitis/tps/tcl/tcllib2.0/oometa/pkgIndex.tcl 
Execute           source D:/movies/2025.2/Vitis/tps/tcl/tcllib2.0/ooutil/pkgIndex.tcl 
Execute           source D:/movies/2025.2/Vitis/tps/tcl/tcllib2.0/otp/pkgIndex.tcl 
Execute           source D:/movies/2025.2/Vitis/tps/tcl/tcllib2.0/page/pkgIndex.tcl 
Execute           source D:/movies/2025.2/Vitis/tps/tcl/tcllib2.0/pluginmgr/pkgIndex.tcl 
Execute           source D:/movies/2025.2/Vitis/tps/tcl/tcllib2.0/png/pkgIndex.tcl 
Execute           source D:/movies/2025.2/Vitis/tps/tcl/tcllib2.0/pop3/pkgIndex.tcl 
Execute           source D:/movies/2025.2/Vitis/tps/tcl/tcllib2.0/pop3d/pkgIndex.tcl 
Execute           source D:/movies/2025.2/Vitis/tps/tcl/tcllib2.0/practcl/pkgIndex.tcl 
Execute           source D:/movies/2025.2/Vitis/tps/tcl/tcllib2.0/processman/pkgIndex.tcl 
Execute           source D:/movies/2025.2/Vitis/tps/tcl/tcllib2.0/profiler/pkgIndex.tcl 
Execute           source D:/movies/2025.2/Vitis/tps/tcl/tcllib2.0/pt/pkgIndex.tcl 
Execute           source D:/movies/2025.2/Vitis/tps/tcl/tcllib2.0/rcs/pkgIndex.tcl 
Execute           source D:/movies/2025.2/Vitis/tps/tcl/tcllib2.0/report/pkgIndex.tcl 
Execute           source D:/movies/2025.2/Vitis/tps/tcl/tcllib2.0/rest/pkgIndex.tcl 
Execute           source D:/movies/2025.2/Vitis/tps/tcl/tcllib2.0/ripemd/pkgIndex.tcl 
Execute           source D:/movies/2025.2/Vitis/tps/tcl/tcllib2.0/sasl/pkgIndex.tcl 
Execute           source D:/movies/2025.2/Vitis/tps/tcl/tcllib2.0/sha1/pkgIndex.tcl 
Execute           source D:/movies/2025.2/Vitis/tps/tcl/tcllib2.0/simulation/pkgIndex.tcl 
Execute           source D:/movies/2025.2/Vitis/tps/tcl/tcllib2.0/smtpd/pkgIndex.tcl 
Execute           source D:/movies/2025.2/Vitis/tps/tcl/tcllib2.0/snit/pkgIndex.tcl 
Execute           source D:/movies/2025.2/Vitis/tps/tcl/tcllib2.0/soundex/pkgIndex.tcl 
Execute           source D:/movies/2025.2/Vitis/tps/tcl/tcllib2.0/stooop/pkgIndex.tcl 
Execute           source D:/movies/2025.2/Vitis/tps/tcl/tcllib2.0/string/pkgIndex.tcl 
Execute           source D:/movies/2025.2/Vitis/tps/tcl/tcllib2.0/stringprep/pkgIndex.tcl 
Execute           source D:/movies/2025.2/Vitis/tps/tcl/tcllib2.0/struct/pkgIndex.tcl 
Execute           source D:/movies/2025.2/Vitis/tps/tcl/tcllib2.0/tar/pkgIndex.tcl 
Execute           source D:/movies/2025.2/Vitis/tps/tcl/tcllib2.0/tepam/pkgIndex.tcl 
Execute           source D:/movies/2025.2/Vitis/tps/tcl/tcllib2.0/term/pkgIndex.tcl 
Execute           source D:/movies/2025.2/Vitis/tps/tcl/tcllib2.0/textutil/pkgIndex.tcl 
Execute           source D:/movies/2025.2/Vitis/tps/tcl/tcllib2.0/tie/pkgIndex.tcl 
Execute           source D:/movies/2025.2/Vitis/tps/tcl/tcllib2.0/tiff/pkgIndex.tcl 
Execute           source D:/movies/2025.2/Vitis/tps/tcl/tcllib2.0/tool/pkgIndex.tcl 
Execute           source D:/movies/2025.2/Vitis/tps/tcl/tcllib2.0/transfer/pkgIndex.tcl 
Execute           source D:/movies/2025.2/Vitis/tps/tcl/tcllib2.0/treeql/pkgIndex.tcl 
Execute           source D:/movies/2025.2/Vitis/tps/tcl/tcllib2.0/try/pkgIndex.tcl 
Execute           source D:/movies/2025.2/Vitis/tps/tcl/tcllib2.0/udpcluster/pkgIndex.tcl 
Execute           source D:/movies/2025.2/Vitis/tps/tcl/tcllib2.0/uev/pkgIndex.tcl 
Execute           source D:/movies/2025.2/Vitis/tps/tcl/tcllib2.0/units/pkgIndex.tcl 
Execute           source D:/movies/2025.2/Vitis/tps/tcl/tcllib2.0/uri/pkgIndex.tcl 
Execute           source D:/movies/2025.2/Vitis/tps/tcl/tcllib2.0/uuid/pkgIndex.tcl 
Execute           source D:/movies/2025.2/Vitis/tps/tcl/tcllib2.0/valtype/pkgIndex.tcl 
Execute           source D:/movies/2025.2/Vitis/tps/tcl/tcllib2.0/virtchannel_base/pkgIndex.tcl 
Execute           source D:/movies/2025.2/Vitis/tps/tcl/tcllib2.0/virtchannel_core/pkgIndex.tcl 
Execute           source D:/movies/2025.2/Vitis/tps/tcl/tcllib2.0/virtchannel_transform/pkgIndex.tcl 
Execute           source D:/movies/2025.2/Vitis/tps/tcl/tcllib2.0/websocket/pkgIndex.tcl 
Execute           source D:/movies/2025.2/Vitis/tps/tcl/tcllib2.0/wip/pkgIndex.tcl 
Execute           source D:/movies/2025.2/Vitis/tps/tcl/tcllib2.0/yaml/pkgIndex.tcl 
Execute           source D:/movies/2025.2/Vitis/tps/tcl/tcllib2.0/zip/pkgIndex.tcl 
Execute           source D:/movies/2025.2/Vitis/tps/tcl/tcllib2.0/pkgIndex.tcl 
Execute             source D:/movies/2025.2/Vitis/tps/tcl/tcllib2.0/0compatibility/pkgIndex.tcl 
Execute             source D:/movies/2025.2/Vitis/tps/tcl/tcllib2.0/amazon-s3/pkgIndex.tcl 
Execute             source D:/movies/2025.2/Vitis/tps/tcl/tcllib2.0/asn/pkgIndex.tcl 
Execute             source D:/movies/2025.2/Vitis/tps/tcl/tcllib2.0/base32/pkgIndex.tcl 
Execute             source D:/movies/2025.2/Vitis/tps/tcl/tcllib2.0/base64/pkgIndex.tcl 
Execute             source D:/movies/2025.2/Vitis/tps/tcl/tcllib2.0/bee/pkgIndex.tcl 
Execute             source D:/movies/2025.2/Vitis/tps/tcl/tcllib2.0/bench/pkgIndex.tcl 
Execute             source D:/movies/2025.2/Vitis/tps/tcl/tcllib2.0/bibtex/pkgIndex.tcl 
Execute             source D:/movies/2025.2/Vitis/tps/tcl/tcllib2.0/cache/pkgIndex.tcl 
Execute             source D:/movies/2025.2/Vitis/tps/tcl/tcllib2.0/clay/pkgIndex.tcl 
Execute             source D:/movies/2025.2/Vitis/tps/tcl/tcllib2.0/clock/pkgIndex.tcl 
Execute             source D:/movies/2025.2/Vitis/tps/tcl/tcllib2.0/cmdline/pkgIndex.tcl 
Execute             source D:/movies/2025.2/Vitis/tps/tcl/tcllib2.0/comm/pkgIndex.tcl 
Execute             source D:/movies/2025.2/Vitis/tps/tcl/tcllib2.0/control/pkgIndex.tcl 
Execute             source D:/movies/2025.2/Vitis/tps/tcl/tcllib2.0/coroutine/pkgIndex.tcl 
Execute             source D:/movies/2025.2/Vitis/tps/tcl/tcllib2.0/counter/pkgIndex.tcl 
Execute             source D:/movies/2025.2/Vitis/tps/tcl/tcllib2.0/crc/pkgIndex.tcl 
Execute             source D:/movies/2025.2/Vitis/tps/tcl/tcllib2.0/cron/pkgIndex.tcl 
Execute             source D:/movies/2025.2/Vitis/tps/tcl/tcllib2.0/csv/pkgIndex.tcl 
Execute             source D:/movies/2025.2/Vitis/tps/tcl/tcllib2.0/debug/pkgIndex.tcl 
Execute             source D:/movies/2025.2/Vitis/tps/tcl/tcllib2.0/defer/pkgIndex.tcl 
Execute             source D:/movies/2025.2/Vitis/tps/tcl/tcllib2.0/dicttool/pkgIndex.tcl 
Execute             source D:/movies/2025.2/Vitis/tps/tcl/tcllib2.0/dns/pkgIndex.tcl 
Execute             source D:/movies/2025.2/Vitis/tps/tcl/tcllib2.0/docstrip/pkgIndex.tcl 
Execute             source D:/movies/2025.2/Vitis/tps/tcl/tcllib2.0/doctools/pkgIndex.tcl 
Execute             source D:/movies/2025.2/Vitis/tps/tcl/tcllib2.0/doctools2base/pkgIndex.tcl 
Execute             source D:/movies/2025.2/Vitis/tps/tcl/tcllib2.0/doctools2idx/pkgIndex.tcl 
Execute             source D:/movies/2025.2/Vitis/tps/tcl/tcllib2.0/doctools2toc/pkgIndex.tcl 
Execute             source D:/movies/2025.2/Vitis/tps/tcl/tcllib2.0/dtplite/pkgIndex.tcl 
Execute             source D:/movies/2025.2/Vitis/tps/tcl/tcllib2.0/fileutil/pkgIndex.tcl 
Execute             source D:/movies/2025.2/Vitis/tps/tcl/tcllib2.0/ftp/pkgIndex.tcl 
Execute             source D:/movies/2025.2/Vitis/tps/tcl/tcllib2.0/ftpd/pkgIndex.tcl 
Execute             source D:/movies/2025.2/Vitis/tps/tcl/tcllib2.0/fumagic/pkgIndex.tcl 
Execute             source D:/movies/2025.2/Vitis/tps/tcl/tcllib2.0/generator/pkgIndex.tcl 
Execute             source D:/movies/2025.2/Vitis/tps/tcl/tcllib2.0/gpx/pkgIndex.tcl 
Execute             source D:/movies/2025.2/Vitis/tps/tcl/tcllib2.0/grammar_aycock/pkgIndex.tcl 
Execute             source D:/movies/2025.2/Vitis/tps/tcl/tcllib2.0/grammar_fa/pkgIndex.tcl 
Execute             source D:/movies/2025.2/Vitis/tps/tcl/tcllib2.0/grammar_me/pkgIndex.tcl 
Execute             source D:/movies/2025.2/Vitis/tps/tcl/tcllib2.0/grammar_peg/pkgIndex.tcl 
Execute             source D:/movies/2025.2/Vitis/tps/tcl/tcllib2.0/hook/pkgIndex.tcl 
Execute             source D:/movies/2025.2/Vitis/tps/tcl/tcllib2.0/html/pkgIndex.tcl 
Execute             source D:/movies/2025.2/Vitis/tps/tcl/tcllib2.0/htmlparse/pkgIndex.tcl 
Execute             source D:/movies/2025.2/Vitis/tps/tcl/tcllib2.0/http/pkgIndex.tcl 
Execute             source D:/movies/2025.2/Vitis/tps/tcl/tcllib2.0/httpd/pkgIndex.tcl 
Execute             source D:/movies/2025.2/Vitis/tps/tcl/tcllib2.0/httpwget/pkgIndex.tcl 
Execute             source D:/movies/2025.2/Vitis/tps/tcl/tcllib2.0/ident/pkgIndex.tcl 
Execute             source D:/movies/2025.2/Vitis/tps/tcl/tcllib2.0/imap4/pkgIndex.tcl 
Execute             source D:/movies/2025.2/Vitis/tps/tcl/tcllib2.0/inifile/pkgIndex.tcl 
Execute             source D:/movies/2025.2/Vitis/tps/tcl/tcllib2.0/interp/pkgIndex.tcl 
Execute             source D:/movies/2025.2/Vitis/tps/tcl/tcllib2.0/irc/pkgIndex.tcl 
Execute             source D:/movies/2025.2/Vitis/tps/tcl/tcllib2.0/javascript/pkgIndex.tcl 
Execute             source D:/movies/2025.2/Vitis/tps/tcl/tcllib2.0/jpeg/pkgIndex.tcl 
Execute             source D:/movies/2025.2/Vitis/tps/tcl/tcllib2.0/json/pkgIndex.tcl 
Execute             source D:/movies/2025.2/Vitis/tps/tcl/tcllib2.0/lambda/pkgIndex.tcl 
Execute             source D:/movies/2025.2/Vitis/tps/tcl/tcllib2.0/lazyset/pkgIndex.tcl 
Execute             source D:/movies/2025.2/Vitis/tps/tcl/tcllib2.0/ldap/pkgIndex.tcl 
Execute             source D:/movies/2025.2/Vitis/tps/tcl/tcllib2.0/log/pkgIndex.tcl 
Execute             source D:/movies/2025.2/Vitis/tps/tcl/tcllib2.0/map/pkgIndex.tcl 
Execute             source D:/movies/2025.2/Vitis/tps/tcl/tcllib2.0/mapproj/pkgIndex.tcl 
Execute             source D:/movies/2025.2/Vitis/tps/tcl/tcllib2.0/markdown/pkgIndex.tcl 
Execute             source D:/movies/2025.2/Vitis/tps/tcl/tcllib2.0/math/pkgIndex.tcl 
Execute             source D:/movies/2025.2/Vitis/tps/tcl/tcllib2.0/md4/pkgIndex.tcl 
Execute             source D:/movies/2025.2/Vitis/tps/tcl/tcllib2.0/md5/pkgIndex.tcl 
Execute             source D:/movies/2025.2/Vitis/tps/tcl/tcllib2.0/md5crypt/pkgIndex.tcl 
Execute             source D:/movies/2025.2/Vitis/tps/tcl/tcllib2.0/mime/pkgIndex.tcl 
Execute             source D:/movies/2025.2/Vitis/tps/tcl/tcllib2.0/mkdoc/pkgIndex.tcl 
Execute             source D:/movies/2025.2/Vitis/tps/tcl/tcllib2.0/multiplexer/pkgIndex.tcl 
Execute             source D:/movies/2025.2/Vitis/tps/tcl/tcllib2.0/namespacex/pkgIndex.tcl 
Execute             source D:/movies/2025.2/Vitis/tps/tcl/tcllib2.0/ncgi/pkgIndex.tcl 
Execute             source D:/movies/2025.2/Vitis/tps/tcl/tcllib2.0/nettool/pkgIndex.tcl 
Execute             source D:/movies/2025.2/Vitis/tps/tcl/tcllib2.0/nmea/pkgIndex.tcl 
Execute             source D:/movies/2025.2/Vitis/tps/tcl/tcllib2.0/nns/pkgIndex.tcl 
Execute             source D:/movies/2025.2/Vitis/tps/tcl/tcllib2.0/nntp/pkgIndex.tcl 
Execute             source D:/movies/2025.2/Vitis/tps/tcl/tcllib2.0/ntp/pkgIndex.tcl 
Execute             source D:/movies/2025.2/Vitis/tps/tcl/tcllib2.0/oauth/pkgIndex.tcl 
Execute             source D:/movies/2025.2/Vitis/tps/tcl/tcllib2.0/oodialect/pkgIndex.tcl 
Execute             source D:/movies/2025.2/Vitis/tps/tcl/tcllib2.0/oometa/pkgIndex.tcl 
Execute             source D:/movies/2025.2/Vitis/tps/tcl/tcllib2.0/ooutil/pkgIndex.tcl 
Execute             source D:/movies/2025.2/Vitis/tps/tcl/tcllib2.0/otp/pkgIndex.tcl 
Execute             source D:/movies/2025.2/Vitis/tps/tcl/tcllib2.0/page/pkgIndex.tcl 
Execute             source D:/movies/2025.2/Vitis/tps/tcl/tcllib2.0/pluginmgr/pkgIndex.tcl 
Execute             source D:/movies/2025.2/Vitis/tps/tcl/tcllib2.0/png/pkgIndex.tcl 
Execute             source D:/movies/2025.2/Vitis/tps/tcl/tcllib2.0/pop3/pkgIndex.tcl 
Execute             source D:/movies/2025.2/Vitis/tps/tcl/tcllib2.0/pop3d/pkgIndex.tcl 
Execute             source D:/movies/2025.2/Vitis/tps/tcl/tcllib2.0/practcl/pkgIndex.tcl 
Execute             source D:/movies/2025.2/Vitis/tps/tcl/tcllib2.0/processman/pkgIndex.tcl 
Execute             source D:/movies/2025.2/Vitis/tps/tcl/tcllib2.0/profiler/pkgIndex.tcl 
Execute             source D:/movies/2025.2/Vitis/tps/tcl/tcllib2.0/pt/pkgIndex.tcl 
Execute             source D:/movies/2025.2/Vitis/tps/tcl/tcllib2.0/rcs/pkgIndex.tcl 
Execute             source D:/movies/2025.2/Vitis/tps/tcl/tcllib2.0/report/pkgIndex.tcl 
Execute             source D:/movies/2025.2/Vitis/tps/tcl/tcllib2.0/rest/pkgIndex.tcl 
Execute             source D:/movies/2025.2/Vitis/tps/tcl/tcllib2.0/ripemd/pkgIndex.tcl 
Execute             source D:/movies/2025.2/Vitis/tps/tcl/tcllib2.0/sasl/pkgIndex.tcl 
Execute             source D:/movies/2025.2/Vitis/tps/tcl/tcllib2.0/sha1/pkgIndex.tcl 
Execute             source D:/movies/2025.2/Vitis/tps/tcl/tcllib2.0/simulation/pkgIndex.tcl 
Execute             source D:/movies/2025.2/Vitis/tps/tcl/tcllib2.0/smtpd/pkgIndex.tcl 
Execute             source D:/movies/2025.2/Vitis/tps/tcl/tcllib2.0/snit/pkgIndex.tcl 
Execute             source D:/movies/2025.2/Vitis/tps/tcl/tcllib2.0/soundex/pkgIndex.tcl 
Execute             source D:/movies/2025.2/Vitis/tps/tcl/tcllib2.0/stooop/pkgIndex.tcl 
Execute             source D:/movies/2025.2/Vitis/tps/tcl/tcllib2.0/string/pkgIndex.tcl 
Execute             source D:/movies/2025.2/Vitis/tps/tcl/tcllib2.0/stringprep/pkgIndex.tcl 
Execute             source D:/movies/2025.2/Vitis/tps/tcl/tcllib2.0/struct/pkgIndex.tcl 
Execute             source D:/movies/2025.2/Vitis/tps/tcl/tcllib2.0/tar/pkgIndex.tcl 
Execute             source D:/movies/2025.2/Vitis/tps/tcl/tcllib2.0/tepam/pkgIndex.tcl 
Execute             source D:/movies/2025.2/Vitis/tps/tcl/tcllib2.0/term/pkgIndex.tcl 
Execute             source D:/movies/2025.2/Vitis/tps/tcl/tcllib2.0/textutil/pkgIndex.tcl 
Execute             source D:/movies/2025.2/Vitis/tps/tcl/tcllib2.0/tie/pkgIndex.tcl 
Execute             source D:/movies/2025.2/Vitis/tps/tcl/tcllib2.0/tiff/pkgIndex.tcl 
Execute             source D:/movies/2025.2/Vitis/tps/tcl/tcllib2.0/tool/pkgIndex.tcl 
Execute             source D:/movies/2025.2/Vitis/tps/tcl/tcllib2.0/transfer/pkgIndex.tcl 
Execute             source D:/movies/2025.2/Vitis/tps/tcl/tcllib2.0/treeql/pkgIndex.tcl 
Execute             source D:/movies/2025.2/Vitis/tps/tcl/tcllib2.0/try/pkgIndex.tcl 
Execute             source D:/movies/2025.2/Vitis/tps/tcl/tcllib2.0/udpcluster/pkgIndex.tcl 
Execute             source D:/movies/2025.2/Vitis/tps/tcl/tcllib2.0/uev/pkgIndex.tcl 
Execute             source D:/movies/2025.2/Vitis/tps/tcl/tcllib2.0/units/pkgIndex.tcl 
Execute             source D:/movies/2025.2/Vitis/tps/tcl/tcllib2.0/uri/pkgIndex.tcl 
Execute             source D:/movies/2025.2/Vitis/tps/tcl/tcllib2.0/uuid/pkgIndex.tcl 
Execute             source D:/movies/2025.2/Vitis/tps/tcl/tcllib2.0/valtype/pkgIndex.tcl 
Execute             source D:/movies/2025.2/Vitis/tps/tcl/tcllib2.0/virtchannel_base/pkgIndex.tcl 
Execute             source D:/movies/2025.2/Vitis/tps/tcl/tcllib2.0/virtchannel_core/pkgIndex.tcl 
Execute             source D:/movies/2025.2/Vitis/tps/tcl/tcllib2.0/virtchannel_transform/pkgIndex.tcl 
Execute             source D:/movies/2025.2/Vitis/tps/tcl/tcllib2.0/websocket/pkgIndex.tcl 
Execute             source D:/movies/2025.2/Vitis/tps/tcl/tcllib2.0/wip/pkgIndex.tcl 
Execute             source D:/movies/2025.2/Vitis/tps/tcl/tcllib2.0/yaml/pkgIndex.tcl 
Execute             source D:/movies/2025.2/Vitis/tps/tcl/tcllib2.0/zip/pkgIndex.tcl 
Command           ap_source done; 0.182 sec.
Execute           source D:/movies/2025.2/Vitis/tps/tcl/tdom/pkgIndex.tcl 
Execute           source D:/movies/2025.2/Vitis/tps/tcl/tcl8.6/opt0.4/pkgIndex.tcl 
Execute           source D:/movies/2025.2/Vitis/tps/tcl/tcl8.6/pkgs/win/thread2.8.7/pkgIndex.tcl 
Command         ap_source done; 0.359 sec.
Execute         source D:/movies/2025.2/Vitis/tps/tcl/tcllib2.0/0compatibility/pkgIndex.tcl 
Execute         source D:/movies/2025.2/Vitis/tps/tcl/tcllib2.0/amazon-s3/pkgIndex.tcl 
Execute         source D:/movies/2025.2/Vitis/tps/tcl/tcllib2.0/asn/pkgIndex.tcl 
Execute         source D:/movies/2025.2/Vitis/tps/tcl/tcllib2.0/base32/pkgIndex.tcl 
Execute         source D:/movies/2025.2/Vitis/tps/tcl/tcllib2.0/base64/pkgIndex.tcl 
Execute         source D:/movies/2025.2/Vitis/tps/tcl/tcllib2.0/bee/pkgIndex.tcl 
Execute         source D:/movies/2025.2/Vitis/tps/tcl/tcllib2.0/bench/pkgIndex.tcl 
Execute         source D:/movies/2025.2/Vitis/tps/tcl/tcllib2.0/bibtex/pkgIndex.tcl 
Execute         source D:/movies/2025.2/Vitis/tps/tcl/tcllib2.0/cache/pkgIndex.tcl 
Execute         source D:/movies/2025.2/Vitis/tps/tcl/tcllib2.0/clay/pkgIndex.tcl 
Execute         source D:/movies/2025.2/Vitis/tps/tcl/tcllib2.0/clock/pkgIndex.tcl 
Execute         source D:/movies/2025.2/Vitis/tps/tcl/tcllib2.0/cmdline/pkgIndex.tcl 
Execute         source D:/movies/2025.2/Vitis/tps/tcl/tcllib2.0/comm/pkgIndex.tcl 
Execute         source D:/movies/2025.2/Vitis/tps/tcl/tcllib2.0/control/pkgIndex.tcl 
Execute         source D:/movies/2025.2/Vitis/tps/tcl/tcllib2.0/coroutine/pkgIndex.tcl 
Execute         source D:/movies/2025.2/Vitis/tps/tcl/tcllib2.0/counter/pkgIndex.tcl 
Execute         source D:/movies/2025.2/Vitis/tps/tcl/tcllib2.0/crc/pkgIndex.tcl 
Execute         source D:/movies/2025.2/Vitis/tps/tcl/tcllib2.0/cron/pkgIndex.tcl 
Execute         source D:/movies/2025.2/Vitis/tps/tcl/tcllib2.0/csv/pkgIndex.tcl 
Execute         source D:/movies/2025.2/Vitis/tps/tcl/tcllib2.0/debug/pkgIndex.tcl 
Execute         source D:/movies/2025.2/Vitis/tps/tcl/tcllib2.0/defer/pkgIndex.tcl 
Execute         source D:/movies/2025.2/Vitis/tps/tcl/tcllib2.0/dicttool/pkgIndex.tcl 
Execute         source D:/movies/2025.2/Vitis/tps/tcl/tcllib2.0/dns/pkgIndex.tcl 
Execute         source D:/movies/2025.2/Vitis/tps/tcl/tcllib2.0/docstrip/pkgIndex.tcl 
Execute         source D:/movies/2025.2/Vitis/tps/tcl/tcllib2.0/doctools/pkgIndex.tcl 
Execute         source D:/movies/2025.2/Vitis/tps/tcl/tcllib2.0/doctools2base/pkgIndex.tcl 
Execute         source D:/movies/2025.2/Vitis/tps/tcl/tcllib2.0/doctools2idx/pkgIndex.tcl 
Execute         source D:/movies/2025.2/Vitis/tps/tcl/tcllib2.0/doctools2toc/pkgIndex.tcl 
Execute         source D:/movies/2025.2/Vitis/tps/tcl/tcllib2.0/dtplite/pkgIndex.tcl 
Execute         source D:/movies/2025.2/Vitis/tps/tcl/tcllib2.0/fileutil/pkgIndex.tcl 
Execute         source D:/movies/2025.2/Vitis/tps/tcl/tcllib2.0/ftp/pkgIndex.tcl 
Execute         source D:/movies/2025.2/Vitis/tps/tcl/tcllib2.0/ftpd/pkgIndex.tcl 
Execute         source D:/movies/2025.2/Vitis/tps/tcl/tcllib2.0/fumagic/pkgIndex.tcl 
Execute         source D:/movies/2025.2/Vitis/tps/tcl/tcllib2.0/generator/pkgIndex.tcl 
Execute         source D:/movies/2025.2/Vitis/tps/tcl/tcllib2.0/gpx/pkgIndex.tcl 
Execute         source D:/movies/2025.2/Vitis/tps/tcl/tcllib2.0/grammar_aycock/pkgIndex.tcl 
Execute         source D:/movies/2025.2/Vitis/tps/tcl/tcllib2.0/grammar_fa/pkgIndex.tcl 
Execute         source D:/movies/2025.2/Vitis/tps/tcl/tcllib2.0/grammar_me/pkgIndex.tcl 
Execute         source D:/movies/2025.2/Vitis/tps/tcl/tcllib2.0/grammar_peg/pkgIndex.tcl 
Execute         source D:/movies/2025.2/Vitis/tps/tcl/tcllib2.0/hook/pkgIndex.tcl 
Execute         source D:/movies/2025.2/Vitis/tps/tcl/tcllib2.0/html/pkgIndex.tcl 
Execute         source D:/movies/2025.2/Vitis/tps/tcl/tcllib2.0/htmlparse/pkgIndex.tcl 
Execute         source D:/movies/2025.2/Vitis/tps/tcl/tcllib2.0/http/pkgIndex.tcl 
Execute         source D:/movies/2025.2/Vitis/tps/tcl/tcllib2.0/httpd/pkgIndex.tcl 
Execute         source D:/movies/2025.2/Vitis/tps/tcl/tcllib2.0/httpwget/pkgIndex.tcl 
Execute         source D:/movies/2025.2/Vitis/tps/tcl/tcllib2.0/ident/pkgIndex.tcl 
Execute         source D:/movies/2025.2/Vitis/tps/tcl/tcllib2.0/imap4/pkgIndex.tcl 
Execute         source D:/movies/2025.2/Vitis/tps/tcl/tcllib2.0/inifile/pkgIndex.tcl 
Execute         source D:/movies/2025.2/Vitis/tps/tcl/tcllib2.0/interp/pkgIndex.tcl 
Execute         source D:/movies/2025.2/Vitis/tps/tcl/tcllib2.0/irc/pkgIndex.tcl 
Execute         source D:/movies/2025.2/Vitis/tps/tcl/tcllib2.0/javascript/pkgIndex.tcl 
Execute         source D:/movies/2025.2/Vitis/tps/tcl/tcllib2.0/jpeg/pkgIndex.tcl 
Execute         source D:/movies/2025.2/Vitis/tps/tcl/tcllib2.0/json/pkgIndex.tcl 
Execute         source D:/movies/2025.2/Vitis/tps/tcl/tcllib2.0/lambda/pkgIndex.tcl 
Execute         source D:/movies/2025.2/Vitis/tps/tcl/tcllib2.0/lazyset/pkgIndex.tcl 
Execute         source D:/movies/2025.2/Vitis/tps/tcl/tcllib2.0/ldap/pkgIndex.tcl 
Execute         source D:/movies/2025.2/Vitis/tps/tcl/tcllib2.0/log/pkgIndex.tcl 
Execute         source D:/movies/2025.2/Vitis/tps/tcl/tcllib2.0/map/pkgIndex.tcl 
Execute         source D:/movies/2025.2/Vitis/tps/tcl/tcllib2.0/mapproj/pkgIndex.tcl 
Execute         source D:/movies/2025.2/Vitis/tps/tcl/tcllib2.0/markdown/pkgIndex.tcl 
Execute         source D:/movies/2025.2/Vitis/tps/tcl/tcllib2.0/math/pkgIndex.tcl 
Execute         source D:/movies/2025.2/Vitis/tps/tcl/tcllib2.0/md4/pkgIndex.tcl 
Execute         source D:/movies/2025.2/Vitis/tps/tcl/tcllib2.0/md5/pkgIndex.tcl 
Execute         source D:/movies/2025.2/Vitis/tps/tcl/tcllib2.0/md5crypt/pkgIndex.tcl 
Execute         source D:/movies/2025.2/Vitis/tps/tcl/tcllib2.0/mime/pkgIndex.tcl 
Execute         source D:/movies/2025.2/Vitis/tps/tcl/tcllib2.0/mkdoc/pkgIndex.tcl 
Execute         source D:/movies/2025.2/Vitis/tps/tcl/tcllib2.0/multiplexer/pkgIndex.tcl 
Execute         source D:/movies/2025.2/Vitis/tps/tcl/tcllib2.0/namespacex/pkgIndex.tcl 
Execute         source D:/movies/2025.2/Vitis/tps/tcl/tcllib2.0/ncgi/pkgIndex.tcl 
Execute         source D:/movies/2025.2/Vitis/tps/tcl/tcllib2.0/nettool/pkgIndex.tcl 
Execute         source D:/movies/2025.2/Vitis/tps/tcl/tcllib2.0/nmea/pkgIndex.tcl 
Execute         source D:/movies/2025.2/Vitis/tps/tcl/tcllib2.0/nns/pkgIndex.tcl 
Execute         source D:/movies/2025.2/Vitis/tps/tcl/tcllib2.0/nntp/pkgIndex.tcl 
Execute         source D:/movies/2025.2/Vitis/tps/tcl/tcllib2.0/ntp/pkgIndex.tcl 
Execute         source D:/movies/2025.2/Vitis/tps/tcl/tcllib2.0/oauth/pkgIndex.tcl 
Execute         source D:/movies/2025.2/Vitis/tps/tcl/tcllib2.0/oodialect/pkgIndex.tcl 
Execute         source D:/movies/2025.2/Vitis/tps/tcl/tcllib2.0/oometa/pkgIndex.tcl 
Execute         source D:/movies/2025.2/Vitis/tps/tcl/tcllib2.0/ooutil/pkgIndex.tcl 
Execute         source D:/movies/2025.2/Vitis/tps/tcl/tcllib2.0/otp/pkgIndex.tcl 
Execute         source D:/movies/2025.2/Vitis/tps/tcl/tcllib2.0/page/pkgIndex.tcl 
Execute         source D:/movies/2025.2/Vitis/tps/tcl/tcllib2.0/pluginmgr/pkgIndex.tcl 
Execute         source D:/movies/2025.2/Vitis/tps/tcl/tcllib2.0/png/pkgIndex.tcl 
Execute         source D:/movies/2025.2/Vitis/tps/tcl/tcllib2.0/pop3/pkgIndex.tcl 
Execute         source D:/movies/2025.2/Vitis/tps/tcl/tcllib2.0/pop3d/pkgIndex.tcl 
Execute         source D:/movies/2025.2/Vitis/tps/tcl/tcllib2.0/practcl/pkgIndex.tcl 
Execute         source D:/movies/2025.2/Vitis/tps/tcl/tcllib2.0/processman/pkgIndex.tcl 
Execute         source D:/movies/2025.2/Vitis/tps/tcl/tcllib2.0/profiler/pkgIndex.tcl 
Execute         source D:/movies/2025.2/Vitis/tps/tcl/tcllib2.0/pt/pkgIndex.tcl 
Execute         source D:/movies/2025.2/Vitis/tps/tcl/tcllib2.0/rcs/pkgIndex.tcl 
Execute         source D:/movies/2025.2/Vitis/tps/tcl/tcllib2.0/report/pkgIndex.tcl 
Execute         source D:/movies/2025.2/Vitis/tps/tcl/tcllib2.0/rest/pkgIndex.tcl 
Execute         source D:/movies/2025.2/Vitis/tps/tcl/tcllib2.0/ripemd/pkgIndex.tcl 
Execute         source D:/movies/2025.2/Vitis/tps/tcl/tcllib2.0/sasl/pkgIndex.tcl 
Execute         source D:/movies/2025.2/Vitis/tps/tcl/tcllib2.0/sha1/pkgIndex.tcl 
Execute         source D:/movies/2025.2/Vitis/tps/tcl/tcllib2.0/simulation/pkgIndex.tcl 
Execute         source D:/movies/2025.2/Vitis/tps/tcl/tcllib2.0/smtpd/pkgIndex.tcl 
Execute         source D:/movies/2025.2/Vitis/tps/tcl/tcllib2.0/snit/pkgIndex.tcl 
Execute         source D:/movies/2025.2/Vitis/tps/tcl/tcllib2.0/soundex/pkgIndex.tcl 
Execute         source D:/movies/2025.2/Vitis/tps/tcl/tcllib2.0/stooop/pkgIndex.tcl 
Execute         source D:/movies/2025.2/Vitis/tps/tcl/tcllib2.0/string/pkgIndex.tcl 
Execute         source D:/movies/2025.2/Vitis/tps/tcl/tcllib2.0/stringprep/pkgIndex.tcl 
Execute         source D:/movies/2025.2/Vitis/tps/tcl/tcllib2.0/struct/pkgIndex.tcl 
Execute         source D:/movies/2025.2/Vitis/tps/tcl/tcllib2.0/tar/pkgIndex.tcl 
Execute         source D:/movies/2025.2/Vitis/tps/tcl/tcllib2.0/tepam/pkgIndex.tcl 
Execute         source D:/movies/2025.2/Vitis/tps/tcl/tcllib2.0/term/pkgIndex.tcl 
Execute         source D:/movies/2025.2/Vitis/tps/tcl/tcllib2.0/textutil/pkgIndex.tcl 
Execute         source D:/movies/2025.2/Vitis/tps/tcl/tcllib2.0/tie/pkgIndex.tcl 
Execute         source D:/movies/2025.2/Vitis/tps/tcl/tcllib2.0/tiff/pkgIndex.tcl 
Execute         source D:/movies/2025.2/Vitis/tps/tcl/tcllib2.0/tool/pkgIndex.tcl 
Execute         source D:/movies/2025.2/Vitis/tps/tcl/tcllib2.0/transfer/pkgIndex.tcl 
Execute         source D:/movies/2025.2/Vitis/tps/tcl/tcllib2.0/treeql/pkgIndex.tcl 
Execute         source D:/movies/2025.2/Vitis/tps/tcl/tcllib2.0/try/pkgIndex.tcl 
Execute         source D:/movies/2025.2/Vitis/tps/tcl/tcllib2.0/udpcluster/pkgIndex.tcl 
Execute         source D:/movies/2025.2/Vitis/tps/tcl/tcllib2.0/uev/pkgIndex.tcl 
Execute         source D:/movies/2025.2/Vitis/tps/tcl/tcllib2.0/units/pkgIndex.tcl 
Execute         source D:/movies/2025.2/Vitis/tps/tcl/tcllib2.0/uri/pkgIndex.tcl 
Execute         source D:/movies/2025.2/Vitis/tps/tcl/tcllib2.0/uuid/pkgIndex.tcl 
Execute         source D:/movies/2025.2/Vitis/tps/tcl/tcllib2.0/valtype/pkgIndex.tcl 
Execute         source D:/movies/2025.2/Vitis/tps/tcl/tcllib2.0/virtchannel_base/pkgIndex.tcl 
Execute         source D:/movies/2025.2/Vitis/tps/tcl/tcllib2.0/virtchannel_core/pkgIndex.tcl 
Execute         source D:/movies/2025.2/Vitis/tps/tcl/tcllib2.0/virtchannel_transform/pkgIndex.tcl 
Execute         source D:/movies/2025.2/Vitis/tps/tcl/tcllib2.0/websocket/pkgIndex.tcl 
Execute         source D:/movies/2025.2/Vitis/tps/tcl/tcllib2.0/wip/pkgIndex.tcl 
Execute         source D:/movies/2025.2/Vitis/tps/tcl/tcllib2.0/yaml/pkgIndex.tcl 
Execute         source D:/movies/2025.2/Vitis/tps/tcl/tcllib2.0/zip/pkgIndex.tcl 
Execute         source D:/movies/2025.2/Vitis/tps/tcl/tcllib2.0/pkgIndex.tcl 
Execute           source D:/movies/2025.2/Vitis/tps/tcl/tcllib2.0/0compatibility/pkgIndex.tcl 
Execute           source D:/movies/2025.2/Vitis/tps/tcl/tcllib2.0/amazon-s3/pkgIndex.tcl 
Execute           source D:/movies/2025.2/Vitis/tps/tcl/tcllib2.0/asn/pkgIndex.tcl 
Execute           source D:/movies/2025.2/Vitis/tps/tcl/tcllib2.0/base32/pkgIndex.tcl 
Execute           source D:/movies/2025.2/Vitis/tps/tcl/tcllib2.0/base64/pkgIndex.tcl 
Execute           source D:/movies/2025.2/Vitis/tps/tcl/tcllib2.0/bee/pkgIndex.tcl 
Execute           source D:/movies/2025.2/Vitis/tps/tcl/tcllib2.0/bench/pkgIndex.tcl 
Execute           source D:/movies/2025.2/Vitis/tps/tcl/tcllib2.0/bibtex/pkgIndex.tcl 
Execute           source D:/movies/2025.2/Vitis/tps/tcl/tcllib2.0/cache/pkgIndex.tcl 
Execute           source D:/movies/2025.2/Vitis/tps/tcl/tcllib2.0/clay/pkgIndex.tcl 
Execute           source D:/movies/2025.2/Vitis/tps/tcl/tcllib2.0/clock/pkgIndex.tcl 
Execute           source D:/movies/2025.2/Vitis/tps/tcl/tcllib2.0/cmdline/pkgIndex.tcl 
Execute           source D:/movies/2025.2/Vitis/tps/tcl/tcllib2.0/comm/pkgIndex.tcl 
Execute           source D:/movies/2025.2/Vitis/tps/tcl/tcllib2.0/control/pkgIndex.tcl 
Execute           source D:/movies/2025.2/Vitis/tps/tcl/tcllib2.0/coroutine/pkgIndex.tcl 
Execute           source D:/movies/2025.2/Vitis/tps/tcl/tcllib2.0/counter/pkgIndex.tcl 
Execute           source D:/movies/2025.2/Vitis/tps/tcl/tcllib2.0/crc/pkgIndex.tcl 
Execute           source D:/movies/2025.2/Vitis/tps/tcl/tcllib2.0/cron/pkgIndex.tcl 
Execute           source D:/movies/2025.2/Vitis/tps/tcl/tcllib2.0/csv/pkgIndex.tcl 
Execute           source D:/movies/2025.2/Vitis/tps/tcl/tcllib2.0/debug/pkgIndex.tcl 
Execute           source D:/movies/2025.2/Vitis/tps/tcl/tcllib2.0/defer/pkgIndex.tcl 
Execute           source D:/movies/2025.2/Vitis/tps/tcl/tcllib2.0/dicttool/pkgIndex.tcl 
Execute           source D:/movies/2025.2/Vitis/tps/tcl/tcllib2.0/dns/pkgIndex.tcl 
Execute           source D:/movies/2025.2/Vitis/tps/tcl/tcllib2.0/docstrip/pkgIndex.tcl 
Execute           source D:/movies/2025.2/Vitis/tps/tcl/tcllib2.0/doctools/pkgIndex.tcl 
Execute           source D:/movies/2025.2/Vitis/tps/tcl/tcllib2.0/doctools2base/pkgIndex.tcl 
Execute           source D:/movies/2025.2/Vitis/tps/tcl/tcllib2.0/doctools2idx/pkgIndex.tcl 
Execute           source D:/movies/2025.2/Vitis/tps/tcl/tcllib2.0/doctools2toc/pkgIndex.tcl 
Execute           source D:/movies/2025.2/Vitis/tps/tcl/tcllib2.0/dtplite/pkgIndex.tcl 
Execute           source D:/movies/2025.2/Vitis/tps/tcl/tcllib2.0/fileutil/pkgIndex.tcl 
Execute           source D:/movies/2025.2/Vitis/tps/tcl/tcllib2.0/ftp/pkgIndex.tcl 
Execute           source D:/movies/2025.2/Vitis/tps/tcl/tcllib2.0/ftpd/pkgIndex.tcl 
Execute           source D:/movies/2025.2/Vitis/tps/tcl/tcllib2.0/fumagic/pkgIndex.tcl 
Execute           source D:/movies/2025.2/Vitis/tps/tcl/tcllib2.0/generator/pkgIndex.tcl 
Execute           source D:/movies/2025.2/Vitis/tps/tcl/tcllib2.0/gpx/pkgIndex.tcl 
Execute           source D:/movies/2025.2/Vitis/tps/tcl/tcllib2.0/grammar_aycock/pkgIndex.tcl 
Execute           source D:/movies/2025.2/Vitis/tps/tcl/tcllib2.0/grammar_fa/pkgIndex.tcl 
Execute           source D:/movies/2025.2/Vitis/tps/tcl/tcllib2.0/grammar_me/pkgIndex.tcl 
Execute           source D:/movies/2025.2/Vitis/tps/tcl/tcllib2.0/grammar_peg/pkgIndex.tcl 
Execute           source D:/movies/2025.2/Vitis/tps/tcl/tcllib2.0/hook/pkgIndex.tcl 
Execute           source D:/movies/2025.2/Vitis/tps/tcl/tcllib2.0/html/pkgIndex.tcl 
Execute           source D:/movies/2025.2/Vitis/tps/tcl/tcllib2.0/htmlparse/pkgIndex.tcl 
Execute           source D:/movies/2025.2/Vitis/tps/tcl/tcllib2.0/http/pkgIndex.tcl 
Execute           source D:/movies/2025.2/Vitis/tps/tcl/tcllib2.0/httpd/pkgIndex.tcl 
Execute           source D:/movies/2025.2/Vitis/tps/tcl/tcllib2.0/httpwget/pkgIndex.tcl 
Execute           source D:/movies/2025.2/Vitis/tps/tcl/tcllib2.0/ident/pkgIndex.tcl 
Execute           source D:/movies/2025.2/Vitis/tps/tcl/tcllib2.0/imap4/pkgIndex.tcl 
Execute           source D:/movies/2025.2/Vitis/tps/tcl/tcllib2.0/inifile/pkgIndex.tcl 
Execute           source D:/movies/2025.2/Vitis/tps/tcl/tcllib2.0/interp/pkgIndex.tcl 
Execute           source D:/movies/2025.2/Vitis/tps/tcl/tcllib2.0/irc/pkgIndex.tcl 
Execute           source D:/movies/2025.2/Vitis/tps/tcl/tcllib2.0/javascript/pkgIndex.tcl 
Execute           source D:/movies/2025.2/Vitis/tps/tcl/tcllib2.0/jpeg/pkgIndex.tcl 
Execute           source D:/movies/2025.2/Vitis/tps/tcl/tcllib2.0/json/pkgIndex.tcl 
Execute           source D:/movies/2025.2/Vitis/tps/tcl/tcllib2.0/lambda/pkgIndex.tcl 
Execute           source D:/movies/2025.2/Vitis/tps/tcl/tcllib2.0/lazyset/pkgIndex.tcl 
Execute           source D:/movies/2025.2/Vitis/tps/tcl/tcllib2.0/ldap/pkgIndex.tcl 
Execute           source D:/movies/2025.2/Vitis/tps/tcl/tcllib2.0/log/pkgIndex.tcl 
Execute           source D:/movies/2025.2/Vitis/tps/tcl/tcllib2.0/map/pkgIndex.tcl 
Execute           source D:/movies/2025.2/Vitis/tps/tcl/tcllib2.0/mapproj/pkgIndex.tcl 
Execute           source D:/movies/2025.2/Vitis/tps/tcl/tcllib2.0/markdown/pkgIndex.tcl 
Execute           source D:/movies/2025.2/Vitis/tps/tcl/tcllib2.0/math/pkgIndex.tcl 
Execute           source D:/movies/2025.2/Vitis/tps/tcl/tcllib2.0/md4/pkgIndex.tcl 
Execute           source D:/movies/2025.2/Vitis/tps/tcl/tcllib2.0/md5/pkgIndex.tcl 
Execute           source D:/movies/2025.2/Vitis/tps/tcl/tcllib2.0/md5crypt/pkgIndex.tcl 
Execute           source D:/movies/2025.2/Vitis/tps/tcl/tcllib2.0/mime/pkgIndex.tcl 
Execute           source D:/movies/2025.2/Vitis/tps/tcl/tcllib2.0/mkdoc/pkgIndex.tcl 
Execute           source D:/movies/2025.2/Vitis/tps/tcl/tcllib2.0/multiplexer/pkgIndex.tcl 
Execute           source D:/movies/2025.2/Vitis/tps/tcl/tcllib2.0/namespacex/pkgIndex.tcl 
Execute           source D:/movies/2025.2/Vitis/tps/tcl/tcllib2.0/ncgi/pkgIndex.tcl 
Execute           source D:/movies/2025.2/Vitis/tps/tcl/tcllib2.0/nettool/pkgIndex.tcl 
Execute           source D:/movies/2025.2/Vitis/tps/tcl/tcllib2.0/nmea/pkgIndex.tcl 
Execute           source D:/movies/2025.2/Vitis/tps/tcl/tcllib2.0/nns/pkgIndex.tcl 
Execute           source D:/movies/2025.2/Vitis/tps/tcl/tcllib2.0/nntp/pkgIndex.tcl 
Execute           source D:/movies/2025.2/Vitis/tps/tcl/tcllib2.0/ntp/pkgIndex.tcl 
Execute           source D:/movies/2025.2/Vitis/tps/tcl/tcllib2.0/oauth/pkgIndex.tcl 
Execute           source D:/movies/2025.2/Vitis/tps/tcl/tcllib2.0/oodialect/pkgIndex.tcl 
Execute           source D:/movies/2025.2/Vitis/tps/tcl/tcllib2.0/oometa/pkgIndex.tcl 
Execute           source D:/movies/2025.2/Vitis/tps/tcl/tcllib2.0/ooutil/pkgIndex.tcl 
Execute           source D:/movies/2025.2/Vitis/tps/tcl/tcllib2.0/otp/pkgIndex.tcl 
Execute           source D:/movies/2025.2/Vitis/tps/tcl/tcllib2.0/page/pkgIndex.tcl 
Execute           source D:/movies/2025.2/Vitis/tps/tcl/tcllib2.0/pluginmgr/pkgIndex.tcl 
Execute           source D:/movies/2025.2/Vitis/tps/tcl/tcllib2.0/png/pkgIndex.tcl 
Execute           source D:/movies/2025.2/Vitis/tps/tcl/tcllib2.0/pop3/pkgIndex.tcl 
Execute           source D:/movies/2025.2/Vitis/tps/tcl/tcllib2.0/pop3d/pkgIndex.tcl 
Execute           source D:/movies/2025.2/Vitis/tps/tcl/tcllib2.0/practcl/pkgIndex.tcl 
Execute           source D:/movies/2025.2/Vitis/tps/tcl/tcllib2.0/processman/pkgIndex.tcl 
Execute           source D:/movies/2025.2/Vitis/tps/tcl/tcllib2.0/profiler/pkgIndex.tcl 
Execute           source D:/movies/2025.2/Vitis/tps/tcl/tcllib2.0/pt/pkgIndex.tcl 
Execute           source D:/movies/2025.2/Vitis/tps/tcl/tcllib2.0/rcs/pkgIndex.tcl 
Execute           source D:/movies/2025.2/Vitis/tps/tcl/tcllib2.0/report/pkgIndex.tcl 
Execute           source D:/movies/2025.2/Vitis/tps/tcl/tcllib2.0/rest/pkgIndex.tcl 
Execute           source D:/movies/2025.2/Vitis/tps/tcl/tcllib2.0/ripemd/pkgIndex.tcl 
Execute           source D:/movies/2025.2/Vitis/tps/tcl/tcllib2.0/sasl/pkgIndex.tcl 
Execute           source D:/movies/2025.2/Vitis/tps/tcl/tcllib2.0/sha1/pkgIndex.tcl 
Execute           source D:/movies/2025.2/Vitis/tps/tcl/tcllib2.0/simulation/pkgIndex.tcl 
Execute           source D:/movies/2025.2/Vitis/tps/tcl/tcllib2.0/smtpd/pkgIndex.tcl 
Execute           source D:/movies/2025.2/Vitis/tps/tcl/tcllib2.0/snit/pkgIndex.tcl 
Execute           source D:/movies/2025.2/Vitis/tps/tcl/tcllib2.0/soundex/pkgIndex.tcl 
Execute           source D:/movies/2025.2/Vitis/tps/tcl/tcllib2.0/stooop/pkgIndex.tcl 
Execute           source D:/movies/2025.2/Vitis/tps/tcl/tcllib2.0/string/pkgIndex.tcl 
Execute           source D:/movies/2025.2/Vitis/tps/tcl/tcllib2.0/stringprep/pkgIndex.tcl 
Execute           source D:/movies/2025.2/Vitis/tps/tcl/tcllib2.0/struct/pkgIndex.tcl 
Execute           source D:/movies/2025.2/Vitis/tps/tcl/tcllib2.0/tar/pkgIndex.tcl 
Execute           source D:/movies/2025.2/Vitis/tps/tcl/tcllib2.0/tepam/pkgIndex.tcl 
Execute           source D:/movies/2025.2/Vitis/tps/tcl/tcllib2.0/term/pkgIndex.tcl 
Execute           source D:/movies/2025.2/Vitis/tps/tcl/tcllib2.0/textutil/pkgIndex.tcl 
Execute           source D:/movies/2025.2/Vitis/tps/tcl/tcllib2.0/tie/pkgIndex.tcl 
Execute           source D:/movies/2025.2/Vitis/tps/tcl/tcllib2.0/tiff/pkgIndex.tcl 
Execute           source D:/movies/2025.2/Vitis/tps/tcl/tcllib2.0/tool/pkgIndex.tcl 
Execute           source D:/movies/2025.2/Vitis/tps/tcl/tcllib2.0/transfer/pkgIndex.tcl 
Execute           source D:/movies/2025.2/Vitis/tps/tcl/tcllib2.0/treeql/pkgIndex.tcl 
Execute           source D:/movies/2025.2/Vitis/tps/tcl/tcllib2.0/try/pkgIndex.tcl 
Execute           source D:/movies/2025.2/Vitis/tps/tcl/tcllib2.0/udpcluster/pkgIndex.tcl 
Execute           source D:/movies/2025.2/Vitis/tps/tcl/tcllib2.0/uev/pkgIndex.tcl 
Execute           source D:/movies/2025.2/Vitis/tps/tcl/tcllib2.0/units/pkgIndex.tcl 
Execute           source D:/movies/2025.2/Vitis/tps/tcl/tcllib2.0/uri/pkgIndex.tcl 
Execute           source D:/movies/2025.2/Vitis/tps/tcl/tcllib2.0/uuid/pkgIndex.tcl 
Execute           source D:/movies/2025.2/Vitis/tps/tcl/tcllib2.0/valtype/pkgIndex.tcl 
Execute           source D:/movies/2025.2/Vitis/tps/tcl/tcllib2.0/virtchannel_base/pkgIndex.tcl 
Execute           source D:/movies/2025.2/Vitis/tps/tcl/tcllib2.0/virtchannel_core/pkgIndex.tcl 
Execute           source D:/movies/2025.2/Vitis/tps/tcl/tcllib2.0/virtchannel_transform/pkgIndex.tcl 
Execute           source D:/movies/2025.2/Vitis/tps/tcl/tcllib2.0/websocket/pkgIndex.tcl 
Execute           source D:/movies/2025.2/Vitis/tps/tcl/tcllib2.0/wip/pkgIndex.tcl 
Execute           source D:/movies/2025.2/Vitis/tps/tcl/tcllib2.0/yaml/pkgIndex.tcl 
Execute           source D:/movies/2025.2/Vitis/tps/tcl/tcllib2.0/zip/pkgIndex.tcl 
Command         ap_source done; 0.149 sec.
Execute         source D:/movies/2025.2/Vitis/tps/tcl/tdom/pkgIndex.tcl 
Execute         source D:/movies/2025.2/Vitis/tps/tcl/tcl8.6/opt0.4/pkgIndex.tcl 
Execute         source D:/movies/2025.2/Vitis/tps/tcl/tcl8.6/pkgs/win/thread2.8.7/pkgIndex.tcl 
Command       ap_source done; 0.692 sec.
INFO-FLOW: Workspace C:/Users/duong/Desktop/xup_high_level_synthesis_design_flow-main/source/lab1/matrixmul/matrixmul/hls opened at Fri Jun 12 16:17:23 -0400 2026
Execute       send_msg_by_id INFO @200-1505@%s%s default  vivado 
INFO: [HLS 200-1505] Using default flow_target 'vivado'
Execute       send_msg_by_id INFO @200-2174@%s%s component hls_config.cfg 
INFO: [HLS 200-2174] Applying component config ini file hls_config.cfg
Execute       apply_ini hls_config.cfg 
Execute         send_msg_by_id INFO @200-1465@%s 'syn.file=C:/Users/duong/Desktop/xup_high_level_synthesis_design_flow-main/source/lab1/matrixmul.cpp' from hls_config.cfg(8) 
INFO: [HLS 200-1465] Applying config ini 'syn.file=C:/Users/duong/Desktop/xup_high_level_synthesis_design_flow-main/source/lab1/matrixmul.cpp' from hls_config.cfg(8)
Execute         add_files C:/Users/duong/Desktop/xup_high_level_synthesis_design_flow-main/source/lab1/matrixmul.cpp 
INFO: [HLS 200-10] Adding design file 'C:/Users/duong/Desktop/xup_high_level_synthesis_design_flow-main/source/lab1/matrixmul.cpp' to the project
Execute         send_msg_by_id INFO @200-1465@%s 'syn.file=C:/Users/duong/Desktop/xup_high_level_synthesis_design_flow-main/source/lab1/matrixmul.h' from hls_config.cfg(9) 
INFO: [HLS 200-1465] Applying config ini 'syn.file=C:/Users/duong/Desktop/xup_high_level_synthesis_design_flow-main/source/lab1/matrixmul.h' from hls_config.cfg(9)
Execute         add_files C:/Users/duong/Desktop/xup_high_level_synthesis_design_flow-main/source/lab1/matrixmul.h 
INFO: [HLS 200-10] Adding design file 'C:/Users/duong/Desktop/xup_high_level_synthesis_design_flow-main/source/lab1/matrixmul.h' to the project
Execute         send_msg_by_id INFO @200-1465@%s 'tb.file=C:/Users/duong/Desktop/xup_high_level_synthesis_design_flow-main/source/lab1/matrixmul_test.cpp' from hls_config.cfg(10) 
INFO: [HLS 200-1465] Applying config ini 'tb.file=C:/Users/duong/Desktop/xup_high_level_synthesis_design_flow-main/source/lab1/matrixmul_test.cpp' from hls_config.cfg(10)
Execute         add_files -tb C:/Users/duong/Desktop/xup_high_level_synthesis_design_flow-main/source/lab1/matrixmul_test.cpp 
INFO: [HLS 200-10] Adding test bench file 'C:/Users/duong/Desktop/xup_high_level_synthesis_design_flow-main/source/lab1/matrixmul_test.cpp' to the project
Execute         send_msg_by_id INFO @200-1465@%s 'tb.file_cflags=C:/Users/duong/Desktop/xup_high_level_synthesis_design_flow-main/source/lab1/matrixmul_test.cpp,-DHW_COSIM' from hls_config.cfg(11) 
INFO: [HLS 200-1465] Applying config ini 'tb.file_cflags=C:/Users/duong/Desktop/xup_high_level_synthesis_design_flow-main/source/lab1/matrixmul_test.cpp,-DHW_COSIM' from hls_config.cfg(11)
Execute         add_files -tb C:/Users/duong/Desktop/xup_high_level_synthesis_design_flow-main/source/lab1/matrixmul_test.cpp -appendflags -cflags -DHW_COSIM 
Execute         send_msg_by_id INFO @200-1465@%s 'syn.top=matrixmul' from hls_config.cfg(7) 
INFO: [HLS 200-1465] Applying config ini 'syn.top=matrixmul' from hls_config.cfg(7)
Execute         set_top matrixmul 
Execute         send_msg_by_id INFO @200-1465@%s 'flow_target=vivado' from hls_config.cfg(4) 
INFO: [HLS 200-1465] Applying config ini 'flow_target=vivado' from hls_config.cfg(4)
Execute         send_msg_by_id INFO @200-1505@%s%s  vivado 
INFO: [HLS 200-1505] Using flow_target 'vivado'
Execute         send_msg_by_id INFO @200-1465@%s 'part=xc7a35tfgg484-2' from hls_config.cfg(1) 
INFO: [HLS 200-1465] Applying config ini 'part=xc7a35tfgg484-2' from hls_config.cfg(1)
Execute         set_part xc7a35tfgg484-2 
Execute           create_platform xc7a35tfgg484-2 -board  
DBG:HLSDevice: Trying to load device library: D:/movies/2025.2/Vitis\lib\win64.o\xv_hlsvwrap.dll
DBG:HLSDevice: first parts/arch.xml in RDI_DATADIR: D:/movies/2025.2/Vivado/data/parts/arch.xml
DBG:HLSDevice: init success
INFO: [HLS 200-1611] Setting target device to 'xc7a35t-fgg484-2'
Command           create_platform done; 0.585 sec.
Execute           source D:/movies/2025.2/Vitis/common/technology/xilinx/common/xilinx.gen 
Execute             source D:/movies/2025.2/Vitis/common/technology/xilinx/interface/plb46.gen 
Execute             source D:/movies/2025.2/Vitis/common/technology/xilinx/interface/axi4.gen 
Execute             source D:/movies/2025.2/Vitis/common/technology/xilinx/interface/nativeAXI4.gen 
Execute               source D:/movies/2025.2/Vitis/common/technology/xilinx/interface/saxilite.gen 
Execute             source D:/movies/2025.2/Vitis/common/technology/xilinx/scripts/xilinxcoregen.gen 
Execute             source D:/movies/2025.2/Vitis/common/technology/xilinx/interface/XilEDKCoreGen.gen 
Execute             source D:/movies/2025.2/Vitis/common/technology/xilinx/ip/dds_compiler.gen 
Execute             source D:/movies/2025.2/Vitis/common/technology/xilinx/ip/util.gen 
Execute             source D:/movies/2025.2/Vitis/common/technology/xilinx/ip/xfft.gen 
Execute             source D:/movies/2025.2/Vitis/common/technology/xilinx/ip/xfir.gen 
Execute             source D:/movies/2025.2/Vitis/common/technology/xilinx/DSP48/dsp48.gen 
Execute           ap_part_info -name xc7a35t-fgg484-2 -data info 
Execute           config_compile -quiet -complex-mul-dsp=0 
Command         set_part done; 0.662 sec.
Execute         send_msg_by_id INFO @200-1465@%s 'clock=10' from hls_config.cfg(12) 
INFO: [HLS 200-1465] Applying config ini 'clock=10' from hls_config.cfg(12)
Execute         create_clock -period 10ns 
Execute           ap_set_clock -name default -period 10 -unit ns -default=false 
INFO: [SYN 201-201] Setting up clock 'default' with a period of 10ns.
Execute         send_msg_by_id INFO @200-1465@%s 'package.output.format=ip_catalog' from hls_config.cfg(5) 
INFO: [HLS 200-1465] Applying config ini 'package.output.format=ip_catalog' from hls_config.cfg(5)
Execute         config_export -format=ip_catalog 
Command       apply_ini done; 0.71 sec.
Execute       write_component -config C:/Users/duong/Desktop/xup_high_level_synthesis_design_flow-main/source/lab1/matrixmul/hls_config.cfg 
Execute         send_msg_by_id INFO @200-2176@%s C:/Users/duong/Desktop/xup_high_level_synthesis_design_flow-main/source/lab1/matrixmul/matrixmul/vitis-comp.json 
INFO: [HLS 200-2176] Writing Vitis IDE component file C:/Users/duong/Desktop/xup_high_level_synthesis_design_flow-main/source/lab1/matrixmul/matrixmul/vitis-comp.json
Command     open_solution done; 1.444 sec.
Command   open_component done; 1.448 sec.
Execute   apply_ini C:/Users/duong/Desktop/xup_high_level_synthesis_design_flow-main/source/lab1/matrixmul/matrixmul/hls/config.cmdline -iscmdline 
Execute   ::AP::init_summary_file csynth 
Execute     AP::app_get_file_relativeroot [AP::app_get_root] {}
Execute   csynth_design 
Execute     AP::msg_collection_file -open C:/Users/duong/Desktop/xup_high_level_synthesis_design_flow-main/source/lab1/matrixmul/matrixmul/hls/.autopilot/db/be_messages.xml 
Execute     ap_part_info -name xc7a35t-fgg484-2 -data info 
INFO-FLOW: run_clang matrixmul.cpp.xilinx-performance-pragma-detector exec: D:/movies/2025.2/Vitis/win64/tools/clang-16/bin/xilinx-performance-pragma-detector ../matrixmul.cpp -- -fhls -D__VITIS_HLS__ -DAESL_SYN -D__SYNTHESIS__ -D__HLS_SYN__ -I D:/movies/2025.2/Vitis/common/technology/autopilot -I D:/movies/2025.2/Vitis/common/technology/autopilot/ap_sysc -include etc/autopilot_ssdm_op.h -D__DSP48E1__ -target fpga64-xilinx-mingw32 --sysroot D:/movies/2025.2/Vitis/tps/mingw/8.3.0/win64.o/nt {-hls-platform-db-name=D:/movies/2025.2/Vitis\common/technology\xilinx/common/platform.db} -hls-platform-name=artix7_medium -device-resource-info=BRAM_100.000000_DSP_90.000000_FF_41600.000000_LUT_20800.000000_SLICE_8150.000000_URAM_0.000000 -device-name-info=xc7a35tfgg484-2 > C:/Users/duong/Desktop/xup_high_level_synthesis_design_flow-main/source/lab1/matrixmul/matrixmul/hls/.autopilot/db/matrixmul.cpp.xilinx-performance-pragma-detector.out.log 2> C:/Users/duong/Desktop/xup_high_level_synthesis_design_flow-main/source/lab1/matrixmul/matrixmul/hls/.autopilot/db/matrixmul.cpp.xilinx-performance-pragma-detector.err.log
INFO-FLOW: run_clang result=success num-err-msgs=0 num-stderr-lines=1
Execute     elaborate -effort=medium -skip_syncheck=0 -keep_printf=0 -skip_cdt=0 -skip_transform=0 -ng=0 -g=0 -from_csynth_design=1 
INFO: [HLS 200-111] Finished File checks and directory preparation: CPU user time: 0 seconds. CPU system time: 1 seconds. Elapsed time: 6.039 seconds; current allocated memory: 139.191 MB.
Execute       send_msg_by_id INFO @200-2191@%s%s C-Synthesis clang-16 
INFO: [HLS 200-2191] C-Synthesis will use clang-16 as the compiler
Execute       set_directive_top matrixmul -name=matrixmul 
INFO: [HLS 200-10] Analyzing design file '../matrixmul.cpp' ... 
INFO-FLOW: Compiling one TU...
INFO-FLOW: Handling ../matrixmul.cpp as C++
Execute       ap_part_info -name xc7a35t-fgg484-2 -data info 
INFO-FLOW: Running: GCC PP 39
INFO-FLOW: Source preprocessing
INFO-FLOW: run_clang matrixmul.cpp.clang exec: D:/movies/2025.2/Vitis/win64/tools/clang-16/bin/clang ../matrixmul.cpp -foptimization-record-file=C:/Users/duong/Desktop/xup_high_level_synthesis_design_flow-main/source/lab1/matrixmul/matrixmul/hls/.autopilot/db/matrixmul.cpp.clang.diag.yml -mllvm -pass-remarks-missed=reflow|pasta|unroll|inline -mllvm -pass-remarks=reflow|pasta|unroll|inline -fno-limit-debug-info --sysroot D:/movies/2025.2/Vitis/tps/mingw/8.3.0/win64.o/nt -fhls -fno-exceptions -insert-hls-directive=C:/Users/duong/Desktop/xup_high_level_synthesis_design_flow-main/source/lab1/matrixmul/matrixmul/hls/.autopilot/db/all.directive.json -hls-directive-location -E -fno-math-errno -c -emit-llvm -mllvm -disable-llvm-optzns -Xclang -no-opaque-pointers -Xclang -fmerge-all-constants -Werror=implicit-hls-streams -Werror=return-type -Wpragmas -Wunused-parameter -Wdump-hls-pragmas -Wno-error=dump-hls-pragmas -hls-clock-period=10 -fno-threadsafe-statics -fno-use-cxa-atexit -target fpga64-xilinx-mingw32 -fno-threadsafe-statics -fno-use-cxa-atexit -D__VITIS_HLS__ -DAESL_SYN -D__SYNTHESIS__ -D__HLS_SYN__ -I D:/movies/2025.2/Vitis/common/technology/autopilot -I D:/movies/2025.2/Vitis/common/technology/autopilot/ap_sysc -include etc/autopilot_ssdm_op.h -D__DSP48E1__ -o C:/Users/duong/Desktop/xup_high_level_synthesis_design_flow-main/source/lab1/matrixmul/matrixmul/hls/.autopilot/db/matrixmul.pp.0.cpp {-hls-platform-db-name=D:/movies/2025.2/Vitis\common/technology\xilinx/common/platform.db} -hls-platform-name=artix7_medium -device-resource-info=BRAM_100.000000_DSP_90.000000_FF_41600.000000_LUT_20800.000000_SLICE_8150.000000_URAM_0.000000 -device-name-info=xc7a35tfgg484-2 > C:/Users/duong/Desktop/xup_high_level_synthesis_design_flow-main/source/lab1/matrixmul/matrixmul/hls/.autopilot/db/matrixmul.cpp.clang.out.log 2> C:/Users/duong/Desktop/xup_high_level_synthesis_design_flow-main/source/lab1/matrixmul/matrixmul/hls/.autopilot/db/matrixmul.cpp.clang.err.log
INFO-FLOW: run_clang result=success num-err-msgs=0 num-stderr-lines=0
INFO-FLOW: Done: GCC PP 39 time: 1.8 seconds 
INFO-FLOW: Source syntax check for synthesis
INFO-FLOW: run_clang clang exec: D:/movies/2025.2/Vitis/win64/tools/clang-16/bin/clang -foptimization-record-file=C:/Users/duong/Desktop/xup_high_level_synthesis_design_flow-main/source/lab1/matrixmul/matrixmul/hls/.autopilot/db/clang.diag.yml -mllvm -pass-remarks-missed=reflow|pasta|unroll|inline -mllvm -pass-remarks=reflow|pasta|unroll|inline -fsyntax-only -fhls -target fpga64-xilinx-linux-gnu C:/Users/duong/Desktop/xup_high_level_synthesis_design_flow-main/source/lab1/matrixmul/matrixmul/hls/.autopilot/db/matrixmul.pp.0.cpp {-hls-platform-db-name=D:/movies/2025.2/Vitis\common/technology\xilinx/common/platform.db} -hls-platform-name=artix7_medium -device-resource-info=BRAM_100.000000_DSP_90.000000_FF_41600.000000_LUT_20800.000000_SLICE_8150.000000_URAM_0.000000 -device-name-info=xc7a35tfgg484-2 > C:/Users/duong/Desktop/xup_high_level_synthesis_design_flow-main/source/lab1/matrixmul/matrixmul/hls/.autopilot/db/clang.out.log 2> C:/Users/duong/Desktop/xup_high_level_synthesis_design_flow-main/source/lab1/matrixmul/matrixmul/hls/.autopilot/db/clang.err.log
INFO-FLOW: run_clang result=success num-err-msgs=0 num-stderr-lines=0
Execute       clang_tidy xilinx-systemc-detector -desc systemc-detector C:/Users/duong/Desktop/xup_high_level_synthesis_design_flow-main/source/lab1/matrixmul/matrixmul/hls/.autopilot/db/matrixmul.pp.0.cpp  -target fpga -directive=C:/Users/duong/Desktop/xup_high_level_synthesis_design_flow-main/source/lab1/matrixmul/matrixmul/hls/.autopilot/db/.systemc_flag 
INFO-FLOW: exec D:/movies/2025.2/Vitis/win64/tools/clang-16/bin/clang-tidy -header-filter=.* --checks=-*,xilinx-systemc-detector -import-directive=C:/Users/duong/Desktop/xup_high_level_synthesis_design_flow-main/source/lab1/matrixmul/matrixmul/hls/.autopilot/db/.systemc_flag -fix-errors C:/Users/duong/Desktop/xup_high_level_synthesis_design_flow-main/source/lab1/matrixmul/matrixmul/hls/.autopilot/db/matrixmul.pp.0.cpp -- - -target fpga -fhls -ferror-limit=0
Command       clang_tidy done; 2.403 sec.
INFO-FLOW: Running: clang-tidy CDT preprocess 39
Execute       clang_tidy xilinx-directive2pragma -desc directive2pragma C:/Users/duong/Desktop/xup_high_level_synthesis_design_flow-main/source/lab1/matrixmul/matrixmul/hls/.autopilot/db/matrixmul.pp.0.cpp  -target fpga -directive=C:/Users/duong/Desktop/xup_high_level_synthesis_design_flow-main/source/lab1/matrixmul/matrixmul/hls/.autopilot/db/all.directive.json 
INFO-FLOW: exec D:/movies/2025.2/Vitis/win64/tools/clang-16/bin/clang-tidy -header-filter=.* --checks=-*,xilinx-directive2pragma -import-directive=C:/Users/duong/Desktop/xup_high_level_synthesis_design_flow-main/source/lab1/matrixmul/matrixmul/hls/.autopilot/db/all.directive.json -fix-errors C:/Users/duong/Desktop/xup_high_level_synthesis_design_flow-main/source/lab1/matrixmul/matrixmul/hls/.autopilot/db/matrixmul.pp.0.cpp -- - -target fpga -fhls -ferror-limit=0
Command       clang_tidy done; 0.29 sec.
INFO-FLOW: Done: clang-tidy CDT preprocess 39 time: 0.3 seconds 
INFO-FLOW: Calling xilinx-label-all-loops ... 
INFO-FLOW: Calling xilinx-aggregate-on-hls-vector ... 
Execute       clang_tidy -errorcheck -desc loop-label xilinx-label-all-loops,xilinx-aggregate-on-hls-vector,,xilinx-warn-mayneed-no-ctor-attribute C:/Users/duong/Desktop/xup_high_level_synthesis_design_flow-main/source/lab1/matrixmul/matrixmul/hls/.autopilot/db/matrixmul.pp.0.cpp  -target fpga 
INFO-FLOW: run_clang loop-label exec: D:/movies/2025.2/Vitis/win64/tools/clang-16/bin/clang-tidy -export-fixes=C:/Users/duong/Desktop/xup_high_level_synthesis_design_flow-main/source/lab1/matrixmul/matrixmul/hls/.autopilot/db/matrixmul.pp.0.cpp.clang-tidy.loop-label.diag.yml -header-filter=.* --checks=-*,xilinx-label-all-loops,xilinx-aggregate-on-hls-vector,,xilinx-warn-mayneed-no-ctor-attribute -fix-errors C:/Users/duong/Desktop/xup_high_level_synthesis_design_flow-main/source/lab1/matrixmul/matrixmul/hls/.autopilot/db/matrixmul.pp.0.cpp -- - -target fpga -fhls -ferror-limit=0 > C:/Users/duong/Desktop/xup_high_level_synthesis_design_flow-main/source/lab1/matrixmul/matrixmul/hls/.autopilot/db/matrixmul.pp.0.cpp.clang-tidy.loop-label.out.log 2> C:/Users/duong/Desktop/xup_high_level_synthesis_design_flow-main/source/lab1/matrixmul/matrixmul/hls/.autopilot/db/matrixmul.pp.0.cpp.clang-tidy.loop-label.err.log
INFO-FLOW: run_clang result=success num-err-msgs=0 num-stderr-lines=2
Command       clang_tidy done; 0.263 sec.
INFO-FLOW: run_clang matrixmul.pp.0.cpp.xilinx-dataflow-lawyer exec: D:/movies/2025.2/Vitis/win64/tools/clang-16/bin/xilinx-dataflow-lawyer -export-fixes=C:/Users/duong/Desktop/xup_high_level_synthesis_design_flow-main/source/lab1/matrixmul/matrixmul/hls/.autopilot/db/matrixmul.pp.0.cpp.xilinx-dataflow-lawyer.diag.yml C:/Users/duong/Desktop/xup_high_level_synthesis_design_flow-main/source/lab1/matrixmul/matrixmul/hls/.autopilot/db/matrixmul.pp.0.cpp -- - -target fpga -fhls -ferror-limit=0 -fstrict-dataflow > C:/Users/duong/Desktop/xup_high_level_synthesis_design_flow-main/source/lab1/matrixmul/matrixmul/hls/.autopilot/db/matrixmul.pp.0.cpp.xilinx-dataflow-lawyer.out.log 2> C:/Users/duong/Desktop/xup_high_level_synthesis_design_flow-main/source/lab1/matrixmul/matrixmul/hls/.autopilot/db/matrixmul.pp.0.cpp.xilinx-dataflow-lawyer.err.log
INFO-FLOW: run_clang result=success num-err-msgs=0 num-stderr-lines=0
Execute       ap_part_info -name xc7a35t-fgg484-2 -data info 
INFO-FLOW: compiling source code to llvm bc
INFO-FLOW: run_clang matrixmul.pp.0.cpp.clang exec: D:/movies/2025.2/Vitis/win64/tools/clang-16/bin/clang -foptimization-record-file=C:/Users/duong/Desktop/xup_high_level_synthesis_design_flow-main/source/lab1/matrixmul/matrixmul/hls/.autopilot/db/matrixmul.pp.0.cpp.clang.diag.yml -mllvm -pass-remarks-missed=reflow|pasta|unroll|inline -mllvm -pass-remarks=reflow|pasta|unroll|inline -flto -fno-exceptions -Wno-error=c++11-narrowing -fno-limit-debug-info -fhls -hls-emit-hint-scope C:/Users/duong/Desktop/xup_high_level_synthesis_design_flow-main/source/lab1/matrixmul/matrixmul/hls/.autopilot/db/matrixmul.pp.0.cpp -fno-math-errno -c -emit-llvm -mllvm -disable-llvm-optzns -Xclang -no-opaque-pointers -Xclang -fmerge-all-constants -Werror=implicit-hls-streams -Werror=return-type -Wpragmas -Wunused-parameter -Wdump-hls-pragmas -Wno-error=dump-hls-pragmas -hls-clock-period=10 -fno-threadsafe-statics -fno-use-cxa-atexit -target fpga64-xilinx-linux-gnu -D__VITIS_HLS__ -DAESL_SYN -D__SYNTHESIS__ -D__HLS_SYN__ -I D:/movies/2025.2/Vitis/common/technology/autopilot -I D:/movies/2025.2/Vitis/common/technology/autopilot/ap_sysc -include etc/autopilot_ssdm_op.h -D__DSP48E1__ -g -o C:/Users/duong/Desktop/xup_high_level_synthesis_design_flow-main/source/lab1/matrixmul/matrixmul/hls/.autopilot/db/matrixmul.pre.g.bc {-hls-platform-db-name=D:/movies/2025.2/Vitis\common/technology\xilinx/common/platform.db} -hls-platform-name=artix7_medium -device-resource-info=BRAM_100.000000_DSP_90.000000_FF_41600.000000_LUT_20800.000000_SLICE_8150.000000_URAM_0.000000 -device-name-info=xc7a35tfgg484-2 > C:/Users/duong/Desktop/xup_high_level_synthesis_design_flow-main/source/lab1/matrixmul/matrixmul/hls/.autopilot/db/matrixmul.pp.0.cpp.clang.out.log 2> C:/Users/duong/Desktop/xup_high_level_synthesis_design_flow-main/source/lab1/matrixmul/matrixmul/hls/.autopilot/db/matrixmul.pp.0.cpp.clang.err.log
INFO-FLOW: run_clang result=success num-err-msgs=0 num-stderr-lines=0
INFO-FLOW: converting llvm 16.0.4 bc to downstrem bc
INFO-FLOW: run_clang matrixmul.bc.llvm-converter exec: D:/movies/2025.2/Vitis/win64/tools/clang-16/bin/llvm-converter -opaque-pointers=0 C:/Users/duong/Desktop/xup_high_level_synthesis_design_flow-main/source/lab1/matrixmul/matrixmul/hls/.autopilot/db/matrixmul.pre.g.bc -o C:/Users/duong/Desktop/xup_high_level_synthesis_design_flow-main/source/lab1/matrixmul/matrixmul/hls/.autopilot/db/matrixmul.bc > C:/Users/duong/Desktop/xup_high_level_synthesis_design_flow-main/source/lab1/matrixmul/matrixmul/hls/.autopilot/db/matrixmul.bc.llvm-converter.out.log 2> C:/Users/duong/Desktop/xup_high_level_synthesis_design_flow-main/source/lab1/matrixmul/matrixmul/hls/.autopilot/db/matrixmul.bc.llvm-converter.err.log
INFO-FLOW: run_clang result=success num-err-msgs=0 num-stderr-lines=0
INFO: [HLS 200-111] Finished Source Code Analysis and Preprocessing: CPU user time: 0 seconds. CPU system time: 1 seconds. Elapsed time: 8.063 seconds; current allocated memory: 141.172 MB.
INFO-FLOW: Linking Debug ...
INFO-FLOW: Linking dut bc code.
Execute       run_link_or_opt -out C:/Users/duong/Desktop/xup_high_level_synthesis_design_flow-main/source/lab1/matrixmul/matrixmul/hls/.autopilot/db/a.g.ld.0.bc -args C:/Users/duong/Desktop/xup_high_level_synthesis_design_flow-main/source/lab1/matrixmul/matrixmul/hls/.autopilot/db/matrixmul.bc 
INFO-FLOW: run_clang a.g.ld.0.bc.llvm-link exec: D:/movies/2025.2/Vitis/win64/tools/clang-3.9-csynth/bin/llvm-link C:/Users/duong/Desktop/xup_high_level_synthesis_design_flow-main/source/lab1/matrixmul/matrixmul/hls/.autopilot/db/matrixmul.bc -o C:/Users/duong/Desktop/xup_high_level_synthesis_design_flow-main/source/lab1/matrixmul/matrixmul/hls/.autopilot/db/a.g.ld.0.bc > C:/Users/duong/Desktop/xup_high_level_synthesis_design_flow-main/source/lab1/matrixmul/matrixmul/hls/.autopilot/db/a.g.ld.0.bc.llvm-link.out.log 2> C:/Users/duong/Desktop/xup_high_level_synthesis_design_flow-main/source/lab1/matrixmul/matrixmul/hls/.autopilot/db/a.g.ld.0.bc.llvm-link.err.log
INFO-FLOW: run_clang result=success num-err-msgs=0 num-stderr-lines=0
Command       run_link_or_opt done; 2 sec.
Execute       run_link_or_opt -opt -out C:/Users/duong/Desktop/xup_high_level_synthesis_design_flow-main/source/lab1/matrixmul/matrixmul/hls/.autopilot/db/a.g.ld.1.lower.bc -args C:/Users/duong/Desktop/xup_high_level_synthesis_design_flow-main/source/lab1/matrixmul/matrixmul/hls/.autopilot/db/a.g.ld.0.bc -reflow-lower-math-intrinsics 
INFO-FLOW: run_clang a.g.ld.1.lower.bc.opt exec: D:/movies/2025.2/Vitis/win64/tools/clang-3.9-csynth/bin/opt -pass-remarks-missed=reflow|pasta|unroll|inline -pass-remarks=reflow|pasta|unroll|inline -pass-remarks-output=C:/Users/duong/Desktop/xup_high_level_synthesis_design_flow-main/source/lab1/matrixmul/matrixmul/hls/.autopilot/db/a.g.ld.1.lower.bc.opt.diag.yml C:/Users/duong/Desktop/xup_high_level_synthesis_design_flow-main/source/lab1/matrixmul/matrixmul/hls/.autopilot/db/a.g.ld.0.bc -reflow-lower-math-intrinsics -o C:/Users/duong/Desktop/xup_high_level_synthesis_design_flow-main/source/lab1/matrixmul/matrixmul/hls/.autopilot/db/a.g.ld.1.lower.bc > C:/Users/duong/Desktop/xup_high_level_synthesis_design_flow-main/source/lab1/matrixmul/matrixmul/hls/.autopilot/db/a.g.ld.1.lower.bc.opt.out.log 2> C:/Users/duong/Desktop/xup_high_level_synthesis_design_flow-main/source/lab1/matrixmul/matrixmul/hls/.autopilot/db/a.g.ld.1.lower.bc.opt.err.log
INFO-FLOW: run_clang result=success num-err-msgs=0 num-stderr-lines=0
INFO-FLOW: Running: gen_design_size_report post-opt
INFO-FLOW: Done: gen_design_size_report post-opt time: 0 seconds 
Command       run_link_or_opt done; 2.013 sec.
INFO-FLOW: Linking math bc lib
Execute       run_link_or_opt -out C:/Users/duong/Desktop/xup_high_level_synthesis_design_flow-main/source/lab1/matrixmul/matrixmul/hls/.autopilot/db/a.g.ld.2.m1.bc -args C:/Users/duong/Desktop/xup_high_level_synthesis_design_flow-main/source/lab1/matrixmul/matrixmul/hls/.autopilot/db/a.g.ld.1.lower.bc -only-needed D:/movies/2025.2/Vitis/win64/lib/libhlsm_39.bc D:/movies/2025.2/Vitis/win64/lib/libhlsmc++_39.bc 
INFO-FLOW: run_clang a.g.ld.2.m1.bc.llvm-link exec: D:/movies/2025.2/Vitis/win64/tools/clang-3.9-csynth/bin/llvm-link C:/Users/duong/Desktop/xup_high_level_synthesis_design_flow-main/source/lab1/matrixmul/matrixmul/hls/.autopilot/db/a.g.ld.1.lower.bc -only-needed D:/movies/2025.2/Vitis/win64/lib/libhlsm_39.bc D:/movies/2025.2/Vitis/win64/lib/libhlsmc++_39.bc -o C:/Users/duong/Desktop/xup_high_level_synthesis_design_flow-main/source/lab1/matrixmul/matrixmul/hls/.autopilot/db/a.g.ld.2.m1.bc > C:/Users/duong/Desktop/xup_high_level_synthesis_design_flow-main/source/lab1/matrixmul/matrixmul/hls/.autopilot/db/a.g.ld.2.m1.bc.llvm-link.out.log 2> C:/Users/duong/Desktop/xup_high_level_synthesis_design_flow-main/source/lab1/matrixmul/matrixmul/hls/.autopilot/db/a.g.ld.2.m1.bc.llvm-link.err.log
INFO-FLOW: run_clang result=success num-err-msgs=0 num-stderr-lines=0
Command       run_link_or_opt done; 2.396 sec.
Execute       run_link_or_opt -opt -out C:/Users/duong/Desktop/xup_high_level_synthesis_design_flow-main/source/lab1/matrixmul/matrixmul/hls/.autopilot/db/a.g.ld.3.fpc.bc -args C:/Users/duong/Desktop/xup_high_level_synthesis_design_flow-main/source/lab1/matrixmul/matrixmul/hls/.autopilot/db/a.g.ld.2.m1.bc -reflow-globaldce -hls-top-function-name=matrixmul -reflow-float-conversion 
INFO-FLOW: run_clang a.g.ld.3.fpc.bc.opt exec: D:/movies/2025.2/Vitis/win64/tools/clang-3.9-csynth/bin/opt -pass-remarks-missed=reflow|pasta|unroll|inline -pass-remarks=reflow|pasta|unroll|inline -pass-remarks-output=C:/Users/duong/Desktop/xup_high_level_synthesis_design_flow-main/source/lab1/matrixmul/matrixmul/hls/.autopilot/db/a.g.ld.3.fpc.bc.opt.diag.yml C:/Users/duong/Desktop/xup_high_level_synthesis_design_flow-main/source/lab1/matrixmul/matrixmul/hls/.autopilot/db/a.g.ld.2.m1.bc -reflow-globaldce -hls-top-function-name=matrixmul -reflow-float-conversion -o C:/Users/duong/Desktop/xup_high_level_synthesis_design_flow-main/source/lab1/matrixmul/matrixmul/hls/.autopilot/db/a.g.ld.3.fpc.bc > C:/Users/duong/Desktop/xup_high_level_synthesis_design_flow-main/source/lab1/matrixmul/matrixmul/hls/.autopilot/db/a.g.ld.3.fpc.bc.opt.out.log 2> C:/Users/duong/Desktop/xup_high_level_synthesis_design_flow-main/source/lab1/matrixmul/matrixmul/hls/.autopilot/db/a.g.ld.3.fpc.bc.opt.err.log
INFO-FLOW: run_clang result=success num-err-msgs=0 num-stderr-lines=0
INFO-FLOW: Running: gen_design_size_report post-opt
INFO-FLOW: Done: gen_design_size_report post-opt time: 0 seconds 
Command       run_link_or_opt done; 0.763 sec.
Execute       run_link_or_opt -out C:/Users/duong/Desktop/xup_high_level_synthesis_design_flow-main/source/lab1/matrixmul/matrixmul/hls/.autopilot/db/a.g.ld.4.m2.bc -args C:/Users/duong/Desktop/xup_high_level_synthesis_design_flow-main/source/lab1/matrixmul/matrixmul/hls/.autopilot/db/a.g.ld.3.fpc.bc -only-needed D:/movies/2025.2/Vitis/win64/lib/libfloatconversion_39.bc 
INFO-FLOW: run_clang a.g.ld.4.m2.bc.llvm-link exec: D:/movies/2025.2/Vitis/win64/tools/clang-3.9-csynth/bin/llvm-link C:/Users/duong/Desktop/xup_high_level_synthesis_design_flow-main/source/lab1/matrixmul/matrixmul/hls/.autopilot/db/a.g.ld.3.fpc.bc -only-needed D:/movies/2025.2/Vitis/win64/lib/libfloatconversion_39.bc -o C:/Users/duong/Desktop/xup_high_level_synthesis_design_flow-main/source/lab1/matrixmul/matrixmul/hls/.autopilot/db/a.g.ld.4.m2.bc > C:/Users/duong/Desktop/xup_high_level_synthesis_design_flow-main/source/lab1/matrixmul/matrixmul/hls/.autopilot/db/a.g.ld.4.m2.bc.llvm-link.out.log 2> C:/Users/duong/Desktop/xup_high_level_synthesis_design_flow-main/source/lab1/matrixmul/matrixmul/hls/.autopilot/db/a.g.ld.4.m2.bc.llvm-link.err.log
INFO-FLOW: run_clang result=success num-err-msgs=0 num-stderr-lines=0
Execute       run_link_or_opt -opt -out C:/Users/duong/Desktop/xup_high_level_synthesis_design_flow-main/source/lab1/matrixmul/matrixmul/hls/.autopilot/db/a.g.ld.5.gdce.bc -args C:/Users/duong/Desktop/xup_high_level_synthesis_design_flow-main/source/lab1/matrixmul/matrixmul/hls/.autopilot/db/a.g.ld.4.m2.bc -reflow-globaldce -hls-top-function-name=matrixmul 
INFO-FLOW: run_clang a.g.ld.5.gdce.bc.opt exec: D:/movies/2025.2/Vitis/win64/tools/clang-3.9-csynth/bin/opt -pass-remarks-missed=reflow|pasta|unroll|inline -pass-remarks=reflow|pasta|unroll|inline -pass-remarks-output=C:/Users/duong/Desktop/xup_high_level_synthesis_design_flow-main/source/lab1/matrixmul/matrixmul/hls/.autopilot/db/a.g.ld.5.gdce.bc.opt.diag.yml C:/Users/duong/Desktop/xup_high_level_synthesis_design_flow-main/source/lab1/matrixmul/matrixmul/hls/.autopilot/db/a.g.ld.4.m2.bc -reflow-globaldce -hls-top-function-name=matrixmul -o C:/Users/duong/Desktop/xup_high_level_synthesis_design_flow-main/source/lab1/matrixmul/matrixmul/hls/.autopilot/db/a.g.ld.5.gdce.bc > C:/Users/duong/Desktop/xup_high_level_synthesis_design_flow-main/source/lab1/matrixmul/matrixmul/hls/.autopilot/db/a.g.ld.5.gdce.bc.opt.out.log 2> C:/Users/duong/Desktop/xup_high_level_synthesis_design_flow-main/source/lab1/matrixmul/matrixmul/hls/.autopilot/db/a.g.ld.5.gdce.bc.opt.err.log
INFO-FLOW: run_clang result=success num-err-msgs=0 num-stderr-lines=0
INFO-FLOW: Running: gen_design_size_report post-opt
INFO-FLOW: Done: gen_design_size_report post-opt time: 0 seconds 
Execute       send_msg_by_id INFO @200-777@%s Vivado 
INFO: [HLS 200-777] Using interface defaults for 'Vivado' flow target.
Execute       is_m_axi_addr64 
INFO-FLOW: Doing LTO.
INFO-FLOW: run_clang reflow (background poll_ms 5000) exec: D:/movies/2025.2/Vitis/win64/tools/clang-3.9-csynth/bin/clang -foptimization-record-file=C:/Users/duong/Desktop/xup_high_level_synthesis_design_flow-main/source/lab1/matrixmul/matrixmul/hls/.autopilot/db/a.g.ld.0.bc.clang.reflow.diag.yml -mllvm -pass-remarks-missed=reflow|pasta|unroll|inline -mllvm -pass-remarks=reflow|pasta|unroll|inline -fhls -mllvm -hls-top-function-name=matrixmul -mllvm -hls-db-dir -mllvm C:/Users/duong/Desktop/xup_high_level_synthesis_design_flow-main/source/lab1/matrixmul/matrixmul/hls/.autopilot/db -emit-llvm -c -target fpga64-xilinx-none -mllvm -xcl-xmlinfo=C:/Users/duong/Desktop/xup_high_level_synthesis_design_flow-main/source/lab1/matrixmul/matrixmul/hls/.autopilot/db/kernel.internal.xml -mllvm -top-io-mapping-info=C:/Users/duong/Desktop/xup_high_level_synthesis_design_flow-main/source/lab1/matrixmul/matrixmul/hls/.autopilot/db/top-io-fe.xml -mllvm -hls-bitcode-version=3.1 -mllvm -reflow-enable-slave-interface-default-setting=true -mllvm -gen-kernel-xml=false -mllvm -default-maxi-offset=slave -mllvm -reflow-unroll-size-threshold=10000 -mllvm -reflow-unroll-cost-threshold=1000000 -mllvm -maxi-latency=0 -mllvm -hls-maxi-data-size-in-bits=8 -mllvm -hls-maxi-max-data-size-in-bits=1024 -mllvm -hls-max-widen-size-in-bits=0 -mllvm -xcl-kernel-max-mem-ports=0 -mllvm -maxi-read-trans=16 -mllvm -maxi-write-trans=16 -mllvm -maxi-read-burst-len=16 -mllvm -maxi-write-burst-len=16 -mllvm -reflow-enable-saxi-64bits=0 -mllvm -reflow-basic-block-instr-threshold=200000 -mllvm -reflow-auto-pipeline-threshold=64 -mllvm -reflow-enable-maxi-auto-id-channel=0 -mllvm -reflow-bdd-simplify-threshold=1048576 -mllvm -reflow-fanout-threshold=16 -mllvm -reflow-force-aggressive-unroll=0 -mllvm -reflow-aggressive-unroll-adjust-factor=1.000000 -mllvm -reflow-complete-threshold=4 -mllvm -reflow-array-promotion-threshold=64 -mllvm -reflow-enable-critical-path-for-performance=1 -mllvm -assume-maxi-align=1 -mllvm -reflow-enable-dataflow-strict-mode-checking=1 -ftime-report -mllvm -time-passes -mllvm -reflow-auto-array-partition-mode=default -mllvm -reflow-enable-auto-small-array-partition=true -mllvm -reflow-enable-auto-array-promotion=true -mllvm -reflow-enable-auto-array-partition-for-flatten=true -mllvm -reflow-enable-auto-parallel-performance-driven=true -mllvm -reflow-enable-partition-for-automation=true -mllvm -reflow-aggregate-bitwidth-threshold=4096 -mllvm -reflow-reserved-saxilite-registers=0 -mllvm -enable-reflow-auto-loop-pipeline -mllvm -reflow-max-unroll-threshold=409600 -mllvm -auto-unroll-tripcount-threshold=0 -mllvm -reflow-assume-no-address-wrap=true -mllvm -reflow-enable-occurrence-inference=true -mllvm -reflow-emit-hint-scope=true -mllvm -reflow-enable-codegen-with-if=true -mllvm -reflow-enable-dataflow-canon=true -mllvm -reflow-enable-dataflow-canon2=true -mllvm -reflow-dump-extra-complexity-metric=true -mllvm -reflow-enable-dse-loop-nest-extraction=false -mllvm -hls -mllvm -disable-inlined-alloca-merging=true -mllvm -default-clock-period=10 -mllvm -use_read_first_ram_in_loop=1 -mllvm -default-clock-uncertainty=2.7 -x ir C:/Users/duong/Desktop/xup_high_level_synthesis_design_flow-main/source/lab1/matrixmul/matrixmul/hls/.autopilot/db/a.g.ld.5.gdce.bc -o C:/Users/duong/Desktop/xup_high_level_synthesis_design_flow-main/source/lab1/matrixmul/matrixmul/hls/.autopilot/db/a.g.lto.bc {-hls-platform-db-name=D:/movies/2025.2/Vitis\common/technology\xilinx/common/platform.db} -hls-platform-name=artix7_medium -device-resource-info=BRAM_100.000000_DSP_90.000000_FF_41600.000000_LUT_20800.000000_SLICE_8150.000000_URAM_0.000000 -device-name-info=xc7a35tfgg484-2 2> C:/Users/duong/Desktop/xup_high_level_synthesis_design_flow-main/source/lab1/matrixmul/matrixmul/hls/.autopilot/db/a.g.ld.0.bc.clang.reflow.err.log bg_poll_cmd: ::AP::poll_clang_39_closed_source
Execute       send_msg_by_id INFO @200-1995@%s%s%s 55 Compile/Link (C:/Users/duong/Desktop/xup_high_level_synthesis_design_flow-main/source/lab1/matrixmul/matrixmul/hls/syn/report/csynth_design_size.rpt:2) 
INFO: [HLS 200-1995] There were 55 instructions in the design after the 'Compile/Link' phase of compilation. See the Design Size Report for more details (C:/Users/duong/Desktop/xup_high_level_synthesis_design_flow-main/source/lab1/matrixmul/matrixmul/hls/syn/report/csynth_design_size.rpt:2)
Execute       send_msg_by_id INFO @200-1995@%s%s%s 41 Unroll/Inline (step 1) (C:/Users/duong/Desktop/xup_high_level_synthesis_design_flow-main/source/lab1/matrixmul/matrixmul/hls/syn/report/csynth_design_size.rpt:2) 
INFO: [HLS 200-1995] There were 41 instructions in the design after the 'Unroll/Inline (step 1)' phase of compilation. See the Design Size Report for more details (C:/Users/duong/Desktop/xup_high_level_synthesis_design_flow-main/source/lab1/matrixmul/matrixmul/hls/syn/report/csynth_design_size.rpt:2)
Execute       send_msg_by_id INFO @200-1995@%s%s%s 31 Unroll/Inline (step 2) (C:/Users/duong/Desktop/xup_high_level_synthesis_design_flow-main/source/lab1/matrixmul/matrixmul/hls/syn/report/csynth_design_size.rpt:2) 
INFO: [HLS 200-1995] There were 31 instructions in the design after the 'Unroll/Inline (step 2)' phase of compilation. See the Design Size Report for more details (C:/Users/duong/Desktop/xup_high_level_synthesis_design_flow-main/source/lab1/matrixmul/matrixmul/hls/syn/report/csynth_design_size.rpt:2)
Execute       send_msg_by_id INFO @200-1995@%s%s%s 28 Unroll/Inline (step 3) (C:/Users/duong/Desktop/xup_high_level_synthesis_design_flow-main/source/lab1/matrixmul/matrixmul/hls/syn/report/csynth_design_size.rpt:2) 
INFO: [HLS 200-1995] There were 28 instructions in the design after the 'Unroll/Inline (step 3)' phase of compilation. See the Design Size Report for more details (C:/Users/duong/Desktop/xup_high_level_synthesis_design_flow-main/source/lab1/matrixmul/matrixmul/hls/syn/report/csynth_design_size.rpt:2)
Execute       send_msg_by_id INFO @200-1995@%s%s%s 28 Unroll/Inline (step 4) (C:/Users/duong/Desktop/xup_high_level_synthesis_design_flow-main/source/lab1/matrixmul/matrixmul/hls/syn/report/csynth_design_size.rpt:2) 
INFO: [HLS 200-1995] There were 28 instructions in the design after the 'Unroll/Inline (step 4)' phase of compilation. See the Design Size Report for more details (C:/Users/duong/Desktop/xup_high_level_synthesis_design_flow-main/source/lab1/matrixmul/matrixmul/hls/syn/report/csynth_design_size.rpt:2)
Execute       send_msg_by_id INFO @200-1995@%s%s%s 27 Array/Struct (step 1) (C:/Users/duong/Desktop/xup_high_level_synthesis_design_flow-main/source/lab1/matrixmul/matrixmul/hls/syn/report/csynth_design_size.rpt:2) 
INFO: [HLS 200-1995] There were 27 instructions in the design after the 'Array/Struct (step 1)' phase of compilation. See the Design Size Report for more details (C:/Users/duong/Desktop/xup_high_level_synthesis_design_flow-main/source/lab1/matrixmul/matrixmul/hls/syn/report/csynth_design_size.rpt:2)
Execute       send_msg_by_id INFO @200-1995@%s%s%s 27 Array/Struct (step 2) (C:/Users/duong/Desktop/xup_high_level_synthesis_design_flow-main/source/lab1/matrixmul/matrixmul/hls/syn/report/csynth_design_size.rpt:2) 
INFO: [HLS 200-1995] There were 27 instructions in the design after the 'Array/Struct (step 2)' phase of compilation. See the Design Size Report for more details (C:/Users/duong/Desktop/xup_high_level_synthesis_design_flow-main/source/lab1/matrixmul/matrixmul/hls/syn/report/csynth_design_size.rpt:2)
Execute       send_msg_by_id INFO @200-1995@%s%s%s 27 Array/Struct (step 3) (C:/Users/duong/Desktop/xup_high_level_synthesis_design_flow-main/source/lab1/matrixmul/matrixmul/hls/syn/report/csynth_design_size.rpt:2) 
INFO: [HLS 200-1995] There were 27 instructions in the design after the 'Array/Struct (step 3)' phase of compilation. See the Design Size Report for more details (C:/Users/duong/Desktop/xup_high_level_synthesis_design_flow-main/source/lab1/matrixmul/matrixmul/hls/syn/report/csynth_design_size.rpt:2)
Execute       send_msg_by_id INFO @200-1995@%s%s%s 27 Array/Struct (step 4) (C:/Users/duong/Desktop/xup_high_level_synthesis_design_flow-main/source/lab1/matrixmul/matrixmul/hls/syn/report/csynth_design_size.rpt:2) 
INFO: [HLS 200-1995] There were 27 instructions in the design after the 'Array/Struct (step 4)' phase of compilation. See the Design Size Report for more details (C:/Users/duong/Desktop/xup_high_level_synthesis_design_flow-main/source/lab1/matrixmul/matrixmul/hls/syn/report/csynth_design_size.rpt:2)
Execute       send_msg_by_id INFO @200-1995@%s%s%s 28 Array/Struct (step 5) (C:/Users/duong/Desktop/xup_high_level_synthesis_design_flow-main/source/lab1/matrixmul/matrixmul/hls/syn/report/csynth_design_size.rpt:2) 
INFO: [HLS 200-1995] There were 28 instructions in the design after the 'Array/Struct (step 5)' phase of compilation. See the Design Size Report for more details (C:/Users/duong/Desktop/xup_high_level_synthesis_design_flow-main/source/lab1/matrixmul/matrixmul/hls/syn/report/csynth_design_size.rpt:2)
Execute       send_msg_by_id INFO @200-1995@%s%s%s 28 Performance (step 1) (C:/Users/duong/Desktop/xup_high_level_synthesis_design_flow-main/source/lab1/matrixmul/matrixmul/hls/syn/report/csynth_design_size.rpt:2) 
INFO: [HLS 200-1995] There were 28 instructions in the design after the 'Performance (step 1)' phase of compilation. See the Design Size Report for more details (C:/Users/duong/Desktop/xup_high_level_synthesis_design_flow-main/source/lab1/matrixmul/matrixmul/hls/syn/report/csynth_design_size.rpt:2)
Execute       send_msg_by_id INFO @200-1995@%s%s%s 36 Performance (step 2) (C:/Users/duong/Desktop/xup_high_level_synthesis_design_flow-main/source/lab1/matrixmul/matrixmul/hls/syn/report/csynth_design_size.rpt:2) 
INFO: [HLS 200-1995] There were 36 instructions in the design after the 'Performance (step 2)' phase of compilation. See the Design Size Report for more details (C:/Users/duong/Desktop/xup_high_level_synthesis_design_flow-main/source/lab1/matrixmul/matrixmul/hls/syn/report/csynth_design_size.rpt:2)
Execute       send_msg_by_id INFO @200-1995@%s%s%s 36 Performance (step 3) (C:/Users/duong/Desktop/xup_high_level_synthesis_design_flow-main/source/lab1/matrixmul/matrixmul/hls/syn/report/csynth_design_size.rpt:2) 
INFO: [HLS 200-1995] There were 36 instructions in the design after the 'Performance (step 3)' phase of compilation. See the Design Size Report for more details (C:/Users/duong/Desktop/xup_high_level_synthesis_design_flow-main/source/lab1/matrixmul/matrixmul/hls/syn/report/csynth_design_size.rpt:2)
Execute       send_msg_by_id INFO @200-1995@%s%s%s 36 Performance (step 4) (C:/Users/duong/Desktop/xup_high_level_synthesis_design_flow-main/source/lab1/matrixmul/matrixmul/hls/syn/report/csynth_design_size.rpt:2) 
INFO: [HLS 200-1995] There were 36 instructions in the design after the 'Performance (step 4)' phase of compilation. See the Design Size Report for more details (C:/Users/duong/Desktop/xup_high_level_synthesis_design_flow-main/source/lab1/matrixmul/matrixmul/hls/syn/report/csynth_design_size.rpt:2)
Command       send_msg_by_id done; 0.553 sec.
Execute       send_msg_by_id INFO @200-1995@%s%s%s 42 HW Transforms (step 1) (C:/Users/duong/Desktop/xup_high_level_synthesis_design_flow-main/source/lab1/matrixmul/matrixmul/hls/syn/report/csynth_design_size.rpt:2) 
INFO: [HLS 200-1995] There were 42 instructions in the design after the 'HW Transforms (step 1)' phase of compilation. See the Design Size Report for more details (C:/Users/duong/Desktop/xup_high_level_synthesis_design_flow-main/source/lab1/matrixmul/matrixmul/hls/syn/report/csynth_design_size.rpt:2)
Execute       send_msg_by_id INFO @200-1995@%s%s%s 50 HW Transforms (step 2) (C:/Users/duong/Desktop/xup_high_level_synthesis_design_flow-main/source/lab1/matrixmul/matrixmul/hls/syn/report/csynth_design_size.rpt:2) 
INFO: [HLS 200-1995] There were 50 instructions in the design after the 'HW Transforms (step 2)' phase of compilation. See the Design Size Report for more details (C:/Users/duong/Desktop/xup_high_level_synthesis_design_flow-main/source/lab1/matrixmul/matrixmul/hls/syn/report/csynth_design_size.rpt:2)
Execute       source D:/movies/2025.2/Vitis/tps/tcl/tcllib2.0/yaml/yaml.tcl 
Execute         source D:/movies/2025.2/Vitis/tps/tcl/tcllib2.0/cmdline/cmdline.tcl 
INFO: [HLS 214-376] Pipelining loop< Col> at ../matrixmul.cpp:39:10 due to pipeline_loops threshold
INFO: [HLS 214-291] Loop 'Product' is marked as complete unroll implied by the pipeline pragma (../matrixmul.cpp:42:16)
INFO: [HLS 214-186] Unrolling loop 'Product' (../matrixmul.cpp:42:16) in function 'matrixmul' completely with a factor of 3 (../matrixmul.cpp:35:0)
INFO-FLOW: run_clang result=success num-err-msgs=0 num-stderr-lines=18
INFO-FLOW: DBG:PUTS: copy_raw_kernel_xml ap_link_39: kernel.xml not generated: C:/Users/duong/Desktop/xup_high_level_synthesis_design_flow-main/source/lab1/matrixmul/matrixmul/hls/.autopilot/db/kernel.internal.xml
INFO: [HLS 200-111] Finished Compiling Optimization and Transform: CPU user time: 1 seconds. CPU system time: 1 seconds. Elapsed time: 15.501 seconds; current allocated memory: 143.516 MB.
INFO: [HLS 200-111] Finished Checking Pragmas: CPU user time: 0 seconds. CPU system time: 0 seconds. Elapsed time: 0.007 seconds; current allocated memory: 143.516 MB.
Execute       opt_and_import_c a -opt_level=2 -skip_syncheck=0 -ng=0 -keep_printf=0 
Execute         cleanup_all_models 
INFO: [HLS 200-10] Starting code transformations ...
INFO-FLOW: Running Standard Transforms...
Execute         transform -hls -share-std-xform -demangle-name -inline-byval-memcpy -always-inline -promote-dbg-pointer -interface-preproc -mem2reg -reassociate -gvn -reassociate -scalarrepl -mem2reg -keep-read-access -instcombine -dce -promote-dbg-pointer -bitop-raise -loop-simplify -indvarspre -indvars -loop-simplify -constprop -instcombine -simplifycfg -indvars -simplifycfg -dce -globaldce -basicaa -simplifycfg -mem2reg -globalopt -global-constprop -deadargelim -instcombine -simplifycfg -scalarrepl -instcombine -reassociate -licm -simplifycfg -loop-simplify -indvars -instcombine -simplifycfg -mem2reg -loop-simplify -indvars -instcombine -gvn -gvn -instcombine -adce -break-crit-edges -simplifycfg -loop-delete -global-array-opt -dce -dse -adce -find-syn-modules -top matrixmul -deadargelim -mem2reg -instcombine -dce -presyn-prepare -interface-preproc -syn-check -check-rec-only -find-region -simplifycfg -func-extr -function-inline -globaldce -mem2reg -instcombine -dce -gvn -globaldce -adce -adse -constprop -instcombine -bit-constprop -instcombine -dce -simplifycfg -bitop-raise -simplifycfg -dce -loop-delete -reassociate -globalopt -global-privatize -mem2reg -dce -global-constprop -pointer-simplify -constprop -dce -promote-dbg-pointer -norm-name C:/Users/duong/Desktop/xup_high_level_synthesis_design_flow-main/source/lab1/matrixmul/matrixmul/hls/.autopilot/db/a.g.0.bc -o C:/Users/duong/Desktop/xup_high_level_synthesis_design_flow-main/source/lab1/matrixmul/matrixmul/hls/.autopilot/db/a.g.1.bc -f -phase std-opt 
INFO: [HLS 200-111] Finished Standard Transforms: CPU user time: 0 seconds. CPU system time: 0 seconds. Elapsed time: 0.017 seconds; current allocated memory: 147.445 MB.
INFO: [HLS 200-10] Checking synthesizability ...
INFO-FLOW: Checking Synthesizability 1/2..
Execute         transform -hls -syn-check -check-rec-only -scalarrepl -norm-name -dce -mem2reg -instcombine -directive-preproc -mem2reg -dse -dce -dce -pag -array-normalize -instcombine -dce -array-seg-normalize -instcombine -dce -data-pack -instcombine -dce -inst-simplify -array-flatten -instcombine -dce -array-burst -dce -deadargelim -promote-global-argument -simplifycfg -mem2reg -globaldce -dce -deadargelim -dce -instcombine -function-inline -globaldce -dce -doublePtrSimplify -doublePtrElim -dce -doublePtrSimplify -promote-dbg-pointer -dce -scalarrepl -dse -adse -instcombine -ptrLegalization -simplifycfg -dce -instcombine -pointer-simplify -ptrArgReplace -dce -instcombine -resolve-double-ptr -scalarrepl -norm-name -dce -mem2reg -instcombine -ptrLegalization -simplifycfg -deadargelim -instcombine -dce -inst-simplify -directive-preproc -mem2reg -dse -dce -globaldce C:/Users/duong/Desktop/xup_high_level_synthesis_design_flow-main/source/lab1/matrixmul/matrixmul/hls/.autopilot/db/a.g.1.bc -o C:/Users/duong/Desktop/xup_high_level_synthesis_design_flow-main/source/lab1/matrixmul/matrixmul/hls/.autopilot/db/a.g.2.prechk.bc -f 
INFO-FLOW: Checking Synthesizability 2/2..
Execute         transform -syn-check C:/Users/duong/Desktop/xup_high_level_synthesis_design_flow-main/source/lab1/matrixmul/matrixmul/hls/.autopilot/db/a.g.2.prechk.bc -o C:/Users/duong/Desktop/xup_high_level_synthesis_design_flow-main/source/lab1/matrixmul/matrixmul/hls/.autopilot/db/a.g.2.bc -f -phase syn-check 
INFO: [HLS 200-111] Finished Checking Synthesizability: CPU user time: 0 seconds. CPU system time: 0 seconds. Elapsed time: 0.009 seconds; current allocated memory: 149.059 MB.
INFO-FLOW: Compiler optimizing ...
INFO-FLOW: Share syncheck's 1.bc for syn flow: copy C:/Users/duong/Desktop/xup_high_level_synthesis_design_flow-main/source/lab1/matrixmul/matrixmul/hls/.autopilot/db/a.g.1.bc to C:/Users/duong/Desktop/xup_high_level_synthesis_design_flow-main/source/lab1/matrixmul/matrixmul/hls/.autopilot/db/a.o.1.bc
INFO-FLOW: Presyn 1...
Execute         transform -hls -tmp C:/Users/duong/Desktop/xup_high_level_synthesis_design_flow-main/source/lab1/matrixmul/matrixmul/hls/.autopilot/db -interface-port-rename -directive-preproc -mem2reg -dse -dce -scalarrepl -norm-name -deadargelim -dce -hls-dead-arg-elim -deadargelim -mem2reg -instcombine -dce -simplifycfg -dce -resource-proc -clib-intrinsic-prepare -dce -func-buffer -dce -pag -array-normalize -func-legal -instcombine -gvn -constprop -dce -simplifycfg -mem2reg -globaldce -resolve-double-ptr -dce -deadargelim -dce -instcombine -ptrArgReplace -mem2reg -dce -array-seg-normalize -deadargelim -instcombine -dce -directive-preproc -mem2reg -dse -dce -pointer-simplify -dce -dce -interface-preproc -data-pack -instcombine -dce -basicaa -aggr-aa -aggrmodref-aa -aggr-aa -gvn -gvn -basicaa -aggr-aa -aggrmodref-aa -aggr-aa -dse -adse -adce -loop-simplify -indvars -instcombine -gvn -loop-simplify -mem2reg -dce -find-region -instcombine -inst-simplify -interface-preproc -cfgopt -instcombine -indvars -loop-simplify -loop-bound -constprop -instcombine -simplifycfg -indvars -simplifycfg -dce -globaldce -clean-region -attach-range -gvn -inst-simplify -constprop -simplifycfg -dce -pointer-simplify -dce -globalopt -constprop -dce -ptrArgReplace -mem2reg -simplifycfg -dce -instcombine -dce -array-transform-check -array-reshape -instcombine -simplifycfg -dce -ptrArgReplace -deadargelim -mem2reg -instcombine -simplifycfg -dce -indvars -loop-simplify -loop-bound -constprop -instcombine -simplifycfg -indvars -simplifycfg -dce -globaldce -basicaa -aggr-aa -aggrmodref-aa -aggr-aa -dse -duplicate-dataflow-processes -globaldce -instcombine -array-partition -prepare-dynamic-array-partition -instcombine -simplifycfg -dce -ptrArgReplace -global-constprop -deadargelim -mem2reg -func-legal -dce -global-constprop -deadargelim -mem2reg -simplifycfg -dce -merge-param -deadargelim -globalopt -constprop -dce -ptrArgReplace -mem2reg -simplifycfg -dce -mem-intrinsic-preproc -dce -global-internalize -global-privatize -mem2reg -globaldce -lcssa -loop-simplify -phi-select-elim -promote-global-argument -ptrArgReplace -mem2reg -dce -globalopt -mergereturn -simplify-global-access -mem2reg -dce -pointer-simplify -dce -basicaa -aggr-aa -aggrmodref-aa -aggr-aa -functionattrs -basicaa -aggr-aa -aggrmodref-aa -aggr-aa -gvn -gvn -basicaa -aggr-aa -aggrmodref-aa -aggr-aa -dse -adse -adce -dce -norm-name -basicaa -aggr-aa -aggrmodref-aa -aggr-aa -accesses-merge -function-inline -complex-op-raise -inst-simplify -globaldce -func-legal -dce -loop-bound -arraycheck -bitwidthmin2 -bitwidthmin2 -on-by-dataflow -loop-delete -instcombine -simplifycfg -globaldce -dce -gvn -deadargelim -dce -loop-simplify -clean-region -simplifycfg -propagate-stable-arguments -instcombine -simplifycfg -dce -globaldce -duplicate-dataflow-processes -stream-intrinsic-preproc -dce -check-ap-stream -loop-simplify -eliminate-keepreads -extract-dataflow-in-loop -loop-simplify -dce -gvn -deadargelim -dse -duplicate-dataflow-processes -check-dataflow-syntax -legalize-stream-variable -globaldce -extract-subproc -global-constprop -deadargelim -globaldce -legalize-global -dce -dead-channel-elimination -canonicalize-gep -globaldce -dce -gvn -hls-dead-arg-elim -deadargelim -canonicalize-dataflow -directive-preproc -dce -globaldce -scalar-preprocessing -scalar-propagation2 -scalar-stream -deadargelim -globaldce -mem2reg -check-dataflow-channels -function-stream -dce -globaldce -prop-fifo-spec -internal-stream-gen -canonicalize-gep -globaldce -dce -gvn -deadargelim -mergereturn -indvars -loop-simplify -instcombine -array-stream -array-seg-normalize -array-partition -clean-array-spec -func-legal -instcombine -simplifycfg -dce -bundle-memfifo-ops -deadargelim -directive-preproc -mem2reg -dse -dce -group-axi-access -licm -simplifycfg -dce -loop-delete -hls-display -norm-name C:/Users/duong/Desktop/xup_high_level_synthesis_design_flow-main/source/lab1/matrixmul/matrixmul/hls/.autopilot/db/a.o.1.bc -o C:/Users/duong/Desktop/xup_high_level_synthesis_design_flow-main/source/lab1/matrixmul/matrixmul/hls/.autopilot/db/a.o.1.tmp.bc -f 
INFO-FLOW: Presyn 2...
Execute         transform -hls -keep-callgraph -scalarrepl -mem2reg -attach-range -dce -pipe-mux-gen -indvars -loop-bound -inst-simplify -instcombine -dce -merge-array-access -mem2reg -dce -clean-region -mergereturn -if-conv -instcombine -dce -constprop -basicaa -aggr-aa -aggrmodref-aa -aggr-aa -gvn -gvn -basicaa -aggr-aa -aggrmodref-aa -aggr-aa -dse -adse -adce -scalarrepl -mem2reg -global-constprop -deadargelim -deadargelim -instcombine -dce -simplifycfg -ptrArgReplace -mem2reg -function-inline -globaldce -mem2reg -instcombine -dce -expr-balance -instcombine -dce -bitwidthmin2 -bitwidthmin2 -interface-preproc -directive-preproc -inst-rectify -instcombine -dce -basicaa -aggr-aa -aggrmodref-aa -aggr-aa -functionattrs -constprop -instcombine -bit-constprop -simplify-global-access -globalopt -globaldce -inst-simplify -instcombine -elimdeaddata -dce -loop-delete -simplifycfg -loop-simplify -barrier -norm-name C:/Users/duong/Desktop/xup_high_level_synthesis_design_flow-main/source/lab1/matrixmul/matrixmul/hls/.autopilot/db/a.o.1.tmp.bc -o C:/Users/duong/Desktop/xup_high_level_synthesis_design_flow-main/source/lab1/matrixmul/matrixmul/hls/.autopilot/db/a.o.2.bc -f -phase presyn 
INFO: [HLS 200-111] Finished Loop, function and other optimizations: CPU user time: 0 seconds. CPU system time: 0 seconds. Elapsed time: 0.032 seconds; current allocated memory: 169.809 MB.
Execute         transform -hls -auto-function-inline -globaldce -ptrArgReplace -mem2reg -dce -reset-lda -loop-simplify -indvars -aggr-aa -licm -loop-dep -loop-bound -licm -loop-simplify -loop-sink-hoist -flattenloopnest -array-flatten -gvn -instcombine -dce -array-map -dce -func-legal -gvn -adce -instcombine -cfgopt -simplifycfg-lite -loop-simplify -array-burst -promote-global-argument -dce -array-seg-normalize -basicaa -aggrmodref-aa -globalsmodref-aa -aggr-aa -gvn -gvn -basicaa -aggrmodref-aa -globalsmodref-aa -aggr-aa -dse -adse -adce -licm -inst-simplify -dce -globaldce -instcombine -array-stream -eliminate-keepreads -instcombine -dce -deadargelim -doublePtrSimplify -doublePtrElim -dce -doublePtrSimplify -promote-dbg-pointer -dce -scalarrepl -mem2reg -norm-name -mem2reg -instcombine -dse -adse -adce -ptrLegalization -dce -array-flatten -dce -instcombine -check-doubleptr -loop-rot -constprop -inst-simplify -cfgopt -simplifycfg-lite -loop-simplify -indvars -pointer-simplify -dce -loop-bound -loop-simplify -loop-preproc -constprop -global-constprop -gvn -mem2reg -instcombine -dce -loop-bound -loop-merge -dce -deadargelim -dce -canonicalize-dataflow -dce -deadargelim -globaldce -mem2reg -bram-byte-enable -inst-simplify -inst-rectify -instcombine -adce -deadargelim -load-elim -read-loop-dep -loop-simplify -loop-rewind-sink-hoist -loop-outline -hls-dead-arg-elim -directive-preproc -bitwidthmin2 -bitwidthmin2 -read-loop-dep -interface-preproc -directive-preproc -interface-gen -bram-byte-enable-spec-prop -mul2addshift -deadargelim -inst-simplify -dce -mem2reg -instcombine -gvn -dce -adse -loop-bound -instcombine -cfgopt -simplifycfg-lite -loop-simplify -clean-region -io-protocol -find-region -mem2reg -bitop-raise -complex-op-raise -inst-simplify -inst-rectify -instcombine -gvn -adce -deadargelim -float-op-raise -loop-simplify -phi-opt -bitop-raise -cfgopt -simplifycfg-lite -strip-dead-prototypes -interface-lower -bitop-lower -intrinsic-lower -auto-function-inline -basicaa -aggrmodref-aa -globalsmodref-aa -aggr-aa -inst-simplify -simplifycfg-lite -loop-simplify -mergereturn -inst-simplify -inst-rectify -globaldce -dce -load-elim -bitop-lower -float-op-raise -fma-raise -loop-rewind -pointer-simplify -dce -cfgopt -dce -loop-bound -loop-dep -read-loop-dep -dce -dyn-mem-reuse -dce -recurrence-min -dce -share-scalar-alloca -deadargelim -dce -check-stream -norm-name -legalize -inst-clarity -bitwidth -dce -validate-dataflow -dump-loop-dep-to-ir -check-all-ssdm -drop-inferred-ii -dump-complexity-metric C:/Users/duong/Desktop/xup_high_level_synthesis_design_flow-main/source/lab1/matrixmul/matrixmul/hls/.autopilot/db/a.o.2.bc -o C:/Users/duong/Desktop/xup_high_level_synthesis_design_flow-main/source/lab1/matrixmul/matrixmul/hls/.autopilot/db/a.o.3.bc -f -phase build-ssdm 
INFO: [HLS 200-2061] Successfully converted nested loops 'Row'(../matrixmul.cpp:37:8) and 'Col'(../matrixmul.cpp:39:10) in function 'matrixmul' into perfectly nested loops.
INFO: [XFORM 203-541] Flattening a loop nest 'Row' (../matrixmul.cpp:37:8) in function 'matrixmul'.
Execute           AP::auto_get_db
INFO-FLOW: Building ssdm...
Execute         transform -hls -cdfg-build C:/Users/duong/Desktop/xup_high_level_synthesis_design_flow-main/source/lab1/matrixmul/matrixmul/hls/.autopilot/db/a.o.3.bc -o C:/Users/duong/Desktop/xup_high_level_synthesis_design_flow-main/source/lab1/matrixmul/matrixmul/hls/.autopilot/db/a.o.3.bc -f -phase build-ssdm 
INFO: [HLS 200-111] Finished Architecture Synthesis: CPU user time: 0 seconds. CPU system time: 0 seconds. Elapsed time: 0.027 seconds; current allocated memory: 169.836 MB.
INFO-FLOW: Finish building internal data model.
Command     elaborate done; 23.665 sec.
Execute     ap_eval exec zip -j C:/Users/duong/Desktop/xup_high_level_synthesis_design_flow-main/source/lab1/matrixmul/matrixmul/hls/.autopilot/db/dut.hcp $dbDir/a.o.3.bc $dbDir/${topname}.rtl_wrap.cfg.tcl $dbDir/apatb_${topname}.cpp $dbDir/apatb_${topname}_util.cpp $dbDir/apatb_${topname}_ir.ll $dbDir/mapper_${topname}.cpp $dbDir/top-io-fe.xml $dbDir/kernel.internal.xml $workdir/../hls.app 
Command     ap_eval done; 0.284 sec.
INFO: [HLS 200-10] Starting hardware synthesis ...
INFO-FLOW: Synthesizing C/C++ design AP::SynTopModule=matrixmul
INFO: [HLS 200-10] Synthesizing 'matrixmul' ...
Execute     ap_set_top_model matrixmul 
Execute     get_model_list matrixmul -filter all-wo-channel -topdown 
Execute     preproc_iomode -model matrixmul 
Execute     get_model_list matrixmul -filter all-wo-channel 
INFO-FLOW: Model list for configure: matrixmul
INFO-FLOW: Configuring Module : matrixmul ...
Execute     set_default_model matrixmul 
Execute     apply_spec_resource_limit matrixmul 
INFO-FLOW: Model list for preprocess: matrixmul
INFO-FLOW: Preprocessing Module: matrixmul ...
Execute     set_default_model matrixmul 
Execute     cdfg_preprocess -model matrixmul 
Execute     rtl_gen_preprocess matrixmul 
INFO-FLOW: Model list for synthesis: matrixmul
INFO: [HLS 200-10] ----------------------------------------------------------------
INFO: [HLS 200-42] -- Implementing module 'matrixmul' 
INFO: [HLS 200-10] ----------------------------------------------------------------
Execute     set_default_model matrixmul 
Execute     schedule -model matrixmul 
INFO: [SCHED 204-11] Starting scheduling ...
INFO: [HLS 200-486] Changing DSP latency (root=add_ln43_1) to 3 in order to utilize available DSP registers.
INFO: [HLS 200-486] Changing DSP latency (root=add_ln43) to 3 in order to utilize available DSP registers.
INFO: [SCHED 204-61] Pipelining loop 'Row_Col'.
WARNING: [HLS 200-448] Lower bound of II is 2 due to multiple 'load' operation 8 bit ('a_load', ../matrixmul.cpp:43) on array 'a', 'load' operation 8 bit ('a_load_1', ../matrixmul.cpp:43) on array 'a', 'load' operation 8 bit ('a_load_2', ../matrixmul.cpp:43) on array 'a' accessing core:RAM:a
WARNING: [HLS 200-448] Lower bound of II is 2 due to multiple 'load' operation 8 bit ('b_load', ../matrixmul.cpp:43) on array 'b', 'load' operation 8 bit ('b_load_1', ../matrixmul.cpp:43) on array 'b', 'load' operation 8 bit ('b_load_2', ../matrixmul.cpp:43) on array 'b' accessing core:RAM:b
INFO: [HLS 200-1470] Pipelining result : Target II = NA, Final II = 2, Depth = 6, loop 'Row_Col'
INFO: [SCHED 204-11] Finished scheduling.
INFO: [HLS 200-111] Finished Scheduling: CPU user time: 0 seconds. CPU system time: 0 seconds. Elapsed time: 0.38 seconds; current allocated memory: 169.836 MB.
Execute     syn_report -verbosereport -o C:/Users/duong/Desktop/xup_high_level_synthesis_design_flow-main/source/lab1/matrixmul/matrixmul/hls/.autopilot/db/matrixmul.verbose.sched.rpt 
Execute       list_part -family xc7a35t-fgg484-2 
Execute         ap_family_info -name xc7a35t-fgg484-2 -data names 
Execute         ap_part_info -quiet -name xc7a35t-fgg484-2 -data family 
INFO: [HLS 200-2250] Rewind delay = 1 for the pipelined loop 'Row_Col' due to a read-after-write dependence on variable 'j (../matrixmul.cpp:39)'.
Execute     db_write -o C:/Users/duong/Desktop/xup_high_level_synthesis_design_flow-main/source/lab1/matrixmul/matrixmul/hls/.autopilot/db/matrixmul.sched.adb -f 
INFO-FLOW: Finish scheduling matrixmul.
Execute     set_default_model matrixmul 
Execute     bind -model matrixmul 
INFO: [BIND 205-100] Starting micro-architecture generation ...
INFO: [BIND 205-101] Performing variable lifetime analysis.
INFO: [BIND 205-101] Exploring resource sharing.
INFO: [BIND 205-101] Binding ...
INFO: [BIND 205-100] Finished micro-architecture generation.
INFO: [HLS 200-111] Finished Binding: CPU user time: 0 seconds. CPU system time: 0 seconds. Elapsed time: 0.05 seconds; current allocated memory: 169.836 MB.
Execute     syn_report -verbosereport -o C:/Users/duong/Desktop/xup_high_level_synthesis_design_flow-main/source/lab1/matrixmul/matrixmul/hls/.autopilot/db/matrixmul.verbose.bind.rpt 
Execute       list_part -family xc7a35t-fgg484-2 
Execute         ap_family_info -name xc7a35t-fgg484-2 -data names 
Execute         ap_part_info -quiet -name xc7a35t-fgg484-2 -data family 
Execute     db_write -o C:/Users/duong/Desktop/xup_high_level_synthesis_design_flow-main/source/lab1/matrixmul/matrixmul/hls/.autopilot/db/matrixmul.bind.adb -f 
INFO-FLOW: Finish binding matrixmul.
Execute     get_model_list matrixmul -filter all-wo-channel 
INFO-FLOW: Preprocessing for RTLGen ...
Execute     rtl_gen_preprocess matrixmul 
INFO-FLOW: Model list for RTL generation: matrixmul
INFO: [HLS 200-10] ----------------------------------------------------------------
INFO: [HLS 200-10] -- Generating RTL for module 'matrixmul' 
INFO: [HLS 200-10] ----------------------------------------------------------------
Execute     create_rtl_model matrixmul -top_prefix  -sub_prefix matrixmul_ -mg_file C:/Users/duong/Desktop/xup_high_level_synthesis_design_flow-main/source/lab1/matrixmul/matrixmul/hls/.autopilot/db/matrixmul.compgen.tcl 
INFO: [RTGEN 206-500] Setting interface mode on port 'matrixmul/a' to 'ap_memory'.
INFO: [RTGEN 206-500] Setting interface mode on port 'matrixmul/b' to 'ap_memory'.
INFO: [RTGEN 206-500] Setting interface mode on port 'matrixmul/res' to 'ap_memory'.
INFO: [RTGEN 206-500] Setting interface mode on function 'matrixmul' to 'ap_ctrl_hs'.
INFO: [HLS 200-1030] Apply Unified Pipeline Control on module 'matrixmul' pipeline 'Row_Col' pipeline type 'loop pipeline'
INFO: [RTGEN 206-100] Generating core module 'mac_muladd_8s_8s_16s_16_4_1': 2 instance(s).
INFO: [RTGEN 206-100] Generating core module 'mul_8s_8s_16_1_1': 1 instance(s).
INFO: [RTGEN 206-100] Finished creating RTL model for 'matrixmul'.
Command     create_rtl_model done; 0.161 sec.
INFO: [HLS 200-111] Finished Creating RTL model: CPU user time: 0 seconds. CPU system time: 0 seconds. Elapsed time: 1.534 seconds; current allocated memory: 171.512 MB.
Execute     source C:/Users/duong/Desktop/xup_high_level_synthesis_design_flow-main/source/lab1/matrixmul/matrixmul/hls/.autopilot/db/matrixmul.rtl_wrap.cfg.tcl 
Execute     gen_rtl matrixmul -istop -style xilinx -f -lang vhdl -o C:/Users/duong/Desktop/xup_high_level_synthesis_design_flow-main/source/lab1/matrixmul/matrixmul/hls/syn/vhdl/matrixmul 
Execute     gen_rtl matrixmul -istop -style xilinx -f -lang vlog -o C:/Users/duong/Desktop/xup_high_level_synthesis_design_flow-main/source/lab1/matrixmul/matrixmul/hls/syn/verilog/matrixmul 
Execute     syn_report -csynth -model matrixmul -o C:/Users/duong/Desktop/xup_high_level_synthesis_design_flow-main/source/lab1/matrixmul/matrixmul/hls/syn/report/matrixmul_csynth.rpt 
Execute       list_part -family xc7a35t-fgg484-2 
Execute         ap_family_info -name xc7a35t-fgg484-2 -data names 
Execute         ap_part_info -quiet -name xc7a35t-fgg484-2 -data family 
Execute     syn_report -rtlxml -model matrixmul -o C:/Users/duong/Desktop/xup_high_level_synthesis_design_flow-main/source/lab1/matrixmul/matrixmul/hls/syn/report/matrixmul_csynth.xml 
Execute       list_part -family xc7a35t-fgg484-2 
Execute         ap_family_info -name xc7a35t-fgg484-2 -data names 
Execute         ap_part_info -quiet -name xc7a35t-fgg484-2 -data family 
Execute     syn_report -verbosereport -model matrixmul -o C:/Users/duong/Desktop/xup_high_level_synthesis_design_flow-main/source/lab1/matrixmul/matrixmul/hls/.autopilot/db/matrixmul.verbose.rpt 
Execute       list_part -family xc7a35t-fgg484-2 
Execute         ap_family_info -name xc7a35t-fgg484-2 -data names 
Execute         ap_part_info -quiet -name xc7a35t-fgg484-2 -data family 
Execute     db_write -model matrixmul -f -o C:/Users/duong/Desktop/xup_high_level_synthesis_design_flow-main/source/lab1/matrixmul/matrixmul/hls/.autopilot/db/matrixmul.adb 
Execute     db_write -model matrixmul -bindview -o C:/Users/duong/Desktop/xup_high_level_synthesis_design_flow-main/source/lab1/matrixmul/matrixmul/hls/.autopilot/db/design.bindinfo.xml 
Execute     gen_tb_info matrixmul -p C:/Users/duong/Desktop/xup_high_level_synthesis_design_flow-main/source/lab1/matrixmul/matrixmul/hls/.autopilot/db -o C:/Users/duong/Desktop/xup_high_level_synthesis_design_flow-main/source/lab1/matrixmul/matrixmul/hls/.autopilot/db/matrixmul 
Execute     export_constraint_db -f -tool general -o C:/Users/duong/Desktop/xup_high_level_synthesis_design_flow-main/source/lab1/matrixmul/matrixmul/hls/.autopilot/db/matrixmul.constraint.tcl 
Execute     syn_report -designview -model matrixmul -o C:/Users/duong/Desktop/xup_high_level_synthesis_design_flow-main/source/lab1/matrixmul/matrixmul/hls/.autopilot/db/matrixmul.design.xml 
Execute     syn_report -csynthDesign -model matrixmul -o C:/Users/duong/Desktop/xup_high_level_synthesis_design_flow-main/source/lab1/matrixmul/matrixmul/hls/syn/report/csynth.rpt -MHOut C:/Users/duong/Desktop/xup_high_level_synthesis_design_flow-main/source/lab1/matrixmul/matrixmul/hls/.autopilot/db/kernel_module_hierarchy.tcl 
Execute       list_part -family xc7a35t-fgg484-2 
Execute         ap_family_info -name xc7a35t-fgg484-2 -data names 
Execute         ap_part_info -quiet -name xc7a35t-fgg484-2 -data family 
Execute     syn_report -wcfg -model matrixmul -o C:/Users/duong/Desktop/xup_high_level_synthesis_design_flow-main/source/lab1/matrixmul/matrixmul/hls/.autopilot/db/matrixmul_dataflow_ana.wcfg 
Execute     syn_report -protoinst -model matrixmul -o C:/Users/duong/Desktop/xup_high_level_synthesis_design_flow-main/source/lab1/matrixmul/matrixmul/hls/.autopilot/db/matrixmul.protoinst 
Execute     sc_get_clocks matrixmul 
Execute     sc_get_portdomain matrixmul 
INFO-FLOW: Model list for RTL component generation: matrixmul
INFO-FLOW: Handling components in module [matrixmul] ... 
Execute     source C:/Users/duong/Desktop/xup_high_level_synthesis_design_flow-main/source/lab1/matrixmul/matrixmul/hls/.autopilot/db/matrixmul.compgen.tcl 
INFO-FLOW: Found component matrixmul_mul_8s_8s_16_1_1.
INFO-FLOW: Append model matrixmul_mul_8s_8s_16_1_1
INFO-FLOW: Found component matrixmul_mac_muladd_8s_8s_16s_16_4_1.
INFO-FLOW: Append model matrixmul_mac_muladd_8s_8s_16s_16_4_1
INFO-FLOW: Found component matrixmul_flow_control_loop_pipe.
INFO-FLOW: Append model matrixmul_flow_control_loop_pipe
INFO-FLOW: Append model matrixmul
INFO-FLOW: Generating RTL model list ...
INFO-FLOW: All models in this session: matrixmul_mul_8s_8s_16_1_1 matrixmul_mac_muladd_8s_8s_16s_16_4_1 matrixmul_flow_control_loop_pipe matrixmul
INFO-FLOW: Generating C:/Users/duong/Desktop/xup_high_level_synthesis_design_flow-main/source/lab1/matrixmul/matrixmul/hls/.autopilot/db/autopilot.rtl.models.txt file...
INFO-FLOW: To file: write model matrixmul_mul_8s_8s_16_1_1
INFO-FLOW: To file: write model matrixmul_mac_muladd_8s_8s_16s_16_4_1
INFO-FLOW: To file: write model matrixmul_flow_control_loop_pipe
INFO-FLOW: To file: write model matrixmul
INFO-FLOW: Generating C:/Users/duong/Desktop/xup_high_level_synthesis_design_flow-main/source/lab1/matrixmul/matrixmul/hls/.autopilot/db/autopilot.rtl.models.tcl file...
INFO-FLOW: Finished generating RTL model list.


INFO-FLOW: RTL Generation done.
INFO-FLOW: CAS Generation done.
INFO-FLOW: CBC Generation done.
Execute     AP::msg_collection_file -close 
INFO-FLOW: DBG:PROC: ::AESL_AUTOMG::auto_generate_csynth_design
INFO-FLOW: DBG:PUTS: read_platform_lib C:/Users/duong/Desktop/xup_high_level_synthesis_design_flow-main/source/lab1/matrixmul/matrixmul/hls/.autopilot/db/global.setting.tcl
Execute     source D:/movies/2025.2/Vitis/common/technology/generic/autopilot/common.gen 
Execute       source D:/movies/2025.2/Vitis/common/technology/generic/autopilot/APCoreGen.gen 
Execute     source D:/movies/2025.2/Vitis/common/technology/generic/autopilot/op.gen 
Execute     source D:/movies/2025.2/Vitis/common/technology/generic/autopilot/op_simcore.gen 
Execute     source D:/movies/2025.2/Vitis/common/technology/generic/autopilot/interface.gen 
Execute     source C:/Users/duong/Desktop/xup_high_level_synthesis_design_flow-main/source/lab1/matrixmul/matrixmul/hls/.autopilot/db/global.setting.tcl 
Execute     ap_family_info -name artix7 -data parts 
Execute     ap_part_info -name xc7a12ticsg325-1L -data info 
Execute     source D:/movies/2025.2/Vitis/common/technology/xilinx/common/xilinx.gen 
Execute       source D:/movies/2025.2/Vitis/common/technology/xilinx/interface/plb46.gen 
Execute       source D:/movies/2025.2/Vitis/common/technology/xilinx/interface/axi4.gen 
Execute       source D:/movies/2025.2/Vitis/common/technology/xilinx/interface/nativeAXI4.gen 
Execute         source D:/movies/2025.2/Vitis/common/technology/xilinx/interface/saxilite.gen 
Execute       source D:/movies/2025.2/Vitis/common/technology/xilinx/scripts/xilinxcoregen.gen 
Execute       source D:/movies/2025.2/Vitis/common/technology/xilinx/interface/XilEDKCoreGen.gen 
Execute       source D:/movies/2025.2/Vitis/common/technology/xilinx/ip/dds_compiler.gen 
Execute       source D:/movies/2025.2/Vitis/common/technology/xilinx/ip/util.gen 
Execute       source D:/movies/2025.2/Vitis/common/technology/xilinx/ip/xfft.gen 
Execute       source D:/movies/2025.2/Vitis/common/technology/xilinx/ip/xfir.gen 
Execute       source D:/movies/2025.2/Vitis/common/technology/xilinx/DSP48/dsp48.gen 
INFO-FLOW: DBG:PUTS:   using AESL_AUTOCG::g_clock_period=10.000 (was NA)
INFO-FLOW: DBG:PROC: ::AESL_AUTOMG::generate_ip_cores gen_sim_model='1' gen_fp_models='0' gen_for_export='0' dstSCDir='' dstVhdlDir='C:/Users/duong/Desktop/xup_high_level_synthesis_design_flow-main/source/lab1/matrixmul/matrixmul/hls/.autopilot/db/vhdl' dstVlogDir='C:/Users/duong/Desktop/xup_high_level_synthesis_design_flow-main/source/lab1/matrixmul/matrixmul/hls/.autopilot/db/vlog' tclDir='C:/Users/duong/Desktop/xup_high_level_synthesis_design_flow-main/source/lab1/matrixmul/matrixmul/hls/.autopilot/db' modelList='matrixmul_mul_8s_8s_16_1_1
matrixmul_mac_muladd_8s_8s_16s_16_4_1
matrixmul_flow_control_loop_pipe
matrixmul
' expOnly='0'
Execute     source C:/Users/duong/Desktop/xup_high_level_synthesis_design_flow-main/source/lab1/matrixmul/matrixmul/hls/.autopilot/db/global.setting.tcl 
Execute     ap_part_info -name xc7a35t-fgg484-2 -data names -quiet 
Execute     ap_part_info -name xc7a35t-fgg484-2 -data info -quiet 
Execute     source C:/Users/duong/Desktop/xup_high_level_synthesis_design_flow-main/source/lab1/matrixmul/matrixmul/hls/.autopilot/db/global.setting.tcl 
Execute     source C:/Users/duong/Desktop/xup_high_level_synthesis_design_flow-main/source/lab1/matrixmul/matrixmul/hls/.autopilot/db/global.setting.tcl 
Execute     source C:/Users/duong/Desktop/xup_high_level_synthesis_design_flow-main/source/lab1/matrixmul/matrixmul/hls/.autopilot/db/matrixmul.compgen.tcl 
INFO: [HLS 200-111] Finished Generating all RTL models: CPU user time: 0 seconds. CPU system time: 0 seconds. Elapsed time: 0.415 seconds; current allocated memory: 175.828 MB.
INFO-FLOW: DBG:PROC: ::HLSREPORTS::create_csynth_xml bind_info_var='bind_info' RtlSubPrefix='matrixmul_' outfile=''
INFO-FLOW: Running: create_csynth_xml read xml data
INFO-FLOW: Done: create_csynth_xml read xml data time: 0 seconds 
INFO-FLOW: create_csynth_xml: all_module_nodes count=1
INFO-FLOW: Running: create_csynth_xml bind info
INFO-FLOW: create_csynth_xml: all_bind_nodes count=21
INFO-FLOW: Done: create_csynth_xml bind info time: 0 seconds 
INFO-FLOW: create_csynth_xml: bind_instances counts: modules=1 instances=18
INFO-FLOW: Running: create_csynth_xml update csynth_xml_module_hier
INFO-FLOW: Done: create_csynth_xml update csynth_xml_module_hier time: 0 seconds 
INFO-FLOW: create_csynth_xml: csynth_xml_module_hier max_depth=2
INFO-FLOW: Running: create_csynth_xml gen bind_report_dict
INFO-FLOW: Done: create_csynth_xml gen bind_report_dict time: 0 seconds 
INFO-FLOW: Running: create_csynth_xml config info
INFO-FLOW: Done: create_csynth_xml config info time: 0.7 seconds 
INFO-FLOW: Running: create_csynth_xml write xml
INFO-FLOW: Done: create_csynth_xml write xml time: 0 seconds 
INFO-FLOW: DBG:PUTS:      create_csynth_xml wrote csynth_xml=C:/Users/duong/Desktop/xup_high_level_synthesis_design_flow-main/source/lab1/matrixmul/matrixmul/hls/syn/report/csynth.xml
INFO-FLOW: Running: generate_json
INFO-FLOW: DBG:PROC: ::AP::DESIGN_DATA::generate_json generate_bd_files='0' generate_xo_files='0' modelList='matrixmul_mul_8s_8s_16_1_1
matrixmul_mac_muladd_8s_8s_16s_16_4_1
matrixmul_flow_control_loop_pipe
matrixmul
' rtl_lang='both' bootstrap_tcl='false' outdir='' outfilename=''
Execute     source C:/Users/duong/Desktop/xup_high_level_synthesis_design_flow-main/source/lab1/matrixmul/matrixmul/hls/.autopilot/db/global.setting.tcl 
Execute     source C:/Users/duong/Desktop/xup_high_level_synthesis_design_flow-main/source/lab1/matrixmul/matrixmul/hls/.autopilot/db/global.setting.tcl 
Execute     source C:/Users/duong/Desktop/xup_high_level_synthesis_design_flow-main/source/lab1/matrixmul/matrixmul/hls/.autopilot/db/top-io-be.tcl 
Execute     source C:/Users/duong/Desktop/xup_high_level_synthesis_design_flow-main/source/lab1/matrixmul/matrixmul/hls/.autopilot/db/matrixmul.tbgen.tcl 
Execute     source C:/Users/duong/Desktop/xup_high_level_synthesis_design_flow-main/source/lab1/matrixmul/matrixmul/hls/.autopilot/db/matrixmul.rtl_wrap.cfg.tcl 
Execute     source C:/Users/duong/Desktop/xup_high_level_synthesis_design_flow-main/source/lab1/matrixmul/matrixmul/hls/.autopilot/db/matrixmul.compgen.dataonly.tcl 
Execute     source C:/Users/duong/Desktop/xup_high_level_synthesis_design_flow-main/source/lab1/matrixmul/matrixmul/hls/.autopilot/db/matrixmul.tbgen.tcl 
Execute     source C:/Users/duong/Desktop/xup_high_level_synthesis_design_flow-main/source/lab1/matrixmul/matrixmul/hls/.autopilot/db/global.setting.tcl 
Execute     ap_part_info -name xc7a35t-fgg484-2 -data names -quiet 
Execute     ap_part_info -name xc7a35t-fgg484-2 -data info -quiet 
Execute     source C:/Users/duong/Desktop/xup_high_level_synthesis_design_flow-main/source/lab1/matrixmul/matrixmul/hls/.autopilot/db/matrixmul.constraint.tcl 
Execute     sc_get_clocks matrixmul 
Execute     source C:/Users/duong/Desktop/xup_high_level_synthesis_design_flow-main/source/lab1/matrixmul/matrixmul/hls/.autopilot/db/global.setting.tcl 
Execute     source D:/movies/2025.2/Vitis/tps/tcl/tcllib2.0/fileutil/fileutil.tcl 
INFO-FLOW: Done: generate_json time: 0.2 seconds 
INFO-FLOW: Running: add_csynth_report_sections
INFO-FLOW: DBG:PROC: ::HLSREPORTS::add_csynth_report_sections bind_info_dict='adapter_nodes {} cache_nodes {} report_dict {TOPINST matrixmul MODULE2INSTS {matrixmul matrixmul} INST2MODULE {matrixmul matrixmul} INSTDATA {matrixmul {DEPTH 1 CHILDREN {}}} MODULEDATA {matrixmul {BINDINFO {{BINDTYPE op ID {} IMPL fabric LATENCY 0 OPTYPE add PRAGMA {} RTLNAME add_ln37_fu_190_p2 SOURCE ../matrixmul.cpp:37 VARIABLE add_ln37 LOOP Row_Col BUNDLEDNAME {} DSP 0 BRAM 0 URAM 0 STORAGESUBTYPE {} DISPNAME {bind_op add} VISIBLE true} {BINDTYPE op ID {} IMPL auto_sel LATENCY 0 OPTYPE select PRAGMA {} RTLNAME select_ln37_fu_196_p3 SOURCE ../matrixmul.cpp:37 VARIABLE select_ln37 LOOP Row_Col BUNDLEDNAME {} DSP 0 BRAM 0 URAM 0 STORAGESUBTYPE {} DISPNAME {bind_op select} VISIBLE false} {BINDTYPE op ID {} IMPL auto_sel LATENCY 0 OPTYPE select PRAGMA {} RTLNAME i_3_fu_204_p3 SOURCE ../matrixmul.cpp:37 VARIABLE i_3 LOOP Row_Col BUNDLEDNAME {} DSP 0 BRAM 0 URAM 0 STORAGESUBTYPE {} DISPNAME {bind_op select} VISIBLE false} {BINDTYPE op ID {} IMPL fabric LATENCY 0 OPTYPE sub PRAGMA {} RTLNAME sub_ln43_fu_224_p2 SOURCE ../matrixmul.cpp:43 VARIABLE sub_ln43 LOOP Row_Col BUNDLEDNAME {} DSP 0 BRAM 0 URAM 0 STORAGESUBTYPE {} DISPNAME {bind_op sub} VISIBLE true} {BINDTYPE op ID {} IMPL fabric LATENCY 0 OPTYPE add PRAGMA {} RTLNAME add_ln43_2_fu_230_p2 SOURCE ../matrixmul.cpp:43 VARIABLE add_ln43_2 LOOP Row_Col BUNDLEDNAME {} DSP 0 BRAM 0 URAM 0 STORAGESUBTYPE {} DISPNAME {bind_op add} VISIBLE true} {BINDTYPE op ID {} IMPL fabric LATENCY 0 OPTYPE add PRAGMA {} RTLNAME add_ln43_3_fu_241_p2 SOURCE ../matrixmul.cpp:43 VARIABLE add_ln43_3 LOOP Row_Col BUNDLEDNAME {} DSP 0 BRAM 0 URAM 0 STORAGESUBTYPE {} DISPNAME {bind_op add} VISIBLE true} {BINDTYPE op ID {} IMPL fabric LATENCY 0 OPTYPE add PRAGMA {} RTLNAME add_ln43_4_fu_260_p2 SOURCE ../matrixmul.cpp:43 VARIABLE add_ln43_4 LOOP Row_Col BUNDLEDNAME {} DSP 0 BRAM 0 URAM 0 STORAGESUBTYPE {} DISPNAME {bind_op add} VISIBLE true} {BINDTYPE op ID {} IMPL fabric LATENCY 0 OPTYPE add PRAGMA {} RTLNAME add_ln43_5_fu_271_p2 SOURCE ../matrixmul.cpp:43 VARIABLE add_ln43_5 LOOP Row_Col BUNDLEDNAME {} DSP 0 BRAM 0 URAM 0 STORAGESUBTYPE {} DISPNAME {bind_op add} VISIBLE true} {BINDTYPE op ID {} IMPL fabric LATENCY 0 OPTYPE add PRAGMA {} RTLNAME add_ln43_6_fu_302_p2 SOURCE ../matrixmul.cpp:43 VARIABLE add_ln43_6 LOOP Row_Col BUNDLEDNAME {} DSP 0 BRAM 0 URAM 0 STORAGESUBTYPE {} DISPNAME {bind_op add} VISIBLE true} {BINDTYPE op ID {} IMPL auto LATENCY 0 OPTYPE mul PRAGMA {} RTLNAME mul_8s_8s_16_1_1_U1 SOURCE ../matrixmul.cpp:43 VARIABLE mul_ln43 LOOP Row_Col BUNDLEDNAME {} DSP 0 BRAM 0 URAM 0 STORAGESUBTYPE {} DISPNAME {bind_op mul} VISIBLE true} {BINDTYPE op ID {} IMPL dsp_slice LATENCY 3 OPTYPE mul PRAGMA {} RTLNAME mac_muladd_8s_8s_16s_16_4_1_U2 SOURCE ../matrixmul.cpp:43 VARIABLE mul_ln43_1 LOOP Row_Col BUNDLEDNAME {} DSP 1 BRAM 0 URAM 0 STORAGESUBTYPE {} DISPNAME {bind_op mul} VISIBLE true} {BINDTYPE op ID {} IMPL dsp_slice LATENCY 3 OPTYPE mul PRAGMA {} RTLNAME mac_muladd_8s_8s_16s_16_4_1_U3 SOURCE ../matrixmul.cpp:43 VARIABLE mul_ln43_2 LOOP Row_Col BUNDLEDNAME {} DSP 1 BRAM 0 URAM 0 STORAGESUBTYPE {} DISPNAME {bind_op mul} VISIBLE true} {BINDTYPE op ID {} IMPL dsp_slice LATENCY 3 OPTYPE add PRAGMA {} RTLNAME mac_muladd_8s_8s_16s_16_4_1_U2 SOURCE ../matrixmul.cpp:43 VARIABLE add_ln43 LOOP Row_Col BUNDLEDNAME {} DSP 1 BRAM 0 URAM 0 STORAGESUBTYPE {} DISPNAME {bind_op add} VISIBLE true} {BINDTYPE op ID {} IMPL dsp_slice LATENCY 3 OPTYPE add PRAGMA {} RTLNAME mac_muladd_8s_8s_16s_16_4_1_U3 SOURCE ../matrixmul.cpp:43 VARIABLE add_ln43_1 LOOP Row_Col BUNDLEDNAME {} DSP 1 BRAM 0 URAM 0 STORAGESUBTYPE {} DISPNAME {bind_op add} VISIBLE true} {BINDTYPE op ID {} IMPL fabric LATENCY 0 OPTYPE add PRAGMA {} RTLNAME j_3_fu_310_p2 SOURCE ../matrixmul.cpp:39 VARIABLE j_3 LOOP Row_Col BUNDLEDNAME {} DSP 0 BRAM 0 URAM 0 STORAGESUBTYPE {} DISPNAME {bind_op add} VISIBLE true} {BINDTYPE op ID {} IMPL fabric LATENCY 0 OPTYPE add PRAGMA {} RTLNAME add_ln37_1_fu_315_p2 SOURCE ../matrixmul.cpp:37 VARIABLE add_ln37_1 LOOP Row_Col BUNDLEDNAME {} DSP 0 BRAM 0 URAM 0 STORAGESUBTYPE {} DISPNAME {bind_op add} VISIBLE true} {BINDTYPE op ID {} IMPL auto LATENCY 0 OPTYPE seteq PRAGMA {} RTLNAME icmp_ln39_fu_321_p2 SOURCE ../matrixmul.cpp:39 VARIABLE icmp_ln39 LOOP Row_Col BUNDLEDNAME {} DSP 0 BRAM 0 URAM 0 STORAGESUBTYPE {} DISPNAME {bind_op seteq} VISIBLE false} {BINDTYPE op ID {} IMPL auto LATENCY 0 OPTYPE seteq PRAGMA {} RTLNAME icmp_ln37_fu_327_p2 SOURCE ../matrixmul.cpp:37 VARIABLE icmp_ln37 LOOP Row_Col BUNDLEDNAME {} DSP 0 BRAM 0 URAM 0 STORAGESUBTYPE {} DISPNAME {bind_op seteq} VISIBLE false}} AREA {DSP 2 BRAM 0 URAM 0}}}}'
INFO-FLOW: DBG:PUTS:      update_csynth_reports json2rpt_hw_sw_interfaces
INFO-FLOW: Running: gen_csynth_sec_pragma
INFO-FLOW: Done: gen_csynth_sec_pragma time: 0 seconds 
Execute     send_msg_by_id INFO @200-2225@%s C:/Users/duong/Desktop/xup_high_level_synthesis_design_flow-main/source/lab1/matrixmul/matrixmul/hls/syn/inferred_directives.ini 
INFO: [HLS 200-2225] Wrote inferred directives to file C:/Users/duong/Desktop/xup_high_level_synthesis_design_flow-main/source/lab1/matrixmul/matrixmul/hls/syn/inferred_directives.ini
INFO-FLOW: DBG:PUTS:      update_csynth_reports wrote xml
INFO-FLOW: DBG:PUTS:      update_csynth_reports appended to csynth rpt file
INFO-FLOW: Done: add_csynth_report_sections time: 0.1 seconds 
INFO: [HLS 200-111] Finished Updating report files: CPU user time: 1 seconds. CPU system time: 0 seconds. Elapsed time: 1.001 seconds; current allocated memory: 177.711 MB.
INFO: [VHDL 208-304] Generating VHDL RTL for matrixmul.
INFO: [VLOG 209-307] Generating Verilog RTL for matrixmul.
Execute     syn_report -model matrixmul -printsummary 
INFO: [HLS 200-790] **** Loop Constraint Status: All loop constraints were NOT satisfied.
INFO: [HLS 200-789] **** Estimated Fmax: 158.20 MHz
Execute     AP::msg_collection_file -close 
Command   csynth_design done; 30.52 sec.
Execute   close_project 
Execute     close_solution 
Execute       cleanup_all 
Execute       cleanup_all 
Execute       source -notrace -encoding utf-8 D:/movies/2025.2/Vitis/tps/tcl/tcl8.6/clock.tcl 
Execute         source -encoding utf-8 D:/movies/2025.2/Vitis/tps/tcl/tcl8/8.5/msgcat-1.6.1.tm 
Execute           source D:/movies/2025.2/Vitis/tps/tcl/tcllib2.0/0compatibility/pkgIndex.tcl 
Execute           source D:/movies/2025.2/Vitis/tps/tcl/tcllib2.0/amazon-s3/pkgIndex.tcl 
Execute           source D:/movies/2025.2/Vitis/tps/tcl/tcllib2.0/asn/pkgIndex.tcl 
Execute           source D:/movies/2025.2/Vitis/tps/tcl/tcllib2.0/base32/pkgIndex.tcl 
Execute           source D:/movies/2025.2/Vitis/tps/tcl/tcllib2.0/base64/pkgIndex.tcl 
Execute           source D:/movies/2025.2/Vitis/tps/tcl/tcllib2.0/bee/pkgIndex.tcl 
Execute           source D:/movies/2025.2/Vitis/tps/tcl/tcllib2.0/bench/pkgIndex.tcl 
Execute           source D:/movies/2025.2/Vitis/tps/tcl/tcllib2.0/bibtex/pkgIndex.tcl 
Execute           source D:/movies/2025.2/Vitis/tps/tcl/tcllib2.0/cache/pkgIndex.tcl 
Execute           source D:/movies/2025.2/Vitis/tps/tcl/tcllib2.0/clay/pkgIndex.tcl 
Execute           source D:/movies/2025.2/Vitis/tps/tcl/tcllib2.0/clock/pkgIndex.tcl 
Execute           source D:/movies/2025.2/Vitis/tps/tcl/tcllib2.0/cmdline/pkgIndex.tcl 
Execute           source D:/movies/2025.2/Vitis/tps/tcl/tcllib2.0/comm/pkgIndex.tcl 
Execute           source D:/movies/2025.2/Vitis/tps/tcl/tcllib2.0/control/pkgIndex.tcl 
Execute           source D:/movies/2025.2/Vitis/tps/tcl/tcllib2.0/coroutine/pkgIndex.tcl 
Execute           source D:/movies/2025.2/Vitis/tps/tcl/tcllib2.0/counter/pkgIndex.tcl 
Execute           source D:/movies/2025.2/Vitis/tps/tcl/tcllib2.0/crc/pkgIndex.tcl 
Execute           source D:/movies/2025.2/Vitis/tps/tcl/tcllib2.0/cron/pkgIndex.tcl 
Execute           source D:/movies/2025.2/Vitis/tps/tcl/tcllib2.0/csv/pkgIndex.tcl 
Execute           source D:/movies/2025.2/Vitis/tps/tcl/tcllib2.0/debug/pkgIndex.tcl 
Execute           source D:/movies/2025.2/Vitis/tps/tcl/tcllib2.0/defer/pkgIndex.tcl 
Execute           source D:/movies/2025.2/Vitis/tps/tcl/tcllib2.0/dicttool/pkgIndex.tcl 
Execute           source D:/movies/2025.2/Vitis/tps/tcl/tcllib2.0/dns/pkgIndex.tcl 
Execute           source D:/movies/2025.2/Vitis/tps/tcl/tcllib2.0/docstrip/pkgIndex.tcl 
Execute           source D:/movies/2025.2/Vitis/tps/tcl/tcllib2.0/doctools/pkgIndex.tcl 
Execute           source D:/movies/2025.2/Vitis/tps/tcl/tcllib2.0/doctools2base/pkgIndex.tcl 
Execute           source D:/movies/2025.2/Vitis/tps/tcl/tcllib2.0/doctools2idx/pkgIndex.tcl 
Execute           source D:/movies/2025.2/Vitis/tps/tcl/tcllib2.0/doctools2toc/pkgIndex.tcl 
Execute           source D:/movies/2025.2/Vitis/tps/tcl/tcllib2.0/dtplite/pkgIndex.tcl 
Execute           source D:/movies/2025.2/Vitis/tps/tcl/tcllib2.0/fileutil/pkgIndex.tcl 
Execute           source D:/movies/2025.2/Vitis/tps/tcl/tcllib2.0/ftp/pkgIndex.tcl 
Execute           source D:/movies/2025.2/Vitis/tps/tcl/tcllib2.0/ftpd/pkgIndex.tcl 
Execute           source D:/movies/2025.2/Vitis/tps/tcl/tcllib2.0/fumagic/pkgIndex.tcl 
Execute           source D:/movies/2025.2/Vitis/tps/tcl/tcllib2.0/generator/pkgIndex.tcl 
Execute           source D:/movies/2025.2/Vitis/tps/tcl/tcllib2.0/gpx/pkgIndex.tcl 
Execute           source D:/movies/2025.2/Vitis/tps/tcl/tcllib2.0/grammar_aycock/pkgIndex.tcl 
Execute           source D:/movies/2025.2/Vitis/tps/tcl/tcllib2.0/grammar_fa/pkgIndex.tcl 
Execute           source D:/movies/2025.2/Vitis/tps/tcl/tcllib2.0/grammar_me/pkgIndex.tcl 
Execute           source D:/movies/2025.2/Vitis/tps/tcl/tcllib2.0/grammar_peg/pkgIndex.tcl 
Execute           source D:/movies/2025.2/Vitis/tps/tcl/tcllib2.0/hook/pkgIndex.tcl 
Execute           source D:/movies/2025.2/Vitis/tps/tcl/tcllib2.0/html/pkgIndex.tcl 
Execute           source D:/movies/2025.2/Vitis/tps/tcl/tcllib2.0/htmlparse/pkgIndex.tcl 
Execute           source D:/movies/2025.2/Vitis/tps/tcl/tcllib2.0/http/pkgIndex.tcl 
Execute           source D:/movies/2025.2/Vitis/tps/tcl/tcllib2.0/httpd/pkgIndex.tcl 
Execute           source D:/movies/2025.2/Vitis/tps/tcl/tcllib2.0/httpwget/pkgIndex.tcl 
Execute           source D:/movies/2025.2/Vitis/tps/tcl/tcllib2.0/ident/pkgIndex.tcl 
Execute           source D:/movies/2025.2/Vitis/tps/tcl/tcllib2.0/imap4/pkgIndex.tcl 
Execute           source D:/movies/2025.2/Vitis/tps/tcl/tcllib2.0/inifile/pkgIndex.tcl 
Execute           source D:/movies/2025.2/Vitis/tps/tcl/tcllib2.0/interp/pkgIndex.tcl 
Execute           source D:/movies/2025.2/Vitis/tps/tcl/tcllib2.0/irc/pkgIndex.tcl 
Execute           source D:/movies/2025.2/Vitis/tps/tcl/tcllib2.0/javascript/pkgIndex.tcl 
Execute           source D:/movies/2025.2/Vitis/tps/tcl/tcllib2.0/jpeg/pkgIndex.tcl 
Execute           source D:/movies/2025.2/Vitis/tps/tcl/tcllib2.0/json/pkgIndex.tcl 
Execute           source D:/movies/2025.2/Vitis/tps/tcl/tcllib2.0/lambda/pkgIndex.tcl 
Execute           source D:/movies/2025.2/Vitis/tps/tcl/tcllib2.0/lazyset/pkgIndex.tcl 
Execute           source D:/movies/2025.2/Vitis/tps/tcl/tcllib2.0/ldap/pkgIndex.tcl 
Execute           source D:/movies/2025.2/Vitis/tps/tcl/tcllib2.0/log/pkgIndex.tcl 
Execute           source D:/movies/2025.2/Vitis/tps/tcl/tcllib2.0/map/pkgIndex.tcl 
Execute           source D:/movies/2025.2/Vitis/tps/tcl/tcllib2.0/mapproj/pkgIndex.tcl 
Execute           source D:/movies/2025.2/Vitis/tps/tcl/tcllib2.0/markdown/pkgIndex.tcl 
Execute           source D:/movies/2025.2/Vitis/tps/tcl/tcllib2.0/math/pkgIndex.tcl 
Execute           source D:/movies/2025.2/Vitis/tps/tcl/tcllib2.0/md4/pkgIndex.tcl 
Execute           source D:/movies/2025.2/Vitis/tps/tcl/tcllib2.0/md5/pkgIndex.tcl 
Execute           source D:/movies/2025.2/Vitis/tps/tcl/tcllib2.0/md5crypt/pkgIndex.tcl 
Execute           source D:/movies/2025.2/Vitis/tps/tcl/tcllib2.0/mime/pkgIndex.tcl 
Execute           source D:/movies/2025.2/Vitis/tps/tcl/tcllib2.0/mkdoc/pkgIndex.tcl 
Execute           source D:/movies/2025.2/Vitis/tps/tcl/tcllib2.0/multiplexer/pkgIndex.tcl 
Execute           source D:/movies/2025.2/Vitis/tps/tcl/tcllib2.0/namespacex/pkgIndex.tcl 
Execute           source D:/movies/2025.2/Vitis/tps/tcl/tcllib2.0/ncgi/pkgIndex.tcl 
Execute           source D:/movies/2025.2/Vitis/tps/tcl/tcllib2.0/nettool/pkgIndex.tcl 
Execute           source D:/movies/2025.2/Vitis/tps/tcl/tcllib2.0/nmea/pkgIndex.tcl 
Execute           source D:/movies/2025.2/Vitis/tps/tcl/tcllib2.0/nns/pkgIndex.tcl 
Execute           source D:/movies/2025.2/Vitis/tps/tcl/tcllib2.0/nntp/pkgIndex.tcl 
Execute           source D:/movies/2025.2/Vitis/tps/tcl/tcllib2.0/ntp/pkgIndex.tcl 
Execute           source D:/movies/2025.2/Vitis/tps/tcl/tcllib2.0/oauth/pkgIndex.tcl 
Execute           source D:/movies/2025.2/Vitis/tps/tcl/tcllib2.0/oodialect/pkgIndex.tcl 
Execute           source D:/movies/2025.2/Vitis/tps/tcl/tcllib2.0/oometa/pkgIndex.tcl 
Execute           source D:/movies/2025.2/Vitis/tps/tcl/tcllib2.0/ooutil/pkgIndex.tcl 
Execute           source D:/movies/2025.2/Vitis/tps/tcl/tcllib2.0/otp/pkgIndex.tcl 
Execute           source D:/movies/2025.2/Vitis/tps/tcl/tcllib2.0/page/pkgIndex.tcl 
Execute           source D:/movies/2025.2/Vitis/tps/tcl/tcllib2.0/pluginmgr/pkgIndex.tcl 
Execute           source D:/movies/2025.2/Vitis/tps/tcl/tcllib2.0/png/pkgIndex.tcl 
Execute           source D:/movies/2025.2/Vitis/tps/tcl/tcllib2.0/pop3/pkgIndex.tcl 
Execute           source D:/movies/2025.2/Vitis/tps/tcl/tcllib2.0/pop3d/pkgIndex.tcl 
Execute           source D:/movies/2025.2/Vitis/tps/tcl/tcllib2.0/practcl/pkgIndex.tcl 
Execute           source D:/movies/2025.2/Vitis/tps/tcl/tcllib2.0/processman/pkgIndex.tcl 
Execute           source D:/movies/2025.2/Vitis/tps/tcl/tcllib2.0/profiler/pkgIndex.tcl 
Execute           source D:/movies/2025.2/Vitis/tps/tcl/tcllib2.0/pt/pkgIndex.tcl 
Execute           source D:/movies/2025.2/Vitis/tps/tcl/tcllib2.0/rcs/pkgIndex.tcl 
Execute           source D:/movies/2025.2/Vitis/tps/tcl/tcllib2.0/report/pkgIndex.tcl 
Execute           source D:/movies/2025.2/Vitis/tps/tcl/tcllib2.0/rest/pkgIndex.tcl 
Execute           source D:/movies/2025.2/Vitis/tps/tcl/tcllib2.0/ripemd/pkgIndex.tcl 
Execute           source D:/movies/2025.2/Vitis/tps/tcl/tcllib2.0/sasl/pkgIndex.tcl 
Execute           source D:/movies/2025.2/Vitis/tps/tcl/tcllib2.0/sha1/pkgIndex.tcl 
Execute           source D:/movies/2025.2/Vitis/tps/tcl/tcllib2.0/simulation/pkgIndex.tcl 
Execute           source D:/movies/2025.2/Vitis/tps/tcl/tcllib2.0/smtpd/pkgIndex.tcl 
Execute           source D:/movies/2025.2/Vitis/tps/tcl/tcllib2.0/snit/pkgIndex.tcl 
Execute           source D:/movies/2025.2/Vitis/tps/tcl/tcllib2.0/soundex/pkgIndex.tcl 
Execute           source D:/movies/2025.2/Vitis/tps/tcl/tcllib2.0/stooop/pkgIndex.tcl 
Execute           source D:/movies/2025.2/Vitis/tps/tcl/tcllib2.0/string/pkgIndex.tcl 
Execute           source D:/movies/2025.2/Vitis/tps/tcl/tcllib2.0/stringprep/pkgIndex.tcl 
Execute           source D:/movies/2025.2/Vitis/tps/tcl/tcllib2.0/struct/pkgIndex.tcl 
Execute           source D:/movies/2025.2/Vitis/tps/tcl/tcllib2.0/tar/pkgIndex.tcl 
Execute           source D:/movies/2025.2/Vitis/tps/tcl/tcllib2.0/tepam/pkgIndex.tcl 
Execute           source D:/movies/2025.2/Vitis/tps/tcl/tcllib2.0/term/pkgIndex.tcl 
Execute           source D:/movies/2025.2/Vitis/tps/tcl/tcllib2.0/textutil/pkgIndex.tcl 
Execute           source D:/movies/2025.2/Vitis/tps/tcl/tcllib2.0/tie/pkgIndex.tcl 
Execute           source D:/movies/2025.2/Vitis/tps/tcl/tcllib2.0/tiff/pkgIndex.tcl 
Execute           source D:/movies/2025.2/Vitis/tps/tcl/tcllib2.0/tool/pkgIndex.tcl 
Execute           source D:/movies/2025.2/Vitis/tps/tcl/tcllib2.0/transfer/pkgIndex.tcl 
Execute           source D:/movies/2025.2/Vitis/tps/tcl/tcllib2.0/treeql/pkgIndex.tcl 
Execute           source D:/movies/2025.2/Vitis/tps/tcl/tcllib2.0/try/pkgIndex.tcl 
Execute           source D:/movies/2025.2/Vitis/tps/tcl/tcllib2.0/udpcluster/pkgIndex.tcl 
Execute           source D:/movies/2025.2/Vitis/tps/tcl/tcllib2.0/uev/pkgIndex.tcl 
Execute           source D:/movies/2025.2/Vitis/tps/tcl/tcllib2.0/units/pkgIndex.tcl 
Execute           source D:/movies/2025.2/Vitis/tps/tcl/tcllib2.0/uri/pkgIndex.tcl 
Execute           source D:/movies/2025.2/Vitis/tps/tcl/tcllib2.0/uuid/pkgIndex.tcl 
Execute           source D:/movies/2025.2/Vitis/tps/tcl/tcllib2.0/valtype/pkgIndex.tcl 
Execute           source D:/movies/2025.2/Vitis/tps/tcl/tcllib2.0/virtchannel_base/pkgIndex.tcl 
Execute           source D:/movies/2025.2/Vitis/tps/tcl/tcllib2.0/virtchannel_core/pkgIndex.tcl 
Execute           source D:/movies/2025.2/Vitis/tps/tcl/tcllib2.0/virtchannel_transform/pkgIndex.tcl 
Execute           source D:/movies/2025.2/Vitis/tps/tcl/tcllib2.0/websocket/pkgIndex.tcl 
Execute           source D:/movies/2025.2/Vitis/tps/tcl/tcllib2.0/wip/pkgIndex.tcl 
Execute           source D:/movies/2025.2/Vitis/tps/tcl/tcllib2.0/yaml/pkgIndex.tcl 
Execute           source D:/movies/2025.2/Vitis/tps/tcl/tcllib2.0/zip/pkgIndex.tcl 
Execute           source D:/movies/2025.2/Vitis/tps/tcl/tcllib2.0/pkgIndex.tcl 
Execute             source D:/movies/2025.2/Vitis/tps/tcl/tcllib2.0/0compatibility/pkgIndex.tcl 
Execute             source D:/movies/2025.2/Vitis/tps/tcl/tcllib2.0/amazon-s3/pkgIndex.tcl 
Execute             source D:/movies/2025.2/Vitis/tps/tcl/tcllib2.0/asn/pkgIndex.tcl 
Execute             source D:/movies/2025.2/Vitis/tps/tcl/tcllib2.0/base32/pkgIndex.tcl 
Execute             source D:/movies/2025.2/Vitis/tps/tcl/tcllib2.0/base64/pkgIndex.tcl 
Execute             source D:/movies/2025.2/Vitis/tps/tcl/tcllib2.0/bee/pkgIndex.tcl 
Execute             source D:/movies/2025.2/Vitis/tps/tcl/tcllib2.0/bench/pkgIndex.tcl 
Execute             source D:/movies/2025.2/Vitis/tps/tcl/tcllib2.0/bibtex/pkgIndex.tcl 
Execute             source D:/movies/2025.2/Vitis/tps/tcl/tcllib2.0/cache/pkgIndex.tcl 
Execute             source D:/movies/2025.2/Vitis/tps/tcl/tcllib2.0/clay/pkgIndex.tcl 
Execute             source D:/movies/2025.2/Vitis/tps/tcl/tcllib2.0/clock/pkgIndex.tcl 
Execute             source D:/movies/2025.2/Vitis/tps/tcl/tcllib2.0/cmdline/pkgIndex.tcl 
Execute             source D:/movies/2025.2/Vitis/tps/tcl/tcllib2.0/comm/pkgIndex.tcl 
Execute             source D:/movies/2025.2/Vitis/tps/tcl/tcllib2.0/control/pkgIndex.tcl 
Execute             source D:/movies/2025.2/Vitis/tps/tcl/tcllib2.0/coroutine/pkgIndex.tcl 
Execute             source D:/movies/2025.2/Vitis/tps/tcl/tcllib2.0/counter/pkgIndex.tcl 
Execute             source D:/movies/2025.2/Vitis/tps/tcl/tcllib2.0/crc/pkgIndex.tcl 
Execute             source D:/movies/2025.2/Vitis/tps/tcl/tcllib2.0/cron/pkgIndex.tcl 
Execute             source D:/movies/2025.2/Vitis/tps/tcl/tcllib2.0/csv/pkgIndex.tcl 
Execute             source D:/movies/2025.2/Vitis/tps/tcl/tcllib2.0/debug/pkgIndex.tcl 
Execute             source D:/movies/2025.2/Vitis/tps/tcl/tcllib2.0/defer/pkgIndex.tcl 
Execute             source D:/movies/2025.2/Vitis/tps/tcl/tcllib2.0/dicttool/pkgIndex.tcl 
Execute             source D:/movies/2025.2/Vitis/tps/tcl/tcllib2.0/dns/pkgIndex.tcl 
Execute             source D:/movies/2025.2/Vitis/tps/tcl/tcllib2.0/docstrip/pkgIndex.tcl 
Execute             source D:/movies/2025.2/Vitis/tps/tcl/tcllib2.0/doctools/pkgIndex.tcl 
Execute             source D:/movies/2025.2/Vitis/tps/tcl/tcllib2.0/doctools2base/pkgIndex.tcl 
Execute             source D:/movies/2025.2/Vitis/tps/tcl/tcllib2.0/doctools2idx/pkgIndex.tcl 
Execute             source D:/movies/2025.2/Vitis/tps/tcl/tcllib2.0/doctools2toc/pkgIndex.tcl 
Execute             source D:/movies/2025.2/Vitis/tps/tcl/tcllib2.0/dtplite/pkgIndex.tcl 
Execute             source D:/movies/2025.2/Vitis/tps/tcl/tcllib2.0/fileutil/pkgIndex.tcl 
Execute             source D:/movies/2025.2/Vitis/tps/tcl/tcllib2.0/ftp/pkgIndex.tcl 
Execute             source D:/movies/2025.2/Vitis/tps/tcl/tcllib2.0/ftpd/pkgIndex.tcl 
Execute             source D:/movies/2025.2/Vitis/tps/tcl/tcllib2.0/fumagic/pkgIndex.tcl 
Execute             source D:/movies/2025.2/Vitis/tps/tcl/tcllib2.0/generator/pkgIndex.tcl 
Execute             source D:/movies/2025.2/Vitis/tps/tcl/tcllib2.0/gpx/pkgIndex.tcl 
Execute             source D:/movies/2025.2/Vitis/tps/tcl/tcllib2.0/grammar_aycock/pkgIndex.tcl 
Execute             source D:/movies/2025.2/Vitis/tps/tcl/tcllib2.0/grammar_fa/pkgIndex.tcl 
Execute             source D:/movies/2025.2/Vitis/tps/tcl/tcllib2.0/grammar_me/pkgIndex.tcl 
Execute             source D:/movies/2025.2/Vitis/tps/tcl/tcllib2.0/grammar_peg/pkgIndex.tcl 
Execute             source D:/movies/2025.2/Vitis/tps/tcl/tcllib2.0/hook/pkgIndex.tcl 
Execute             source D:/movies/2025.2/Vitis/tps/tcl/tcllib2.0/html/pkgIndex.tcl 
Execute             source D:/movies/2025.2/Vitis/tps/tcl/tcllib2.0/htmlparse/pkgIndex.tcl 
Execute             source D:/movies/2025.2/Vitis/tps/tcl/tcllib2.0/http/pkgIndex.tcl 
Execute             source D:/movies/2025.2/Vitis/tps/tcl/tcllib2.0/httpd/pkgIndex.tcl 
Execute             source D:/movies/2025.2/Vitis/tps/tcl/tcllib2.0/httpwget/pkgIndex.tcl 
Execute             source D:/movies/2025.2/Vitis/tps/tcl/tcllib2.0/ident/pkgIndex.tcl 
Execute             source D:/movies/2025.2/Vitis/tps/tcl/tcllib2.0/imap4/pkgIndex.tcl 
Execute             source D:/movies/2025.2/Vitis/tps/tcl/tcllib2.0/inifile/pkgIndex.tcl 
Execute             source D:/movies/2025.2/Vitis/tps/tcl/tcllib2.0/interp/pkgIndex.tcl 
Execute             source D:/movies/2025.2/Vitis/tps/tcl/tcllib2.0/irc/pkgIndex.tcl 
Execute             source D:/movies/2025.2/Vitis/tps/tcl/tcllib2.0/javascript/pkgIndex.tcl 
Execute             source D:/movies/2025.2/Vitis/tps/tcl/tcllib2.0/jpeg/pkgIndex.tcl 
Execute             source D:/movies/2025.2/Vitis/tps/tcl/tcllib2.0/json/pkgIndex.tcl 
Execute             source D:/movies/2025.2/Vitis/tps/tcl/tcllib2.0/lambda/pkgIndex.tcl 
Execute             source D:/movies/2025.2/Vitis/tps/tcl/tcllib2.0/lazyset/pkgIndex.tcl 
Execute             source D:/movies/2025.2/Vitis/tps/tcl/tcllib2.0/ldap/pkgIndex.tcl 
Execute             source D:/movies/2025.2/Vitis/tps/tcl/tcllib2.0/log/pkgIndex.tcl 
Execute             source D:/movies/2025.2/Vitis/tps/tcl/tcllib2.0/map/pkgIndex.tcl 
Execute             source D:/movies/2025.2/Vitis/tps/tcl/tcllib2.0/mapproj/pkgIndex.tcl 
Execute             source D:/movies/2025.2/Vitis/tps/tcl/tcllib2.0/markdown/pkgIndex.tcl 
Execute             source D:/movies/2025.2/Vitis/tps/tcl/tcllib2.0/math/pkgIndex.tcl 
Execute             source D:/movies/2025.2/Vitis/tps/tcl/tcllib2.0/md4/pkgIndex.tcl 
Execute             source D:/movies/2025.2/Vitis/tps/tcl/tcllib2.0/md5/pkgIndex.tcl 
Execute             source D:/movies/2025.2/Vitis/tps/tcl/tcllib2.0/md5crypt/pkgIndex.tcl 
Execute             source D:/movies/2025.2/Vitis/tps/tcl/tcllib2.0/mime/pkgIndex.tcl 
Execute             source D:/movies/2025.2/Vitis/tps/tcl/tcllib2.0/mkdoc/pkgIndex.tcl 
Execute             source D:/movies/2025.2/Vitis/tps/tcl/tcllib2.0/multiplexer/pkgIndex.tcl 
Execute             source D:/movies/2025.2/Vitis/tps/tcl/tcllib2.0/namespacex/pkgIndex.tcl 
Execute             source D:/movies/2025.2/Vitis/tps/tcl/tcllib2.0/ncgi/pkgIndex.tcl 
Execute             source D:/movies/2025.2/Vitis/tps/tcl/tcllib2.0/nettool/pkgIndex.tcl 
Execute             source D:/movies/2025.2/Vitis/tps/tcl/tcllib2.0/nmea/pkgIndex.tcl 
Execute             source D:/movies/2025.2/Vitis/tps/tcl/tcllib2.0/nns/pkgIndex.tcl 
Execute             source D:/movies/2025.2/Vitis/tps/tcl/tcllib2.0/nntp/pkgIndex.tcl 
Execute             source D:/movies/2025.2/Vitis/tps/tcl/tcllib2.0/ntp/pkgIndex.tcl 
Execute             source D:/movies/2025.2/Vitis/tps/tcl/tcllib2.0/oauth/pkgIndex.tcl 
Execute             source D:/movies/2025.2/Vitis/tps/tcl/tcllib2.0/oodialect/pkgIndex.tcl 
Execute             source D:/movies/2025.2/Vitis/tps/tcl/tcllib2.0/oometa/pkgIndex.tcl 
Execute             source D:/movies/2025.2/Vitis/tps/tcl/tcllib2.0/ooutil/pkgIndex.tcl 
Execute             source D:/movies/2025.2/Vitis/tps/tcl/tcllib2.0/otp/pkgIndex.tcl 
Execute             source D:/movies/2025.2/Vitis/tps/tcl/tcllib2.0/page/pkgIndex.tcl 
Execute             source D:/movies/2025.2/Vitis/tps/tcl/tcllib2.0/pluginmgr/pkgIndex.tcl 
Execute             source D:/movies/2025.2/Vitis/tps/tcl/tcllib2.0/png/pkgIndex.tcl 
Execute             source D:/movies/2025.2/Vitis/tps/tcl/tcllib2.0/pop3/pkgIndex.tcl 
Execute             source D:/movies/2025.2/Vitis/tps/tcl/tcllib2.0/pop3d/pkgIndex.tcl 
Execute             source D:/movies/2025.2/Vitis/tps/tcl/tcllib2.0/practcl/pkgIndex.tcl 
Execute             source D:/movies/2025.2/Vitis/tps/tcl/tcllib2.0/processman/pkgIndex.tcl 
Execute             source D:/movies/2025.2/Vitis/tps/tcl/tcllib2.0/profiler/pkgIndex.tcl 
Execute             source D:/movies/2025.2/Vitis/tps/tcl/tcllib2.0/pt/pkgIndex.tcl 
Execute             source D:/movies/2025.2/Vitis/tps/tcl/tcllib2.0/rcs/pkgIndex.tcl 
Execute             source D:/movies/2025.2/Vitis/tps/tcl/tcllib2.0/report/pkgIndex.tcl 
Execute             source D:/movies/2025.2/Vitis/tps/tcl/tcllib2.0/rest/pkgIndex.tcl 
Execute             source D:/movies/2025.2/Vitis/tps/tcl/tcllib2.0/ripemd/pkgIndex.tcl 
Execute             source D:/movies/2025.2/Vitis/tps/tcl/tcllib2.0/sasl/pkgIndex.tcl 
Execute             source D:/movies/2025.2/Vitis/tps/tcl/tcllib2.0/sha1/pkgIndex.tcl 
Execute             source D:/movies/2025.2/Vitis/tps/tcl/tcllib2.0/simulation/pkgIndex.tcl 
Execute             source D:/movies/2025.2/Vitis/tps/tcl/tcllib2.0/smtpd/pkgIndex.tcl 
Execute             source D:/movies/2025.2/Vitis/tps/tcl/tcllib2.0/snit/pkgIndex.tcl 
Execute             source D:/movies/2025.2/Vitis/tps/tcl/tcllib2.0/soundex/pkgIndex.tcl 
Execute             source D:/movies/2025.2/Vitis/tps/tcl/tcllib2.0/stooop/pkgIndex.tcl 
Execute             source D:/movies/2025.2/Vitis/tps/tcl/tcllib2.0/string/pkgIndex.tcl 
Execute             source D:/movies/2025.2/Vitis/tps/tcl/tcllib2.0/stringprep/pkgIndex.tcl 
Execute             source D:/movies/2025.2/Vitis/tps/tcl/tcllib2.0/struct/pkgIndex.tcl 
Execute             source D:/movies/2025.2/Vitis/tps/tcl/tcllib2.0/tar/pkgIndex.tcl 
Execute             source D:/movies/2025.2/Vitis/tps/tcl/tcllib2.0/tepam/pkgIndex.tcl 
Execute             source D:/movies/2025.2/Vitis/tps/tcl/tcllib2.0/term/pkgIndex.tcl 
Execute             source D:/movies/2025.2/Vitis/tps/tcl/tcllib2.0/textutil/pkgIndex.tcl 
Execute             source D:/movies/2025.2/Vitis/tps/tcl/tcllib2.0/tie/pkgIndex.tcl 
Execute             source D:/movies/2025.2/Vitis/tps/tcl/tcllib2.0/tiff/pkgIndex.tcl 
Execute             source D:/movies/2025.2/Vitis/tps/tcl/tcllib2.0/tool/pkgIndex.tcl 
Execute             source D:/movies/2025.2/Vitis/tps/tcl/tcllib2.0/transfer/pkgIndex.tcl 
Execute             source D:/movies/2025.2/Vitis/tps/tcl/tcllib2.0/treeql/pkgIndex.tcl 
Execute             source D:/movies/2025.2/Vitis/tps/tcl/tcllib2.0/try/pkgIndex.tcl 
Execute             source D:/movies/2025.2/Vitis/tps/tcl/tcllib2.0/udpcluster/pkgIndex.tcl 
Execute             source D:/movies/2025.2/Vitis/tps/tcl/tcllib2.0/uev/pkgIndex.tcl 
Execute             source D:/movies/2025.2/Vitis/tps/tcl/tcllib2.0/units/pkgIndex.tcl 
Execute             source D:/movies/2025.2/Vitis/tps/tcl/tcllib2.0/uri/pkgIndex.tcl 
Execute             source D:/movies/2025.2/Vitis/tps/tcl/tcllib2.0/uuid/pkgIndex.tcl 
Execute             source D:/movies/2025.2/Vitis/tps/tcl/tcllib2.0/valtype/pkgIndex.tcl 
Execute             source D:/movies/2025.2/Vitis/tps/tcl/tcllib2.0/virtchannel_base/pkgIndex.tcl 
Execute             source D:/movies/2025.2/Vitis/tps/tcl/tcllib2.0/virtchannel_core/pkgIndex.tcl 
Execute             source D:/movies/2025.2/Vitis/tps/tcl/tcllib2.0/virtchannel_transform/pkgIndex.tcl 
Execute             source D:/movies/2025.2/Vitis/tps/tcl/tcllib2.0/websocket/pkgIndex.tcl 
Execute             source D:/movies/2025.2/Vitis/tps/tcl/tcllib2.0/wip/pkgIndex.tcl 
Execute             source D:/movies/2025.2/Vitis/tps/tcl/tcllib2.0/yaml/pkgIndex.tcl 
Execute             source D:/movies/2025.2/Vitis/tps/tcl/tcllib2.0/zip/pkgIndex.tcl 
Command           ap_source done; 0.298 sec.
Execute           source D:/movies/2025.2/Vitis/tps/tcl/tdom/pkgIndex.tcl 
Execute           source D:/movies/2025.2/Vitis/tps/tcl/tcl8.6/opt0.4/pkgIndex.tcl 
Execute           source D:/movies/2025.2/Vitis/tps/tcl/tcl8.6/pkgs/win/thread2.8.7/pkgIndex.tcl 
Command         ap_source done; 0.662 sec.
Execute         source D:/movies/2025.2/Vitis/tps/tcl/tcllib2.0/0compatibility/pkgIndex.tcl 
Execute         source D:/movies/2025.2/Vitis/tps/tcl/tcllib2.0/amazon-s3/pkgIndex.tcl 
Execute         source D:/movies/2025.2/Vitis/tps/tcl/tcllib2.0/asn/pkgIndex.tcl 
Execute         source D:/movies/2025.2/Vitis/tps/tcl/tcllib2.0/base32/pkgIndex.tcl 
Execute         source D:/movies/2025.2/Vitis/tps/tcl/tcllib2.0/base64/pkgIndex.tcl 
Execute         source D:/movies/2025.2/Vitis/tps/tcl/tcllib2.0/bee/pkgIndex.tcl 
Execute         source D:/movies/2025.2/Vitis/tps/tcl/tcllib2.0/bench/pkgIndex.tcl 
Execute         source D:/movies/2025.2/Vitis/tps/tcl/tcllib2.0/bibtex/pkgIndex.tcl 
Execute         source D:/movies/2025.2/Vitis/tps/tcl/tcllib2.0/cache/pkgIndex.tcl 
Execute         source D:/movies/2025.2/Vitis/tps/tcl/tcllib2.0/clay/pkgIndex.tcl 
Execute         source D:/movies/2025.2/Vitis/tps/tcl/tcllib2.0/clock/pkgIndex.tcl 
Execute         source D:/movies/2025.2/Vitis/tps/tcl/tcllib2.0/cmdline/pkgIndex.tcl 
Execute         source D:/movies/2025.2/Vitis/tps/tcl/tcllib2.0/comm/pkgIndex.tcl 
Execute         source D:/movies/2025.2/Vitis/tps/tcl/tcllib2.0/control/pkgIndex.tcl 
Execute         source D:/movies/2025.2/Vitis/tps/tcl/tcllib2.0/coroutine/pkgIndex.tcl 
Execute         source D:/movies/2025.2/Vitis/tps/tcl/tcllib2.0/counter/pkgIndex.tcl 
Execute         source D:/movies/2025.2/Vitis/tps/tcl/tcllib2.0/crc/pkgIndex.tcl 
Execute         source D:/movies/2025.2/Vitis/tps/tcl/tcllib2.0/cron/pkgIndex.tcl 
Execute         source D:/movies/2025.2/Vitis/tps/tcl/tcllib2.0/csv/pkgIndex.tcl 
Execute         source D:/movies/2025.2/Vitis/tps/tcl/tcllib2.0/debug/pkgIndex.tcl 
Execute         source D:/movies/2025.2/Vitis/tps/tcl/tcllib2.0/defer/pkgIndex.tcl 
Execute         source D:/movies/2025.2/Vitis/tps/tcl/tcllib2.0/dicttool/pkgIndex.tcl 
Execute         source D:/movies/2025.2/Vitis/tps/tcl/tcllib2.0/dns/pkgIndex.tcl 
Execute         source D:/movies/2025.2/Vitis/tps/tcl/tcllib2.0/docstrip/pkgIndex.tcl 
Execute         source D:/movies/2025.2/Vitis/tps/tcl/tcllib2.0/doctools/pkgIndex.tcl 
Execute         source D:/movies/2025.2/Vitis/tps/tcl/tcllib2.0/doctools2base/pkgIndex.tcl 
Execute         source D:/movies/2025.2/Vitis/tps/tcl/tcllib2.0/doctools2idx/pkgIndex.tcl 
Execute         source D:/movies/2025.2/Vitis/tps/tcl/tcllib2.0/doctools2toc/pkgIndex.tcl 
Execute         source D:/movies/2025.2/Vitis/tps/tcl/tcllib2.0/dtplite/pkgIndex.tcl 
Execute         source D:/movies/2025.2/Vitis/tps/tcl/tcllib2.0/fileutil/pkgIndex.tcl 
Execute         source D:/movies/2025.2/Vitis/tps/tcl/tcllib2.0/ftp/pkgIndex.tcl 
Execute         source D:/movies/2025.2/Vitis/tps/tcl/tcllib2.0/ftpd/pkgIndex.tcl 
Execute         source D:/movies/2025.2/Vitis/tps/tcl/tcllib2.0/fumagic/pkgIndex.tcl 
Execute         source D:/movies/2025.2/Vitis/tps/tcl/tcllib2.0/generator/pkgIndex.tcl 
Execute         source D:/movies/2025.2/Vitis/tps/tcl/tcllib2.0/gpx/pkgIndex.tcl 
Execute         source D:/movies/2025.2/Vitis/tps/tcl/tcllib2.0/grammar_aycock/pkgIndex.tcl 
Execute         source D:/movies/2025.2/Vitis/tps/tcl/tcllib2.0/grammar_fa/pkgIndex.tcl 
Execute         source D:/movies/2025.2/Vitis/tps/tcl/tcllib2.0/grammar_me/pkgIndex.tcl 
Execute         source D:/movies/2025.2/Vitis/tps/tcl/tcllib2.0/grammar_peg/pkgIndex.tcl 
Execute         source D:/movies/2025.2/Vitis/tps/tcl/tcllib2.0/hook/pkgIndex.tcl 
Execute         source D:/movies/2025.2/Vitis/tps/tcl/tcllib2.0/html/pkgIndex.tcl 
Execute         source D:/movies/2025.2/Vitis/tps/tcl/tcllib2.0/htmlparse/pkgIndex.tcl 
Execute         source D:/movies/2025.2/Vitis/tps/tcl/tcllib2.0/http/pkgIndex.tcl 
Execute         source D:/movies/2025.2/Vitis/tps/tcl/tcllib2.0/httpd/pkgIndex.tcl 
Execute         source D:/movies/2025.2/Vitis/tps/tcl/tcllib2.0/httpwget/pkgIndex.tcl 
Execute         source D:/movies/2025.2/Vitis/tps/tcl/tcllib2.0/ident/pkgIndex.tcl 
Execute         source D:/movies/2025.2/Vitis/tps/tcl/tcllib2.0/imap4/pkgIndex.tcl 
Execute         source D:/movies/2025.2/Vitis/tps/tcl/tcllib2.0/inifile/pkgIndex.tcl 
Execute         source D:/movies/2025.2/Vitis/tps/tcl/tcllib2.0/interp/pkgIndex.tcl 
Execute         source D:/movies/2025.2/Vitis/tps/tcl/tcllib2.0/irc/pkgIndex.tcl 
Execute         source D:/movies/2025.2/Vitis/tps/tcl/tcllib2.0/javascript/pkgIndex.tcl 
Execute         source D:/movies/2025.2/Vitis/tps/tcl/tcllib2.0/jpeg/pkgIndex.tcl 
Execute         source D:/movies/2025.2/Vitis/tps/tcl/tcllib2.0/json/pkgIndex.tcl 
Execute         source D:/movies/2025.2/Vitis/tps/tcl/tcllib2.0/lambda/pkgIndex.tcl 
Execute         source D:/movies/2025.2/Vitis/tps/tcl/tcllib2.0/lazyset/pkgIndex.tcl 
Execute         source D:/movies/2025.2/Vitis/tps/tcl/tcllib2.0/ldap/pkgIndex.tcl 
Execute         source D:/movies/2025.2/Vitis/tps/tcl/tcllib2.0/log/pkgIndex.tcl 
Execute         source D:/movies/2025.2/Vitis/tps/tcl/tcllib2.0/map/pkgIndex.tcl 
Execute         source D:/movies/2025.2/Vitis/tps/tcl/tcllib2.0/mapproj/pkgIndex.tcl 
Execute         source D:/movies/2025.2/Vitis/tps/tcl/tcllib2.0/markdown/pkgIndex.tcl 
Execute         source D:/movies/2025.2/Vitis/tps/tcl/tcllib2.0/math/pkgIndex.tcl 
Execute         source D:/movies/2025.2/Vitis/tps/tcl/tcllib2.0/md4/pkgIndex.tcl 
Execute         source D:/movies/2025.2/Vitis/tps/tcl/tcllib2.0/md5/pkgIndex.tcl 
Execute         source D:/movies/2025.2/Vitis/tps/tcl/tcllib2.0/md5crypt/pkgIndex.tcl 
Execute         source D:/movies/2025.2/Vitis/tps/tcl/tcllib2.0/mime/pkgIndex.tcl 
Execute         source D:/movies/2025.2/Vitis/tps/tcl/tcllib2.0/mkdoc/pkgIndex.tcl 
Execute         source D:/movies/2025.2/Vitis/tps/tcl/tcllib2.0/multiplexer/pkgIndex.tcl 
Execute         source D:/movies/2025.2/Vitis/tps/tcl/tcllib2.0/namespacex/pkgIndex.tcl 
Execute         source D:/movies/2025.2/Vitis/tps/tcl/tcllib2.0/ncgi/pkgIndex.tcl 
Execute         source D:/movies/2025.2/Vitis/tps/tcl/tcllib2.0/nettool/pkgIndex.tcl 
Execute         source D:/movies/2025.2/Vitis/tps/tcl/tcllib2.0/nmea/pkgIndex.tcl 
Execute         source D:/movies/2025.2/Vitis/tps/tcl/tcllib2.0/nns/pkgIndex.tcl 
Execute         source D:/movies/2025.2/Vitis/tps/tcl/tcllib2.0/nntp/pkgIndex.tcl 
Execute         source D:/movies/2025.2/Vitis/tps/tcl/tcllib2.0/ntp/pkgIndex.tcl 
Execute         source D:/movies/2025.2/Vitis/tps/tcl/tcllib2.0/oauth/pkgIndex.tcl 
Execute         source D:/movies/2025.2/Vitis/tps/tcl/tcllib2.0/oodialect/pkgIndex.tcl 
Execute         source D:/movies/2025.2/Vitis/tps/tcl/tcllib2.0/oometa/pkgIndex.tcl 
Execute         source D:/movies/2025.2/Vitis/tps/tcl/tcllib2.0/ooutil/pkgIndex.tcl 
Execute         source D:/movies/2025.2/Vitis/tps/tcl/tcllib2.0/otp/pkgIndex.tcl 
Execute         source D:/movies/2025.2/Vitis/tps/tcl/tcllib2.0/page/pkgIndex.tcl 
Execute         source D:/movies/2025.2/Vitis/tps/tcl/tcllib2.0/pluginmgr/pkgIndex.tcl 
Execute         source D:/movies/2025.2/Vitis/tps/tcl/tcllib2.0/png/pkgIndex.tcl 
Execute         source D:/movies/2025.2/Vitis/tps/tcl/tcllib2.0/pop3/pkgIndex.tcl 
Execute         source D:/movies/2025.2/Vitis/tps/tcl/tcllib2.0/pop3d/pkgIndex.tcl 
Execute         source D:/movies/2025.2/Vitis/tps/tcl/tcllib2.0/practcl/pkgIndex.tcl 
Execute         source D:/movies/2025.2/Vitis/tps/tcl/tcllib2.0/processman/pkgIndex.tcl 
Execute         source D:/movies/2025.2/Vitis/tps/tcl/tcllib2.0/profiler/pkgIndex.tcl 
Execute         source D:/movies/2025.2/Vitis/tps/tcl/tcllib2.0/pt/pkgIndex.tcl 
Execute         source D:/movies/2025.2/Vitis/tps/tcl/tcllib2.0/rcs/pkgIndex.tcl 
Execute         source D:/movies/2025.2/Vitis/tps/tcl/tcllib2.0/report/pkgIndex.tcl 
Execute         source D:/movies/2025.2/Vitis/tps/tcl/tcllib2.0/rest/pkgIndex.tcl 
Execute         source D:/movies/2025.2/Vitis/tps/tcl/tcllib2.0/ripemd/pkgIndex.tcl 
Execute         source D:/movies/2025.2/Vitis/tps/tcl/tcllib2.0/sasl/pkgIndex.tcl 
Execute         source D:/movies/2025.2/Vitis/tps/tcl/tcllib2.0/sha1/pkgIndex.tcl 
Execute         source D:/movies/2025.2/Vitis/tps/tcl/tcllib2.0/simulation/pkgIndex.tcl 
Execute         source D:/movies/2025.2/Vitis/tps/tcl/tcllib2.0/smtpd/pkgIndex.tcl 
Execute         source D:/movies/2025.2/Vitis/tps/tcl/tcllib2.0/snit/pkgIndex.tcl 
Execute         source D:/movies/2025.2/Vitis/tps/tcl/tcllib2.0/soundex/pkgIndex.tcl 
Execute         source D:/movies/2025.2/Vitis/tps/tcl/tcllib2.0/stooop/pkgIndex.tcl 
Execute         source D:/movies/2025.2/Vitis/tps/tcl/tcllib2.0/string/pkgIndex.tcl 
Execute         source D:/movies/2025.2/Vitis/tps/tcl/tcllib2.0/stringprep/pkgIndex.tcl 
Execute         source D:/movies/2025.2/Vitis/tps/tcl/tcllib2.0/struct/pkgIndex.tcl 
Execute         source D:/movies/2025.2/Vitis/tps/tcl/tcllib2.0/tar/pkgIndex.tcl 
Execute         source D:/movies/2025.2/Vitis/tps/tcl/tcllib2.0/tepam/pkgIndex.tcl 
Execute         source D:/movies/2025.2/Vitis/tps/tcl/tcllib2.0/term/pkgIndex.tcl 
Execute         source D:/movies/2025.2/Vitis/tps/tcl/tcllib2.0/textutil/pkgIndex.tcl 
Execute         source D:/movies/2025.2/Vitis/tps/tcl/tcllib2.0/tie/pkgIndex.tcl 
Execute         source D:/movies/2025.2/Vitis/tps/tcl/tcllib2.0/tiff/pkgIndex.tcl 
Execute         source D:/movies/2025.2/Vitis/tps/tcl/tcllib2.0/tool/pkgIndex.tcl 
Execute         source D:/movies/2025.2/Vitis/tps/tcl/tcllib2.0/transfer/pkgIndex.tcl 
Execute         source D:/movies/2025.2/Vitis/tps/tcl/tcllib2.0/treeql/pkgIndex.tcl 
Execute         source D:/movies/2025.2/Vitis/tps/tcl/tcllib2.0/try/pkgIndex.tcl 
Execute         source D:/movies/2025.2/Vitis/tps/tcl/tcllib2.0/udpcluster/pkgIndex.tcl 
Execute         source D:/movies/2025.2/Vitis/tps/tcl/tcllib2.0/uev/pkgIndex.tcl 
Execute         source D:/movies/2025.2/Vitis/tps/tcl/tcllib2.0/units/pkgIndex.tcl 
Execute         source D:/movies/2025.2/Vitis/tps/tcl/tcllib2.0/uri/pkgIndex.tcl 
Execute         source D:/movies/2025.2/Vitis/tps/tcl/tcllib2.0/uuid/pkgIndex.tcl 
Execute         source D:/movies/2025.2/Vitis/tps/tcl/tcllib2.0/valtype/pkgIndex.tcl 
Execute         source D:/movies/2025.2/Vitis/tps/tcl/tcllib2.0/virtchannel_base/pkgIndex.tcl 
Execute         source D:/movies/2025.2/Vitis/tps/tcl/tcllib2.0/virtchannel_core/pkgIndex.tcl 
Execute         source D:/movies/2025.2/Vitis/tps/tcl/tcllib2.0/virtchannel_transform/pkgIndex.tcl 
Execute         source D:/movies/2025.2/Vitis/tps/tcl/tcllib2.0/websocket/pkgIndex.tcl 
Execute         source D:/movies/2025.2/Vitis/tps/tcl/tcllib2.0/wip/pkgIndex.tcl 
Execute         source D:/movies/2025.2/Vitis/tps/tcl/tcllib2.0/yaml/pkgIndex.tcl 
Execute         source D:/movies/2025.2/Vitis/tps/tcl/tcllib2.0/zip/pkgIndex.tcl 
Execute         source D:/movies/2025.2/Vitis/tps/tcl/tcllib2.0/pkgIndex.tcl 
Execute           source D:/movies/2025.2/Vitis/tps/tcl/tcllib2.0/0compatibility/pkgIndex.tcl 
Execute           source D:/movies/2025.2/Vitis/tps/tcl/tcllib2.0/amazon-s3/pkgIndex.tcl 
Execute           source D:/movies/2025.2/Vitis/tps/tcl/tcllib2.0/asn/pkgIndex.tcl 
Execute           source D:/movies/2025.2/Vitis/tps/tcl/tcllib2.0/base32/pkgIndex.tcl 
Execute           source D:/movies/2025.2/Vitis/tps/tcl/tcllib2.0/base64/pkgIndex.tcl 
Execute           source D:/movies/2025.2/Vitis/tps/tcl/tcllib2.0/bee/pkgIndex.tcl 
Execute           source D:/movies/2025.2/Vitis/tps/tcl/tcllib2.0/bench/pkgIndex.tcl 
Execute           source D:/movies/2025.2/Vitis/tps/tcl/tcllib2.0/bibtex/pkgIndex.tcl 
Execute           source D:/movies/2025.2/Vitis/tps/tcl/tcllib2.0/cache/pkgIndex.tcl 
Execute           source D:/movies/2025.2/Vitis/tps/tcl/tcllib2.0/clay/pkgIndex.tcl 
Execute           source D:/movies/2025.2/Vitis/tps/tcl/tcllib2.0/clock/pkgIndex.tcl 
Execute           source D:/movies/2025.2/Vitis/tps/tcl/tcllib2.0/cmdline/pkgIndex.tcl 
Execute           source D:/movies/2025.2/Vitis/tps/tcl/tcllib2.0/comm/pkgIndex.tcl 
Execute           source D:/movies/2025.2/Vitis/tps/tcl/tcllib2.0/control/pkgIndex.tcl 
Execute           source D:/movies/2025.2/Vitis/tps/tcl/tcllib2.0/coroutine/pkgIndex.tcl 
Execute           source D:/movies/2025.2/Vitis/tps/tcl/tcllib2.0/counter/pkgIndex.tcl 
Execute           source D:/movies/2025.2/Vitis/tps/tcl/tcllib2.0/crc/pkgIndex.tcl 
Execute           source D:/movies/2025.2/Vitis/tps/tcl/tcllib2.0/cron/pkgIndex.tcl 
Execute           source D:/movies/2025.2/Vitis/tps/tcl/tcllib2.0/csv/pkgIndex.tcl 
Execute           source D:/movies/2025.2/Vitis/tps/tcl/tcllib2.0/debug/pkgIndex.tcl 
Execute           source D:/movies/2025.2/Vitis/tps/tcl/tcllib2.0/defer/pkgIndex.tcl 
Execute           source D:/movies/2025.2/Vitis/tps/tcl/tcllib2.0/dicttool/pkgIndex.tcl 
Execute           source D:/movies/2025.2/Vitis/tps/tcl/tcllib2.0/dns/pkgIndex.tcl 
Execute           source D:/movies/2025.2/Vitis/tps/tcl/tcllib2.0/docstrip/pkgIndex.tcl 
Execute           source D:/movies/2025.2/Vitis/tps/tcl/tcllib2.0/doctools/pkgIndex.tcl 
Execute           source D:/movies/2025.2/Vitis/tps/tcl/tcllib2.0/doctools2base/pkgIndex.tcl 
Execute           source D:/movies/2025.2/Vitis/tps/tcl/tcllib2.0/doctools2idx/pkgIndex.tcl 
Execute           source D:/movies/2025.2/Vitis/tps/tcl/tcllib2.0/doctools2toc/pkgIndex.tcl 
Execute           source D:/movies/2025.2/Vitis/tps/tcl/tcllib2.0/dtplite/pkgIndex.tcl 
Execute           source D:/movies/2025.2/Vitis/tps/tcl/tcllib2.0/fileutil/pkgIndex.tcl 
Execute           source D:/movies/2025.2/Vitis/tps/tcl/tcllib2.0/ftp/pkgIndex.tcl 
Execute           source D:/movies/2025.2/Vitis/tps/tcl/tcllib2.0/ftpd/pkgIndex.tcl 
Execute           source D:/movies/2025.2/Vitis/tps/tcl/tcllib2.0/fumagic/pkgIndex.tcl 
Execute           source D:/movies/2025.2/Vitis/tps/tcl/tcllib2.0/generator/pkgIndex.tcl 
Execute           source D:/movies/2025.2/Vitis/tps/tcl/tcllib2.0/gpx/pkgIndex.tcl 
Execute           source D:/movies/2025.2/Vitis/tps/tcl/tcllib2.0/grammar_aycock/pkgIndex.tcl 
Execute           source D:/movies/2025.2/Vitis/tps/tcl/tcllib2.0/grammar_fa/pkgIndex.tcl 
Execute           source D:/movies/2025.2/Vitis/tps/tcl/tcllib2.0/grammar_me/pkgIndex.tcl 
Execute           source D:/movies/2025.2/Vitis/tps/tcl/tcllib2.0/grammar_peg/pkgIndex.tcl 
Execute           source D:/movies/2025.2/Vitis/tps/tcl/tcllib2.0/hook/pkgIndex.tcl 
Execute           source D:/movies/2025.2/Vitis/tps/tcl/tcllib2.0/html/pkgIndex.tcl 
Execute           source D:/movies/2025.2/Vitis/tps/tcl/tcllib2.0/htmlparse/pkgIndex.tcl 
Execute           source D:/movies/2025.2/Vitis/tps/tcl/tcllib2.0/http/pkgIndex.tcl 
Execute           source D:/movies/2025.2/Vitis/tps/tcl/tcllib2.0/httpd/pkgIndex.tcl 
Execute           source D:/movies/2025.2/Vitis/tps/tcl/tcllib2.0/httpwget/pkgIndex.tcl 
Execute           source D:/movies/2025.2/Vitis/tps/tcl/tcllib2.0/ident/pkgIndex.tcl 
Execute           source D:/movies/2025.2/Vitis/tps/tcl/tcllib2.0/imap4/pkgIndex.tcl 
Execute           source D:/movies/2025.2/Vitis/tps/tcl/tcllib2.0/inifile/pkgIndex.tcl 
Execute           source D:/movies/2025.2/Vitis/tps/tcl/tcllib2.0/interp/pkgIndex.tcl 
Execute           source D:/movies/2025.2/Vitis/tps/tcl/tcllib2.0/irc/pkgIndex.tcl 
Execute           source D:/movies/2025.2/Vitis/tps/tcl/tcllib2.0/javascript/pkgIndex.tcl 
Execute           source D:/movies/2025.2/Vitis/tps/tcl/tcllib2.0/jpeg/pkgIndex.tcl 
Execute           source D:/movies/2025.2/Vitis/tps/tcl/tcllib2.0/json/pkgIndex.tcl 
Execute           source D:/movies/2025.2/Vitis/tps/tcl/tcllib2.0/lambda/pkgIndex.tcl 
Execute           source D:/movies/2025.2/Vitis/tps/tcl/tcllib2.0/lazyset/pkgIndex.tcl 
Execute           source D:/movies/2025.2/Vitis/tps/tcl/tcllib2.0/ldap/pkgIndex.tcl 
Execute           source D:/movies/2025.2/Vitis/tps/tcl/tcllib2.0/log/pkgIndex.tcl 
Execute           source D:/movies/2025.2/Vitis/tps/tcl/tcllib2.0/map/pkgIndex.tcl 
Execute           source D:/movies/2025.2/Vitis/tps/tcl/tcllib2.0/mapproj/pkgIndex.tcl 
Execute           source D:/movies/2025.2/Vitis/tps/tcl/tcllib2.0/markdown/pkgIndex.tcl 
Execute           source D:/movies/2025.2/Vitis/tps/tcl/tcllib2.0/math/pkgIndex.tcl 
Execute           source D:/movies/2025.2/Vitis/tps/tcl/tcllib2.0/md4/pkgIndex.tcl 
Execute           source D:/movies/2025.2/Vitis/tps/tcl/tcllib2.0/md5/pkgIndex.tcl 
Execute           source D:/movies/2025.2/Vitis/tps/tcl/tcllib2.0/md5crypt/pkgIndex.tcl 
Execute           source D:/movies/2025.2/Vitis/tps/tcl/tcllib2.0/mime/pkgIndex.tcl 
Execute           source D:/movies/2025.2/Vitis/tps/tcl/tcllib2.0/mkdoc/pkgIndex.tcl 
Execute           source D:/movies/2025.2/Vitis/tps/tcl/tcllib2.0/multiplexer/pkgIndex.tcl 
Execute           source D:/movies/2025.2/Vitis/tps/tcl/tcllib2.0/namespacex/pkgIndex.tcl 
Execute           source D:/movies/2025.2/Vitis/tps/tcl/tcllib2.0/ncgi/pkgIndex.tcl 
Execute           source D:/movies/2025.2/Vitis/tps/tcl/tcllib2.0/nettool/pkgIndex.tcl 
Execute           source D:/movies/2025.2/Vitis/tps/tcl/tcllib2.0/nmea/pkgIndex.tcl 
Execute           source D:/movies/2025.2/Vitis/tps/tcl/tcllib2.0/nns/pkgIndex.tcl 
Execute           source D:/movies/2025.2/Vitis/tps/tcl/tcllib2.0/nntp/pkgIndex.tcl 
Execute           source D:/movies/2025.2/Vitis/tps/tcl/tcllib2.0/ntp/pkgIndex.tcl 
Execute           source D:/movies/2025.2/Vitis/tps/tcl/tcllib2.0/oauth/pkgIndex.tcl 
Execute           source D:/movies/2025.2/Vitis/tps/tcl/tcllib2.0/oodialect/pkgIndex.tcl 
Execute           source D:/movies/2025.2/Vitis/tps/tcl/tcllib2.0/oometa/pkgIndex.tcl 
Execute           source D:/movies/2025.2/Vitis/tps/tcl/tcllib2.0/ooutil/pkgIndex.tcl 
Execute           source D:/movies/2025.2/Vitis/tps/tcl/tcllib2.0/otp/pkgIndex.tcl 
Execute           source D:/movies/2025.2/Vitis/tps/tcl/tcllib2.0/page/pkgIndex.tcl 
Execute           source D:/movies/2025.2/Vitis/tps/tcl/tcllib2.0/pluginmgr/pkgIndex.tcl 
Execute           source D:/movies/2025.2/Vitis/tps/tcl/tcllib2.0/png/pkgIndex.tcl 
Execute           source D:/movies/2025.2/Vitis/tps/tcl/tcllib2.0/pop3/pkgIndex.tcl 
Execute           source D:/movies/2025.2/Vitis/tps/tcl/tcllib2.0/pop3d/pkgIndex.tcl 
Execute           source D:/movies/2025.2/Vitis/tps/tcl/tcllib2.0/practcl/pkgIndex.tcl 
Execute           source D:/movies/2025.2/Vitis/tps/tcl/tcllib2.0/processman/pkgIndex.tcl 
Execute           source D:/movies/2025.2/Vitis/tps/tcl/tcllib2.0/profiler/pkgIndex.tcl 
Execute           source D:/movies/2025.2/Vitis/tps/tcl/tcllib2.0/pt/pkgIndex.tcl 
Execute           source D:/movies/2025.2/Vitis/tps/tcl/tcllib2.0/rcs/pkgIndex.tcl 
Execute           source D:/movies/2025.2/Vitis/tps/tcl/tcllib2.0/report/pkgIndex.tcl 
Execute           source D:/movies/2025.2/Vitis/tps/tcl/tcllib2.0/rest/pkgIndex.tcl 
Execute           source D:/movies/2025.2/Vitis/tps/tcl/tcllib2.0/ripemd/pkgIndex.tcl 
Execute           source D:/movies/2025.2/Vitis/tps/tcl/tcllib2.0/sasl/pkgIndex.tcl 
Execute           source D:/movies/2025.2/Vitis/tps/tcl/tcllib2.0/sha1/pkgIndex.tcl 
Execute           source D:/movies/2025.2/Vitis/tps/tcl/tcllib2.0/simulation/pkgIndex.tcl 
Execute           source D:/movies/2025.2/Vitis/tps/tcl/tcllib2.0/smtpd/pkgIndex.tcl 
Execute           source D:/movies/2025.2/Vitis/tps/tcl/tcllib2.0/snit/pkgIndex.tcl 
Execute           source D:/movies/2025.2/Vitis/tps/tcl/tcllib2.0/soundex/pkgIndex.tcl 
Execute           source D:/movies/2025.2/Vitis/tps/tcl/tcllib2.0/stooop/pkgIndex.tcl 
Execute           source D:/movies/2025.2/Vitis/tps/tcl/tcllib2.0/string/pkgIndex.tcl 
Execute           source D:/movies/2025.2/Vitis/tps/tcl/tcllib2.0/stringprep/pkgIndex.tcl 
Execute           source D:/movies/2025.2/Vitis/tps/tcl/tcllib2.0/struct/pkgIndex.tcl 
Execute           source D:/movies/2025.2/Vitis/tps/tcl/tcllib2.0/tar/pkgIndex.tcl 
Execute           source D:/movies/2025.2/Vitis/tps/tcl/tcllib2.0/tepam/pkgIndex.tcl 
Execute           source D:/movies/2025.2/Vitis/tps/tcl/tcllib2.0/term/pkgIndex.tcl 
Execute           source D:/movies/2025.2/Vitis/tps/tcl/tcllib2.0/textutil/pkgIndex.tcl 
Execute           source D:/movies/2025.2/Vitis/tps/tcl/tcllib2.0/tie/pkgIndex.tcl 
Execute           source D:/movies/2025.2/Vitis/tps/tcl/tcllib2.0/tiff/pkgIndex.tcl 
Execute           source D:/movies/2025.2/Vitis/tps/tcl/tcllib2.0/tool/pkgIndex.tcl 
Execute           source D:/movies/2025.2/Vitis/tps/tcl/tcllib2.0/transfer/pkgIndex.tcl 
Execute           source D:/movies/2025.2/Vitis/tps/tcl/tcllib2.0/treeql/pkgIndex.tcl 
Execute           source D:/movies/2025.2/Vitis/tps/tcl/tcllib2.0/try/pkgIndex.tcl 
Execute           source D:/movies/2025.2/Vitis/tps/tcl/tcllib2.0/udpcluster/pkgIndex.tcl 
Execute           source D:/movies/2025.2/Vitis/tps/tcl/tcllib2.0/uev/pkgIndex.tcl 
Execute           source D:/movies/2025.2/Vitis/tps/tcl/tcllib2.0/units/pkgIndex.tcl 
Execute           source D:/movies/2025.2/Vitis/tps/tcl/tcllib2.0/uri/pkgIndex.tcl 
Execute           source D:/movies/2025.2/Vitis/tps/tcl/tcllib2.0/uuid/pkgIndex.tcl 
Execute           source D:/movies/2025.2/Vitis/tps/tcl/tcllib2.0/valtype/pkgIndex.tcl 
Execute           source D:/movies/2025.2/Vitis/tps/tcl/tcllib2.0/virtchannel_base/pkgIndex.tcl 
Execute           source D:/movies/2025.2/Vitis/tps/tcl/tcllib2.0/virtchannel_core/pkgIndex.tcl 
Execute           source D:/movies/2025.2/Vitis/tps/tcl/tcllib2.0/virtchannel_transform/pkgIndex.tcl 
Execute           source D:/movies/2025.2/Vitis/tps/tcl/tcllib2.0/websocket/pkgIndex.tcl 
Execute           source D:/movies/2025.2/Vitis/tps/tcl/tcllib2.0/wip/pkgIndex.tcl 
Execute           source D:/movies/2025.2/Vitis/tps/tcl/tcllib2.0/yaml/pkgIndex.tcl 
Execute           source D:/movies/2025.2/Vitis/tps/tcl/tcllib2.0/zip/pkgIndex.tcl 
Command         ap_source done; 0.202 sec.
Execute         source D:/movies/2025.2/Vitis/tps/tcl/tdom/pkgIndex.tcl 
Execute         source D:/movies/2025.2/Vitis/tps/tcl/tcl8.6/opt0.4/pkgIndex.tcl 
Execute         source D:/movies/2025.2/Vitis/tps/tcl/tcl8.6/pkgs/win/thread2.8.7/pkgIndex.tcl 
Command       ap_source done; 1.143 sec.
INFO-FLOW: Workspace C:/Users/duong/Desktop/xup_high_level_synthesis_design_flow-main/source/lab1/matrixmul/matrixmul/hls opened at Fri Jun 12 16:46:15 -0400 2026
Execute       source C:/Users/duong/Desktop/xup_high_level_synthesis_design_flow-main/source/lab1/matrixmul/matrixmul/hls/.autopilot/db/global.setting.tcl 
Execute       set_part xc7a35t-fgg484-2 
Execute         create_platform xc7a35t-fgg484-2 -board  
DBG:HLSDevice: Trying to load device library: D:/movies/2025.2/Vitis\lib\win64.o\xv_hlsvwrap.dll
DBG:HLSDevice: first parts/arch.xml in RDI_DATADIR: D:/movies/2025.2/Vivado/data/parts/arch.xml
DBG:HLSDevice: init success
INFO: [HLS 200-1611] Setting target device to 'xc7a35t-fgg484-2'
Command         create_platform done; 1.08 sec.
Execute         source D:/movies/2025.2/Vitis/common/technology/xilinx/common/xilinx.gen 
Execute           source D:/movies/2025.2/Vitis/common/technology/xilinx/interface/plb46.gen 
Execute           source D:/movies/2025.2/Vitis/common/technology/xilinx/interface/axi4.gen 
Execute           source D:/movies/2025.2/Vitis/common/technology/xilinx/interface/nativeAXI4.gen 
Execute             source D:/movies/2025.2/Vitis/common/technology/xilinx/interface/saxilite.gen 
Execute           source D:/movies/2025.2/Vitis/common/technology/xilinx/scripts/xilinxcoregen.gen 
Execute           source D:/movies/2025.2/Vitis/common/technology/xilinx/interface/XilEDKCoreGen.gen 
Execute           source D:/movies/2025.2/Vitis/common/technology/xilinx/ip/dds_compiler.gen 
Execute           source D:/movies/2025.2/Vitis/common/technology/xilinx/ip/util.gen 
Execute           source D:/movies/2025.2/Vitis/common/technology/xilinx/ip/xfft.gen 
Execute           source D:/movies/2025.2/Vitis/common/technology/xilinx/ip/xfir.gen 
Execute           source D:/movies/2025.2/Vitis/common/technology/xilinx/DSP48/dsp48.gen 
Command         ap_source done; 0.208 sec.
Execute         ap_part_info -name xc7a35t-fgg484-2 -data info 
Execute         config_compile -quiet -complex-mul-dsp=0 
Command       set_part done; 1.303 sec.
Execute       send_msg_by_id INFO @200-1505@%s%s default  vivado 
INFO: [HLS 200-1505] Using default flow_target 'vivado'
Execute       send_msg_by_id INFO @200-2174@%s%s component hls_config.cfg 
INFO: [HLS 200-2174] Applying component config ini file hls_config.cfg
Execute       apply_ini hls_config.cfg 
Execute         send_msg_by_id INFO @200-1465@%s 'syn.file=C:/Users/duong/Desktop/xup_high_level_synthesis_design_flow-main/source/lab1/matrixmul.cpp' from hls_config.cfg(8) 
INFO: [HLS 200-1465] Applying config ini 'syn.file=C:/Users/duong/Desktop/xup_high_level_synthesis_design_flow-main/source/lab1/matrixmul.cpp' from hls_config.cfg(8)
Execute         add_files C:/Users/duong/Desktop/xup_high_level_synthesis_design_flow-main/source/lab1/matrixmul.cpp 
INFO: [HLS 200-10] Adding design file 'C:/Users/duong/Desktop/xup_high_level_synthesis_design_flow-main/source/lab1/matrixmul.cpp' to the project
Execute         send_msg_by_id INFO @200-1465@%s 'syn.file=C:/Users/duong/Desktop/xup_high_level_synthesis_design_flow-main/source/lab1/matrixmul.h' from hls_config.cfg(9) 
INFO: [HLS 200-1465] Applying config ini 'syn.file=C:/Users/duong/Desktop/xup_high_level_synthesis_design_flow-main/source/lab1/matrixmul.h' from hls_config.cfg(9)
Execute         add_files C:/Users/duong/Desktop/xup_high_level_synthesis_design_flow-main/source/lab1/matrixmul.h 
INFO: [HLS 200-10] Adding design file 'C:/Users/duong/Desktop/xup_high_level_synthesis_design_flow-main/source/lab1/matrixmul.h' to the project
Execute         send_msg_by_id INFO @200-1465@%s 'tb.file=C:/Users/duong/Desktop/xup_high_level_synthesis_design_flow-main/source/lab1/matrixmul_test.cpp' from hls_config.cfg(10) 
INFO: [HLS 200-1465] Applying config ini 'tb.file=C:/Users/duong/Desktop/xup_high_level_synthesis_design_flow-main/source/lab1/matrixmul_test.cpp' from hls_config.cfg(10)
Execute         add_files -tb C:/Users/duong/Desktop/xup_high_level_synthesis_design_flow-main/source/lab1/matrixmul_test.cpp 
INFO: [HLS 200-10] Adding test bench file 'C:/Users/duong/Desktop/xup_high_level_synthesis_design_flow-main/source/lab1/matrixmul_test.cpp' to the project
Execute         send_msg_by_id INFO @200-1465@%s 'tb.file_cflags=C:/Users/duong/Desktop/xup_high_level_synthesis_design_flow-main/source/lab1/matrixmul_test.cpp,-DHW_COSIM' from hls_config.cfg(11) 
INFO: [HLS 200-1465] Applying config ini 'tb.file_cflags=C:/Users/duong/Desktop/xup_high_level_synthesis_design_flow-main/source/lab1/matrixmul_test.cpp,-DHW_COSIM' from hls_config.cfg(11)
Execute         add_files -tb C:/Users/duong/Desktop/xup_high_level_synthesis_design_flow-main/source/lab1/matrixmul_test.cpp -appendflags -cflags -DHW_COSIM 
Execute         send_msg_by_id INFO @200-1465@%s 'syn.top=matrixmul' from hls_config.cfg(7) 
INFO: [HLS 200-1465] Applying config ini 'syn.top=matrixmul' from hls_config.cfg(7)
Execute         set_top matrixmul 
Execute         send_msg_by_id INFO @200-1465@%s 'flow_target=vivado' from hls_config.cfg(4) 
INFO: [HLS 200-1465] Applying config ini 'flow_target=vivado' from hls_config.cfg(4)
Execute         send_msg_by_id INFO @200-1505@%s%s  vivado 
INFO: [HLS 200-1505] Using flow_target 'vivado'
Execute         send_msg_by_id INFO @200-1465@%s 'part=xc7a35tfgg484-2' from hls_config.cfg(1) 
INFO: [HLS 200-1465] Applying config ini 'part=xc7a35tfgg484-2' from hls_config.cfg(1)
Execute         set_part xc7a35tfgg484-2 
Execute           create_platform xc7a35tfgg484-2 -board  
Command           create_platform done; 0.171 sec.
Execute           source D:/movies/2025.2/Vitis/common/technology/xilinx/common/xilinx.gen 
Execute             source D:/movies/2025.2/Vitis/common/technology/xilinx/interface/plb46.gen 
Execute             source D:/movies/2025.2/Vitis/common/technology/xilinx/interface/axi4.gen 
Execute             source D:/movies/2025.2/Vitis/common/technology/xilinx/interface/nativeAXI4.gen 
Execute               source D:/movies/2025.2/Vitis/common/technology/xilinx/interface/saxilite.gen 
Execute             source D:/movies/2025.2/Vitis/common/technology/xilinx/scripts/xilinxcoregen.gen 
Execute             source D:/movies/2025.2/Vitis/common/technology/xilinx/interface/XilEDKCoreGen.gen 
Execute             source D:/movies/2025.2/Vitis/common/technology/xilinx/ip/dds_compiler.gen 
Execute             source D:/movies/2025.2/Vitis/common/technology/xilinx/ip/util.gen 
Execute             source D:/movies/2025.2/Vitis/common/technology/xilinx/ip/xfft.gen 
Execute             source D:/movies/2025.2/Vitis/common/technology/xilinx/ip/xfir.gen 
Execute             source D:/movies/2025.2/Vitis/common/technology/xilinx/DSP48/dsp48.gen 
Execute           ap_part_info -name xc7a35t-fgg484-2 -data info 
Execute           config_compile -quiet -complex-mul-dsp=0 
Command         set_part done; 0.26 sec.
Execute         send_msg_by_id INFO @200-1465@%s 'clock=10' from hls_config.cfg(12) 
INFO: [HLS 200-1465] Applying config ini 'clock=10' from hls_config.cfg(12)
Execute         create_clock -period 10ns 
Execute           ap_set_clock -name default -period 10 -unit ns -default=false 
INFO: [SYN 201-201] Setting up clock 'default' with a period of 10ns.
Execute         send_msg_by_id INFO @200-1465@%s 'package.output.format=ip_catalog' from hls_config.cfg(5) 
INFO: [HLS 200-1465] Applying config ini 'package.output.format=ip_catalog' from hls_config.cfg(5)
Execute         config_export -format=ip_catalog 
Command       apply_ini done; 0.327 sec.
Execute       write_component -config C:/Users/duong/Desktop/xup_high_level_synthesis_design_flow-main/source/lab1/matrixmul/hls_config.cfg 
Execute         send_msg_by_id INFO @200-2176@%s C:/Users/duong/Desktop/xup_high_level_synthesis_design_flow-main/source/lab1/matrixmul/matrixmul/vitis-comp.json 
INFO: [HLS 200-2176] Writing Vitis IDE component file C:/Users/duong/Desktop/xup_high_level_synthesis_design_flow-main/source/lab1/matrixmul/matrixmul/vitis-comp.json
Command     open_solution done; 2.873 sec.
Command   open_component done; 2.881 sec.
Execute   apply_ini C:/Users/duong/Desktop/xup_high_level_synthesis_design_flow-main/source/lab1/matrixmul/matrixmul/hls/config.cmdline -iscmdline 
Execute   ::AP::init_summary_file cosim 
Execute     AP::app_get_file_relativeroot [AP::app_get_root] {}
Execute   cosim_design 
Execute     source C:/Users/duong/Desktop/xup_high_level_synthesis_design_flow-main/source/lab1/matrixmul/matrixmul/hls/.autopilot/db/global.setting.tcl 
Execute     source C:/Users/duong/Desktop/xup_high_level_synthesis_design_flow-main/source/lab1/matrixmul/matrixmul/hls/.autopilot/db/global.setting.tcl 
Execute     source C:/Users/duong/Desktop/xup_high_level_synthesis_design_flow-main/source/lab1/matrixmul/matrixmul/hls/.autopilot/db/global.setting.tcl 
INFO-FLOW: DBG:PUTS: read_platform_lib C:/Users/duong/Desktop/xup_high_level_synthesis_design_flow-main/source/lab1/matrixmul/matrixmul/hls/.autopilot/db/global.setting.tcl
Execute     source D:/movies/2025.2/Vitis/common/technology/generic/autopilot/common.gen 
Execute       source D:/movies/2025.2/Vitis/common/technology/generic/autopilot/APCoreGen.gen 
Execute     source D:/movies/2025.2/Vitis/common/technology/generic/autopilot/op.gen 
Execute     source D:/movies/2025.2/Vitis/common/technology/generic/autopilot/op_simcore.gen 
Execute     source D:/movies/2025.2/Vitis/common/technology/generic/autopilot/interface.gen 
Execute     source C:/Users/duong/Desktop/xup_high_level_synthesis_design_flow-main/source/lab1/matrixmul/matrixmul/hls/.autopilot/db/global.setting.tcl 
Execute     ap_family_info -name artix7 -data parts 
Execute     ap_part_info -name xc7a12ticsg325-1L -data info 
Execute     source D:/movies/2025.2/Vitis/common/technology/xilinx/common/xilinx.gen 
Execute       source D:/movies/2025.2/Vitis/common/technology/xilinx/interface/plb46.gen 
Execute       source D:/movies/2025.2/Vitis/common/technology/xilinx/interface/axi4.gen 
Execute       source D:/movies/2025.2/Vitis/common/technology/xilinx/interface/nativeAXI4.gen 
Execute         source D:/movies/2025.2/Vitis/common/technology/xilinx/interface/saxilite.gen 
Execute       source D:/movies/2025.2/Vitis/common/technology/xilinx/scripts/xilinxcoregen.gen 
Execute       source D:/movies/2025.2/Vitis/common/technology/xilinx/interface/XilEDKCoreGen.gen 
Execute       source D:/movies/2025.2/Vitis/common/technology/xilinx/ip/dds_compiler.gen 
Execute       source D:/movies/2025.2/Vitis/common/technology/xilinx/ip/util.gen 
Execute       source D:/movies/2025.2/Vitis/common/technology/xilinx/ip/xfft.gen 
Execute       source D:/movies/2025.2/Vitis/common/technology/xilinx/ip/xfir.gen 
Execute       source D:/movies/2025.2/Vitis/common/technology/xilinx/DSP48/dsp48.gen 
INFO-FLOW: DBG:PUTS:   using AESL_AUTOCG::g_clock_period=10.000 (was NA)
Execute     ap_part_info -name xc7a35t-fgg484-2 -data names -quiet 
Execute     ap_part_info -name xc7a35t-fgg484-2 -data info -quiet 
Execute     source C:/Users/duong/Desktop/xup_high_level_synthesis_design_flow-main/source/lab1/matrixmul/matrixmul/hls/.autopilot/db/global.setting.tcl 
Execute     source C:/Users/duong/Desktop/xup_high_level_synthesis_design_flow-main/source/lab1/matrixmul/matrixmul/hls/.autopilot/db/matrixmul.rtl_wrap.cfg.tcl 
Execute     source C:/Users/duong/Desktop/xup_high_level_synthesis_design_flow-main/source/lab1/matrixmul/matrixmul/hls/.autopilot/db/matrixmul.tbgen.tcl 
Execute     source C:/Users/duong/Desktop/xup_high_level_synthesis_design_flow-main/source/lab1/matrixmul/matrixmul/hls/.autopilot/db/cosimDB.tcl 
Execute     source C:/Users/duong/Desktop/xup_high_level_synthesis_design_flow-main/source/lab1/matrixmul/matrixmul/hls/.autopilot/db/matrixmul.tbgen.tcl 
Execute     source C:/Users/duong/Desktop/xup_high_level_synthesis_design_flow-main/source/lab1/matrixmul/matrixmul/hls/.autopilot/db/matrixmul.tbgen.tcl 
Execute     source C:/Users/duong/Desktop/xup_high_level_synthesis_design_flow-main/source/lab1/matrixmul/matrixmul/hls/.autopilot/db/matrixmul.tbgen.tcl 
Execute     source C:/Users/duong/Desktop/xup_high_level_synthesis_design_flow-main/source/lab1/matrixmul/matrixmul/hls/.autopilot/db/matrixmul.tbgen.tcl 
INFO: [COSIM 212-47] Using XSIM for RTL simulation.
INFO: [COSIM 212-14] Instrumenting C test bench ...
Execute     ap_part_info -name xc7a35t-fgg484-2 -data info 
INFO-FLOW: run_clang autosim-tb exec: D:/movies/2025.2/Vitis/win64/tools/clang-16/bin/clang -foptimization-record-file=C:/Users/duong/Desktop/xup_high_level_synthesis_design_flow-main/source/lab1/matrixmul/matrixmul/hls/.autopilot/db/matrixmul_test.cpp.clang.autosim-tb.diag.yml -mllvm -pass-remarks-missed=reflow|pasta|unroll|inline -mllvm -pass-remarks=reflow|pasta|unroll|inline -fno-builtin-isinf -fno-builtin-isnan -E -DHW_COSIM -Wno-unknown-pragmas -Wno-unknown-pragmas -DGCC_COMPATIBLE_APINT -DAESL_TB -D__HLS_COSIM__ -D__VITIS_HLS__ --target=x86_64-w64-windows-gnu -D__USE_XOPEN2K8 -I D:/movies/2025.2/Vitis/include -I include C:/Users/duong/Desktop/xup_high_level_synthesis_design_flow-main/source/lab1/matrixmul_test.cpp -o C:/Users/duong/Desktop/xup_high_level_synthesis_design_flow-main/source/lab1/matrixmul/matrixmul/hls/./sim/autowrap/testbench/matrixmul_test.cpp_pre.cpp -std=gnu++14 -D__DSP48E1__ --sysroot=D:/movies/2025.2/Vitis/tps/mingw/10.0.0/win64.o/nt > C:/Users/duong/Desktop/xup_high_level_synthesis_design_flow-main/source/lab1/matrixmul/matrixmul/hls/.autopilot/db/matrixmul_test.cpp.clang.autosim-tb.out.log 2> C:/Users/duong/Desktop/xup_high_level_synthesis_design_flow-main/source/lab1/matrixmul/matrixmul/hls/.autopilot/db/matrixmul_test.cpp.clang.autosim-tb.err.log
INFO-FLOW: run_clang result=success num-err-msgs=0 num-stderr-lines=0
INFO-FLOW: TB processing: C:/Users/duong/Desktop/xup_high_level_synthesis_design_flow-main/source/lab1/matrixmul_test.cpp C:/Users/duong/Desktop/xup_high_level_synthesis_design_flow-main/source/lab1/matrixmul/matrixmul/hls/./sim/autowrap/testbench/matrixmul_test.cpp_pre.cpp
Execute     clang_tidy xilinx-tb-process -desc tb-process C:/Users/duong/Desktop/xup_high_level_synthesis_design_flow-main/source/lab1/matrixmul/matrixmul/hls/./sim/autowrap/testbench/matrixmul_test.cpp_pre.cpp.tb.cpp std=gnu++14 
INFO-FLOW: exec D:/movies/2025.2/Vitis/win64/tools/clang-16/bin/clang-tidy -header-filter=.* --checks=-*,xilinx-tb-process -fix-errors C:/Users/duong/Desktop/xup_high_level_synthesis_design_flow-main/source/lab1/matrixmul/matrixmul/hls/./sim/autowrap/testbench/matrixmul_test.cpp_pre.cpp.tb.cpp -- -std=gnu++14 -fhls -ferror-limit=0
Command     clang_tidy done; 2.126 sec.
Execute     ap_part_info -name xc7a35t-fgg484-2 -data info 
INFO-FLOW: run_clang autosim-tb exec: D:/movies/2025.2/Vitis/win64/tools/clang-16/bin/clang -foptimization-record-file=C:/Users/duong/Desktop/xup_high_level_synthesis_design_flow-main/source/lab1/matrixmul/matrixmul/hls/.autopilot/db/matrixmul.cpp.clang.autosim-tb.diag.yml -mllvm -pass-remarks-missed=reflow|pasta|unroll|inline -mllvm -pass-remarks=reflow|pasta|unroll|inline -fno-builtin-isinf -fno-builtin-isnan -E -DGCC_COMPATIBLE_APINT -DAESL_TB -D__HLS_COSIM__ -D__VITIS_HLS__ --target=x86_64-w64-windows-gnu -D__USE_XOPEN2K8 -I D:/movies/2025.2/Vitis/include -I include C:/Users/duong/Desktop/xup_high_level_synthesis_design_flow-main/source/lab1/matrixmul.cpp -o C:/Users/duong/Desktop/xup_high_level_synthesis_design_flow-main/source/lab1/matrixmul/matrixmul/hls/./sim/autowrap/testbench/matrixmul.cpp_pre.cpp -std=gnu++14 -D__DSP48E1__ --sysroot=D:/movies/2025.2/Vitis/tps/mingw/10.0.0/win64.o/nt > C:/Users/duong/Desktop/xup_high_level_synthesis_design_flow-main/source/lab1/matrixmul/matrixmul/hls/.autopilot/db/matrixmul.cpp.clang.autosim-tb.out.log 2> C:/Users/duong/Desktop/xup_high_level_synthesis_design_flow-main/source/lab1/matrixmul/matrixmul/hls/.autopilot/db/matrixmul.cpp.clang.autosim-tb.err.log
INFO-FLOW: run_clang result=success num-err-msgs=0 num-stderr-lines=0
INFO-FLOW: TB processing: C:/Users/duong/Desktop/xup_high_level_synthesis_design_flow-main/source/lab1/matrixmul.cpp C:/Users/duong/Desktop/xup_high_level_synthesis_design_flow-main/source/lab1/matrixmul/matrixmul/hls/./sim/autowrap/testbench/matrixmul.cpp_pre.cpp
Execute     clang_tidy xilinx-tb-process -desc tb-process C:/Users/duong/Desktop/xup_high_level_synthesis_design_flow-main/source/lab1/matrixmul/matrixmul/hls/./sim/autowrap/testbench/matrixmul.cpp_pre.cpp.tb.cpp std=gnu++14 
INFO-FLOW: exec D:/movies/2025.2/Vitis/win64/tools/clang-16/bin/clang-tidy -header-filter=.* --checks=-*,xilinx-tb-process -fix-errors C:/Users/duong/Desktop/xup_high_level_synthesis_design_flow-main/source/lab1/matrixmul/matrixmul/hls/./sim/autowrap/testbench/matrixmul.cpp_pre.cpp.tb.cpp -- -std=gnu++14 -fhls -ferror-limit=0
Command     clang_tidy done; 0.675 sec.
Execute     source C:/Users/duong/Desktop/xup_high_level_synthesis_design_flow-main/source/lab1/matrixmul/matrixmul/hls/.autopilot/db/global.setting.tcl 
Execute     source C:/Users/duong/Desktop/xup_high_level_synthesis_design_flow-main/source/lab1/matrixmul/matrixmul/hls/.autopilot/db/matrixmul.rtl_wrap.cfg.tcl 
Execute     source C:/Users/duong/Desktop/xup_high_level_synthesis_design_flow-main/source/lab1/matrixmul/matrixmul/hls/.autopilot/db/matrixmul.rtl_wrap.cfg.tcl 
Execute     source C:/Users/duong/Desktop/xup_high_level_synthesis_design_flow-main/source/lab1/matrixmul/matrixmul/hls/.autopilot/db/matrixmul.rtl_wrap.cfg.tcl 
Execute     source C:/Users/duong/Desktop/xup_high_level_synthesis_design_flow-main/source/lab1/matrixmul/matrixmul/hls/.autopilot/db/matrixmul.tbgen.tcl 
Execute     source C:/Users/duong/Desktop/xup_high_level_synthesis_design_flow-main/source/lab1/matrixmul/matrixmul/hls/.autopilot/db/matrixmul.tbgen.tcl 
Execute     source C:/Users/duong/Desktop/xup_high_level_synthesis_design_flow-main/source/lab1/matrixmul/matrixmul/hls/.autopilot/db/matrixmul.tbgen.tcl 
Execute     ap_part_info -name xc7a35t-fgg484-2 -data info 
Execute     source .run_sim.tcl 
INFO: [COSIM 212-302] Starting C TB testing ... 
Command     ap_source done; 0.798 sec.
Execute     source C:/Users/duong/Desktop/xup_high_level_synthesis_design_flow-main/source/lab1/matrixmul/matrixmul/hls/.autopilot/db/matrixmul.tbgen.tcl 
Execute     source C:/Users/duong/Desktop/xup_high_level_synthesis_design_flow-main/source/lab1/matrixmul/matrixmul/hls/.autopilot/db/matrixmul.tbgen.tcl 
INFO: [COSIM 212-333] Generating C post check test bench ...
Execute     source sim/tv/cdatafile/ref.tcl 
Execute     source C:/Users/duong/Desktop/xup_high_level_synthesis_design_flow-main/source/lab1/matrixmul/matrixmul/hls/.autopilot/db/matrixmul.tbgen.tcl 
Execute     source C:/Users/duong/Desktop/xup_high_level_synthesis_design_flow-main/source/lab1/matrixmul/matrixmul/hls/.autopilot/db/matrixmul.tbgen.tcl 
Execute     source C:/Users/duong/Desktop/xup_high_level_synthesis_design_flow-main/source/lab1/matrixmul/matrixmul/hls/.autopilot/db/matrixmul.tbgen.tcl 
Execute     source C:/Users/duong/Desktop/xup_high_level_synthesis_design_flow-main/source/lab1/matrixmul/matrixmul/hls/.autopilot/db/matrixmul.tbgen.tcl 
Execute     source C:/Users/duong/Desktop/xup_high_level_synthesis_design_flow-main/source/lab1/matrixmul/matrixmul/hls/.autopilot/db/matrixmul.tbgen.tcl 
Execute     source C:/Users/duong/Desktop/xup_high_level_synthesis_design_flow-main/source/lab1/matrixmul/matrixmul/hls/.autopilot/db/matrixmul.tbgen.tcl 
Execute     source C:/Users/duong/Desktop/xup_high_level_synthesis_design_flow-main/source/lab1/matrixmul/matrixmul/hls/.autopilot/db/matrixmul.tbgen.tcl 
Execute     source C:/Users/duong/Desktop/xup_high_level_synthesis_design_flow-main/source/lab1/matrixmul/matrixmul/hls/.autopilot/db/matrixmul.tbgen.tcl 
Execute     source C:/Users/duong/Desktop/xup_high_level_synthesis_design_flow-main/source/lab1/matrixmul/matrixmul/hls/.autopilot/db/matrixmul.tbgen.tcl 
Execute     source C:/Users/duong/Desktop/xup_high_level_synthesis_design_flow-main/source/lab1/matrixmul/matrixmul/hls/.autopilot/db/matrixmul.tbgen.tcl 
INFO: [COSIM 212-12] Generating RTL test bench ...
Execute     source ../tv/cdatafile/ref.tcl 
Execute     source C:/Users/duong/Desktop/xup_high_level_synthesis_design_flow-main/source/lab1/matrixmul/matrixmul/hls/.autopilot/db/matrixmul.tbgen.tcl 
Execute     source C:/Users/duong/Desktop/xup_high_level_synthesis_design_flow-main/source/lab1/matrixmul/matrixmul/hls/.autopilot/db/matrixmul.tbgen.tcl 
Execute     source C:/Users/duong/Desktop/xup_high_level_synthesis_design_flow-main/source/lab1/matrixmul/matrixmul/hls/.autopilot/db/matrixmul.tbgen.tcl 
Execute     source C:/Users/duong/Desktop/xup_high_level_synthesis_design_flow-main/source/lab1/matrixmul/matrixmul/hls/.autopilot/db/matrixmul.tbgen.tcl 
Execute     source ../tv/cdatafile/ref.tcl 
Execute     source C:/Users/duong/Desktop/xup_high_level_synthesis_design_flow-main/source/lab1/matrixmul/matrixmul/hls/.autopilot/db/matrixmul.tbgen.tcl 
Execute     source C:/Users/duong/Desktop/xup_high_level_synthesis_design_flow-main/source/lab1/matrixmul/matrixmul/hls/.autopilot/db/matrixmul.tbgen.tcl 
Execute     source C:/Users/duong/Desktop/xup_high_level_synthesis_design_flow-main/source/lab1/matrixmul/matrixmul/hls/.autopilot/db/matrixmul.tbgen.tcl 
Execute     source C:/Users/duong/Desktop/xup_high_level_synthesis_design_flow-main/source/lab1/matrixmul/matrixmul/hls/.autopilot/db/matrixmul.tbgen.tcl 
Execute     source C:/Users/duong/Desktop/xup_high_level_synthesis_design_flow-main/source/lab1/matrixmul/matrixmul/hls/.autopilot/db/matrixmul.tbgen.tcl 
Execute     source C:/Users/duong/Desktop/xup_high_level_synthesis_design_flow-main/source/lab1/matrixmul/matrixmul/hls/.autopilot/db/matrixmul.tbgen.tcl 
Execute     source C:/Users/duong/Desktop/xup_high_level_synthesis_design_flow-main/source/lab1/matrixmul/matrixmul/hls/.autopilot/db/matrixmul.tbgen.tcl 
Execute     source C:/Users/duong/Desktop/xup_high_level_synthesis_design_flow-main/source/lab1/matrixmul/matrixmul/hls/.autopilot/db/matrixmul.tbgen.tcl 
Execute     source C:/Users/duong/Desktop/xup_high_level_synthesis_design_flow-main/source/lab1/matrixmul/matrixmul/hls/.autopilot/db/matrixmul.tbgen.tcl 
Execute     source C:/Users/duong/Desktop/xup_high_level_synthesis_design_flow-main/source/lab1/matrixmul/matrixmul/hls/.autopilot/db/matrixmul.DependenceCheck.tcl 
Execute     source C:/Users/duong/Desktop/xup_high_level_synthesis_design_flow-main/source/lab1/matrixmul/matrixmul/hls/.autopilot/db/matrixmul.tbgen.tcl 
Execute     source C:/Users/duong/Desktop/xup_high_level_synthesis_design_flow-main/source/lab1/matrixmul/matrixmul/hls/.autopilot/db/matrixmul.tbgen.tcl 
Execute     source C:/Users/duong/Desktop/xup_high_level_synthesis_design_flow-main/source/lab1/matrixmul/matrixmul/hls/.autopilot/db/matrixmul.tbgen.tcl 
Execute     source C:/Users/duong/Desktop/xup_high_level_synthesis_design_flow-main/source/lab1/matrixmul/matrixmul/hls/.autopilot/db/matrixmul.tbgen.tcl 
Execute     source C:/Users/duong/Desktop/xup_high_level_synthesis_design_flow-main/source/lab1/matrixmul/matrixmul/hls/.autopilot/db/matrixmul.tbgen.tcl 
Execute     source C:/Users/duong/Desktop/xup_high_level_synthesis_design_flow-main/source/lab1/matrixmul/matrixmul/hls/.autopilot/db/matrixmul.tbgen.tcl 
Execute     source ../tv/cdatafile/ref.tcl 
Execute     source C:/Users/duong/Desktop/xup_high_level_synthesis_design_flow-main/source/lab1/matrixmul/matrixmul/hls/.autopilot/db/matrixmul.tbgen.tcl 
Execute     source C:/Users/duong/Desktop/xup_high_level_synthesis_design_flow-main/source/lab1/matrixmul/matrixmul/hls/.autopilot/db/matrixmul.tbgen.tcl 
INFO: [COSIM 212-1] *** C/RTL co-simulation file generation completed. ***
Execute     source .run_sim.tcl 
Execute       source check_sim.tcl 
Execute       source dataflow_monitor_API.tcl 
Execute       source .sim.status.tcl 
INFO: [COSIM 212-323] Starting verilog simulation. 
INFO: [COSIM 212-15] Starting XSIM ...
INFO: [COSIM 212-316] Starting C post checking ...
Command     ap_source done; 52.984 sec.
INFO: [COSIM 212-1000] *** C/RTL co-simulation finished: PASS ***
INFO: [COSIM 212-211] II is measurable only when transaction number is greater than 1 in RTL simulation. Otherwise, they will be marked as all NA. If user wants to calculate them, please make sure there are at least 2 transactions in RTL simulation.
Command   cosim_design done; 74.414 sec.
Execute   close_project 
Execute     close_solution 
Execute       cleanup_all 
Execute       cleanup_all 
Execute       source -notrace -encoding utf-8 D:/movies/2025.2/Vitis/tps/tcl/tcl8.6/clock.tcl 
Execute         source -encoding utf-8 D:/movies/2025.2/Vitis/tps/tcl/tcl8/8.5/msgcat-1.6.1.tm 
Execute           source D:/movies/2025.2/Vitis/tps/tcl/tcllib2.0/0compatibility/pkgIndex.tcl 
Execute           source D:/movies/2025.2/Vitis/tps/tcl/tcllib2.0/amazon-s3/pkgIndex.tcl 
Execute           source D:/movies/2025.2/Vitis/tps/tcl/tcllib2.0/asn/pkgIndex.tcl 
Execute           source D:/movies/2025.2/Vitis/tps/tcl/tcllib2.0/base32/pkgIndex.tcl 
Execute           source D:/movies/2025.2/Vitis/tps/tcl/tcllib2.0/base64/pkgIndex.tcl 
Execute           source D:/movies/2025.2/Vitis/tps/tcl/tcllib2.0/bee/pkgIndex.tcl 
Execute           source D:/movies/2025.2/Vitis/tps/tcl/tcllib2.0/bench/pkgIndex.tcl 
Execute           source D:/movies/2025.2/Vitis/tps/tcl/tcllib2.0/bibtex/pkgIndex.tcl 
Execute           source D:/movies/2025.2/Vitis/tps/tcl/tcllib2.0/cache/pkgIndex.tcl 
Execute           source D:/movies/2025.2/Vitis/tps/tcl/tcllib2.0/clay/pkgIndex.tcl 
Execute           source D:/movies/2025.2/Vitis/tps/tcl/tcllib2.0/clock/pkgIndex.tcl 
Execute           source D:/movies/2025.2/Vitis/tps/tcl/tcllib2.0/cmdline/pkgIndex.tcl 
Execute           source D:/movies/2025.2/Vitis/tps/tcl/tcllib2.0/comm/pkgIndex.tcl 
Execute           source D:/movies/2025.2/Vitis/tps/tcl/tcllib2.0/control/pkgIndex.tcl 
Execute           source D:/movies/2025.2/Vitis/tps/tcl/tcllib2.0/coroutine/pkgIndex.tcl 
Execute           source D:/movies/2025.2/Vitis/tps/tcl/tcllib2.0/counter/pkgIndex.tcl 
Execute           source D:/movies/2025.2/Vitis/tps/tcl/tcllib2.0/crc/pkgIndex.tcl 
Execute           source D:/movies/2025.2/Vitis/tps/tcl/tcllib2.0/cron/pkgIndex.tcl 
Execute           source D:/movies/2025.2/Vitis/tps/tcl/tcllib2.0/csv/pkgIndex.tcl 
Execute           source D:/movies/2025.2/Vitis/tps/tcl/tcllib2.0/debug/pkgIndex.tcl 
Execute           source D:/movies/2025.2/Vitis/tps/tcl/tcllib2.0/defer/pkgIndex.tcl 
Execute           source D:/movies/2025.2/Vitis/tps/tcl/tcllib2.0/dicttool/pkgIndex.tcl 
Execute           source D:/movies/2025.2/Vitis/tps/tcl/tcllib2.0/dns/pkgIndex.tcl 
Execute           source D:/movies/2025.2/Vitis/tps/tcl/tcllib2.0/docstrip/pkgIndex.tcl 
Execute           source D:/movies/2025.2/Vitis/tps/tcl/tcllib2.0/doctools/pkgIndex.tcl 
Execute           source D:/movies/2025.2/Vitis/tps/tcl/tcllib2.0/doctools2base/pkgIndex.tcl 
Execute           source D:/movies/2025.2/Vitis/tps/tcl/tcllib2.0/doctools2idx/pkgIndex.tcl 
Execute           source D:/movies/2025.2/Vitis/tps/tcl/tcllib2.0/doctools2toc/pkgIndex.tcl 
Execute           source D:/movies/2025.2/Vitis/tps/tcl/tcllib2.0/dtplite/pkgIndex.tcl 
Execute           source D:/movies/2025.2/Vitis/tps/tcl/tcllib2.0/fileutil/pkgIndex.tcl 
Execute           source D:/movies/2025.2/Vitis/tps/tcl/tcllib2.0/ftp/pkgIndex.tcl 
Execute           source D:/movies/2025.2/Vitis/tps/tcl/tcllib2.0/ftpd/pkgIndex.tcl 
Execute           source D:/movies/2025.2/Vitis/tps/tcl/tcllib2.0/fumagic/pkgIndex.tcl 
Execute           source D:/movies/2025.2/Vitis/tps/tcl/tcllib2.0/generator/pkgIndex.tcl 
Execute           source D:/movies/2025.2/Vitis/tps/tcl/tcllib2.0/gpx/pkgIndex.tcl 
Execute           source D:/movies/2025.2/Vitis/tps/tcl/tcllib2.0/grammar_aycock/pkgIndex.tcl 
Execute           source D:/movies/2025.2/Vitis/tps/tcl/tcllib2.0/grammar_fa/pkgIndex.tcl 
Execute           source D:/movies/2025.2/Vitis/tps/tcl/tcllib2.0/grammar_me/pkgIndex.tcl 
Execute           source D:/movies/2025.2/Vitis/tps/tcl/tcllib2.0/grammar_peg/pkgIndex.tcl 
Execute           source D:/movies/2025.2/Vitis/tps/tcl/tcllib2.0/hook/pkgIndex.tcl 
Execute           source D:/movies/2025.2/Vitis/tps/tcl/tcllib2.0/html/pkgIndex.tcl 
Execute           source D:/movies/2025.2/Vitis/tps/tcl/tcllib2.0/htmlparse/pkgIndex.tcl 
Execute           source D:/movies/2025.2/Vitis/tps/tcl/tcllib2.0/http/pkgIndex.tcl 
Execute           source D:/movies/2025.2/Vitis/tps/tcl/tcllib2.0/httpd/pkgIndex.tcl 
Execute           source D:/movies/2025.2/Vitis/tps/tcl/tcllib2.0/httpwget/pkgIndex.tcl 
Execute           source D:/movies/2025.2/Vitis/tps/tcl/tcllib2.0/ident/pkgIndex.tcl 
Execute           source D:/movies/2025.2/Vitis/tps/tcl/tcllib2.0/imap4/pkgIndex.tcl 
Execute           source D:/movies/2025.2/Vitis/tps/tcl/tcllib2.0/inifile/pkgIndex.tcl 
Execute           source D:/movies/2025.2/Vitis/tps/tcl/tcllib2.0/interp/pkgIndex.tcl 
Execute           source D:/movies/2025.2/Vitis/tps/tcl/tcllib2.0/irc/pkgIndex.tcl 
Execute           source D:/movies/2025.2/Vitis/tps/tcl/tcllib2.0/javascript/pkgIndex.tcl 
Execute           source D:/movies/2025.2/Vitis/tps/tcl/tcllib2.0/jpeg/pkgIndex.tcl 
Execute           source D:/movies/2025.2/Vitis/tps/tcl/tcllib2.0/json/pkgIndex.tcl 
Execute           source D:/movies/2025.2/Vitis/tps/tcl/tcllib2.0/lambda/pkgIndex.tcl 
Execute           source D:/movies/2025.2/Vitis/tps/tcl/tcllib2.0/lazyset/pkgIndex.tcl 
Execute           source D:/movies/2025.2/Vitis/tps/tcl/tcllib2.0/ldap/pkgIndex.tcl 
Execute           source D:/movies/2025.2/Vitis/tps/tcl/tcllib2.0/log/pkgIndex.tcl 
Execute           source D:/movies/2025.2/Vitis/tps/tcl/tcllib2.0/map/pkgIndex.tcl 
Execute           source D:/movies/2025.2/Vitis/tps/tcl/tcllib2.0/mapproj/pkgIndex.tcl 
Execute           source D:/movies/2025.2/Vitis/tps/tcl/tcllib2.0/markdown/pkgIndex.tcl 
Execute           source D:/movies/2025.2/Vitis/tps/tcl/tcllib2.0/math/pkgIndex.tcl 
Execute           source D:/movies/2025.2/Vitis/tps/tcl/tcllib2.0/md4/pkgIndex.tcl 
Execute           source D:/movies/2025.2/Vitis/tps/tcl/tcllib2.0/md5/pkgIndex.tcl 
Execute           source D:/movies/2025.2/Vitis/tps/tcl/tcllib2.0/md5crypt/pkgIndex.tcl 
Execute           source D:/movies/2025.2/Vitis/tps/tcl/tcllib2.0/mime/pkgIndex.tcl 
Execute           source D:/movies/2025.2/Vitis/tps/tcl/tcllib2.0/mkdoc/pkgIndex.tcl 
Execute           source D:/movies/2025.2/Vitis/tps/tcl/tcllib2.0/multiplexer/pkgIndex.tcl 
Execute           source D:/movies/2025.2/Vitis/tps/tcl/tcllib2.0/namespacex/pkgIndex.tcl 
Execute           source D:/movies/2025.2/Vitis/tps/tcl/tcllib2.0/ncgi/pkgIndex.tcl 
Execute           source D:/movies/2025.2/Vitis/tps/tcl/tcllib2.0/nettool/pkgIndex.tcl 
Execute           source D:/movies/2025.2/Vitis/tps/tcl/tcllib2.0/nmea/pkgIndex.tcl 
Execute           source D:/movies/2025.2/Vitis/tps/tcl/tcllib2.0/nns/pkgIndex.tcl 
Execute           source D:/movies/2025.2/Vitis/tps/tcl/tcllib2.0/nntp/pkgIndex.tcl 
Execute           source D:/movies/2025.2/Vitis/tps/tcl/tcllib2.0/ntp/pkgIndex.tcl 
Execute           source D:/movies/2025.2/Vitis/tps/tcl/tcllib2.0/oauth/pkgIndex.tcl 
Execute           source D:/movies/2025.2/Vitis/tps/tcl/tcllib2.0/oodialect/pkgIndex.tcl 
Execute           source D:/movies/2025.2/Vitis/tps/tcl/tcllib2.0/oometa/pkgIndex.tcl 
Execute           source D:/movies/2025.2/Vitis/tps/tcl/tcllib2.0/ooutil/pkgIndex.tcl 
Execute           source D:/movies/2025.2/Vitis/tps/tcl/tcllib2.0/otp/pkgIndex.tcl 
Execute           source D:/movies/2025.2/Vitis/tps/tcl/tcllib2.0/page/pkgIndex.tcl 
Execute           source D:/movies/2025.2/Vitis/tps/tcl/tcllib2.0/pluginmgr/pkgIndex.tcl 
Execute           source D:/movies/2025.2/Vitis/tps/tcl/tcllib2.0/png/pkgIndex.tcl 
Execute           source D:/movies/2025.2/Vitis/tps/tcl/tcllib2.0/pop3/pkgIndex.tcl 
Execute           source D:/movies/2025.2/Vitis/tps/tcl/tcllib2.0/pop3d/pkgIndex.tcl 
Execute           source D:/movies/2025.2/Vitis/tps/tcl/tcllib2.0/practcl/pkgIndex.tcl 
Execute           source D:/movies/2025.2/Vitis/tps/tcl/tcllib2.0/processman/pkgIndex.tcl 
Execute           source D:/movies/2025.2/Vitis/tps/tcl/tcllib2.0/profiler/pkgIndex.tcl 
Execute           source D:/movies/2025.2/Vitis/tps/tcl/tcllib2.0/pt/pkgIndex.tcl 
Execute           source D:/movies/2025.2/Vitis/tps/tcl/tcllib2.0/rcs/pkgIndex.tcl 
Execute           source D:/movies/2025.2/Vitis/tps/tcl/tcllib2.0/report/pkgIndex.tcl 
Execute           source D:/movies/2025.2/Vitis/tps/tcl/tcllib2.0/rest/pkgIndex.tcl 
Execute           source D:/movies/2025.2/Vitis/tps/tcl/tcllib2.0/ripemd/pkgIndex.tcl 
Execute           source D:/movies/2025.2/Vitis/tps/tcl/tcllib2.0/sasl/pkgIndex.tcl 
Execute           source D:/movies/2025.2/Vitis/tps/tcl/tcllib2.0/sha1/pkgIndex.tcl 
Execute           source D:/movies/2025.2/Vitis/tps/tcl/tcllib2.0/simulation/pkgIndex.tcl 
Execute           source D:/movies/2025.2/Vitis/tps/tcl/tcllib2.0/smtpd/pkgIndex.tcl 
Execute           source D:/movies/2025.2/Vitis/tps/tcl/tcllib2.0/snit/pkgIndex.tcl 
Execute           source D:/movies/2025.2/Vitis/tps/tcl/tcllib2.0/soundex/pkgIndex.tcl 
Execute           source D:/movies/2025.2/Vitis/tps/tcl/tcllib2.0/stooop/pkgIndex.tcl 
Execute           source D:/movies/2025.2/Vitis/tps/tcl/tcllib2.0/string/pkgIndex.tcl 
Execute           source D:/movies/2025.2/Vitis/tps/tcl/tcllib2.0/stringprep/pkgIndex.tcl 
Execute           source D:/movies/2025.2/Vitis/tps/tcl/tcllib2.0/struct/pkgIndex.tcl 
Execute           source D:/movies/2025.2/Vitis/tps/tcl/tcllib2.0/tar/pkgIndex.tcl 
Execute           source D:/movies/2025.2/Vitis/tps/tcl/tcllib2.0/tepam/pkgIndex.tcl 
Execute           source D:/movies/2025.2/Vitis/tps/tcl/tcllib2.0/term/pkgIndex.tcl 
Execute           source D:/movies/2025.2/Vitis/tps/tcl/tcllib2.0/textutil/pkgIndex.tcl 
Execute           source D:/movies/2025.2/Vitis/tps/tcl/tcllib2.0/tie/pkgIndex.tcl 
Execute           source D:/movies/2025.2/Vitis/tps/tcl/tcllib2.0/tiff/pkgIndex.tcl 
Execute           source D:/movies/2025.2/Vitis/tps/tcl/tcllib2.0/tool/pkgIndex.tcl 
Execute           source D:/movies/2025.2/Vitis/tps/tcl/tcllib2.0/transfer/pkgIndex.tcl 
Execute           source D:/movies/2025.2/Vitis/tps/tcl/tcllib2.0/treeql/pkgIndex.tcl 
Execute           source D:/movies/2025.2/Vitis/tps/tcl/tcllib2.0/try/pkgIndex.tcl 
Execute           source D:/movies/2025.2/Vitis/tps/tcl/tcllib2.0/udpcluster/pkgIndex.tcl 
Execute           source D:/movies/2025.2/Vitis/tps/tcl/tcllib2.0/uev/pkgIndex.tcl 
Execute           source D:/movies/2025.2/Vitis/tps/tcl/tcllib2.0/units/pkgIndex.tcl 
Execute           source D:/movies/2025.2/Vitis/tps/tcl/tcllib2.0/uri/pkgIndex.tcl 
Execute           source D:/movies/2025.2/Vitis/tps/tcl/tcllib2.0/uuid/pkgIndex.tcl 
Execute           source D:/movies/2025.2/Vitis/tps/tcl/tcllib2.0/valtype/pkgIndex.tcl 
Execute           source D:/movies/2025.2/Vitis/tps/tcl/tcllib2.0/virtchannel_base/pkgIndex.tcl 
Execute           source D:/movies/2025.2/Vitis/tps/tcl/tcllib2.0/virtchannel_core/pkgIndex.tcl 
Execute           source D:/movies/2025.2/Vitis/tps/tcl/tcllib2.0/virtchannel_transform/pkgIndex.tcl 
Execute           source D:/movies/2025.2/Vitis/tps/tcl/tcllib2.0/websocket/pkgIndex.tcl 
Execute           source D:/movies/2025.2/Vitis/tps/tcl/tcllib2.0/wip/pkgIndex.tcl 
Execute           source D:/movies/2025.2/Vitis/tps/tcl/tcllib2.0/yaml/pkgIndex.tcl 
Execute           source D:/movies/2025.2/Vitis/tps/tcl/tcllib2.0/zip/pkgIndex.tcl 
Execute           source D:/movies/2025.2/Vitis/tps/tcl/tcllib2.0/pkgIndex.tcl 
Execute             source D:/movies/2025.2/Vitis/tps/tcl/tcllib2.0/0compatibility/pkgIndex.tcl 
Execute             source D:/movies/2025.2/Vitis/tps/tcl/tcllib2.0/amazon-s3/pkgIndex.tcl 
Execute             source D:/movies/2025.2/Vitis/tps/tcl/tcllib2.0/asn/pkgIndex.tcl 
Execute             source D:/movies/2025.2/Vitis/tps/tcl/tcllib2.0/base32/pkgIndex.tcl 
Execute             source D:/movies/2025.2/Vitis/tps/tcl/tcllib2.0/base64/pkgIndex.tcl 
Execute             source D:/movies/2025.2/Vitis/tps/tcl/tcllib2.0/bee/pkgIndex.tcl 
Execute             source D:/movies/2025.2/Vitis/tps/tcl/tcllib2.0/bench/pkgIndex.tcl 
Execute             source D:/movies/2025.2/Vitis/tps/tcl/tcllib2.0/bibtex/pkgIndex.tcl 
Execute             source D:/movies/2025.2/Vitis/tps/tcl/tcllib2.0/cache/pkgIndex.tcl 
Execute             source D:/movies/2025.2/Vitis/tps/tcl/tcllib2.0/clay/pkgIndex.tcl 
Execute             source D:/movies/2025.2/Vitis/tps/tcl/tcllib2.0/clock/pkgIndex.tcl 
Execute             source D:/movies/2025.2/Vitis/tps/tcl/tcllib2.0/cmdline/pkgIndex.tcl 
Execute             source D:/movies/2025.2/Vitis/tps/tcl/tcllib2.0/comm/pkgIndex.tcl 
Execute             source D:/movies/2025.2/Vitis/tps/tcl/tcllib2.0/control/pkgIndex.tcl 
Execute             source D:/movies/2025.2/Vitis/tps/tcl/tcllib2.0/coroutine/pkgIndex.tcl 
Execute             source D:/movies/2025.2/Vitis/tps/tcl/tcllib2.0/counter/pkgIndex.tcl 
Execute             source D:/movies/2025.2/Vitis/tps/tcl/tcllib2.0/crc/pkgIndex.tcl 
Execute             source D:/movies/2025.2/Vitis/tps/tcl/tcllib2.0/cron/pkgIndex.tcl 
Execute             source D:/movies/2025.2/Vitis/tps/tcl/tcllib2.0/csv/pkgIndex.tcl 
Execute             source D:/movies/2025.2/Vitis/tps/tcl/tcllib2.0/debug/pkgIndex.tcl 
Execute             source D:/movies/2025.2/Vitis/tps/tcl/tcllib2.0/defer/pkgIndex.tcl 
Execute             source D:/movies/2025.2/Vitis/tps/tcl/tcllib2.0/dicttool/pkgIndex.tcl 
Execute             source D:/movies/2025.2/Vitis/tps/tcl/tcllib2.0/dns/pkgIndex.tcl 
Execute             source D:/movies/2025.2/Vitis/tps/tcl/tcllib2.0/docstrip/pkgIndex.tcl 
Execute             source D:/movies/2025.2/Vitis/tps/tcl/tcllib2.0/doctools/pkgIndex.tcl 
Execute             source D:/movies/2025.2/Vitis/tps/tcl/tcllib2.0/doctools2base/pkgIndex.tcl 
Execute             source D:/movies/2025.2/Vitis/tps/tcl/tcllib2.0/doctools2idx/pkgIndex.tcl 
Execute             source D:/movies/2025.2/Vitis/tps/tcl/tcllib2.0/doctools2toc/pkgIndex.tcl 
Execute             source D:/movies/2025.2/Vitis/tps/tcl/tcllib2.0/dtplite/pkgIndex.tcl 
Execute             source D:/movies/2025.2/Vitis/tps/tcl/tcllib2.0/fileutil/pkgIndex.tcl 
Execute             source D:/movies/2025.2/Vitis/tps/tcl/tcllib2.0/ftp/pkgIndex.tcl 
Execute             source D:/movies/2025.2/Vitis/tps/tcl/tcllib2.0/ftpd/pkgIndex.tcl 
Execute             source D:/movies/2025.2/Vitis/tps/tcl/tcllib2.0/fumagic/pkgIndex.tcl 
Execute             source D:/movies/2025.2/Vitis/tps/tcl/tcllib2.0/generator/pkgIndex.tcl 
Execute             source D:/movies/2025.2/Vitis/tps/tcl/tcllib2.0/gpx/pkgIndex.tcl 
Execute             source D:/movies/2025.2/Vitis/tps/tcl/tcllib2.0/grammar_aycock/pkgIndex.tcl 
Execute             source D:/movies/2025.2/Vitis/tps/tcl/tcllib2.0/grammar_fa/pkgIndex.tcl 
Execute             source D:/movies/2025.2/Vitis/tps/tcl/tcllib2.0/grammar_me/pkgIndex.tcl 
Execute             source D:/movies/2025.2/Vitis/tps/tcl/tcllib2.0/grammar_peg/pkgIndex.tcl 
Execute             source D:/movies/2025.2/Vitis/tps/tcl/tcllib2.0/hook/pkgIndex.tcl 
Execute             source D:/movies/2025.2/Vitis/tps/tcl/tcllib2.0/html/pkgIndex.tcl 
Execute             source D:/movies/2025.2/Vitis/tps/tcl/tcllib2.0/htmlparse/pkgIndex.tcl 
Execute             source D:/movies/2025.2/Vitis/tps/tcl/tcllib2.0/http/pkgIndex.tcl 
Execute             source D:/movies/2025.2/Vitis/tps/tcl/tcllib2.0/httpd/pkgIndex.tcl 
Execute             source D:/movies/2025.2/Vitis/tps/tcl/tcllib2.0/httpwget/pkgIndex.tcl 
Execute             source D:/movies/2025.2/Vitis/tps/tcl/tcllib2.0/ident/pkgIndex.tcl 
Execute             source D:/movies/2025.2/Vitis/tps/tcl/tcllib2.0/imap4/pkgIndex.tcl 
Execute             source D:/movies/2025.2/Vitis/tps/tcl/tcllib2.0/inifile/pkgIndex.tcl 
Execute             source D:/movies/2025.2/Vitis/tps/tcl/tcllib2.0/interp/pkgIndex.tcl 
Execute             source D:/movies/2025.2/Vitis/tps/tcl/tcllib2.0/irc/pkgIndex.tcl 
Execute             source D:/movies/2025.2/Vitis/tps/tcl/tcllib2.0/javascript/pkgIndex.tcl 
Execute             source D:/movies/2025.2/Vitis/tps/tcl/tcllib2.0/jpeg/pkgIndex.tcl 
Execute             source D:/movies/2025.2/Vitis/tps/tcl/tcllib2.0/json/pkgIndex.tcl 
Execute             source D:/movies/2025.2/Vitis/tps/tcl/tcllib2.0/lambda/pkgIndex.tcl 
Execute             source D:/movies/2025.2/Vitis/tps/tcl/tcllib2.0/lazyset/pkgIndex.tcl 
Execute             source D:/movies/2025.2/Vitis/tps/tcl/tcllib2.0/ldap/pkgIndex.tcl 
Execute             source D:/movies/2025.2/Vitis/tps/tcl/tcllib2.0/log/pkgIndex.tcl 
Execute             source D:/movies/2025.2/Vitis/tps/tcl/tcllib2.0/map/pkgIndex.tcl 
Execute             source D:/movies/2025.2/Vitis/tps/tcl/tcllib2.0/mapproj/pkgIndex.tcl 
Execute             source D:/movies/2025.2/Vitis/tps/tcl/tcllib2.0/markdown/pkgIndex.tcl 
Execute             source D:/movies/2025.2/Vitis/tps/tcl/tcllib2.0/math/pkgIndex.tcl 
Execute             source D:/movies/2025.2/Vitis/tps/tcl/tcllib2.0/md4/pkgIndex.tcl 
Execute             source D:/movies/2025.2/Vitis/tps/tcl/tcllib2.0/md5/pkgIndex.tcl 
Execute             source D:/movies/2025.2/Vitis/tps/tcl/tcllib2.0/md5crypt/pkgIndex.tcl 
Execute             source D:/movies/2025.2/Vitis/tps/tcl/tcllib2.0/mime/pkgIndex.tcl 
Execute             source D:/movies/2025.2/Vitis/tps/tcl/tcllib2.0/mkdoc/pkgIndex.tcl 
Execute             source D:/movies/2025.2/Vitis/tps/tcl/tcllib2.0/multiplexer/pkgIndex.tcl 
Execute             source D:/movies/2025.2/Vitis/tps/tcl/tcllib2.0/namespacex/pkgIndex.tcl 
Execute             source D:/movies/2025.2/Vitis/tps/tcl/tcllib2.0/ncgi/pkgIndex.tcl 
Execute             source D:/movies/2025.2/Vitis/tps/tcl/tcllib2.0/nettool/pkgIndex.tcl 
Execute             source D:/movies/2025.2/Vitis/tps/tcl/tcllib2.0/nmea/pkgIndex.tcl 
Execute             source D:/movies/2025.2/Vitis/tps/tcl/tcllib2.0/nns/pkgIndex.tcl 
Execute             source D:/movies/2025.2/Vitis/tps/tcl/tcllib2.0/nntp/pkgIndex.tcl 
Execute             source D:/movies/2025.2/Vitis/tps/tcl/tcllib2.0/ntp/pkgIndex.tcl 
Execute             source D:/movies/2025.2/Vitis/tps/tcl/tcllib2.0/oauth/pkgIndex.tcl 
Execute             source D:/movies/2025.2/Vitis/tps/tcl/tcllib2.0/oodialect/pkgIndex.tcl 
Execute             source D:/movies/2025.2/Vitis/tps/tcl/tcllib2.0/oometa/pkgIndex.tcl 
Execute             source D:/movies/2025.2/Vitis/tps/tcl/tcllib2.0/ooutil/pkgIndex.tcl 
Execute             source D:/movies/2025.2/Vitis/tps/tcl/tcllib2.0/otp/pkgIndex.tcl 
Execute             source D:/movies/2025.2/Vitis/tps/tcl/tcllib2.0/page/pkgIndex.tcl 
Execute             source D:/movies/2025.2/Vitis/tps/tcl/tcllib2.0/pluginmgr/pkgIndex.tcl 
Execute             source D:/movies/2025.2/Vitis/tps/tcl/tcllib2.0/png/pkgIndex.tcl 
Execute             source D:/movies/2025.2/Vitis/tps/tcl/tcllib2.0/pop3/pkgIndex.tcl 
Execute             source D:/movies/2025.2/Vitis/tps/tcl/tcllib2.0/pop3d/pkgIndex.tcl 
Execute             source D:/movies/2025.2/Vitis/tps/tcl/tcllib2.0/practcl/pkgIndex.tcl 
Execute             source D:/movies/2025.2/Vitis/tps/tcl/tcllib2.0/processman/pkgIndex.tcl 
Execute             source D:/movies/2025.2/Vitis/tps/tcl/tcllib2.0/profiler/pkgIndex.tcl 
Execute             source D:/movies/2025.2/Vitis/tps/tcl/tcllib2.0/pt/pkgIndex.tcl 
Execute             source D:/movies/2025.2/Vitis/tps/tcl/tcllib2.0/rcs/pkgIndex.tcl 
Execute             source D:/movies/2025.2/Vitis/tps/tcl/tcllib2.0/report/pkgIndex.tcl 
Execute             source D:/movies/2025.2/Vitis/tps/tcl/tcllib2.0/rest/pkgIndex.tcl 
Execute             source D:/movies/2025.2/Vitis/tps/tcl/tcllib2.0/ripemd/pkgIndex.tcl 
Execute             source D:/movies/2025.2/Vitis/tps/tcl/tcllib2.0/sasl/pkgIndex.tcl 
Execute             source D:/movies/2025.2/Vitis/tps/tcl/tcllib2.0/sha1/pkgIndex.tcl 
Execute             source D:/movies/2025.2/Vitis/tps/tcl/tcllib2.0/simulation/pkgIndex.tcl 
Execute             source D:/movies/2025.2/Vitis/tps/tcl/tcllib2.0/smtpd/pkgIndex.tcl 
Execute             source D:/movies/2025.2/Vitis/tps/tcl/tcllib2.0/snit/pkgIndex.tcl 
Execute             source D:/movies/2025.2/Vitis/tps/tcl/tcllib2.0/soundex/pkgIndex.tcl 
Execute             source D:/movies/2025.2/Vitis/tps/tcl/tcllib2.0/stooop/pkgIndex.tcl 
Execute             source D:/movies/2025.2/Vitis/tps/tcl/tcllib2.0/string/pkgIndex.tcl 
Execute             source D:/movies/2025.2/Vitis/tps/tcl/tcllib2.0/stringprep/pkgIndex.tcl 
Execute             source D:/movies/2025.2/Vitis/tps/tcl/tcllib2.0/struct/pkgIndex.tcl 
Execute             source D:/movies/2025.2/Vitis/tps/tcl/tcllib2.0/tar/pkgIndex.tcl 
Execute             source D:/movies/2025.2/Vitis/tps/tcl/tcllib2.0/tepam/pkgIndex.tcl 
Execute             source D:/movies/2025.2/Vitis/tps/tcl/tcllib2.0/term/pkgIndex.tcl 
Execute             source D:/movies/2025.2/Vitis/tps/tcl/tcllib2.0/textutil/pkgIndex.tcl 
Execute             source D:/movies/2025.2/Vitis/tps/tcl/tcllib2.0/tie/pkgIndex.tcl 
Execute             source D:/movies/2025.2/Vitis/tps/tcl/tcllib2.0/tiff/pkgIndex.tcl 
Execute             source D:/movies/2025.2/Vitis/tps/tcl/tcllib2.0/tool/pkgIndex.tcl 
Execute             source D:/movies/2025.2/Vitis/tps/tcl/tcllib2.0/transfer/pkgIndex.tcl 
Execute             source D:/movies/2025.2/Vitis/tps/tcl/tcllib2.0/treeql/pkgIndex.tcl 
Execute             source D:/movies/2025.2/Vitis/tps/tcl/tcllib2.0/try/pkgIndex.tcl 
Execute             source D:/movies/2025.2/Vitis/tps/tcl/tcllib2.0/udpcluster/pkgIndex.tcl 
Execute             source D:/movies/2025.2/Vitis/tps/tcl/tcllib2.0/uev/pkgIndex.tcl 
Execute             source D:/movies/2025.2/Vitis/tps/tcl/tcllib2.0/units/pkgIndex.tcl 
Execute             source D:/movies/2025.2/Vitis/tps/tcl/tcllib2.0/uri/pkgIndex.tcl 
Execute             source D:/movies/2025.2/Vitis/tps/tcl/tcllib2.0/uuid/pkgIndex.tcl 
Execute             source D:/movies/2025.2/Vitis/tps/tcl/tcllib2.0/valtype/pkgIndex.tcl 
Execute             source D:/movies/2025.2/Vitis/tps/tcl/tcllib2.0/virtchannel_base/pkgIndex.tcl 
Execute             source D:/movies/2025.2/Vitis/tps/tcl/tcllib2.0/virtchannel_core/pkgIndex.tcl 
Execute             source D:/movies/2025.2/Vitis/tps/tcl/tcllib2.0/virtchannel_transform/pkgIndex.tcl 
Execute             source D:/movies/2025.2/Vitis/tps/tcl/tcllib2.0/websocket/pkgIndex.tcl 
Execute             source D:/movies/2025.2/Vitis/tps/tcl/tcllib2.0/wip/pkgIndex.tcl 
Execute             source D:/movies/2025.2/Vitis/tps/tcl/tcllib2.0/yaml/pkgIndex.tcl 
Execute             source D:/movies/2025.2/Vitis/tps/tcl/tcllib2.0/zip/pkgIndex.tcl 
Command           ap_source done; 0.151 sec.
Execute           source D:/movies/2025.2/Vitis/tps/tcl/tdom/pkgIndex.tcl 
Execute           source D:/movies/2025.2/Vitis/tps/tcl/tcl8.6/opt0.4/pkgIndex.tcl 
Execute           source D:/movies/2025.2/Vitis/tps/tcl/tcl8.6/pkgs/win/thread2.8.7/pkgIndex.tcl 
Command         ap_source done; 0.33 sec.
Execute         source D:/movies/2025.2/Vitis/tps/tcl/tcllib2.0/0compatibility/pkgIndex.tcl 
Execute         source D:/movies/2025.2/Vitis/tps/tcl/tcllib2.0/amazon-s3/pkgIndex.tcl 
Execute         source D:/movies/2025.2/Vitis/tps/tcl/tcllib2.0/asn/pkgIndex.tcl 
Execute         source D:/movies/2025.2/Vitis/tps/tcl/tcllib2.0/base32/pkgIndex.tcl 
Execute         source D:/movies/2025.2/Vitis/tps/tcl/tcllib2.0/base64/pkgIndex.tcl 
Execute         source D:/movies/2025.2/Vitis/tps/tcl/tcllib2.0/bee/pkgIndex.tcl 
Execute         source D:/movies/2025.2/Vitis/tps/tcl/tcllib2.0/bench/pkgIndex.tcl 
Execute         source D:/movies/2025.2/Vitis/tps/tcl/tcllib2.0/bibtex/pkgIndex.tcl 
Execute         source D:/movies/2025.2/Vitis/tps/tcl/tcllib2.0/cache/pkgIndex.tcl 
Execute         source D:/movies/2025.2/Vitis/tps/tcl/tcllib2.0/clay/pkgIndex.tcl 
Execute         source D:/movies/2025.2/Vitis/tps/tcl/tcllib2.0/clock/pkgIndex.tcl 
Execute         source D:/movies/2025.2/Vitis/tps/tcl/tcllib2.0/cmdline/pkgIndex.tcl 
Execute         source D:/movies/2025.2/Vitis/tps/tcl/tcllib2.0/comm/pkgIndex.tcl 
Execute         source D:/movies/2025.2/Vitis/tps/tcl/tcllib2.0/control/pkgIndex.tcl 
Execute         source D:/movies/2025.2/Vitis/tps/tcl/tcllib2.0/coroutine/pkgIndex.tcl 
Execute         source D:/movies/2025.2/Vitis/tps/tcl/tcllib2.0/counter/pkgIndex.tcl 
Execute         source D:/movies/2025.2/Vitis/tps/tcl/tcllib2.0/crc/pkgIndex.tcl 
Execute         source D:/movies/2025.2/Vitis/tps/tcl/tcllib2.0/cron/pkgIndex.tcl 
Execute         source D:/movies/2025.2/Vitis/tps/tcl/tcllib2.0/csv/pkgIndex.tcl 
Execute         source D:/movies/2025.2/Vitis/tps/tcl/tcllib2.0/debug/pkgIndex.tcl 
Execute         source D:/movies/2025.2/Vitis/tps/tcl/tcllib2.0/defer/pkgIndex.tcl 
Execute         source D:/movies/2025.2/Vitis/tps/tcl/tcllib2.0/dicttool/pkgIndex.tcl 
Execute         source D:/movies/2025.2/Vitis/tps/tcl/tcllib2.0/dns/pkgIndex.tcl 
Execute         source D:/movies/2025.2/Vitis/tps/tcl/tcllib2.0/docstrip/pkgIndex.tcl 
Execute         source D:/movies/2025.2/Vitis/tps/tcl/tcllib2.0/doctools/pkgIndex.tcl 
Execute         source D:/movies/2025.2/Vitis/tps/tcl/tcllib2.0/doctools2base/pkgIndex.tcl 
Execute         source D:/movies/2025.2/Vitis/tps/tcl/tcllib2.0/doctools2idx/pkgIndex.tcl 
Execute         source D:/movies/2025.2/Vitis/tps/tcl/tcllib2.0/doctools2toc/pkgIndex.tcl 
Execute         source D:/movies/2025.2/Vitis/tps/tcl/tcllib2.0/dtplite/pkgIndex.tcl 
Execute         source D:/movies/2025.2/Vitis/tps/tcl/tcllib2.0/fileutil/pkgIndex.tcl 
Execute         source D:/movies/2025.2/Vitis/tps/tcl/tcllib2.0/ftp/pkgIndex.tcl 
Execute         source D:/movies/2025.2/Vitis/tps/tcl/tcllib2.0/ftpd/pkgIndex.tcl 
Execute         source D:/movies/2025.2/Vitis/tps/tcl/tcllib2.0/fumagic/pkgIndex.tcl 
Execute         source D:/movies/2025.2/Vitis/tps/tcl/tcllib2.0/generator/pkgIndex.tcl 
Execute         source D:/movies/2025.2/Vitis/tps/tcl/tcllib2.0/gpx/pkgIndex.tcl 
Execute         source D:/movies/2025.2/Vitis/tps/tcl/tcllib2.0/grammar_aycock/pkgIndex.tcl 
Execute         source D:/movies/2025.2/Vitis/tps/tcl/tcllib2.0/grammar_fa/pkgIndex.tcl 
Execute         source D:/movies/2025.2/Vitis/tps/tcl/tcllib2.0/grammar_me/pkgIndex.tcl 
Execute         source D:/movies/2025.2/Vitis/tps/tcl/tcllib2.0/grammar_peg/pkgIndex.tcl 
Execute         source D:/movies/2025.2/Vitis/tps/tcl/tcllib2.0/hook/pkgIndex.tcl 
Execute         source D:/movies/2025.2/Vitis/tps/tcl/tcllib2.0/html/pkgIndex.tcl 
Execute         source D:/movies/2025.2/Vitis/tps/tcl/tcllib2.0/htmlparse/pkgIndex.tcl 
Execute         source D:/movies/2025.2/Vitis/tps/tcl/tcllib2.0/http/pkgIndex.tcl 
Execute         source D:/movies/2025.2/Vitis/tps/tcl/tcllib2.0/httpd/pkgIndex.tcl 
Execute         source D:/movies/2025.2/Vitis/tps/tcl/tcllib2.0/httpwget/pkgIndex.tcl 
Execute         source D:/movies/2025.2/Vitis/tps/tcl/tcllib2.0/ident/pkgIndex.tcl 
Execute         source D:/movies/2025.2/Vitis/tps/tcl/tcllib2.0/imap4/pkgIndex.tcl 
Execute         source D:/movies/2025.2/Vitis/tps/tcl/tcllib2.0/inifile/pkgIndex.tcl 
Execute         source D:/movies/2025.2/Vitis/tps/tcl/tcllib2.0/interp/pkgIndex.tcl 
Execute         source D:/movies/2025.2/Vitis/tps/tcl/tcllib2.0/irc/pkgIndex.tcl 
Execute         source D:/movies/2025.2/Vitis/tps/tcl/tcllib2.0/javascript/pkgIndex.tcl 
Execute         source D:/movies/2025.2/Vitis/tps/tcl/tcllib2.0/jpeg/pkgIndex.tcl 
Execute         source D:/movies/2025.2/Vitis/tps/tcl/tcllib2.0/json/pkgIndex.tcl 
Execute         source D:/movies/2025.2/Vitis/tps/tcl/tcllib2.0/lambda/pkgIndex.tcl 
Execute         source D:/movies/2025.2/Vitis/tps/tcl/tcllib2.0/lazyset/pkgIndex.tcl 
Execute         source D:/movies/2025.2/Vitis/tps/tcl/tcllib2.0/ldap/pkgIndex.tcl 
Execute         source D:/movies/2025.2/Vitis/tps/tcl/tcllib2.0/log/pkgIndex.tcl 
Execute         source D:/movies/2025.2/Vitis/tps/tcl/tcllib2.0/map/pkgIndex.tcl 
Execute         source D:/movies/2025.2/Vitis/tps/tcl/tcllib2.0/mapproj/pkgIndex.tcl 
Execute         source D:/movies/2025.2/Vitis/tps/tcl/tcllib2.0/markdown/pkgIndex.tcl 
Execute         source D:/movies/2025.2/Vitis/tps/tcl/tcllib2.0/math/pkgIndex.tcl 
Execute         source D:/movies/2025.2/Vitis/tps/tcl/tcllib2.0/md4/pkgIndex.tcl 
Execute         source D:/movies/2025.2/Vitis/tps/tcl/tcllib2.0/md5/pkgIndex.tcl 
Execute         source D:/movies/2025.2/Vitis/tps/tcl/tcllib2.0/md5crypt/pkgIndex.tcl 
Execute         source D:/movies/2025.2/Vitis/tps/tcl/tcllib2.0/mime/pkgIndex.tcl 
Execute         source D:/movies/2025.2/Vitis/tps/tcl/tcllib2.0/mkdoc/pkgIndex.tcl 
Execute         source D:/movies/2025.2/Vitis/tps/tcl/tcllib2.0/multiplexer/pkgIndex.tcl 
Execute         source D:/movies/2025.2/Vitis/tps/tcl/tcllib2.0/namespacex/pkgIndex.tcl 
Execute         source D:/movies/2025.2/Vitis/tps/tcl/tcllib2.0/ncgi/pkgIndex.tcl 
Execute         source D:/movies/2025.2/Vitis/tps/tcl/tcllib2.0/nettool/pkgIndex.tcl 
Execute         source D:/movies/2025.2/Vitis/tps/tcl/tcllib2.0/nmea/pkgIndex.tcl 
Execute         source D:/movies/2025.2/Vitis/tps/tcl/tcllib2.0/nns/pkgIndex.tcl 
Execute         source D:/movies/2025.2/Vitis/tps/tcl/tcllib2.0/nntp/pkgIndex.tcl 
Execute         source D:/movies/2025.2/Vitis/tps/tcl/tcllib2.0/ntp/pkgIndex.tcl 
Execute         source D:/movies/2025.2/Vitis/tps/tcl/tcllib2.0/oauth/pkgIndex.tcl 
Execute         source D:/movies/2025.2/Vitis/tps/tcl/tcllib2.0/oodialect/pkgIndex.tcl 
Execute         source D:/movies/2025.2/Vitis/tps/tcl/tcllib2.0/oometa/pkgIndex.tcl 
Execute         source D:/movies/2025.2/Vitis/tps/tcl/tcllib2.0/ooutil/pkgIndex.tcl 
Execute         source D:/movies/2025.2/Vitis/tps/tcl/tcllib2.0/otp/pkgIndex.tcl 
Execute         source D:/movies/2025.2/Vitis/tps/tcl/tcllib2.0/page/pkgIndex.tcl 
Execute         source D:/movies/2025.2/Vitis/tps/tcl/tcllib2.0/pluginmgr/pkgIndex.tcl 
Execute         source D:/movies/2025.2/Vitis/tps/tcl/tcllib2.0/png/pkgIndex.tcl 
Execute         source D:/movies/2025.2/Vitis/tps/tcl/tcllib2.0/pop3/pkgIndex.tcl 
Execute         source D:/movies/2025.2/Vitis/tps/tcl/tcllib2.0/pop3d/pkgIndex.tcl 
Execute         source D:/movies/2025.2/Vitis/tps/tcl/tcllib2.0/practcl/pkgIndex.tcl 
Execute         source D:/movies/2025.2/Vitis/tps/tcl/tcllib2.0/processman/pkgIndex.tcl 
Execute         source D:/movies/2025.2/Vitis/tps/tcl/tcllib2.0/profiler/pkgIndex.tcl 
Execute         source D:/movies/2025.2/Vitis/tps/tcl/tcllib2.0/pt/pkgIndex.tcl 
Execute         source D:/movies/2025.2/Vitis/tps/tcl/tcllib2.0/rcs/pkgIndex.tcl 
Execute         source D:/movies/2025.2/Vitis/tps/tcl/tcllib2.0/report/pkgIndex.tcl 
Execute         source D:/movies/2025.2/Vitis/tps/tcl/tcllib2.0/rest/pkgIndex.tcl 
Execute         source D:/movies/2025.2/Vitis/tps/tcl/tcllib2.0/ripemd/pkgIndex.tcl 
Execute         source D:/movies/2025.2/Vitis/tps/tcl/tcllib2.0/sasl/pkgIndex.tcl 
Execute         source D:/movies/2025.2/Vitis/tps/tcl/tcllib2.0/sha1/pkgIndex.tcl 
Execute         source D:/movies/2025.2/Vitis/tps/tcl/tcllib2.0/simulation/pkgIndex.tcl 
Execute         source D:/movies/2025.2/Vitis/tps/tcl/tcllib2.0/smtpd/pkgIndex.tcl 
Execute         source D:/movies/2025.2/Vitis/tps/tcl/tcllib2.0/snit/pkgIndex.tcl 
Execute         source D:/movies/2025.2/Vitis/tps/tcl/tcllib2.0/soundex/pkgIndex.tcl 
Execute         source D:/movies/2025.2/Vitis/tps/tcl/tcllib2.0/stooop/pkgIndex.tcl 
Execute         source D:/movies/2025.2/Vitis/tps/tcl/tcllib2.0/string/pkgIndex.tcl 
Execute         source D:/movies/2025.2/Vitis/tps/tcl/tcllib2.0/stringprep/pkgIndex.tcl 
Execute         source D:/movies/2025.2/Vitis/tps/tcl/tcllib2.0/struct/pkgIndex.tcl 
Execute         source D:/movies/2025.2/Vitis/tps/tcl/tcllib2.0/tar/pkgIndex.tcl 
Execute         source D:/movies/2025.2/Vitis/tps/tcl/tcllib2.0/tepam/pkgIndex.tcl 
Execute         source D:/movies/2025.2/Vitis/tps/tcl/tcllib2.0/term/pkgIndex.tcl 
Execute         source D:/movies/2025.2/Vitis/tps/tcl/tcllib2.0/textutil/pkgIndex.tcl 
Execute         source D:/movies/2025.2/Vitis/tps/tcl/tcllib2.0/tie/pkgIndex.tcl 
Execute         source D:/movies/2025.2/Vitis/tps/tcl/tcllib2.0/tiff/pkgIndex.tcl 
Execute         source D:/movies/2025.2/Vitis/tps/tcl/tcllib2.0/tool/pkgIndex.tcl 
Execute         source D:/movies/2025.2/Vitis/tps/tcl/tcllib2.0/transfer/pkgIndex.tcl 
Execute         source D:/movies/2025.2/Vitis/tps/tcl/tcllib2.0/treeql/pkgIndex.tcl 
Execute         source D:/movies/2025.2/Vitis/tps/tcl/tcllib2.0/try/pkgIndex.tcl 
Execute         source D:/movies/2025.2/Vitis/tps/tcl/tcllib2.0/udpcluster/pkgIndex.tcl 
Execute         source D:/movies/2025.2/Vitis/tps/tcl/tcllib2.0/uev/pkgIndex.tcl 
Execute         source D:/movies/2025.2/Vitis/tps/tcl/tcllib2.0/units/pkgIndex.tcl 
Execute         source D:/movies/2025.2/Vitis/tps/tcl/tcllib2.0/uri/pkgIndex.tcl 
Execute         source D:/movies/2025.2/Vitis/tps/tcl/tcllib2.0/uuid/pkgIndex.tcl 
Execute         source D:/movies/2025.2/Vitis/tps/tcl/tcllib2.0/valtype/pkgIndex.tcl 
Execute         source D:/movies/2025.2/Vitis/tps/tcl/tcllib2.0/virtchannel_base/pkgIndex.tcl 
Execute         source D:/movies/2025.2/Vitis/tps/tcl/tcllib2.0/virtchannel_core/pkgIndex.tcl 
Execute         source D:/movies/2025.2/Vitis/tps/tcl/tcllib2.0/virtchannel_transform/pkgIndex.tcl 
Execute         source D:/movies/2025.2/Vitis/tps/tcl/tcllib2.0/websocket/pkgIndex.tcl 
Execute         source D:/movies/2025.2/Vitis/tps/tcl/tcllib2.0/wip/pkgIndex.tcl 
Execute         source D:/movies/2025.2/Vitis/tps/tcl/tcllib2.0/yaml/pkgIndex.tcl 
Execute         source D:/movies/2025.2/Vitis/tps/tcl/tcllib2.0/zip/pkgIndex.tcl 
Execute         source D:/movies/2025.2/Vitis/tps/tcl/tcllib2.0/pkgIndex.tcl 
Execute           source D:/movies/2025.2/Vitis/tps/tcl/tcllib2.0/0compatibility/pkgIndex.tcl 
Execute           source D:/movies/2025.2/Vitis/tps/tcl/tcllib2.0/amazon-s3/pkgIndex.tcl 
Execute           source D:/movies/2025.2/Vitis/tps/tcl/tcllib2.0/asn/pkgIndex.tcl 
Execute           source D:/movies/2025.2/Vitis/tps/tcl/tcllib2.0/base32/pkgIndex.tcl 
Execute           source D:/movies/2025.2/Vitis/tps/tcl/tcllib2.0/base64/pkgIndex.tcl 
Execute           source D:/movies/2025.2/Vitis/tps/tcl/tcllib2.0/bee/pkgIndex.tcl 
Execute           source D:/movies/2025.2/Vitis/tps/tcl/tcllib2.0/bench/pkgIndex.tcl 
Execute           source D:/movies/2025.2/Vitis/tps/tcl/tcllib2.0/bibtex/pkgIndex.tcl 
Execute           source D:/movies/2025.2/Vitis/tps/tcl/tcllib2.0/cache/pkgIndex.tcl 
Execute           source D:/movies/2025.2/Vitis/tps/tcl/tcllib2.0/clay/pkgIndex.tcl 
Execute           source D:/movies/2025.2/Vitis/tps/tcl/tcllib2.0/clock/pkgIndex.tcl 
Execute           source D:/movies/2025.2/Vitis/tps/tcl/tcllib2.0/cmdline/pkgIndex.tcl 
Execute           source D:/movies/2025.2/Vitis/tps/tcl/tcllib2.0/comm/pkgIndex.tcl 
Execute           source D:/movies/2025.2/Vitis/tps/tcl/tcllib2.0/control/pkgIndex.tcl 
Execute           source D:/movies/2025.2/Vitis/tps/tcl/tcllib2.0/coroutine/pkgIndex.tcl 
Execute           source D:/movies/2025.2/Vitis/tps/tcl/tcllib2.0/counter/pkgIndex.tcl 
Execute           source D:/movies/2025.2/Vitis/tps/tcl/tcllib2.0/crc/pkgIndex.tcl 
Execute           source D:/movies/2025.2/Vitis/tps/tcl/tcllib2.0/cron/pkgIndex.tcl 
Execute           source D:/movies/2025.2/Vitis/tps/tcl/tcllib2.0/csv/pkgIndex.tcl 
Execute           source D:/movies/2025.2/Vitis/tps/tcl/tcllib2.0/debug/pkgIndex.tcl 
Execute           source D:/movies/2025.2/Vitis/tps/tcl/tcllib2.0/defer/pkgIndex.tcl 
Execute           source D:/movies/2025.2/Vitis/tps/tcl/tcllib2.0/dicttool/pkgIndex.tcl 
Execute           source D:/movies/2025.2/Vitis/tps/tcl/tcllib2.0/dns/pkgIndex.tcl 
Execute           source D:/movies/2025.2/Vitis/tps/tcl/tcllib2.0/docstrip/pkgIndex.tcl 
Execute           source D:/movies/2025.2/Vitis/tps/tcl/tcllib2.0/doctools/pkgIndex.tcl 
Execute           source D:/movies/2025.2/Vitis/tps/tcl/tcllib2.0/doctools2base/pkgIndex.tcl 
Execute           source D:/movies/2025.2/Vitis/tps/tcl/tcllib2.0/doctools2idx/pkgIndex.tcl 
Execute           source D:/movies/2025.2/Vitis/tps/tcl/tcllib2.0/doctools2toc/pkgIndex.tcl 
Execute           source D:/movies/2025.2/Vitis/tps/tcl/tcllib2.0/dtplite/pkgIndex.tcl 
Execute           source D:/movies/2025.2/Vitis/tps/tcl/tcllib2.0/fileutil/pkgIndex.tcl 
Execute           source D:/movies/2025.2/Vitis/tps/tcl/tcllib2.0/ftp/pkgIndex.tcl 
Execute           source D:/movies/2025.2/Vitis/tps/tcl/tcllib2.0/ftpd/pkgIndex.tcl 
Execute           source D:/movies/2025.2/Vitis/tps/tcl/tcllib2.0/fumagic/pkgIndex.tcl 
Execute           source D:/movies/2025.2/Vitis/tps/tcl/tcllib2.0/generator/pkgIndex.tcl 
Execute           source D:/movies/2025.2/Vitis/tps/tcl/tcllib2.0/gpx/pkgIndex.tcl 
Execute           source D:/movies/2025.2/Vitis/tps/tcl/tcllib2.0/grammar_aycock/pkgIndex.tcl 
Execute           source D:/movies/2025.2/Vitis/tps/tcl/tcllib2.0/grammar_fa/pkgIndex.tcl 
Execute           source D:/movies/2025.2/Vitis/tps/tcl/tcllib2.0/grammar_me/pkgIndex.tcl 
Execute           source D:/movies/2025.2/Vitis/tps/tcl/tcllib2.0/grammar_peg/pkgIndex.tcl 
Execute           source D:/movies/2025.2/Vitis/tps/tcl/tcllib2.0/hook/pkgIndex.tcl 
Execute           source D:/movies/2025.2/Vitis/tps/tcl/tcllib2.0/html/pkgIndex.tcl 
Execute           source D:/movies/2025.2/Vitis/tps/tcl/tcllib2.0/htmlparse/pkgIndex.tcl 
Execute           source D:/movies/2025.2/Vitis/tps/tcl/tcllib2.0/http/pkgIndex.tcl 
Execute           source D:/movies/2025.2/Vitis/tps/tcl/tcllib2.0/httpd/pkgIndex.tcl 
Execute           source D:/movies/2025.2/Vitis/tps/tcl/tcllib2.0/httpwget/pkgIndex.tcl 
Execute           source D:/movies/2025.2/Vitis/tps/tcl/tcllib2.0/ident/pkgIndex.tcl 
Execute           source D:/movies/2025.2/Vitis/tps/tcl/tcllib2.0/imap4/pkgIndex.tcl 
Execute           source D:/movies/2025.2/Vitis/tps/tcl/tcllib2.0/inifile/pkgIndex.tcl 
Execute           source D:/movies/2025.2/Vitis/tps/tcl/tcllib2.0/interp/pkgIndex.tcl 
Execute           source D:/movies/2025.2/Vitis/tps/tcl/tcllib2.0/irc/pkgIndex.tcl 
Execute           source D:/movies/2025.2/Vitis/tps/tcl/tcllib2.0/javascript/pkgIndex.tcl 
Execute           source D:/movies/2025.2/Vitis/tps/tcl/tcllib2.0/jpeg/pkgIndex.tcl 
Execute           source D:/movies/2025.2/Vitis/tps/tcl/tcllib2.0/json/pkgIndex.tcl 
Execute           source D:/movies/2025.2/Vitis/tps/tcl/tcllib2.0/lambda/pkgIndex.tcl 
Execute           source D:/movies/2025.2/Vitis/tps/tcl/tcllib2.0/lazyset/pkgIndex.tcl 
Execute           source D:/movies/2025.2/Vitis/tps/tcl/tcllib2.0/ldap/pkgIndex.tcl 
Execute           source D:/movies/2025.2/Vitis/tps/tcl/tcllib2.0/log/pkgIndex.tcl 
Execute           source D:/movies/2025.2/Vitis/tps/tcl/tcllib2.0/map/pkgIndex.tcl 
Execute           source D:/movies/2025.2/Vitis/tps/tcl/tcllib2.0/mapproj/pkgIndex.tcl 
Execute           source D:/movies/2025.2/Vitis/tps/tcl/tcllib2.0/markdown/pkgIndex.tcl 
Execute           source D:/movies/2025.2/Vitis/tps/tcl/tcllib2.0/math/pkgIndex.tcl 
Execute           source D:/movies/2025.2/Vitis/tps/tcl/tcllib2.0/md4/pkgIndex.tcl 
Execute           source D:/movies/2025.2/Vitis/tps/tcl/tcllib2.0/md5/pkgIndex.tcl 
Execute           source D:/movies/2025.2/Vitis/tps/tcl/tcllib2.0/md5crypt/pkgIndex.tcl 
Execute           source D:/movies/2025.2/Vitis/tps/tcl/tcllib2.0/mime/pkgIndex.tcl 
Execute           source D:/movies/2025.2/Vitis/tps/tcl/tcllib2.0/mkdoc/pkgIndex.tcl 
Execute           source D:/movies/2025.2/Vitis/tps/tcl/tcllib2.0/multiplexer/pkgIndex.tcl 
Execute           source D:/movies/2025.2/Vitis/tps/tcl/tcllib2.0/namespacex/pkgIndex.tcl 
Execute           source D:/movies/2025.2/Vitis/tps/tcl/tcllib2.0/ncgi/pkgIndex.tcl 
Execute           source D:/movies/2025.2/Vitis/tps/tcl/tcllib2.0/nettool/pkgIndex.tcl 
Execute           source D:/movies/2025.2/Vitis/tps/tcl/tcllib2.0/nmea/pkgIndex.tcl 
Execute           source D:/movies/2025.2/Vitis/tps/tcl/tcllib2.0/nns/pkgIndex.tcl 
Execute           source D:/movies/2025.2/Vitis/tps/tcl/tcllib2.0/nntp/pkgIndex.tcl 
Execute           source D:/movies/2025.2/Vitis/tps/tcl/tcllib2.0/ntp/pkgIndex.tcl 
Execute           source D:/movies/2025.2/Vitis/tps/tcl/tcllib2.0/oauth/pkgIndex.tcl 
Execute           source D:/movies/2025.2/Vitis/tps/tcl/tcllib2.0/oodialect/pkgIndex.tcl 
Execute           source D:/movies/2025.2/Vitis/tps/tcl/tcllib2.0/oometa/pkgIndex.tcl 
Execute           source D:/movies/2025.2/Vitis/tps/tcl/tcllib2.0/ooutil/pkgIndex.tcl 
Execute           source D:/movies/2025.2/Vitis/tps/tcl/tcllib2.0/otp/pkgIndex.tcl 
Execute           source D:/movies/2025.2/Vitis/tps/tcl/tcllib2.0/page/pkgIndex.tcl 
Execute           source D:/movies/2025.2/Vitis/tps/tcl/tcllib2.0/pluginmgr/pkgIndex.tcl 
Execute           source D:/movies/2025.2/Vitis/tps/tcl/tcllib2.0/png/pkgIndex.tcl 
Execute           source D:/movies/2025.2/Vitis/tps/tcl/tcllib2.0/pop3/pkgIndex.tcl 
Execute           source D:/movies/2025.2/Vitis/tps/tcl/tcllib2.0/pop3d/pkgIndex.tcl 
Execute           source D:/movies/2025.2/Vitis/tps/tcl/tcllib2.0/practcl/pkgIndex.tcl 
Execute           source D:/movies/2025.2/Vitis/tps/tcl/tcllib2.0/processman/pkgIndex.tcl 
Execute           source D:/movies/2025.2/Vitis/tps/tcl/tcllib2.0/profiler/pkgIndex.tcl 
Execute           source D:/movies/2025.2/Vitis/tps/tcl/tcllib2.0/pt/pkgIndex.tcl 
Execute           source D:/movies/2025.2/Vitis/tps/tcl/tcllib2.0/rcs/pkgIndex.tcl 
Execute           source D:/movies/2025.2/Vitis/tps/tcl/tcllib2.0/report/pkgIndex.tcl 
Execute           source D:/movies/2025.2/Vitis/tps/tcl/tcllib2.0/rest/pkgIndex.tcl 
Execute           source D:/movies/2025.2/Vitis/tps/tcl/tcllib2.0/ripemd/pkgIndex.tcl 
Execute           source D:/movies/2025.2/Vitis/tps/tcl/tcllib2.0/sasl/pkgIndex.tcl 
Execute           source D:/movies/2025.2/Vitis/tps/tcl/tcllib2.0/sha1/pkgIndex.tcl 
Execute           source D:/movies/2025.2/Vitis/tps/tcl/tcllib2.0/simulation/pkgIndex.tcl 
Execute           source D:/movies/2025.2/Vitis/tps/tcl/tcllib2.0/smtpd/pkgIndex.tcl 
Execute           source D:/movies/2025.2/Vitis/tps/tcl/tcllib2.0/snit/pkgIndex.tcl 
Execute           source D:/movies/2025.2/Vitis/tps/tcl/tcllib2.0/soundex/pkgIndex.tcl 
Execute           source D:/movies/2025.2/Vitis/tps/tcl/tcllib2.0/stooop/pkgIndex.tcl 
Execute           source D:/movies/2025.2/Vitis/tps/tcl/tcllib2.0/string/pkgIndex.tcl 
Execute           source D:/movies/2025.2/Vitis/tps/tcl/tcllib2.0/stringprep/pkgIndex.tcl 
Execute           source D:/movies/2025.2/Vitis/tps/tcl/tcllib2.0/struct/pkgIndex.tcl 
Execute           source D:/movies/2025.2/Vitis/tps/tcl/tcllib2.0/tar/pkgIndex.tcl 
Execute           source D:/movies/2025.2/Vitis/tps/tcl/tcllib2.0/tepam/pkgIndex.tcl 
Execute           source D:/movies/2025.2/Vitis/tps/tcl/tcllib2.0/term/pkgIndex.tcl 
Execute           source D:/movies/2025.2/Vitis/tps/tcl/tcllib2.0/textutil/pkgIndex.tcl 
Execute           source D:/movies/2025.2/Vitis/tps/tcl/tcllib2.0/tie/pkgIndex.tcl 
Execute           source D:/movies/2025.2/Vitis/tps/tcl/tcllib2.0/tiff/pkgIndex.tcl 
Execute           source D:/movies/2025.2/Vitis/tps/tcl/tcllib2.0/tool/pkgIndex.tcl 
Execute           source D:/movies/2025.2/Vitis/tps/tcl/tcllib2.0/transfer/pkgIndex.tcl 
Execute           source D:/movies/2025.2/Vitis/tps/tcl/tcllib2.0/treeql/pkgIndex.tcl 
Execute           source D:/movies/2025.2/Vitis/tps/tcl/tcllib2.0/try/pkgIndex.tcl 
Execute           source D:/movies/2025.2/Vitis/tps/tcl/tcllib2.0/udpcluster/pkgIndex.tcl 
Execute           source D:/movies/2025.2/Vitis/tps/tcl/tcllib2.0/uev/pkgIndex.tcl 
Execute           source D:/movies/2025.2/Vitis/tps/tcl/tcllib2.0/units/pkgIndex.tcl 
Execute           source D:/movies/2025.2/Vitis/tps/tcl/tcllib2.0/uri/pkgIndex.tcl 
Execute           source D:/movies/2025.2/Vitis/tps/tcl/tcllib2.0/uuid/pkgIndex.tcl 
Execute           source D:/movies/2025.2/Vitis/tps/tcl/tcllib2.0/valtype/pkgIndex.tcl 
Execute           source D:/movies/2025.2/Vitis/tps/tcl/tcllib2.0/virtchannel_base/pkgIndex.tcl 
Execute           source D:/movies/2025.2/Vitis/tps/tcl/tcllib2.0/virtchannel_core/pkgIndex.tcl 
Execute           source D:/movies/2025.2/Vitis/tps/tcl/tcllib2.0/virtchannel_transform/pkgIndex.tcl 
Execute           source D:/movies/2025.2/Vitis/tps/tcl/tcllib2.0/websocket/pkgIndex.tcl 
Execute           source D:/movies/2025.2/Vitis/tps/tcl/tcllib2.0/wip/pkgIndex.tcl 
Execute           source D:/movies/2025.2/Vitis/tps/tcl/tcllib2.0/yaml/pkgIndex.tcl 
Execute           source D:/movies/2025.2/Vitis/tps/tcl/tcllib2.0/zip/pkgIndex.tcl 
Command         ap_source done; 0.151 sec.
Execute         source D:/movies/2025.2/Vitis/tps/tcl/tdom/pkgIndex.tcl 
Execute         source D:/movies/2025.2/Vitis/tps/tcl/tcl8.6/opt0.4/pkgIndex.tcl 
Execute         source D:/movies/2025.2/Vitis/tps/tcl/tcl8.6/pkgs/win/thread2.8.7/pkgIndex.tcl 
Command       ap_source done; 0.662 sec.
INFO-FLOW: Workspace C:/Users/duong/Desktop/xup_high_level_synthesis_design_flow-main/source/lab1/matrixmul/matrixmul/hls opened at Fri Jun 12 16:51:39 -0400 2026
Execute       source C:/Users/duong/Desktop/xup_high_level_synthesis_design_flow-main/source/lab1/matrixmul/matrixmul/hls/.autopilot/db/global.setting.tcl 
Execute       set_part xc7a35t-fgg484-2 
Execute         create_platform xc7a35t-fgg484-2 -board  
DBG:HLSDevice: Trying to load device library: D:/movies/2025.2/Vitis\lib\win64.o\xv_hlsvwrap.dll
DBG:HLSDevice: first parts/arch.xml in RDI_DATADIR: D:/movies/2025.2/Vivado/data/parts/arch.xml
DBG:HLSDevice: init success
INFO: [HLS 200-1611] Setting target device to 'xc7a35t-fgg484-2'
Command         create_platform done; 0.577 sec.
Execute         source D:/movies/2025.2/Vitis/common/technology/xilinx/common/xilinx.gen 
Execute           source D:/movies/2025.2/Vitis/common/technology/xilinx/interface/plb46.gen 
Execute           source D:/movies/2025.2/Vitis/common/technology/xilinx/interface/axi4.gen 
Execute           source D:/movies/2025.2/Vitis/common/technology/xilinx/interface/nativeAXI4.gen 
Execute             source D:/movies/2025.2/Vitis/common/technology/xilinx/interface/saxilite.gen 
Execute           source D:/movies/2025.2/Vitis/common/technology/xilinx/scripts/xilinxcoregen.gen 
Execute           source D:/movies/2025.2/Vitis/common/technology/xilinx/interface/XilEDKCoreGen.gen 
Execute           source D:/movies/2025.2/Vitis/common/technology/xilinx/ip/dds_compiler.gen 
Execute           source D:/movies/2025.2/Vitis/common/technology/xilinx/ip/util.gen 
Execute           source D:/movies/2025.2/Vitis/common/technology/xilinx/ip/xfft.gen 
Execute           source D:/movies/2025.2/Vitis/common/technology/xilinx/ip/xfir.gen 
Execute           source D:/movies/2025.2/Vitis/common/technology/xilinx/DSP48/dsp48.gen 
Execute         ap_part_info -name xc7a35t-fgg484-2 -data info 
Execute         config_compile -quiet -complex-mul-dsp=0 
Command       set_part done; 0.656 sec.
Execute       send_msg_by_id INFO @200-1505@%s%s default  vivado 
INFO: [HLS 200-1505] Using default flow_target 'vivado'
Execute       send_msg_by_id INFO @200-2174@%s%s component hls_config.cfg 
INFO: [HLS 200-2174] Applying component config ini file hls_config.cfg
Execute       apply_ini hls_config.cfg 
Execute         send_msg_by_id INFO @200-1465@%s 'syn.file=C:/Users/duong/Desktop/xup_high_level_synthesis_design_flow-main/source/lab1/matrixmul.cpp' from hls_config.cfg(8) 
INFO: [HLS 200-1465] Applying config ini 'syn.file=C:/Users/duong/Desktop/xup_high_level_synthesis_design_flow-main/source/lab1/matrixmul.cpp' from hls_config.cfg(8)
Execute         add_files C:/Users/duong/Desktop/xup_high_level_synthesis_design_flow-main/source/lab1/matrixmul.cpp 
INFO: [HLS 200-10] Adding design file 'C:/Users/duong/Desktop/xup_high_level_synthesis_design_flow-main/source/lab1/matrixmul.cpp' to the project
Execute         send_msg_by_id INFO @200-1465@%s 'syn.file=C:/Users/duong/Desktop/xup_high_level_synthesis_design_flow-main/source/lab1/matrixmul.h' from hls_config.cfg(9) 
INFO: [HLS 200-1465] Applying config ini 'syn.file=C:/Users/duong/Desktop/xup_high_level_synthesis_design_flow-main/source/lab1/matrixmul.h' from hls_config.cfg(9)
Execute         add_files C:/Users/duong/Desktop/xup_high_level_synthesis_design_flow-main/source/lab1/matrixmul.h 
INFO: [HLS 200-10] Adding design file 'C:/Users/duong/Desktop/xup_high_level_synthesis_design_flow-main/source/lab1/matrixmul.h' to the project
Execute         send_msg_by_id INFO @200-1465@%s 'tb.file=C:/Users/duong/Desktop/xup_high_level_synthesis_design_flow-main/source/lab1/matrixmul_test.cpp' from hls_config.cfg(10) 
INFO: [HLS 200-1465] Applying config ini 'tb.file=C:/Users/duong/Desktop/xup_high_level_synthesis_design_flow-main/source/lab1/matrixmul_test.cpp' from hls_config.cfg(10)
Execute         add_files -tb C:/Users/duong/Desktop/xup_high_level_synthesis_design_flow-main/source/lab1/matrixmul_test.cpp 
INFO: [HLS 200-10] Adding test bench file 'C:/Users/duong/Desktop/xup_high_level_synthesis_design_flow-main/source/lab1/matrixmul_test.cpp' to the project
Execute         send_msg_by_id INFO @200-1465@%s 'tb.file_cflags=C:/Users/duong/Desktop/xup_high_level_synthesis_design_flow-main/source/lab1/matrixmul_test.cpp,-DHW_COSIM' from hls_config.cfg(11) 
INFO: [HLS 200-1465] Applying config ini 'tb.file_cflags=C:/Users/duong/Desktop/xup_high_level_synthesis_design_flow-main/source/lab1/matrixmul_test.cpp,-DHW_COSIM' from hls_config.cfg(11)
Execute         add_files -tb C:/Users/duong/Desktop/xup_high_level_synthesis_design_flow-main/source/lab1/matrixmul_test.cpp -appendflags -cflags -DHW_COSIM 
Execute         send_msg_by_id INFO @200-1465@%s 'syn.top=matrixmul' from hls_config.cfg(7) 
INFO: [HLS 200-1465] Applying config ini 'syn.top=matrixmul' from hls_config.cfg(7)
Execute         set_top matrixmul 
Execute         send_msg_by_id INFO @200-1465@%s 'flow_target=vivado' from hls_config.cfg(4) 
INFO: [HLS 200-1465] Applying config ini 'flow_target=vivado' from hls_config.cfg(4)
Execute         send_msg_by_id INFO @200-1505@%s%s  vivado 
INFO: [HLS 200-1505] Using flow_target 'vivado'
Execute         send_msg_by_id INFO @200-1465@%s 'part=xc7a35tfgg484-2' from hls_config.cfg(1) 
INFO: [HLS 200-1465] Applying config ini 'part=xc7a35tfgg484-2' from hls_config.cfg(1)
Execute         set_part xc7a35tfgg484-2 
Execute           create_platform xc7a35tfgg484-2 -board  
Command           create_platform done; 0.121 sec.
Execute           source D:/movies/2025.2/Vitis/common/technology/xilinx/common/xilinx.gen 
Execute             source D:/movies/2025.2/Vitis/common/technology/xilinx/interface/plb46.gen 
Execute             source D:/movies/2025.2/Vitis/common/technology/xilinx/interface/axi4.gen 
Execute             source D:/movies/2025.2/Vitis/common/technology/xilinx/interface/nativeAXI4.gen 
Execute               source D:/movies/2025.2/Vitis/common/technology/xilinx/interface/saxilite.gen 
Execute             source D:/movies/2025.2/Vitis/common/technology/xilinx/scripts/xilinxcoregen.gen 
Execute             source D:/movies/2025.2/Vitis/common/technology/xilinx/interface/XilEDKCoreGen.gen 
Execute             source D:/movies/2025.2/Vitis/common/technology/xilinx/ip/dds_compiler.gen 
Execute             source D:/movies/2025.2/Vitis/common/technology/xilinx/ip/util.gen 
Execute             source D:/movies/2025.2/Vitis/common/technology/xilinx/ip/xfft.gen 
Execute             source D:/movies/2025.2/Vitis/common/technology/xilinx/ip/xfir.gen 
Execute             source D:/movies/2025.2/Vitis/common/technology/xilinx/DSP48/dsp48.gen 
Execute           ap_part_info -name xc7a35t-fgg484-2 -data info 
Execute           config_compile -quiet -complex-mul-dsp=0 
Command         set_part done; 0.195 sec.
Execute         send_msg_by_id INFO @200-1465@%s 'clock=10' from hls_config.cfg(12) 
INFO: [HLS 200-1465] Applying config ini 'clock=10' from hls_config.cfg(12)
Execute         create_clock -period 10ns 
Execute           ap_set_clock -name default -period 10 -unit ns -default=false 
INFO: [SYN 201-201] Setting up clock 'default' with a period of 10ns.
Execute         send_msg_by_id INFO @200-1465@%s 'cosim.trace_level=all' from hls_config.cfg(15) 
INFO: [HLS 200-1465] Applying config ini 'cosim.trace_level=all' from hls_config.cfg(15)
Execute         config_cosim -trace_level=all 
Execute         send_msg_by_id INFO @200-1465@%s 'cosim.wave_debug=1' from hls_config.cfg(14) 
INFO: [HLS 200-1465] Applying config ini 'cosim.wave_debug=1' from hls_config.cfg(14)
Execute         config_cosim -wave_debug=1 
Execute         send_msg_by_id INFO @200-1465@%s 'package.output.format=ip_catalog' from hls_config.cfg(5) 
INFO: [HLS 200-1465] Applying config ini 'package.output.format=ip_catalog' from hls_config.cfg(5)
Execute         config_export -format=ip_catalog 
Execute         send_msg_by_id INFO @200-1465@%s 'sim.O=0' from hls_config.cfg(13) 
INFO: [HLS 200-1465] Applying config ini 'sim.O=0' from hls_config.cfg(13)
Execute         config_sim -O=0 
Command       apply_ini done; 0.254 sec.
Execute       write_component -config C:/Users/duong/Desktop/xup_high_level_synthesis_design_flow-main/source/lab1/matrixmul/hls_config.cfg 
Execute         send_msg_by_id INFO @200-2176@%s C:/Users/duong/Desktop/xup_high_level_synthesis_design_flow-main/source/lab1/matrixmul/matrixmul/vitis-comp.json 
INFO: [HLS 200-2176] Writing Vitis IDE component file C:/Users/duong/Desktop/xup_high_level_synthesis_design_flow-main/source/lab1/matrixmul/matrixmul/vitis-comp.json
Command     open_solution done; 1.616 sec.
Command   open_component done; 1.621 sec.
Execute   apply_ini C:/Users/duong/Desktop/xup_high_level_synthesis_design_flow-main/source/lab1/matrixmul/matrixmul/hls/config.cmdline -iscmdline 
Execute   ::AP::init_summary_file cosim 
Execute     AP::app_get_file_relativeroot [AP::app_get_root] {}
Execute   cosim_design 
Execute     source C:/Users/duong/Desktop/xup_high_level_synthesis_design_flow-main/source/lab1/matrixmul/matrixmul/hls/.autopilot/db/global.setting.tcl 
Execute     source C:/Users/duong/Desktop/xup_high_level_synthesis_design_flow-main/source/lab1/matrixmul/matrixmul/hls/.autopilot/db/global.setting.tcl 
Execute     source C:/Users/duong/Desktop/xup_high_level_synthesis_design_flow-main/source/lab1/matrixmul/matrixmul/hls/.autopilot/db/global.setting.tcl 
INFO-FLOW: DBG:PUTS: read_platform_lib C:/Users/duong/Desktop/xup_high_level_synthesis_design_flow-main/source/lab1/matrixmul/matrixmul/hls/.autopilot/db/global.setting.tcl
Execute     source D:/movies/2025.2/Vitis/common/technology/generic/autopilot/common.gen 
Execute       source D:/movies/2025.2/Vitis/common/technology/generic/autopilot/APCoreGen.gen 
Execute     source D:/movies/2025.2/Vitis/common/technology/generic/autopilot/op.gen 
Execute     source D:/movies/2025.2/Vitis/common/technology/generic/autopilot/op_simcore.gen 
Execute     source D:/movies/2025.2/Vitis/common/technology/generic/autopilot/interface.gen 
Execute     source C:/Users/duong/Desktop/xup_high_level_synthesis_design_flow-main/source/lab1/matrixmul/matrixmul/hls/.autopilot/db/global.setting.tcl 
Execute     ap_family_info -name artix7 -data parts 
Execute     ap_part_info -name xc7a12ticsg325-1L -data info 
Execute     source D:/movies/2025.2/Vitis/common/technology/xilinx/common/xilinx.gen 
Execute       source D:/movies/2025.2/Vitis/common/technology/xilinx/interface/plb46.gen 
Execute       source D:/movies/2025.2/Vitis/common/technology/xilinx/interface/axi4.gen 
Execute       source D:/movies/2025.2/Vitis/common/technology/xilinx/interface/nativeAXI4.gen 
Execute         source D:/movies/2025.2/Vitis/common/technology/xilinx/interface/saxilite.gen 
Execute       source D:/movies/2025.2/Vitis/common/technology/xilinx/scripts/xilinxcoregen.gen 
Execute       source D:/movies/2025.2/Vitis/common/technology/xilinx/interface/XilEDKCoreGen.gen 
Execute       source D:/movies/2025.2/Vitis/common/technology/xilinx/ip/dds_compiler.gen 
Execute       source D:/movies/2025.2/Vitis/common/technology/xilinx/ip/util.gen 
Execute       source D:/movies/2025.2/Vitis/common/technology/xilinx/ip/xfft.gen 
Execute       source D:/movies/2025.2/Vitis/common/technology/xilinx/ip/xfir.gen 
Execute       source D:/movies/2025.2/Vitis/common/technology/xilinx/DSP48/dsp48.gen 
INFO-FLOW: DBG:PUTS:   using AESL_AUTOCG::g_clock_period=10.000 (was NA)
Execute     ap_part_info -name xc7a35t-fgg484-2 -data names -quiet 
Execute     ap_part_info -name xc7a35t-fgg484-2 -data info -quiet 
Execute     source C:/Users/duong/Desktop/xup_high_level_synthesis_design_flow-main/source/lab1/matrixmul/matrixmul/hls/.autopilot/db/global.setting.tcl 
Execute     source C:/Users/duong/Desktop/xup_high_level_synthesis_design_flow-main/source/lab1/matrixmul/matrixmul/hls/.autopilot/db/matrixmul.rtl_wrap.cfg.tcl 
Execute     source C:/Users/duong/Desktop/xup_high_level_synthesis_design_flow-main/source/lab1/matrixmul/matrixmul/hls/.autopilot/db/matrixmul.tbgen.tcl 
Execute     source C:/Users/duong/Desktop/xup_high_level_synthesis_design_flow-main/source/lab1/matrixmul/matrixmul/hls/.autopilot/db/cosimDB.tcl 
Execute     source C:/Users/duong/Desktop/xup_high_level_synthesis_design_flow-main/source/lab1/matrixmul/matrixmul/hls/.autopilot/db/matrixmul.tbgen.tcl 
Execute     source C:/Users/duong/Desktop/xup_high_level_synthesis_design_flow-main/source/lab1/matrixmul/matrixmul/hls/.autopilot/db/matrixmul.tbgen.tcl 
Execute     source C:/Users/duong/Desktop/xup_high_level_synthesis_design_flow-main/source/lab1/matrixmul/matrixmul/hls/.autopilot/db/matrixmul.tbgen.tcl 
Execute     source C:/Users/duong/Desktop/xup_high_level_synthesis_design_flow-main/source/lab1/matrixmul/matrixmul/hls/.autopilot/db/matrixmul.tbgen.tcl 
INFO: [COSIM 212-47] Using XSIM for RTL simulation.
INFO: [COSIM 212-14] Instrumenting C test bench ...
Execute     ap_part_info -name xc7a35t-fgg484-2 -data info 
INFO-FLOW: run_clang autosim-tb exec: D:/movies/2025.2/Vitis/win64/tools/clang-16/bin/clang -foptimization-record-file=C:/Users/duong/Desktop/xup_high_level_synthesis_design_flow-main/source/lab1/matrixmul/matrixmul/hls/.autopilot/db/matrixmul_test.cpp.clang.autosim-tb.diag.yml -mllvm -pass-remarks-missed=reflow|pasta|unroll|inline -mllvm -pass-remarks=reflow|pasta|unroll|inline -fno-builtin-isinf -fno-builtin-isnan -E -DHW_COSIM -Wno-unknown-pragmas -Wno-unknown-pragmas -DGCC_COMPATIBLE_APINT -DAESL_TB -D__HLS_COSIM__ -D__VITIS_HLS__ --target=x86_64-w64-windows-gnu -D__USE_XOPEN2K8 -I D:/movies/2025.2/Vitis/include -I include C:/Users/duong/Desktop/xup_high_level_synthesis_design_flow-main/source/lab1/matrixmul_test.cpp -o C:/Users/duong/Desktop/xup_high_level_synthesis_design_flow-main/source/lab1/matrixmul/matrixmul/hls/./sim/autowrap/testbench/matrixmul_test.cpp_pre.cpp -std=gnu++14 -D__DSP48E1__ --sysroot=D:/movies/2025.2/Vitis/tps/mingw/10.0.0/win64.o/nt > C:/Users/duong/Desktop/xup_high_level_synthesis_design_flow-main/source/lab1/matrixmul/matrixmul/hls/.autopilot/db/matrixmul_test.cpp.clang.autosim-tb.out.log 2> C:/Users/duong/Desktop/xup_high_level_synthesis_design_flow-main/source/lab1/matrixmul/matrixmul/hls/.autopilot/db/matrixmul_test.cpp.clang.autosim-tb.err.log
INFO-FLOW: run_clang result=success num-err-msgs=0 num-stderr-lines=0
INFO-FLOW: TB processing: C:/Users/duong/Desktop/xup_high_level_synthesis_design_flow-main/source/lab1/matrixmul_test.cpp C:/Users/duong/Desktop/xup_high_level_synthesis_design_flow-main/source/lab1/matrixmul/matrixmul/hls/./sim/autowrap/testbench/matrixmul_test.cpp_pre.cpp
Execute     clang_tidy xilinx-tb-process -desc tb-process C:/Users/duong/Desktop/xup_high_level_synthesis_design_flow-main/source/lab1/matrixmul/matrixmul/hls/./sim/autowrap/testbench/matrixmul_test.cpp_pre.cpp.tb.cpp std=gnu++14 
INFO-FLOW: exec D:/movies/2025.2/Vitis/win64/tools/clang-16/bin/clang-tidy -header-filter=.* --checks=-*,xilinx-tb-process -fix-errors C:/Users/duong/Desktop/xup_high_level_synthesis_design_flow-main/source/lab1/matrixmul/matrixmul/hls/./sim/autowrap/testbench/matrixmul_test.cpp_pre.cpp.tb.cpp -- -std=gnu++14 -fhls -ferror-limit=0
Command     clang_tidy done; 1.081 sec.
Execute     ap_part_info -name xc7a35t-fgg484-2 -data info 
INFO-FLOW: run_clang autosim-tb exec: D:/movies/2025.2/Vitis/win64/tools/clang-16/bin/clang -foptimization-record-file=C:/Users/duong/Desktop/xup_high_level_synthesis_design_flow-main/source/lab1/matrixmul/matrixmul/hls/.autopilot/db/matrixmul.cpp.clang.autosim-tb.diag.yml -mllvm -pass-remarks-missed=reflow|pasta|unroll|inline -mllvm -pass-remarks=reflow|pasta|unroll|inline -fno-builtin-isinf -fno-builtin-isnan -E -DGCC_COMPATIBLE_APINT -DAESL_TB -D__HLS_COSIM__ -D__VITIS_HLS__ --target=x86_64-w64-windows-gnu -D__USE_XOPEN2K8 -I D:/movies/2025.2/Vitis/include -I include C:/Users/duong/Desktop/xup_high_level_synthesis_design_flow-main/source/lab1/matrixmul.cpp -o C:/Users/duong/Desktop/xup_high_level_synthesis_design_flow-main/source/lab1/matrixmul/matrixmul/hls/./sim/autowrap/testbench/matrixmul.cpp_pre.cpp -std=gnu++14 -D__DSP48E1__ --sysroot=D:/movies/2025.2/Vitis/tps/mingw/10.0.0/win64.o/nt > C:/Users/duong/Desktop/xup_high_level_synthesis_design_flow-main/source/lab1/matrixmul/matrixmul/hls/.autopilot/db/matrixmul.cpp.clang.autosim-tb.out.log 2> C:/Users/duong/Desktop/xup_high_level_synthesis_design_flow-main/source/lab1/matrixmul/matrixmul/hls/.autopilot/db/matrixmul.cpp.clang.autosim-tb.err.log
INFO-FLOW: run_clang result=success num-err-msgs=0 num-stderr-lines=0
INFO-FLOW: TB processing: C:/Users/duong/Desktop/xup_high_level_synthesis_design_flow-main/source/lab1/matrixmul.cpp C:/Users/duong/Desktop/xup_high_level_synthesis_design_flow-main/source/lab1/matrixmul/matrixmul/hls/./sim/autowrap/testbench/matrixmul.cpp_pre.cpp
Execute     clang_tidy xilinx-tb-process -desc tb-process C:/Users/duong/Desktop/xup_high_level_synthesis_design_flow-main/source/lab1/matrixmul/matrixmul/hls/./sim/autowrap/testbench/matrixmul.cpp_pre.cpp.tb.cpp std=gnu++14 
INFO-FLOW: exec D:/movies/2025.2/Vitis/win64/tools/clang-16/bin/clang-tidy -header-filter=.* --checks=-*,xilinx-tb-process -fix-errors C:/Users/duong/Desktop/xup_high_level_synthesis_design_flow-main/source/lab1/matrixmul/matrixmul/hls/./sim/autowrap/testbench/matrixmul.cpp_pre.cpp.tb.cpp -- -std=gnu++14 -fhls -ferror-limit=0
Command     clang_tidy done; 0.366 sec.
Execute     source C:/Users/duong/Desktop/xup_high_level_synthesis_design_flow-main/source/lab1/matrixmul/matrixmul/hls/.autopilot/db/global.setting.tcl 
Execute     source C:/Users/duong/Desktop/xup_high_level_synthesis_design_flow-main/source/lab1/matrixmul/matrixmul/hls/.autopilot/db/matrixmul.rtl_wrap.cfg.tcl 
Execute     source C:/Users/duong/Desktop/xup_high_level_synthesis_design_flow-main/source/lab1/matrixmul/matrixmul/hls/.autopilot/db/matrixmul.rtl_wrap.cfg.tcl 
Execute     source C:/Users/duong/Desktop/xup_high_level_synthesis_design_flow-main/source/lab1/matrixmul/matrixmul/hls/.autopilot/db/matrixmul.rtl_wrap.cfg.tcl 
Execute     source C:/Users/duong/Desktop/xup_high_level_synthesis_design_flow-main/source/lab1/matrixmul/matrixmul/hls/.autopilot/db/matrixmul.tbgen.tcl 
Execute     source C:/Users/duong/Desktop/xup_high_level_synthesis_design_flow-main/source/lab1/matrixmul/matrixmul/hls/.autopilot/db/matrixmul.tbgen.tcl 
Execute     source C:/Users/duong/Desktop/xup_high_level_synthesis_design_flow-main/source/lab1/matrixmul/matrixmul/hls/.autopilot/db/matrixmul.tbgen.tcl 
Execute     ap_part_info -name xc7a35t-fgg484-2 -data info 
Execute     source .run_sim.tcl 
INFO: [COSIM 212-302] Starting C TB testing ... 
Command     ap_source done; 0.98 sec.
Execute     source C:/Users/duong/Desktop/xup_high_level_synthesis_design_flow-main/source/lab1/matrixmul/matrixmul/hls/.autopilot/db/matrixmul.tbgen.tcl 
Execute     source C:/Users/duong/Desktop/xup_high_level_synthesis_design_flow-main/source/lab1/matrixmul/matrixmul/hls/.autopilot/db/matrixmul.tbgen.tcl 
INFO: [COSIM 212-333] Generating C post check test bench ...
Execute     source sim/tv/cdatafile/ref.tcl 
Execute     source C:/Users/duong/Desktop/xup_high_level_synthesis_design_flow-main/source/lab1/matrixmul/matrixmul/hls/.autopilot/db/matrixmul.tbgen.tcl 
Execute     source C:/Users/duong/Desktop/xup_high_level_synthesis_design_flow-main/source/lab1/matrixmul/matrixmul/hls/.autopilot/db/matrixmul.tbgen.tcl 
Execute     source C:/Users/duong/Desktop/xup_high_level_synthesis_design_flow-main/source/lab1/matrixmul/matrixmul/hls/.autopilot/db/matrixmul.tbgen.tcl 
Execute     source C:/Users/duong/Desktop/xup_high_level_synthesis_design_flow-main/source/lab1/matrixmul/matrixmul/hls/.autopilot/db/matrixmul.tbgen.tcl 
Execute     source C:/Users/duong/Desktop/xup_high_level_synthesis_design_flow-main/source/lab1/matrixmul/matrixmul/hls/.autopilot/db/matrixmul.tbgen.tcl 
Execute     source C:/Users/duong/Desktop/xup_high_level_synthesis_design_flow-main/source/lab1/matrixmul/matrixmul/hls/.autopilot/db/matrixmul.tbgen.tcl 
Execute     source C:/Users/duong/Desktop/xup_high_level_synthesis_design_flow-main/source/lab1/matrixmul/matrixmul/hls/.autopilot/db/matrixmul.tbgen.tcl 
Execute     source C:/Users/duong/Desktop/xup_high_level_synthesis_design_flow-main/source/lab1/matrixmul/matrixmul/hls/.autopilot/db/matrixmul.tbgen.tcl 
Execute     source C:/Users/duong/Desktop/xup_high_level_synthesis_design_flow-main/source/lab1/matrixmul/matrixmul/hls/.autopilot/db/matrixmul.tbgen.tcl 
Execute     source C:/Users/duong/Desktop/xup_high_level_synthesis_design_flow-main/source/lab1/matrixmul/matrixmul/hls/.autopilot/db/matrixmul.tbgen.tcl 
INFO: [COSIM 212-12] Generating RTL test bench ...
Execute     source ../tv/cdatafile/ref.tcl 
Execute     source C:/Users/duong/Desktop/xup_high_level_synthesis_design_flow-main/source/lab1/matrixmul/matrixmul/hls/.autopilot/db/matrixmul.tbgen.tcl 
Execute     source C:/Users/duong/Desktop/xup_high_level_synthesis_design_flow-main/source/lab1/matrixmul/matrixmul/hls/.autopilot/db/matrixmul.tbgen.tcl 
Execute     source C:/Users/duong/Desktop/xup_high_level_synthesis_design_flow-main/source/lab1/matrixmul/matrixmul/hls/.autopilot/db/matrixmul.tbgen.tcl 
Execute     source C:/Users/duong/Desktop/xup_high_level_synthesis_design_flow-main/source/lab1/matrixmul/matrixmul/hls/.autopilot/db/matrixmul.tbgen.tcl 
Execute     source ../tv/cdatafile/ref.tcl 
Execute     source C:/Users/duong/Desktop/xup_high_level_synthesis_design_flow-main/source/lab1/matrixmul/matrixmul/hls/.autopilot/db/matrixmul.tbgen.tcl 
Execute     source C:/Users/duong/Desktop/xup_high_level_synthesis_design_flow-main/source/lab1/matrixmul/matrixmul/hls/.autopilot/db/matrixmul.tbgen.tcl 
Execute     source C:/Users/duong/Desktop/xup_high_level_synthesis_design_flow-main/source/lab1/matrixmul/matrixmul/hls/.autopilot/db/matrixmul.tbgen.tcl 
Execute     source C:/Users/duong/Desktop/xup_high_level_synthesis_design_flow-main/source/lab1/matrixmul/matrixmul/hls/.autopilot/db/matrixmul.tbgen.tcl 
Execute     source C:/Users/duong/Desktop/xup_high_level_synthesis_design_flow-main/source/lab1/matrixmul/matrixmul/hls/.autopilot/db/matrixmul.tbgen.tcl 
Execute     source C:/Users/duong/Desktop/xup_high_level_synthesis_design_flow-main/source/lab1/matrixmul/matrixmul/hls/.autopilot/db/matrixmul.tbgen.tcl 
Execute     source C:/Users/duong/Desktop/xup_high_level_synthesis_design_flow-main/source/lab1/matrixmul/matrixmul/hls/.autopilot/db/matrixmul.tbgen.tcl 
Execute     source C:/Users/duong/Desktop/xup_high_level_synthesis_design_flow-main/source/lab1/matrixmul/matrixmul/hls/.autopilot/db/matrixmul.tbgen.tcl 
Execute     source C:/Users/duong/Desktop/xup_high_level_synthesis_design_flow-main/source/lab1/matrixmul/matrixmul/hls/.autopilot/db/matrixmul.tbgen.tcl 
Execute     source C:/Users/duong/Desktop/xup_high_level_synthesis_design_flow-main/source/lab1/matrixmul/matrixmul/hls/.autopilot/db/matrixmul.DependenceCheck.tcl 
Execute     source C:/Users/duong/Desktop/xup_high_level_synthesis_design_flow-main/source/lab1/matrixmul/matrixmul/hls/.autopilot/db/matrixmul.tbgen.tcl 
Execute     source C:/Users/duong/Desktop/xup_high_level_synthesis_design_flow-main/source/lab1/matrixmul/matrixmul/hls/.autopilot/db/matrixmul.tbgen.tcl 
Execute     source C:/Users/duong/Desktop/xup_high_level_synthesis_design_flow-main/source/lab1/matrixmul/matrixmul/hls/.autopilot/db/matrixmul.tbgen.tcl 
Execute     source C:/Users/duong/Desktop/xup_high_level_synthesis_design_flow-main/source/lab1/matrixmul/matrixmul/hls/.autopilot/db/matrixmul.tbgen.tcl 
Execute     source C:/Users/duong/Desktop/xup_high_level_synthesis_design_flow-main/source/lab1/matrixmul/matrixmul/hls/.autopilot/db/matrixmul.tbgen.tcl 
Execute     source C:/Users/duong/Desktop/xup_high_level_synthesis_design_flow-main/source/lab1/matrixmul/matrixmul/hls/.autopilot/db/matrixmul.tbgen.tcl 
Execute     source ../tv/cdatafile/ref.tcl 
Execute     source C:/Users/duong/Desktop/xup_high_level_synthesis_design_flow-main/source/lab1/matrixmul/matrixmul/hls/.autopilot/db/matrixmul.tbgen.tcl 
Execute     source C:/Users/duong/Desktop/xup_high_level_synthesis_design_flow-main/source/lab1/matrixmul/matrixmul/hls/.autopilot/db/matrixmul.tbgen.tcl 
Execute     source C:/Users/duong/Desktop/xup_high_level_synthesis_design_flow-main/source/lab1/matrixmul/matrixmul/hls/.autopilot/db/matrixmul.tbgen.tcl 
Execute     source C:/Users/duong/Desktop/xup_high_level_synthesis_design_flow-main/source/lab1/matrixmul/matrixmul/hls/.autopilot/db/cosimDB.tcl 
INFO: [COSIM 212-1] *** C/RTL co-simulation file generation completed. ***
Execute     source .run_sim.tcl 
Execute       source check_sim.tcl 
Execute       source dataflow_monitor_API.tcl 
Execute       source .sim.status.tcl 
Execute       source -notrace -encoding utf-8 D:/movies/2025.2/Vitis/tps/tcl/tcl8.6/clock.tcl 
Execute         source -encoding utf-8 D:/movies/2025.2/Vitis/tps/tcl/tcl8/8.5/msgcat-1.6.1.tm 
Execute           source D:/movies/2025.2/Vitis/tps/tcl/tcllib2.0/0compatibility/pkgIndex.tcl 
Execute           source D:/movies/2025.2/Vitis/tps/tcl/tcllib2.0/amazon-s3/pkgIndex.tcl 
Execute           source D:/movies/2025.2/Vitis/tps/tcl/tcllib2.0/asn/pkgIndex.tcl 
Execute           source D:/movies/2025.2/Vitis/tps/tcl/tcllib2.0/base32/pkgIndex.tcl 
Execute           source D:/movies/2025.2/Vitis/tps/tcl/tcllib2.0/base64/pkgIndex.tcl 
Execute           source D:/movies/2025.2/Vitis/tps/tcl/tcllib2.0/bee/pkgIndex.tcl 
Execute           source D:/movies/2025.2/Vitis/tps/tcl/tcllib2.0/bench/pkgIndex.tcl 
Execute           source D:/movies/2025.2/Vitis/tps/tcl/tcllib2.0/bibtex/pkgIndex.tcl 
Execute           source D:/movies/2025.2/Vitis/tps/tcl/tcllib2.0/cache/pkgIndex.tcl 
Execute           source D:/movies/2025.2/Vitis/tps/tcl/tcllib2.0/clay/pkgIndex.tcl 
Execute           source D:/movies/2025.2/Vitis/tps/tcl/tcllib2.0/clock/pkgIndex.tcl 
Execute           source D:/movies/2025.2/Vitis/tps/tcl/tcllib2.0/cmdline/pkgIndex.tcl 
Execute           source D:/movies/2025.2/Vitis/tps/tcl/tcllib2.0/comm/pkgIndex.tcl 
Execute           source D:/movies/2025.2/Vitis/tps/tcl/tcllib2.0/control/pkgIndex.tcl 
Execute           source D:/movies/2025.2/Vitis/tps/tcl/tcllib2.0/coroutine/pkgIndex.tcl 
Execute           source D:/movies/2025.2/Vitis/tps/tcl/tcllib2.0/counter/pkgIndex.tcl 
Execute           source D:/movies/2025.2/Vitis/tps/tcl/tcllib2.0/crc/pkgIndex.tcl 
Execute           source D:/movies/2025.2/Vitis/tps/tcl/tcllib2.0/cron/pkgIndex.tcl 
Execute           source D:/movies/2025.2/Vitis/tps/tcl/tcllib2.0/csv/pkgIndex.tcl 
Execute           source D:/movies/2025.2/Vitis/tps/tcl/tcllib2.0/debug/pkgIndex.tcl 
Execute           source D:/movies/2025.2/Vitis/tps/tcl/tcllib2.0/defer/pkgIndex.tcl 
Execute           source D:/movies/2025.2/Vitis/tps/tcl/tcllib2.0/dicttool/pkgIndex.tcl 
Execute           source D:/movies/2025.2/Vitis/tps/tcl/tcllib2.0/dns/pkgIndex.tcl 
Execute           source D:/movies/2025.2/Vitis/tps/tcl/tcllib2.0/docstrip/pkgIndex.tcl 
Execute           source D:/movies/2025.2/Vitis/tps/tcl/tcllib2.0/doctools/pkgIndex.tcl 
Execute           source D:/movies/2025.2/Vitis/tps/tcl/tcllib2.0/doctools2base/pkgIndex.tcl 
Execute           source D:/movies/2025.2/Vitis/tps/tcl/tcllib2.0/doctools2idx/pkgIndex.tcl 
Execute           source D:/movies/2025.2/Vitis/tps/tcl/tcllib2.0/doctools2toc/pkgIndex.tcl 
Execute           source D:/movies/2025.2/Vitis/tps/tcl/tcllib2.0/dtplite/pkgIndex.tcl 
Execute           source D:/movies/2025.2/Vitis/tps/tcl/tcllib2.0/fileutil/pkgIndex.tcl 
Execute           source D:/movies/2025.2/Vitis/tps/tcl/tcllib2.0/ftp/pkgIndex.tcl 
Execute           source D:/movies/2025.2/Vitis/tps/tcl/tcllib2.0/ftpd/pkgIndex.tcl 
Execute           source D:/movies/2025.2/Vitis/tps/tcl/tcllib2.0/fumagic/pkgIndex.tcl 
Execute           source D:/movies/2025.2/Vitis/tps/tcl/tcllib2.0/generator/pkgIndex.tcl 
Execute           source D:/movies/2025.2/Vitis/tps/tcl/tcllib2.0/gpx/pkgIndex.tcl 
Execute           source D:/movies/2025.2/Vitis/tps/tcl/tcllib2.0/grammar_aycock/pkgIndex.tcl 
Execute           source D:/movies/2025.2/Vitis/tps/tcl/tcllib2.0/grammar_fa/pkgIndex.tcl 
Execute           source D:/movies/2025.2/Vitis/tps/tcl/tcllib2.0/grammar_me/pkgIndex.tcl 
Execute           source D:/movies/2025.2/Vitis/tps/tcl/tcllib2.0/grammar_peg/pkgIndex.tcl 
Execute           source D:/movies/2025.2/Vitis/tps/tcl/tcllib2.0/hook/pkgIndex.tcl 
Execute           source D:/movies/2025.2/Vitis/tps/tcl/tcllib2.0/html/pkgIndex.tcl 
Execute           source D:/movies/2025.2/Vitis/tps/tcl/tcllib2.0/htmlparse/pkgIndex.tcl 
Execute           source D:/movies/2025.2/Vitis/tps/tcl/tcllib2.0/http/pkgIndex.tcl 
Execute           source D:/movies/2025.2/Vitis/tps/tcl/tcllib2.0/httpd/pkgIndex.tcl 
Execute           source D:/movies/2025.2/Vitis/tps/tcl/tcllib2.0/httpwget/pkgIndex.tcl 
Execute           source D:/movies/2025.2/Vitis/tps/tcl/tcllib2.0/ident/pkgIndex.tcl 
Execute           source D:/movies/2025.2/Vitis/tps/tcl/tcllib2.0/imap4/pkgIndex.tcl 
Execute           source D:/movies/2025.2/Vitis/tps/tcl/tcllib2.0/inifile/pkgIndex.tcl 
Execute           source D:/movies/2025.2/Vitis/tps/tcl/tcllib2.0/interp/pkgIndex.tcl 
Execute           source D:/movies/2025.2/Vitis/tps/tcl/tcllib2.0/irc/pkgIndex.tcl 
Execute           source D:/movies/2025.2/Vitis/tps/tcl/tcllib2.0/javascript/pkgIndex.tcl 
Execute           source D:/movies/2025.2/Vitis/tps/tcl/tcllib2.0/jpeg/pkgIndex.tcl 
Execute           source D:/movies/2025.2/Vitis/tps/tcl/tcllib2.0/json/pkgIndex.tcl 
Execute           source D:/movies/2025.2/Vitis/tps/tcl/tcllib2.0/lambda/pkgIndex.tcl 
Execute           source D:/movies/2025.2/Vitis/tps/tcl/tcllib2.0/lazyset/pkgIndex.tcl 
Execute           source D:/movies/2025.2/Vitis/tps/tcl/tcllib2.0/ldap/pkgIndex.tcl 
Execute           source D:/movies/2025.2/Vitis/tps/tcl/tcllib2.0/log/pkgIndex.tcl 
Execute           source D:/movies/2025.2/Vitis/tps/tcl/tcllib2.0/map/pkgIndex.tcl 
Execute           source D:/movies/2025.2/Vitis/tps/tcl/tcllib2.0/mapproj/pkgIndex.tcl 
Execute           source D:/movies/2025.2/Vitis/tps/tcl/tcllib2.0/markdown/pkgIndex.tcl 
Execute           source D:/movies/2025.2/Vitis/tps/tcl/tcllib2.0/math/pkgIndex.tcl 
Execute           source D:/movies/2025.2/Vitis/tps/tcl/tcllib2.0/md4/pkgIndex.tcl 
Execute           source D:/movies/2025.2/Vitis/tps/tcl/tcllib2.0/md5/pkgIndex.tcl 
Execute           source D:/movies/2025.2/Vitis/tps/tcl/tcllib2.0/md5crypt/pkgIndex.tcl 
Execute           source D:/movies/2025.2/Vitis/tps/tcl/tcllib2.0/mime/pkgIndex.tcl 
Execute           source D:/movies/2025.2/Vitis/tps/tcl/tcllib2.0/mkdoc/pkgIndex.tcl 
Execute           source D:/movies/2025.2/Vitis/tps/tcl/tcllib2.0/multiplexer/pkgIndex.tcl 
Execute           source D:/movies/2025.2/Vitis/tps/tcl/tcllib2.0/namespacex/pkgIndex.tcl 
Execute           source D:/movies/2025.2/Vitis/tps/tcl/tcllib2.0/ncgi/pkgIndex.tcl 
Execute           source D:/movies/2025.2/Vitis/tps/tcl/tcllib2.0/nettool/pkgIndex.tcl 
Execute           source D:/movies/2025.2/Vitis/tps/tcl/tcllib2.0/nmea/pkgIndex.tcl 
Execute           source D:/movies/2025.2/Vitis/tps/tcl/tcllib2.0/nns/pkgIndex.tcl 
Execute           source D:/movies/2025.2/Vitis/tps/tcl/tcllib2.0/nntp/pkgIndex.tcl 
Execute           source D:/movies/2025.2/Vitis/tps/tcl/tcllib2.0/ntp/pkgIndex.tcl 
Execute           source D:/movies/2025.2/Vitis/tps/tcl/tcllib2.0/oauth/pkgIndex.tcl 
Execute           source D:/movies/2025.2/Vitis/tps/tcl/tcllib2.0/oodialect/pkgIndex.tcl 
Execute           source D:/movies/2025.2/Vitis/tps/tcl/tcllib2.0/oometa/pkgIndex.tcl 
Execute           source D:/movies/2025.2/Vitis/tps/tcl/tcllib2.0/ooutil/pkgIndex.tcl 
Execute           source D:/movies/2025.2/Vitis/tps/tcl/tcllib2.0/otp/pkgIndex.tcl 
Execute           source D:/movies/2025.2/Vitis/tps/tcl/tcllib2.0/page/pkgIndex.tcl 
Execute           source D:/movies/2025.2/Vitis/tps/tcl/tcllib2.0/pluginmgr/pkgIndex.tcl 
Execute           source D:/movies/2025.2/Vitis/tps/tcl/tcllib2.0/png/pkgIndex.tcl 
Execute           source D:/movies/2025.2/Vitis/tps/tcl/tcllib2.0/pop3/pkgIndex.tcl 
Execute           source D:/movies/2025.2/Vitis/tps/tcl/tcllib2.0/pop3d/pkgIndex.tcl 
Execute           source D:/movies/2025.2/Vitis/tps/tcl/tcllib2.0/practcl/pkgIndex.tcl 
Execute           source D:/movies/2025.2/Vitis/tps/tcl/tcllib2.0/processman/pkgIndex.tcl 
Execute           source D:/movies/2025.2/Vitis/tps/tcl/tcllib2.0/profiler/pkgIndex.tcl 
Execute           source D:/movies/2025.2/Vitis/tps/tcl/tcllib2.0/pt/pkgIndex.tcl 
Execute           source D:/movies/2025.2/Vitis/tps/tcl/tcllib2.0/rcs/pkgIndex.tcl 
Execute           source D:/movies/2025.2/Vitis/tps/tcl/tcllib2.0/report/pkgIndex.tcl 
Execute           source D:/movies/2025.2/Vitis/tps/tcl/tcllib2.0/rest/pkgIndex.tcl 
Execute           source D:/movies/2025.2/Vitis/tps/tcl/tcllib2.0/ripemd/pkgIndex.tcl 
Execute           source D:/movies/2025.2/Vitis/tps/tcl/tcllib2.0/sasl/pkgIndex.tcl 
Execute           source D:/movies/2025.2/Vitis/tps/tcl/tcllib2.0/sha1/pkgIndex.tcl 
Execute           source D:/movies/2025.2/Vitis/tps/tcl/tcllib2.0/simulation/pkgIndex.tcl 
Execute           source D:/movies/2025.2/Vitis/tps/tcl/tcllib2.0/smtpd/pkgIndex.tcl 
Execute           source D:/movies/2025.2/Vitis/tps/tcl/tcllib2.0/snit/pkgIndex.tcl 
Execute           source D:/movies/2025.2/Vitis/tps/tcl/tcllib2.0/soundex/pkgIndex.tcl 
Execute           source D:/movies/2025.2/Vitis/tps/tcl/tcllib2.0/stooop/pkgIndex.tcl 
Execute           source D:/movies/2025.2/Vitis/tps/tcl/tcllib2.0/string/pkgIndex.tcl 
Execute           source D:/movies/2025.2/Vitis/tps/tcl/tcllib2.0/stringprep/pkgIndex.tcl 
Execute           source D:/movies/2025.2/Vitis/tps/tcl/tcllib2.0/struct/pkgIndex.tcl 
Execute           source D:/movies/2025.2/Vitis/tps/tcl/tcllib2.0/tar/pkgIndex.tcl 
Execute           source D:/movies/2025.2/Vitis/tps/tcl/tcllib2.0/tepam/pkgIndex.tcl 
Execute           source D:/movies/2025.2/Vitis/tps/tcl/tcllib2.0/term/pkgIndex.tcl 
Execute           source D:/movies/2025.2/Vitis/tps/tcl/tcllib2.0/textutil/pkgIndex.tcl 
Execute           source D:/movies/2025.2/Vitis/tps/tcl/tcllib2.0/tie/pkgIndex.tcl 
Execute           source D:/movies/2025.2/Vitis/tps/tcl/tcllib2.0/tiff/pkgIndex.tcl 
Execute           source D:/movies/2025.2/Vitis/tps/tcl/tcllib2.0/tool/pkgIndex.tcl 
Execute           source D:/movies/2025.2/Vitis/tps/tcl/tcllib2.0/transfer/pkgIndex.tcl 
Execute           source D:/movies/2025.2/Vitis/tps/tcl/tcllib2.0/treeql/pkgIndex.tcl 
Execute           source D:/movies/2025.2/Vitis/tps/tcl/tcllib2.0/try/pkgIndex.tcl 
Execute           source D:/movies/2025.2/Vitis/tps/tcl/tcllib2.0/udpcluster/pkgIndex.tcl 
Execute           source D:/movies/2025.2/Vitis/tps/tcl/tcllib2.0/uev/pkgIndex.tcl 
Execute           source D:/movies/2025.2/Vitis/tps/tcl/tcllib2.0/units/pkgIndex.tcl 
Execute           source D:/movies/2025.2/Vitis/tps/tcl/tcllib2.0/uri/pkgIndex.tcl 
Execute           source D:/movies/2025.2/Vitis/tps/tcl/tcllib2.0/uuid/pkgIndex.tcl 
Execute           source D:/movies/2025.2/Vitis/tps/tcl/tcllib2.0/valtype/pkgIndex.tcl 
Execute           source D:/movies/2025.2/Vitis/tps/tcl/tcllib2.0/virtchannel_base/pkgIndex.tcl 
Execute           source D:/movies/2025.2/Vitis/tps/tcl/tcllib2.0/virtchannel_core/pkgIndex.tcl 
Execute           source D:/movies/2025.2/Vitis/tps/tcl/tcllib2.0/virtchannel_transform/pkgIndex.tcl 
Execute           source D:/movies/2025.2/Vitis/tps/tcl/tcllib2.0/websocket/pkgIndex.tcl 
Execute           source D:/movies/2025.2/Vitis/tps/tcl/tcllib2.0/wip/pkgIndex.tcl 
Execute           source D:/movies/2025.2/Vitis/tps/tcl/tcllib2.0/yaml/pkgIndex.tcl 
Execute           source D:/movies/2025.2/Vitis/tps/tcl/tcllib2.0/zip/pkgIndex.tcl 
Execute           source D:/movies/2025.2/Vitis/tps/tcl/tcllib2.0/pkgIndex.tcl 
Execute             source D:/movies/2025.2/Vitis/tps/tcl/tcllib2.0/0compatibility/pkgIndex.tcl 
Execute             source D:/movies/2025.2/Vitis/tps/tcl/tcllib2.0/amazon-s3/pkgIndex.tcl 
Execute             source D:/movies/2025.2/Vitis/tps/tcl/tcllib2.0/asn/pkgIndex.tcl 
Execute             source D:/movies/2025.2/Vitis/tps/tcl/tcllib2.0/base32/pkgIndex.tcl 
Execute             source D:/movies/2025.2/Vitis/tps/tcl/tcllib2.0/base64/pkgIndex.tcl 
Execute             source D:/movies/2025.2/Vitis/tps/tcl/tcllib2.0/bee/pkgIndex.tcl 
Execute             source D:/movies/2025.2/Vitis/tps/tcl/tcllib2.0/bench/pkgIndex.tcl 
Execute             source D:/movies/2025.2/Vitis/tps/tcl/tcllib2.0/bibtex/pkgIndex.tcl 
Execute             source D:/movies/2025.2/Vitis/tps/tcl/tcllib2.0/cache/pkgIndex.tcl 
Execute             source D:/movies/2025.2/Vitis/tps/tcl/tcllib2.0/clay/pkgIndex.tcl 
Execute             source D:/movies/2025.2/Vitis/tps/tcl/tcllib2.0/clock/pkgIndex.tcl 
Execute             source D:/movies/2025.2/Vitis/tps/tcl/tcllib2.0/cmdline/pkgIndex.tcl 
Execute             source D:/movies/2025.2/Vitis/tps/tcl/tcllib2.0/comm/pkgIndex.tcl 
Execute             source D:/movies/2025.2/Vitis/tps/tcl/tcllib2.0/control/pkgIndex.tcl 
Execute             source D:/movies/2025.2/Vitis/tps/tcl/tcllib2.0/coroutine/pkgIndex.tcl 
Execute             source D:/movies/2025.2/Vitis/tps/tcl/tcllib2.0/counter/pkgIndex.tcl 
Execute             source D:/movies/2025.2/Vitis/tps/tcl/tcllib2.0/crc/pkgIndex.tcl 
Execute             source D:/movies/2025.2/Vitis/tps/tcl/tcllib2.0/cron/pkgIndex.tcl 
Execute             source D:/movies/2025.2/Vitis/tps/tcl/tcllib2.0/csv/pkgIndex.tcl 
Execute             source D:/movies/2025.2/Vitis/tps/tcl/tcllib2.0/debug/pkgIndex.tcl 
Execute             source D:/movies/2025.2/Vitis/tps/tcl/tcllib2.0/defer/pkgIndex.tcl 
Execute             source D:/movies/2025.2/Vitis/tps/tcl/tcllib2.0/dicttool/pkgIndex.tcl 
Execute             source D:/movies/2025.2/Vitis/tps/tcl/tcllib2.0/dns/pkgIndex.tcl 
Execute             source D:/movies/2025.2/Vitis/tps/tcl/tcllib2.0/docstrip/pkgIndex.tcl 
Execute             source D:/movies/2025.2/Vitis/tps/tcl/tcllib2.0/doctools/pkgIndex.tcl 
Execute             source D:/movies/2025.2/Vitis/tps/tcl/tcllib2.0/doctools2base/pkgIndex.tcl 
Execute             source D:/movies/2025.2/Vitis/tps/tcl/tcllib2.0/doctools2idx/pkgIndex.tcl 
Execute             source D:/movies/2025.2/Vitis/tps/tcl/tcllib2.0/doctools2toc/pkgIndex.tcl 
Execute             source D:/movies/2025.2/Vitis/tps/tcl/tcllib2.0/dtplite/pkgIndex.tcl 
Execute             source D:/movies/2025.2/Vitis/tps/tcl/tcllib2.0/fileutil/pkgIndex.tcl 
Execute             source D:/movies/2025.2/Vitis/tps/tcl/tcllib2.0/ftp/pkgIndex.tcl 
Execute             source D:/movies/2025.2/Vitis/tps/tcl/tcllib2.0/ftpd/pkgIndex.tcl 
Execute             source D:/movies/2025.2/Vitis/tps/tcl/tcllib2.0/fumagic/pkgIndex.tcl 
Execute             source D:/movies/2025.2/Vitis/tps/tcl/tcllib2.0/generator/pkgIndex.tcl 
Execute             source D:/movies/2025.2/Vitis/tps/tcl/tcllib2.0/gpx/pkgIndex.tcl 
Execute             source D:/movies/2025.2/Vitis/tps/tcl/tcllib2.0/grammar_aycock/pkgIndex.tcl 
Execute             source D:/movies/2025.2/Vitis/tps/tcl/tcllib2.0/grammar_fa/pkgIndex.tcl 
Execute             source D:/movies/2025.2/Vitis/tps/tcl/tcllib2.0/grammar_me/pkgIndex.tcl 
Execute             source D:/movies/2025.2/Vitis/tps/tcl/tcllib2.0/grammar_peg/pkgIndex.tcl 
Execute             source D:/movies/2025.2/Vitis/tps/tcl/tcllib2.0/hook/pkgIndex.tcl 
Execute             source D:/movies/2025.2/Vitis/tps/tcl/tcllib2.0/html/pkgIndex.tcl 
Execute             source D:/movies/2025.2/Vitis/tps/tcl/tcllib2.0/htmlparse/pkgIndex.tcl 
Execute             source D:/movies/2025.2/Vitis/tps/tcl/tcllib2.0/http/pkgIndex.tcl 
Execute             source D:/movies/2025.2/Vitis/tps/tcl/tcllib2.0/httpd/pkgIndex.tcl 
Execute             source D:/movies/2025.2/Vitis/tps/tcl/tcllib2.0/httpwget/pkgIndex.tcl 
Execute             source D:/movies/2025.2/Vitis/tps/tcl/tcllib2.0/ident/pkgIndex.tcl 
Execute             source D:/movies/2025.2/Vitis/tps/tcl/tcllib2.0/imap4/pkgIndex.tcl 
Execute             source D:/movies/2025.2/Vitis/tps/tcl/tcllib2.0/inifile/pkgIndex.tcl 
Execute             source D:/movies/2025.2/Vitis/tps/tcl/tcllib2.0/interp/pkgIndex.tcl 
Execute             source D:/movies/2025.2/Vitis/tps/tcl/tcllib2.0/irc/pkgIndex.tcl 
Execute             source D:/movies/2025.2/Vitis/tps/tcl/tcllib2.0/javascript/pkgIndex.tcl 
Execute             source D:/movies/2025.2/Vitis/tps/tcl/tcllib2.0/jpeg/pkgIndex.tcl 
Execute             source D:/movies/2025.2/Vitis/tps/tcl/tcllib2.0/json/pkgIndex.tcl 
Execute             source D:/movies/2025.2/Vitis/tps/tcl/tcllib2.0/lambda/pkgIndex.tcl 
Execute             source D:/movies/2025.2/Vitis/tps/tcl/tcllib2.0/lazyset/pkgIndex.tcl 
Execute             source D:/movies/2025.2/Vitis/tps/tcl/tcllib2.0/ldap/pkgIndex.tcl 
Execute             source D:/movies/2025.2/Vitis/tps/tcl/tcllib2.0/log/pkgIndex.tcl 
Execute             source D:/movies/2025.2/Vitis/tps/tcl/tcllib2.0/map/pkgIndex.tcl 
Execute             source D:/movies/2025.2/Vitis/tps/tcl/tcllib2.0/mapproj/pkgIndex.tcl 
Execute             source D:/movies/2025.2/Vitis/tps/tcl/tcllib2.0/markdown/pkgIndex.tcl 
Execute             source D:/movies/2025.2/Vitis/tps/tcl/tcllib2.0/math/pkgIndex.tcl 
Execute             source D:/movies/2025.2/Vitis/tps/tcl/tcllib2.0/md4/pkgIndex.tcl 
Execute             source D:/movies/2025.2/Vitis/tps/tcl/tcllib2.0/md5/pkgIndex.tcl 
Execute             source D:/movies/2025.2/Vitis/tps/tcl/tcllib2.0/md5crypt/pkgIndex.tcl 
Execute             source D:/movies/2025.2/Vitis/tps/tcl/tcllib2.0/mime/pkgIndex.tcl 
Execute             source D:/movies/2025.2/Vitis/tps/tcl/tcllib2.0/mkdoc/pkgIndex.tcl 
Execute             source D:/movies/2025.2/Vitis/tps/tcl/tcllib2.0/multiplexer/pkgIndex.tcl 
Execute             source D:/movies/2025.2/Vitis/tps/tcl/tcllib2.0/namespacex/pkgIndex.tcl 
Execute             source D:/movies/2025.2/Vitis/tps/tcl/tcllib2.0/ncgi/pkgIndex.tcl 
Execute             source D:/movies/2025.2/Vitis/tps/tcl/tcllib2.0/nettool/pkgIndex.tcl 
Execute             source D:/movies/2025.2/Vitis/tps/tcl/tcllib2.0/nmea/pkgIndex.tcl 
Execute             source D:/movies/2025.2/Vitis/tps/tcl/tcllib2.0/nns/pkgIndex.tcl 
Execute             source D:/movies/2025.2/Vitis/tps/tcl/tcllib2.0/nntp/pkgIndex.tcl 
Execute             source D:/movies/2025.2/Vitis/tps/tcl/tcllib2.0/ntp/pkgIndex.tcl 
Execute             source D:/movies/2025.2/Vitis/tps/tcl/tcllib2.0/oauth/pkgIndex.tcl 
Execute             source D:/movies/2025.2/Vitis/tps/tcl/tcllib2.0/oodialect/pkgIndex.tcl 
Execute             source D:/movies/2025.2/Vitis/tps/tcl/tcllib2.0/oometa/pkgIndex.tcl 
Execute             source D:/movies/2025.2/Vitis/tps/tcl/tcllib2.0/ooutil/pkgIndex.tcl 
Execute             source D:/movies/2025.2/Vitis/tps/tcl/tcllib2.0/otp/pkgIndex.tcl 
Execute             source D:/movies/2025.2/Vitis/tps/tcl/tcllib2.0/page/pkgIndex.tcl 
Execute             source D:/movies/2025.2/Vitis/tps/tcl/tcllib2.0/pluginmgr/pkgIndex.tcl 
Execute             source D:/movies/2025.2/Vitis/tps/tcl/tcllib2.0/png/pkgIndex.tcl 
Execute             source D:/movies/2025.2/Vitis/tps/tcl/tcllib2.0/pop3/pkgIndex.tcl 
Execute             source D:/movies/2025.2/Vitis/tps/tcl/tcllib2.0/pop3d/pkgIndex.tcl 
Execute             source D:/movies/2025.2/Vitis/tps/tcl/tcllib2.0/practcl/pkgIndex.tcl 
Execute             source D:/movies/2025.2/Vitis/tps/tcl/tcllib2.0/processman/pkgIndex.tcl 
Execute             source D:/movies/2025.2/Vitis/tps/tcl/tcllib2.0/profiler/pkgIndex.tcl 
Execute             source D:/movies/2025.2/Vitis/tps/tcl/tcllib2.0/pt/pkgIndex.tcl 
Execute             source D:/movies/2025.2/Vitis/tps/tcl/tcllib2.0/rcs/pkgIndex.tcl 
Execute             source D:/movies/2025.2/Vitis/tps/tcl/tcllib2.0/report/pkgIndex.tcl 
Execute             source D:/movies/2025.2/Vitis/tps/tcl/tcllib2.0/rest/pkgIndex.tcl 
Execute             source D:/movies/2025.2/Vitis/tps/tcl/tcllib2.0/ripemd/pkgIndex.tcl 
Execute             source D:/movies/2025.2/Vitis/tps/tcl/tcllib2.0/sasl/pkgIndex.tcl 
Execute             source D:/movies/2025.2/Vitis/tps/tcl/tcllib2.0/sha1/pkgIndex.tcl 
Execute             source D:/movies/2025.2/Vitis/tps/tcl/tcllib2.0/simulation/pkgIndex.tcl 
Execute             source D:/movies/2025.2/Vitis/tps/tcl/tcllib2.0/smtpd/pkgIndex.tcl 
Execute             source D:/movies/2025.2/Vitis/tps/tcl/tcllib2.0/snit/pkgIndex.tcl 
Execute             source D:/movies/2025.2/Vitis/tps/tcl/tcllib2.0/soundex/pkgIndex.tcl 
Execute             source D:/movies/2025.2/Vitis/tps/tcl/tcllib2.0/stooop/pkgIndex.tcl 
Execute             source D:/movies/2025.2/Vitis/tps/tcl/tcllib2.0/string/pkgIndex.tcl 
Execute             source D:/movies/2025.2/Vitis/tps/tcl/tcllib2.0/stringprep/pkgIndex.tcl 
Execute             source D:/movies/2025.2/Vitis/tps/tcl/tcllib2.0/struct/pkgIndex.tcl 
Execute             source D:/movies/2025.2/Vitis/tps/tcl/tcllib2.0/tar/pkgIndex.tcl 
Execute             source D:/movies/2025.2/Vitis/tps/tcl/tcllib2.0/tepam/pkgIndex.tcl 
Execute             source D:/movies/2025.2/Vitis/tps/tcl/tcllib2.0/term/pkgIndex.tcl 
Execute             source D:/movies/2025.2/Vitis/tps/tcl/tcllib2.0/textutil/pkgIndex.tcl 
Execute             source D:/movies/2025.2/Vitis/tps/tcl/tcllib2.0/tie/pkgIndex.tcl 
Execute             source D:/movies/2025.2/Vitis/tps/tcl/tcllib2.0/tiff/pkgIndex.tcl 
Execute             source D:/movies/2025.2/Vitis/tps/tcl/tcllib2.0/tool/pkgIndex.tcl 
Execute             source D:/movies/2025.2/Vitis/tps/tcl/tcllib2.0/transfer/pkgIndex.tcl 
Execute             source D:/movies/2025.2/Vitis/tps/tcl/tcllib2.0/treeql/pkgIndex.tcl 
Execute             source D:/movies/2025.2/Vitis/tps/tcl/tcllib2.0/try/pkgIndex.tcl 
Execute             source D:/movies/2025.2/Vitis/tps/tcl/tcllib2.0/udpcluster/pkgIndex.tcl 
Execute             source D:/movies/2025.2/Vitis/tps/tcl/tcllib2.0/uev/pkgIndex.tcl 
Execute             source D:/movies/2025.2/Vitis/tps/tcl/tcllib2.0/units/pkgIndex.tcl 
Execute             source D:/movies/2025.2/Vitis/tps/tcl/tcllib2.0/uri/pkgIndex.tcl 
Execute             source D:/movies/2025.2/Vitis/tps/tcl/tcllib2.0/uuid/pkgIndex.tcl 
Execute             source D:/movies/2025.2/Vitis/tps/tcl/tcllib2.0/valtype/pkgIndex.tcl 
Execute             source D:/movies/2025.2/Vitis/tps/tcl/tcllib2.0/virtchannel_base/pkgIndex.tcl 
Execute             source D:/movies/2025.2/Vitis/tps/tcl/tcllib2.0/virtchannel_core/pkgIndex.tcl 
Execute             source D:/movies/2025.2/Vitis/tps/tcl/tcllib2.0/virtchannel_transform/pkgIndex.tcl 
Execute             source D:/movies/2025.2/Vitis/tps/tcl/tcllib2.0/websocket/pkgIndex.tcl 
Execute             source D:/movies/2025.2/Vitis/tps/tcl/tcllib2.0/wip/pkgIndex.tcl 
Execute             source D:/movies/2025.2/Vitis/tps/tcl/tcllib2.0/yaml/pkgIndex.tcl 
Execute             source D:/movies/2025.2/Vitis/tps/tcl/tcllib2.0/zip/pkgIndex.tcl 
Command           ap_source done; 0.144 sec.
Execute           source D:/movies/2025.2/Vitis/tps/tcl/tdom/pkgIndex.tcl 
Execute           source D:/movies/2025.2/Vitis/tps/tcl/tcl8.6/opt0.4/pkgIndex.tcl 
Execute           source D:/movies/2025.2/Vitis/tps/tcl/tcl8.6/pkgs/win/thread2.8.7/pkgIndex.tcl 
Command         ap_source done; 0.316 sec.
Execute         source D:/movies/2025.2/Vitis/tps/tcl/tcllib2.0/0compatibility/pkgIndex.tcl 
Execute         source D:/movies/2025.2/Vitis/tps/tcl/tcllib2.0/amazon-s3/pkgIndex.tcl 
Execute         source D:/movies/2025.2/Vitis/tps/tcl/tcllib2.0/asn/pkgIndex.tcl 
Execute         source D:/movies/2025.2/Vitis/tps/tcl/tcllib2.0/base32/pkgIndex.tcl 
Execute         source D:/movies/2025.2/Vitis/tps/tcl/tcllib2.0/base64/pkgIndex.tcl 
Execute         source D:/movies/2025.2/Vitis/tps/tcl/tcllib2.0/bee/pkgIndex.tcl 
Execute         source D:/movies/2025.2/Vitis/tps/tcl/tcllib2.0/bench/pkgIndex.tcl 
Execute         source D:/movies/2025.2/Vitis/tps/tcl/tcllib2.0/bibtex/pkgIndex.tcl 
Execute         source D:/movies/2025.2/Vitis/tps/tcl/tcllib2.0/cache/pkgIndex.tcl 
Execute         source D:/movies/2025.2/Vitis/tps/tcl/tcllib2.0/clay/pkgIndex.tcl 
Execute         source D:/movies/2025.2/Vitis/tps/tcl/tcllib2.0/clock/pkgIndex.tcl 
Execute         source D:/movies/2025.2/Vitis/tps/tcl/tcllib2.0/cmdline/pkgIndex.tcl 
Execute         source D:/movies/2025.2/Vitis/tps/tcl/tcllib2.0/comm/pkgIndex.tcl 
Execute         source D:/movies/2025.2/Vitis/tps/tcl/tcllib2.0/control/pkgIndex.tcl 
Execute         source D:/movies/2025.2/Vitis/tps/tcl/tcllib2.0/coroutine/pkgIndex.tcl 
Execute         source D:/movies/2025.2/Vitis/tps/tcl/tcllib2.0/counter/pkgIndex.tcl 
Execute         source D:/movies/2025.2/Vitis/tps/tcl/tcllib2.0/crc/pkgIndex.tcl 
Execute         source D:/movies/2025.2/Vitis/tps/tcl/tcllib2.0/cron/pkgIndex.tcl 
Execute         source D:/movies/2025.2/Vitis/tps/tcl/tcllib2.0/csv/pkgIndex.tcl 
Execute         source D:/movies/2025.2/Vitis/tps/tcl/tcllib2.0/debug/pkgIndex.tcl 
Execute         source D:/movies/2025.2/Vitis/tps/tcl/tcllib2.0/defer/pkgIndex.tcl 
Execute         source D:/movies/2025.2/Vitis/tps/tcl/tcllib2.0/dicttool/pkgIndex.tcl 
Execute         source D:/movies/2025.2/Vitis/tps/tcl/tcllib2.0/dns/pkgIndex.tcl 
Execute         source D:/movies/2025.2/Vitis/tps/tcl/tcllib2.0/docstrip/pkgIndex.tcl 
Execute         source D:/movies/2025.2/Vitis/tps/tcl/tcllib2.0/doctools/pkgIndex.tcl 
Execute         source D:/movies/2025.2/Vitis/tps/tcl/tcllib2.0/doctools2base/pkgIndex.tcl 
Execute         source D:/movies/2025.2/Vitis/tps/tcl/tcllib2.0/doctools2idx/pkgIndex.tcl 
Execute         source D:/movies/2025.2/Vitis/tps/tcl/tcllib2.0/doctools2toc/pkgIndex.tcl 
Execute         source D:/movies/2025.2/Vitis/tps/tcl/tcllib2.0/dtplite/pkgIndex.tcl 
Execute         source D:/movies/2025.2/Vitis/tps/tcl/tcllib2.0/fileutil/pkgIndex.tcl 
Execute         source D:/movies/2025.2/Vitis/tps/tcl/tcllib2.0/ftp/pkgIndex.tcl 
Execute         source D:/movies/2025.2/Vitis/tps/tcl/tcllib2.0/ftpd/pkgIndex.tcl 
Execute         source D:/movies/2025.2/Vitis/tps/tcl/tcllib2.0/fumagic/pkgIndex.tcl 
Execute         source D:/movies/2025.2/Vitis/tps/tcl/tcllib2.0/generator/pkgIndex.tcl 
Execute         source D:/movies/2025.2/Vitis/tps/tcl/tcllib2.0/gpx/pkgIndex.tcl 
Execute         source D:/movies/2025.2/Vitis/tps/tcl/tcllib2.0/grammar_aycock/pkgIndex.tcl 
Execute         source D:/movies/2025.2/Vitis/tps/tcl/tcllib2.0/grammar_fa/pkgIndex.tcl 
Execute         source D:/movies/2025.2/Vitis/tps/tcl/tcllib2.0/grammar_me/pkgIndex.tcl 
Execute         source D:/movies/2025.2/Vitis/tps/tcl/tcllib2.0/grammar_peg/pkgIndex.tcl 
Execute         source D:/movies/2025.2/Vitis/tps/tcl/tcllib2.0/hook/pkgIndex.tcl 
Execute         source D:/movies/2025.2/Vitis/tps/tcl/tcllib2.0/html/pkgIndex.tcl 
Execute         source D:/movies/2025.2/Vitis/tps/tcl/tcllib2.0/htmlparse/pkgIndex.tcl 
Execute         source D:/movies/2025.2/Vitis/tps/tcl/tcllib2.0/http/pkgIndex.tcl 
Execute         source D:/movies/2025.2/Vitis/tps/tcl/tcllib2.0/httpd/pkgIndex.tcl 
Execute         source D:/movies/2025.2/Vitis/tps/tcl/tcllib2.0/httpwget/pkgIndex.tcl 
Execute         source D:/movies/2025.2/Vitis/tps/tcl/tcllib2.0/ident/pkgIndex.tcl 
Execute         source D:/movies/2025.2/Vitis/tps/tcl/tcllib2.0/imap4/pkgIndex.tcl 
Execute         source D:/movies/2025.2/Vitis/tps/tcl/tcllib2.0/inifile/pkgIndex.tcl 
Execute         source D:/movies/2025.2/Vitis/tps/tcl/tcllib2.0/interp/pkgIndex.tcl 
Execute         source D:/movies/2025.2/Vitis/tps/tcl/tcllib2.0/irc/pkgIndex.tcl 
Execute         source D:/movies/2025.2/Vitis/tps/tcl/tcllib2.0/javascript/pkgIndex.tcl 
Execute         source D:/movies/2025.2/Vitis/tps/tcl/tcllib2.0/jpeg/pkgIndex.tcl 
Execute         source D:/movies/2025.2/Vitis/tps/tcl/tcllib2.0/json/pkgIndex.tcl 
Execute         source D:/movies/2025.2/Vitis/tps/tcl/tcllib2.0/lambda/pkgIndex.tcl 
Execute         source D:/movies/2025.2/Vitis/tps/tcl/tcllib2.0/lazyset/pkgIndex.tcl 
Execute         source D:/movies/2025.2/Vitis/tps/tcl/tcllib2.0/ldap/pkgIndex.tcl 
Execute         source D:/movies/2025.2/Vitis/tps/tcl/tcllib2.0/log/pkgIndex.tcl 
Execute         source D:/movies/2025.2/Vitis/tps/tcl/tcllib2.0/map/pkgIndex.tcl 
Execute         source D:/movies/2025.2/Vitis/tps/tcl/tcllib2.0/mapproj/pkgIndex.tcl 
Execute         source D:/movies/2025.2/Vitis/tps/tcl/tcllib2.0/markdown/pkgIndex.tcl 
Execute         source D:/movies/2025.2/Vitis/tps/tcl/tcllib2.0/math/pkgIndex.tcl 
Execute         source D:/movies/2025.2/Vitis/tps/tcl/tcllib2.0/md4/pkgIndex.tcl 
Execute         source D:/movies/2025.2/Vitis/tps/tcl/tcllib2.0/md5/pkgIndex.tcl 
Execute         source D:/movies/2025.2/Vitis/tps/tcl/tcllib2.0/md5crypt/pkgIndex.tcl 
Execute         source D:/movies/2025.2/Vitis/tps/tcl/tcllib2.0/mime/pkgIndex.tcl 
Execute         source D:/movies/2025.2/Vitis/tps/tcl/tcllib2.0/mkdoc/pkgIndex.tcl 
Execute         source D:/movies/2025.2/Vitis/tps/tcl/tcllib2.0/multiplexer/pkgIndex.tcl 
Execute         source D:/movies/2025.2/Vitis/tps/tcl/tcllib2.0/namespacex/pkgIndex.tcl 
Execute         source D:/movies/2025.2/Vitis/tps/tcl/tcllib2.0/ncgi/pkgIndex.tcl 
Execute         source D:/movies/2025.2/Vitis/tps/tcl/tcllib2.0/nettool/pkgIndex.tcl 
Execute         source D:/movies/2025.2/Vitis/tps/tcl/tcllib2.0/nmea/pkgIndex.tcl 
Execute         source D:/movies/2025.2/Vitis/tps/tcl/tcllib2.0/nns/pkgIndex.tcl 
Execute         source D:/movies/2025.2/Vitis/tps/tcl/tcllib2.0/nntp/pkgIndex.tcl 
Execute         source D:/movies/2025.2/Vitis/tps/tcl/tcllib2.0/ntp/pkgIndex.tcl 
Execute         source D:/movies/2025.2/Vitis/tps/tcl/tcllib2.0/oauth/pkgIndex.tcl 
Execute         source D:/movies/2025.2/Vitis/tps/tcl/tcllib2.0/oodialect/pkgIndex.tcl 
Execute         source D:/movies/2025.2/Vitis/tps/tcl/tcllib2.0/oometa/pkgIndex.tcl 
Execute         source D:/movies/2025.2/Vitis/tps/tcl/tcllib2.0/ooutil/pkgIndex.tcl 
Execute         source D:/movies/2025.2/Vitis/tps/tcl/tcllib2.0/otp/pkgIndex.tcl 
Execute         source D:/movies/2025.2/Vitis/tps/tcl/tcllib2.0/page/pkgIndex.tcl 
Execute         source D:/movies/2025.2/Vitis/tps/tcl/tcllib2.0/pluginmgr/pkgIndex.tcl 
Execute         source D:/movies/2025.2/Vitis/tps/tcl/tcllib2.0/png/pkgIndex.tcl 
Execute         source D:/movies/2025.2/Vitis/tps/tcl/tcllib2.0/pop3/pkgIndex.tcl 
Execute         source D:/movies/2025.2/Vitis/tps/tcl/tcllib2.0/pop3d/pkgIndex.tcl 
Execute         source D:/movies/2025.2/Vitis/tps/tcl/tcllib2.0/practcl/pkgIndex.tcl 
Execute         source D:/movies/2025.2/Vitis/tps/tcl/tcllib2.0/processman/pkgIndex.tcl 
Execute         source D:/movies/2025.2/Vitis/tps/tcl/tcllib2.0/profiler/pkgIndex.tcl 
Execute         source D:/movies/2025.2/Vitis/tps/tcl/tcllib2.0/pt/pkgIndex.tcl 
Execute         source D:/movies/2025.2/Vitis/tps/tcl/tcllib2.0/rcs/pkgIndex.tcl 
Execute         source D:/movies/2025.2/Vitis/tps/tcl/tcllib2.0/report/pkgIndex.tcl 
Execute         source D:/movies/2025.2/Vitis/tps/tcl/tcllib2.0/rest/pkgIndex.tcl 
Execute         source D:/movies/2025.2/Vitis/tps/tcl/tcllib2.0/ripemd/pkgIndex.tcl 
Execute         source D:/movies/2025.2/Vitis/tps/tcl/tcllib2.0/sasl/pkgIndex.tcl 
Execute         source D:/movies/2025.2/Vitis/tps/tcl/tcllib2.0/sha1/pkgIndex.tcl 
Execute         source D:/movies/2025.2/Vitis/tps/tcl/tcllib2.0/simulation/pkgIndex.tcl 
Execute         source D:/movies/2025.2/Vitis/tps/tcl/tcllib2.0/smtpd/pkgIndex.tcl 
Execute         source D:/movies/2025.2/Vitis/tps/tcl/tcllib2.0/snit/pkgIndex.tcl 
Execute         source D:/movies/2025.2/Vitis/tps/tcl/tcllib2.0/soundex/pkgIndex.tcl 
Execute         source D:/movies/2025.2/Vitis/tps/tcl/tcllib2.0/stooop/pkgIndex.tcl 
Execute         source D:/movies/2025.2/Vitis/tps/tcl/tcllib2.0/string/pkgIndex.tcl 
Execute         source D:/movies/2025.2/Vitis/tps/tcl/tcllib2.0/stringprep/pkgIndex.tcl 
Execute         source D:/movies/2025.2/Vitis/tps/tcl/tcllib2.0/struct/pkgIndex.tcl 
Execute         source D:/movies/2025.2/Vitis/tps/tcl/tcllib2.0/tar/pkgIndex.tcl 
Execute         source D:/movies/2025.2/Vitis/tps/tcl/tcllib2.0/tepam/pkgIndex.tcl 
Execute         source D:/movies/2025.2/Vitis/tps/tcl/tcllib2.0/term/pkgIndex.tcl 
Execute         source D:/movies/2025.2/Vitis/tps/tcl/tcllib2.0/textutil/pkgIndex.tcl 
Execute         source D:/movies/2025.2/Vitis/tps/tcl/tcllib2.0/tie/pkgIndex.tcl 
Execute         source D:/movies/2025.2/Vitis/tps/tcl/tcllib2.0/tiff/pkgIndex.tcl 
Execute         source D:/movies/2025.2/Vitis/tps/tcl/tcllib2.0/tool/pkgIndex.tcl 
Execute         source D:/movies/2025.2/Vitis/tps/tcl/tcllib2.0/transfer/pkgIndex.tcl 
Execute         source D:/movies/2025.2/Vitis/tps/tcl/tcllib2.0/treeql/pkgIndex.tcl 
Execute         source D:/movies/2025.2/Vitis/tps/tcl/tcllib2.0/try/pkgIndex.tcl 
Execute         source D:/movies/2025.2/Vitis/tps/tcl/tcllib2.0/udpcluster/pkgIndex.tcl 
Execute         source D:/movies/2025.2/Vitis/tps/tcl/tcllib2.0/uev/pkgIndex.tcl 
Execute         source D:/movies/2025.2/Vitis/tps/tcl/tcllib2.0/units/pkgIndex.tcl 
Execute         source D:/movies/2025.2/Vitis/tps/tcl/tcllib2.0/uri/pkgIndex.tcl 
Execute         source D:/movies/2025.2/Vitis/tps/tcl/tcllib2.0/uuid/pkgIndex.tcl 
Execute         source D:/movies/2025.2/Vitis/tps/tcl/tcllib2.0/valtype/pkgIndex.tcl 
Execute         source D:/movies/2025.2/Vitis/tps/tcl/tcllib2.0/virtchannel_base/pkgIndex.tcl 
Execute         source D:/movies/2025.2/Vitis/tps/tcl/tcllib2.0/virtchannel_core/pkgIndex.tcl 
Execute         source D:/movies/2025.2/Vitis/tps/tcl/tcllib2.0/virtchannel_transform/pkgIndex.tcl 
Execute         source D:/movies/2025.2/Vitis/tps/tcl/tcllib2.0/websocket/pkgIndex.tcl 
Execute         source D:/movies/2025.2/Vitis/tps/tcl/tcllib2.0/wip/pkgIndex.tcl 
Execute         source D:/movies/2025.2/Vitis/tps/tcl/tcllib2.0/yaml/pkgIndex.tcl 
Execute         source D:/movies/2025.2/Vitis/tps/tcl/tcllib2.0/zip/pkgIndex.tcl 
Execute         source D:/movies/2025.2/Vitis/tps/tcl/tcllib2.0/pkgIndex.tcl 
Execute           source D:/movies/2025.2/Vitis/tps/tcl/tcllib2.0/0compatibility/pkgIndex.tcl 
Execute           source D:/movies/2025.2/Vitis/tps/tcl/tcllib2.0/amazon-s3/pkgIndex.tcl 
Execute           source D:/movies/2025.2/Vitis/tps/tcl/tcllib2.0/asn/pkgIndex.tcl 
Execute           source D:/movies/2025.2/Vitis/tps/tcl/tcllib2.0/base32/pkgIndex.tcl 
Execute           source D:/movies/2025.2/Vitis/tps/tcl/tcllib2.0/base64/pkgIndex.tcl 
Execute           source D:/movies/2025.2/Vitis/tps/tcl/tcllib2.0/bee/pkgIndex.tcl 
Execute           source D:/movies/2025.2/Vitis/tps/tcl/tcllib2.0/bench/pkgIndex.tcl 
Execute           source D:/movies/2025.2/Vitis/tps/tcl/tcllib2.0/bibtex/pkgIndex.tcl 
Execute           source D:/movies/2025.2/Vitis/tps/tcl/tcllib2.0/cache/pkgIndex.tcl 
Execute           source D:/movies/2025.2/Vitis/tps/tcl/tcllib2.0/clay/pkgIndex.tcl 
Execute           source D:/movies/2025.2/Vitis/tps/tcl/tcllib2.0/clock/pkgIndex.tcl 
Execute           source D:/movies/2025.2/Vitis/tps/tcl/tcllib2.0/cmdline/pkgIndex.tcl 
Execute           source D:/movies/2025.2/Vitis/tps/tcl/tcllib2.0/comm/pkgIndex.tcl 
Execute           source D:/movies/2025.2/Vitis/tps/tcl/tcllib2.0/control/pkgIndex.tcl 
Execute           source D:/movies/2025.2/Vitis/tps/tcl/tcllib2.0/coroutine/pkgIndex.tcl 
Execute           source D:/movies/2025.2/Vitis/tps/tcl/tcllib2.0/counter/pkgIndex.tcl 
Execute           source D:/movies/2025.2/Vitis/tps/tcl/tcllib2.0/crc/pkgIndex.tcl 
Execute           source D:/movies/2025.2/Vitis/tps/tcl/tcllib2.0/cron/pkgIndex.tcl 
Execute           source D:/movies/2025.2/Vitis/tps/tcl/tcllib2.0/csv/pkgIndex.tcl 
Execute           source D:/movies/2025.2/Vitis/tps/tcl/tcllib2.0/debug/pkgIndex.tcl 
Execute           source D:/movies/2025.2/Vitis/tps/tcl/tcllib2.0/defer/pkgIndex.tcl 
Execute           source D:/movies/2025.2/Vitis/tps/tcl/tcllib2.0/dicttool/pkgIndex.tcl 
Execute           source D:/movies/2025.2/Vitis/tps/tcl/tcllib2.0/dns/pkgIndex.tcl 
Execute           source D:/movies/2025.2/Vitis/tps/tcl/tcllib2.0/docstrip/pkgIndex.tcl 
Execute           source D:/movies/2025.2/Vitis/tps/tcl/tcllib2.0/doctools/pkgIndex.tcl 
Execute           source D:/movies/2025.2/Vitis/tps/tcl/tcllib2.0/doctools2base/pkgIndex.tcl 
Execute           source D:/movies/2025.2/Vitis/tps/tcl/tcllib2.0/doctools2idx/pkgIndex.tcl 
Execute           source D:/movies/2025.2/Vitis/tps/tcl/tcllib2.0/doctools2toc/pkgIndex.tcl 
Execute           source D:/movies/2025.2/Vitis/tps/tcl/tcllib2.0/dtplite/pkgIndex.tcl 
Execute           source D:/movies/2025.2/Vitis/tps/tcl/tcllib2.0/fileutil/pkgIndex.tcl 
Execute           source D:/movies/2025.2/Vitis/tps/tcl/tcllib2.0/ftp/pkgIndex.tcl 
Execute           source D:/movies/2025.2/Vitis/tps/tcl/tcllib2.0/ftpd/pkgIndex.tcl 
Execute           source D:/movies/2025.2/Vitis/tps/tcl/tcllib2.0/fumagic/pkgIndex.tcl 
Execute           source D:/movies/2025.2/Vitis/tps/tcl/tcllib2.0/generator/pkgIndex.tcl 
Execute           source D:/movies/2025.2/Vitis/tps/tcl/tcllib2.0/gpx/pkgIndex.tcl 
Execute           source D:/movies/2025.2/Vitis/tps/tcl/tcllib2.0/grammar_aycock/pkgIndex.tcl 
Execute           source D:/movies/2025.2/Vitis/tps/tcl/tcllib2.0/grammar_fa/pkgIndex.tcl 
Execute           source D:/movies/2025.2/Vitis/tps/tcl/tcllib2.0/grammar_me/pkgIndex.tcl 
Execute           source D:/movies/2025.2/Vitis/tps/tcl/tcllib2.0/grammar_peg/pkgIndex.tcl 
Execute           source D:/movies/2025.2/Vitis/tps/tcl/tcllib2.0/hook/pkgIndex.tcl 
Execute           source D:/movies/2025.2/Vitis/tps/tcl/tcllib2.0/html/pkgIndex.tcl 
Execute           source D:/movies/2025.2/Vitis/tps/tcl/tcllib2.0/htmlparse/pkgIndex.tcl 
Execute           source D:/movies/2025.2/Vitis/tps/tcl/tcllib2.0/http/pkgIndex.tcl 
Execute           source D:/movies/2025.2/Vitis/tps/tcl/tcllib2.0/httpd/pkgIndex.tcl 
Execute           source D:/movies/2025.2/Vitis/tps/tcl/tcllib2.0/httpwget/pkgIndex.tcl 
Execute           source D:/movies/2025.2/Vitis/tps/tcl/tcllib2.0/ident/pkgIndex.tcl 
Execute           source D:/movies/2025.2/Vitis/tps/tcl/tcllib2.0/imap4/pkgIndex.tcl 
Execute           source D:/movies/2025.2/Vitis/tps/tcl/tcllib2.0/inifile/pkgIndex.tcl 
Execute           source D:/movies/2025.2/Vitis/tps/tcl/tcllib2.0/interp/pkgIndex.tcl 
Execute           source D:/movies/2025.2/Vitis/tps/tcl/tcllib2.0/irc/pkgIndex.tcl 
Execute           source D:/movies/2025.2/Vitis/tps/tcl/tcllib2.0/javascript/pkgIndex.tcl 
Execute           source D:/movies/2025.2/Vitis/tps/tcl/tcllib2.0/jpeg/pkgIndex.tcl 
Execute           source D:/movies/2025.2/Vitis/tps/tcl/tcllib2.0/json/pkgIndex.tcl 
Execute           source D:/movies/2025.2/Vitis/tps/tcl/tcllib2.0/lambda/pkgIndex.tcl 
Execute           source D:/movies/2025.2/Vitis/tps/tcl/tcllib2.0/lazyset/pkgIndex.tcl 
Execute           source D:/movies/2025.2/Vitis/tps/tcl/tcllib2.0/ldap/pkgIndex.tcl 
Execute           source D:/movies/2025.2/Vitis/tps/tcl/tcllib2.0/log/pkgIndex.tcl 
Execute           source D:/movies/2025.2/Vitis/tps/tcl/tcllib2.0/map/pkgIndex.tcl 
Execute           source D:/movies/2025.2/Vitis/tps/tcl/tcllib2.0/mapproj/pkgIndex.tcl 
Execute           source D:/movies/2025.2/Vitis/tps/tcl/tcllib2.0/markdown/pkgIndex.tcl 
Execute           source D:/movies/2025.2/Vitis/tps/tcl/tcllib2.0/math/pkgIndex.tcl 
Execute           source D:/movies/2025.2/Vitis/tps/tcl/tcllib2.0/md4/pkgIndex.tcl 
Execute           source D:/movies/2025.2/Vitis/tps/tcl/tcllib2.0/md5/pkgIndex.tcl 
Execute           source D:/movies/2025.2/Vitis/tps/tcl/tcllib2.0/md5crypt/pkgIndex.tcl 
Execute           source D:/movies/2025.2/Vitis/tps/tcl/tcllib2.0/mime/pkgIndex.tcl 
Execute           source D:/movies/2025.2/Vitis/tps/tcl/tcllib2.0/mkdoc/pkgIndex.tcl 
Execute           source D:/movies/2025.2/Vitis/tps/tcl/tcllib2.0/multiplexer/pkgIndex.tcl 
Execute           source D:/movies/2025.2/Vitis/tps/tcl/tcllib2.0/namespacex/pkgIndex.tcl 
Execute           source D:/movies/2025.2/Vitis/tps/tcl/tcllib2.0/ncgi/pkgIndex.tcl 
Execute           source D:/movies/2025.2/Vitis/tps/tcl/tcllib2.0/nettool/pkgIndex.tcl 
Execute           source D:/movies/2025.2/Vitis/tps/tcl/tcllib2.0/nmea/pkgIndex.tcl 
Execute           source D:/movies/2025.2/Vitis/tps/tcl/tcllib2.0/nns/pkgIndex.tcl 
Execute           source D:/movies/2025.2/Vitis/tps/tcl/tcllib2.0/nntp/pkgIndex.tcl 
Execute           source D:/movies/2025.2/Vitis/tps/tcl/tcllib2.0/ntp/pkgIndex.tcl 
Execute           source D:/movies/2025.2/Vitis/tps/tcl/tcllib2.0/oauth/pkgIndex.tcl 
Execute           source D:/movies/2025.2/Vitis/tps/tcl/tcllib2.0/oodialect/pkgIndex.tcl 
Execute           source D:/movies/2025.2/Vitis/tps/tcl/tcllib2.0/oometa/pkgIndex.tcl 
Execute           source D:/movies/2025.2/Vitis/tps/tcl/tcllib2.0/ooutil/pkgIndex.tcl 
Execute           source D:/movies/2025.2/Vitis/tps/tcl/tcllib2.0/otp/pkgIndex.tcl 
Execute           source D:/movies/2025.2/Vitis/tps/tcl/tcllib2.0/page/pkgIndex.tcl 
Execute           source D:/movies/2025.2/Vitis/tps/tcl/tcllib2.0/pluginmgr/pkgIndex.tcl 
Execute           source D:/movies/2025.2/Vitis/tps/tcl/tcllib2.0/png/pkgIndex.tcl 
Execute           source D:/movies/2025.2/Vitis/tps/tcl/tcllib2.0/pop3/pkgIndex.tcl 
Execute           source D:/movies/2025.2/Vitis/tps/tcl/tcllib2.0/pop3d/pkgIndex.tcl 
Execute           source D:/movies/2025.2/Vitis/tps/tcl/tcllib2.0/practcl/pkgIndex.tcl 
Execute           source D:/movies/2025.2/Vitis/tps/tcl/tcllib2.0/processman/pkgIndex.tcl 
Execute           source D:/movies/2025.2/Vitis/tps/tcl/tcllib2.0/profiler/pkgIndex.tcl 
Execute           source D:/movies/2025.2/Vitis/tps/tcl/tcllib2.0/pt/pkgIndex.tcl 
Execute           source D:/movies/2025.2/Vitis/tps/tcl/tcllib2.0/rcs/pkgIndex.tcl 
Execute           source D:/movies/2025.2/Vitis/tps/tcl/tcllib2.0/report/pkgIndex.tcl 
Execute           source D:/movies/2025.2/Vitis/tps/tcl/tcllib2.0/rest/pkgIndex.tcl 
Execute           source D:/movies/2025.2/Vitis/tps/tcl/tcllib2.0/ripemd/pkgIndex.tcl 
Execute           source D:/movies/2025.2/Vitis/tps/tcl/tcllib2.0/sasl/pkgIndex.tcl 
Execute           source D:/movies/2025.2/Vitis/tps/tcl/tcllib2.0/sha1/pkgIndex.tcl 
Execute           source D:/movies/2025.2/Vitis/tps/tcl/tcllib2.0/simulation/pkgIndex.tcl 
Execute           source D:/movies/2025.2/Vitis/tps/tcl/tcllib2.0/smtpd/pkgIndex.tcl 
Execute           source D:/movies/2025.2/Vitis/tps/tcl/tcllib2.0/snit/pkgIndex.tcl 
Execute           source D:/movies/2025.2/Vitis/tps/tcl/tcllib2.0/soundex/pkgIndex.tcl 
Execute           source D:/movies/2025.2/Vitis/tps/tcl/tcllib2.0/stooop/pkgIndex.tcl 
Execute           source D:/movies/2025.2/Vitis/tps/tcl/tcllib2.0/string/pkgIndex.tcl 
Execute           source D:/movies/2025.2/Vitis/tps/tcl/tcllib2.0/stringprep/pkgIndex.tcl 
Execute           source D:/movies/2025.2/Vitis/tps/tcl/tcllib2.0/struct/pkgIndex.tcl 
Execute           source D:/movies/2025.2/Vitis/tps/tcl/tcllib2.0/tar/pkgIndex.tcl 
Execute           source D:/movies/2025.2/Vitis/tps/tcl/tcllib2.0/tepam/pkgIndex.tcl 
Execute           source D:/movies/2025.2/Vitis/tps/tcl/tcllib2.0/term/pkgIndex.tcl 
Execute           source D:/movies/2025.2/Vitis/tps/tcl/tcllib2.0/textutil/pkgIndex.tcl 
Execute           source D:/movies/2025.2/Vitis/tps/tcl/tcllib2.0/tie/pkgIndex.tcl 
Execute           source D:/movies/2025.2/Vitis/tps/tcl/tcllib2.0/tiff/pkgIndex.tcl 
Execute           source D:/movies/2025.2/Vitis/tps/tcl/tcllib2.0/tool/pkgIndex.tcl 
Execute           source D:/movies/2025.2/Vitis/tps/tcl/tcllib2.0/transfer/pkgIndex.tcl 
Execute           source D:/movies/2025.2/Vitis/tps/tcl/tcllib2.0/treeql/pkgIndex.tcl 
Execute           source D:/movies/2025.2/Vitis/tps/tcl/tcllib2.0/try/pkgIndex.tcl 
Execute           source D:/movies/2025.2/Vitis/tps/tcl/tcllib2.0/udpcluster/pkgIndex.tcl 
Execute           source D:/movies/2025.2/Vitis/tps/tcl/tcllib2.0/uev/pkgIndex.tcl 
Execute           source D:/movies/2025.2/Vitis/tps/tcl/tcllib2.0/units/pkgIndex.tcl 
Execute           source D:/movies/2025.2/Vitis/tps/tcl/tcllib2.0/uri/pkgIndex.tcl 
Execute           source D:/movies/2025.2/Vitis/tps/tcl/tcllib2.0/uuid/pkgIndex.tcl 
Execute           source D:/movies/2025.2/Vitis/tps/tcl/tcllib2.0/valtype/pkgIndex.tcl 
Execute           source D:/movies/2025.2/Vitis/tps/tcl/tcllib2.0/virtchannel_base/pkgIndex.tcl 
Execute           source D:/movies/2025.2/Vitis/tps/tcl/tcllib2.0/virtchannel_core/pkgIndex.tcl 
Execute           source D:/movies/2025.2/Vitis/tps/tcl/tcllib2.0/virtchannel_transform/pkgIndex.tcl 
Execute           source D:/movies/2025.2/Vitis/tps/tcl/tcllib2.0/websocket/pkgIndex.tcl 
Execute           source D:/movies/2025.2/Vitis/tps/tcl/tcllib2.0/wip/pkgIndex.tcl 
Execute           source D:/movies/2025.2/Vitis/tps/tcl/tcllib2.0/yaml/pkgIndex.tcl 
Execute           source D:/movies/2025.2/Vitis/tps/tcl/tcllib2.0/zip/pkgIndex.tcl 
Command         ap_source done; 0.155 sec.
Execute         source D:/movies/2025.2/Vitis/tps/tcl/tdom/pkgIndex.tcl 
Execute         source D:/movies/2025.2/Vitis/tps/tcl/tcl8.6/opt0.4/pkgIndex.tcl 
Execute         source D:/movies/2025.2/Vitis/tps/tcl/tcl8.6/pkgs/win/thread2.8.7/pkgIndex.tcl 
Command       ap_source done; 0.645 sec.
INFO-FLOW: Workspace C:/Users/duong/Desktop/xup_high_level_synthesis_design_flow-main/source/lab1/matrixmul/matrixmul/hls opened at Fri Jun 12 16:57:41 -0400 2026
Execute       source C:/Users/duong/Desktop/xup_high_level_synthesis_design_flow-main/source/lab1/matrixmul/matrixmul/hls/.autopilot/db/global.setting.tcl 
Execute       set_part xc7a35t-fgg484-2 
Execute         create_platform xc7a35t-fgg484-2 -board  
DBG:HLSDevice: Trying to load device library: D:/movies/2025.2/Vitis\lib\win64.o\xv_hlsvwrap.dll
DBG:HLSDevice: first parts/arch.xml in RDI_DATADIR: D:/movies/2025.2/Vivado/data/parts/arch.xml
DBG:HLSDevice: init success
INFO: [HLS 200-1611] Setting target device to 'xc7a35t-fgg484-2'
Command         create_platform done; 0.647 sec.
Execute         source D:/movies/2025.2/Vitis/common/technology/xilinx/common/xilinx.gen 
Execute           source D:/movies/2025.2/Vitis/common/technology/xilinx/interface/plb46.gen 
Execute           source D:/movies/2025.2/Vitis/common/technology/xilinx/interface/axi4.gen 
Execute           source D:/movies/2025.2/Vitis/common/technology/xilinx/interface/nativeAXI4.gen 
Execute             source D:/movies/2025.2/Vitis/common/technology/xilinx/interface/saxilite.gen 
Execute           source D:/movies/2025.2/Vitis/common/technology/xilinx/scripts/xilinxcoregen.gen 
Execute           source D:/movies/2025.2/Vitis/common/technology/xilinx/interface/XilEDKCoreGen.gen 
Execute           source D:/movies/2025.2/Vitis/common/technology/xilinx/ip/dds_compiler.gen 
Execute           source D:/movies/2025.2/Vitis/common/technology/xilinx/ip/util.gen 
Execute           source D:/movies/2025.2/Vitis/common/technology/xilinx/ip/xfft.gen 
Execute           source D:/movies/2025.2/Vitis/common/technology/xilinx/ip/xfir.gen 
Execute           source D:/movies/2025.2/Vitis/common/technology/xilinx/DSP48/dsp48.gen 
Command         ap_source done; 0.103 sec.
Execute         ap_part_info -name xc7a35t-fgg484-2 -data info 
Execute         config_compile -quiet -complex-mul-dsp=0 
Command       set_part done; 0.765 sec.
Execute       send_msg_by_id INFO @200-1505@%s%s default  vivado 
INFO: [HLS 200-1505] Using default flow_target 'vivado'
Execute       send_msg_by_id INFO @200-2174@%s%s component hls_config.cfg 
INFO: [HLS 200-2174] Applying component config ini file hls_config.cfg
Execute       apply_ini hls_config.cfg 
Execute         send_msg_by_id INFO @200-1465@%s 'syn.file=C:/Users/duong/Desktop/xup_high_level_synthesis_design_flow-main/source/lab1/matrixmul.cpp' from hls_config.cfg(8) 
INFO: [HLS 200-1465] Applying config ini 'syn.file=C:/Users/duong/Desktop/xup_high_level_synthesis_design_flow-main/source/lab1/matrixmul.cpp' from hls_config.cfg(8)
Execute         add_files C:/Users/duong/Desktop/xup_high_level_synthesis_design_flow-main/source/lab1/matrixmul.cpp 
INFO: [HLS 200-10] Adding design file 'C:/Users/duong/Desktop/xup_high_level_synthesis_design_flow-main/source/lab1/matrixmul.cpp' to the project
Execute         send_msg_by_id INFO @200-1465@%s 'syn.file=C:/Users/duong/Desktop/xup_high_level_synthesis_design_flow-main/source/lab1/matrixmul.h' from hls_config.cfg(9) 
INFO: [HLS 200-1465] Applying config ini 'syn.file=C:/Users/duong/Desktop/xup_high_level_synthesis_design_flow-main/source/lab1/matrixmul.h' from hls_config.cfg(9)
Execute         add_files C:/Users/duong/Desktop/xup_high_level_synthesis_design_flow-main/source/lab1/matrixmul.h 
INFO: [HLS 200-10] Adding design file 'C:/Users/duong/Desktop/xup_high_level_synthesis_design_flow-main/source/lab1/matrixmul.h' to the project
Execute         send_msg_by_id INFO @200-1465@%s 'tb.file=C:/Users/duong/Desktop/xup_high_level_synthesis_design_flow-main/source/lab1/matrixmul_test.cpp' from hls_config.cfg(10) 
INFO: [HLS 200-1465] Applying config ini 'tb.file=C:/Users/duong/Desktop/xup_high_level_synthesis_design_flow-main/source/lab1/matrixmul_test.cpp' from hls_config.cfg(10)
Execute         add_files -tb C:/Users/duong/Desktop/xup_high_level_synthesis_design_flow-main/source/lab1/matrixmul_test.cpp 
INFO: [HLS 200-10] Adding test bench file 'C:/Users/duong/Desktop/xup_high_level_synthesis_design_flow-main/source/lab1/matrixmul_test.cpp' to the project
Execute         send_msg_by_id INFO @200-1465@%s 'tb.file_cflags=C:/Users/duong/Desktop/xup_high_level_synthesis_design_flow-main/source/lab1/matrixmul_test.cpp,-DHW_COSIM' from hls_config.cfg(11) 
INFO: [HLS 200-1465] Applying config ini 'tb.file_cflags=C:/Users/duong/Desktop/xup_high_level_synthesis_design_flow-main/source/lab1/matrixmul_test.cpp,-DHW_COSIM' from hls_config.cfg(11)
Execute         add_files -tb C:/Users/duong/Desktop/xup_high_level_synthesis_design_flow-main/source/lab1/matrixmul_test.cpp -appendflags -cflags -DHW_COSIM 
Execute         send_msg_by_id INFO @200-1465@%s 'syn.top=matrixmul' from hls_config.cfg(7) 
INFO: [HLS 200-1465] Applying config ini 'syn.top=matrixmul' from hls_config.cfg(7)
Execute         set_top matrixmul 
Execute         send_msg_by_id INFO @200-1465@%s 'flow_target=vivado' from hls_config.cfg(4) 
INFO: [HLS 200-1465] Applying config ini 'flow_target=vivado' from hls_config.cfg(4)
Execute         send_msg_by_id INFO @200-1505@%s%s  vivado 
INFO: [HLS 200-1505] Using flow_target 'vivado'
Execute         send_msg_by_id INFO @200-1465@%s 'part=xc7a35tfgg484-2' from hls_config.cfg(1) 
INFO: [HLS 200-1465] Applying config ini 'part=xc7a35tfgg484-2' from hls_config.cfg(1)
Execute         set_part xc7a35tfgg484-2 
Execute           create_platform xc7a35tfgg484-2 -board  
Command           create_platform done; 0.149 sec.
Execute           source D:/movies/2025.2/Vitis/common/technology/xilinx/common/xilinx.gen 
Execute             source D:/movies/2025.2/Vitis/common/technology/xilinx/interface/plb46.gen 
Execute             source D:/movies/2025.2/Vitis/common/technology/xilinx/interface/axi4.gen 
Execute             source D:/movies/2025.2/Vitis/common/technology/xilinx/interface/nativeAXI4.gen 
Execute               source D:/movies/2025.2/Vitis/common/technology/xilinx/interface/saxilite.gen 
Execute             source D:/movies/2025.2/Vitis/common/technology/xilinx/scripts/xilinxcoregen.gen 
Execute             source D:/movies/2025.2/Vitis/common/technology/xilinx/interface/XilEDKCoreGen.gen 
Execute             source D:/movies/2025.2/Vitis/common/technology/xilinx/ip/dds_compiler.gen 
Execute             source D:/movies/2025.2/Vitis/common/technology/xilinx/ip/util.gen 
Execute             source D:/movies/2025.2/Vitis/common/technology/xilinx/ip/xfft.gen 
Execute             source D:/movies/2025.2/Vitis/common/technology/xilinx/ip/xfir.gen 
Execute             source D:/movies/2025.2/Vitis/common/technology/xilinx/DSP48/dsp48.gen 
Execute           ap_part_info -name xc7a35t-fgg484-2 -data info 
Execute           config_compile -quiet -complex-mul-dsp=0 
Command         set_part done; 0.229 sec.
Execute         send_msg_by_id INFO @200-1465@%s 'clock=10' from hls_config.cfg(12) 
INFO: [HLS 200-1465] Applying config ini 'clock=10' from hls_config.cfg(12)
Execute         create_clock -period 10ns 
Execute           ap_set_clock -name default -period 10 -unit ns -default=false 
INFO: [SYN 201-201] Setting up clock 'default' with a period of 10ns.
Execute         send_msg_by_id INFO @200-1465@%s 'cosim.trace_level=all' from hls_config.cfg(15) 
INFO: [HLS 200-1465] Applying config ini 'cosim.trace_level=all' from hls_config.cfg(15)
Execute         config_cosim -trace_level=all 
Execute         send_msg_by_id INFO @200-1465@%s 'cosim.wave_debug=1' from hls_config.cfg(14) 
INFO: [HLS 200-1465] Applying config ini 'cosim.wave_debug=1' from hls_config.cfg(14)
Execute         config_cosim -wave_debug=1 
Execute         send_msg_by_id INFO @200-1465@%s 'package.output.format=ip_catalog' from hls_config.cfg(5) 
INFO: [HLS 200-1465] Applying config ini 'package.output.format=ip_catalog' from hls_config.cfg(5)
Execute         config_export -format=ip_catalog 
Execute         send_msg_by_id INFO @200-1465@%s 'sim.O=0' from hls_config.cfg(13) 
INFO: [HLS 200-1465] Applying config ini 'sim.O=0' from hls_config.cfg(13)
Execute         config_sim -O=0 
Command       apply_ini done; 0.292 sec.
Execute       write_component -config C:/Users/duong/Desktop/xup_high_level_synthesis_design_flow-main/source/lab1/matrixmul/hls_config.cfg 
Execute         send_msg_by_id INFO @200-2176@%s C:/Users/duong/Desktop/xup_high_level_synthesis_design_flow-main/source/lab1/matrixmul/matrixmul/vitis-comp.json 
INFO: [HLS 200-2176] Writing Vitis IDE component file C:/Users/duong/Desktop/xup_high_level_synthesis_design_flow-main/source/lab1/matrixmul/matrixmul/vitis-comp.json
Command     open_solution done; 1.749 sec.
Command   open_component done; 1.753 sec.
Execute   apply_ini C:/Users/duong/Desktop/xup_high_level_synthesis_design_flow-main/source/lab1/matrixmul/matrixmul/hls/config.cmdline -iscmdline 
Execute   ::AP::init_summary_file cosim 
Execute     AP::app_get_file_relativeroot [AP::app_get_root] {}
Execute   cosim_design 
Execute     source C:/Users/duong/Desktop/xup_high_level_synthesis_design_flow-main/source/lab1/matrixmul/matrixmul/hls/.autopilot/db/global.setting.tcl 
Execute     source C:/Users/duong/Desktop/xup_high_level_synthesis_design_flow-main/source/lab1/matrixmul/matrixmul/hls/.autopilot/db/global.setting.tcl 
Execute     source C:/Users/duong/Desktop/xup_high_level_synthesis_design_flow-main/source/lab1/matrixmul/matrixmul/hls/.autopilot/db/global.setting.tcl 
INFO-FLOW: DBG:PUTS: read_platform_lib C:/Users/duong/Desktop/xup_high_level_synthesis_design_flow-main/source/lab1/matrixmul/matrixmul/hls/.autopilot/db/global.setting.tcl
Execute     source D:/movies/2025.2/Vitis/common/technology/generic/autopilot/common.gen 
Execute       source D:/movies/2025.2/Vitis/common/technology/generic/autopilot/APCoreGen.gen 
Execute     source D:/movies/2025.2/Vitis/common/technology/generic/autopilot/op.gen 
Execute     source D:/movies/2025.2/Vitis/common/technology/generic/autopilot/op_simcore.gen 
Execute     source D:/movies/2025.2/Vitis/common/technology/generic/autopilot/interface.gen 
Execute     source C:/Users/duong/Desktop/xup_high_level_synthesis_design_flow-main/source/lab1/matrixmul/matrixmul/hls/.autopilot/db/global.setting.tcl 
Execute     ap_family_info -name artix7 -data parts 
Execute     ap_part_info -name xc7a12ticsg325-1L -data info 
Execute     source D:/movies/2025.2/Vitis/common/technology/xilinx/common/xilinx.gen 
Execute       source D:/movies/2025.2/Vitis/common/technology/xilinx/interface/plb46.gen 
Execute       source D:/movies/2025.2/Vitis/common/technology/xilinx/interface/axi4.gen 
Execute       source D:/movies/2025.2/Vitis/common/technology/xilinx/interface/nativeAXI4.gen 
Execute         source D:/movies/2025.2/Vitis/common/technology/xilinx/interface/saxilite.gen 
Execute       source D:/movies/2025.2/Vitis/common/technology/xilinx/scripts/xilinxcoregen.gen 
Execute       source D:/movies/2025.2/Vitis/common/technology/xilinx/interface/XilEDKCoreGen.gen 
Execute       source D:/movies/2025.2/Vitis/common/technology/xilinx/ip/dds_compiler.gen 
Execute       source D:/movies/2025.2/Vitis/common/technology/xilinx/ip/util.gen 
Execute       source D:/movies/2025.2/Vitis/common/technology/xilinx/ip/xfft.gen 
Execute       source D:/movies/2025.2/Vitis/common/technology/xilinx/ip/xfir.gen 
Execute       source D:/movies/2025.2/Vitis/common/technology/xilinx/DSP48/dsp48.gen 
INFO-FLOW: DBG:PUTS:   using AESL_AUTOCG::g_clock_period=10.000 (was NA)
Execute     ap_part_info -name xc7a35t-fgg484-2 -data names -quiet 
Execute     ap_part_info -name xc7a35t-fgg484-2 -data info -quiet 
Execute     source C:/Users/duong/Desktop/xup_high_level_synthesis_design_flow-main/source/lab1/matrixmul/matrixmul/hls/.autopilot/db/global.setting.tcl 
Execute     source C:/Users/duong/Desktop/xup_high_level_synthesis_design_flow-main/source/lab1/matrixmul/matrixmul/hls/.autopilot/db/matrixmul.rtl_wrap.cfg.tcl 
Execute     source C:/Users/duong/Desktop/xup_high_level_synthesis_design_flow-main/source/lab1/matrixmul/matrixmul/hls/.autopilot/db/matrixmul.tbgen.tcl 
Execute     source C:/Users/duong/Desktop/xup_high_level_synthesis_design_flow-main/source/lab1/matrixmul/matrixmul/hls/.autopilot/db/cosimDB.tcl 
Execute     source C:/Users/duong/Desktop/xup_high_level_synthesis_design_flow-main/source/lab1/matrixmul/matrixmul/hls/.autopilot/db/matrixmul.tbgen.tcl 
Execute     source C:/Users/duong/Desktop/xup_high_level_synthesis_design_flow-main/source/lab1/matrixmul/matrixmul/hls/.autopilot/db/matrixmul.tbgen.tcl 
Execute     source C:/Users/duong/Desktop/xup_high_level_synthesis_design_flow-main/source/lab1/matrixmul/matrixmul/hls/.autopilot/db/matrixmul.tbgen.tcl 
Execute     source C:/Users/duong/Desktop/xup_high_level_synthesis_design_flow-main/source/lab1/matrixmul/matrixmul/hls/.autopilot/db/matrixmul.tbgen.tcl 
INFO: [COSIM 212-47] Using XSIM for RTL simulation.
INFO: [COSIM 212-14] Instrumenting C test bench ...
Execute     ap_part_info -name xc7a35t-fgg484-2 -data info 
INFO-FLOW: run_clang autosim-tb exec: D:/movies/2025.2/Vitis/win64/tools/clang-16/bin/clang -foptimization-record-file=C:/Users/duong/Desktop/xup_high_level_synthesis_design_flow-main/source/lab1/matrixmul/matrixmul/hls/.autopilot/db/matrixmul_test.cpp.clang.autosim-tb.diag.yml -mllvm -pass-remarks-missed=reflow|pasta|unroll|inline -mllvm -pass-remarks=reflow|pasta|unroll|inline -fno-builtin-isinf -fno-builtin-isnan -E -DHW_COSIM -Wno-unknown-pragmas -Wno-unknown-pragmas -DGCC_COMPATIBLE_APINT -DAESL_TB -D__HLS_COSIM__ -D__VITIS_HLS__ --target=x86_64-w64-windows-gnu -D__USE_XOPEN2K8 -I D:/movies/2025.2/Vitis/include -I include C:/Users/duong/Desktop/xup_high_level_synthesis_design_flow-main/source/lab1/matrixmul_test.cpp -o C:/Users/duong/Desktop/xup_high_level_synthesis_design_flow-main/source/lab1/matrixmul/matrixmul/hls/./sim/autowrap/testbench/matrixmul_test.cpp_pre.cpp -std=gnu++14 -D__DSP48E1__ --sysroot=D:/movies/2025.2/Vitis/tps/mingw/10.0.0/win64.o/nt > C:/Users/duong/Desktop/xup_high_level_synthesis_design_flow-main/source/lab1/matrixmul/matrixmul/hls/.autopilot/db/matrixmul_test.cpp.clang.autosim-tb.out.log 2> C:/Users/duong/Desktop/xup_high_level_synthesis_design_flow-main/source/lab1/matrixmul/matrixmul/hls/.autopilot/db/matrixmul_test.cpp.clang.autosim-tb.err.log
INFO-FLOW: run_clang result=success num-err-msgs=0 num-stderr-lines=0
INFO-FLOW: TB processing: C:/Users/duong/Desktop/xup_high_level_synthesis_design_flow-main/source/lab1/matrixmul_test.cpp C:/Users/duong/Desktop/xup_high_level_synthesis_design_flow-main/source/lab1/matrixmul/matrixmul/hls/./sim/autowrap/testbench/matrixmul_test.cpp_pre.cpp
Execute     clang_tidy xilinx-tb-process -desc tb-process C:/Users/duong/Desktop/xup_high_level_synthesis_design_flow-main/source/lab1/matrixmul/matrixmul/hls/./sim/autowrap/testbench/matrixmul_test.cpp_pre.cpp.tb.cpp std=gnu++14 
INFO-FLOW: exec D:/movies/2025.2/Vitis/win64/tools/clang-16/bin/clang-tidy -header-filter=.* --checks=-*,xilinx-tb-process -fix-errors C:/Users/duong/Desktop/xup_high_level_synthesis_design_flow-main/source/lab1/matrixmul/matrixmul/hls/./sim/autowrap/testbench/matrixmul_test.cpp_pre.cpp.tb.cpp -- -std=gnu++14 -fhls -ferror-limit=0
Command     clang_tidy done; 2.442 sec.
Execute     ap_part_info -name xc7a35t-fgg484-2 -data info 
INFO-FLOW: run_clang autosim-tb exec: D:/movies/2025.2/Vitis/win64/tools/clang-16/bin/clang -foptimization-record-file=C:/Users/duong/Desktop/xup_high_level_synthesis_design_flow-main/source/lab1/matrixmul/matrixmul/hls/.autopilot/db/matrixmul.cpp.clang.autosim-tb.diag.yml -mllvm -pass-remarks-missed=reflow|pasta|unroll|inline -mllvm -pass-remarks=reflow|pasta|unroll|inline -fno-builtin-isinf -fno-builtin-isnan -E -DGCC_COMPATIBLE_APINT -DAESL_TB -D__HLS_COSIM__ -D__VITIS_HLS__ --target=x86_64-w64-windows-gnu -D__USE_XOPEN2K8 -I D:/movies/2025.2/Vitis/include -I include C:/Users/duong/Desktop/xup_high_level_synthesis_design_flow-main/source/lab1/matrixmul.cpp -o C:/Users/duong/Desktop/xup_high_level_synthesis_design_flow-main/source/lab1/matrixmul/matrixmul/hls/./sim/autowrap/testbench/matrixmul.cpp_pre.cpp -std=gnu++14 -D__DSP48E1__ --sysroot=D:/movies/2025.2/Vitis/tps/mingw/10.0.0/win64.o/nt > C:/Users/duong/Desktop/xup_high_level_synthesis_design_flow-main/source/lab1/matrixmul/matrixmul/hls/.autopilot/db/matrixmul.cpp.clang.autosim-tb.out.log 2> C:/Users/duong/Desktop/xup_high_level_synthesis_design_flow-main/source/lab1/matrixmul/matrixmul/hls/.autopilot/db/matrixmul.cpp.clang.autosim-tb.err.log
INFO-FLOW: run_clang result=success num-err-msgs=0 num-stderr-lines=0
INFO-FLOW: TB processing: C:/Users/duong/Desktop/xup_high_level_synthesis_design_flow-main/source/lab1/matrixmul.cpp C:/Users/duong/Desktop/xup_high_level_synthesis_design_flow-main/source/lab1/matrixmul/matrixmul/hls/./sim/autowrap/testbench/matrixmul.cpp_pre.cpp
Execute     clang_tidy xilinx-tb-process -desc tb-process C:/Users/duong/Desktop/xup_high_level_synthesis_design_flow-main/source/lab1/matrixmul/matrixmul/hls/./sim/autowrap/testbench/matrixmul.cpp_pre.cpp.tb.cpp std=gnu++14 
INFO-FLOW: exec D:/movies/2025.2/Vitis/win64/tools/clang-16/bin/clang-tidy -header-filter=.* --checks=-*,xilinx-tb-process -fix-errors C:/Users/duong/Desktop/xup_high_level_synthesis_design_flow-main/source/lab1/matrixmul/matrixmul/hls/./sim/autowrap/testbench/matrixmul.cpp_pre.cpp.tb.cpp -- -std=gnu++14 -fhls -ferror-limit=0
Command     clang_tidy done; 0.683 sec.
Execute     source C:/Users/duong/Desktop/xup_high_level_synthesis_design_flow-main/source/lab1/matrixmul/matrixmul/hls/.autopilot/db/global.setting.tcl 
Execute     source C:/Users/duong/Desktop/xup_high_level_synthesis_design_flow-main/source/lab1/matrixmul/matrixmul/hls/.autopilot/db/matrixmul.rtl_wrap.cfg.tcl 
Execute     source C:/Users/duong/Desktop/xup_high_level_synthesis_design_flow-main/source/lab1/matrixmul/matrixmul/hls/.autopilot/db/matrixmul.rtl_wrap.cfg.tcl 
Execute     source C:/Users/duong/Desktop/xup_high_level_synthesis_design_flow-main/source/lab1/matrixmul/matrixmul/hls/.autopilot/db/matrixmul.rtl_wrap.cfg.tcl 
Execute     source C:/Users/duong/Desktop/xup_high_level_synthesis_design_flow-main/source/lab1/matrixmul/matrixmul/hls/.autopilot/db/matrixmul.tbgen.tcl 
Execute     source C:/Users/duong/Desktop/xup_high_level_synthesis_design_flow-main/source/lab1/matrixmul/matrixmul/hls/.autopilot/db/matrixmul.tbgen.tcl 
Execute     source C:/Users/duong/Desktop/xup_high_level_synthesis_design_flow-main/source/lab1/matrixmul/matrixmul/hls/.autopilot/db/matrixmul.tbgen.tcl 
Execute     ap_part_info -name xc7a35t-fgg484-2 -data info 
Execute     source .run_sim.tcl 
INFO: [COSIM 212-302] Starting C TB testing ... 
Command     ap_source done; 0.683 sec.
Execute     source C:/Users/duong/Desktop/xup_high_level_synthesis_design_flow-main/source/lab1/matrixmul/matrixmul/hls/.autopilot/db/matrixmul.tbgen.tcl 
Execute     source C:/Users/duong/Desktop/xup_high_level_synthesis_design_flow-main/source/lab1/matrixmul/matrixmul/hls/.autopilot/db/matrixmul.tbgen.tcl 
INFO: [COSIM 212-333] Generating C post check test bench ...
Execute     source sim/tv/cdatafile/ref.tcl 
Execute     source C:/Users/duong/Desktop/xup_high_level_synthesis_design_flow-main/source/lab1/matrixmul/matrixmul/hls/.autopilot/db/matrixmul.tbgen.tcl 
Execute     source C:/Users/duong/Desktop/xup_high_level_synthesis_design_flow-main/source/lab1/matrixmul/matrixmul/hls/.autopilot/db/matrixmul.tbgen.tcl 
Execute     source C:/Users/duong/Desktop/xup_high_level_synthesis_design_flow-main/source/lab1/matrixmul/matrixmul/hls/.autopilot/db/matrixmul.tbgen.tcl 
Execute     source C:/Users/duong/Desktop/xup_high_level_synthesis_design_flow-main/source/lab1/matrixmul/matrixmul/hls/.autopilot/db/matrixmul.tbgen.tcl 
Execute     source C:/Users/duong/Desktop/xup_high_level_synthesis_design_flow-main/source/lab1/matrixmul/matrixmul/hls/.autopilot/db/matrixmul.tbgen.tcl 
Execute     source C:/Users/duong/Desktop/xup_high_level_synthesis_design_flow-main/source/lab1/matrixmul/matrixmul/hls/.autopilot/db/matrixmul.tbgen.tcl 
Execute     source C:/Users/duong/Desktop/xup_high_level_synthesis_design_flow-main/source/lab1/matrixmul/matrixmul/hls/.autopilot/db/matrixmul.tbgen.tcl 
Execute     source C:/Users/duong/Desktop/xup_high_level_synthesis_design_flow-main/source/lab1/matrixmul/matrixmul/hls/.autopilot/db/matrixmul.tbgen.tcl 
Execute     source C:/Users/duong/Desktop/xup_high_level_synthesis_design_flow-main/source/lab1/matrixmul/matrixmul/hls/.autopilot/db/matrixmul.tbgen.tcl 
Execute     source C:/Users/duong/Desktop/xup_high_level_synthesis_design_flow-main/source/lab1/matrixmul/matrixmul/hls/.autopilot/db/matrixmul.tbgen.tcl 
INFO: [COSIM 212-12] Generating RTL test bench ...
Execute     source ../tv/cdatafile/ref.tcl 
Execute     source C:/Users/duong/Desktop/xup_high_level_synthesis_design_flow-main/source/lab1/matrixmul/matrixmul/hls/.autopilot/db/matrixmul.tbgen.tcl 
Execute     source C:/Users/duong/Desktop/xup_high_level_synthesis_design_flow-main/source/lab1/matrixmul/matrixmul/hls/.autopilot/db/matrixmul.tbgen.tcl 
Execute     source C:/Users/duong/Desktop/xup_high_level_synthesis_design_flow-main/source/lab1/matrixmul/matrixmul/hls/.autopilot/db/matrixmul.tbgen.tcl 
Execute     source C:/Users/duong/Desktop/xup_high_level_synthesis_design_flow-main/source/lab1/matrixmul/matrixmul/hls/.autopilot/db/matrixmul.tbgen.tcl 
Execute     source ../tv/cdatafile/ref.tcl 
Execute     source C:/Users/duong/Desktop/xup_high_level_synthesis_design_flow-main/source/lab1/matrixmul/matrixmul/hls/.autopilot/db/matrixmul.tbgen.tcl 
Execute     source C:/Users/duong/Desktop/xup_high_level_synthesis_design_flow-main/source/lab1/matrixmul/matrixmul/hls/.autopilot/db/matrixmul.tbgen.tcl 
Execute     source C:/Users/duong/Desktop/xup_high_level_synthesis_design_flow-main/source/lab1/matrixmul/matrixmul/hls/.autopilot/db/matrixmul.tbgen.tcl 
Execute     source C:/Users/duong/Desktop/xup_high_level_synthesis_design_flow-main/source/lab1/matrixmul/matrixmul/hls/.autopilot/db/matrixmul.tbgen.tcl 
Execute     source C:/Users/duong/Desktop/xup_high_level_synthesis_design_flow-main/source/lab1/matrixmul/matrixmul/hls/.autopilot/db/matrixmul.tbgen.tcl 
Execute     source C:/Users/duong/Desktop/xup_high_level_synthesis_design_flow-main/source/lab1/matrixmul/matrixmul/hls/.autopilot/db/matrixmul.tbgen.tcl 
Execute     source C:/Users/duong/Desktop/xup_high_level_synthesis_design_flow-main/source/lab1/matrixmul/matrixmul/hls/.autopilot/db/matrixmul.tbgen.tcl 
Execute     source C:/Users/duong/Desktop/xup_high_level_synthesis_design_flow-main/source/lab1/matrixmul/matrixmul/hls/.autopilot/db/matrixmul.tbgen.tcl 
Execute     source C:/Users/duong/Desktop/xup_high_level_synthesis_design_flow-main/source/lab1/matrixmul/matrixmul/hls/.autopilot/db/matrixmul.tbgen.tcl 
Execute     source C:/Users/duong/Desktop/xup_high_level_synthesis_design_flow-main/source/lab1/matrixmul/matrixmul/hls/.autopilot/db/matrixmul.DependenceCheck.tcl 
Execute     source C:/Users/duong/Desktop/xup_high_level_synthesis_design_flow-main/source/lab1/matrixmul/matrixmul/hls/.autopilot/db/matrixmul.tbgen.tcl 
Execute     source C:/Users/duong/Desktop/xup_high_level_synthesis_design_flow-main/source/lab1/matrixmul/matrixmul/hls/.autopilot/db/matrixmul.tbgen.tcl 
Execute     source C:/Users/duong/Desktop/xup_high_level_synthesis_design_flow-main/source/lab1/matrixmul/matrixmul/hls/.autopilot/db/matrixmul.tbgen.tcl 
Execute     source C:/Users/duong/Desktop/xup_high_level_synthesis_design_flow-main/source/lab1/matrixmul/matrixmul/hls/.autopilot/db/matrixmul.tbgen.tcl 
Execute     source C:/Users/duong/Desktop/xup_high_level_synthesis_design_flow-main/source/lab1/matrixmul/matrixmul/hls/.autopilot/db/matrixmul.tbgen.tcl 
Execute     source C:/Users/duong/Desktop/xup_high_level_synthesis_design_flow-main/source/lab1/matrixmul/matrixmul/hls/.autopilot/db/matrixmul.tbgen.tcl 
Execute     source ../tv/cdatafile/ref.tcl 
Execute     source C:/Users/duong/Desktop/xup_high_level_synthesis_design_flow-main/source/lab1/matrixmul/matrixmul/hls/.autopilot/db/matrixmul.tbgen.tcl 
Execute     source C:/Users/duong/Desktop/xup_high_level_synthesis_design_flow-main/source/lab1/matrixmul/matrixmul/hls/.autopilot/db/matrixmul.tbgen.tcl 
Execute     source C:/Users/duong/Desktop/xup_high_level_synthesis_design_flow-main/source/lab1/matrixmul/matrixmul/hls/.autopilot/db/matrixmul.tbgen.tcl 
Execute     source C:/Users/duong/Desktop/xup_high_level_synthesis_design_flow-main/source/lab1/matrixmul/matrixmul/hls/.autopilot/db/cosimDB.tcl 
INFO: [COSIM 212-1] *** C/RTL co-simulation file generation completed. ***
Execute     source .run_sim.tcl 
Execute       source check_sim.tcl 
Execute       source dataflow_monitor_API.tcl 
Execute       source .sim.status.tcl 
INFO: [COSIM 212-323] Starting verilog simulation. 
INFO: [COSIM 212-15] Starting XSIM ...
INFO: [COSIM 212-316] Starting C post checking ...
ERROR: [COSIM 212-362] Aborting co-simulation: C TB post check failed.
Command     ap_source done; error code: 1; 867.673 sec.
ERROR: [COSIM 212-4] *** C/RTL co-simulation finished: FAIL ***
INFO: [COSIM 212-211] II is measurable only when transaction number is greater than 1 in RTL simulation. Otherwise, they will be marked as all NA. If user wants to calculate them, please make sure there are at least 2 transactions in RTL simulation.
INFO-FLOW: Caught error in cosim_design: 
    while executing
"ap_internal_cosim_design "
Command   cosim_design done; error code: 2; 878.74 sec.
Execute   close_project 
Execute     close_solution 
Execute       cleanup_all 
Execute       cleanup_all 
Execute       source -notrace -encoding utf-8 D:/movies/2025.2/Vitis/tps/tcl/tcl8.6/clock.tcl 
Execute         source -encoding utf-8 D:/movies/2025.2/Vitis/tps/tcl/tcl8/8.5/msgcat-1.6.1.tm 
Execute           source D:/movies/2025.2/Vitis/tps/tcl/tcllib2.0/0compatibility/pkgIndex.tcl 
Execute           source D:/movies/2025.2/Vitis/tps/tcl/tcllib2.0/amazon-s3/pkgIndex.tcl 
Execute           source D:/movies/2025.2/Vitis/tps/tcl/tcllib2.0/asn/pkgIndex.tcl 
Execute           source D:/movies/2025.2/Vitis/tps/tcl/tcllib2.0/base32/pkgIndex.tcl 
Execute           source D:/movies/2025.2/Vitis/tps/tcl/tcllib2.0/base64/pkgIndex.tcl 
Execute           source D:/movies/2025.2/Vitis/tps/tcl/tcllib2.0/bee/pkgIndex.tcl 
Execute           source D:/movies/2025.2/Vitis/tps/tcl/tcllib2.0/bench/pkgIndex.tcl 
Execute           source D:/movies/2025.2/Vitis/tps/tcl/tcllib2.0/bibtex/pkgIndex.tcl 
Execute           source D:/movies/2025.2/Vitis/tps/tcl/tcllib2.0/cache/pkgIndex.tcl 
Execute           source D:/movies/2025.2/Vitis/tps/tcl/tcllib2.0/clay/pkgIndex.tcl 
Execute           source D:/movies/2025.2/Vitis/tps/tcl/tcllib2.0/clock/pkgIndex.tcl 
Execute           source D:/movies/2025.2/Vitis/tps/tcl/tcllib2.0/cmdline/pkgIndex.tcl 
Execute           source D:/movies/2025.2/Vitis/tps/tcl/tcllib2.0/comm/pkgIndex.tcl 
Execute           source D:/movies/2025.2/Vitis/tps/tcl/tcllib2.0/control/pkgIndex.tcl 
Execute           source D:/movies/2025.2/Vitis/tps/tcl/tcllib2.0/coroutine/pkgIndex.tcl 
Execute           source D:/movies/2025.2/Vitis/tps/tcl/tcllib2.0/counter/pkgIndex.tcl 
Execute           source D:/movies/2025.2/Vitis/tps/tcl/tcllib2.0/crc/pkgIndex.tcl 
Execute           source D:/movies/2025.2/Vitis/tps/tcl/tcllib2.0/cron/pkgIndex.tcl 
Execute           source D:/movies/2025.2/Vitis/tps/tcl/tcllib2.0/csv/pkgIndex.tcl 
Execute           source D:/movies/2025.2/Vitis/tps/tcl/tcllib2.0/debug/pkgIndex.tcl 
Execute           source D:/movies/2025.2/Vitis/tps/tcl/tcllib2.0/defer/pkgIndex.tcl 
Execute           source D:/movies/2025.2/Vitis/tps/tcl/tcllib2.0/dicttool/pkgIndex.tcl 
Execute           source D:/movies/2025.2/Vitis/tps/tcl/tcllib2.0/dns/pkgIndex.tcl 
Execute           source D:/movies/2025.2/Vitis/tps/tcl/tcllib2.0/docstrip/pkgIndex.tcl 
Execute           source D:/movies/2025.2/Vitis/tps/tcl/tcllib2.0/doctools/pkgIndex.tcl 
Execute           source D:/movies/2025.2/Vitis/tps/tcl/tcllib2.0/doctools2base/pkgIndex.tcl 
Execute           source D:/movies/2025.2/Vitis/tps/tcl/tcllib2.0/doctools2idx/pkgIndex.tcl 
Execute           source D:/movies/2025.2/Vitis/tps/tcl/tcllib2.0/doctools2toc/pkgIndex.tcl 
Execute           source D:/movies/2025.2/Vitis/tps/tcl/tcllib2.0/dtplite/pkgIndex.tcl 
Execute           source D:/movies/2025.2/Vitis/tps/tcl/tcllib2.0/fileutil/pkgIndex.tcl 
Execute           source D:/movies/2025.2/Vitis/tps/tcl/tcllib2.0/ftp/pkgIndex.tcl 
Execute           source D:/movies/2025.2/Vitis/tps/tcl/tcllib2.0/ftpd/pkgIndex.tcl 
Execute           source D:/movies/2025.2/Vitis/tps/tcl/tcllib2.0/fumagic/pkgIndex.tcl 
Execute           source D:/movies/2025.2/Vitis/tps/tcl/tcllib2.0/generator/pkgIndex.tcl 
Execute           source D:/movies/2025.2/Vitis/tps/tcl/tcllib2.0/gpx/pkgIndex.tcl 
Execute           source D:/movies/2025.2/Vitis/tps/tcl/tcllib2.0/grammar_aycock/pkgIndex.tcl 
Execute           source D:/movies/2025.2/Vitis/tps/tcl/tcllib2.0/grammar_fa/pkgIndex.tcl 
Execute           source D:/movies/2025.2/Vitis/tps/tcl/tcllib2.0/grammar_me/pkgIndex.tcl 
Execute           source D:/movies/2025.2/Vitis/tps/tcl/tcllib2.0/grammar_peg/pkgIndex.tcl 
Execute           source D:/movies/2025.2/Vitis/tps/tcl/tcllib2.0/hook/pkgIndex.tcl 
Execute           source D:/movies/2025.2/Vitis/tps/tcl/tcllib2.0/html/pkgIndex.tcl 
Execute           source D:/movies/2025.2/Vitis/tps/tcl/tcllib2.0/htmlparse/pkgIndex.tcl 
Execute           source D:/movies/2025.2/Vitis/tps/tcl/tcllib2.0/http/pkgIndex.tcl 
Execute           source D:/movies/2025.2/Vitis/tps/tcl/tcllib2.0/httpd/pkgIndex.tcl 
Execute           source D:/movies/2025.2/Vitis/tps/tcl/tcllib2.0/httpwget/pkgIndex.tcl 
Execute           source D:/movies/2025.2/Vitis/tps/tcl/tcllib2.0/ident/pkgIndex.tcl 
Execute           source D:/movies/2025.2/Vitis/tps/tcl/tcllib2.0/imap4/pkgIndex.tcl 
Execute           source D:/movies/2025.2/Vitis/tps/tcl/tcllib2.0/inifile/pkgIndex.tcl 
Execute           source D:/movies/2025.2/Vitis/tps/tcl/tcllib2.0/interp/pkgIndex.tcl 
Execute           source D:/movies/2025.2/Vitis/tps/tcl/tcllib2.0/irc/pkgIndex.tcl 
Execute           source D:/movies/2025.2/Vitis/tps/tcl/tcllib2.0/javascript/pkgIndex.tcl 
Execute           source D:/movies/2025.2/Vitis/tps/tcl/tcllib2.0/jpeg/pkgIndex.tcl 
Execute           source D:/movies/2025.2/Vitis/tps/tcl/tcllib2.0/json/pkgIndex.tcl 
Execute           source D:/movies/2025.2/Vitis/tps/tcl/tcllib2.0/lambda/pkgIndex.tcl 
Execute           source D:/movies/2025.2/Vitis/tps/tcl/tcllib2.0/lazyset/pkgIndex.tcl 
Execute           source D:/movies/2025.2/Vitis/tps/tcl/tcllib2.0/ldap/pkgIndex.tcl 
Execute           source D:/movies/2025.2/Vitis/tps/tcl/tcllib2.0/log/pkgIndex.tcl 
Execute           source D:/movies/2025.2/Vitis/tps/tcl/tcllib2.0/map/pkgIndex.tcl 
Execute           source D:/movies/2025.2/Vitis/tps/tcl/tcllib2.0/mapproj/pkgIndex.tcl 
Execute           source D:/movies/2025.2/Vitis/tps/tcl/tcllib2.0/markdown/pkgIndex.tcl 
Execute           source D:/movies/2025.2/Vitis/tps/tcl/tcllib2.0/math/pkgIndex.tcl 
Execute           source D:/movies/2025.2/Vitis/tps/tcl/tcllib2.0/md4/pkgIndex.tcl 
Execute           source D:/movies/2025.2/Vitis/tps/tcl/tcllib2.0/md5/pkgIndex.tcl 
Execute           source D:/movies/2025.2/Vitis/tps/tcl/tcllib2.0/md5crypt/pkgIndex.tcl 
Execute           source D:/movies/2025.2/Vitis/tps/tcl/tcllib2.0/mime/pkgIndex.tcl 
Execute           source D:/movies/2025.2/Vitis/tps/tcl/tcllib2.0/mkdoc/pkgIndex.tcl 
Execute           source D:/movies/2025.2/Vitis/tps/tcl/tcllib2.0/multiplexer/pkgIndex.tcl 
Execute           source D:/movies/2025.2/Vitis/tps/tcl/tcllib2.0/namespacex/pkgIndex.tcl 
Execute           source D:/movies/2025.2/Vitis/tps/tcl/tcllib2.0/ncgi/pkgIndex.tcl 
Execute           source D:/movies/2025.2/Vitis/tps/tcl/tcllib2.0/nettool/pkgIndex.tcl 
Execute           source D:/movies/2025.2/Vitis/tps/tcl/tcllib2.0/nmea/pkgIndex.tcl 
Execute           source D:/movies/2025.2/Vitis/tps/tcl/tcllib2.0/nns/pkgIndex.tcl 
Execute           source D:/movies/2025.2/Vitis/tps/tcl/tcllib2.0/nntp/pkgIndex.tcl 
Execute           source D:/movies/2025.2/Vitis/tps/tcl/tcllib2.0/ntp/pkgIndex.tcl 
Execute           source D:/movies/2025.2/Vitis/tps/tcl/tcllib2.0/oauth/pkgIndex.tcl 
Execute           source D:/movies/2025.2/Vitis/tps/tcl/tcllib2.0/oodialect/pkgIndex.tcl 
Execute           source D:/movies/2025.2/Vitis/tps/tcl/tcllib2.0/oometa/pkgIndex.tcl 
Execute           source D:/movies/2025.2/Vitis/tps/tcl/tcllib2.0/ooutil/pkgIndex.tcl 
Execute           source D:/movies/2025.2/Vitis/tps/tcl/tcllib2.0/otp/pkgIndex.tcl 
Execute           source D:/movies/2025.2/Vitis/tps/tcl/tcllib2.0/page/pkgIndex.tcl 
Execute           source D:/movies/2025.2/Vitis/tps/tcl/tcllib2.0/pluginmgr/pkgIndex.tcl 
Execute           source D:/movies/2025.2/Vitis/tps/tcl/tcllib2.0/png/pkgIndex.tcl 
Execute           source D:/movies/2025.2/Vitis/tps/tcl/tcllib2.0/pop3/pkgIndex.tcl 
Execute           source D:/movies/2025.2/Vitis/tps/tcl/tcllib2.0/pop3d/pkgIndex.tcl 
Execute           source D:/movies/2025.2/Vitis/tps/tcl/tcllib2.0/practcl/pkgIndex.tcl 
Execute           source D:/movies/2025.2/Vitis/tps/tcl/tcllib2.0/processman/pkgIndex.tcl 
Execute           source D:/movies/2025.2/Vitis/tps/tcl/tcllib2.0/profiler/pkgIndex.tcl 
Execute           source D:/movies/2025.2/Vitis/tps/tcl/tcllib2.0/pt/pkgIndex.tcl 
Execute           source D:/movies/2025.2/Vitis/tps/tcl/tcllib2.0/rcs/pkgIndex.tcl 
Execute           source D:/movies/2025.2/Vitis/tps/tcl/tcllib2.0/report/pkgIndex.tcl 
Execute           source D:/movies/2025.2/Vitis/tps/tcl/tcllib2.0/rest/pkgIndex.tcl 
Execute           source D:/movies/2025.2/Vitis/tps/tcl/tcllib2.0/ripemd/pkgIndex.tcl 
Execute           source D:/movies/2025.2/Vitis/tps/tcl/tcllib2.0/sasl/pkgIndex.tcl 
Execute           source D:/movies/2025.2/Vitis/tps/tcl/tcllib2.0/sha1/pkgIndex.tcl 
Execute           source D:/movies/2025.2/Vitis/tps/tcl/tcllib2.0/simulation/pkgIndex.tcl 
Execute           source D:/movies/2025.2/Vitis/tps/tcl/tcllib2.0/smtpd/pkgIndex.tcl 
Execute           source D:/movies/2025.2/Vitis/tps/tcl/tcllib2.0/snit/pkgIndex.tcl 
Execute           source D:/movies/2025.2/Vitis/tps/tcl/tcllib2.0/soundex/pkgIndex.tcl 
Execute           source D:/movies/2025.2/Vitis/tps/tcl/tcllib2.0/stooop/pkgIndex.tcl 
Execute           source D:/movies/2025.2/Vitis/tps/tcl/tcllib2.0/string/pkgIndex.tcl 
Execute           source D:/movies/2025.2/Vitis/tps/tcl/tcllib2.0/stringprep/pkgIndex.tcl 
Execute           source D:/movies/2025.2/Vitis/tps/tcl/tcllib2.0/struct/pkgIndex.tcl 
Execute           source D:/movies/2025.2/Vitis/tps/tcl/tcllib2.0/tar/pkgIndex.tcl 
Execute           source D:/movies/2025.2/Vitis/tps/tcl/tcllib2.0/tepam/pkgIndex.tcl 
Execute           source D:/movies/2025.2/Vitis/tps/tcl/tcllib2.0/term/pkgIndex.tcl 
Execute           source D:/movies/2025.2/Vitis/tps/tcl/tcllib2.0/textutil/pkgIndex.tcl 
Execute           source D:/movies/2025.2/Vitis/tps/tcl/tcllib2.0/tie/pkgIndex.tcl 
Execute           source D:/movies/2025.2/Vitis/tps/tcl/tcllib2.0/tiff/pkgIndex.tcl 
Execute           source D:/movies/2025.2/Vitis/tps/tcl/tcllib2.0/tool/pkgIndex.tcl 
Execute           source D:/movies/2025.2/Vitis/tps/tcl/tcllib2.0/transfer/pkgIndex.tcl 
Execute           source D:/movies/2025.2/Vitis/tps/tcl/tcllib2.0/treeql/pkgIndex.tcl 
Execute           source D:/movies/2025.2/Vitis/tps/tcl/tcllib2.0/try/pkgIndex.tcl 
Execute           source D:/movies/2025.2/Vitis/tps/tcl/tcllib2.0/udpcluster/pkgIndex.tcl 
Execute           source D:/movies/2025.2/Vitis/tps/tcl/tcllib2.0/uev/pkgIndex.tcl 
Execute           source D:/movies/2025.2/Vitis/tps/tcl/tcllib2.0/units/pkgIndex.tcl 
Execute           source D:/movies/2025.2/Vitis/tps/tcl/tcllib2.0/uri/pkgIndex.tcl 
Execute           source D:/movies/2025.2/Vitis/tps/tcl/tcllib2.0/uuid/pkgIndex.tcl 
Execute           source D:/movies/2025.2/Vitis/tps/tcl/tcllib2.0/valtype/pkgIndex.tcl 
Execute           source D:/movies/2025.2/Vitis/tps/tcl/tcllib2.0/virtchannel_base/pkgIndex.tcl 
Execute           source D:/movies/2025.2/Vitis/tps/tcl/tcllib2.0/virtchannel_core/pkgIndex.tcl 
Execute           source D:/movies/2025.2/Vitis/tps/tcl/tcllib2.0/virtchannel_transform/pkgIndex.tcl 
Execute           source D:/movies/2025.2/Vitis/tps/tcl/tcllib2.0/websocket/pkgIndex.tcl 
Execute           source D:/movies/2025.2/Vitis/tps/tcl/tcllib2.0/wip/pkgIndex.tcl 
Execute           source D:/movies/2025.2/Vitis/tps/tcl/tcllib2.0/yaml/pkgIndex.tcl 
Execute           source D:/movies/2025.2/Vitis/tps/tcl/tcllib2.0/zip/pkgIndex.tcl 
Execute           source D:/movies/2025.2/Vitis/tps/tcl/tcllib2.0/pkgIndex.tcl 
Execute             source D:/movies/2025.2/Vitis/tps/tcl/tcllib2.0/0compatibility/pkgIndex.tcl 
Execute             source D:/movies/2025.2/Vitis/tps/tcl/tcllib2.0/amazon-s3/pkgIndex.tcl 
Execute             source D:/movies/2025.2/Vitis/tps/tcl/tcllib2.0/asn/pkgIndex.tcl 
Execute             source D:/movies/2025.2/Vitis/tps/tcl/tcllib2.0/base32/pkgIndex.tcl 
Execute             source D:/movies/2025.2/Vitis/tps/tcl/tcllib2.0/base64/pkgIndex.tcl 
Execute             source D:/movies/2025.2/Vitis/tps/tcl/tcllib2.0/bee/pkgIndex.tcl 
Execute             source D:/movies/2025.2/Vitis/tps/tcl/tcllib2.0/bench/pkgIndex.tcl 
Execute             source D:/movies/2025.2/Vitis/tps/tcl/tcllib2.0/bibtex/pkgIndex.tcl 
Execute             source D:/movies/2025.2/Vitis/tps/tcl/tcllib2.0/cache/pkgIndex.tcl 
Execute             source D:/movies/2025.2/Vitis/tps/tcl/tcllib2.0/clay/pkgIndex.tcl 
Execute             source D:/movies/2025.2/Vitis/tps/tcl/tcllib2.0/clock/pkgIndex.tcl 
Execute             source D:/movies/2025.2/Vitis/tps/tcl/tcllib2.0/cmdline/pkgIndex.tcl 
Execute             source D:/movies/2025.2/Vitis/tps/tcl/tcllib2.0/comm/pkgIndex.tcl 
Execute             source D:/movies/2025.2/Vitis/tps/tcl/tcllib2.0/control/pkgIndex.tcl 
Execute             source D:/movies/2025.2/Vitis/tps/tcl/tcllib2.0/coroutine/pkgIndex.tcl 
Execute             source D:/movies/2025.2/Vitis/tps/tcl/tcllib2.0/counter/pkgIndex.tcl 
Execute             source D:/movies/2025.2/Vitis/tps/tcl/tcllib2.0/crc/pkgIndex.tcl 
Execute             source D:/movies/2025.2/Vitis/tps/tcl/tcllib2.0/cron/pkgIndex.tcl 
Execute             source D:/movies/2025.2/Vitis/tps/tcl/tcllib2.0/csv/pkgIndex.tcl 
Execute             source D:/movies/2025.2/Vitis/tps/tcl/tcllib2.0/debug/pkgIndex.tcl 
Execute             source D:/movies/2025.2/Vitis/tps/tcl/tcllib2.0/defer/pkgIndex.tcl 
Execute             source D:/movies/2025.2/Vitis/tps/tcl/tcllib2.0/dicttool/pkgIndex.tcl 
Execute             source D:/movies/2025.2/Vitis/tps/tcl/tcllib2.0/dns/pkgIndex.tcl 
Execute             source D:/movies/2025.2/Vitis/tps/tcl/tcllib2.0/docstrip/pkgIndex.tcl 
Execute             source D:/movies/2025.2/Vitis/tps/tcl/tcllib2.0/doctools/pkgIndex.tcl 
Execute             source D:/movies/2025.2/Vitis/tps/tcl/tcllib2.0/doctools2base/pkgIndex.tcl 
Execute             source D:/movies/2025.2/Vitis/tps/tcl/tcllib2.0/doctools2idx/pkgIndex.tcl 
Execute             source D:/movies/2025.2/Vitis/tps/tcl/tcllib2.0/doctools2toc/pkgIndex.tcl 
Execute             source D:/movies/2025.2/Vitis/tps/tcl/tcllib2.0/dtplite/pkgIndex.tcl 
Execute             source D:/movies/2025.2/Vitis/tps/tcl/tcllib2.0/fileutil/pkgIndex.tcl 
Execute             source D:/movies/2025.2/Vitis/tps/tcl/tcllib2.0/ftp/pkgIndex.tcl 
Execute             source D:/movies/2025.2/Vitis/tps/tcl/tcllib2.0/ftpd/pkgIndex.tcl 
Execute             source D:/movies/2025.2/Vitis/tps/tcl/tcllib2.0/fumagic/pkgIndex.tcl 
Execute             source D:/movies/2025.2/Vitis/tps/tcl/tcllib2.0/generator/pkgIndex.tcl 
Execute             source D:/movies/2025.2/Vitis/tps/tcl/tcllib2.0/gpx/pkgIndex.tcl 
Execute             source D:/movies/2025.2/Vitis/tps/tcl/tcllib2.0/grammar_aycock/pkgIndex.tcl 
Execute             source D:/movies/2025.2/Vitis/tps/tcl/tcllib2.0/grammar_fa/pkgIndex.tcl 
Execute             source D:/movies/2025.2/Vitis/tps/tcl/tcllib2.0/grammar_me/pkgIndex.tcl 
Execute             source D:/movies/2025.2/Vitis/tps/tcl/tcllib2.0/grammar_peg/pkgIndex.tcl 
Execute             source D:/movies/2025.2/Vitis/tps/tcl/tcllib2.0/hook/pkgIndex.tcl 
Execute             source D:/movies/2025.2/Vitis/tps/tcl/tcllib2.0/html/pkgIndex.tcl 
Execute             source D:/movies/2025.2/Vitis/tps/tcl/tcllib2.0/htmlparse/pkgIndex.tcl 
Execute             source D:/movies/2025.2/Vitis/tps/tcl/tcllib2.0/http/pkgIndex.tcl 
Execute             source D:/movies/2025.2/Vitis/tps/tcl/tcllib2.0/httpd/pkgIndex.tcl 
Execute             source D:/movies/2025.2/Vitis/tps/tcl/tcllib2.0/httpwget/pkgIndex.tcl 
Execute             source D:/movies/2025.2/Vitis/tps/tcl/tcllib2.0/ident/pkgIndex.tcl 
Execute             source D:/movies/2025.2/Vitis/tps/tcl/tcllib2.0/imap4/pkgIndex.tcl 
Execute             source D:/movies/2025.2/Vitis/tps/tcl/tcllib2.0/inifile/pkgIndex.tcl 
Execute             source D:/movies/2025.2/Vitis/tps/tcl/tcllib2.0/interp/pkgIndex.tcl 
Execute             source D:/movies/2025.2/Vitis/tps/tcl/tcllib2.0/irc/pkgIndex.tcl 
Execute             source D:/movies/2025.2/Vitis/tps/tcl/tcllib2.0/javascript/pkgIndex.tcl 
Execute             source D:/movies/2025.2/Vitis/tps/tcl/tcllib2.0/jpeg/pkgIndex.tcl 
Execute             source D:/movies/2025.2/Vitis/tps/tcl/tcllib2.0/json/pkgIndex.tcl 
Execute             source D:/movies/2025.2/Vitis/tps/tcl/tcllib2.0/lambda/pkgIndex.tcl 
Execute             source D:/movies/2025.2/Vitis/tps/tcl/tcllib2.0/lazyset/pkgIndex.tcl 
Execute             source D:/movies/2025.2/Vitis/tps/tcl/tcllib2.0/ldap/pkgIndex.tcl 
Execute             source D:/movies/2025.2/Vitis/tps/tcl/tcllib2.0/log/pkgIndex.tcl 
Execute             source D:/movies/2025.2/Vitis/tps/tcl/tcllib2.0/map/pkgIndex.tcl 
Execute             source D:/movies/2025.2/Vitis/tps/tcl/tcllib2.0/mapproj/pkgIndex.tcl 
Execute             source D:/movies/2025.2/Vitis/tps/tcl/tcllib2.0/markdown/pkgIndex.tcl 
Execute             source D:/movies/2025.2/Vitis/tps/tcl/tcllib2.0/math/pkgIndex.tcl 
Execute             source D:/movies/2025.2/Vitis/tps/tcl/tcllib2.0/md4/pkgIndex.tcl 
Execute             source D:/movies/2025.2/Vitis/tps/tcl/tcllib2.0/md5/pkgIndex.tcl 
Execute             source D:/movies/2025.2/Vitis/tps/tcl/tcllib2.0/md5crypt/pkgIndex.tcl 
Execute             source D:/movies/2025.2/Vitis/tps/tcl/tcllib2.0/mime/pkgIndex.tcl 
Execute             source D:/movies/2025.2/Vitis/tps/tcl/tcllib2.0/mkdoc/pkgIndex.tcl 
Execute             source D:/movies/2025.2/Vitis/tps/tcl/tcllib2.0/multiplexer/pkgIndex.tcl 
Execute             source D:/movies/2025.2/Vitis/tps/tcl/tcllib2.0/namespacex/pkgIndex.tcl 
Execute             source D:/movies/2025.2/Vitis/tps/tcl/tcllib2.0/ncgi/pkgIndex.tcl 
Execute             source D:/movies/2025.2/Vitis/tps/tcl/tcllib2.0/nettool/pkgIndex.tcl 
Execute             source D:/movies/2025.2/Vitis/tps/tcl/tcllib2.0/nmea/pkgIndex.tcl 
Execute             source D:/movies/2025.2/Vitis/tps/tcl/tcllib2.0/nns/pkgIndex.tcl 
Execute             source D:/movies/2025.2/Vitis/tps/tcl/tcllib2.0/nntp/pkgIndex.tcl 
Execute             source D:/movies/2025.2/Vitis/tps/tcl/tcllib2.0/ntp/pkgIndex.tcl 
Execute             source D:/movies/2025.2/Vitis/tps/tcl/tcllib2.0/oauth/pkgIndex.tcl 
Execute             source D:/movies/2025.2/Vitis/tps/tcl/tcllib2.0/oodialect/pkgIndex.tcl 
Execute             source D:/movies/2025.2/Vitis/tps/tcl/tcllib2.0/oometa/pkgIndex.tcl 
Execute             source D:/movies/2025.2/Vitis/tps/tcl/tcllib2.0/ooutil/pkgIndex.tcl 
Execute             source D:/movies/2025.2/Vitis/tps/tcl/tcllib2.0/otp/pkgIndex.tcl 
Execute             source D:/movies/2025.2/Vitis/tps/tcl/tcllib2.0/page/pkgIndex.tcl 
Execute             source D:/movies/2025.2/Vitis/tps/tcl/tcllib2.0/pluginmgr/pkgIndex.tcl 
Execute             source D:/movies/2025.2/Vitis/tps/tcl/tcllib2.0/png/pkgIndex.tcl 
Execute             source D:/movies/2025.2/Vitis/tps/tcl/tcllib2.0/pop3/pkgIndex.tcl 
Execute             source D:/movies/2025.2/Vitis/tps/tcl/tcllib2.0/pop3d/pkgIndex.tcl 
Execute             source D:/movies/2025.2/Vitis/tps/tcl/tcllib2.0/practcl/pkgIndex.tcl 
Execute             source D:/movies/2025.2/Vitis/tps/tcl/tcllib2.0/processman/pkgIndex.tcl 
Execute             source D:/movies/2025.2/Vitis/tps/tcl/tcllib2.0/profiler/pkgIndex.tcl 
Execute             source D:/movies/2025.2/Vitis/tps/tcl/tcllib2.0/pt/pkgIndex.tcl 
Execute             source D:/movies/2025.2/Vitis/tps/tcl/tcllib2.0/rcs/pkgIndex.tcl 
Execute             source D:/movies/2025.2/Vitis/tps/tcl/tcllib2.0/report/pkgIndex.tcl 
Execute             source D:/movies/2025.2/Vitis/tps/tcl/tcllib2.0/rest/pkgIndex.tcl 
Execute             source D:/movies/2025.2/Vitis/tps/tcl/tcllib2.0/ripemd/pkgIndex.tcl 
Execute             source D:/movies/2025.2/Vitis/tps/tcl/tcllib2.0/sasl/pkgIndex.tcl 
Execute             source D:/movies/2025.2/Vitis/tps/tcl/tcllib2.0/sha1/pkgIndex.tcl 
Execute             source D:/movies/2025.2/Vitis/tps/tcl/tcllib2.0/simulation/pkgIndex.tcl 
Execute             source D:/movies/2025.2/Vitis/tps/tcl/tcllib2.0/smtpd/pkgIndex.tcl 
Execute             source D:/movies/2025.2/Vitis/tps/tcl/tcllib2.0/snit/pkgIndex.tcl 
Execute             source D:/movies/2025.2/Vitis/tps/tcl/tcllib2.0/soundex/pkgIndex.tcl 
Execute             source D:/movies/2025.2/Vitis/tps/tcl/tcllib2.0/stooop/pkgIndex.tcl 
Execute             source D:/movies/2025.2/Vitis/tps/tcl/tcllib2.0/string/pkgIndex.tcl 
Execute             source D:/movies/2025.2/Vitis/tps/tcl/tcllib2.0/stringprep/pkgIndex.tcl 
Execute             source D:/movies/2025.2/Vitis/tps/tcl/tcllib2.0/struct/pkgIndex.tcl 
Execute             source D:/movies/2025.2/Vitis/tps/tcl/tcllib2.0/tar/pkgIndex.tcl 
Execute             source D:/movies/2025.2/Vitis/tps/tcl/tcllib2.0/tepam/pkgIndex.tcl 
Execute             source D:/movies/2025.2/Vitis/tps/tcl/tcllib2.0/term/pkgIndex.tcl 
Execute             source D:/movies/2025.2/Vitis/tps/tcl/tcllib2.0/textutil/pkgIndex.tcl 
Execute             source D:/movies/2025.2/Vitis/tps/tcl/tcllib2.0/tie/pkgIndex.tcl 
Execute             source D:/movies/2025.2/Vitis/tps/tcl/tcllib2.0/tiff/pkgIndex.tcl 
Execute             source D:/movies/2025.2/Vitis/tps/tcl/tcllib2.0/tool/pkgIndex.tcl 
Execute             source D:/movies/2025.2/Vitis/tps/tcl/tcllib2.0/transfer/pkgIndex.tcl 
Execute             source D:/movies/2025.2/Vitis/tps/tcl/tcllib2.0/treeql/pkgIndex.tcl 
Execute             source D:/movies/2025.2/Vitis/tps/tcl/tcllib2.0/try/pkgIndex.tcl 
Execute             source D:/movies/2025.2/Vitis/tps/tcl/tcllib2.0/udpcluster/pkgIndex.tcl 
Execute             source D:/movies/2025.2/Vitis/tps/tcl/tcllib2.0/uev/pkgIndex.tcl 
Execute             source D:/movies/2025.2/Vitis/tps/tcl/tcllib2.0/units/pkgIndex.tcl 
Execute             source D:/movies/2025.2/Vitis/tps/tcl/tcllib2.0/uri/pkgIndex.tcl 
Execute             source D:/movies/2025.2/Vitis/tps/tcl/tcllib2.0/uuid/pkgIndex.tcl 
Execute             source D:/movies/2025.2/Vitis/tps/tcl/tcllib2.0/valtype/pkgIndex.tcl 
Execute             source D:/movies/2025.2/Vitis/tps/tcl/tcllib2.0/virtchannel_base/pkgIndex.tcl 
Execute             source D:/movies/2025.2/Vitis/tps/tcl/tcllib2.0/virtchannel_core/pkgIndex.tcl 
Execute             source D:/movies/2025.2/Vitis/tps/tcl/tcllib2.0/virtchannel_transform/pkgIndex.tcl 
Execute             source D:/movies/2025.2/Vitis/tps/tcl/tcllib2.0/websocket/pkgIndex.tcl 
Execute             source D:/movies/2025.2/Vitis/tps/tcl/tcllib2.0/wip/pkgIndex.tcl 
Execute             source D:/movies/2025.2/Vitis/tps/tcl/tcllib2.0/yaml/pkgIndex.tcl 
Execute             source D:/movies/2025.2/Vitis/tps/tcl/tcllib2.0/zip/pkgIndex.tcl 
Command           ap_source done; 0.147 sec.
Execute           source D:/movies/2025.2/Vitis/tps/tcl/tdom/pkgIndex.tcl 
Execute           source D:/movies/2025.2/Vitis/tps/tcl/tcl8.6/opt0.4/pkgIndex.tcl 
Execute           source D:/movies/2025.2/Vitis/tps/tcl/tcl8.6/pkgs/win/thread2.8.7/pkgIndex.tcl 
Command         ap_source done; 0.329 sec.
Execute         source D:/movies/2025.2/Vitis/tps/tcl/tcllib2.0/0compatibility/pkgIndex.tcl 
Execute         source D:/movies/2025.2/Vitis/tps/tcl/tcllib2.0/amazon-s3/pkgIndex.tcl 
Execute         source D:/movies/2025.2/Vitis/tps/tcl/tcllib2.0/asn/pkgIndex.tcl 
Execute         source D:/movies/2025.2/Vitis/tps/tcl/tcllib2.0/base32/pkgIndex.tcl 
Execute         source D:/movies/2025.2/Vitis/tps/tcl/tcllib2.0/base64/pkgIndex.tcl 
Execute         source D:/movies/2025.2/Vitis/tps/tcl/tcllib2.0/bee/pkgIndex.tcl 
Execute         source D:/movies/2025.2/Vitis/tps/tcl/tcllib2.0/bench/pkgIndex.tcl 
Execute         source D:/movies/2025.2/Vitis/tps/tcl/tcllib2.0/bibtex/pkgIndex.tcl 
Execute         source D:/movies/2025.2/Vitis/tps/tcl/tcllib2.0/cache/pkgIndex.tcl 
Execute         source D:/movies/2025.2/Vitis/tps/tcl/tcllib2.0/clay/pkgIndex.tcl 
Execute         source D:/movies/2025.2/Vitis/tps/tcl/tcllib2.0/clock/pkgIndex.tcl 
Execute         source D:/movies/2025.2/Vitis/tps/tcl/tcllib2.0/cmdline/pkgIndex.tcl 
Execute         source D:/movies/2025.2/Vitis/tps/tcl/tcllib2.0/comm/pkgIndex.tcl 
Execute         source D:/movies/2025.2/Vitis/tps/tcl/tcllib2.0/control/pkgIndex.tcl 
Execute         source D:/movies/2025.2/Vitis/tps/tcl/tcllib2.0/coroutine/pkgIndex.tcl 
Execute         source D:/movies/2025.2/Vitis/tps/tcl/tcllib2.0/counter/pkgIndex.tcl 
Execute         source D:/movies/2025.2/Vitis/tps/tcl/tcllib2.0/crc/pkgIndex.tcl 
Execute         source D:/movies/2025.2/Vitis/tps/tcl/tcllib2.0/cron/pkgIndex.tcl 
Execute         source D:/movies/2025.2/Vitis/tps/tcl/tcllib2.0/csv/pkgIndex.tcl 
Execute         source D:/movies/2025.2/Vitis/tps/tcl/tcllib2.0/debug/pkgIndex.tcl 
Execute         source D:/movies/2025.2/Vitis/tps/tcl/tcllib2.0/defer/pkgIndex.tcl 
Execute         source D:/movies/2025.2/Vitis/tps/tcl/tcllib2.0/dicttool/pkgIndex.tcl 
Execute         source D:/movies/2025.2/Vitis/tps/tcl/tcllib2.0/dns/pkgIndex.tcl 
Execute         source D:/movies/2025.2/Vitis/tps/tcl/tcllib2.0/docstrip/pkgIndex.tcl 
Execute         source D:/movies/2025.2/Vitis/tps/tcl/tcllib2.0/doctools/pkgIndex.tcl 
Execute         source D:/movies/2025.2/Vitis/tps/tcl/tcllib2.0/doctools2base/pkgIndex.tcl 
Execute         source D:/movies/2025.2/Vitis/tps/tcl/tcllib2.0/doctools2idx/pkgIndex.tcl 
Execute         source D:/movies/2025.2/Vitis/tps/tcl/tcllib2.0/doctools2toc/pkgIndex.tcl 
Execute         source D:/movies/2025.2/Vitis/tps/tcl/tcllib2.0/dtplite/pkgIndex.tcl 
Execute         source D:/movies/2025.2/Vitis/tps/tcl/tcllib2.0/fileutil/pkgIndex.tcl 
Execute         source D:/movies/2025.2/Vitis/tps/tcl/tcllib2.0/ftp/pkgIndex.tcl 
Execute         source D:/movies/2025.2/Vitis/tps/tcl/tcllib2.0/ftpd/pkgIndex.tcl 
Execute         source D:/movies/2025.2/Vitis/tps/tcl/tcllib2.0/fumagic/pkgIndex.tcl 
Execute         source D:/movies/2025.2/Vitis/tps/tcl/tcllib2.0/generator/pkgIndex.tcl 
Execute         source D:/movies/2025.2/Vitis/tps/tcl/tcllib2.0/gpx/pkgIndex.tcl 
Execute         source D:/movies/2025.2/Vitis/tps/tcl/tcllib2.0/grammar_aycock/pkgIndex.tcl 
Execute         source D:/movies/2025.2/Vitis/tps/tcl/tcllib2.0/grammar_fa/pkgIndex.tcl 
Execute         source D:/movies/2025.2/Vitis/tps/tcl/tcllib2.0/grammar_me/pkgIndex.tcl 
Execute         source D:/movies/2025.2/Vitis/tps/tcl/tcllib2.0/grammar_peg/pkgIndex.tcl 
Execute         source D:/movies/2025.2/Vitis/tps/tcl/tcllib2.0/hook/pkgIndex.tcl 
Execute         source D:/movies/2025.2/Vitis/tps/tcl/tcllib2.0/html/pkgIndex.tcl 
Execute         source D:/movies/2025.2/Vitis/tps/tcl/tcllib2.0/htmlparse/pkgIndex.tcl 
Execute         source D:/movies/2025.2/Vitis/tps/tcl/tcllib2.0/http/pkgIndex.tcl 
Execute         source D:/movies/2025.2/Vitis/tps/tcl/tcllib2.0/httpd/pkgIndex.tcl 
Execute         source D:/movies/2025.2/Vitis/tps/tcl/tcllib2.0/httpwget/pkgIndex.tcl 
Execute         source D:/movies/2025.2/Vitis/tps/tcl/tcllib2.0/ident/pkgIndex.tcl 
Execute         source D:/movies/2025.2/Vitis/tps/tcl/tcllib2.0/imap4/pkgIndex.tcl 
Execute         source D:/movies/2025.2/Vitis/tps/tcl/tcllib2.0/inifile/pkgIndex.tcl 
Execute         source D:/movies/2025.2/Vitis/tps/tcl/tcllib2.0/interp/pkgIndex.tcl 
Execute         source D:/movies/2025.2/Vitis/tps/tcl/tcllib2.0/irc/pkgIndex.tcl 
Execute         source D:/movies/2025.2/Vitis/tps/tcl/tcllib2.0/javascript/pkgIndex.tcl 
Execute         source D:/movies/2025.2/Vitis/tps/tcl/tcllib2.0/jpeg/pkgIndex.tcl 
Execute         source D:/movies/2025.2/Vitis/tps/tcl/tcllib2.0/json/pkgIndex.tcl 
Execute         source D:/movies/2025.2/Vitis/tps/tcl/tcllib2.0/lambda/pkgIndex.tcl 
Execute         source D:/movies/2025.2/Vitis/tps/tcl/tcllib2.0/lazyset/pkgIndex.tcl 
Execute         source D:/movies/2025.2/Vitis/tps/tcl/tcllib2.0/ldap/pkgIndex.tcl 
Execute         source D:/movies/2025.2/Vitis/tps/tcl/tcllib2.0/log/pkgIndex.tcl 
Execute         source D:/movies/2025.2/Vitis/tps/tcl/tcllib2.0/map/pkgIndex.tcl 
Execute         source D:/movies/2025.2/Vitis/tps/tcl/tcllib2.0/mapproj/pkgIndex.tcl 
Execute         source D:/movies/2025.2/Vitis/tps/tcl/tcllib2.0/markdown/pkgIndex.tcl 
Execute         source D:/movies/2025.2/Vitis/tps/tcl/tcllib2.0/math/pkgIndex.tcl 
Execute         source D:/movies/2025.2/Vitis/tps/tcl/tcllib2.0/md4/pkgIndex.tcl 
Execute         source D:/movies/2025.2/Vitis/tps/tcl/tcllib2.0/md5/pkgIndex.tcl 
Execute         source D:/movies/2025.2/Vitis/tps/tcl/tcllib2.0/md5crypt/pkgIndex.tcl 
Execute         source D:/movies/2025.2/Vitis/tps/tcl/tcllib2.0/mime/pkgIndex.tcl 
Execute         source D:/movies/2025.2/Vitis/tps/tcl/tcllib2.0/mkdoc/pkgIndex.tcl 
Execute         source D:/movies/2025.2/Vitis/tps/tcl/tcllib2.0/multiplexer/pkgIndex.tcl 
Execute         source D:/movies/2025.2/Vitis/tps/tcl/tcllib2.0/namespacex/pkgIndex.tcl 
Execute         source D:/movies/2025.2/Vitis/tps/tcl/tcllib2.0/ncgi/pkgIndex.tcl 
Execute         source D:/movies/2025.2/Vitis/tps/tcl/tcllib2.0/nettool/pkgIndex.tcl 
Execute         source D:/movies/2025.2/Vitis/tps/tcl/tcllib2.0/nmea/pkgIndex.tcl 
Execute         source D:/movies/2025.2/Vitis/tps/tcl/tcllib2.0/nns/pkgIndex.tcl 
Execute         source D:/movies/2025.2/Vitis/tps/tcl/tcllib2.0/nntp/pkgIndex.tcl 
Execute         source D:/movies/2025.2/Vitis/tps/tcl/tcllib2.0/ntp/pkgIndex.tcl 
Execute         source D:/movies/2025.2/Vitis/tps/tcl/tcllib2.0/oauth/pkgIndex.tcl 
Execute         source D:/movies/2025.2/Vitis/tps/tcl/tcllib2.0/oodialect/pkgIndex.tcl 
Execute         source D:/movies/2025.2/Vitis/tps/tcl/tcllib2.0/oometa/pkgIndex.tcl 
Execute         source D:/movies/2025.2/Vitis/tps/tcl/tcllib2.0/ooutil/pkgIndex.tcl 
Execute         source D:/movies/2025.2/Vitis/tps/tcl/tcllib2.0/otp/pkgIndex.tcl 
Execute         source D:/movies/2025.2/Vitis/tps/tcl/tcllib2.0/page/pkgIndex.tcl 
Execute         source D:/movies/2025.2/Vitis/tps/tcl/tcllib2.0/pluginmgr/pkgIndex.tcl 
Execute         source D:/movies/2025.2/Vitis/tps/tcl/tcllib2.0/png/pkgIndex.tcl 
Execute         source D:/movies/2025.2/Vitis/tps/tcl/tcllib2.0/pop3/pkgIndex.tcl 
Execute         source D:/movies/2025.2/Vitis/tps/tcl/tcllib2.0/pop3d/pkgIndex.tcl 
Execute         source D:/movies/2025.2/Vitis/tps/tcl/tcllib2.0/practcl/pkgIndex.tcl 
Execute         source D:/movies/2025.2/Vitis/tps/tcl/tcllib2.0/processman/pkgIndex.tcl 
Execute         source D:/movies/2025.2/Vitis/tps/tcl/tcllib2.0/profiler/pkgIndex.tcl 
Execute         source D:/movies/2025.2/Vitis/tps/tcl/tcllib2.0/pt/pkgIndex.tcl 
Execute         source D:/movies/2025.2/Vitis/tps/tcl/tcllib2.0/rcs/pkgIndex.tcl 
Execute         source D:/movies/2025.2/Vitis/tps/tcl/tcllib2.0/report/pkgIndex.tcl 
Execute         source D:/movies/2025.2/Vitis/tps/tcl/tcllib2.0/rest/pkgIndex.tcl 
Execute         source D:/movies/2025.2/Vitis/tps/tcl/tcllib2.0/ripemd/pkgIndex.tcl 
Execute         source D:/movies/2025.2/Vitis/tps/tcl/tcllib2.0/sasl/pkgIndex.tcl 
Execute         source D:/movies/2025.2/Vitis/tps/tcl/tcllib2.0/sha1/pkgIndex.tcl 
Execute         source D:/movies/2025.2/Vitis/tps/tcl/tcllib2.0/simulation/pkgIndex.tcl 
Execute         source D:/movies/2025.2/Vitis/tps/tcl/tcllib2.0/smtpd/pkgIndex.tcl 
Execute         source D:/movies/2025.2/Vitis/tps/tcl/tcllib2.0/snit/pkgIndex.tcl 
Execute         source D:/movies/2025.2/Vitis/tps/tcl/tcllib2.0/soundex/pkgIndex.tcl 
Execute         source D:/movies/2025.2/Vitis/tps/tcl/tcllib2.0/stooop/pkgIndex.tcl 
Execute         source D:/movies/2025.2/Vitis/tps/tcl/tcllib2.0/string/pkgIndex.tcl 
Execute         source D:/movies/2025.2/Vitis/tps/tcl/tcllib2.0/stringprep/pkgIndex.tcl 
Execute         source D:/movies/2025.2/Vitis/tps/tcl/tcllib2.0/struct/pkgIndex.tcl 
Execute         source D:/movies/2025.2/Vitis/tps/tcl/tcllib2.0/tar/pkgIndex.tcl 
Execute         source D:/movies/2025.2/Vitis/tps/tcl/tcllib2.0/tepam/pkgIndex.tcl 
Execute         source D:/movies/2025.2/Vitis/tps/tcl/tcllib2.0/term/pkgIndex.tcl 
Execute         source D:/movies/2025.2/Vitis/tps/tcl/tcllib2.0/textutil/pkgIndex.tcl 
Execute         source D:/movies/2025.2/Vitis/tps/tcl/tcllib2.0/tie/pkgIndex.tcl 
Execute         source D:/movies/2025.2/Vitis/tps/tcl/tcllib2.0/tiff/pkgIndex.tcl 
Execute         source D:/movies/2025.2/Vitis/tps/tcl/tcllib2.0/tool/pkgIndex.tcl 
Execute         source D:/movies/2025.2/Vitis/tps/tcl/tcllib2.0/transfer/pkgIndex.tcl 
Execute         source D:/movies/2025.2/Vitis/tps/tcl/tcllib2.0/treeql/pkgIndex.tcl 
Execute         source D:/movies/2025.2/Vitis/tps/tcl/tcllib2.0/try/pkgIndex.tcl 
Execute         source D:/movies/2025.2/Vitis/tps/tcl/tcllib2.0/udpcluster/pkgIndex.tcl 
Execute         source D:/movies/2025.2/Vitis/tps/tcl/tcllib2.0/uev/pkgIndex.tcl 
Execute         source D:/movies/2025.2/Vitis/tps/tcl/tcllib2.0/units/pkgIndex.tcl 
Execute         source D:/movies/2025.2/Vitis/tps/tcl/tcllib2.0/uri/pkgIndex.tcl 
Execute         source D:/movies/2025.2/Vitis/tps/tcl/tcllib2.0/uuid/pkgIndex.tcl 
Execute         source D:/movies/2025.2/Vitis/tps/tcl/tcllib2.0/valtype/pkgIndex.tcl 
Execute         source D:/movies/2025.2/Vitis/tps/tcl/tcllib2.0/virtchannel_base/pkgIndex.tcl 
Execute         source D:/movies/2025.2/Vitis/tps/tcl/tcllib2.0/virtchannel_core/pkgIndex.tcl 
Execute         source D:/movies/2025.2/Vitis/tps/tcl/tcllib2.0/virtchannel_transform/pkgIndex.tcl 
Execute         source D:/movies/2025.2/Vitis/tps/tcl/tcllib2.0/websocket/pkgIndex.tcl 
Execute         source D:/movies/2025.2/Vitis/tps/tcl/tcllib2.0/wip/pkgIndex.tcl 
Execute         source D:/movies/2025.2/Vitis/tps/tcl/tcllib2.0/yaml/pkgIndex.tcl 
Execute         source D:/movies/2025.2/Vitis/tps/tcl/tcllib2.0/zip/pkgIndex.tcl 
Execute         source D:/movies/2025.2/Vitis/tps/tcl/tcllib2.0/pkgIndex.tcl 
Execute           source D:/movies/2025.2/Vitis/tps/tcl/tcllib2.0/0compatibility/pkgIndex.tcl 
Execute           source D:/movies/2025.2/Vitis/tps/tcl/tcllib2.0/amazon-s3/pkgIndex.tcl 
Execute           source D:/movies/2025.2/Vitis/tps/tcl/tcllib2.0/asn/pkgIndex.tcl 
Execute           source D:/movies/2025.2/Vitis/tps/tcl/tcllib2.0/base32/pkgIndex.tcl 
Execute           source D:/movies/2025.2/Vitis/tps/tcl/tcllib2.0/base64/pkgIndex.tcl 
Execute           source D:/movies/2025.2/Vitis/tps/tcl/tcllib2.0/bee/pkgIndex.tcl 
Execute           source D:/movies/2025.2/Vitis/tps/tcl/tcllib2.0/bench/pkgIndex.tcl 
Execute           source D:/movies/2025.2/Vitis/tps/tcl/tcllib2.0/bibtex/pkgIndex.tcl 
Execute           source D:/movies/2025.2/Vitis/tps/tcl/tcllib2.0/cache/pkgIndex.tcl 
Execute           source D:/movies/2025.2/Vitis/tps/tcl/tcllib2.0/clay/pkgIndex.tcl 
Execute           source D:/movies/2025.2/Vitis/tps/tcl/tcllib2.0/clock/pkgIndex.tcl 
Execute           source D:/movies/2025.2/Vitis/tps/tcl/tcllib2.0/cmdline/pkgIndex.tcl 
Execute           source D:/movies/2025.2/Vitis/tps/tcl/tcllib2.0/comm/pkgIndex.tcl 
Execute           source D:/movies/2025.2/Vitis/tps/tcl/tcllib2.0/control/pkgIndex.tcl 
Execute           source D:/movies/2025.2/Vitis/tps/tcl/tcllib2.0/coroutine/pkgIndex.tcl 
Execute           source D:/movies/2025.2/Vitis/tps/tcl/tcllib2.0/counter/pkgIndex.tcl 
Execute           source D:/movies/2025.2/Vitis/tps/tcl/tcllib2.0/crc/pkgIndex.tcl 
Execute           source D:/movies/2025.2/Vitis/tps/tcl/tcllib2.0/cron/pkgIndex.tcl 
Execute           source D:/movies/2025.2/Vitis/tps/tcl/tcllib2.0/csv/pkgIndex.tcl 
Execute           source D:/movies/2025.2/Vitis/tps/tcl/tcllib2.0/debug/pkgIndex.tcl 
Execute           source D:/movies/2025.2/Vitis/tps/tcl/tcllib2.0/defer/pkgIndex.tcl 
Execute           source D:/movies/2025.2/Vitis/tps/tcl/tcllib2.0/dicttool/pkgIndex.tcl 
Execute           source D:/movies/2025.2/Vitis/tps/tcl/tcllib2.0/dns/pkgIndex.tcl 
Execute           source D:/movies/2025.2/Vitis/tps/tcl/tcllib2.0/docstrip/pkgIndex.tcl 
Execute           source D:/movies/2025.2/Vitis/tps/tcl/tcllib2.0/doctools/pkgIndex.tcl 
Execute           source D:/movies/2025.2/Vitis/tps/tcl/tcllib2.0/doctools2base/pkgIndex.tcl 
Execute           source D:/movies/2025.2/Vitis/tps/tcl/tcllib2.0/doctools2idx/pkgIndex.tcl 
Execute           source D:/movies/2025.2/Vitis/tps/tcl/tcllib2.0/doctools2toc/pkgIndex.tcl 
Execute           source D:/movies/2025.2/Vitis/tps/tcl/tcllib2.0/dtplite/pkgIndex.tcl 
Execute           source D:/movies/2025.2/Vitis/tps/tcl/tcllib2.0/fileutil/pkgIndex.tcl 
Execute           source D:/movies/2025.2/Vitis/tps/tcl/tcllib2.0/ftp/pkgIndex.tcl 
Execute           source D:/movies/2025.2/Vitis/tps/tcl/tcllib2.0/ftpd/pkgIndex.tcl 
Execute           source D:/movies/2025.2/Vitis/tps/tcl/tcllib2.0/fumagic/pkgIndex.tcl 
Execute           source D:/movies/2025.2/Vitis/tps/tcl/tcllib2.0/generator/pkgIndex.tcl 
Execute           source D:/movies/2025.2/Vitis/tps/tcl/tcllib2.0/gpx/pkgIndex.tcl 
Execute           source D:/movies/2025.2/Vitis/tps/tcl/tcllib2.0/grammar_aycock/pkgIndex.tcl 
Execute           source D:/movies/2025.2/Vitis/tps/tcl/tcllib2.0/grammar_fa/pkgIndex.tcl 
Execute           source D:/movies/2025.2/Vitis/tps/tcl/tcllib2.0/grammar_me/pkgIndex.tcl 
Execute           source D:/movies/2025.2/Vitis/tps/tcl/tcllib2.0/grammar_peg/pkgIndex.tcl 
Execute           source D:/movies/2025.2/Vitis/tps/tcl/tcllib2.0/hook/pkgIndex.tcl 
Execute           source D:/movies/2025.2/Vitis/tps/tcl/tcllib2.0/html/pkgIndex.tcl 
Execute           source D:/movies/2025.2/Vitis/tps/tcl/tcllib2.0/htmlparse/pkgIndex.tcl 
Execute           source D:/movies/2025.2/Vitis/tps/tcl/tcllib2.0/http/pkgIndex.tcl 
Execute           source D:/movies/2025.2/Vitis/tps/tcl/tcllib2.0/httpd/pkgIndex.tcl 
Execute           source D:/movies/2025.2/Vitis/tps/tcl/tcllib2.0/httpwget/pkgIndex.tcl 
Execute           source D:/movies/2025.2/Vitis/tps/tcl/tcllib2.0/ident/pkgIndex.tcl 
Execute           source D:/movies/2025.2/Vitis/tps/tcl/tcllib2.0/imap4/pkgIndex.tcl 
Execute           source D:/movies/2025.2/Vitis/tps/tcl/tcllib2.0/inifile/pkgIndex.tcl 
Execute           source D:/movies/2025.2/Vitis/tps/tcl/tcllib2.0/interp/pkgIndex.tcl 
Execute           source D:/movies/2025.2/Vitis/tps/tcl/tcllib2.0/irc/pkgIndex.tcl 
Execute           source D:/movies/2025.2/Vitis/tps/tcl/tcllib2.0/javascript/pkgIndex.tcl 
Execute           source D:/movies/2025.2/Vitis/tps/tcl/tcllib2.0/jpeg/pkgIndex.tcl 
Execute           source D:/movies/2025.2/Vitis/tps/tcl/tcllib2.0/json/pkgIndex.tcl 
Execute           source D:/movies/2025.2/Vitis/tps/tcl/tcllib2.0/lambda/pkgIndex.tcl 
Execute           source D:/movies/2025.2/Vitis/tps/tcl/tcllib2.0/lazyset/pkgIndex.tcl 
Execute           source D:/movies/2025.2/Vitis/tps/tcl/tcllib2.0/ldap/pkgIndex.tcl 
Execute           source D:/movies/2025.2/Vitis/tps/tcl/tcllib2.0/log/pkgIndex.tcl 
Execute           source D:/movies/2025.2/Vitis/tps/tcl/tcllib2.0/map/pkgIndex.tcl 
Execute           source D:/movies/2025.2/Vitis/tps/tcl/tcllib2.0/mapproj/pkgIndex.tcl 
Execute           source D:/movies/2025.2/Vitis/tps/tcl/tcllib2.0/markdown/pkgIndex.tcl 
Execute           source D:/movies/2025.2/Vitis/tps/tcl/tcllib2.0/math/pkgIndex.tcl 
Execute           source D:/movies/2025.2/Vitis/tps/tcl/tcllib2.0/md4/pkgIndex.tcl 
Execute           source D:/movies/2025.2/Vitis/tps/tcl/tcllib2.0/md5/pkgIndex.tcl 
Execute           source D:/movies/2025.2/Vitis/tps/tcl/tcllib2.0/md5crypt/pkgIndex.tcl 
Execute           source D:/movies/2025.2/Vitis/tps/tcl/tcllib2.0/mime/pkgIndex.tcl 
Execute           source D:/movies/2025.2/Vitis/tps/tcl/tcllib2.0/mkdoc/pkgIndex.tcl 
Execute           source D:/movies/2025.2/Vitis/tps/tcl/tcllib2.0/multiplexer/pkgIndex.tcl 
Execute           source D:/movies/2025.2/Vitis/tps/tcl/tcllib2.0/namespacex/pkgIndex.tcl 
Execute           source D:/movies/2025.2/Vitis/tps/tcl/tcllib2.0/ncgi/pkgIndex.tcl 
Execute           source D:/movies/2025.2/Vitis/tps/tcl/tcllib2.0/nettool/pkgIndex.tcl 
Execute           source D:/movies/2025.2/Vitis/tps/tcl/tcllib2.0/nmea/pkgIndex.tcl 
Execute           source D:/movies/2025.2/Vitis/tps/tcl/tcllib2.0/nns/pkgIndex.tcl 
Execute           source D:/movies/2025.2/Vitis/tps/tcl/tcllib2.0/nntp/pkgIndex.tcl 
Execute           source D:/movies/2025.2/Vitis/tps/tcl/tcllib2.0/ntp/pkgIndex.tcl 
Execute           source D:/movies/2025.2/Vitis/tps/tcl/tcllib2.0/oauth/pkgIndex.tcl 
Execute           source D:/movies/2025.2/Vitis/tps/tcl/tcllib2.0/oodialect/pkgIndex.tcl 
Execute           source D:/movies/2025.2/Vitis/tps/tcl/tcllib2.0/oometa/pkgIndex.tcl 
Execute           source D:/movies/2025.2/Vitis/tps/tcl/tcllib2.0/ooutil/pkgIndex.tcl 
Execute           source D:/movies/2025.2/Vitis/tps/tcl/tcllib2.0/otp/pkgIndex.tcl 
Execute           source D:/movies/2025.2/Vitis/tps/tcl/tcllib2.0/page/pkgIndex.tcl 
Execute           source D:/movies/2025.2/Vitis/tps/tcl/tcllib2.0/pluginmgr/pkgIndex.tcl 
Execute           source D:/movies/2025.2/Vitis/tps/tcl/tcllib2.0/png/pkgIndex.tcl 
Execute           source D:/movies/2025.2/Vitis/tps/tcl/tcllib2.0/pop3/pkgIndex.tcl 
Execute           source D:/movies/2025.2/Vitis/tps/tcl/tcllib2.0/pop3d/pkgIndex.tcl 
Execute           source D:/movies/2025.2/Vitis/tps/tcl/tcllib2.0/practcl/pkgIndex.tcl 
Execute           source D:/movies/2025.2/Vitis/tps/tcl/tcllib2.0/processman/pkgIndex.tcl 
Execute           source D:/movies/2025.2/Vitis/tps/tcl/tcllib2.0/profiler/pkgIndex.tcl 
Execute           source D:/movies/2025.2/Vitis/tps/tcl/tcllib2.0/pt/pkgIndex.tcl 
Execute           source D:/movies/2025.2/Vitis/tps/tcl/tcllib2.0/rcs/pkgIndex.tcl 
Execute           source D:/movies/2025.2/Vitis/tps/tcl/tcllib2.0/report/pkgIndex.tcl 
Execute           source D:/movies/2025.2/Vitis/tps/tcl/tcllib2.0/rest/pkgIndex.tcl 
Execute           source D:/movies/2025.2/Vitis/tps/tcl/tcllib2.0/ripemd/pkgIndex.tcl 
Execute           source D:/movies/2025.2/Vitis/tps/tcl/tcllib2.0/sasl/pkgIndex.tcl 
Execute           source D:/movies/2025.2/Vitis/tps/tcl/tcllib2.0/sha1/pkgIndex.tcl 
Execute           source D:/movies/2025.2/Vitis/tps/tcl/tcllib2.0/simulation/pkgIndex.tcl 
Execute           source D:/movies/2025.2/Vitis/tps/tcl/tcllib2.0/smtpd/pkgIndex.tcl 
Execute           source D:/movies/2025.2/Vitis/tps/tcl/tcllib2.0/snit/pkgIndex.tcl 
Execute           source D:/movies/2025.2/Vitis/tps/tcl/tcllib2.0/soundex/pkgIndex.tcl 
Execute           source D:/movies/2025.2/Vitis/tps/tcl/tcllib2.0/stooop/pkgIndex.tcl 
Execute           source D:/movies/2025.2/Vitis/tps/tcl/tcllib2.0/string/pkgIndex.tcl 
Execute           source D:/movies/2025.2/Vitis/tps/tcl/tcllib2.0/stringprep/pkgIndex.tcl 
Execute           source D:/movies/2025.2/Vitis/tps/tcl/tcllib2.0/struct/pkgIndex.tcl 
Execute           source D:/movies/2025.2/Vitis/tps/tcl/tcllib2.0/tar/pkgIndex.tcl 
Execute           source D:/movies/2025.2/Vitis/tps/tcl/tcllib2.0/tepam/pkgIndex.tcl 
Execute           source D:/movies/2025.2/Vitis/tps/tcl/tcllib2.0/term/pkgIndex.tcl 
Execute           source D:/movies/2025.2/Vitis/tps/tcl/tcllib2.0/textutil/pkgIndex.tcl 
Execute           source D:/movies/2025.2/Vitis/tps/tcl/tcllib2.0/tie/pkgIndex.tcl 
Execute           source D:/movies/2025.2/Vitis/tps/tcl/tcllib2.0/tiff/pkgIndex.tcl 
Execute           source D:/movies/2025.2/Vitis/tps/tcl/tcllib2.0/tool/pkgIndex.tcl 
Execute           source D:/movies/2025.2/Vitis/tps/tcl/tcllib2.0/transfer/pkgIndex.tcl 
Execute           source D:/movies/2025.2/Vitis/tps/tcl/tcllib2.0/treeql/pkgIndex.tcl 
Execute           source D:/movies/2025.2/Vitis/tps/tcl/tcllib2.0/try/pkgIndex.tcl 
Execute           source D:/movies/2025.2/Vitis/tps/tcl/tcllib2.0/udpcluster/pkgIndex.tcl 
Execute           source D:/movies/2025.2/Vitis/tps/tcl/tcllib2.0/uev/pkgIndex.tcl 
Execute           source D:/movies/2025.2/Vitis/tps/tcl/tcllib2.0/units/pkgIndex.tcl 
Execute           source D:/movies/2025.2/Vitis/tps/tcl/tcllib2.0/uri/pkgIndex.tcl 
Execute           source D:/movies/2025.2/Vitis/tps/tcl/tcllib2.0/uuid/pkgIndex.tcl 
Execute           source D:/movies/2025.2/Vitis/tps/tcl/tcllib2.0/valtype/pkgIndex.tcl 
Execute           source D:/movies/2025.2/Vitis/tps/tcl/tcllib2.0/virtchannel_base/pkgIndex.tcl 
Execute           source D:/movies/2025.2/Vitis/tps/tcl/tcllib2.0/virtchannel_core/pkgIndex.tcl 
Execute           source D:/movies/2025.2/Vitis/tps/tcl/tcllib2.0/virtchannel_transform/pkgIndex.tcl 
Execute           source D:/movies/2025.2/Vitis/tps/tcl/tcllib2.0/websocket/pkgIndex.tcl 
Execute           source D:/movies/2025.2/Vitis/tps/tcl/tcllib2.0/wip/pkgIndex.tcl 
Execute           source D:/movies/2025.2/Vitis/tps/tcl/tcllib2.0/yaml/pkgIndex.tcl 
Execute           source D:/movies/2025.2/Vitis/tps/tcl/tcllib2.0/zip/pkgIndex.tcl 
Command         ap_source done; 0.146 sec.
Execute         source D:/movies/2025.2/Vitis/tps/tcl/tdom/pkgIndex.tcl 
Execute         source D:/movies/2025.2/Vitis/tps/tcl/tcl8.6/opt0.4/pkgIndex.tcl 
Execute         source D:/movies/2025.2/Vitis/tps/tcl/tcl8.6/pkgs/win/thread2.8.7/pkgIndex.tcl 
Command       ap_source done; 0.687 sec.
INFO-FLOW: Workspace C:/Users/duong/Desktop/xup_high_level_synthesis_design_flow-main/source/lab1/matrixmul/matrixmul/hls opened at Fri Jun 12 17:13:13 -0400 2026
Execute       source C:/Users/duong/Desktop/xup_high_level_synthesis_design_flow-main/source/lab1/matrixmul/matrixmul/hls/.autopilot/db/global.setting.tcl 
Execute       set_part xc7a35t-fgg484-2 
Execute         create_platform xc7a35t-fgg484-2 -board  
DBG:HLSDevice: Trying to load device library: D:/movies/2025.2/Vitis\lib\win64.o\xv_hlsvwrap.dll
DBG:HLSDevice: first parts/arch.xml in RDI_DATADIR: D:/movies/2025.2/Vivado/data/parts/arch.xml
DBG:HLSDevice: init success
INFO: [HLS 200-1611] Setting target device to 'xc7a35t-fgg484-2'
Command         create_platform done; 0.778 sec.
Execute         source D:/movies/2025.2/Vitis/common/technology/xilinx/common/xilinx.gen 
Execute           source D:/movies/2025.2/Vitis/common/technology/xilinx/interface/plb46.gen 
Execute           source D:/movies/2025.2/Vitis/common/technology/xilinx/interface/axi4.gen 
Execute           source D:/movies/2025.2/Vitis/common/technology/xilinx/interface/nativeAXI4.gen 
Execute             source D:/movies/2025.2/Vitis/common/technology/xilinx/interface/saxilite.gen 
Execute           source D:/movies/2025.2/Vitis/common/technology/xilinx/scripts/xilinxcoregen.gen 
Execute           source D:/movies/2025.2/Vitis/common/technology/xilinx/interface/XilEDKCoreGen.gen 
Execute           source D:/movies/2025.2/Vitis/common/technology/xilinx/ip/dds_compiler.gen 
Execute           source D:/movies/2025.2/Vitis/common/technology/xilinx/ip/util.gen 
Execute           source D:/movies/2025.2/Vitis/common/technology/xilinx/ip/xfft.gen 
Execute           source D:/movies/2025.2/Vitis/common/technology/xilinx/ip/xfir.gen 
Execute           source D:/movies/2025.2/Vitis/common/technology/xilinx/DSP48/dsp48.gen 
Command         ap_source done; 0.198 sec.
Execute         ap_part_info -name xc7a35t-fgg484-2 -data info 
Execute         config_compile -quiet -complex-mul-dsp=0 
Command       set_part done; 0.988 sec.
Execute       send_msg_by_id INFO @200-1505@%s%s default  vivado 
INFO: [HLS 200-1505] Using default flow_target 'vivado'
Execute       send_msg_by_id INFO @200-2174@%s%s component hls_config.cfg 
INFO: [HLS 200-2174] Applying component config ini file hls_config.cfg
Execute       apply_ini hls_config.cfg 
Execute         send_msg_by_id INFO @200-1465@%s 'syn.file=C:/Users/duong/Desktop/xup_high_level_synthesis_design_flow-main/source/lab1/matrixmul.cpp' from hls_config.cfg(8) 
INFO: [HLS 200-1465] Applying config ini 'syn.file=C:/Users/duong/Desktop/xup_high_level_synthesis_design_flow-main/source/lab1/matrixmul.cpp' from hls_config.cfg(8)
Execute         add_files C:/Users/duong/Desktop/xup_high_level_synthesis_design_flow-main/source/lab1/matrixmul.cpp 
INFO: [HLS 200-10] Adding design file 'C:/Users/duong/Desktop/xup_high_level_synthesis_design_flow-main/source/lab1/matrixmul.cpp' to the project
Execute         send_msg_by_id INFO @200-1465@%s 'syn.file=C:/Users/duong/Desktop/xup_high_level_synthesis_design_flow-main/source/lab1/matrixmul.h' from hls_config.cfg(9) 
INFO: [HLS 200-1465] Applying config ini 'syn.file=C:/Users/duong/Desktop/xup_high_level_synthesis_design_flow-main/source/lab1/matrixmul.h' from hls_config.cfg(9)
Execute         add_files C:/Users/duong/Desktop/xup_high_level_synthesis_design_flow-main/source/lab1/matrixmul.h 
INFO: [HLS 200-10] Adding design file 'C:/Users/duong/Desktop/xup_high_level_synthesis_design_flow-main/source/lab1/matrixmul.h' to the project
Execute         send_msg_by_id INFO @200-1465@%s 'tb.file=C:/Users/duong/Desktop/xup_high_level_synthesis_design_flow-main/source/lab1/matrixmul_test.cpp' from hls_config.cfg(10) 
INFO: [HLS 200-1465] Applying config ini 'tb.file=C:/Users/duong/Desktop/xup_high_level_synthesis_design_flow-main/source/lab1/matrixmul_test.cpp' from hls_config.cfg(10)
Execute         add_files -tb C:/Users/duong/Desktop/xup_high_level_synthesis_design_flow-main/source/lab1/matrixmul_test.cpp 
INFO: [HLS 200-10] Adding test bench file 'C:/Users/duong/Desktop/xup_high_level_synthesis_design_flow-main/source/lab1/matrixmul_test.cpp' to the project
Execute         send_msg_by_id INFO @200-1465@%s 'tb.file_cflags=C:/Users/duong/Desktop/xup_high_level_synthesis_design_flow-main/source/lab1/matrixmul_test.cpp,-DHW_COSIM' from hls_config.cfg(11) 
INFO: [HLS 200-1465] Applying config ini 'tb.file_cflags=C:/Users/duong/Desktop/xup_high_level_synthesis_design_flow-main/source/lab1/matrixmul_test.cpp,-DHW_COSIM' from hls_config.cfg(11)
Execute         add_files -tb C:/Users/duong/Desktop/xup_high_level_synthesis_design_flow-main/source/lab1/matrixmul_test.cpp -appendflags -cflags -DHW_COSIM 
Execute         send_msg_by_id INFO @200-1465@%s 'syn.top=matrixmul' from hls_config.cfg(7) 
INFO: [HLS 200-1465] Applying config ini 'syn.top=matrixmul' from hls_config.cfg(7)
Execute         set_top matrixmul 
Execute         send_msg_by_id INFO @200-1465@%s 'flow_target=vivado' from hls_config.cfg(4) 
INFO: [HLS 200-1465] Applying config ini 'flow_target=vivado' from hls_config.cfg(4)
Execute         send_msg_by_id INFO @200-1505@%s%s  vivado 
INFO: [HLS 200-1505] Using flow_target 'vivado'
Execute         send_msg_by_id INFO @200-1465@%s 'part=xc7a35tfgg484-2' from hls_config.cfg(1) 
INFO: [HLS 200-1465] Applying config ini 'part=xc7a35tfgg484-2' from hls_config.cfg(1)
Execute         set_part xc7a35tfgg484-2 
Execute           create_platform xc7a35tfgg484-2 -board  
Command           create_platform done; 0.111 sec.
Execute           source D:/movies/2025.2/Vitis/common/technology/xilinx/common/xilinx.gen 
Execute             source D:/movies/2025.2/Vitis/common/technology/xilinx/interface/plb46.gen 
Execute             source D:/movies/2025.2/Vitis/common/technology/xilinx/interface/axi4.gen 
Execute             source D:/movies/2025.2/Vitis/common/technology/xilinx/interface/nativeAXI4.gen 
Execute               source D:/movies/2025.2/Vitis/common/technology/xilinx/interface/saxilite.gen 
Execute             source D:/movies/2025.2/Vitis/common/technology/xilinx/scripts/xilinxcoregen.gen 
Execute             source D:/movies/2025.2/Vitis/common/technology/xilinx/interface/XilEDKCoreGen.gen 
Execute             source D:/movies/2025.2/Vitis/common/technology/xilinx/ip/dds_compiler.gen 
Execute             source D:/movies/2025.2/Vitis/common/technology/xilinx/ip/util.gen 
Execute             source D:/movies/2025.2/Vitis/common/technology/xilinx/ip/xfft.gen 
Execute             source D:/movies/2025.2/Vitis/common/technology/xilinx/ip/xfir.gen 
Execute             source D:/movies/2025.2/Vitis/common/technology/xilinx/DSP48/dsp48.gen 
Execute           ap_part_info -name xc7a35t-fgg484-2 -data info 
Execute           config_compile -quiet -complex-mul-dsp=0 
Command         set_part done; 0.181 sec.
Execute         send_msg_by_id INFO @200-1465@%s 'clock=10' from hls_config.cfg(12) 
INFO: [HLS 200-1465] Applying config ini 'clock=10' from hls_config.cfg(12)
Execute         create_clock -period 10ns 
Execute           ap_set_clock -name default -period 10 -unit ns -default=false 
INFO: [SYN 201-201] Setting up clock 'default' with a period of 10ns.
Execute         send_msg_by_id INFO @200-1465@%s 'cosim.trace_level=port' from hls_config.cfg(15) 
INFO: [HLS 200-1465] Applying config ini 'cosim.trace_level=port' from hls_config.cfg(15)
Execute         config_cosim -trace_level=port 
Execute         send_msg_by_id INFO @200-1465@%s 'cosim.wave_debug=1' from hls_config.cfg(14) 
INFO: [HLS 200-1465] Applying config ini 'cosim.wave_debug=1' from hls_config.cfg(14)
Execute         config_cosim -wave_debug=1 
Execute         send_msg_by_id INFO @200-1465@%s 'package.output.format=ip_catalog' from hls_config.cfg(5) 
INFO: [HLS 200-1465] Applying config ini 'package.output.format=ip_catalog' from hls_config.cfg(5)
Execute         config_export -format=ip_catalog 
Execute         send_msg_by_id INFO @200-1465@%s 'sim.O=0' from hls_config.cfg(13) 
INFO: [HLS 200-1465] Applying config ini 'sim.O=0' from hls_config.cfg(13)
Execute         config_sim -O=0 
Command       apply_ini done; 0.242 sec.
Execute       write_component -config C:/Users/duong/Desktop/xup_high_level_synthesis_design_flow-main/source/lab1/matrixmul/hls_config.cfg 
Execute         send_msg_by_id INFO @200-2176@%s C:/Users/duong/Desktop/xup_high_level_synthesis_design_flow-main/source/lab1/matrixmul/matrixmul/vitis-comp.json 
INFO: [HLS 200-2176] Writing Vitis IDE component file C:/Users/duong/Desktop/xup_high_level_synthesis_design_flow-main/source/lab1/matrixmul/matrixmul/vitis-comp.json
Command     open_solution done; 1.96 sec.
Command   open_component done; 1.965 sec.
Execute   apply_ini C:/Users/duong/Desktop/xup_high_level_synthesis_design_flow-main/source/lab1/matrixmul/matrixmul/hls/config.cmdline -iscmdline 
Execute   ::AP::init_summary_file cosim 
Execute     AP::app_get_file_relativeroot [AP::app_get_root] {}
Execute   cosim_design 
Execute     source C:/Users/duong/Desktop/xup_high_level_synthesis_design_flow-main/source/lab1/matrixmul/matrixmul/hls/.autopilot/db/global.setting.tcl 
Execute     source C:/Users/duong/Desktop/xup_high_level_synthesis_design_flow-main/source/lab1/matrixmul/matrixmul/hls/.autopilot/db/global.setting.tcl 
Execute     source C:/Users/duong/Desktop/xup_high_level_synthesis_design_flow-main/source/lab1/matrixmul/matrixmul/hls/.autopilot/db/global.setting.tcl 
INFO-FLOW: DBG:PUTS: read_platform_lib C:/Users/duong/Desktop/xup_high_level_synthesis_design_flow-main/source/lab1/matrixmul/matrixmul/hls/.autopilot/db/global.setting.tcl
Execute     source D:/movies/2025.2/Vitis/common/technology/generic/autopilot/common.gen 
Execute       source D:/movies/2025.2/Vitis/common/technology/generic/autopilot/APCoreGen.gen 
Execute     source D:/movies/2025.2/Vitis/common/technology/generic/autopilot/op.gen 
Execute     source D:/movies/2025.2/Vitis/common/technology/generic/autopilot/op_simcore.gen 
Execute     source D:/movies/2025.2/Vitis/common/technology/generic/autopilot/interface.gen 
Execute     source C:/Users/duong/Desktop/xup_high_level_synthesis_design_flow-main/source/lab1/matrixmul/matrixmul/hls/.autopilot/db/global.setting.tcl 
Execute     ap_family_info -name artix7 -data parts 
Execute     ap_part_info -name xc7a12ticsg325-1L -data info 
Execute     source D:/movies/2025.2/Vitis/common/technology/xilinx/common/xilinx.gen 
Execute       source D:/movies/2025.2/Vitis/common/technology/xilinx/interface/plb46.gen 
Execute       source D:/movies/2025.2/Vitis/common/technology/xilinx/interface/axi4.gen 
Execute       source D:/movies/2025.2/Vitis/common/technology/xilinx/interface/nativeAXI4.gen 
Execute         source D:/movies/2025.2/Vitis/common/technology/xilinx/interface/saxilite.gen 
Execute       source D:/movies/2025.2/Vitis/common/technology/xilinx/scripts/xilinxcoregen.gen 
Execute       source D:/movies/2025.2/Vitis/common/technology/xilinx/interface/XilEDKCoreGen.gen 
Execute       source D:/movies/2025.2/Vitis/common/technology/xilinx/ip/dds_compiler.gen 
Execute       source D:/movies/2025.2/Vitis/common/technology/xilinx/ip/util.gen 
Execute       source D:/movies/2025.2/Vitis/common/technology/xilinx/ip/xfft.gen 
Execute       source D:/movies/2025.2/Vitis/common/technology/xilinx/ip/xfir.gen 
Execute       source D:/movies/2025.2/Vitis/common/technology/xilinx/DSP48/dsp48.gen 
INFO-FLOW: DBG:PUTS:   using AESL_AUTOCG::g_clock_period=10.000 (was NA)
Execute     ap_part_info -name xc7a35t-fgg484-2 -data names -quiet 
Execute     ap_part_info -name xc7a35t-fgg484-2 -data info -quiet 
Execute     source C:/Users/duong/Desktop/xup_high_level_synthesis_design_flow-main/source/lab1/matrixmul/matrixmul/hls/.autopilot/db/global.setting.tcl 
Execute     source C:/Users/duong/Desktop/xup_high_level_synthesis_design_flow-main/source/lab1/matrixmul/matrixmul/hls/.autopilot/db/matrixmul.rtl_wrap.cfg.tcl 
Execute     source C:/Users/duong/Desktop/xup_high_level_synthesis_design_flow-main/source/lab1/matrixmul/matrixmul/hls/.autopilot/db/matrixmul.tbgen.tcl 
Execute     source C:/Users/duong/Desktop/xup_high_level_synthesis_design_flow-main/source/lab1/matrixmul/matrixmul/hls/.autopilot/db/cosimDB.tcl 
Execute     source C:/Users/duong/Desktop/xup_high_level_synthesis_design_flow-main/source/lab1/matrixmul/matrixmul/hls/.autopilot/db/matrixmul.tbgen.tcl 
Execute     source C:/Users/duong/Desktop/xup_high_level_synthesis_design_flow-main/source/lab1/matrixmul/matrixmul/hls/.autopilot/db/matrixmul.tbgen.tcl 
Execute     source C:/Users/duong/Desktop/xup_high_level_synthesis_design_flow-main/source/lab1/matrixmul/matrixmul/hls/.autopilot/db/matrixmul.tbgen.tcl 
Execute     source C:/Users/duong/Desktop/xup_high_level_synthesis_design_flow-main/source/lab1/matrixmul/matrixmul/hls/.autopilot/db/matrixmul.tbgen.tcl 
INFO: [COSIM 212-47] Using XSIM for RTL simulation.
INFO: [COSIM 212-14] Instrumenting C test bench ...
Execute     ap_part_info -name xc7a35t-fgg484-2 -data info 
INFO-FLOW: run_clang autosim-tb exec: D:/movies/2025.2/Vitis/win64/tools/clang-16/bin/clang -foptimization-record-file=C:/Users/duong/Desktop/xup_high_level_synthesis_design_flow-main/source/lab1/matrixmul/matrixmul/hls/.autopilot/db/matrixmul_test.cpp.clang.autosim-tb.diag.yml -mllvm -pass-remarks-missed=reflow|pasta|unroll|inline -mllvm -pass-remarks=reflow|pasta|unroll|inline -fno-builtin-isinf -fno-builtin-isnan -E -DHW_COSIM -Wno-unknown-pragmas -Wno-unknown-pragmas -DGCC_COMPATIBLE_APINT -DAESL_TB -D__HLS_COSIM__ -D__VITIS_HLS__ --target=x86_64-w64-windows-gnu -D__USE_XOPEN2K8 -I D:/movies/2025.2/Vitis/include -I include C:/Users/duong/Desktop/xup_high_level_synthesis_design_flow-main/source/lab1/matrixmul_test.cpp -o C:/Users/duong/Desktop/xup_high_level_synthesis_design_flow-main/source/lab1/matrixmul/matrixmul/hls/./sim/autowrap/testbench/matrixmul_test.cpp_pre.cpp -std=gnu++14 -D__DSP48E1__ --sysroot=D:/movies/2025.2/Vitis/tps/mingw/10.0.0/win64.o/nt > C:/Users/duong/Desktop/xup_high_level_synthesis_design_flow-main/source/lab1/matrixmul/matrixmul/hls/.autopilot/db/matrixmul_test.cpp.clang.autosim-tb.out.log 2> C:/Users/duong/Desktop/xup_high_level_synthesis_design_flow-main/source/lab1/matrixmul/matrixmul/hls/.autopilot/db/matrixmul_test.cpp.clang.autosim-tb.err.log
INFO-FLOW: run_clang result=success num-err-msgs=0 num-stderr-lines=0
INFO-FLOW: TB processing: C:/Users/duong/Desktop/xup_high_level_synthesis_design_flow-main/source/lab1/matrixmul_test.cpp C:/Users/duong/Desktop/xup_high_level_synthesis_design_flow-main/source/lab1/matrixmul/matrixmul/hls/./sim/autowrap/testbench/matrixmul_test.cpp_pre.cpp
Execute     clang_tidy xilinx-tb-process -desc tb-process C:/Users/duong/Desktop/xup_high_level_synthesis_design_flow-main/source/lab1/matrixmul/matrixmul/hls/./sim/autowrap/testbench/matrixmul_test.cpp_pre.cpp.tb.cpp std=gnu++14 
INFO-FLOW: exec D:/movies/2025.2/Vitis/win64/tools/clang-16/bin/clang-tidy -header-filter=.* --checks=-*,xilinx-tb-process -fix-errors C:/Users/duong/Desktop/xup_high_level_synthesis_design_flow-main/source/lab1/matrixmul/matrixmul/hls/./sim/autowrap/testbench/matrixmul_test.cpp_pre.cpp.tb.cpp -- -std=gnu++14 -fhls -ferror-limit=0
Command     clang_tidy done; 1.696 sec.
Execute     ap_part_info -name xc7a35t-fgg484-2 -data info 
INFO-FLOW: run_clang autosim-tb exec: D:/movies/2025.2/Vitis/win64/tools/clang-16/bin/clang -foptimization-record-file=C:/Users/duong/Desktop/xup_high_level_synthesis_design_flow-main/source/lab1/matrixmul/matrixmul/hls/.autopilot/db/matrixmul.cpp.clang.autosim-tb.diag.yml -mllvm -pass-remarks-missed=reflow|pasta|unroll|inline -mllvm -pass-remarks=reflow|pasta|unroll|inline -fno-builtin-isinf -fno-builtin-isnan -E -DGCC_COMPATIBLE_APINT -DAESL_TB -D__HLS_COSIM__ -D__VITIS_HLS__ --target=x86_64-w64-windows-gnu -D__USE_XOPEN2K8 -I D:/movies/2025.2/Vitis/include -I include C:/Users/duong/Desktop/xup_high_level_synthesis_design_flow-main/source/lab1/matrixmul.cpp -o C:/Users/duong/Desktop/xup_high_level_synthesis_design_flow-main/source/lab1/matrixmul/matrixmul/hls/./sim/autowrap/testbench/matrixmul.cpp_pre.cpp -std=gnu++14 -D__DSP48E1__ --sysroot=D:/movies/2025.2/Vitis/tps/mingw/10.0.0/win64.o/nt > C:/Users/duong/Desktop/xup_high_level_synthesis_design_flow-main/source/lab1/matrixmul/matrixmul/hls/.autopilot/db/matrixmul.cpp.clang.autosim-tb.out.log 2> C:/Users/duong/Desktop/xup_high_level_synthesis_design_flow-main/source/lab1/matrixmul/matrixmul/hls/.autopilot/db/matrixmul.cpp.clang.autosim-tb.err.log
INFO-FLOW: run_clang result=success num-err-msgs=0 num-stderr-lines=0
INFO-FLOW: TB processing: C:/Users/duong/Desktop/xup_high_level_synthesis_design_flow-main/source/lab1/matrixmul.cpp C:/Users/duong/Desktop/xup_high_level_synthesis_design_flow-main/source/lab1/matrixmul/matrixmul/hls/./sim/autowrap/testbench/matrixmul.cpp_pre.cpp
Execute     clang_tidy xilinx-tb-process -desc tb-process C:/Users/duong/Desktop/xup_high_level_synthesis_design_flow-main/source/lab1/matrixmul/matrixmul/hls/./sim/autowrap/testbench/matrixmul.cpp_pre.cpp.tb.cpp std=gnu++14 
INFO-FLOW: exec D:/movies/2025.2/Vitis/win64/tools/clang-16/bin/clang-tidy -header-filter=.* --checks=-*,xilinx-tb-process -fix-errors C:/Users/duong/Desktop/xup_high_level_synthesis_design_flow-main/source/lab1/matrixmul/matrixmul/hls/./sim/autowrap/testbench/matrixmul.cpp_pre.cpp.tb.cpp -- -std=gnu++14 -fhls -ferror-limit=0
Command     clang_tidy done; 0.332 sec.
Execute     source C:/Users/duong/Desktop/xup_high_level_synthesis_design_flow-main/source/lab1/matrixmul/matrixmul/hls/.autopilot/db/global.setting.tcl 
Execute     source C:/Users/duong/Desktop/xup_high_level_synthesis_design_flow-main/source/lab1/matrixmul/matrixmul/hls/.autopilot/db/matrixmul.rtl_wrap.cfg.tcl 
Execute     source C:/Users/duong/Desktop/xup_high_level_synthesis_design_flow-main/source/lab1/matrixmul/matrixmul/hls/.autopilot/db/matrixmul.rtl_wrap.cfg.tcl 
Execute     source C:/Users/duong/Desktop/xup_high_level_synthesis_design_flow-main/source/lab1/matrixmul/matrixmul/hls/.autopilot/db/matrixmul.rtl_wrap.cfg.tcl 
Execute     source C:/Users/duong/Desktop/xup_high_level_synthesis_design_flow-main/source/lab1/matrixmul/matrixmul/hls/.autopilot/db/matrixmul.tbgen.tcl 
Execute     source C:/Users/duong/Desktop/xup_high_level_synthesis_design_flow-main/source/lab1/matrixmul/matrixmul/hls/.autopilot/db/matrixmul.tbgen.tcl 
Execute     source C:/Users/duong/Desktop/xup_high_level_synthesis_design_flow-main/source/lab1/matrixmul/matrixmul/hls/.autopilot/db/matrixmul.tbgen.tcl 
Execute     ap_part_info -name xc7a35t-fgg484-2 -data info 
Execute     source .run_sim.tcl 
INFO: [COSIM 212-302] Starting C TB testing ... 
Command     ap_source done; 0.999 sec.
Execute     source C:/Users/duong/Desktop/xup_high_level_synthesis_design_flow-main/source/lab1/matrixmul/matrixmul/hls/.autopilot/db/matrixmul.tbgen.tcl 
Execute     source C:/Users/duong/Desktop/xup_high_level_synthesis_design_flow-main/source/lab1/matrixmul/matrixmul/hls/.autopilot/db/matrixmul.tbgen.tcl 
INFO: [COSIM 212-333] Generating C post check test bench ...
Execute     source sim/tv/cdatafile/ref.tcl 
Execute     source C:/Users/duong/Desktop/xup_high_level_synthesis_design_flow-main/source/lab1/matrixmul/matrixmul/hls/.autopilot/db/matrixmul.tbgen.tcl 
Execute     source C:/Users/duong/Desktop/xup_high_level_synthesis_design_flow-main/source/lab1/matrixmul/matrixmul/hls/.autopilot/db/matrixmul.tbgen.tcl 
Execute     source C:/Users/duong/Desktop/xup_high_level_synthesis_design_flow-main/source/lab1/matrixmul/matrixmul/hls/.autopilot/db/matrixmul.tbgen.tcl 
Execute     source C:/Users/duong/Desktop/xup_high_level_synthesis_design_flow-main/source/lab1/matrixmul/matrixmul/hls/.autopilot/db/matrixmul.tbgen.tcl 
Execute     source C:/Users/duong/Desktop/xup_high_level_synthesis_design_flow-main/source/lab1/matrixmul/matrixmul/hls/.autopilot/db/matrixmul.tbgen.tcl 
Execute     source C:/Users/duong/Desktop/xup_high_level_synthesis_design_flow-main/source/lab1/matrixmul/matrixmul/hls/.autopilot/db/matrixmul.tbgen.tcl 
Execute     source C:/Users/duong/Desktop/xup_high_level_synthesis_design_flow-main/source/lab1/matrixmul/matrixmul/hls/.autopilot/db/matrixmul.tbgen.tcl 
Execute     source C:/Users/duong/Desktop/xup_high_level_synthesis_design_flow-main/source/lab1/matrixmul/matrixmul/hls/.autopilot/db/matrixmul.tbgen.tcl 
Execute     source C:/Users/duong/Desktop/xup_high_level_synthesis_design_flow-main/source/lab1/matrixmul/matrixmul/hls/.autopilot/db/matrixmul.tbgen.tcl 
Execute     source C:/Users/duong/Desktop/xup_high_level_synthesis_design_flow-main/source/lab1/matrixmul/matrixmul/hls/.autopilot/db/matrixmul.tbgen.tcl 
INFO: [COSIM 212-12] Generating RTL test bench ...
Execute     source ../tv/cdatafile/ref.tcl 
Execute     source C:/Users/duong/Desktop/xup_high_level_synthesis_design_flow-main/source/lab1/matrixmul/matrixmul/hls/.autopilot/db/matrixmul.tbgen.tcl 
Execute     source C:/Users/duong/Desktop/xup_high_level_synthesis_design_flow-main/source/lab1/matrixmul/matrixmul/hls/.autopilot/db/matrixmul.tbgen.tcl 
Execute     source C:/Users/duong/Desktop/xup_high_level_synthesis_design_flow-main/source/lab1/matrixmul/matrixmul/hls/.autopilot/db/matrixmul.tbgen.tcl 
Execute     source C:/Users/duong/Desktop/xup_high_level_synthesis_design_flow-main/source/lab1/matrixmul/matrixmul/hls/.autopilot/db/matrixmul.tbgen.tcl 
Execute     source ../tv/cdatafile/ref.tcl 
Execute     source C:/Users/duong/Desktop/xup_high_level_synthesis_design_flow-main/source/lab1/matrixmul/matrixmul/hls/.autopilot/db/matrixmul.tbgen.tcl 
Execute     source C:/Users/duong/Desktop/xup_high_level_synthesis_design_flow-main/source/lab1/matrixmul/matrixmul/hls/.autopilot/db/matrixmul.tbgen.tcl 
Execute     source C:/Users/duong/Desktop/xup_high_level_synthesis_design_flow-main/source/lab1/matrixmul/matrixmul/hls/.autopilot/db/matrixmul.tbgen.tcl 
Execute     source C:/Users/duong/Desktop/xup_high_level_synthesis_design_flow-main/source/lab1/matrixmul/matrixmul/hls/.autopilot/db/matrixmul.tbgen.tcl 
Execute     source C:/Users/duong/Desktop/xup_high_level_synthesis_design_flow-main/source/lab1/matrixmul/matrixmul/hls/.autopilot/db/matrixmul.tbgen.tcl 
Execute     source C:/Users/duong/Desktop/xup_high_level_synthesis_design_flow-main/source/lab1/matrixmul/matrixmul/hls/.autopilot/db/matrixmul.tbgen.tcl 
Execute     source C:/Users/duong/Desktop/xup_high_level_synthesis_design_flow-main/source/lab1/matrixmul/matrixmul/hls/.autopilot/db/matrixmul.tbgen.tcl 
Execute     source C:/Users/duong/Desktop/xup_high_level_synthesis_design_flow-main/source/lab1/matrixmul/matrixmul/hls/.autopilot/db/matrixmul.tbgen.tcl 
Execute     source C:/Users/duong/Desktop/xup_high_level_synthesis_design_flow-main/source/lab1/matrixmul/matrixmul/hls/.autopilot/db/matrixmul.tbgen.tcl 
Execute     source C:/Users/duong/Desktop/xup_high_level_synthesis_design_flow-main/source/lab1/matrixmul/matrixmul/hls/.autopilot/db/matrixmul.DependenceCheck.tcl 
Execute     source C:/Users/duong/Desktop/xup_high_level_synthesis_design_flow-main/source/lab1/matrixmul/matrixmul/hls/.autopilot/db/matrixmul.tbgen.tcl 
Execute     source C:/Users/duong/Desktop/xup_high_level_synthesis_design_flow-main/source/lab1/matrixmul/matrixmul/hls/.autopilot/db/matrixmul.tbgen.tcl 
Execute     source C:/Users/duong/Desktop/xup_high_level_synthesis_design_flow-main/source/lab1/matrixmul/matrixmul/hls/.autopilot/db/matrixmul.tbgen.tcl 
Execute     source C:/Users/duong/Desktop/xup_high_level_synthesis_design_flow-main/source/lab1/matrixmul/matrixmul/hls/.autopilot/db/matrixmul.tbgen.tcl 
Execute     source C:/Users/duong/Desktop/xup_high_level_synthesis_design_flow-main/source/lab1/matrixmul/matrixmul/hls/.autopilot/db/matrixmul.tbgen.tcl 
Execute     source C:/Users/duong/Desktop/xup_high_level_synthesis_design_flow-main/source/lab1/matrixmul/matrixmul/hls/.autopilot/db/matrixmul.tbgen.tcl 
Execute     source ../tv/cdatafile/ref.tcl 
Execute     source C:/Users/duong/Desktop/xup_high_level_synthesis_design_flow-main/source/lab1/matrixmul/matrixmul/hls/.autopilot/db/matrixmul.tbgen.tcl 
Execute     source C:/Users/duong/Desktop/xup_high_level_synthesis_design_flow-main/source/lab1/matrixmul/matrixmul/hls/.autopilot/db/matrixmul.tbgen.tcl 
Execute     source C:/Users/duong/Desktop/xup_high_level_synthesis_design_flow-main/source/lab1/matrixmul/matrixmul/hls/.autopilot/db/matrixmul.tbgen.tcl 
Execute     source C:/Users/duong/Desktop/xup_high_level_synthesis_design_flow-main/source/lab1/matrixmul/matrixmul/hls/.autopilot/db/cosimDB.tcl 
INFO: [COSIM 212-1] *** C/RTL co-simulation file generation completed. ***
Execute     source .run_sim.tcl 
Execute       source check_sim.tcl 
Execute       source dataflow_monitor_API.tcl 
Execute       source .sim.status.tcl 
INFO: [COSIM 212-323] Starting verilog simulation. 
INFO: [COSIM 212-15] Starting XSIM ...
INFO: [COSIM 212-316] Starting C post checking ...
ERROR: [COSIM 212-362] Aborting co-simulation: C TB post check failed.
Command     ap_source done; error code: 1; 164.24 sec.
ERROR: [COSIM 212-4] *** C/RTL co-simulation finished: FAIL ***
INFO: [COSIM 212-211] II is measurable only when transaction number is greater than 1 in RTL simulation. Otherwise, they will be marked as all NA. If user wants to calculate them, please make sure there are at least 2 transactions in RTL simulation.
INFO-FLOW: Caught error in cosim_design: 
    while executing
"ap_internal_cosim_design "
Command   cosim_design done; error code: 2; 181.93 sec.
Execute   close_project 
Execute     close_solution 
Execute       cleanup_all 
Execute       cleanup_all 
Execute       source -notrace -encoding utf-8 D:/movies/2025.2/Vitis/tps/tcl/tcl8.6/clock.tcl 
Execute         source -encoding utf-8 D:/movies/2025.2/Vitis/tps/tcl/tcl8/8.5/msgcat-1.6.1.tm 
Execute           source D:/movies/2025.2/Vitis/tps/tcl/tcllib2.0/0compatibility/pkgIndex.tcl 
Execute           source D:/movies/2025.2/Vitis/tps/tcl/tcllib2.0/amazon-s3/pkgIndex.tcl 
Execute           source D:/movies/2025.2/Vitis/tps/tcl/tcllib2.0/asn/pkgIndex.tcl 
Execute           source D:/movies/2025.2/Vitis/tps/tcl/tcllib2.0/base32/pkgIndex.tcl 
Execute           source D:/movies/2025.2/Vitis/tps/tcl/tcllib2.0/base64/pkgIndex.tcl 
Execute           source D:/movies/2025.2/Vitis/tps/tcl/tcllib2.0/bee/pkgIndex.tcl 
Execute           source D:/movies/2025.2/Vitis/tps/tcl/tcllib2.0/bench/pkgIndex.tcl 
Execute           source D:/movies/2025.2/Vitis/tps/tcl/tcllib2.0/bibtex/pkgIndex.tcl 
Execute           source D:/movies/2025.2/Vitis/tps/tcl/tcllib2.0/cache/pkgIndex.tcl 
Execute           source D:/movies/2025.2/Vitis/tps/tcl/tcllib2.0/clay/pkgIndex.tcl 
Execute           source D:/movies/2025.2/Vitis/tps/tcl/tcllib2.0/clock/pkgIndex.tcl 
Execute           source D:/movies/2025.2/Vitis/tps/tcl/tcllib2.0/cmdline/pkgIndex.tcl 
Execute           source D:/movies/2025.2/Vitis/tps/tcl/tcllib2.0/comm/pkgIndex.tcl 
Execute           source D:/movies/2025.2/Vitis/tps/tcl/tcllib2.0/control/pkgIndex.tcl 
Execute           source D:/movies/2025.2/Vitis/tps/tcl/tcllib2.0/coroutine/pkgIndex.tcl 
Execute           source D:/movies/2025.2/Vitis/tps/tcl/tcllib2.0/counter/pkgIndex.tcl 
Execute           source D:/movies/2025.2/Vitis/tps/tcl/tcllib2.0/crc/pkgIndex.tcl 
Execute           source D:/movies/2025.2/Vitis/tps/tcl/tcllib2.0/cron/pkgIndex.tcl 
Execute           source D:/movies/2025.2/Vitis/tps/tcl/tcllib2.0/csv/pkgIndex.tcl 
Execute           source D:/movies/2025.2/Vitis/tps/tcl/tcllib2.0/debug/pkgIndex.tcl 
Execute           source D:/movies/2025.2/Vitis/tps/tcl/tcllib2.0/defer/pkgIndex.tcl 
Execute           source D:/movies/2025.2/Vitis/tps/tcl/tcllib2.0/dicttool/pkgIndex.tcl 
Execute           source D:/movies/2025.2/Vitis/tps/tcl/tcllib2.0/dns/pkgIndex.tcl 
Execute           source D:/movies/2025.2/Vitis/tps/tcl/tcllib2.0/docstrip/pkgIndex.tcl 
Execute           source D:/movies/2025.2/Vitis/tps/tcl/tcllib2.0/doctools/pkgIndex.tcl 
Execute           source D:/movies/2025.2/Vitis/tps/tcl/tcllib2.0/doctools2base/pkgIndex.tcl 
Execute           source D:/movies/2025.2/Vitis/tps/tcl/tcllib2.0/doctools2idx/pkgIndex.tcl 
Execute           source D:/movies/2025.2/Vitis/tps/tcl/tcllib2.0/doctools2toc/pkgIndex.tcl 
Execute           source D:/movies/2025.2/Vitis/tps/tcl/tcllib2.0/dtplite/pkgIndex.tcl 
Execute           source D:/movies/2025.2/Vitis/tps/tcl/tcllib2.0/fileutil/pkgIndex.tcl 
Execute           source D:/movies/2025.2/Vitis/tps/tcl/tcllib2.0/ftp/pkgIndex.tcl 
Execute           source D:/movies/2025.2/Vitis/tps/tcl/tcllib2.0/ftpd/pkgIndex.tcl 
Execute           source D:/movies/2025.2/Vitis/tps/tcl/tcllib2.0/fumagic/pkgIndex.tcl 
Execute           source D:/movies/2025.2/Vitis/tps/tcl/tcllib2.0/generator/pkgIndex.tcl 
Execute           source D:/movies/2025.2/Vitis/tps/tcl/tcllib2.0/gpx/pkgIndex.tcl 
Execute           source D:/movies/2025.2/Vitis/tps/tcl/tcllib2.0/grammar_aycock/pkgIndex.tcl 
Execute           source D:/movies/2025.2/Vitis/tps/tcl/tcllib2.0/grammar_fa/pkgIndex.tcl 
Execute           source D:/movies/2025.2/Vitis/tps/tcl/tcllib2.0/grammar_me/pkgIndex.tcl 
Execute           source D:/movies/2025.2/Vitis/tps/tcl/tcllib2.0/grammar_peg/pkgIndex.tcl 
Execute           source D:/movies/2025.2/Vitis/tps/tcl/tcllib2.0/hook/pkgIndex.tcl 
Execute           source D:/movies/2025.2/Vitis/tps/tcl/tcllib2.0/html/pkgIndex.tcl 
Execute           source D:/movies/2025.2/Vitis/tps/tcl/tcllib2.0/htmlparse/pkgIndex.tcl 
Execute           source D:/movies/2025.2/Vitis/tps/tcl/tcllib2.0/http/pkgIndex.tcl 
Execute           source D:/movies/2025.2/Vitis/tps/tcl/tcllib2.0/httpd/pkgIndex.tcl 
Execute           source D:/movies/2025.2/Vitis/tps/tcl/tcllib2.0/httpwget/pkgIndex.tcl 
Execute           source D:/movies/2025.2/Vitis/tps/tcl/tcllib2.0/ident/pkgIndex.tcl 
Execute           source D:/movies/2025.2/Vitis/tps/tcl/tcllib2.0/imap4/pkgIndex.tcl 
Execute           source D:/movies/2025.2/Vitis/tps/tcl/tcllib2.0/inifile/pkgIndex.tcl 
Execute           source D:/movies/2025.2/Vitis/tps/tcl/tcllib2.0/interp/pkgIndex.tcl 
Execute           source D:/movies/2025.2/Vitis/tps/tcl/tcllib2.0/irc/pkgIndex.tcl 
Execute           source D:/movies/2025.2/Vitis/tps/tcl/tcllib2.0/javascript/pkgIndex.tcl 
Execute           source D:/movies/2025.2/Vitis/tps/tcl/tcllib2.0/jpeg/pkgIndex.tcl 
Execute           source D:/movies/2025.2/Vitis/tps/tcl/tcllib2.0/json/pkgIndex.tcl 
Execute           source D:/movies/2025.2/Vitis/tps/tcl/tcllib2.0/lambda/pkgIndex.tcl 
Execute           source D:/movies/2025.2/Vitis/tps/tcl/tcllib2.0/lazyset/pkgIndex.tcl 
Execute           source D:/movies/2025.2/Vitis/tps/tcl/tcllib2.0/ldap/pkgIndex.tcl 
Execute           source D:/movies/2025.2/Vitis/tps/tcl/tcllib2.0/log/pkgIndex.tcl 
Execute           source D:/movies/2025.2/Vitis/tps/tcl/tcllib2.0/map/pkgIndex.tcl 
Execute           source D:/movies/2025.2/Vitis/tps/tcl/tcllib2.0/mapproj/pkgIndex.tcl 
Execute           source D:/movies/2025.2/Vitis/tps/tcl/tcllib2.0/markdown/pkgIndex.tcl 
Execute           source D:/movies/2025.2/Vitis/tps/tcl/tcllib2.0/math/pkgIndex.tcl 
Execute           source D:/movies/2025.2/Vitis/tps/tcl/tcllib2.0/md4/pkgIndex.tcl 
Execute           source D:/movies/2025.2/Vitis/tps/tcl/tcllib2.0/md5/pkgIndex.tcl 
Execute           source D:/movies/2025.2/Vitis/tps/tcl/tcllib2.0/md5crypt/pkgIndex.tcl 
Execute           source D:/movies/2025.2/Vitis/tps/tcl/tcllib2.0/mime/pkgIndex.tcl 
Execute           source D:/movies/2025.2/Vitis/tps/tcl/tcllib2.0/mkdoc/pkgIndex.tcl 
Execute           source D:/movies/2025.2/Vitis/tps/tcl/tcllib2.0/multiplexer/pkgIndex.tcl 
Execute           source D:/movies/2025.2/Vitis/tps/tcl/tcllib2.0/namespacex/pkgIndex.tcl 
Execute           source D:/movies/2025.2/Vitis/tps/tcl/tcllib2.0/ncgi/pkgIndex.tcl 
Execute           source D:/movies/2025.2/Vitis/tps/tcl/tcllib2.0/nettool/pkgIndex.tcl 
Execute           source D:/movies/2025.2/Vitis/tps/tcl/tcllib2.0/nmea/pkgIndex.tcl 
Execute           source D:/movies/2025.2/Vitis/tps/tcl/tcllib2.0/nns/pkgIndex.tcl 
Execute           source D:/movies/2025.2/Vitis/tps/tcl/tcllib2.0/nntp/pkgIndex.tcl 
Execute           source D:/movies/2025.2/Vitis/tps/tcl/tcllib2.0/ntp/pkgIndex.tcl 
Execute           source D:/movies/2025.2/Vitis/tps/tcl/tcllib2.0/oauth/pkgIndex.tcl 
Execute           source D:/movies/2025.2/Vitis/tps/tcl/tcllib2.0/oodialect/pkgIndex.tcl 
Execute           source D:/movies/2025.2/Vitis/tps/tcl/tcllib2.0/oometa/pkgIndex.tcl 
Execute           source D:/movies/2025.2/Vitis/tps/tcl/tcllib2.0/ooutil/pkgIndex.tcl 
Execute           source D:/movies/2025.2/Vitis/tps/tcl/tcllib2.0/otp/pkgIndex.tcl 
Execute           source D:/movies/2025.2/Vitis/tps/tcl/tcllib2.0/page/pkgIndex.tcl 
Execute           source D:/movies/2025.2/Vitis/tps/tcl/tcllib2.0/pluginmgr/pkgIndex.tcl 
Execute           source D:/movies/2025.2/Vitis/tps/tcl/tcllib2.0/png/pkgIndex.tcl 
Execute           source D:/movies/2025.2/Vitis/tps/tcl/tcllib2.0/pop3/pkgIndex.tcl 
Execute           source D:/movies/2025.2/Vitis/tps/tcl/tcllib2.0/pop3d/pkgIndex.tcl 
Execute           source D:/movies/2025.2/Vitis/tps/tcl/tcllib2.0/practcl/pkgIndex.tcl 
Execute           source D:/movies/2025.2/Vitis/tps/tcl/tcllib2.0/processman/pkgIndex.tcl 
Execute           source D:/movies/2025.2/Vitis/tps/tcl/tcllib2.0/profiler/pkgIndex.tcl 
Execute           source D:/movies/2025.2/Vitis/tps/tcl/tcllib2.0/pt/pkgIndex.tcl 
Execute           source D:/movies/2025.2/Vitis/tps/tcl/tcllib2.0/rcs/pkgIndex.tcl 
Execute           source D:/movies/2025.2/Vitis/tps/tcl/tcllib2.0/report/pkgIndex.tcl 
Execute           source D:/movies/2025.2/Vitis/tps/tcl/tcllib2.0/rest/pkgIndex.tcl 
Execute           source D:/movies/2025.2/Vitis/tps/tcl/tcllib2.0/ripemd/pkgIndex.tcl 
Execute           source D:/movies/2025.2/Vitis/tps/tcl/tcllib2.0/sasl/pkgIndex.tcl 
Execute           source D:/movies/2025.2/Vitis/tps/tcl/tcllib2.0/sha1/pkgIndex.tcl 
Execute           source D:/movies/2025.2/Vitis/tps/tcl/tcllib2.0/simulation/pkgIndex.tcl 
Execute           source D:/movies/2025.2/Vitis/tps/tcl/tcllib2.0/smtpd/pkgIndex.tcl 
Execute           source D:/movies/2025.2/Vitis/tps/tcl/tcllib2.0/snit/pkgIndex.tcl 
Execute           source D:/movies/2025.2/Vitis/tps/tcl/tcllib2.0/soundex/pkgIndex.tcl 
Execute           source D:/movies/2025.2/Vitis/tps/tcl/tcllib2.0/stooop/pkgIndex.tcl 
Execute           source D:/movies/2025.2/Vitis/tps/tcl/tcllib2.0/string/pkgIndex.tcl 
Execute           source D:/movies/2025.2/Vitis/tps/tcl/tcllib2.0/stringprep/pkgIndex.tcl 
Execute           source D:/movies/2025.2/Vitis/tps/tcl/tcllib2.0/struct/pkgIndex.tcl 
Execute           source D:/movies/2025.2/Vitis/tps/tcl/tcllib2.0/tar/pkgIndex.tcl 
Execute           source D:/movies/2025.2/Vitis/tps/tcl/tcllib2.0/tepam/pkgIndex.tcl 
Execute           source D:/movies/2025.2/Vitis/tps/tcl/tcllib2.0/term/pkgIndex.tcl 
Execute           source D:/movies/2025.2/Vitis/tps/tcl/tcllib2.0/textutil/pkgIndex.tcl 
Execute           source D:/movies/2025.2/Vitis/tps/tcl/tcllib2.0/tie/pkgIndex.tcl 
Execute           source D:/movies/2025.2/Vitis/tps/tcl/tcllib2.0/tiff/pkgIndex.tcl 
Execute           source D:/movies/2025.2/Vitis/tps/tcl/tcllib2.0/tool/pkgIndex.tcl 
Execute           source D:/movies/2025.2/Vitis/tps/tcl/tcllib2.0/transfer/pkgIndex.tcl 
Execute           source D:/movies/2025.2/Vitis/tps/tcl/tcllib2.0/treeql/pkgIndex.tcl 
Execute           source D:/movies/2025.2/Vitis/tps/tcl/tcllib2.0/try/pkgIndex.tcl 
Execute           source D:/movies/2025.2/Vitis/tps/tcl/tcllib2.0/udpcluster/pkgIndex.tcl 
Execute           source D:/movies/2025.2/Vitis/tps/tcl/tcllib2.0/uev/pkgIndex.tcl 
Execute           source D:/movies/2025.2/Vitis/tps/tcl/tcllib2.0/units/pkgIndex.tcl 
Execute           source D:/movies/2025.2/Vitis/tps/tcl/tcllib2.0/uri/pkgIndex.tcl 
Execute           source D:/movies/2025.2/Vitis/tps/tcl/tcllib2.0/uuid/pkgIndex.tcl 
Execute           source D:/movies/2025.2/Vitis/tps/tcl/tcllib2.0/valtype/pkgIndex.tcl 
Execute           source D:/movies/2025.2/Vitis/tps/tcl/tcllib2.0/virtchannel_base/pkgIndex.tcl 
Execute           source D:/movies/2025.2/Vitis/tps/tcl/tcllib2.0/virtchannel_core/pkgIndex.tcl 
Execute           source D:/movies/2025.2/Vitis/tps/tcl/tcllib2.0/virtchannel_transform/pkgIndex.tcl 
Execute           source D:/movies/2025.2/Vitis/tps/tcl/tcllib2.0/websocket/pkgIndex.tcl 
Execute           source D:/movies/2025.2/Vitis/tps/tcl/tcllib2.0/wip/pkgIndex.tcl 
Execute           source D:/movies/2025.2/Vitis/tps/tcl/tcllib2.0/yaml/pkgIndex.tcl 
Execute           source D:/movies/2025.2/Vitis/tps/tcl/tcllib2.0/zip/pkgIndex.tcl 
Execute           source D:/movies/2025.2/Vitis/tps/tcl/tcllib2.0/pkgIndex.tcl 
Execute             source D:/movies/2025.2/Vitis/tps/tcl/tcllib2.0/0compatibility/pkgIndex.tcl 
Execute             source D:/movies/2025.2/Vitis/tps/tcl/tcllib2.0/amazon-s3/pkgIndex.tcl 
Execute             source D:/movies/2025.2/Vitis/tps/tcl/tcllib2.0/asn/pkgIndex.tcl 
Execute             source D:/movies/2025.2/Vitis/tps/tcl/tcllib2.0/base32/pkgIndex.tcl 
Execute             source D:/movies/2025.2/Vitis/tps/tcl/tcllib2.0/base64/pkgIndex.tcl 
Execute             source D:/movies/2025.2/Vitis/tps/tcl/tcllib2.0/bee/pkgIndex.tcl 
Execute             source D:/movies/2025.2/Vitis/tps/tcl/tcllib2.0/bench/pkgIndex.tcl 
Execute             source D:/movies/2025.2/Vitis/tps/tcl/tcllib2.0/bibtex/pkgIndex.tcl 
Execute             source D:/movies/2025.2/Vitis/tps/tcl/tcllib2.0/cache/pkgIndex.tcl 
Execute             source D:/movies/2025.2/Vitis/tps/tcl/tcllib2.0/clay/pkgIndex.tcl 
Execute             source D:/movies/2025.2/Vitis/tps/tcl/tcllib2.0/clock/pkgIndex.tcl 
Execute             source D:/movies/2025.2/Vitis/tps/tcl/tcllib2.0/cmdline/pkgIndex.tcl 
Execute             source D:/movies/2025.2/Vitis/tps/tcl/tcllib2.0/comm/pkgIndex.tcl 
Execute             source D:/movies/2025.2/Vitis/tps/tcl/tcllib2.0/control/pkgIndex.tcl 
Execute             source D:/movies/2025.2/Vitis/tps/tcl/tcllib2.0/coroutine/pkgIndex.tcl 
Execute             source D:/movies/2025.2/Vitis/tps/tcl/tcllib2.0/counter/pkgIndex.tcl 
Execute             source D:/movies/2025.2/Vitis/tps/tcl/tcllib2.0/crc/pkgIndex.tcl 
Execute             source D:/movies/2025.2/Vitis/tps/tcl/tcllib2.0/cron/pkgIndex.tcl 
Execute             source D:/movies/2025.2/Vitis/tps/tcl/tcllib2.0/csv/pkgIndex.tcl 
Execute             source D:/movies/2025.2/Vitis/tps/tcl/tcllib2.0/debug/pkgIndex.tcl 
Execute             source D:/movies/2025.2/Vitis/tps/tcl/tcllib2.0/defer/pkgIndex.tcl 
Execute             source D:/movies/2025.2/Vitis/tps/tcl/tcllib2.0/dicttool/pkgIndex.tcl 
Execute             source D:/movies/2025.2/Vitis/tps/tcl/tcllib2.0/dns/pkgIndex.tcl 
Execute             source D:/movies/2025.2/Vitis/tps/tcl/tcllib2.0/docstrip/pkgIndex.tcl 
Execute             source D:/movies/2025.2/Vitis/tps/tcl/tcllib2.0/doctools/pkgIndex.tcl 
Execute             source D:/movies/2025.2/Vitis/tps/tcl/tcllib2.0/doctools2base/pkgIndex.tcl 
Execute             source D:/movies/2025.2/Vitis/tps/tcl/tcllib2.0/doctools2idx/pkgIndex.tcl 
Execute             source D:/movies/2025.2/Vitis/tps/tcl/tcllib2.0/doctools2toc/pkgIndex.tcl 
Execute             source D:/movies/2025.2/Vitis/tps/tcl/tcllib2.0/dtplite/pkgIndex.tcl 
Execute             source D:/movies/2025.2/Vitis/tps/tcl/tcllib2.0/fileutil/pkgIndex.tcl 
Execute             source D:/movies/2025.2/Vitis/tps/tcl/tcllib2.0/ftp/pkgIndex.tcl 
Execute             source D:/movies/2025.2/Vitis/tps/tcl/tcllib2.0/ftpd/pkgIndex.tcl 
Execute             source D:/movies/2025.2/Vitis/tps/tcl/tcllib2.0/fumagic/pkgIndex.tcl 
Execute             source D:/movies/2025.2/Vitis/tps/tcl/tcllib2.0/generator/pkgIndex.tcl 
Execute             source D:/movies/2025.2/Vitis/tps/tcl/tcllib2.0/gpx/pkgIndex.tcl 
Execute             source D:/movies/2025.2/Vitis/tps/tcl/tcllib2.0/grammar_aycock/pkgIndex.tcl 
Execute             source D:/movies/2025.2/Vitis/tps/tcl/tcllib2.0/grammar_fa/pkgIndex.tcl 
Execute             source D:/movies/2025.2/Vitis/tps/tcl/tcllib2.0/grammar_me/pkgIndex.tcl 
Execute             source D:/movies/2025.2/Vitis/tps/tcl/tcllib2.0/grammar_peg/pkgIndex.tcl 
Execute             source D:/movies/2025.2/Vitis/tps/tcl/tcllib2.0/hook/pkgIndex.tcl 
Execute             source D:/movies/2025.2/Vitis/tps/tcl/tcllib2.0/html/pkgIndex.tcl 
Execute             source D:/movies/2025.2/Vitis/tps/tcl/tcllib2.0/htmlparse/pkgIndex.tcl 
Execute             source D:/movies/2025.2/Vitis/tps/tcl/tcllib2.0/http/pkgIndex.tcl 
Execute             source D:/movies/2025.2/Vitis/tps/tcl/tcllib2.0/httpd/pkgIndex.tcl 
Execute             source D:/movies/2025.2/Vitis/tps/tcl/tcllib2.0/httpwget/pkgIndex.tcl 
Execute             source D:/movies/2025.2/Vitis/tps/tcl/tcllib2.0/ident/pkgIndex.tcl 
Execute             source D:/movies/2025.2/Vitis/tps/tcl/tcllib2.0/imap4/pkgIndex.tcl 
Execute             source D:/movies/2025.2/Vitis/tps/tcl/tcllib2.0/inifile/pkgIndex.tcl 
Execute             source D:/movies/2025.2/Vitis/tps/tcl/tcllib2.0/interp/pkgIndex.tcl 
Execute             source D:/movies/2025.2/Vitis/tps/tcl/tcllib2.0/irc/pkgIndex.tcl 
Execute             source D:/movies/2025.2/Vitis/tps/tcl/tcllib2.0/javascript/pkgIndex.tcl 
Execute             source D:/movies/2025.2/Vitis/tps/tcl/tcllib2.0/jpeg/pkgIndex.tcl 
Execute             source D:/movies/2025.2/Vitis/tps/tcl/tcllib2.0/json/pkgIndex.tcl 
Execute             source D:/movies/2025.2/Vitis/tps/tcl/tcllib2.0/lambda/pkgIndex.tcl 
Execute             source D:/movies/2025.2/Vitis/tps/tcl/tcllib2.0/lazyset/pkgIndex.tcl 
Execute             source D:/movies/2025.2/Vitis/tps/tcl/tcllib2.0/ldap/pkgIndex.tcl 
Execute             source D:/movies/2025.2/Vitis/tps/tcl/tcllib2.0/log/pkgIndex.tcl 
Execute             source D:/movies/2025.2/Vitis/tps/tcl/tcllib2.0/map/pkgIndex.tcl 
Execute             source D:/movies/2025.2/Vitis/tps/tcl/tcllib2.0/mapproj/pkgIndex.tcl 
Execute             source D:/movies/2025.2/Vitis/tps/tcl/tcllib2.0/markdown/pkgIndex.tcl 
Execute             source D:/movies/2025.2/Vitis/tps/tcl/tcllib2.0/math/pkgIndex.tcl 
Execute             source D:/movies/2025.2/Vitis/tps/tcl/tcllib2.0/md4/pkgIndex.tcl 
Execute             source D:/movies/2025.2/Vitis/tps/tcl/tcllib2.0/md5/pkgIndex.tcl 
Execute             source D:/movies/2025.2/Vitis/tps/tcl/tcllib2.0/md5crypt/pkgIndex.tcl 
Execute             source D:/movies/2025.2/Vitis/tps/tcl/tcllib2.0/mime/pkgIndex.tcl 
Execute             source D:/movies/2025.2/Vitis/tps/tcl/tcllib2.0/mkdoc/pkgIndex.tcl 
Execute             source D:/movies/2025.2/Vitis/tps/tcl/tcllib2.0/multiplexer/pkgIndex.tcl 
Execute             source D:/movies/2025.2/Vitis/tps/tcl/tcllib2.0/namespacex/pkgIndex.tcl 
Execute             source D:/movies/2025.2/Vitis/tps/tcl/tcllib2.0/ncgi/pkgIndex.tcl 
Execute             source D:/movies/2025.2/Vitis/tps/tcl/tcllib2.0/nettool/pkgIndex.tcl 
Execute             source D:/movies/2025.2/Vitis/tps/tcl/tcllib2.0/nmea/pkgIndex.tcl 
Execute             source D:/movies/2025.2/Vitis/tps/tcl/tcllib2.0/nns/pkgIndex.tcl 
Execute             source D:/movies/2025.2/Vitis/tps/tcl/tcllib2.0/nntp/pkgIndex.tcl 
Execute             source D:/movies/2025.2/Vitis/tps/tcl/tcllib2.0/ntp/pkgIndex.tcl 
Execute             source D:/movies/2025.2/Vitis/tps/tcl/tcllib2.0/oauth/pkgIndex.tcl 
Execute             source D:/movies/2025.2/Vitis/tps/tcl/tcllib2.0/oodialect/pkgIndex.tcl 
Execute             source D:/movies/2025.2/Vitis/tps/tcl/tcllib2.0/oometa/pkgIndex.tcl 
Execute             source D:/movies/2025.2/Vitis/tps/tcl/tcllib2.0/ooutil/pkgIndex.tcl 
Execute             source D:/movies/2025.2/Vitis/tps/tcl/tcllib2.0/otp/pkgIndex.tcl 
Execute             source D:/movies/2025.2/Vitis/tps/tcl/tcllib2.0/page/pkgIndex.tcl 
Execute             source D:/movies/2025.2/Vitis/tps/tcl/tcllib2.0/pluginmgr/pkgIndex.tcl 
Execute             source D:/movies/2025.2/Vitis/tps/tcl/tcllib2.0/png/pkgIndex.tcl 
Execute             source D:/movies/2025.2/Vitis/tps/tcl/tcllib2.0/pop3/pkgIndex.tcl 
Execute             source D:/movies/2025.2/Vitis/tps/tcl/tcllib2.0/pop3d/pkgIndex.tcl 
Execute             source D:/movies/2025.2/Vitis/tps/tcl/tcllib2.0/practcl/pkgIndex.tcl 
Execute             source D:/movies/2025.2/Vitis/tps/tcl/tcllib2.0/processman/pkgIndex.tcl 
Execute             source D:/movies/2025.2/Vitis/tps/tcl/tcllib2.0/profiler/pkgIndex.tcl 
Execute             source D:/movies/2025.2/Vitis/tps/tcl/tcllib2.0/pt/pkgIndex.tcl 
Execute             source D:/movies/2025.2/Vitis/tps/tcl/tcllib2.0/rcs/pkgIndex.tcl 
Execute             source D:/movies/2025.2/Vitis/tps/tcl/tcllib2.0/report/pkgIndex.tcl 
Execute             source D:/movies/2025.2/Vitis/tps/tcl/tcllib2.0/rest/pkgIndex.tcl 
Execute             source D:/movies/2025.2/Vitis/tps/tcl/tcllib2.0/ripemd/pkgIndex.tcl 
Execute             source D:/movies/2025.2/Vitis/tps/tcl/tcllib2.0/sasl/pkgIndex.tcl 
Execute             source D:/movies/2025.2/Vitis/tps/tcl/tcllib2.0/sha1/pkgIndex.tcl 
Execute             source D:/movies/2025.2/Vitis/tps/tcl/tcllib2.0/simulation/pkgIndex.tcl 
Execute             source D:/movies/2025.2/Vitis/tps/tcl/tcllib2.0/smtpd/pkgIndex.tcl 
Execute             source D:/movies/2025.2/Vitis/tps/tcl/tcllib2.0/snit/pkgIndex.tcl 
Execute             source D:/movies/2025.2/Vitis/tps/tcl/tcllib2.0/soundex/pkgIndex.tcl 
Execute             source D:/movies/2025.2/Vitis/tps/tcl/tcllib2.0/stooop/pkgIndex.tcl 
Execute             source D:/movies/2025.2/Vitis/tps/tcl/tcllib2.0/string/pkgIndex.tcl 
Execute             source D:/movies/2025.2/Vitis/tps/tcl/tcllib2.0/stringprep/pkgIndex.tcl 
Execute             source D:/movies/2025.2/Vitis/tps/tcl/tcllib2.0/struct/pkgIndex.tcl 
Execute             source D:/movies/2025.2/Vitis/tps/tcl/tcllib2.0/tar/pkgIndex.tcl 
Execute             source D:/movies/2025.2/Vitis/tps/tcl/tcllib2.0/tepam/pkgIndex.tcl 
Execute             source D:/movies/2025.2/Vitis/tps/tcl/tcllib2.0/term/pkgIndex.tcl 
Execute             source D:/movies/2025.2/Vitis/tps/tcl/tcllib2.0/textutil/pkgIndex.tcl 
Execute             source D:/movies/2025.2/Vitis/tps/tcl/tcllib2.0/tie/pkgIndex.tcl 
Execute             source D:/movies/2025.2/Vitis/tps/tcl/tcllib2.0/tiff/pkgIndex.tcl 
Execute             source D:/movies/2025.2/Vitis/tps/tcl/tcllib2.0/tool/pkgIndex.tcl 
Execute             source D:/movies/2025.2/Vitis/tps/tcl/tcllib2.0/transfer/pkgIndex.tcl 
Execute             source D:/movies/2025.2/Vitis/tps/tcl/tcllib2.0/treeql/pkgIndex.tcl 
Execute             source D:/movies/2025.2/Vitis/tps/tcl/tcllib2.0/try/pkgIndex.tcl 
Execute             source D:/movies/2025.2/Vitis/tps/tcl/tcllib2.0/udpcluster/pkgIndex.tcl 
Execute             source D:/movies/2025.2/Vitis/tps/tcl/tcllib2.0/uev/pkgIndex.tcl 
Execute             source D:/movies/2025.2/Vitis/tps/tcl/tcllib2.0/units/pkgIndex.tcl 
Execute             source D:/movies/2025.2/Vitis/tps/tcl/tcllib2.0/uri/pkgIndex.tcl 
Execute             source D:/movies/2025.2/Vitis/tps/tcl/tcllib2.0/uuid/pkgIndex.tcl 
Execute             source D:/movies/2025.2/Vitis/tps/tcl/tcllib2.0/valtype/pkgIndex.tcl 
Execute             source D:/movies/2025.2/Vitis/tps/tcl/tcllib2.0/virtchannel_base/pkgIndex.tcl 
Execute             source D:/movies/2025.2/Vitis/tps/tcl/tcllib2.0/virtchannel_core/pkgIndex.tcl 
Execute             source D:/movies/2025.2/Vitis/tps/tcl/tcllib2.0/virtchannel_transform/pkgIndex.tcl 
Execute             source D:/movies/2025.2/Vitis/tps/tcl/tcllib2.0/websocket/pkgIndex.tcl 
Execute             source D:/movies/2025.2/Vitis/tps/tcl/tcllib2.0/wip/pkgIndex.tcl 
Execute             source D:/movies/2025.2/Vitis/tps/tcl/tcllib2.0/yaml/pkgIndex.tcl 
Execute             source D:/movies/2025.2/Vitis/tps/tcl/tcllib2.0/zip/pkgIndex.tcl 
Command           ap_source done; 0.301 sec.
Execute           source D:/movies/2025.2/Vitis/tps/tcl/tdom/pkgIndex.tcl 
Execute           source D:/movies/2025.2/Vitis/tps/tcl/tcl8.6/opt0.4/pkgIndex.tcl 
Execute           source D:/movies/2025.2/Vitis/tps/tcl/tcl8.6/pkgs/win/thread2.8.7/pkgIndex.tcl 
Command         ap_source done; 0.554 sec.
Execute         source D:/movies/2025.2/Vitis/tps/tcl/tcllib2.0/0compatibility/pkgIndex.tcl 
Execute         source D:/movies/2025.2/Vitis/tps/tcl/tcllib2.0/amazon-s3/pkgIndex.tcl 
Execute         source D:/movies/2025.2/Vitis/tps/tcl/tcllib2.0/asn/pkgIndex.tcl 
Execute         source D:/movies/2025.2/Vitis/tps/tcl/tcllib2.0/base32/pkgIndex.tcl 
Execute         source D:/movies/2025.2/Vitis/tps/tcl/tcllib2.0/base64/pkgIndex.tcl 
Execute         source D:/movies/2025.2/Vitis/tps/tcl/tcllib2.0/bee/pkgIndex.tcl 
Execute         source D:/movies/2025.2/Vitis/tps/tcl/tcllib2.0/bench/pkgIndex.tcl 
Execute         source D:/movies/2025.2/Vitis/tps/tcl/tcllib2.0/bibtex/pkgIndex.tcl 
Execute         source D:/movies/2025.2/Vitis/tps/tcl/tcllib2.0/cache/pkgIndex.tcl 
Execute         source D:/movies/2025.2/Vitis/tps/tcl/tcllib2.0/clay/pkgIndex.tcl 
Execute         source D:/movies/2025.2/Vitis/tps/tcl/tcllib2.0/clock/pkgIndex.tcl 
Execute         source D:/movies/2025.2/Vitis/tps/tcl/tcllib2.0/cmdline/pkgIndex.tcl 
Execute         source D:/movies/2025.2/Vitis/tps/tcl/tcllib2.0/comm/pkgIndex.tcl 
Execute         source D:/movies/2025.2/Vitis/tps/tcl/tcllib2.0/control/pkgIndex.tcl 
Execute         source D:/movies/2025.2/Vitis/tps/tcl/tcllib2.0/coroutine/pkgIndex.tcl 
Execute         source D:/movies/2025.2/Vitis/tps/tcl/tcllib2.0/counter/pkgIndex.tcl 
Execute         source D:/movies/2025.2/Vitis/tps/tcl/tcllib2.0/crc/pkgIndex.tcl 
Execute         source D:/movies/2025.2/Vitis/tps/tcl/tcllib2.0/cron/pkgIndex.tcl 
Execute         source D:/movies/2025.2/Vitis/tps/tcl/tcllib2.0/csv/pkgIndex.tcl 
Execute         source D:/movies/2025.2/Vitis/tps/tcl/tcllib2.0/debug/pkgIndex.tcl 
Execute         source D:/movies/2025.2/Vitis/tps/tcl/tcllib2.0/defer/pkgIndex.tcl 
Execute         source D:/movies/2025.2/Vitis/tps/tcl/tcllib2.0/dicttool/pkgIndex.tcl 
Execute         source D:/movies/2025.2/Vitis/tps/tcl/tcllib2.0/dns/pkgIndex.tcl 
Execute         source D:/movies/2025.2/Vitis/tps/tcl/tcllib2.0/docstrip/pkgIndex.tcl 
Execute         source D:/movies/2025.2/Vitis/tps/tcl/tcllib2.0/doctools/pkgIndex.tcl 
Execute         source D:/movies/2025.2/Vitis/tps/tcl/tcllib2.0/doctools2base/pkgIndex.tcl 
Execute         source D:/movies/2025.2/Vitis/tps/tcl/tcllib2.0/doctools2idx/pkgIndex.tcl 
Execute         source D:/movies/2025.2/Vitis/tps/tcl/tcllib2.0/doctools2toc/pkgIndex.tcl 
Execute         source D:/movies/2025.2/Vitis/tps/tcl/tcllib2.0/dtplite/pkgIndex.tcl 
Execute         source D:/movies/2025.2/Vitis/tps/tcl/tcllib2.0/fileutil/pkgIndex.tcl 
Execute         source D:/movies/2025.2/Vitis/tps/tcl/tcllib2.0/ftp/pkgIndex.tcl 
Execute         source D:/movies/2025.2/Vitis/tps/tcl/tcllib2.0/ftpd/pkgIndex.tcl 
Execute         source D:/movies/2025.2/Vitis/tps/tcl/tcllib2.0/fumagic/pkgIndex.tcl 
Execute         source D:/movies/2025.2/Vitis/tps/tcl/tcllib2.0/generator/pkgIndex.tcl 
Execute         source D:/movies/2025.2/Vitis/tps/tcl/tcllib2.0/gpx/pkgIndex.tcl 
Execute         source D:/movies/2025.2/Vitis/tps/tcl/tcllib2.0/grammar_aycock/pkgIndex.tcl 
Execute         source D:/movies/2025.2/Vitis/tps/tcl/tcllib2.0/grammar_fa/pkgIndex.tcl 
Execute         source D:/movies/2025.2/Vitis/tps/tcl/tcllib2.0/grammar_me/pkgIndex.tcl 
Execute         source D:/movies/2025.2/Vitis/tps/tcl/tcllib2.0/grammar_peg/pkgIndex.tcl 
Execute         source D:/movies/2025.2/Vitis/tps/tcl/tcllib2.0/hook/pkgIndex.tcl 
Execute         source D:/movies/2025.2/Vitis/tps/tcl/tcllib2.0/html/pkgIndex.tcl 
Execute         source D:/movies/2025.2/Vitis/tps/tcl/tcllib2.0/htmlparse/pkgIndex.tcl 
Execute         source D:/movies/2025.2/Vitis/tps/tcl/tcllib2.0/http/pkgIndex.tcl 
Execute         source D:/movies/2025.2/Vitis/tps/tcl/tcllib2.0/httpd/pkgIndex.tcl 
Execute         source D:/movies/2025.2/Vitis/tps/tcl/tcllib2.0/httpwget/pkgIndex.tcl 
Execute         source D:/movies/2025.2/Vitis/tps/tcl/tcllib2.0/ident/pkgIndex.tcl 
Execute         source D:/movies/2025.2/Vitis/tps/tcl/tcllib2.0/imap4/pkgIndex.tcl 
Execute         source D:/movies/2025.2/Vitis/tps/tcl/tcllib2.0/inifile/pkgIndex.tcl 
Execute         source D:/movies/2025.2/Vitis/tps/tcl/tcllib2.0/interp/pkgIndex.tcl 
Execute         source D:/movies/2025.2/Vitis/tps/tcl/tcllib2.0/irc/pkgIndex.tcl 
Execute         source D:/movies/2025.2/Vitis/tps/tcl/tcllib2.0/javascript/pkgIndex.tcl 
Execute         source D:/movies/2025.2/Vitis/tps/tcl/tcllib2.0/jpeg/pkgIndex.tcl 
Execute         source D:/movies/2025.2/Vitis/tps/tcl/tcllib2.0/json/pkgIndex.tcl 
Execute         source D:/movies/2025.2/Vitis/tps/tcl/tcllib2.0/lambda/pkgIndex.tcl 
Execute         source D:/movies/2025.2/Vitis/tps/tcl/tcllib2.0/lazyset/pkgIndex.tcl 
Execute         source D:/movies/2025.2/Vitis/tps/tcl/tcllib2.0/ldap/pkgIndex.tcl 
Execute         source D:/movies/2025.2/Vitis/tps/tcl/tcllib2.0/log/pkgIndex.tcl 
Execute         source D:/movies/2025.2/Vitis/tps/tcl/tcllib2.0/map/pkgIndex.tcl 
Execute         source D:/movies/2025.2/Vitis/tps/tcl/tcllib2.0/mapproj/pkgIndex.tcl 
Execute         source D:/movies/2025.2/Vitis/tps/tcl/tcllib2.0/markdown/pkgIndex.tcl 
Execute         source D:/movies/2025.2/Vitis/tps/tcl/tcllib2.0/math/pkgIndex.tcl 
Execute         source D:/movies/2025.2/Vitis/tps/tcl/tcllib2.0/md4/pkgIndex.tcl 
Execute         source D:/movies/2025.2/Vitis/tps/tcl/tcllib2.0/md5/pkgIndex.tcl 
Execute         source D:/movies/2025.2/Vitis/tps/tcl/tcllib2.0/md5crypt/pkgIndex.tcl 
Execute         source D:/movies/2025.2/Vitis/tps/tcl/tcllib2.0/mime/pkgIndex.tcl 
Execute         source D:/movies/2025.2/Vitis/tps/tcl/tcllib2.0/mkdoc/pkgIndex.tcl 
Execute         source D:/movies/2025.2/Vitis/tps/tcl/tcllib2.0/multiplexer/pkgIndex.tcl 
Execute         source D:/movies/2025.2/Vitis/tps/tcl/tcllib2.0/namespacex/pkgIndex.tcl 
Execute         source D:/movies/2025.2/Vitis/tps/tcl/tcllib2.0/ncgi/pkgIndex.tcl 
Execute         source D:/movies/2025.2/Vitis/tps/tcl/tcllib2.0/nettool/pkgIndex.tcl 
Execute         source D:/movies/2025.2/Vitis/tps/tcl/tcllib2.0/nmea/pkgIndex.tcl 
Execute         source D:/movies/2025.2/Vitis/tps/tcl/tcllib2.0/nns/pkgIndex.tcl 
Execute         source D:/movies/2025.2/Vitis/tps/tcl/tcllib2.0/nntp/pkgIndex.tcl 
Execute         source D:/movies/2025.2/Vitis/tps/tcl/tcllib2.0/ntp/pkgIndex.tcl 
Execute         source D:/movies/2025.2/Vitis/tps/tcl/tcllib2.0/oauth/pkgIndex.tcl 
Execute         source D:/movies/2025.2/Vitis/tps/tcl/tcllib2.0/oodialect/pkgIndex.tcl 
Execute         source D:/movies/2025.2/Vitis/tps/tcl/tcllib2.0/oometa/pkgIndex.tcl 
Execute         source D:/movies/2025.2/Vitis/tps/tcl/tcllib2.0/ooutil/pkgIndex.tcl 
Execute         source D:/movies/2025.2/Vitis/tps/tcl/tcllib2.0/otp/pkgIndex.tcl 
Execute         source D:/movies/2025.2/Vitis/tps/tcl/tcllib2.0/page/pkgIndex.tcl 
Execute         source D:/movies/2025.2/Vitis/tps/tcl/tcllib2.0/pluginmgr/pkgIndex.tcl 
Execute         source D:/movies/2025.2/Vitis/tps/tcl/tcllib2.0/png/pkgIndex.tcl 
Execute         source D:/movies/2025.2/Vitis/tps/tcl/tcllib2.0/pop3/pkgIndex.tcl 
Execute         source D:/movies/2025.2/Vitis/tps/tcl/tcllib2.0/pop3d/pkgIndex.tcl 
Execute         source D:/movies/2025.2/Vitis/tps/tcl/tcllib2.0/practcl/pkgIndex.tcl 
Execute         source D:/movies/2025.2/Vitis/tps/tcl/tcllib2.0/processman/pkgIndex.tcl 
Execute         source D:/movies/2025.2/Vitis/tps/tcl/tcllib2.0/profiler/pkgIndex.tcl 
Execute         source D:/movies/2025.2/Vitis/tps/tcl/tcllib2.0/pt/pkgIndex.tcl 
Execute         source D:/movies/2025.2/Vitis/tps/tcl/tcllib2.0/rcs/pkgIndex.tcl 
Execute         source D:/movies/2025.2/Vitis/tps/tcl/tcllib2.0/report/pkgIndex.tcl 
Execute         source D:/movies/2025.2/Vitis/tps/tcl/tcllib2.0/rest/pkgIndex.tcl 
Execute         source D:/movies/2025.2/Vitis/tps/tcl/tcllib2.0/ripemd/pkgIndex.tcl 
Execute         source D:/movies/2025.2/Vitis/tps/tcl/tcllib2.0/sasl/pkgIndex.tcl 
Execute         source D:/movies/2025.2/Vitis/tps/tcl/tcllib2.0/sha1/pkgIndex.tcl 
Execute         source D:/movies/2025.2/Vitis/tps/tcl/tcllib2.0/simulation/pkgIndex.tcl 
Execute         source D:/movies/2025.2/Vitis/tps/tcl/tcllib2.0/smtpd/pkgIndex.tcl 
Execute         source D:/movies/2025.2/Vitis/tps/tcl/tcllib2.0/snit/pkgIndex.tcl 
Execute         source D:/movies/2025.2/Vitis/tps/tcl/tcllib2.0/soundex/pkgIndex.tcl 
Execute         source D:/movies/2025.2/Vitis/tps/tcl/tcllib2.0/stooop/pkgIndex.tcl 
Execute         source D:/movies/2025.2/Vitis/tps/tcl/tcllib2.0/string/pkgIndex.tcl 
Execute         source D:/movies/2025.2/Vitis/tps/tcl/tcllib2.0/stringprep/pkgIndex.tcl 
Execute         source D:/movies/2025.2/Vitis/tps/tcl/tcllib2.0/struct/pkgIndex.tcl 
Execute         source D:/movies/2025.2/Vitis/tps/tcl/tcllib2.0/tar/pkgIndex.tcl 
Execute         source D:/movies/2025.2/Vitis/tps/tcl/tcllib2.0/tepam/pkgIndex.tcl 
Execute         source D:/movies/2025.2/Vitis/tps/tcl/tcllib2.0/term/pkgIndex.tcl 
Execute         source D:/movies/2025.2/Vitis/tps/tcl/tcllib2.0/textutil/pkgIndex.tcl 
Execute         source D:/movies/2025.2/Vitis/tps/tcl/tcllib2.0/tie/pkgIndex.tcl 
Execute         source D:/movies/2025.2/Vitis/tps/tcl/tcllib2.0/tiff/pkgIndex.tcl 
Execute         source D:/movies/2025.2/Vitis/tps/tcl/tcllib2.0/tool/pkgIndex.tcl 
Execute         source D:/movies/2025.2/Vitis/tps/tcl/tcllib2.0/transfer/pkgIndex.tcl 
Execute         source D:/movies/2025.2/Vitis/tps/tcl/tcllib2.0/treeql/pkgIndex.tcl 
Execute         source D:/movies/2025.2/Vitis/tps/tcl/tcllib2.0/try/pkgIndex.tcl 
Execute         source D:/movies/2025.2/Vitis/tps/tcl/tcllib2.0/udpcluster/pkgIndex.tcl 
Execute         source D:/movies/2025.2/Vitis/tps/tcl/tcllib2.0/uev/pkgIndex.tcl 
Execute         source D:/movies/2025.2/Vitis/tps/tcl/tcllib2.0/units/pkgIndex.tcl 
Execute         source D:/movies/2025.2/Vitis/tps/tcl/tcllib2.0/uri/pkgIndex.tcl 
Execute         source D:/movies/2025.2/Vitis/tps/tcl/tcllib2.0/uuid/pkgIndex.tcl 
Execute         source D:/movies/2025.2/Vitis/tps/tcl/tcllib2.0/valtype/pkgIndex.tcl 
Execute         source D:/movies/2025.2/Vitis/tps/tcl/tcllib2.0/virtchannel_base/pkgIndex.tcl 
Execute         source D:/movies/2025.2/Vitis/tps/tcl/tcllib2.0/virtchannel_core/pkgIndex.tcl 
Execute         source D:/movies/2025.2/Vitis/tps/tcl/tcllib2.0/virtchannel_transform/pkgIndex.tcl 
Execute         source D:/movies/2025.2/Vitis/tps/tcl/tcllib2.0/websocket/pkgIndex.tcl 
Execute         source D:/movies/2025.2/Vitis/tps/tcl/tcllib2.0/wip/pkgIndex.tcl 
Execute         source D:/movies/2025.2/Vitis/tps/tcl/tcllib2.0/yaml/pkgIndex.tcl 
Execute         source D:/movies/2025.2/Vitis/tps/tcl/tcllib2.0/zip/pkgIndex.tcl 
Execute         source D:/movies/2025.2/Vitis/tps/tcl/tcllib2.0/pkgIndex.tcl 
Execute           source D:/movies/2025.2/Vitis/tps/tcl/tcllib2.0/0compatibility/pkgIndex.tcl 
Execute           source D:/movies/2025.2/Vitis/tps/tcl/tcllib2.0/amazon-s3/pkgIndex.tcl 
Execute           source D:/movies/2025.2/Vitis/tps/tcl/tcllib2.0/asn/pkgIndex.tcl 
Execute           source D:/movies/2025.2/Vitis/tps/tcl/tcllib2.0/base32/pkgIndex.tcl 
Execute           source D:/movies/2025.2/Vitis/tps/tcl/tcllib2.0/base64/pkgIndex.tcl 
Execute           source D:/movies/2025.2/Vitis/tps/tcl/tcllib2.0/bee/pkgIndex.tcl 
Execute           source D:/movies/2025.2/Vitis/tps/tcl/tcllib2.0/bench/pkgIndex.tcl 
Execute           source D:/movies/2025.2/Vitis/tps/tcl/tcllib2.0/bibtex/pkgIndex.tcl 
Execute           source D:/movies/2025.2/Vitis/tps/tcl/tcllib2.0/cache/pkgIndex.tcl 
Execute           source D:/movies/2025.2/Vitis/tps/tcl/tcllib2.0/clay/pkgIndex.tcl 
Execute           source D:/movies/2025.2/Vitis/tps/tcl/tcllib2.0/clock/pkgIndex.tcl 
Execute           source D:/movies/2025.2/Vitis/tps/tcl/tcllib2.0/cmdline/pkgIndex.tcl 
Execute           source D:/movies/2025.2/Vitis/tps/tcl/tcllib2.0/comm/pkgIndex.tcl 
Execute           source D:/movies/2025.2/Vitis/tps/tcl/tcllib2.0/control/pkgIndex.tcl 
Execute           source D:/movies/2025.2/Vitis/tps/tcl/tcllib2.0/coroutine/pkgIndex.tcl 
Execute           source D:/movies/2025.2/Vitis/tps/tcl/tcllib2.0/counter/pkgIndex.tcl 
Execute           source D:/movies/2025.2/Vitis/tps/tcl/tcllib2.0/crc/pkgIndex.tcl 
Execute           source D:/movies/2025.2/Vitis/tps/tcl/tcllib2.0/cron/pkgIndex.tcl 
Execute           source D:/movies/2025.2/Vitis/tps/tcl/tcllib2.0/csv/pkgIndex.tcl 
Execute           source D:/movies/2025.2/Vitis/tps/tcl/tcllib2.0/debug/pkgIndex.tcl 
Execute           source D:/movies/2025.2/Vitis/tps/tcl/tcllib2.0/defer/pkgIndex.tcl 
Execute           source D:/movies/2025.2/Vitis/tps/tcl/tcllib2.0/dicttool/pkgIndex.tcl 
Execute           source D:/movies/2025.2/Vitis/tps/tcl/tcllib2.0/dns/pkgIndex.tcl 
Execute           source D:/movies/2025.2/Vitis/tps/tcl/tcllib2.0/docstrip/pkgIndex.tcl 
Execute           source D:/movies/2025.2/Vitis/tps/tcl/tcllib2.0/doctools/pkgIndex.tcl 
Execute           source D:/movies/2025.2/Vitis/tps/tcl/tcllib2.0/doctools2base/pkgIndex.tcl 
Execute           source D:/movies/2025.2/Vitis/tps/tcl/tcllib2.0/doctools2idx/pkgIndex.tcl 
Execute           source D:/movies/2025.2/Vitis/tps/tcl/tcllib2.0/doctools2toc/pkgIndex.tcl 
Execute           source D:/movies/2025.2/Vitis/tps/tcl/tcllib2.0/dtplite/pkgIndex.tcl 
Execute           source D:/movies/2025.2/Vitis/tps/tcl/tcllib2.0/fileutil/pkgIndex.tcl 
Execute           source D:/movies/2025.2/Vitis/tps/tcl/tcllib2.0/ftp/pkgIndex.tcl 
Execute           source D:/movies/2025.2/Vitis/tps/tcl/tcllib2.0/ftpd/pkgIndex.tcl 
Execute           source D:/movies/2025.2/Vitis/tps/tcl/tcllib2.0/fumagic/pkgIndex.tcl 
Execute           source D:/movies/2025.2/Vitis/tps/tcl/tcllib2.0/generator/pkgIndex.tcl 
Execute           source D:/movies/2025.2/Vitis/tps/tcl/tcllib2.0/gpx/pkgIndex.tcl 
Execute           source D:/movies/2025.2/Vitis/tps/tcl/tcllib2.0/grammar_aycock/pkgIndex.tcl 
Execute           source D:/movies/2025.2/Vitis/tps/tcl/tcllib2.0/grammar_fa/pkgIndex.tcl 
Execute           source D:/movies/2025.2/Vitis/tps/tcl/tcllib2.0/grammar_me/pkgIndex.tcl 
Execute           source D:/movies/2025.2/Vitis/tps/tcl/tcllib2.0/grammar_peg/pkgIndex.tcl 
Execute           source D:/movies/2025.2/Vitis/tps/tcl/tcllib2.0/hook/pkgIndex.tcl 
Execute           source D:/movies/2025.2/Vitis/tps/tcl/tcllib2.0/html/pkgIndex.tcl 
Execute           source D:/movies/2025.2/Vitis/tps/tcl/tcllib2.0/htmlparse/pkgIndex.tcl 
Execute           source D:/movies/2025.2/Vitis/tps/tcl/tcllib2.0/http/pkgIndex.tcl 
Execute           source D:/movies/2025.2/Vitis/tps/tcl/tcllib2.0/httpd/pkgIndex.tcl 
Execute           source D:/movies/2025.2/Vitis/tps/tcl/tcllib2.0/httpwget/pkgIndex.tcl 
Execute           source D:/movies/2025.2/Vitis/tps/tcl/tcllib2.0/ident/pkgIndex.tcl 
Execute           source D:/movies/2025.2/Vitis/tps/tcl/tcllib2.0/imap4/pkgIndex.tcl 
Execute           source D:/movies/2025.2/Vitis/tps/tcl/tcllib2.0/inifile/pkgIndex.tcl 
Execute           source D:/movies/2025.2/Vitis/tps/tcl/tcllib2.0/interp/pkgIndex.tcl 
Execute           source D:/movies/2025.2/Vitis/tps/tcl/tcllib2.0/irc/pkgIndex.tcl 
Execute           source D:/movies/2025.2/Vitis/tps/tcl/tcllib2.0/javascript/pkgIndex.tcl 
Execute           source D:/movies/2025.2/Vitis/tps/tcl/tcllib2.0/jpeg/pkgIndex.tcl 
Execute           source D:/movies/2025.2/Vitis/tps/tcl/tcllib2.0/json/pkgIndex.tcl 
Execute           source D:/movies/2025.2/Vitis/tps/tcl/tcllib2.0/lambda/pkgIndex.tcl 
Execute           source D:/movies/2025.2/Vitis/tps/tcl/tcllib2.0/lazyset/pkgIndex.tcl 
Execute           source D:/movies/2025.2/Vitis/tps/tcl/tcllib2.0/ldap/pkgIndex.tcl 
Execute           source D:/movies/2025.2/Vitis/tps/tcl/tcllib2.0/log/pkgIndex.tcl 
Execute           source D:/movies/2025.2/Vitis/tps/tcl/tcllib2.0/map/pkgIndex.tcl 
Execute           source D:/movies/2025.2/Vitis/tps/tcl/tcllib2.0/mapproj/pkgIndex.tcl 
Execute           source D:/movies/2025.2/Vitis/tps/tcl/tcllib2.0/markdown/pkgIndex.tcl 
Execute           source D:/movies/2025.2/Vitis/tps/tcl/tcllib2.0/math/pkgIndex.tcl 
Execute           source D:/movies/2025.2/Vitis/tps/tcl/tcllib2.0/md4/pkgIndex.tcl 
Execute           source D:/movies/2025.2/Vitis/tps/tcl/tcllib2.0/md5/pkgIndex.tcl 
Execute           source D:/movies/2025.2/Vitis/tps/tcl/tcllib2.0/md5crypt/pkgIndex.tcl 
Execute           source D:/movies/2025.2/Vitis/tps/tcl/tcllib2.0/mime/pkgIndex.tcl 
Execute           source D:/movies/2025.2/Vitis/tps/tcl/tcllib2.0/mkdoc/pkgIndex.tcl 
Execute           source D:/movies/2025.2/Vitis/tps/tcl/tcllib2.0/multiplexer/pkgIndex.tcl 
Execute           source D:/movies/2025.2/Vitis/tps/tcl/tcllib2.0/namespacex/pkgIndex.tcl 
Execute           source D:/movies/2025.2/Vitis/tps/tcl/tcllib2.0/ncgi/pkgIndex.tcl 
Execute           source D:/movies/2025.2/Vitis/tps/tcl/tcllib2.0/nettool/pkgIndex.tcl 
Execute           source D:/movies/2025.2/Vitis/tps/tcl/tcllib2.0/nmea/pkgIndex.tcl 
Execute           source D:/movies/2025.2/Vitis/tps/tcl/tcllib2.0/nns/pkgIndex.tcl 
Execute           source D:/movies/2025.2/Vitis/tps/tcl/tcllib2.0/nntp/pkgIndex.tcl 
Execute           source D:/movies/2025.2/Vitis/tps/tcl/tcllib2.0/ntp/pkgIndex.tcl 
Execute           source D:/movies/2025.2/Vitis/tps/tcl/tcllib2.0/oauth/pkgIndex.tcl 
Execute           source D:/movies/2025.2/Vitis/tps/tcl/tcllib2.0/oodialect/pkgIndex.tcl 
Execute           source D:/movies/2025.2/Vitis/tps/tcl/tcllib2.0/oometa/pkgIndex.tcl 
Execute           source D:/movies/2025.2/Vitis/tps/tcl/tcllib2.0/ooutil/pkgIndex.tcl 
Execute           source D:/movies/2025.2/Vitis/tps/tcl/tcllib2.0/otp/pkgIndex.tcl 
Execute           source D:/movies/2025.2/Vitis/tps/tcl/tcllib2.0/page/pkgIndex.tcl 
Execute           source D:/movies/2025.2/Vitis/tps/tcl/tcllib2.0/pluginmgr/pkgIndex.tcl 
Execute           source D:/movies/2025.2/Vitis/tps/tcl/tcllib2.0/png/pkgIndex.tcl 
Execute           source D:/movies/2025.2/Vitis/tps/tcl/tcllib2.0/pop3/pkgIndex.tcl 
Execute           source D:/movies/2025.2/Vitis/tps/tcl/tcllib2.0/pop3d/pkgIndex.tcl 
Execute           source D:/movies/2025.2/Vitis/tps/tcl/tcllib2.0/practcl/pkgIndex.tcl 
Execute           source D:/movies/2025.2/Vitis/tps/tcl/tcllib2.0/processman/pkgIndex.tcl 
Execute           source D:/movies/2025.2/Vitis/tps/tcl/tcllib2.0/profiler/pkgIndex.tcl 
Execute           source D:/movies/2025.2/Vitis/tps/tcl/tcllib2.0/pt/pkgIndex.tcl 
Execute           source D:/movies/2025.2/Vitis/tps/tcl/tcllib2.0/rcs/pkgIndex.tcl 
Execute           source D:/movies/2025.2/Vitis/tps/tcl/tcllib2.0/report/pkgIndex.tcl 
Execute           source D:/movies/2025.2/Vitis/tps/tcl/tcllib2.0/rest/pkgIndex.tcl 
Execute           source D:/movies/2025.2/Vitis/tps/tcl/tcllib2.0/ripemd/pkgIndex.tcl 
Execute           source D:/movies/2025.2/Vitis/tps/tcl/tcllib2.0/sasl/pkgIndex.tcl 
Execute           source D:/movies/2025.2/Vitis/tps/tcl/tcllib2.0/sha1/pkgIndex.tcl 
Execute           source D:/movies/2025.2/Vitis/tps/tcl/tcllib2.0/simulation/pkgIndex.tcl 
Execute           source D:/movies/2025.2/Vitis/tps/tcl/tcllib2.0/smtpd/pkgIndex.tcl 
Execute           source D:/movies/2025.2/Vitis/tps/tcl/tcllib2.0/snit/pkgIndex.tcl 
Execute           source D:/movies/2025.2/Vitis/tps/tcl/tcllib2.0/soundex/pkgIndex.tcl 
Execute           source D:/movies/2025.2/Vitis/tps/tcl/tcllib2.0/stooop/pkgIndex.tcl 
Execute           source D:/movies/2025.2/Vitis/tps/tcl/tcllib2.0/string/pkgIndex.tcl 
Execute           source D:/movies/2025.2/Vitis/tps/tcl/tcllib2.0/stringprep/pkgIndex.tcl 
Execute           source D:/movies/2025.2/Vitis/tps/tcl/tcllib2.0/struct/pkgIndex.tcl 
Execute           source D:/movies/2025.2/Vitis/tps/tcl/tcllib2.0/tar/pkgIndex.tcl 
Execute           source D:/movies/2025.2/Vitis/tps/tcl/tcllib2.0/tepam/pkgIndex.tcl 
Execute           source D:/movies/2025.2/Vitis/tps/tcl/tcllib2.0/term/pkgIndex.tcl 
Execute           source D:/movies/2025.2/Vitis/tps/tcl/tcllib2.0/textutil/pkgIndex.tcl 
Execute           source D:/movies/2025.2/Vitis/tps/tcl/tcllib2.0/tie/pkgIndex.tcl 
Execute           source D:/movies/2025.2/Vitis/tps/tcl/tcllib2.0/tiff/pkgIndex.tcl 
Execute           source D:/movies/2025.2/Vitis/tps/tcl/tcllib2.0/tool/pkgIndex.tcl 
Execute           source D:/movies/2025.2/Vitis/tps/tcl/tcllib2.0/transfer/pkgIndex.tcl 
Execute           source D:/movies/2025.2/Vitis/tps/tcl/tcllib2.0/treeql/pkgIndex.tcl 
Execute           source D:/movies/2025.2/Vitis/tps/tcl/tcllib2.0/try/pkgIndex.tcl 
Execute           source D:/movies/2025.2/Vitis/tps/tcl/tcllib2.0/udpcluster/pkgIndex.tcl 
Execute           source D:/movies/2025.2/Vitis/tps/tcl/tcllib2.0/uev/pkgIndex.tcl 
Execute           source D:/movies/2025.2/Vitis/tps/tcl/tcllib2.0/units/pkgIndex.tcl 
Execute           source D:/movies/2025.2/Vitis/tps/tcl/tcllib2.0/uri/pkgIndex.tcl 
Execute           source D:/movies/2025.2/Vitis/tps/tcl/tcllib2.0/uuid/pkgIndex.tcl 
Execute           source D:/movies/2025.2/Vitis/tps/tcl/tcllib2.0/valtype/pkgIndex.tcl 
Execute           source D:/movies/2025.2/Vitis/tps/tcl/tcllib2.0/virtchannel_base/pkgIndex.tcl 
Execute           source D:/movies/2025.2/Vitis/tps/tcl/tcllib2.0/virtchannel_core/pkgIndex.tcl 
Execute           source D:/movies/2025.2/Vitis/tps/tcl/tcllib2.0/virtchannel_transform/pkgIndex.tcl 
Execute           source D:/movies/2025.2/Vitis/tps/tcl/tcllib2.0/websocket/pkgIndex.tcl 
Execute           source D:/movies/2025.2/Vitis/tps/tcl/tcllib2.0/wip/pkgIndex.tcl 
Execute           source D:/movies/2025.2/Vitis/tps/tcl/tcllib2.0/yaml/pkgIndex.tcl 
Execute           source D:/movies/2025.2/Vitis/tps/tcl/tcllib2.0/zip/pkgIndex.tcl 
Command         ap_source done; 0.251 sec.
Execute         source D:/movies/2025.2/Vitis/tps/tcl/tdom/pkgIndex.tcl 
Execute         source D:/movies/2025.2/Vitis/tps/tcl/tcl8.6/opt0.4/pkgIndex.tcl 
Execute         source D:/movies/2025.2/Vitis/tps/tcl/tcl8.6/pkgs/win/thread2.8.7/pkgIndex.tcl 
Command       ap_source done; 1.069 sec.
INFO-FLOW: Workspace C:/Users/duong/Desktop/xup_high_level_synthesis_design_flow-main/source/lab1/matrixmul/matrixmul/hls opened at Fri Jun 12 17:18:39 -0400 2026
Execute       source C:/Users/duong/Desktop/xup_high_level_synthesis_design_flow-main/source/lab1/matrixmul/matrixmul/hls/.autopilot/db/global.setting.tcl 
Execute       set_part xc7a35t-fgg484-2 
Execute         create_platform xc7a35t-fgg484-2 -board  
DBG:HLSDevice: Trying to load device library: D:/movies/2025.2/Vitis\lib\win64.o\xv_hlsvwrap.dll
DBG:HLSDevice: first parts/arch.xml in RDI_DATADIR: D:/movies/2025.2/Vivado/data/parts/arch.xml
DBG:HLSDevice: init success
INFO: [HLS 200-1611] Setting target device to 'xc7a35t-fgg484-2'
Command         create_platform done; 0.805 sec.
Execute         source D:/movies/2025.2/Vitis/common/technology/xilinx/common/xilinx.gen 
Execute           source D:/movies/2025.2/Vitis/common/technology/xilinx/interface/plb46.gen 
Execute           source D:/movies/2025.2/Vitis/common/technology/xilinx/interface/axi4.gen 
Execute           source D:/movies/2025.2/Vitis/common/technology/xilinx/interface/nativeAXI4.gen 
Execute             source D:/movies/2025.2/Vitis/common/technology/xilinx/interface/saxilite.gen 
Execute           source D:/movies/2025.2/Vitis/common/technology/xilinx/scripts/xilinxcoregen.gen 
Execute           source D:/movies/2025.2/Vitis/common/technology/xilinx/interface/XilEDKCoreGen.gen 
Execute           source D:/movies/2025.2/Vitis/common/technology/xilinx/ip/dds_compiler.gen 
Execute           source D:/movies/2025.2/Vitis/common/technology/xilinx/ip/util.gen 
Execute           source D:/movies/2025.2/Vitis/common/technology/xilinx/ip/xfft.gen 
Execute           source D:/movies/2025.2/Vitis/common/technology/xilinx/ip/xfir.gen 
Execute           source D:/movies/2025.2/Vitis/common/technology/xilinx/DSP48/dsp48.gen 
Execute         ap_part_info -name xc7a35t-fgg484-2 -data info 
Execute         config_compile -quiet -complex-mul-dsp=0 
Command       set_part done; 0.907 sec.
Execute       send_msg_by_id INFO @200-1505@%s%s default  vivado 
INFO: [HLS 200-1505] Using default flow_target 'vivado'
Execute       send_msg_by_id INFO @200-2174@%s%s component hls_config.cfg 
INFO: [HLS 200-2174] Applying component config ini file hls_config.cfg
Execute       apply_ini hls_config.cfg 
Execute         send_msg_by_id INFO @200-1465@%s 'syn.file=C:/Users/duong/Desktop/xup_high_level_synthesis_design_flow-main/source/lab1/matrixmul.cpp' from hls_config.cfg(8) 
INFO: [HLS 200-1465] Applying config ini 'syn.file=C:/Users/duong/Desktop/xup_high_level_synthesis_design_flow-main/source/lab1/matrixmul.cpp' from hls_config.cfg(8)
Execute         add_files C:/Users/duong/Desktop/xup_high_level_synthesis_design_flow-main/source/lab1/matrixmul.cpp 
INFO: [HLS 200-10] Adding design file 'C:/Users/duong/Desktop/xup_high_level_synthesis_design_flow-main/source/lab1/matrixmul.cpp' to the project
Execute         send_msg_by_id INFO @200-1465@%s 'syn.file=C:/Users/duong/Desktop/xup_high_level_synthesis_design_flow-main/source/lab1/matrixmul.h' from hls_config.cfg(9) 
INFO: [HLS 200-1465] Applying config ini 'syn.file=C:/Users/duong/Desktop/xup_high_level_synthesis_design_flow-main/source/lab1/matrixmul.h' from hls_config.cfg(9)
Execute         add_files C:/Users/duong/Desktop/xup_high_level_synthesis_design_flow-main/source/lab1/matrixmul.h 
INFO: [HLS 200-10] Adding design file 'C:/Users/duong/Desktop/xup_high_level_synthesis_design_flow-main/source/lab1/matrixmul.h' to the project
Execute         send_msg_by_id INFO @200-1465@%s 'tb.file=C:/Users/duong/Desktop/xup_high_level_synthesis_design_flow-main/source/lab1/matrixmul_test.cpp' from hls_config.cfg(10) 
INFO: [HLS 200-1465] Applying config ini 'tb.file=C:/Users/duong/Desktop/xup_high_level_synthesis_design_flow-main/source/lab1/matrixmul_test.cpp' from hls_config.cfg(10)
Execute         add_files -tb C:/Users/duong/Desktop/xup_high_level_synthesis_design_flow-main/source/lab1/matrixmul_test.cpp 
INFO: [HLS 200-10] Adding test bench file 'C:/Users/duong/Desktop/xup_high_level_synthesis_design_flow-main/source/lab1/matrixmul_test.cpp' to the project
Execute         send_msg_by_id INFO @200-1465@%s 'tb.file_cflags=C:/Users/duong/Desktop/xup_high_level_synthesis_design_flow-main/source/lab1/matrixmul_test.cpp,-DHW_COSIM' from hls_config.cfg(11) 
INFO: [HLS 200-1465] Applying config ini 'tb.file_cflags=C:/Users/duong/Desktop/xup_high_level_synthesis_design_flow-main/source/lab1/matrixmul_test.cpp,-DHW_COSIM' from hls_config.cfg(11)
Execute         add_files -tb C:/Users/duong/Desktop/xup_high_level_synthesis_design_flow-main/source/lab1/matrixmul_test.cpp -appendflags -cflags -DHW_COSIM 
Execute         send_msg_by_id INFO @200-1465@%s 'syn.top=matrixmul' from hls_config.cfg(7) 
INFO: [HLS 200-1465] Applying config ini 'syn.top=matrixmul' from hls_config.cfg(7)
Execute         set_top matrixmul 
Execute         send_msg_by_id INFO @200-1465@%s 'flow_target=vivado' from hls_config.cfg(4) 
INFO: [HLS 200-1465] Applying config ini 'flow_target=vivado' from hls_config.cfg(4)
Execute         send_msg_by_id INFO @200-1505@%s%s  vivado 
INFO: [HLS 200-1505] Using flow_target 'vivado'
Execute         send_msg_by_id INFO @200-1465@%s 'part=xc7a35tfgg484-2' from hls_config.cfg(1) 
INFO: [HLS 200-1465] Applying config ini 'part=xc7a35tfgg484-2' from hls_config.cfg(1)
Execute         set_part xc7a35tfgg484-2 
Execute           create_platform xc7a35tfgg484-2 -board  
Command           create_platform done; 0.154 sec.
Execute           source D:/movies/2025.2/Vitis/common/technology/xilinx/common/xilinx.gen 
Execute             source D:/movies/2025.2/Vitis/common/technology/xilinx/interface/plb46.gen 
Execute             source D:/movies/2025.2/Vitis/common/technology/xilinx/interface/axi4.gen 
Execute             source D:/movies/2025.2/Vitis/common/technology/xilinx/interface/nativeAXI4.gen 
Execute               source D:/movies/2025.2/Vitis/common/technology/xilinx/interface/saxilite.gen 
Execute             source D:/movies/2025.2/Vitis/common/technology/xilinx/scripts/xilinxcoregen.gen 
Execute             source D:/movies/2025.2/Vitis/common/technology/xilinx/interface/XilEDKCoreGen.gen 
Execute             source D:/movies/2025.2/Vitis/common/technology/xilinx/ip/dds_compiler.gen 
Execute             source D:/movies/2025.2/Vitis/common/technology/xilinx/ip/util.gen 
Execute             source D:/movies/2025.2/Vitis/common/technology/xilinx/ip/xfft.gen 
Execute             source D:/movies/2025.2/Vitis/common/technology/xilinx/ip/xfir.gen 
Execute             source D:/movies/2025.2/Vitis/common/technology/xilinx/DSP48/dsp48.gen 
Execute           ap_part_info -name xc7a35t-fgg484-2 -data info 
Execute           config_compile -quiet -complex-mul-dsp=0 
Command         set_part done; 0.241 sec.
Execute         send_msg_by_id INFO @200-1465@%s 'clock=10' from hls_config.cfg(12) 
INFO: [HLS 200-1465] Applying config ini 'clock=10' from hls_config.cfg(12)
Execute         create_clock -period 10ns 
Execute           ap_set_clock -name default -period 10 -unit ns -default=false 
INFO: [SYN 201-201] Setting up clock 'default' with a period of 10ns.
Execute         send_msg_by_id INFO @200-1465@%s 'cosim.trace_level=port' from hls_config.cfg(15) 
INFO: [HLS 200-1465] Applying config ini 'cosim.trace_level=port' from hls_config.cfg(15)
Execute         config_cosim -trace_level=port 
Execute         send_msg_by_id INFO @200-1465@%s 'cosim.wave_debug=1' from hls_config.cfg(14) 
INFO: [HLS 200-1465] Applying config ini 'cosim.wave_debug=1' from hls_config.cfg(14)
Execute         config_cosim -wave_debug=1 
Execute         send_msg_by_id INFO @200-1465@%s 'package.output.format=ip_catalog' from hls_config.cfg(5) 
INFO: [HLS 200-1465] Applying config ini 'package.output.format=ip_catalog' from hls_config.cfg(5)
Execute         config_export -format=ip_catalog 
Execute         send_msg_by_id INFO @200-1465@%s 'sim.O=0' from hls_config.cfg(13) 
INFO: [HLS 200-1465] Applying config ini 'sim.O=0' from hls_config.cfg(13)
Execute         config_sim -O=0 
Command       apply_ini done; 0.317 sec.
Execute       write_component -config C:/Users/duong/Desktop/xup_high_level_synthesis_design_flow-main/source/lab1/matrixmul/hls_config.cfg 
Execute         send_msg_by_id INFO @200-2176@%s C:/Users/duong/Desktop/xup_high_level_synthesis_design_flow-main/source/lab1/matrixmul/matrixmul/vitis-comp.json 
INFO: [HLS 200-2176] Writing Vitis IDE component file C:/Users/duong/Desktop/xup_high_level_synthesis_design_flow-main/source/lab1/matrixmul/matrixmul/vitis-comp.json
Command     open_solution done; 2.348 sec.
Command   open_component done; 2.354 sec.
Execute   apply_ini C:/Users/duong/Desktop/xup_high_level_synthesis_design_flow-main/source/lab1/matrixmul/matrixmul/hls/config.cmdline -iscmdline 
Execute   ::AP::init_summary_file package-ip 
Execute     AP::app_get_file_relativeroot [AP::app_get_root] {}
Execute     AP::get_vpp_package_output_file
Execute   export_design -flow none 
Execute     config_export -flow=none 
INFO-FLOW: DBG:PUTS: export_design_wrap: -format ip_catalog -rtl verilog
Execute     source C:/Users/duong/Desktop/xup_high_level_synthesis_design_flow-main/source/lab1/matrixmul/matrixmul/hls/.autopilot/db/global.setting.tcl 
INFO-FLOW: DBG:PUTS:   auto_impl: pack: -export -rtl verilog
INFO-FLOW: DBG:PROC: ::AESL_AUTOIMPL::auto_impl args='-export -rtl verilog'
Execute     source C:/Users/duong/Desktop/xup_high_level_synthesis_design_flow-main/source/lab1/matrixmul/matrixmul/hls/.autopilot/db/global.setting.tcl 
INFO: [IMPL 213-8] Exporting RTL as a Vivado IP.
INFO-FLOW: DBG:PUTS: automg_wrap -export -pcore_version 1.00.a -rtl vlog -tool Vivado -impltomg_flag
INFO-FLOW: DBG:PROC: ::AESL_AUTOMG::auto_generate args='-export -pcore_version 1.00.a -rtl vlog -tool Vivado -impltomg_flag'
INFO-FLOW: DBG:PUTS:     auto_generate -export -pcore_version 1.00.a -rtl vlog -tool Vivado -impltomg_flag
Execute     source C:/Users/duong/Desktop/xup_high_level_synthesis_design_flow-main/source/lab1/matrixmul/matrixmul/hls/.autopilot/db/global.setting.tcl 
INFO-FLOW: DBG:PUTS: read_platform_lib C:/Users/duong/Desktop/xup_high_level_synthesis_design_flow-main/source/lab1/matrixmul/matrixmul/hls/.autopilot/db/global.setting.tcl
Execute     source D:/movies/2025.2/Vitis/common/technology/generic/autopilot/common.gen 
Execute       source D:/movies/2025.2/Vitis/common/technology/generic/autopilot/APCoreGen.gen 
Execute     source D:/movies/2025.2/Vitis/common/technology/generic/autopilot/op.gen 
Execute     source D:/movies/2025.2/Vitis/common/technology/generic/autopilot/op_simcore.gen 
Execute     source D:/movies/2025.2/Vitis/common/technology/generic/autopilot/interface.gen 
Execute     source C:/Users/duong/Desktop/xup_high_level_synthesis_design_flow-main/source/lab1/matrixmul/matrixmul/hls/.autopilot/db/global.setting.tcl 
Execute     ap_family_info -name artix7 -data parts 
Execute     ap_part_info -name xc7a12ticsg325-1L -data info 
Execute     source D:/movies/2025.2/Vitis/common/technology/xilinx/common/xilinx.gen 
Execute       source D:/movies/2025.2/Vitis/common/technology/xilinx/interface/plb46.gen 
Execute       source D:/movies/2025.2/Vitis/common/technology/xilinx/interface/axi4.gen 
Execute       source D:/movies/2025.2/Vitis/common/technology/xilinx/interface/nativeAXI4.gen 
Execute         source D:/movies/2025.2/Vitis/common/technology/xilinx/interface/saxilite.gen 
Execute       source D:/movies/2025.2/Vitis/common/technology/xilinx/scripts/xilinxcoregen.gen 
Execute       source D:/movies/2025.2/Vitis/common/technology/xilinx/interface/XilEDKCoreGen.gen 
Execute       source D:/movies/2025.2/Vitis/common/technology/xilinx/ip/dds_compiler.gen 
Execute       source D:/movies/2025.2/Vitis/common/technology/xilinx/ip/util.gen 
Execute       source D:/movies/2025.2/Vitis/common/technology/xilinx/ip/xfft.gen 
Execute       source D:/movies/2025.2/Vitis/common/technology/xilinx/ip/xfir.gen 
Execute       source D:/movies/2025.2/Vitis/common/technology/xilinx/DSP48/dsp48.gen 
INFO-FLOW: DBG:PUTS:   using AESL_AUTOCG::g_clock_period=10.000 (was NA)
INFO-FLOW: DBG:PUTS:       initCTypeInfo top_module=matrixmul xml_exists=0
Execute     source C:/Users/duong/Desktop/xup_high_level_synthesis_design_flow-main/source/lab1/matrixmul/matrixmul/hls/.autopilot/db/matrixmul.rtl_wrap.cfg.tcl 
Execute     source C:/Users/duong/Desktop/xup_high_level_synthesis_design_flow-main/source/lab1/matrixmul/matrixmul/hls/.autopilot/db/matrixmul.rtl_wrap.cfg.tcl 
Execute     source C:/Users/duong/Desktop/xup_high_level_synthesis_design_flow-main/source/lab1/matrixmul/matrixmul/hls/.autopilot/db/matrixmul.rtl_wrap.cfg.tcl 
Execute     source C:/Users/duong/Desktop/xup_high_level_synthesis_design_flow-main/source/lab1/matrixmul/matrixmul/hls/.autopilot/db/matrixmul.tbgen.tcl 
Execute     source C:/Users/duong/Desktop/xup_high_level_synthesis_design_flow-main/source/lab1/matrixmul/matrixmul/hls/.autopilot/db/matrixmul.tbgen.tcl 
Execute     source C:/Users/duong/Desktop/xup_high_level_synthesis_design_flow-main/source/lab1/matrixmul/matrixmul/hls/.autopilot/db/matrixmul.tbgen.tcl 
Execute     source C:/Users/duong/Desktop/xup_high_level_synthesis_design_flow-main/source/lab1/matrixmul/matrixmul/hls/.autopilot/db/global.setting.tcl 
Execute     source C:/Users/duong/Desktop/xup_high_level_synthesis_design_flow-main/source/lab1/matrixmul/matrixmul/hls/.autopilot/db/matrixmul.tbgen.tcl 
Execute     source C:/Users/duong/Desktop/xup_high_level_synthesis_design_flow-main/source/lab1/matrixmul/matrixmul/hls/.autopilot/db/cosimDB.tcl 
INFO-FLOW: DBG:PUTS:       cosim_export_main adding deadlock detection to matrixmul
INFO-FLOW: DBG:PUTS:       generate_datafile_ip_script ip_types={vitis sysgen} #gSsdmPorts=0
INFO-FLOW: DBG:PUTS: Skipping loadAnalyze_DB, #g_database=3
INFO-FLOW: DBG:PUTS:       generate_json generate_bd_files=0 generate_xo_files=false #modelList=4 #gSsdmPorts=0
INFO-FLOW: DBG:PROC: ::AP::DESIGN_DATA::generate_json generate_bd_files='0' generate_xo_files='false' modelList='matrixmul_mul_8s_8s_16_1_1
matrixmul_mac_muladd_8s_8s_16s_16_4_1
matrixmul_flow_control_loop_pipe
matrixmul
' rtl_lang='vlog' bootstrap_tcl='false' outdir='' outfilename=''
Execute     source C:/Users/duong/Desktop/xup_high_level_synthesis_design_flow-main/source/lab1/matrixmul/matrixmul/hls/.autopilot/db/global.setting.tcl 
Execute     source C:/Users/duong/Desktop/xup_high_level_synthesis_design_flow-main/source/lab1/matrixmul/matrixmul/hls/.autopilot/db/global.setting.tcl 
Execute     source C:/Users/duong/Desktop/xup_high_level_synthesis_design_flow-main/source/lab1/matrixmul/matrixmul/hls/.autopilot/db/top-io-be.tcl 
Execute     source C:/Users/duong/Desktop/xup_high_level_synthesis_design_flow-main/source/lab1/matrixmul/matrixmul/hls/.autopilot/db/matrixmul.tbgen.tcl 
Execute     source C:/Users/duong/Desktop/xup_high_level_synthesis_design_flow-main/source/lab1/matrixmul/matrixmul/hls/.autopilot/db/matrixmul.rtl_wrap.cfg.tcl 
Execute     source C:/Users/duong/Desktop/xup_high_level_synthesis_design_flow-main/source/lab1/matrixmul/matrixmul/hls/.autopilot/db/matrixmul.compgen.dataonly.tcl 
Execute     source C:/Users/duong/Desktop/xup_high_level_synthesis_design_flow-main/source/lab1/matrixmul/matrixmul/hls/.autopilot/db/matrixmul.tbgen.tcl 
Execute     source C:/Users/duong/Desktop/xup_high_level_synthesis_design_flow-main/source/lab1/matrixmul/matrixmul/hls/.autopilot/db/global.setting.tcl 
Execute     ap_part_info -name xc7a35t-fgg484-2 -data names -quiet 
Execute     ap_part_info -name xc7a35t-fgg484-2 -data info -quiet 
Execute     source C:/Users/duong/Desktop/xup_high_level_synthesis_design_flow-main/source/lab1/matrixmul/matrixmul/hls/.autopilot/db/matrixmul.constraint.tcl 
Execute     sc_get_clocks matrixmul 
Execute     source C:/Users/duong/Desktop/xup_high_level_synthesis_design_flow-main/source/lab1/matrixmul/matrixmul/hls/.autopilot/db/global.setting.tcl 
Execute     source D:/movies/2025.2/Vitis/tps/tcl/tcllib2.0/fileutil/fileutil.tcl 
Execute       source D:/movies/2025.2/Vitis/tps/tcl/tcllib2.0/cmdline/cmdline.tcl 
INFO-FLOW: DBG:PUTS:       generate_syn_sh
Execute     ap_part_info -name xc7a35t-fgg484-2 -data names -quiet 
Execute     ap_part_info -name xc7a35t-fgg484-2 -data info -quiet 
Execute     source C:/Users/duong/Desktop/xup_high_level_synthesis_design_flow-main/source/lab1/matrixmul/matrixmul/hls/.autopilot/db/global.setting.tcl 
INFO-FLOW: DBG:PUTS:       generate_imp_constraints
Execute     ap_part_info -name xc7a35t-fgg484-2 -data names -quiet 
Execute     ap_part_info -name xc7a35t-fgg484-2 -data info -quiet 
Execute     source C:/Users/duong/Desktop/xup_high_level_synthesis_design_flow-main/source/lab1/matrixmul/matrixmul/hls/.autopilot/db/matrixmul.constraint.tcl 
Execute     source C:/Users/duong/Desktop/xup_high_level_synthesis_design_flow-main/source/lab1/matrixmul/matrixmul/hls/.autopilot/db/matrixmul.tbgen.tcl 
INFO-FLOW: DBG:PUTS:       delete-temp-dirs pwd=C:/Users/duong/Desktop/xup_high_level_synthesis_design_flow-main/source/lab1/matrixmul/matrixmul/hls
Execute     ap_part_info -name xc7a35t-fgg484-2 -data names -quiet 
Execute     ap_part_info -name xc7a35t-fgg484-2 -data info -quiet 
INFO-FLOW: DBG:PUTS: read_platform_lib C:/Users/duong/Desktop/xup_high_level_synthesis_design_flow-main/source/lab1/matrixmul/matrixmul/hls/.autopilot/db/global.setting.tcl
Execute     source D:/movies/2025.2/Vitis/common/technology/generic/autopilot/common.gen 
Execute       source D:/movies/2025.2/Vitis/common/technology/generic/autopilot/APCoreGen.gen 
Execute     source D:/movies/2025.2/Vitis/common/technology/generic/autopilot/op.gen 
Execute     source D:/movies/2025.2/Vitis/common/technology/generic/autopilot/op_simcore.gen 
Execute     source D:/movies/2025.2/Vitis/common/technology/generic/autopilot/interface.gen 
Execute     source C:/Users/duong/Desktop/xup_high_level_synthesis_design_flow-main/source/lab1/matrixmul/matrixmul/hls/.autopilot/db/global.setting.tcl 
Execute     ap_family_info -name artix7 -data parts 
Execute     ap_part_info -name xc7a12ticsg325-1L -data info 
Execute     source D:/movies/2025.2/Vitis/common/technology/xilinx/common/xilinx.gen 
Execute       source D:/movies/2025.2/Vitis/common/technology/xilinx/interface/plb46.gen 
Execute       source D:/movies/2025.2/Vitis/common/technology/xilinx/interface/axi4.gen 
Execute       source D:/movies/2025.2/Vitis/common/technology/xilinx/interface/nativeAXI4.gen 
Execute         source D:/movies/2025.2/Vitis/common/technology/xilinx/interface/saxilite.gen 
Execute       source D:/movies/2025.2/Vitis/common/technology/xilinx/scripts/xilinxcoregen.gen 
Execute       source D:/movies/2025.2/Vitis/common/technology/xilinx/interface/XilEDKCoreGen.gen 
Execute       source D:/movies/2025.2/Vitis/common/technology/xilinx/ip/dds_compiler.gen 
Execute       source D:/movies/2025.2/Vitis/common/technology/xilinx/ip/util.gen 
Execute       source D:/movies/2025.2/Vitis/common/technology/xilinx/ip/xfft.gen 
Execute       source D:/movies/2025.2/Vitis/common/technology/xilinx/ip/xfir.gen 
Execute       source D:/movies/2025.2/Vitis/common/technology/xilinx/DSP48/dsp48.gen 
INFO-FLOW: DBG:PUTS:     IP package: exec C:/Users/duong/Desktop/xup_high_level_synthesis_design_flow-main/source/lab1/matrixmul/matrixmul/hls/impl/ip/pack.bat
INFO-FLOW: DBG:PUTS:     IP package: success C:/Users/duong/Desktop/xup_high_level_synthesis_design_flow-main/source/lab1/matrixmul/matrixmul/hls/impl/ip/pack.bat
Execute     send_msg_by_id INFO @200-802@%s matrixmul/matrixmul.zip 
INFO: [HLS 200-802] Generated output file matrixmul/matrixmul.zip
Command   export_design done; 15.861 sec.
Execute   close_project 
Execute     close_solution 
Execute       cleanup_all 
Execute       cleanup_all 
Execute       source -notrace -encoding utf-8 D:/movies/2025.2/Vitis/tps/tcl/tcl8.6/clock.tcl 
Execute         source -encoding utf-8 D:/movies/2025.2/Vitis/tps/tcl/tcl8/8.5/msgcat-1.6.1.tm 
Execute           source D:/movies/2025.2/Vitis/tps/tcl/tcllib2.0/0compatibility/pkgIndex.tcl 
Execute           source D:/movies/2025.2/Vitis/tps/tcl/tcllib2.0/amazon-s3/pkgIndex.tcl 
Execute           source D:/movies/2025.2/Vitis/tps/tcl/tcllib2.0/asn/pkgIndex.tcl 
Execute           source D:/movies/2025.2/Vitis/tps/tcl/tcllib2.0/base32/pkgIndex.tcl 
Execute           source D:/movies/2025.2/Vitis/tps/tcl/tcllib2.0/base64/pkgIndex.tcl 
Execute           source D:/movies/2025.2/Vitis/tps/tcl/tcllib2.0/bee/pkgIndex.tcl 
Execute           source D:/movies/2025.2/Vitis/tps/tcl/tcllib2.0/bench/pkgIndex.tcl 
Execute           source D:/movies/2025.2/Vitis/tps/tcl/tcllib2.0/bibtex/pkgIndex.tcl 
Execute           source D:/movies/2025.2/Vitis/tps/tcl/tcllib2.0/cache/pkgIndex.tcl 
Execute           source D:/movies/2025.2/Vitis/tps/tcl/tcllib2.0/clay/pkgIndex.tcl 
Execute           source D:/movies/2025.2/Vitis/tps/tcl/tcllib2.0/clock/pkgIndex.tcl 
Execute           source D:/movies/2025.2/Vitis/tps/tcl/tcllib2.0/cmdline/pkgIndex.tcl 
Execute           source D:/movies/2025.2/Vitis/tps/tcl/tcllib2.0/comm/pkgIndex.tcl 
Execute           source D:/movies/2025.2/Vitis/tps/tcl/tcllib2.0/control/pkgIndex.tcl 
Execute           source D:/movies/2025.2/Vitis/tps/tcl/tcllib2.0/coroutine/pkgIndex.tcl 
Execute           source D:/movies/2025.2/Vitis/tps/tcl/tcllib2.0/counter/pkgIndex.tcl 
Execute           source D:/movies/2025.2/Vitis/tps/tcl/tcllib2.0/crc/pkgIndex.tcl 
Execute           source D:/movies/2025.2/Vitis/tps/tcl/tcllib2.0/cron/pkgIndex.tcl 
Execute           source D:/movies/2025.2/Vitis/tps/tcl/tcllib2.0/csv/pkgIndex.tcl 
Execute           source D:/movies/2025.2/Vitis/tps/tcl/tcllib2.0/debug/pkgIndex.tcl 
Execute           source D:/movies/2025.2/Vitis/tps/tcl/tcllib2.0/defer/pkgIndex.tcl 
Execute           source D:/movies/2025.2/Vitis/tps/tcl/tcllib2.0/dicttool/pkgIndex.tcl 
Execute           source D:/movies/2025.2/Vitis/tps/tcl/tcllib2.0/dns/pkgIndex.tcl 
Execute           source D:/movies/2025.2/Vitis/tps/tcl/tcllib2.0/docstrip/pkgIndex.tcl 
Execute           source D:/movies/2025.2/Vitis/tps/tcl/tcllib2.0/doctools/pkgIndex.tcl 
Execute           source D:/movies/2025.2/Vitis/tps/tcl/tcllib2.0/doctools2base/pkgIndex.tcl 
Execute           source D:/movies/2025.2/Vitis/tps/tcl/tcllib2.0/doctools2idx/pkgIndex.tcl 
Execute           source D:/movies/2025.2/Vitis/tps/tcl/tcllib2.0/doctools2toc/pkgIndex.tcl 
Execute           source D:/movies/2025.2/Vitis/tps/tcl/tcllib2.0/dtplite/pkgIndex.tcl 
Execute           source D:/movies/2025.2/Vitis/tps/tcl/tcllib2.0/fileutil/pkgIndex.tcl 
Execute           source D:/movies/2025.2/Vitis/tps/tcl/tcllib2.0/ftp/pkgIndex.tcl 
Execute           source D:/movies/2025.2/Vitis/tps/tcl/tcllib2.0/ftpd/pkgIndex.tcl 
Execute           source D:/movies/2025.2/Vitis/tps/tcl/tcllib2.0/fumagic/pkgIndex.tcl 
Execute           source D:/movies/2025.2/Vitis/tps/tcl/tcllib2.0/generator/pkgIndex.tcl 
Execute           source D:/movies/2025.2/Vitis/tps/tcl/tcllib2.0/gpx/pkgIndex.tcl 
Execute           source D:/movies/2025.2/Vitis/tps/tcl/tcllib2.0/grammar_aycock/pkgIndex.tcl 
Execute           source D:/movies/2025.2/Vitis/tps/tcl/tcllib2.0/grammar_fa/pkgIndex.tcl 
Execute           source D:/movies/2025.2/Vitis/tps/tcl/tcllib2.0/grammar_me/pkgIndex.tcl 
Execute           source D:/movies/2025.2/Vitis/tps/tcl/tcllib2.0/grammar_peg/pkgIndex.tcl 
Execute           source D:/movies/2025.2/Vitis/tps/tcl/tcllib2.0/hook/pkgIndex.tcl 
Execute           source D:/movies/2025.2/Vitis/tps/tcl/tcllib2.0/html/pkgIndex.tcl 
Execute           source D:/movies/2025.2/Vitis/tps/tcl/tcllib2.0/htmlparse/pkgIndex.tcl 
Execute           source D:/movies/2025.2/Vitis/tps/tcl/tcllib2.0/http/pkgIndex.tcl 
Execute           source D:/movies/2025.2/Vitis/tps/tcl/tcllib2.0/httpd/pkgIndex.tcl 
Execute           source D:/movies/2025.2/Vitis/tps/tcl/tcllib2.0/httpwget/pkgIndex.tcl 
Execute           source D:/movies/2025.2/Vitis/tps/tcl/tcllib2.0/ident/pkgIndex.tcl 
Execute           source D:/movies/2025.2/Vitis/tps/tcl/tcllib2.0/imap4/pkgIndex.tcl 
Execute           source D:/movies/2025.2/Vitis/tps/tcl/tcllib2.0/inifile/pkgIndex.tcl 
Execute           source D:/movies/2025.2/Vitis/tps/tcl/tcllib2.0/interp/pkgIndex.tcl 
Execute           source D:/movies/2025.2/Vitis/tps/tcl/tcllib2.0/irc/pkgIndex.tcl 
Execute           source D:/movies/2025.2/Vitis/tps/tcl/tcllib2.0/javascript/pkgIndex.tcl 
Execute           source D:/movies/2025.2/Vitis/tps/tcl/tcllib2.0/jpeg/pkgIndex.tcl 
Execute           source D:/movies/2025.2/Vitis/tps/tcl/tcllib2.0/json/pkgIndex.tcl 
Execute           source D:/movies/2025.2/Vitis/tps/tcl/tcllib2.0/lambda/pkgIndex.tcl 
Execute           source D:/movies/2025.2/Vitis/tps/tcl/tcllib2.0/lazyset/pkgIndex.tcl 
Execute           source D:/movies/2025.2/Vitis/tps/tcl/tcllib2.0/ldap/pkgIndex.tcl 
Execute           source D:/movies/2025.2/Vitis/tps/tcl/tcllib2.0/log/pkgIndex.tcl 
Execute           source D:/movies/2025.2/Vitis/tps/tcl/tcllib2.0/map/pkgIndex.tcl 
Execute           source D:/movies/2025.2/Vitis/tps/tcl/tcllib2.0/mapproj/pkgIndex.tcl 
Execute           source D:/movies/2025.2/Vitis/tps/tcl/tcllib2.0/markdown/pkgIndex.tcl 
Execute           source D:/movies/2025.2/Vitis/tps/tcl/tcllib2.0/math/pkgIndex.tcl 
Execute           source D:/movies/2025.2/Vitis/tps/tcl/tcllib2.0/md4/pkgIndex.tcl 
Execute           source D:/movies/2025.2/Vitis/tps/tcl/tcllib2.0/md5/pkgIndex.tcl 
Execute           source D:/movies/2025.2/Vitis/tps/tcl/tcllib2.0/md5crypt/pkgIndex.tcl 
Execute           source D:/movies/2025.2/Vitis/tps/tcl/tcllib2.0/mime/pkgIndex.tcl 
Execute           source D:/movies/2025.2/Vitis/tps/tcl/tcllib2.0/mkdoc/pkgIndex.tcl 
Execute           source D:/movies/2025.2/Vitis/tps/tcl/tcllib2.0/multiplexer/pkgIndex.tcl 
Execute           source D:/movies/2025.2/Vitis/tps/tcl/tcllib2.0/namespacex/pkgIndex.tcl 
Execute           source D:/movies/2025.2/Vitis/tps/tcl/tcllib2.0/ncgi/pkgIndex.tcl 
Execute           source D:/movies/2025.2/Vitis/tps/tcl/tcllib2.0/nettool/pkgIndex.tcl 
Execute           source D:/movies/2025.2/Vitis/tps/tcl/tcllib2.0/nmea/pkgIndex.tcl 
Execute           source D:/movies/2025.2/Vitis/tps/tcl/tcllib2.0/nns/pkgIndex.tcl 
Execute           source D:/movies/2025.2/Vitis/tps/tcl/tcllib2.0/nntp/pkgIndex.tcl 
Execute           source D:/movies/2025.2/Vitis/tps/tcl/tcllib2.0/ntp/pkgIndex.tcl 
Execute           source D:/movies/2025.2/Vitis/tps/tcl/tcllib2.0/oauth/pkgIndex.tcl 
Execute           source D:/movies/2025.2/Vitis/tps/tcl/tcllib2.0/oodialect/pkgIndex.tcl 
Execute           source D:/movies/2025.2/Vitis/tps/tcl/tcllib2.0/oometa/pkgIndex.tcl 
Execute           source D:/movies/2025.2/Vitis/tps/tcl/tcllib2.0/ooutil/pkgIndex.tcl 
Execute           source D:/movies/2025.2/Vitis/tps/tcl/tcllib2.0/otp/pkgIndex.tcl 
Execute           source D:/movies/2025.2/Vitis/tps/tcl/tcllib2.0/page/pkgIndex.tcl 
Execute           source D:/movies/2025.2/Vitis/tps/tcl/tcllib2.0/pluginmgr/pkgIndex.tcl 
Execute           source D:/movies/2025.2/Vitis/tps/tcl/tcllib2.0/png/pkgIndex.tcl 
Execute           source D:/movies/2025.2/Vitis/tps/tcl/tcllib2.0/pop3/pkgIndex.tcl 
Execute           source D:/movies/2025.2/Vitis/tps/tcl/tcllib2.0/pop3d/pkgIndex.tcl 
Execute           source D:/movies/2025.2/Vitis/tps/tcl/tcllib2.0/practcl/pkgIndex.tcl 
Execute           source D:/movies/2025.2/Vitis/tps/tcl/tcllib2.0/processman/pkgIndex.tcl 
Execute           source D:/movies/2025.2/Vitis/tps/tcl/tcllib2.0/profiler/pkgIndex.tcl 
Execute           source D:/movies/2025.2/Vitis/tps/tcl/tcllib2.0/pt/pkgIndex.tcl 
Execute           source D:/movies/2025.2/Vitis/tps/tcl/tcllib2.0/rcs/pkgIndex.tcl 
Execute           source D:/movies/2025.2/Vitis/tps/tcl/tcllib2.0/report/pkgIndex.tcl 
Execute           source D:/movies/2025.2/Vitis/tps/tcl/tcllib2.0/rest/pkgIndex.tcl 
Execute           source D:/movies/2025.2/Vitis/tps/tcl/tcllib2.0/ripemd/pkgIndex.tcl 
Execute           source D:/movies/2025.2/Vitis/tps/tcl/tcllib2.0/sasl/pkgIndex.tcl 
Execute           source D:/movies/2025.2/Vitis/tps/tcl/tcllib2.0/sha1/pkgIndex.tcl 
Execute           source D:/movies/2025.2/Vitis/tps/tcl/tcllib2.0/simulation/pkgIndex.tcl 
Execute           source D:/movies/2025.2/Vitis/tps/tcl/tcllib2.0/smtpd/pkgIndex.tcl 
Execute           source D:/movies/2025.2/Vitis/tps/tcl/tcllib2.0/snit/pkgIndex.tcl 
Execute           source D:/movies/2025.2/Vitis/tps/tcl/tcllib2.0/soundex/pkgIndex.tcl 
Execute           source D:/movies/2025.2/Vitis/tps/tcl/tcllib2.0/stooop/pkgIndex.tcl 
Execute           source D:/movies/2025.2/Vitis/tps/tcl/tcllib2.0/string/pkgIndex.tcl 
Execute           source D:/movies/2025.2/Vitis/tps/tcl/tcllib2.0/stringprep/pkgIndex.tcl 
Execute           source D:/movies/2025.2/Vitis/tps/tcl/tcllib2.0/struct/pkgIndex.tcl 
Execute           source D:/movies/2025.2/Vitis/tps/tcl/tcllib2.0/tar/pkgIndex.tcl 
Execute           source D:/movies/2025.2/Vitis/tps/tcl/tcllib2.0/tepam/pkgIndex.tcl 
Execute           source D:/movies/2025.2/Vitis/tps/tcl/tcllib2.0/term/pkgIndex.tcl 
Execute           source D:/movies/2025.2/Vitis/tps/tcl/tcllib2.0/textutil/pkgIndex.tcl 
Execute           source D:/movies/2025.2/Vitis/tps/tcl/tcllib2.0/tie/pkgIndex.tcl 
Execute           source D:/movies/2025.2/Vitis/tps/tcl/tcllib2.0/tiff/pkgIndex.tcl 
Execute           source D:/movies/2025.2/Vitis/tps/tcl/tcllib2.0/tool/pkgIndex.tcl 
Execute           source D:/movies/2025.2/Vitis/tps/tcl/tcllib2.0/transfer/pkgIndex.tcl 
Execute           source D:/movies/2025.2/Vitis/tps/tcl/tcllib2.0/treeql/pkgIndex.tcl 
Execute           source D:/movies/2025.2/Vitis/tps/tcl/tcllib2.0/try/pkgIndex.tcl 
Execute           source D:/movies/2025.2/Vitis/tps/tcl/tcllib2.0/udpcluster/pkgIndex.tcl 
Execute           source D:/movies/2025.2/Vitis/tps/tcl/tcllib2.0/uev/pkgIndex.tcl 
Execute           source D:/movies/2025.2/Vitis/tps/tcl/tcllib2.0/units/pkgIndex.tcl 
Execute           source D:/movies/2025.2/Vitis/tps/tcl/tcllib2.0/uri/pkgIndex.tcl 
Execute           source D:/movies/2025.2/Vitis/tps/tcl/tcllib2.0/uuid/pkgIndex.tcl 
Execute           source D:/movies/2025.2/Vitis/tps/tcl/tcllib2.0/valtype/pkgIndex.tcl 
Execute           source D:/movies/2025.2/Vitis/tps/tcl/tcllib2.0/virtchannel_base/pkgIndex.tcl 
Execute           source D:/movies/2025.2/Vitis/tps/tcl/tcllib2.0/virtchannel_core/pkgIndex.tcl 
Execute           source D:/movies/2025.2/Vitis/tps/tcl/tcllib2.0/virtchannel_transform/pkgIndex.tcl 
Execute           source D:/movies/2025.2/Vitis/tps/tcl/tcllib2.0/websocket/pkgIndex.tcl 
Execute           source D:/movies/2025.2/Vitis/tps/tcl/tcllib2.0/wip/pkgIndex.tcl 
Execute           source D:/movies/2025.2/Vitis/tps/tcl/tcllib2.0/yaml/pkgIndex.tcl 
Execute           source D:/movies/2025.2/Vitis/tps/tcl/tcllib2.0/zip/pkgIndex.tcl 
Execute           source D:/movies/2025.2/Vitis/tps/tcl/tcllib2.0/pkgIndex.tcl 
Execute             source D:/movies/2025.2/Vitis/tps/tcl/tcllib2.0/0compatibility/pkgIndex.tcl 
Execute             source D:/movies/2025.2/Vitis/tps/tcl/tcllib2.0/amazon-s3/pkgIndex.tcl 
Execute             source D:/movies/2025.2/Vitis/tps/tcl/tcllib2.0/asn/pkgIndex.tcl 
Execute             source D:/movies/2025.2/Vitis/tps/tcl/tcllib2.0/base32/pkgIndex.tcl 
Execute             source D:/movies/2025.2/Vitis/tps/tcl/tcllib2.0/base64/pkgIndex.tcl 
Execute             source D:/movies/2025.2/Vitis/tps/tcl/tcllib2.0/bee/pkgIndex.tcl 
Execute             source D:/movies/2025.2/Vitis/tps/tcl/tcllib2.0/bench/pkgIndex.tcl 
Execute             source D:/movies/2025.2/Vitis/tps/tcl/tcllib2.0/bibtex/pkgIndex.tcl 
Execute             source D:/movies/2025.2/Vitis/tps/tcl/tcllib2.0/cache/pkgIndex.tcl 
Execute             source D:/movies/2025.2/Vitis/tps/tcl/tcllib2.0/clay/pkgIndex.tcl 
Execute             source D:/movies/2025.2/Vitis/tps/tcl/tcllib2.0/clock/pkgIndex.tcl 
Execute             source D:/movies/2025.2/Vitis/tps/tcl/tcllib2.0/cmdline/pkgIndex.tcl 
Execute             source D:/movies/2025.2/Vitis/tps/tcl/tcllib2.0/comm/pkgIndex.tcl 
Execute             source D:/movies/2025.2/Vitis/tps/tcl/tcllib2.0/control/pkgIndex.tcl 
Execute             source D:/movies/2025.2/Vitis/tps/tcl/tcllib2.0/coroutine/pkgIndex.tcl 
Execute             source D:/movies/2025.2/Vitis/tps/tcl/tcllib2.0/counter/pkgIndex.tcl 
Execute             source D:/movies/2025.2/Vitis/tps/tcl/tcllib2.0/crc/pkgIndex.tcl 
Execute             source D:/movies/2025.2/Vitis/tps/tcl/tcllib2.0/cron/pkgIndex.tcl 
Execute             source D:/movies/2025.2/Vitis/tps/tcl/tcllib2.0/csv/pkgIndex.tcl 
Execute             source D:/movies/2025.2/Vitis/tps/tcl/tcllib2.0/debug/pkgIndex.tcl 
Execute             source D:/movies/2025.2/Vitis/tps/tcl/tcllib2.0/defer/pkgIndex.tcl 
Execute             source D:/movies/2025.2/Vitis/tps/tcl/tcllib2.0/dicttool/pkgIndex.tcl 
Execute             source D:/movies/2025.2/Vitis/tps/tcl/tcllib2.0/dns/pkgIndex.tcl 
Execute             source D:/movies/2025.2/Vitis/tps/tcl/tcllib2.0/docstrip/pkgIndex.tcl 
Execute             source D:/movies/2025.2/Vitis/tps/tcl/tcllib2.0/doctools/pkgIndex.tcl 
Execute             source D:/movies/2025.2/Vitis/tps/tcl/tcllib2.0/doctools2base/pkgIndex.tcl 
Execute             source D:/movies/2025.2/Vitis/tps/tcl/tcllib2.0/doctools2idx/pkgIndex.tcl 
Execute             source D:/movies/2025.2/Vitis/tps/tcl/tcllib2.0/doctools2toc/pkgIndex.tcl 
Execute             source D:/movies/2025.2/Vitis/tps/tcl/tcllib2.0/dtplite/pkgIndex.tcl 
Execute             source D:/movies/2025.2/Vitis/tps/tcl/tcllib2.0/fileutil/pkgIndex.tcl 
Execute             source D:/movies/2025.2/Vitis/tps/tcl/tcllib2.0/ftp/pkgIndex.tcl 
Execute             source D:/movies/2025.2/Vitis/tps/tcl/tcllib2.0/ftpd/pkgIndex.tcl 
Execute             source D:/movies/2025.2/Vitis/tps/tcl/tcllib2.0/fumagic/pkgIndex.tcl 
Execute             source D:/movies/2025.2/Vitis/tps/tcl/tcllib2.0/generator/pkgIndex.tcl 
Execute             source D:/movies/2025.2/Vitis/tps/tcl/tcllib2.0/gpx/pkgIndex.tcl 
Execute             source D:/movies/2025.2/Vitis/tps/tcl/tcllib2.0/grammar_aycock/pkgIndex.tcl 
Execute             source D:/movies/2025.2/Vitis/tps/tcl/tcllib2.0/grammar_fa/pkgIndex.tcl 
Execute             source D:/movies/2025.2/Vitis/tps/tcl/tcllib2.0/grammar_me/pkgIndex.tcl 
Execute             source D:/movies/2025.2/Vitis/tps/tcl/tcllib2.0/grammar_peg/pkgIndex.tcl 
Execute             source D:/movies/2025.2/Vitis/tps/tcl/tcllib2.0/hook/pkgIndex.tcl 
Execute             source D:/movies/2025.2/Vitis/tps/tcl/tcllib2.0/html/pkgIndex.tcl 
Execute             source D:/movies/2025.2/Vitis/tps/tcl/tcllib2.0/htmlparse/pkgIndex.tcl 
Execute             source D:/movies/2025.2/Vitis/tps/tcl/tcllib2.0/http/pkgIndex.tcl 
Execute             source D:/movies/2025.2/Vitis/tps/tcl/tcllib2.0/httpd/pkgIndex.tcl 
Execute             source D:/movies/2025.2/Vitis/tps/tcl/tcllib2.0/httpwget/pkgIndex.tcl 
Execute             source D:/movies/2025.2/Vitis/tps/tcl/tcllib2.0/ident/pkgIndex.tcl 
Execute             source D:/movies/2025.2/Vitis/tps/tcl/tcllib2.0/imap4/pkgIndex.tcl 
Execute             source D:/movies/2025.2/Vitis/tps/tcl/tcllib2.0/inifile/pkgIndex.tcl 
Execute             source D:/movies/2025.2/Vitis/tps/tcl/tcllib2.0/interp/pkgIndex.tcl 
Execute             source D:/movies/2025.2/Vitis/tps/tcl/tcllib2.0/irc/pkgIndex.tcl 
Execute             source D:/movies/2025.2/Vitis/tps/tcl/tcllib2.0/javascript/pkgIndex.tcl 
Execute             source D:/movies/2025.2/Vitis/tps/tcl/tcllib2.0/jpeg/pkgIndex.tcl 
Execute             source D:/movies/2025.2/Vitis/tps/tcl/tcllib2.0/json/pkgIndex.tcl 
Execute             source D:/movies/2025.2/Vitis/tps/tcl/tcllib2.0/lambda/pkgIndex.tcl 
Execute             source D:/movies/2025.2/Vitis/tps/tcl/tcllib2.0/lazyset/pkgIndex.tcl 
Execute             source D:/movies/2025.2/Vitis/tps/tcl/tcllib2.0/ldap/pkgIndex.tcl 
Execute             source D:/movies/2025.2/Vitis/tps/tcl/tcllib2.0/log/pkgIndex.tcl 
Execute             source D:/movies/2025.2/Vitis/tps/tcl/tcllib2.0/map/pkgIndex.tcl 
Execute             source D:/movies/2025.2/Vitis/tps/tcl/tcllib2.0/mapproj/pkgIndex.tcl 
Execute             source D:/movies/2025.2/Vitis/tps/tcl/tcllib2.0/markdown/pkgIndex.tcl 
Execute             source D:/movies/2025.2/Vitis/tps/tcl/tcllib2.0/math/pkgIndex.tcl 
Execute             source D:/movies/2025.2/Vitis/tps/tcl/tcllib2.0/md4/pkgIndex.tcl 
Execute             source D:/movies/2025.2/Vitis/tps/tcl/tcllib2.0/md5/pkgIndex.tcl 
Execute             source D:/movies/2025.2/Vitis/tps/tcl/tcllib2.0/md5crypt/pkgIndex.tcl 
Execute             source D:/movies/2025.2/Vitis/tps/tcl/tcllib2.0/mime/pkgIndex.tcl 
Execute             source D:/movies/2025.2/Vitis/tps/tcl/tcllib2.0/mkdoc/pkgIndex.tcl 
Execute             source D:/movies/2025.2/Vitis/tps/tcl/tcllib2.0/multiplexer/pkgIndex.tcl 
Execute             source D:/movies/2025.2/Vitis/tps/tcl/tcllib2.0/namespacex/pkgIndex.tcl 
Execute             source D:/movies/2025.2/Vitis/tps/tcl/tcllib2.0/ncgi/pkgIndex.tcl 
Execute             source D:/movies/2025.2/Vitis/tps/tcl/tcllib2.0/nettool/pkgIndex.tcl 
Execute             source D:/movies/2025.2/Vitis/tps/tcl/tcllib2.0/nmea/pkgIndex.tcl 
Execute             source D:/movies/2025.2/Vitis/tps/tcl/tcllib2.0/nns/pkgIndex.tcl 
Execute             source D:/movies/2025.2/Vitis/tps/tcl/tcllib2.0/nntp/pkgIndex.tcl 
Execute             source D:/movies/2025.2/Vitis/tps/tcl/tcllib2.0/ntp/pkgIndex.tcl 
Execute             source D:/movies/2025.2/Vitis/tps/tcl/tcllib2.0/oauth/pkgIndex.tcl 
Execute             source D:/movies/2025.2/Vitis/tps/tcl/tcllib2.0/oodialect/pkgIndex.tcl 
Execute             source D:/movies/2025.2/Vitis/tps/tcl/tcllib2.0/oometa/pkgIndex.tcl 
Execute             source D:/movies/2025.2/Vitis/tps/tcl/tcllib2.0/ooutil/pkgIndex.tcl 
Execute             source D:/movies/2025.2/Vitis/tps/tcl/tcllib2.0/otp/pkgIndex.tcl 
Execute             source D:/movies/2025.2/Vitis/tps/tcl/tcllib2.0/page/pkgIndex.tcl 
Execute             source D:/movies/2025.2/Vitis/tps/tcl/tcllib2.0/pluginmgr/pkgIndex.tcl 
Execute             source D:/movies/2025.2/Vitis/tps/tcl/tcllib2.0/png/pkgIndex.tcl 
Execute             source D:/movies/2025.2/Vitis/tps/tcl/tcllib2.0/pop3/pkgIndex.tcl 
Execute             source D:/movies/2025.2/Vitis/tps/tcl/tcllib2.0/pop3d/pkgIndex.tcl 
Execute             source D:/movies/2025.2/Vitis/tps/tcl/tcllib2.0/practcl/pkgIndex.tcl 
Execute             source D:/movies/2025.2/Vitis/tps/tcl/tcllib2.0/processman/pkgIndex.tcl 
Execute             source D:/movies/2025.2/Vitis/tps/tcl/tcllib2.0/profiler/pkgIndex.tcl 
Execute             source D:/movies/2025.2/Vitis/tps/tcl/tcllib2.0/pt/pkgIndex.tcl 
Execute             source D:/movies/2025.2/Vitis/tps/tcl/tcllib2.0/rcs/pkgIndex.tcl 
Execute             source D:/movies/2025.2/Vitis/tps/tcl/tcllib2.0/report/pkgIndex.tcl 
Execute             source D:/movies/2025.2/Vitis/tps/tcl/tcllib2.0/rest/pkgIndex.tcl 
Execute             source D:/movies/2025.2/Vitis/tps/tcl/tcllib2.0/ripemd/pkgIndex.tcl 
Execute             source D:/movies/2025.2/Vitis/tps/tcl/tcllib2.0/sasl/pkgIndex.tcl 
Execute             source D:/movies/2025.2/Vitis/tps/tcl/tcllib2.0/sha1/pkgIndex.tcl 
Execute             source D:/movies/2025.2/Vitis/tps/tcl/tcllib2.0/simulation/pkgIndex.tcl 
Execute             source D:/movies/2025.2/Vitis/tps/tcl/tcllib2.0/smtpd/pkgIndex.tcl 
Execute             source D:/movies/2025.2/Vitis/tps/tcl/tcllib2.0/snit/pkgIndex.tcl 
Execute             source D:/movies/2025.2/Vitis/tps/tcl/tcllib2.0/soundex/pkgIndex.tcl 
Execute             source D:/movies/2025.2/Vitis/tps/tcl/tcllib2.0/stooop/pkgIndex.tcl 
Execute             source D:/movies/2025.2/Vitis/tps/tcl/tcllib2.0/string/pkgIndex.tcl 
Execute             source D:/movies/2025.2/Vitis/tps/tcl/tcllib2.0/stringprep/pkgIndex.tcl 
Execute             source D:/movies/2025.2/Vitis/tps/tcl/tcllib2.0/struct/pkgIndex.tcl 
Execute             source D:/movies/2025.2/Vitis/tps/tcl/tcllib2.0/tar/pkgIndex.tcl 
Execute             source D:/movies/2025.2/Vitis/tps/tcl/tcllib2.0/tepam/pkgIndex.tcl 
Execute             source D:/movies/2025.2/Vitis/tps/tcl/tcllib2.0/term/pkgIndex.tcl 
Execute             source D:/movies/2025.2/Vitis/tps/tcl/tcllib2.0/textutil/pkgIndex.tcl 
Execute             source D:/movies/2025.2/Vitis/tps/tcl/tcllib2.0/tie/pkgIndex.tcl 
Execute             source D:/movies/2025.2/Vitis/tps/tcl/tcllib2.0/tiff/pkgIndex.tcl 
Execute             source D:/movies/2025.2/Vitis/tps/tcl/tcllib2.0/tool/pkgIndex.tcl 
Execute             source D:/movies/2025.2/Vitis/tps/tcl/tcllib2.0/transfer/pkgIndex.tcl 
Execute             source D:/movies/2025.2/Vitis/tps/tcl/tcllib2.0/treeql/pkgIndex.tcl 
Execute             source D:/movies/2025.2/Vitis/tps/tcl/tcllib2.0/try/pkgIndex.tcl 
Execute             source D:/movies/2025.2/Vitis/tps/tcl/tcllib2.0/udpcluster/pkgIndex.tcl 
Execute             source D:/movies/2025.2/Vitis/tps/tcl/tcllib2.0/uev/pkgIndex.tcl 
Execute             source D:/movies/2025.2/Vitis/tps/tcl/tcllib2.0/units/pkgIndex.tcl 
Execute             source D:/movies/2025.2/Vitis/tps/tcl/tcllib2.0/uri/pkgIndex.tcl 
Execute             source D:/movies/2025.2/Vitis/tps/tcl/tcllib2.0/uuid/pkgIndex.tcl 
Execute             source D:/movies/2025.2/Vitis/tps/tcl/tcllib2.0/valtype/pkgIndex.tcl 
Execute             source D:/movies/2025.2/Vitis/tps/tcl/tcllib2.0/virtchannel_base/pkgIndex.tcl 
Execute             source D:/movies/2025.2/Vitis/tps/tcl/tcllib2.0/virtchannel_core/pkgIndex.tcl 
Execute             source D:/movies/2025.2/Vitis/tps/tcl/tcllib2.0/virtchannel_transform/pkgIndex.tcl 
Execute             source D:/movies/2025.2/Vitis/tps/tcl/tcllib2.0/websocket/pkgIndex.tcl 
Execute             source D:/movies/2025.2/Vitis/tps/tcl/tcllib2.0/wip/pkgIndex.tcl 
Execute             source D:/movies/2025.2/Vitis/tps/tcl/tcllib2.0/yaml/pkgIndex.tcl 
Execute             source D:/movies/2025.2/Vitis/tps/tcl/tcllib2.0/zip/pkgIndex.tcl 
Command           ap_source done; 0.153 sec.
Execute           source D:/movies/2025.2/Vitis/tps/tcl/tdom/pkgIndex.tcl 
Execute           source D:/movies/2025.2/Vitis/tps/tcl/tcl8.6/opt0.4/pkgIndex.tcl 
Execute           source D:/movies/2025.2/Vitis/tps/tcl/tcl8.6/pkgs/win/thread2.8.7/pkgIndex.tcl 
Command         ap_source done; 0.335 sec.
Execute         source D:/movies/2025.2/Vitis/tps/tcl/tcllib2.0/0compatibility/pkgIndex.tcl 
Execute         source D:/movies/2025.2/Vitis/tps/tcl/tcllib2.0/amazon-s3/pkgIndex.tcl 
Execute         source D:/movies/2025.2/Vitis/tps/tcl/tcllib2.0/asn/pkgIndex.tcl 
Execute         source D:/movies/2025.2/Vitis/tps/tcl/tcllib2.0/base32/pkgIndex.tcl 
Execute         source D:/movies/2025.2/Vitis/tps/tcl/tcllib2.0/base64/pkgIndex.tcl 
Execute         source D:/movies/2025.2/Vitis/tps/tcl/tcllib2.0/bee/pkgIndex.tcl 
Execute         source D:/movies/2025.2/Vitis/tps/tcl/tcllib2.0/bench/pkgIndex.tcl 
Execute         source D:/movies/2025.2/Vitis/tps/tcl/tcllib2.0/bibtex/pkgIndex.tcl 
Execute         source D:/movies/2025.2/Vitis/tps/tcl/tcllib2.0/cache/pkgIndex.tcl 
Execute         source D:/movies/2025.2/Vitis/tps/tcl/tcllib2.0/clay/pkgIndex.tcl 
Execute         source D:/movies/2025.2/Vitis/tps/tcl/tcllib2.0/clock/pkgIndex.tcl 
Execute         source D:/movies/2025.2/Vitis/tps/tcl/tcllib2.0/cmdline/pkgIndex.tcl 
Execute         source D:/movies/2025.2/Vitis/tps/tcl/tcllib2.0/comm/pkgIndex.tcl 
Execute         source D:/movies/2025.2/Vitis/tps/tcl/tcllib2.0/control/pkgIndex.tcl 
Execute         source D:/movies/2025.2/Vitis/tps/tcl/tcllib2.0/coroutine/pkgIndex.tcl 
Execute         source D:/movies/2025.2/Vitis/tps/tcl/tcllib2.0/counter/pkgIndex.tcl 
Execute         source D:/movies/2025.2/Vitis/tps/tcl/tcllib2.0/crc/pkgIndex.tcl 
Execute         source D:/movies/2025.2/Vitis/tps/tcl/tcllib2.0/cron/pkgIndex.tcl 
Execute         source D:/movies/2025.2/Vitis/tps/tcl/tcllib2.0/csv/pkgIndex.tcl 
Execute         source D:/movies/2025.2/Vitis/tps/tcl/tcllib2.0/debug/pkgIndex.tcl 
Execute         source D:/movies/2025.2/Vitis/tps/tcl/tcllib2.0/defer/pkgIndex.tcl 
Execute         source D:/movies/2025.2/Vitis/tps/tcl/tcllib2.0/dicttool/pkgIndex.tcl 
Execute         source D:/movies/2025.2/Vitis/tps/tcl/tcllib2.0/dns/pkgIndex.tcl 
Execute         source D:/movies/2025.2/Vitis/tps/tcl/tcllib2.0/docstrip/pkgIndex.tcl 
Execute         source D:/movies/2025.2/Vitis/tps/tcl/tcllib2.0/doctools/pkgIndex.tcl 
Execute         source D:/movies/2025.2/Vitis/tps/tcl/tcllib2.0/doctools2base/pkgIndex.tcl 
Execute         source D:/movies/2025.2/Vitis/tps/tcl/tcllib2.0/doctools2idx/pkgIndex.tcl 
Execute         source D:/movies/2025.2/Vitis/tps/tcl/tcllib2.0/doctools2toc/pkgIndex.tcl 
Execute         source D:/movies/2025.2/Vitis/tps/tcl/tcllib2.0/dtplite/pkgIndex.tcl 
Execute         source D:/movies/2025.2/Vitis/tps/tcl/tcllib2.0/fileutil/pkgIndex.tcl 
Execute         source D:/movies/2025.2/Vitis/tps/tcl/tcllib2.0/ftp/pkgIndex.tcl 
Execute         source D:/movies/2025.2/Vitis/tps/tcl/tcllib2.0/ftpd/pkgIndex.tcl 
Execute         source D:/movies/2025.2/Vitis/tps/tcl/tcllib2.0/fumagic/pkgIndex.tcl 
Execute         source D:/movies/2025.2/Vitis/tps/tcl/tcllib2.0/generator/pkgIndex.tcl 
Execute         source D:/movies/2025.2/Vitis/tps/tcl/tcllib2.0/gpx/pkgIndex.tcl 
Execute         source D:/movies/2025.2/Vitis/tps/tcl/tcllib2.0/grammar_aycock/pkgIndex.tcl 
Execute         source D:/movies/2025.2/Vitis/tps/tcl/tcllib2.0/grammar_fa/pkgIndex.tcl 
Execute         source D:/movies/2025.2/Vitis/tps/tcl/tcllib2.0/grammar_me/pkgIndex.tcl 
Execute         source D:/movies/2025.2/Vitis/tps/tcl/tcllib2.0/grammar_peg/pkgIndex.tcl 
Execute         source D:/movies/2025.2/Vitis/tps/tcl/tcllib2.0/hook/pkgIndex.tcl 
Execute         source D:/movies/2025.2/Vitis/tps/tcl/tcllib2.0/html/pkgIndex.tcl 
Execute         source D:/movies/2025.2/Vitis/tps/tcl/tcllib2.0/htmlparse/pkgIndex.tcl 
Execute         source D:/movies/2025.2/Vitis/tps/tcl/tcllib2.0/http/pkgIndex.tcl 
Execute         source D:/movies/2025.2/Vitis/tps/tcl/tcllib2.0/httpd/pkgIndex.tcl 
Execute         source D:/movies/2025.2/Vitis/tps/tcl/tcllib2.0/httpwget/pkgIndex.tcl 
Execute         source D:/movies/2025.2/Vitis/tps/tcl/tcllib2.0/ident/pkgIndex.tcl 
Execute         source D:/movies/2025.2/Vitis/tps/tcl/tcllib2.0/imap4/pkgIndex.tcl 
Execute         source D:/movies/2025.2/Vitis/tps/tcl/tcllib2.0/inifile/pkgIndex.tcl 
Execute         source D:/movies/2025.2/Vitis/tps/tcl/tcllib2.0/interp/pkgIndex.tcl 
Execute         source D:/movies/2025.2/Vitis/tps/tcl/tcllib2.0/irc/pkgIndex.tcl 
Execute         source D:/movies/2025.2/Vitis/tps/tcl/tcllib2.0/javascript/pkgIndex.tcl 
Execute         source D:/movies/2025.2/Vitis/tps/tcl/tcllib2.0/jpeg/pkgIndex.tcl 
Execute         source D:/movies/2025.2/Vitis/tps/tcl/tcllib2.0/json/pkgIndex.tcl 
Execute         source D:/movies/2025.2/Vitis/tps/tcl/tcllib2.0/lambda/pkgIndex.tcl 
Execute         source D:/movies/2025.2/Vitis/tps/tcl/tcllib2.0/lazyset/pkgIndex.tcl 
Execute         source D:/movies/2025.2/Vitis/tps/tcl/tcllib2.0/ldap/pkgIndex.tcl 
Execute         source D:/movies/2025.2/Vitis/tps/tcl/tcllib2.0/log/pkgIndex.tcl 
Execute         source D:/movies/2025.2/Vitis/tps/tcl/tcllib2.0/map/pkgIndex.tcl 
Execute         source D:/movies/2025.2/Vitis/tps/tcl/tcllib2.0/mapproj/pkgIndex.tcl 
Execute         source D:/movies/2025.2/Vitis/tps/tcl/tcllib2.0/markdown/pkgIndex.tcl 
Execute         source D:/movies/2025.2/Vitis/tps/tcl/tcllib2.0/math/pkgIndex.tcl 
Execute         source D:/movies/2025.2/Vitis/tps/tcl/tcllib2.0/md4/pkgIndex.tcl 
Execute         source D:/movies/2025.2/Vitis/tps/tcl/tcllib2.0/md5/pkgIndex.tcl 
Execute         source D:/movies/2025.2/Vitis/tps/tcl/tcllib2.0/md5crypt/pkgIndex.tcl 
Execute         source D:/movies/2025.2/Vitis/tps/tcl/tcllib2.0/mime/pkgIndex.tcl 
Execute         source D:/movies/2025.2/Vitis/tps/tcl/tcllib2.0/mkdoc/pkgIndex.tcl 
Execute         source D:/movies/2025.2/Vitis/tps/tcl/tcllib2.0/multiplexer/pkgIndex.tcl 
Execute         source D:/movies/2025.2/Vitis/tps/tcl/tcllib2.0/namespacex/pkgIndex.tcl 
Execute         source D:/movies/2025.2/Vitis/tps/tcl/tcllib2.0/ncgi/pkgIndex.tcl 
Execute         source D:/movies/2025.2/Vitis/tps/tcl/tcllib2.0/nettool/pkgIndex.tcl 
Execute         source D:/movies/2025.2/Vitis/tps/tcl/tcllib2.0/nmea/pkgIndex.tcl 
Execute         source D:/movies/2025.2/Vitis/tps/tcl/tcllib2.0/nns/pkgIndex.tcl 
Execute         source D:/movies/2025.2/Vitis/tps/tcl/tcllib2.0/nntp/pkgIndex.tcl 
Execute         source D:/movies/2025.2/Vitis/tps/tcl/tcllib2.0/ntp/pkgIndex.tcl 
Execute         source D:/movies/2025.2/Vitis/tps/tcl/tcllib2.0/oauth/pkgIndex.tcl 
Execute         source D:/movies/2025.2/Vitis/tps/tcl/tcllib2.0/oodialect/pkgIndex.tcl 
Execute         source D:/movies/2025.2/Vitis/tps/tcl/tcllib2.0/oometa/pkgIndex.tcl 
Execute         source D:/movies/2025.2/Vitis/tps/tcl/tcllib2.0/ooutil/pkgIndex.tcl 
Execute         source D:/movies/2025.2/Vitis/tps/tcl/tcllib2.0/otp/pkgIndex.tcl 
Execute         source D:/movies/2025.2/Vitis/tps/tcl/tcllib2.0/page/pkgIndex.tcl 
Execute         source D:/movies/2025.2/Vitis/tps/tcl/tcllib2.0/pluginmgr/pkgIndex.tcl 
Execute         source D:/movies/2025.2/Vitis/tps/tcl/tcllib2.0/png/pkgIndex.tcl 
Execute         source D:/movies/2025.2/Vitis/tps/tcl/tcllib2.0/pop3/pkgIndex.tcl 
Execute         source D:/movies/2025.2/Vitis/tps/tcl/tcllib2.0/pop3d/pkgIndex.tcl 
Execute         source D:/movies/2025.2/Vitis/tps/tcl/tcllib2.0/practcl/pkgIndex.tcl 
Execute         source D:/movies/2025.2/Vitis/tps/tcl/tcllib2.0/processman/pkgIndex.tcl 
Execute         source D:/movies/2025.2/Vitis/tps/tcl/tcllib2.0/profiler/pkgIndex.tcl 
Execute         source D:/movies/2025.2/Vitis/tps/tcl/tcllib2.0/pt/pkgIndex.tcl 
Execute         source D:/movies/2025.2/Vitis/tps/tcl/tcllib2.0/rcs/pkgIndex.tcl 
Execute         source D:/movies/2025.2/Vitis/tps/tcl/tcllib2.0/report/pkgIndex.tcl 
Execute         source D:/movies/2025.2/Vitis/tps/tcl/tcllib2.0/rest/pkgIndex.tcl 
Execute         source D:/movies/2025.2/Vitis/tps/tcl/tcllib2.0/ripemd/pkgIndex.tcl 
Execute         source D:/movies/2025.2/Vitis/tps/tcl/tcllib2.0/sasl/pkgIndex.tcl 
Execute         source D:/movies/2025.2/Vitis/tps/tcl/tcllib2.0/sha1/pkgIndex.tcl 
Execute         source D:/movies/2025.2/Vitis/tps/tcl/tcllib2.0/simulation/pkgIndex.tcl 
Execute         source D:/movies/2025.2/Vitis/tps/tcl/tcllib2.0/smtpd/pkgIndex.tcl 
Execute         source D:/movies/2025.2/Vitis/tps/tcl/tcllib2.0/snit/pkgIndex.tcl 
Execute         source D:/movies/2025.2/Vitis/tps/tcl/tcllib2.0/soundex/pkgIndex.tcl 
Execute         source D:/movies/2025.2/Vitis/tps/tcl/tcllib2.0/stooop/pkgIndex.tcl 
Execute         source D:/movies/2025.2/Vitis/tps/tcl/tcllib2.0/string/pkgIndex.tcl 
Execute         source D:/movies/2025.2/Vitis/tps/tcl/tcllib2.0/stringprep/pkgIndex.tcl 
Execute         source D:/movies/2025.2/Vitis/tps/tcl/tcllib2.0/struct/pkgIndex.tcl 
Execute         source D:/movies/2025.2/Vitis/tps/tcl/tcllib2.0/tar/pkgIndex.tcl 
Execute         source D:/movies/2025.2/Vitis/tps/tcl/tcllib2.0/tepam/pkgIndex.tcl 
Execute         source D:/movies/2025.2/Vitis/tps/tcl/tcllib2.0/term/pkgIndex.tcl 
Execute         source D:/movies/2025.2/Vitis/tps/tcl/tcllib2.0/textutil/pkgIndex.tcl 
Execute         source D:/movies/2025.2/Vitis/tps/tcl/tcllib2.0/tie/pkgIndex.tcl 
Execute         source D:/movies/2025.2/Vitis/tps/tcl/tcllib2.0/tiff/pkgIndex.tcl 
Execute         source D:/movies/2025.2/Vitis/tps/tcl/tcllib2.0/tool/pkgIndex.tcl 
Execute         source D:/movies/2025.2/Vitis/tps/tcl/tcllib2.0/transfer/pkgIndex.tcl 
Execute         source D:/movies/2025.2/Vitis/tps/tcl/tcllib2.0/treeql/pkgIndex.tcl 
Execute         source D:/movies/2025.2/Vitis/tps/tcl/tcllib2.0/try/pkgIndex.tcl 
Execute         source D:/movies/2025.2/Vitis/tps/tcl/tcllib2.0/udpcluster/pkgIndex.tcl 
Execute         source D:/movies/2025.2/Vitis/tps/tcl/tcllib2.0/uev/pkgIndex.tcl 
Execute         source D:/movies/2025.2/Vitis/tps/tcl/tcllib2.0/units/pkgIndex.tcl 
Execute         source D:/movies/2025.2/Vitis/tps/tcl/tcllib2.0/uri/pkgIndex.tcl 
Execute         source D:/movies/2025.2/Vitis/tps/tcl/tcllib2.0/uuid/pkgIndex.tcl 
Execute         source D:/movies/2025.2/Vitis/tps/tcl/tcllib2.0/valtype/pkgIndex.tcl 
Execute         source D:/movies/2025.2/Vitis/tps/tcl/tcllib2.0/virtchannel_base/pkgIndex.tcl 
Execute         source D:/movies/2025.2/Vitis/tps/tcl/tcllib2.0/virtchannel_core/pkgIndex.tcl 
Execute         source D:/movies/2025.2/Vitis/tps/tcl/tcllib2.0/virtchannel_transform/pkgIndex.tcl 
Execute         source D:/movies/2025.2/Vitis/tps/tcl/tcllib2.0/websocket/pkgIndex.tcl 
Execute         source D:/movies/2025.2/Vitis/tps/tcl/tcllib2.0/wip/pkgIndex.tcl 
Execute         source D:/movies/2025.2/Vitis/tps/tcl/tcllib2.0/yaml/pkgIndex.tcl 
Execute         source D:/movies/2025.2/Vitis/tps/tcl/tcllib2.0/zip/pkgIndex.tcl 
Execute         source D:/movies/2025.2/Vitis/tps/tcl/tcllib2.0/pkgIndex.tcl 
Execute           source D:/movies/2025.2/Vitis/tps/tcl/tcllib2.0/0compatibility/pkgIndex.tcl 
Execute           source D:/movies/2025.2/Vitis/tps/tcl/tcllib2.0/amazon-s3/pkgIndex.tcl 
Execute           source D:/movies/2025.2/Vitis/tps/tcl/tcllib2.0/asn/pkgIndex.tcl 
Execute           source D:/movies/2025.2/Vitis/tps/tcl/tcllib2.0/base32/pkgIndex.tcl 
Execute           source D:/movies/2025.2/Vitis/tps/tcl/tcllib2.0/base64/pkgIndex.tcl 
Execute           source D:/movies/2025.2/Vitis/tps/tcl/tcllib2.0/bee/pkgIndex.tcl 
Execute           source D:/movies/2025.2/Vitis/tps/tcl/tcllib2.0/bench/pkgIndex.tcl 
Execute           source D:/movies/2025.2/Vitis/tps/tcl/tcllib2.0/bibtex/pkgIndex.tcl 
Execute           source D:/movies/2025.2/Vitis/tps/tcl/tcllib2.0/cache/pkgIndex.tcl 
Execute           source D:/movies/2025.2/Vitis/tps/tcl/tcllib2.0/clay/pkgIndex.tcl 
Execute           source D:/movies/2025.2/Vitis/tps/tcl/tcllib2.0/clock/pkgIndex.tcl 
Execute           source D:/movies/2025.2/Vitis/tps/tcl/tcllib2.0/cmdline/pkgIndex.tcl 
Execute           source D:/movies/2025.2/Vitis/tps/tcl/tcllib2.0/comm/pkgIndex.tcl 
Execute           source D:/movies/2025.2/Vitis/tps/tcl/tcllib2.0/control/pkgIndex.tcl 
Execute           source D:/movies/2025.2/Vitis/tps/tcl/tcllib2.0/coroutine/pkgIndex.tcl 
Execute           source D:/movies/2025.2/Vitis/tps/tcl/tcllib2.0/counter/pkgIndex.tcl 
Execute           source D:/movies/2025.2/Vitis/tps/tcl/tcllib2.0/crc/pkgIndex.tcl 
Execute           source D:/movies/2025.2/Vitis/tps/tcl/tcllib2.0/cron/pkgIndex.tcl 
Execute           source D:/movies/2025.2/Vitis/tps/tcl/tcllib2.0/csv/pkgIndex.tcl 
Execute           source D:/movies/2025.2/Vitis/tps/tcl/tcllib2.0/debug/pkgIndex.tcl 
Execute           source D:/movies/2025.2/Vitis/tps/tcl/tcllib2.0/defer/pkgIndex.tcl 
Execute           source D:/movies/2025.2/Vitis/tps/tcl/tcllib2.0/dicttool/pkgIndex.tcl 
Execute           source D:/movies/2025.2/Vitis/tps/tcl/tcllib2.0/dns/pkgIndex.tcl 
Execute           source D:/movies/2025.2/Vitis/tps/tcl/tcllib2.0/docstrip/pkgIndex.tcl 
Execute           source D:/movies/2025.2/Vitis/tps/tcl/tcllib2.0/doctools/pkgIndex.tcl 
Execute           source D:/movies/2025.2/Vitis/tps/tcl/tcllib2.0/doctools2base/pkgIndex.tcl 
Execute           source D:/movies/2025.2/Vitis/tps/tcl/tcllib2.0/doctools2idx/pkgIndex.tcl 
Execute           source D:/movies/2025.2/Vitis/tps/tcl/tcllib2.0/doctools2toc/pkgIndex.tcl 
Execute           source D:/movies/2025.2/Vitis/tps/tcl/tcllib2.0/dtplite/pkgIndex.tcl 
Execute           source D:/movies/2025.2/Vitis/tps/tcl/tcllib2.0/fileutil/pkgIndex.tcl 
Execute           source D:/movies/2025.2/Vitis/tps/tcl/tcllib2.0/ftp/pkgIndex.tcl 
Execute           source D:/movies/2025.2/Vitis/tps/tcl/tcllib2.0/ftpd/pkgIndex.tcl 
Execute           source D:/movies/2025.2/Vitis/tps/tcl/tcllib2.0/fumagic/pkgIndex.tcl 
Execute           source D:/movies/2025.2/Vitis/tps/tcl/tcllib2.0/generator/pkgIndex.tcl 
Execute           source D:/movies/2025.2/Vitis/tps/tcl/tcllib2.0/gpx/pkgIndex.tcl 
Execute           source D:/movies/2025.2/Vitis/tps/tcl/tcllib2.0/grammar_aycock/pkgIndex.tcl 
Execute           source D:/movies/2025.2/Vitis/tps/tcl/tcllib2.0/grammar_fa/pkgIndex.tcl 
Execute           source D:/movies/2025.2/Vitis/tps/tcl/tcllib2.0/grammar_me/pkgIndex.tcl 
Execute           source D:/movies/2025.2/Vitis/tps/tcl/tcllib2.0/grammar_peg/pkgIndex.tcl 
Execute           source D:/movies/2025.2/Vitis/tps/tcl/tcllib2.0/hook/pkgIndex.tcl 
Execute           source D:/movies/2025.2/Vitis/tps/tcl/tcllib2.0/html/pkgIndex.tcl 
Execute           source D:/movies/2025.2/Vitis/tps/tcl/tcllib2.0/htmlparse/pkgIndex.tcl 
Execute           source D:/movies/2025.2/Vitis/tps/tcl/tcllib2.0/http/pkgIndex.tcl 
Execute           source D:/movies/2025.2/Vitis/tps/tcl/tcllib2.0/httpd/pkgIndex.tcl 
Execute           source D:/movies/2025.2/Vitis/tps/tcl/tcllib2.0/httpwget/pkgIndex.tcl 
Execute           source D:/movies/2025.2/Vitis/tps/tcl/tcllib2.0/ident/pkgIndex.tcl 
Execute           source D:/movies/2025.2/Vitis/tps/tcl/tcllib2.0/imap4/pkgIndex.tcl 
Execute           source D:/movies/2025.2/Vitis/tps/tcl/tcllib2.0/inifile/pkgIndex.tcl 
Execute           source D:/movies/2025.2/Vitis/tps/tcl/tcllib2.0/interp/pkgIndex.tcl 
Execute           source D:/movies/2025.2/Vitis/tps/tcl/tcllib2.0/irc/pkgIndex.tcl 
Execute           source D:/movies/2025.2/Vitis/tps/tcl/tcllib2.0/javascript/pkgIndex.tcl 
Execute           source D:/movies/2025.2/Vitis/tps/tcl/tcllib2.0/jpeg/pkgIndex.tcl 
Execute           source D:/movies/2025.2/Vitis/tps/tcl/tcllib2.0/json/pkgIndex.tcl 
Execute           source D:/movies/2025.2/Vitis/tps/tcl/tcllib2.0/lambda/pkgIndex.tcl 
Execute           source D:/movies/2025.2/Vitis/tps/tcl/tcllib2.0/lazyset/pkgIndex.tcl 
Execute           source D:/movies/2025.2/Vitis/tps/tcl/tcllib2.0/ldap/pkgIndex.tcl 
Execute           source D:/movies/2025.2/Vitis/tps/tcl/tcllib2.0/log/pkgIndex.tcl 
Execute           source D:/movies/2025.2/Vitis/tps/tcl/tcllib2.0/map/pkgIndex.tcl 
Execute           source D:/movies/2025.2/Vitis/tps/tcl/tcllib2.0/mapproj/pkgIndex.tcl 
Execute           source D:/movies/2025.2/Vitis/tps/tcl/tcllib2.0/markdown/pkgIndex.tcl 
Execute           source D:/movies/2025.2/Vitis/tps/tcl/tcllib2.0/math/pkgIndex.tcl 
Execute           source D:/movies/2025.2/Vitis/tps/tcl/tcllib2.0/md4/pkgIndex.tcl 
Execute           source D:/movies/2025.2/Vitis/tps/tcl/tcllib2.0/md5/pkgIndex.tcl 
Execute           source D:/movies/2025.2/Vitis/tps/tcl/tcllib2.0/md5crypt/pkgIndex.tcl 
Execute           source D:/movies/2025.2/Vitis/tps/tcl/tcllib2.0/mime/pkgIndex.tcl 
Execute           source D:/movies/2025.2/Vitis/tps/tcl/tcllib2.0/mkdoc/pkgIndex.tcl 
Execute           source D:/movies/2025.2/Vitis/tps/tcl/tcllib2.0/multiplexer/pkgIndex.tcl 
Execute           source D:/movies/2025.2/Vitis/tps/tcl/tcllib2.0/namespacex/pkgIndex.tcl 
Execute           source D:/movies/2025.2/Vitis/tps/tcl/tcllib2.0/ncgi/pkgIndex.tcl 
Execute           source D:/movies/2025.2/Vitis/tps/tcl/tcllib2.0/nettool/pkgIndex.tcl 
Execute           source D:/movies/2025.2/Vitis/tps/tcl/tcllib2.0/nmea/pkgIndex.tcl 
Execute           source D:/movies/2025.2/Vitis/tps/tcl/tcllib2.0/nns/pkgIndex.tcl 
Execute           source D:/movies/2025.2/Vitis/tps/tcl/tcllib2.0/nntp/pkgIndex.tcl 
Execute           source D:/movies/2025.2/Vitis/tps/tcl/tcllib2.0/ntp/pkgIndex.tcl 
Execute           source D:/movies/2025.2/Vitis/tps/tcl/tcllib2.0/oauth/pkgIndex.tcl 
Execute           source D:/movies/2025.2/Vitis/tps/tcl/tcllib2.0/oodialect/pkgIndex.tcl 
Execute           source D:/movies/2025.2/Vitis/tps/tcl/tcllib2.0/oometa/pkgIndex.tcl 
Execute           source D:/movies/2025.2/Vitis/tps/tcl/tcllib2.0/ooutil/pkgIndex.tcl 
Execute           source D:/movies/2025.2/Vitis/tps/tcl/tcllib2.0/otp/pkgIndex.tcl 
Execute           source D:/movies/2025.2/Vitis/tps/tcl/tcllib2.0/page/pkgIndex.tcl 
Execute           source D:/movies/2025.2/Vitis/tps/tcl/tcllib2.0/pluginmgr/pkgIndex.tcl 
Execute           source D:/movies/2025.2/Vitis/tps/tcl/tcllib2.0/png/pkgIndex.tcl 
Execute           source D:/movies/2025.2/Vitis/tps/tcl/tcllib2.0/pop3/pkgIndex.tcl 
Execute           source D:/movies/2025.2/Vitis/tps/tcl/tcllib2.0/pop3d/pkgIndex.tcl 
Execute           source D:/movies/2025.2/Vitis/tps/tcl/tcllib2.0/practcl/pkgIndex.tcl 
Execute           source D:/movies/2025.2/Vitis/tps/tcl/tcllib2.0/processman/pkgIndex.tcl 
Execute           source D:/movies/2025.2/Vitis/tps/tcl/tcllib2.0/profiler/pkgIndex.tcl 
Execute           source D:/movies/2025.2/Vitis/tps/tcl/tcllib2.0/pt/pkgIndex.tcl 
Execute           source D:/movies/2025.2/Vitis/tps/tcl/tcllib2.0/rcs/pkgIndex.tcl 
Execute           source D:/movies/2025.2/Vitis/tps/tcl/tcllib2.0/report/pkgIndex.tcl 
Execute           source D:/movies/2025.2/Vitis/tps/tcl/tcllib2.0/rest/pkgIndex.tcl 
Execute           source D:/movies/2025.2/Vitis/tps/tcl/tcllib2.0/ripemd/pkgIndex.tcl 
Execute           source D:/movies/2025.2/Vitis/tps/tcl/tcllib2.0/sasl/pkgIndex.tcl 
Execute           source D:/movies/2025.2/Vitis/tps/tcl/tcllib2.0/sha1/pkgIndex.tcl 
Execute           source D:/movies/2025.2/Vitis/tps/tcl/tcllib2.0/simulation/pkgIndex.tcl 
Execute           source D:/movies/2025.2/Vitis/tps/tcl/tcllib2.0/smtpd/pkgIndex.tcl 
Execute           source D:/movies/2025.2/Vitis/tps/tcl/tcllib2.0/snit/pkgIndex.tcl 
Execute           source D:/movies/2025.2/Vitis/tps/tcl/tcllib2.0/soundex/pkgIndex.tcl 
Execute           source D:/movies/2025.2/Vitis/tps/tcl/tcllib2.0/stooop/pkgIndex.tcl 
Execute           source D:/movies/2025.2/Vitis/tps/tcl/tcllib2.0/string/pkgIndex.tcl 
Execute           source D:/movies/2025.2/Vitis/tps/tcl/tcllib2.0/stringprep/pkgIndex.tcl 
Execute           source D:/movies/2025.2/Vitis/tps/tcl/tcllib2.0/struct/pkgIndex.tcl 
Execute           source D:/movies/2025.2/Vitis/tps/tcl/tcllib2.0/tar/pkgIndex.tcl 
Execute           source D:/movies/2025.2/Vitis/tps/tcl/tcllib2.0/tepam/pkgIndex.tcl 
Execute           source D:/movies/2025.2/Vitis/tps/tcl/tcllib2.0/term/pkgIndex.tcl 
Execute           source D:/movies/2025.2/Vitis/tps/tcl/tcllib2.0/textutil/pkgIndex.tcl 
Execute           source D:/movies/2025.2/Vitis/tps/tcl/tcllib2.0/tie/pkgIndex.tcl 
Execute           source D:/movies/2025.2/Vitis/tps/tcl/tcllib2.0/tiff/pkgIndex.tcl 
Execute           source D:/movies/2025.2/Vitis/tps/tcl/tcllib2.0/tool/pkgIndex.tcl 
Execute           source D:/movies/2025.2/Vitis/tps/tcl/tcllib2.0/transfer/pkgIndex.tcl 
Execute           source D:/movies/2025.2/Vitis/tps/tcl/tcllib2.0/treeql/pkgIndex.tcl 
Execute           source D:/movies/2025.2/Vitis/tps/tcl/tcllib2.0/try/pkgIndex.tcl 
Execute           source D:/movies/2025.2/Vitis/tps/tcl/tcllib2.0/udpcluster/pkgIndex.tcl 
Execute           source D:/movies/2025.2/Vitis/tps/tcl/tcllib2.0/uev/pkgIndex.tcl 
Execute           source D:/movies/2025.2/Vitis/tps/tcl/tcllib2.0/units/pkgIndex.tcl 
Execute           source D:/movies/2025.2/Vitis/tps/tcl/tcllib2.0/uri/pkgIndex.tcl 
Execute           source D:/movies/2025.2/Vitis/tps/tcl/tcllib2.0/uuid/pkgIndex.tcl 
Execute           source D:/movies/2025.2/Vitis/tps/tcl/tcllib2.0/valtype/pkgIndex.tcl 
Execute           source D:/movies/2025.2/Vitis/tps/tcl/tcllib2.0/virtchannel_base/pkgIndex.tcl 
Execute           source D:/movies/2025.2/Vitis/tps/tcl/tcllib2.0/virtchannel_core/pkgIndex.tcl 
Execute           source D:/movies/2025.2/Vitis/tps/tcl/tcllib2.0/virtchannel_transform/pkgIndex.tcl 
Execute           source D:/movies/2025.2/Vitis/tps/tcl/tcllib2.0/websocket/pkgIndex.tcl 
Execute           source D:/movies/2025.2/Vitis/tps/tcl/tcllib2.0/wip/pkgIndex.tcl 
Execute           source D:/movies/2025.2/Vitis/tps/tcl/tcllib2.0/yaml/pkgIndex.tcl 
Execute           source D:/movies/2025.2/Vitis/tps/tcl/tcllib2.0/zip/pkgIndex.tcl 
Command         ap_source done; 0.15 sec.
Execute         source D:/movies/2025.2/Vitis/tps/tcl/tdom/pkgIndex.tcl 
Execute         source D:/movies/2025.2/Vitis/tps/tcl/tcl8.6/opt0.4/pkgIndex.tcl 
Execute         source D:/movies/2025.2/Vitis/tps/tcl/tcl8.6/pkgs/win/thread2.8.7/pkgIndex.tcl 
Command       ap_source done; 0.664 sec.
INFO-FLOW: Workspace C:/Users/duong/Desktop/xup_high_level_synthesis_design_flow-main/source/lab1/matrixmul/matrixmul/hls opened at Fri Jun 12 17:19:27 -0400 2026
Execute       source C:/Users/duong/Desktop/xup_high_level_synthesis_design_flow-main/source/lab1/matrixmul/matrixmul/hls/.autopilot/db/global.setting.tcl 
Execute       set_part xc7a35t-fgg484-2 
Execute         create_platform xc7a35t-fgg484-2 -board  
DBG:HLSDevice: Trying to load device library: D:/movies/2025.2/Vitis\lib\win64.o\xv_hlsvwrap.dll
DBG:HLSDevice: first parts/arch.xml in RDI_DATADIR: D:/movies/2025.2/Vivado/data/parts/arch.xml
DBG:HLSDevice: init success
INFO: [HLS 200-1611] Setting target device to 'xc7a35t-fgg484-2'
Command         create_platform done; 0.567 sec.
Execute         source D:/movies/2025.2/Vitis/common/technology/xilinx/common/xilinx.gen 
Execute           source D:/movies/2025.2/Vitis/common/technology/xilinx/interface/plb46.gen 
Execute           source D:/movies/2025.2/Vitis/common/technology/xilinx/interface/axi4.gen 
Execute           source D:/movies/2025.2/Vitis/common/technology/xilinx/interface/nativeAXI4.gen 
Execute             source D:/movies/2025.2/Vitis/common/technology/xilinx/interface/saxilite.gen 
Execute           source D:/movies/2025.2/Vitis/common/technology/xilinx/scripts/xilinxcoregen.gen 
Execute           source D:/movies/2025.2/Vitis/common/technology/xilinx/interface/XilEDKCoreGen.gen 
Execute           source D:/movies/2025.2/Vitis/common/technology/xilinx/ip/dds_compiler.gen 
Execute           source D:/movies/2025.2/Vitis/common/technology/xilinx/ip/util.gen 
Execute           source D:/movies/2025.2/Vitis/common/technology/xilinx/ip/xfft.gen 
Execute           source D:/movies/2025.2/Vitis/common/technology/xilinx/ip/xfir.gen 
Execute           source D:/movies/2025.2/Vitis/common/technology/xilinx/DSP48/dsp48.gen 
Execute         ap_part_info -name xc7a35t-fgg484-2 -data info 
Execute         config_compile -quiet -complex-mul-dsp=0 
Command       set_part done; 0.643 sec.
Execute       send_msg_by_id INFO @200-1505@%s%s default  vivado 
INFO: [HLS 200-1505] Using default flow_target 'vivado'
Execute       send_msg_by_id INFO @200-2174@%s%s component hls_config.cfg 
INFO: [HLS 200-2174] Applying component config ini file hls_config.cfg
Execute       apply_ini hls_config.cfg 
Execute         send_msg_by_id INFO @200-1465@%s 'syn.file=C:/Users/duong/Desktop/xup_high_level_synthesis_design_flow-main/source/lab1/matrixmul.cpp' from hls_config.cfg(8) 
INFO: [HLS 200-1465] Applying config ini 'syn.file=C:/Users/duong/Desktop/xup_high_level_synthesis_design_flow-main/source/lab1/matrixmul.cpp' from hls_config.cfg(8)
Execute         add_files C:/Users/duong/Desktop/xup_high_level_synthesis_design_flow-main/source/lab1/matrixmul.cpp 
INFO: [HLS 200-10] Adding design file 'C:/Users/duong/Desktop/xup_high_level_synthesis_design_flow-main/source/lab1/matrixmul.cpp' to the project
Execute         send_msg_by_id INFO @200-1465@%s 'syn.file=C:/Users/duong/Desktop/xup_high_level_synthesis_design_flow-main/source/lab1/matrixmul.h' from hls_config.cfg(9) 
INFO: [HLS 200-1465] Applying config ini 'syn.file=C:/Users/duong/Desktop/xup_high_level_synthesis_design_flow-main/source/lab1/matrixmul.h' from hls_config.cfg(9)
Execute         add_files C:/Users/duong/Desktop/xup_high_level_synthesis_design_flow-main/source/lab1/matrixmul.h 
INFO: [HLS 200-10] Adding design file 'C:/Users/duong/Desktop/xup_high_level_synthesis_design_flow-main/source/lab1/matrixmul.h' to the project
Execute         send_msg_by_id INFO @200-1465@%s 'tb.file=C:/Users/duong/Desktop/xup_high_level_synthesis_design_flow-main/source/lab1/matrixmul_test.cpp' from hls_config.cfg(10) 
INFO: [HLS 200-1465] Applying config ini 'tb.file=C:/Users/duong/Desktop/xup_high_level_synthesis_design_flow-main/source/lab1/matrixmul_test.cpp' from hls_config.cfg(10)
Execute         add_files -tb C:/Users/duong/Desktop/xup_high_level_synthesis_design_flow-main/source/lab1/matrixmul_test.cpp 
INFO: [HLS 200-10] Adding test bench file 'C:/Users/duong/Desktop/xup_high_level_synthesis_design_flow-main/source/lab1/matrixmul_test.cpp' to the project
Execute         send_msg_by_id INFO @200-1465@%s 'tb.file_cflags=C:/Users/duong/Desktop/xup_high_level_synthesis_design_flow-main/source/lab1/matrixmul_test.cpp,-DHW_COSIM' from hls_config.cfg(11) 
INFO: [HLS 200-1465] Applying config ini 'tb.file_cflags=C:/Users/duong/Desktop/xup_high_level_synthesis_design_flow-main/source/lab1/matrixmul_test.cpp,-DHW_COSIM' from hls_config.cfg(11)
Execute         add_files -tb C:/Users/duong/Desktop/xup_high_level_synthesis_design_flow-main/source/lab1/matrixmul_test.cpp -appendflags -cflags -DHW_COSIM 
Execute         send_msg_by_id INFO @200-1465@%s 'syn.top=matrixmul' from hls_config.cfg(7) 
INFO: [HLS 200-1465] Applying config ini 'syn.top=matrixmul' from hls_config.cfg(7)
Execute         set_top matrixmul 
Execute         send_msg_by_id INFO @200-1465@%s 'flow_target=vivado' from hls_config.cfg(4) 
INFO: [HLS 200-1465] Applying config ini 'flow_target=vivado' from hls_config.cfg(4)
Execute         send_msg_by_id INFO @200-1505@%s%s  vivado 
INFO: [HLS 200-1505] Using flow_target 'vivado'
Execute         send_msg_by_id INFO @200-1465@%s 'part=xc7a35tfgg484-2' from hls_config.cfg(1) 
INFO: [HLS 200-1465] Applying config ini 'part=xc7a35tfgg484-2' from hls_config.cfg(1)
Execute         set_part xc7a35tfgg484-2 
Execute           create_platform xc7a35tfgg484-2 -board  
Command           create_platform done; 0.121 sec.
Execute           source D:/movies/2025.2/Vitis/common/technology/xilinx/common/xilinx.gen 
Execute             source D:/movies/2025.2/Vitis/common/technology/xilinx/interface/plb46.gen 
Execute             source D:/movies/2025.2/Vitis/common/technology/xilinx/interface/axi4.gen 
Execute             source D:/movies/2025.2/Vitis/common/technology/xilinx/interface/nativeAXI4.gen 
Execute               source D:/movies/2025.2/Vitis/common/technology/xilinx/interface/saxilite.gen 
Execute             source D:/movies/2025.2/Vitis/common/technology/xilinx/scripts/xilinxcoregen.gen 
Execute             source D:/movies/2025.2/Vitis/common/technology/xilinx/interface/XilEDKCoreGen.gen 
Execute             source D:/movies/2025.2/Vitis/common/technology/xilinx/ip/dds_compiler.gen 
Execute             source D:/movies/2025.2/Vitis/common/technology/xilinx/ip/util.gen 
Execute             source D:/movies/2025.2/Vitis/common/technology/xilinx/ip/xfft.gen 
Execute             source D:/movies/2025.2/Vitis/common/technology/xilinx/ip/xfir.gen 
Execute             source D:/movies/2025.2/Vitis/common/technology/xilinx/DSP48/dsp48.gen 
Execute           ap_part_info -name xc7a35t-fgg484-2 -data info 
Execute           config_compile -quiet -complex-mul-dsp=0 
Command         set_part done; 0.196 sec.
Execute         send_msg_by_id INFO @200-1465@%s 'clock=10' from hls_config.cfg(12) 
INFO: [HLS 200-1465] Applying config ini 'clock=10' from hls_config.cfg(12)
Execute         create_clock -period 10ns 
Execute           ap_set_clock -name default -period 10 -unit ns -default=false 
INFO: [SYN 201-201] Setting up clock 'default' with a period of 10ns.
Execute         send_msg_by_id INFO @200-1465@%s 'cosim.trace_level=port' from hls_config.cfg(15) 
INFO: [HLS 200-1465] Applying config ini 'cosim.trace_level=port' from hls_config.cfg(15)
Execute         config_cosim -trace_level=port 
Execute         send_msg_by_id INFO @200-1465@%s 'cosim.wave_debug=1' from hls_config.cfg(14) 
INFO: [HLS 200-1465] Applying config ini 'cosim.wave_debug=1' from hls_config.cfg(14)
Execute         config_cosim -wave_debug=1 
Execute         send_msg_by_id INFO @200-1465@%s 'package.output.format=ip_catalog' from hls_config.cfg(5) 
INFO: [HLS 200-1465] Applying config ini 'package.output.format=ip_catalog' from hls_config.cfg(5)
Execute         config_export -format=ip_catalog 
Execute         send_msg_by_id INFO @200-1465@%s 'sim.O=0' from hls_config.cfg(13) 
INFO: [HLS 200-1465] Applying config ini 'sim.O=0' from hls_config.cfg(13)
Execute         config_sim -O=0 
Execute         send_msg_by_id INFO @200-1465@%s 'vivado.rtl=vhdl' from hls_config.cfg(16) 
INFO: [HLS 200-1465] Applying config ini 'vivado.rtl=vhdl' from hls_config.cfg(16)
Execute         config_export -rtl=vhdl 
Command       apply_ini done; 0.259 sec.
Execute       write_component -config C:/Users/duong/Desktop/xup_high_level_synthesis_design_flow-main/source/lab1/matrixmul/hls_config.cfg 
Execute         send_msg_by_id INFO @200-2176@%s C:/Users/duong/Desktop/xup_high_level_synthesis_design_flow-main/source/lab1/matrixmul/matrixmul/vitis-comp.json 
INFO: [HLS 200-2176] Writing Vitis IDE component file C:/Users/duong/Desktop/xup_high_level_synthesis_design_flow-main/source/lab1/matrixmul/matrixmul/vitis-comp.json
Command     open_solution done; 1.61 sec.
Command   open_component done; 1.614 sec.
Execute   apply_ini C:/Users/duong/Desktop/xup_high_level_synthesis_design_flow-main/source/lab1/matrixmul/matrixmul/hls/config.cmdline -iscmdline 
Execute   ::AP::init_summary_file vivado-impl 
Execute     AP::app_get_file_relativeroot [AP::app_get_root] {}
Execute   export_design -flow impl 
Execute     config_export -flow=impl 
INFO-FLOW: DBG:PUTS: export_design_wrap: -flow impl -format ip_catalog -rtl vhdl
Execute     source C:/Users/duong/Desktop/xup_high_level_synthesis_design_flow-main/source/lab1/matrixmul/matrixmul/hls/.autopilot/db/global.setting.tcl 
INFO-FLOW: DBG:PUTS:   auto_impl: pack: -export -rtl vhdl
INFO-FLOW: DBG:PROC: ::AESL_AUTOIMPL::auto_impl args='-export -rtl vhdl'
Execute     source C:/Users/duong/Desktop/xup_high_level_synthesis_design_flow-main/source/lab1/matrixmul/matrixmul/hls/.autopilot/db/global.setting.tcl 
INFO: [IMPL 213-8] Exporting RTL as a Vivado IP.
INFO-FLOW: DBG:PUTS: automg_wrap -export -pcore_version 1.00.a -rtl vhdl -tool Vivado -impltomg_flag
INFO-FLOW: DBG:PROC: ::AESL_AUTOMG::auto_generate args='-export -pcore_version 1.00.a -rtl vhdl -tool Vivado -impltomg_flag'
INFO-FLOW: DBG:PUTS:     auto_generate -export -pcore_version 1.00.a -rtl vhdl -tool Vivado -impltomg_flag
Execute     source C:/Users/duong/Desktop/xup_high_level_synthesis_design_flow-main/source/lab1/matrixmul/matrixmul/hls/.autopilot/db/global.setting.tcl 
INFO-FLOW: DBG:PUTS: read_platform_lib C:/Users/duong/Desktop/xup_high_level_synthesis_design_flow-main/source/lab1/matrixmul/matrixmul/hls/.autopilot/db/global.setting.tcl
Execute     source D:/movies/2025.2/Vitis/common/technology/generic/autopilot/common.gen 
Execute       source D:/movies/2025.2/Vitis/common/technology/generic/autopilot/APCoreGen.gen 
Execute     source D:/movies/2025.2/Vitis/common/technology/generic/autopilot/op.gen 
Execute     source D:/movies/2025.2/Vitis/common/technology/generic/autopilot/op_simcore.gen 
Execute     source D:/movies/2025.2/Vitis/common/technology/generic/autopilot/interface.gen 
Execute     source C:/Users/duong/Desktop/xup_high_level_synthesis_design_flow-main/source/lab1/matrixmul/matrixmul/hls/.autopilot/db/global.setting.tcl 
Execute     ap_family_info -name artix7 -data parts 
Execute     ap_part_info -name xc7a12ticsg325-1L -data info 
Execute     source D:/movies/2025.2/Vitis/common/technology/xilinx/common/xilinx.gen 
Execute       source D:/movies/2025.2/Vitis/common/technology/xilinx/interface/plb46.gen 
Execute       source D:/movies/2025.2/Vitis/common/technology/xilinx/interface/axi4.gen 
Execute       source D:/movies/2025.2/Vitis/common/technology/xilinx/interface/nativeAXI4.gen 
Execute         source D:/movies/2025.2/Vitis/common/technology/xilinx/interface/saxilite.gen 
Execute       source D:/movies/2025.2/Vitis/common/technology/xilinx/scripts/xilinxcoregen.gen 
Execute       source D:/movies/2025.2/Vitis/common/technology/xilinx/interface/XilEDKCoreGen.gen 
Execute       source D:/movies/2025.2/Vitis/common/technology/xilinx/ip/dds_compiler.gen 
Execute       source D:/movies/2025.2/Vitis/common/technology/xilinx/ip/util.gen 
Execute       source D:/movies/2025.2/Vitis/common/technology/xilinx/ip/xfft.gen 
Execute       source D:/movies/2025.2/Vitis/common/technology/xilinx/ip/xfir.gen 
Execute       source D:/movies/2025.2/Vitis/common/technology/xilinx/DSP48/dsp48.gen 
INFO-FLOW: DBG:PUTS:   using AESL_AUTOCG::g_clock_period=10.000 (was NA)
INFO-FLOW: DBG:PUTS:       initCTypeInfo top_module=matrixmul xml_exists=1
Execute     source C:/Users/duong/Desktop/xup_high_level_synthesis_design_flow-main/source/lab1/matrixmul/matrixmul/hls/.autopilot/db/matrixmul.rtl_wrap.cfg.tcl 
Execute     source C:/Users/duong/Desktop/xup_high_level_synthesis_design_flow-main/source/lab1/matrixmul/matrixmul/hls/.autopilot/db/matrixmul.rtl_wrap.cfg.tcl 
Execute     source C:/Users/duong/Desktop/xup_high_level_synthesis_design_flow-main/source/lab1/matrixmul/matrixmul/hls/.autopilot/db/matrixmul.rtl_wrap.cfg.tcl 
Execute     source C:/Users/duong/Desktop/xup_high_level_synthesis_design_flow-main/source/lab1/matrixmul/matrixmul/hls/.autopilot/db/matrixmul.tbgen.tcl 
Execute     source C:/Users/duong/Desktop/xup_high_level_synthesis_design_flow-main/source/lab1/matrixmul/matrixmul/hls/.autopilot/db/matrixmul.tbgen.tcl 
Execute     source C:/Users/duong/Desktop/xup_high_level_synthesis_design_flow-main/source/lab1/matrixmul/matrixmul/hls/.autopilot/db/matrixmul.tbgen.tcl 
Execute     source C:/Users/duong/Desktop/xup_high_level_synthesis_design_flow-main/source/lab1/matrixmul/matrixmul/hls/.autopilot/db/global.setting.tcl 
Execute     source C:/Users/duong/Desktop/xup_high_level_synthesis_design_flow-main/source/lab1/matrixmul/matrixmul/hls/.autopilot/db/matrixmul.tbgen.tcl 
Execute     source C:/Users/duong/Desktop/xup_high_level_synthesis_design_flow-main/source/lab1/matrixmul/matrixmul/hls/.autopilot/db/cosimDB.tcl 
INFO-FLOW: DBG:PUTS:       cosim_export_main adding deadlock detection to matrixmul
INFO-FLOW: DBG:PUTS:       generate_datafile_ip_script ip_types={vitis sysgen} #gSsdmPorts=0
INFO-FLOW: DBG:PUTS: Skipping loadAnalyze_DB, #g_database=3
INFO-FLOW: DBG:PUTS:       generate_json generate_bd_files=0 generate_xo_files=false #modelList=4 #gSsdmPorts=0
INFO-FLOW: DBG:PROC: ::AP::DESIGN_DATA::generate_json generate_bd_files='0' generate_xo_files='false' modelList='matrixmul_mul_8s_8s_16_1_1
matrixmul_mac_muladd_8s_8s_16s_16_4_1
matrixmul_flow_control_loop_pipe
matrixmul
' rtl_lang='vhdl' bootstrap_tcl='false' outdir='' outfilename=''
Execute     source C:/Users/duong/Desktop/xup_high_level_synthesis_design_flow-main/source/lab1/matrixmul/matrixmul/hls/.autopilot/db/global.setting.tcl 
Execute     source C:/Users/duong/Desktop/xup_high_level_synthesis_design_flow-main/source/lab1/matrixmul/matrixmul/hls/.autopilot/db/global.setting.tcl 
Execute     source C:/Users/duong/Desktop/xup_high_level_synthesis_design_flow-main/source/lab1/matrixmul/matrixmul/hls/.autopilot/db/top-io-be.tcl 
Execute     source C:/Users/duong/Desktop/xup_high_level_synthesis_design_flow-main/source/lab1/matrixmul/matrixmul/hls/.autopilot/db/matrixmul.tbgen.tcl 
Execute     source C:/Users/duong/Desktop/xup_high_level_synthesis_design_flow-main/source/lab1/matrixmul/matrixmul/hls/.autopilot/db/matrixmul.rtl_wrap.cfg.tcl 
Execute     source C:/Users/duong/Desktop/xup_high_level_synthesis_design_flow-main/source/lab1/matrixmul/matrixmul/hls/.autopilot/db/matrixmul.compgen.dataonly.tcl 
Execute     source C:/Users/duong/Desktop/xup_high_level_synthesis_design_flow-main/source/lab1/matrixmul/matrixmul/hls/.autopilot/db/matrixmul.tbgen.tcl 
Execute     source C:/Users/duong/Desktop/xup_high_level_synthesis_design_flow-main/source/lab1/matrixmul/matrixmul/hls/.autopilot/db/global.setting.tcl 
Execute     ap_part_info -name xc7a35t-fgg484-2 -data names -quiet 
Execute     ap_part_info -name xc7a35t-fgg484-2 -data info -quiet 
Execute     source C:/Users/duong/Desktop/xup_high_level_synthesis_design_flow-main/source/lab1/matrixmul/matrixmul/hls/.autopilot/db/matrixmul.constraint.tcl 
Execute     sc_get_clocks matrixmul 
Execute     source C:/Users/duong/Desktop/xup_high_level_synthesis_design_flow-main/source/lab1/matrixmul/matrixmul/hls/.autopilot/db/global.setting.tcl 
Execute     source D:/movies/2025.2/Vitis/tps/tcl/tcllib2.0/fileutil/fileutil.tcl 
Execute       source D:/movies/2025.2/Vitis/tps/tcl/tcllib2.0/cmdline/cmdline.tcl 
INFO-FLOW: DBG:PUTS:       generate_syn_sh
Execute     ap_part_info -name xc7a35t-fgg484-2 -data names -quiet 
Execute     ap_part_info -name xc7a35t-fgg484-2 -data info -quiet 
Execute     source C:/Users/duong/Desktop/xup_high_level_synthesis_design_flow-main/source/lab1/matrixmul/matrixmul/hls/.autopilot/db/global.setting.tcl 
INFO-FLOW: DBG:PUTS:       generate_imp_constraints
Execute     ap_part_info -name xc7a35t-fgg484-2 -data names -quiet 
Execute     ap_part_info -name xc7a35t-fgg484-2 -data info -quiet 
Execute     source C:/Users/duong/Desktop/xup_high_level_synthesis_design_flow-main/source/lab1/matrixmul/matrixmul/hls/.autopilot/db/matrixmul.constraint.tcl 
Execute     source C:/Users/duong/Desktop/xup_high_level_synthesis_design_flow-main/source/lab1/matrixmul/matrixmul/hls/.autopilot/db/matrixmul.tbgen.tcl 
INFO-FLOW: DBG:PUTS:       delete-temp-dirs pwd=C:/Users/duong/Desktop/xup_high_level_synthesis_design_flow-main/source/lab1/matrixmul/matrixmul/hls
Execute     ap_part_info -name xc7a35t-fgg484-2 -data names -quiet 
Execute     ap_part_info -name xc7a35t-fgg484-2 -data info -quiet 
INFO-FLOW: DBG:PUTS: read_platform_lib C:/Users/duong/Desktop/xup_high_level_synthesis_design_flow-main/source/lab1/matrixmul/matrixmul/hls/.autopilot/db/global.setting.tcl
Execute     source D:/movies/2025.2/Vitis/common/technology/generic/autopilot/common.gen 
Execute       source D:/movies/2025.2/Vitis/common/technology/generic/autopilot/APCoreGen.gen 
Execute     source D:/movies/2025.2/Vitis/common/technology/generic/autopilot/op.gen 
Execute     source D:/movies/2025.2/Vitis/common/technology/generic/autopilot/op_simcore.gen 
Execute     source D:/movies/2025.2/Vitis/common/technology/generic/autopilot/interface.gen 
Execute     source C:/Users/duong/Desktop/xup_high_level_synthesis_design_flow-main/source/lab1/matrixmul/matrixmul/hls/.autopilot/db/global.setting.tcl 
Execute     ap_family_info -name artix7 -data parts 
Execute     ap_part_info -name xc7a12ticsg325-1L -data info 
Execute     source D:/movies/2025.2/Vitis/common/technology/xilinx/common/xilinx.gen 
Execute       source D:/movies/2025.2/Vitis/common/technology/xilinx/interface/plb46.gen 
Execute       source D:/movies/2025.2/Vitis/common/technology/xilinx/interface/axi4.gen 
Execute       source D:/movies/2025.2/Vitis/common/technology/xilinx/interface/nativeAXI4.gen 
Execute         source D:/movies/2025.2/Vitis/common/technology/xilinx/interface/saxilite.gen 
Execute       source D:/movies/2025.2/Vitis/common/technology/xilinx/scripts/xilinxcoregen.gen 
Execute       source D:/movies/2025.2/Vitis/common/technology/xilinx/interface/XilEDKCoreGen.gen 
Execute       source D:/movies/2025.2/Vitis/common/technology/xilinx/ip/dds_compiler.gen 
Execute       source D:/movies/2025.2/Vitis/common/technology/xilinx/ip/util.gen 
Execute       source D:/movies/2025.2/Vitis/common/technology/xilinx/ip/xfft.gen 
Execute       source D:/movies/2025.2/Vitis/common/technology/xilinx/ip/xfir.gen 
Execute       source D:/movies/2025.2/Vitis/common/technology/xilinx/DSP48/dsp48.gen 
INFO-FLOW: DBG:PUTS:     IP package: exec C:/Users/duong/Desktop/xup_high_level_synthesis_design_flow-main/source/lab1/matrixmul/matrixmul/hls/impl/ip/pack.bat
INFO-FLOW: DBG:PUTS:     IP package: success C:/Users/duong/Desktop/xup_high_level_synthesis_design_flow-main/source/lab1/matrixmul/matrixmul/hls/impl/ip/pack.bat
INFO-FLOW: DBG:PUTS:   auto_impl: eval: -flow impl -rtl vhdl
INFO-FLOW: DBG:PROC: ::AESL_AUTOIMPL::auto_impl args='-flow impl -rtl vhdl'
Execute     source C:/Users/duong/Desktop/xup_high_level_synthesis_design_flow-main/source/lab1/matrixmul/matrixmul/hls/.autopilot/db/global.setting.tcl 
INFO: [IMPL 213-8] Starting RTL evaluation using Vivado ...
INFO-FLOW: DBG:PUTS: automg_wrap -rtl vhdl -tool Vivado -impltomg_flag
INFO-FLOW: DBG:PROC: ::AESL_AUTOMG::auto_generate args='-rtl vhdl -tool Vivado -impltomg_flag'
INFO-FLOW: DBG:PUTS:     auto_generate -rtl vhdl -tool Vivado -impltomg_flag
Execute     source C:/Users/duong/Desktop/xup_high_level_synthesis_design_flow-main/source/lab1/matrixmul/matrixmul/hls/.autopilot/db/global.setting.tcl 
INFO-FLOW: DBG:PUTS: read_platform_lib C:/Users/duong/Desktop/xup_high_level_synthesis_design_flow-main/source/lab1/matrixmul/matrixmul/hls/.autopilot/db/global.setting.tcl
Execute     source D:/movies/2025.2/Vitis/common/technology/generic/autopilot/common.gen 
Execute       source D:/movies/2025.2/Vitis/common/technology/generic/autopilot/APCoreGen.gen 
Execute     source D:/movies/2025.2/Vitis/common/technology/generic/autopilot/op.gen 
Execute     source D:/movies/2025.2/Vitis/common/technology/generic/autopilot/op_simcore.gen 
Execute     source D:/movies/2025.2/Vitis/common/technology/generic/autopilot/interface.gen 
Execute     source C:/Users/duong/Desktop/xup_high_level_synthesis_design_flow-main/source/lab1/matrixmul/matrixmul/hls/.autopilot/db/global.setting.tcl 
Execute     ap_family_info -name artix7 -data parts 
Execute     ap_part_info -name xc7a12ticsg325-1L -data info 
Execute     source D:/movies/2025.2/Vitis/common/technology/xilinx/common/xilinx.gen 
Execute       source D:/movies/2025.2/Vitis/common/technology/xilinx/interface/plb46.gen 
Execute       source D:/movies/2025.2/Vitis/common/technology/xilinx/interface/axi4.gen 
Execute       source D:/movies/2025.2/Vitis/common/technology/xilinx/interface/nativeAXI4.gen 
Execute         source D:/movies/2025.2/Vitis/common/technology/xilinx/interface/saxilite.gen 
Execute       source D:/movies/2025.2/Vitis/common/technology/xilinx/scripts/xilinxcoregen.gen 
Execute       source D:/movies/2025.2/Vitis/common/technology/xilinx/interface/XilEDKCoreGen.gen 
Execute       source D:/movies/2025.2/Vitis/common/technology/xilinx/ip/dds_compiler.gen 
Execute       source D:/movies/2025.2/Vitis/common/technology/xilinx/ip/util.gen 
Execute       source D:/movies/2025.2/Vitis/common/technology/xilinx/ip/xfft.gen 
Execute       source D:/movies/2025.2/Vitis/common/technology/xilinx/ip/xfir.gen 
Execute       source D:/movies/2025.2/Vitis/common/technology/xilinx/DSP48/dsp48.gen 
INFO-FLOW: DBG:PUTS:       generate_syn_sh
Execute     ap_part_info -name xc7a35t-fgg484-2 -data names -quiet 
Execute     ap_part_info -name xc7a35t-fgg484-2 -data info -quiet 
Execute     source C:/Users/duong/Desktop/xup_high_level_synthesis_design_flow-main/source/lab1/matrixmul/matrixmul/hls/.autopilot/db/global.setting.tcl 
INFO-FLOW: DBG:PUTS:       generate_imp_constraints
Execute     ap_part_info -name xc7a35t-fgg484-2 -data names -quiet 
Execute     ap_part_info -name xc7a35t-fgg484-2 -data info -quiet 
Execute     source C:/Users/duong/Desktop/xup_high_level_synthesis_design_flow-main/source/lab1/matrixmul/matrixmul/hls/.autopilot/db/matrixmul.constraint.tcl 
Execute     source C:/Users/duong/Desktop/xup_high_level_synthesis_design_flow-main/source/lab1/matrixmul/matrixmul/hls/.autopilot/db/matrixmul.tbgen.tcl 
INFO-FLOW: DBG:PUTS:       delete-temp-dirs pwd=C:/Users/duong/Desktop/xup_high_level_synthesis_design_flow-main/source/lab1/matrixmul/matrixmul/hls
Execute     ap_part_info -name xc7a35t-fgg484-2 -data names -quiet 
Execute     ap_part_info -name xc7a35t-fgg484-2 -data info -quiet 
INFO-FLOW: DBG:PUTS: read_platform_lib C:/Users/duong/Desktop/xup_high_level_synthesis_design_flow-main/source/lab1/matrixmul/matrixmul/hls/.autopilot/db/global.setting.tcl
Execute     source D:/movies/2025.2/Vitis/common/technology/generic/autopilot/common.gen 
Execute       source D:/movies/2025.2/Vitis/common/technology/generic/autopilot/APCoreGen.gen 
Execute     source D:/movies/2025.2/Vitis/common/technology/generic/autopilot/op.gen 
Execute     source D:/movies/2025.2/Vitis/common/technology/generic/autopilot/op_simcore.gen 
Execute     source D:/movies/2025.2/Vitis/common/technology/generic/autopilot/interface.gen 
Execute     source C:/Users/duong/Desktop/xup_high_level_synthesis_design_flow-main/source/lab1/matrixmul/matrixmul/hls/.autopilot/db/global.setting.tcl 
Execute     ap_family_info -name artix7 -data parts 
Execute     ap_part_info -name xc7a12ticsg325-1L -data info 
Execute     source D:/movies/2025.2/Vitis/common/technology/xilinx/common/xilinx.gen 
Execute       source D:/movies/2025.2/Vitis/common/technology/xilinx/interface/plb46.gen 
Execute       source D:/movies/2025.2/Vitis/common/technology/xilinx/interface/axi4.gen 
Execute       source D:/movies/2025.2/Vitis/common/technology/xilinx/interface/nativeAXI4.gen 
Execute         source D:/movies/2025.2/Vitis/common/technology/xilinx/interface/saxilite.gen 
Execute       source D:/movies/2025.2/Vitis/common/technology/xilinx/scripts/xilinxcoregen.gen 
Execute       source D:/movies/2025.2/Vitis/common/technology/xilinx/interface/XilEDKCoreGen.gen 
Execute       source D:/movies/2025.2/Vitis/common/technology/xilinx/ip/dds_compiler.gen 
Execute       source D:/movies/2025.2/Vitis/common/technology/xilinx/ip/util.gen 
Execute       source D:/movies/2025.2/Vitis/common/technology/xilinx/ip/xfft.gen 
Execute       source D:/movies/2025.2/Vitis/common/technology/xilinx/ip/xfir.gen 
Execute       source D:/movies/2025.2/Vitis/common/technology/xilinx/DSP48/dsp48.gen 
Execute     source C:/Users/duong/Desktop/xup_high_level_synthesis_design_flow-main/source/lab1/matrixmul/matrixmul/hls/.autopilot/db/autopilot.rtl.models.tcl 
Execute     source C:/Users/duong/Desktop/xup_high_level_synthesis_design_flow-main/source/lab1/matrixmul/matrixmul/hls/.autopilot/db/global.setting.tcl 
Execute     ap_part_info -name xc7a35t-fgg484-2 -data names -quiet 
Execute     ap_part_info -name xc7a35t-fgg484-2 -data info -quiet 
INFO-FLOW: DBG:PUTS: debug_in_auto_impl: vhdl exec C:/Users/duong/Desktop/xup_high_level_synthesis_design_flow-main/source/lab1/matrixmul/matrixmul/hls/impl/vhdl/impl.bat
INFO-FLOW: DBG:PROC: ::HLSREPORTS::auto_impl_report topinfo_dict='RtlTopPrefix {} RtlSubPrefix matrixmul_ TopModuleNoPrefix matrixmul TopModuleWithPrefix matrixmul' export_design_flow='impl' impl_dir='C:/Users/duong/Desktop/xup_high_level_synthesis_design_flow-main/source/lab1/matrixmul/matrixmul/hls/impl' lang='vhdl' out_dir='' flow_names=''
INFO-FLOW: Running: auto_impl_report read csynth_xml
INFO-FLOW: Done: auto_impl_report read csynth_xml time: 0 seconds 
INFO-FLOW: Running: auto_impl_report gen module_node_dict
INFO-FLOW: Done: auto_impl_report gen module_node_dict time: 0 seconds 
INFO-FLOW: Running: auto_impl_report get_csynth_rtlinst_dict
INFO-FLOW: Done: auto_impl_report get_csynth_rtlinst_dict time: 0 seconds 
INFO-FLOW: DBG:PUTS:     auto_impl_report: impl processing xml
INFO-FLOW: Running: auto_impl_report flow=impl process xml nodes: RtlModule (5)
INFO-FLOW: Done: auto_impl_report flow=impl process xml nodes: RtlModule (5) time: 0 seconds 
INFO-FLOW: Running: auto_impl_report flow=impl process xml nodes: TimingPaths (5)
INFO-FLOW: Done: auto_impl_report flow=impl process xml nodes: TimingPaths (5) time: 0 seconds 
Execute     ap_part_info -quiet -data family -name xc7a35t-fgg484-2 
INFO-FLOW: Running: auto_impl_report flow=impl write xml C:/Users/duong/Desktop/xup_high_level_synthesis_design_flow-main/source/lab1/matrixmul/matrixmul/hls/impl/report/vhdl/export_impl.xml
INFO-FLOW: Done: auto_impl_report flow=impl write xml C:/Users/duong/Desktop/xup_high_level_synthesis_design_flow-main/source/lab1/matrixmul/matrixmul/hls/impl/report/vhdl/export_impl.xml time: 0 seconds 
INFO-FLOW: Running: auto_impl_report flow=impl auto_impl_report_txt C:/Users/duong/Desktop/xup_high_level_synthesis_design_flow-main/source/lab1/matrixmul/matrixmul/hls/impl/report/vhdl/export_impl.rpt
INFO-FLOW: DBG:PROC: ::HLSREPORTS::auto_impl_report_txt xml_root='domNode00000205DC4CB618' export_design_flow='impl' export_rpt='C:/Users/duong/Desktop/xup_high_level_synthesis_design_flow-main/source/lab1/matrixmul/matrixmul/hls/impl/report/vhdl/export_impl.rpt' rpt_txt_var=''
INFO-FLOW: DBG:PUTS:     wrote export rpt file: export_impl.rpt
INFO-FLOW: Done: auto_impl_report flow=impl auto_impl_report_txt C:/Users/duong/Desktop/xup_high_level_synthesis_design_flow-main/source/lab1/matrixmul/matrixmul/hls/impl/report/vhdl/export_impl.rpt time: 0 seconds 
INFO-FLOW: DBG:PUTS:     auto_impl_report: syn processing xml
INFO-FLOW: Running: auto_impl_report flow=syn process xml nodes: RtlModule (5)
INFO-FLOW: Done: auto_impl_report flow=syn process xml nodes: RtlModule (5) time: 0 seconds 
INFO-FLOW: Running: auto_impl_report flow=syn process xml nodes: TimingPaths (5)
INFO-FLOW: Done: auto_impl_report flow=syn process xml nodes: TimingPaths (5) time: 0 seconds 
Execute     ap_part_info -quiet -data family -name xc7a35t-fgg484-2 
INFO-FLOW: Running: auto_impl_report flow=syn write xml C:/Users/duong/Desktop/xup_high_level_synthesis_design_flow-main/source/lab1/matrixmul/matrixmul/hls/impl/report/vhdl/export_syn.xml
INFO-FLOW: Done: auto_impl_report flow=syn write xml C:/Users/duong/Desktop/xup_high_level_synthesis_design_flow-main/source/lab1/matrixmul/matrixmul/hls/impl/report/vhdl/export_syn.xml time: 0 seconds 
INFO-FLOW: Running: auto_impl_report flow=syn auto_impl_report_txt C:/Users/duong/Desktop/xup_high_level_synthesis_design_flow-main/source/lab1/matrixmul/matrixmul/hls/impl/report/vhdl/export_syn.rpt
INFO-FLOW: DBG:PROC: ::HLSREPORTS::auto_impl_report_txt xml_root='domNode00000205DC4A67D8' export_design_flow='syn' export_rpt='C:/Users/duong/Desktop/xup_high_level_synthesis_design_flow-main/source/lab1/matrixmul/matrixmul/hls/impl/report/vhdl/export_syn.rpt' rpt_txt_var=''
INFO-FLOW: DBG:PUTS:     wrote export rpt file: export_syn.rpt
INFO-FLOW: Done: auto_impl_report flow=syn auto_impl_report_txt C:/Users/duong/Desktop/xup_high_level_synthesis_design_flow-main/source/lab1/matrixmul/matrixmul/hls/impl/report/vhdl/export_syn.rpt time: 0 seconds 
Execute     send_msg_by_id INFO @200-802@%s matrixmul/matrixmul.zip 
INFO: [HLS 200-802] Generated output file matrixmul/matrixmul.zip
Command   export_design done; 238.453 sec.
Execute   close_project 
Execute     close_solution 
Execute       cleanup_all 
Execute       cleanup_all 
