

================================================================
== Vitis HLS Report for 'rgb2yuv_Pipeline_RGB2YUV_LOOP_X_RGB2YUV_LOOP_Y'
================================================================
* Date:           Sun Jun 14 00:39:41 2026

* Version:        2025.2 (Build 6295257 on Nov 12 2025)
* Project:        yuv_filter
* Solution:       hls (Vivado IP Flow Target)
* Product family: artix7
* Target device:  xc7a35t-fgg484-2


================================================================
== Performance Estimates
================================================================
+ Timing: 
    * Summary: 
    +--------+----------+----------+------------+
    |  Clock |  Target  | Estimated| Uncertainty|
    +--------+----------+----------+------------+
    |ap_clk  |  10.00 ns|  6.791 ns|     2.70 ns|
    +--------+----------+----------+------------+

+ Latency: 
    * Summary: 
    +---------+---------+----------+-----------+-----+-----+-------------------+
    |  Latency (cycles) |  Latency (absolute)  |  Interval |      Pipeline     |
    |   min   |   max   |    min   |    max    | min | max |        Type       |
    +---------+---------+----------+-----------+-----+-----+-------------------+
    |    40007|  2457607|  0.400 ms|  24.576 ms|    0|    0|  loop pipeline stp|
    +---------+---------+----------+-----------+-----+-----+-------------------+

    + Detail: 
        * Instance: 
        N/A

        * Loop: 
        +---------------------------------+---------+---------+----------+-----------+-----------+-----------------+----------+
        |                                 |  Latency (cycles) | Iteration|  Initiation Interval  |       Trip      |          |
        |            Loop Name            |   min   |   max   |  Latency |  achieved |   target  |      Count      | Pipelined|
        +---------------------------------+---------+---------+----------+-----------+-----------+-----------------+----------+
        |- RGB2YUV_LOOP_X_RGB2YUV_LOOP_Y  |    40005|  2457605|         7|          1|          1|  40000 ~ 2457600|       yes|
        +---------------------------------+---------+---------+----------+-----------+-----------+-----------------+----------+



================================================================
== Utilization Estimates
================================================================
* Summary: 
+-----------------+---------+----+-------+-------+-----+
|       Name      | BRAM_18K| DSP|   FF  |  LUT  | URAM|
+-----------------+---------+----+-------+-------+-----+
|DSP              |        -|   5|      -|      -|    -|
|Expression       |        -|   -|      0|    406|    -|
|FIFO             |        -|   -|      -|      -|    -|
|Instance         |        -|   -|      -|      -|    -|
|Memory           |        -|   -|      -|      -|    -|
|Multiplexer      |        -|   -|      0|     81|    -|
|Register         |        -|   -|    227|     32|    -|
+-----------------+---------+----+-------+-------+-----+
|Total            |        0|   5|    227|    519|    0|
+-----------------+---------+----+-------+-------+-----+
|Available        |      100|  90|  41600|  20800|    0|
+-----------------+---------+----+-------+-------+-----+
|Utilization (%)  |        0|   5|     ~0|      2|    0|
+-----------------+---------+----+-------+-------+-----+

+ Detail: 
    * Instance: 
    N/A

    * DSP: 
    +----------------------------------+-------------------------------+--------------+
    |             Instance             |             Module            |  Expression  |
    +----------------------------------+-------------------------------+--------------+
    |mac_muladd_8ns_5ns_15s_15_4_1_U7  |mac_muladd_8ns_5ns_15s_15_4_1  |  i0 + i1 * i2|
    |mac_muladd_8ns_7ns_8ns_15_4_1_U9  |mac_muladd_8ns_7ns_8ns_15_4_1  |  i0 * i1 + i2|
    |mac_muladd_8ns_7s_8ns_15_4_1_U8   |mac_muladd_8ns_7s_8ns_15_4_1   |  i0 * i1 + i2|
    |mac_muladd_8ns_8s_16s_16_4_1_U10  |mac_muladd_8ns_8s_16s_16_4_1   |  i0 + i1 * i2|
    |mac_muladd_8ns_8s_16s_16_4_1_U11  |mac_muladd_8ns_8s_16s_16_4_1   |  i0 + i1 * i2|
    +----------------------------------+-------------------------------+--------------+

    * Memory: 
    N/A

    * FIFO: 
    N/A

    * Expression: 
    +---------------------------------------+----------+----+---+----+------------+------------+
    |             Variable Name             | Operation| DSP| FF| LUT| Bitwidth P0| Bitwidth P1|
    +---------------------------------------+----------+----+---+----+------------+------------+
    |add_ln80_1_fu_226_p2                   |         +|   0|  0|  39|          32|           1|
    |add_ln80_fu_243_p2                     |         +|   0|  0|  23|          16|           1|
    |add_ln84_1_fu_294_p2                   |         +|   0|  0|  22|          22|          22|
    |add_ln84_fu_316_p2                     |         +|   0|  0|  23|          16|           1|
    |add_ln87_fu_304_p2                     |         +|   0|  0|  22|          22|          22|
    |add_ln90_2_fu_397_p2                   |         +|   0|  0|  16|          16|          16|
    |add_ln90_3_fu_366_p2                   |         +|   0|  0|  15|          15|          15|
    |add_ln90_4_fu_389_p2                   |         +|   0|  0|  16|          16|          16|
    |grp_fu_558_p2                          |         +|   0|  0|  15|          15|           8|
    |grp_fu_585_p2                          |         +|   0|  0|  23|          16|          16|
    |grp_fu_595_p2                          |         +|   0|  0|  23|          16|          16|
    |p_yuv_channels_ch1_din                 |         +|   0|  0|  15|           8|           5|
    |sub_ln91_fu_431_p2                     |         -|   0|  0|  22|          15|          15|
    |sub_ln92_1_fu_471_p2                   |         -|   0|  0|  14|          14|          14|
    |sub_ln92_fu_454_p2                     |         -|   0|  0|  14|           1|          14|
    |ap_block_pp0_stage0_01001_grp1         |       and|   0|  0|   2|           1|           1|
    |icmp_ln80_fu_220_p2                    |      icmp|   0|  0|  39|          32|          32|
    |icmp_ln84_fu_249_p2                    |      icmp|   0|  0|  23|          16|          16|
    |ap_block_state7_pp0_stage0_iter6_grp1  |        or|   0|  0|   2|           1|           1|
    |select_ln80_fu_262_p3                  |    select|   0|  0|  16|           1|          16|
    |select_ln82_fu_254_p3                  |    select|   0|  0|  16|           1|           1|
    |ap_enable_pp0                          |       xor|   0|  0|   2|           1|           2|
    |xor_ln91_fu_503_p2                     |       xor|   0|  0|   2|           1|           2|
    |xor_ln92_fu_534_p2                     |       xor|   0|  0|   2|           1|           2|
    +---------------------------------------+----------+----+---+----+------------+------------+
    |Total                                  |          |   0|  0| 406|         295|         255|
    +---------------------------------------+----------+----+---+----+------------+------------+

    * Multiplexer: 
    +--------------------------------------+----+-----------+-----+-----------+
    |                 Name                 | LUT| Input Size| Bits| Total Bits|
    +--------------------------------------+----+-----------+-----+-----------+
    |ap_done_int                           |   9|          2|    1|          2|
    |ap_enable_reg_pp0_iter1               |   9|          2|    1|          2|
    |ap_sig_allocacmp_indvar_flatten_load  |   9|          2|   32|         64|
    |indvar_flatten_fu_126                 |   9|          2|   32|         64|
    |p_yuv_channels_ch1_blk_n              |   9|          2|    1|          2|
    |p_yuv_channels_ch2_blk_n              |   9|          2|    1|          2|
    |p_yuv_channels_ch3_blk_n              |   9|          2|    1|          2|
    |x_fu_122                              |   9|          2|   16|         32|
    |y_fu_118                              |   9|          2|   16|         32|
    +--------------------------------------+----+-----------+-----+-----------+
    |Total                                 |  81|         18|  101|        202|
    +--------------------------------------+----+-----------+-----+-----------+

    * Register: 
    +-----------------------------------+----+----+-----+-----------+
    |                Name               | FF | LUT| Bits| Const Bits|
    +-----------------------------------+----+----+-----+-----------+
    |B_reg_661                          |   8|   0|    8|          0|
    |G_reg_679                          |   8|   0|    8|          0|
    |G_reg_679_pp0_iter4_reg            |   8|   0|    8|          0|
    |R_reg_655                          |   8|   0|    8|          0|
    |R_reg_655_pp0_iter3_reg            |   8|   0|    8|          0|
    |ap_CS_fsm                          |   1|   0|    1|          0|
    |ap_done_reg                        |   1|   0|    1|          0|
    |ap_enable_reg_pp0_iter1            |   1|   0|    1|          0|
    |ap_enable_reg_pp0_iter2            |   1|   0|    1|          0|
    |ap_enable_reg_pp0_iter3            |   1|   0|    1|          0|
    |ap_enable_reg_pp0_iter4            |   1|   0|    1|          0|
    |ap_enable_reg_pp0_iter5            |   1|   0|    1|          0|
    |ap_enable_reg_pp0_iter6            |   1|   0|    1|          0|
    |ap_loop_exit_ready_pp0_iter1_reg   |   1|   0|    1|          0|
    |ap_loop_exit_ready_pp0_iter2_reg   |   1|   0|    1|          0|
    |ap_loop_exit_ready_pp0_iter3_reg   |   1|   0|    1|          0|
    |ap_loop_exit_ready_pp0_iter4_reg   |   1|   0|    1|          0|
    |ap_loop_exit_ready_pp0_iter5_reg   |   1|   0|    1|          0|
    |indvar_flatten_fu_126              |  32|   0|   32|          0|
    |trunc_ln_reg_696                   |   8|   0|    8|          0|
    |x_fu_122                           |  16|   0|   16|          0|
    |y_fu_118                           |  16|   0|   16|          0|
    |zext_ln87_1_reg_635                |  22|   0|   64|         42|
    |zext_ln90_1_reg_684                |   8|   0|   16|          8|
    |zext_ln90_1_reg_684_pp0_iter4_reg  |   8|   0|   16|          8|
    |B_reg_661                          |  64|  32|    8|          0|
    +-----------------------------------+----+----+-----+-----------+
    |Total                              | 227|  32|  229|         58|
    +-----------------------------------+----+----+-----+-----------+



================================================================
== Interface
================================================================
* Summary: 
+-----------------------------------+-----+-----+------------+------------------------------------------------+--------------+
|             RTL Ports             | Dir | Bits|  Protocol  |                  Source Object                 |    C Type    |
+-----------------------------------+-----+-----+------------+------------------------------------------------+--------------+
|ap_clk                             |   in|    1|  ap_ctrl_hs|  rgb2yuv_Pipeline_RGB2YUV_LOOP_X_RGB2YUV_LOOP_Y|  return value|
|ap_rst                             |   in|    1|  ap_ctrl_hs|  rgb2yuv_Pipeline_RGB2YUV_LOOP_X_RGB2YUV_LOOP_Y|  return value|
|ap_start                           |   in|    1|  ap_ctrl_hs|  rgb2yuv_Pipeline_RGB2YUV_LOOP_X_RGB2YUV_LOOP_Y|  return value|
|ap_done                            |  out|    1|  ap_ctrl_hs|  rgb2yuv_Pipeline_RGB2YUV_LOOP_X_RGB2YUV_LOOP_Y|  return value|
|ap_idle                            |  out|    1|  ap_ctrl_hs|  rgb2yuv_Pipeline_RGB2YUV_LOOP_X_RGB2YUV_LOOP_Y|  return value|
|ap_ready                           |  out|    1|  ap_ctrl_hs|  rgb2yuv_Pipeline_RGB2YUV_LOOP_X_RGB2YUV_LOOP_Y|  return value|
|p_yuv_channels_ch1_din             |  out|    8|     ap_fifo|                              p_yuv_channels_ch1|       pointer|
|p_yuv_channels_ch1_full_n          |   in|    1|     ap_fifo|                              p_yuv_channels_ch1|       pointer|
|p_yuv_channels_ch1_write           |  out|    1|     ap_fifo|                              p_yuv_channels_ch1|       pointer|
|p_yuv_channels_ch1_num_data_valid  |   in|   32|     ap_fifo|                              p_yuv_channels_ch1|       pointer|
|p_yuv_channels_ch1_fifo_cap        |   in|   32|     ap_fifo|                              p_yuv_channels_ch1|       pointer|
|p_yuv_channels_ch2_din             |  out|    8|     ap_fifo|                              p_yuv_channels_ch2|       pointer|
|p_yuv_channels_ch2_full_n          |   in|    1|     ap_fifo|                              p_yuv_channels_ch2|       pointer|
|p_yuv_channels_ch2_write           |  out|    1|     ap_fifo|                              p_yuv_channels_ch2|       pointer|
|p_yuv_channels_ch2_num_data_valid  |   in|   32|     ap_fifo|                              p_yuv_channels_ch2|       pointer|
|p_yuv_channels_ch2_fifo_cap        |   in|   32|     ap_fifo|                              p_yuv_channels_ch2|       pointer|
|p_yuv_channels_ch3_din             |  out|    8|     ap_fifo|                              p_yuv_channels_ch3|       pointer|
|p_yuv_channels_ch3_full_n          |   in|    1|     ap_fifo|                              p_yuv_channels_ch3|       pointer|
|p_yuv_channels_ch3_write           |  out|    1|     ap_fifo|                              p_yuv_channels_ch3|       pointer|
|p_yuv_channels_ch3_num_data_valid  |   in|   32|     ap_fifo|                              p_yuv_channels_ch3|       pointer|
|p_yuv_channels_ch3_fifo_cap        |   in|   32|     ap_fifo|                              p_yuv_channels_ch3|       pointer|
|bound                              |   in|   32|     ap_none|                                           bound|        scalar|
|height                             |   in|   16|     ap_none|                                          height|        scalar|
|in_channels_ch1_address0           |  out|   22|   ap_memory|                                 in_channels_ch1|         array|
|in_channels_ch1_ce0                |  out|    1|   ap_memory|                                 in_channels_ch1|         array|
|in_channels_ch1_q0                 |   in|    8|   ap_memory|                                 in_channels_ch1|         array|
|in_channels_ch2_address0           |  out|   22|   ap_memory|                                 in_channels_ch2|         array|
|in_channels_ch2_ce0                |  out|    1|   ap_memory|                                 in_channels_ch2|         array|
|in_channels_ch2_q0                 |   in|    8|   ap_memory|                                 in_channels_ch2|         array|
|in_channels_ch3_address0           |  out|   22|   ap_memory|                                 in_channels_ch3|         array|
|in_channels_ch3_ce0                |  out|    1|   ap_memory|                                 in_channels_ch3|         array|
|in_channels_ch3_q0                 |   in|    8|   ap_memory|                                 in_channels_ch3|         array|
+-----------------------------------+-----+-----+------------+------------------------------------------------+--------------+

============================================================
+ Verbose Summary: Synthesis Manager
============================================================
InlineROM: 1
ExposeGlobal: 0
============================================================
+ Verbose Summary: CDFG Model
============================================================
IsTopModel: 0
ResetActiveHigh: 1
IsCombinational: 2
IsDatapathOnly: 2
HasWiredReturn: 1
HasMFsm: 2
HasVarLatency: 1
IsPipeline: 0
IsRtlPipelined: 0
IsInstanceOverlapped: 0
IsDontTouch: 0
HasImplIP: 0
IsGatedGlobalClock: 0

+ Individual pipeline summary: 
  * Pipeline-0: initiation interval (II) = 1, depth = 7


============================================================
+ Verbose Summary: Schedule
============================================================
* Number of FSM states : 7
* Pipeline : 1
  Pipeline-0 : II = 1, D = 7, States = { 1 2 3 4 5 6 7 }
* Dataflow Pipeline: 0

* FSM state transitions: 
1 --> 2 
2 --> 3 
3 --> 4 
4 --> 5 
5 --> 6 
6 --> 7 
7 --> 

* FSM state operations: 

State 1 <SV = 0> <Delay = 4.82>
ST_1 : Operation 10 [1/1] (0.00ns)   --->   "%y = alloca i32 1" [../yuv_filter.c:65->../yuv_filter.c:51]   --->   Operation 10 'alloca' 'y' <Predicate = true> <Delay = 0.00>
ST_1 : Operation 11 [1/1] (0.00ns)   --->   "%x = alloca i32 1" [../yuv_filter.c:65->../yuv_filter.c:51]   --->   Operation 11 'alloca' 'x' <Predicate = true> <Delay = 0.00>
ST_1 : Operation 12 [1/1] (0.00ns)   --->   "%indvar_flatten = alloca i32 1"   --->   Operation 12 'alloca' 'indvar_flatten' <Predicate = true> <Delay = 0.00>
ST_1 : Operation 13 [1/1] (0.00ns)   --->   "%specinterface_ln0 = specinterface void @_ssdm_op_SpecInterface, i8 %in_channels_ch1, void @empty_2, i32 0, i32 0, void @empty_1, i32 4294967295, i32 0, void @empty_1, void @empty_1, void @empty_1, i32 0, i32 0, i32 0, i32 0, void @empty_1, void @empty_1, i32 4294967295, i32 0, i32 0, i32 0"   --->   Operation 13 'specinterface' 'specinterface_ln0' <Predicate = true> <Delay = 0.00>
ST_1 : Operation 14 [1/1] (0.00ns)   --->   "%specinterface_ln0 = specinterface void @_ssdm_op_SpecInterface, i8 %in_channels_ch2, void @empty_2, i32 0, i32 0, void @empty_1, i32 4294967295, i32 0, void @empty_1, void @empty_1, void @empty_1, i32 0, i32 0, i32 0, i32 0, void @empty_1, void @empty_1, i32 4294967295, i32 0, i32 0, i32 0"   --->   Operation 14 'specinterface' 'specinterface_ln0' <Predicate = true> <Delay = 0.00>
ST_1 : Operation 15 [1/1] (0.00ns)   --->   "%specinterface_ln0 = specinterface void @_ssdm_op_SpecInterface, i8 %in_channels_ch3, void @empty_2, i32 0, i32 0, void @empty_1, i32 4294967295, i32 0, void @empty_1, void @empty_1, void @empty_1, i32 0, i32 0, i32 0, i32 0, void @empty_1, void @empty_1, i32 4294967295, i32 0, i32 0, i32 0"   --->   Operation 15 'specinterface' 'specinterface_ln0' <Predicate = true> <Delay = 0.00>
ST_1 : Operation 16 [1/1] (0.00ns)   --->   "%specinterface_ln0 = specinterface void @_ssdm_op_SpecInterface, i8 %p_yuv_channels_ch1, void @ap_fifo_str, i32 0, i32 0, void @p_str, i32 0, i32 0, void @p_str, void @p_str, void @p_str, i32 2, i32 2, i32 16, i32 16, void @p_str, void @p_str, i32 4294967295, i32 0, i32 0, i32 0"   --->   Operation 16 'specinterface' 'specinterface_ln0' <Predicate = true> <Delay = 0.00>
ST_1 : Operation 17 [1/1] (0.00ns)   --->   "%specinterface_ln0 = specinterface void @_ssdm_op_SpecInterface, i8 %p_yuv_channels_ch2, void @ap_fifo_str, i32 0, i32 0, void @p_str, i32 0, i32 0, void @p_str, void @p_str, void @p_str, i32 2, i32 2, i32 16, i32 16, void @p_str, void @p_str, i32 4294967295, i32 0, i32 0, i32 0"   --->   Operation 17 'specinterface' 'specinterface_ln0' <Predicate = true> <Delay = 0.00>
ST_1 : Operation 18 [1/1] (0.00ns)   --->   "%specinterface_ln0 = specinterface void @_ssdm_op_SpecInterface, i8 %p_yuv_channels_ch3, void @ap_fifo_str, i32 0, i32 0, void @p_str, i32 0, i32 0, void @p_str, void @p_str, void @p_str, i32 2, i32 2, i32 16, i32 16, void @p_str, void @p_str, i32 4294967295, i32 0, i32 0, i32 0"   --->   Operation 18 'specinterface' 'specinterface_ln0' <Predicate = true> <Delay = 0.00>
ST_1 : Operation 19 [1/1] (0.00ns)   --->   "%height_read = read i16 @_ssdm_op_Read.ap_auto.i16, i16 %height"   --->   Operation 19 'read' 'height_read' <Predicate = true> <Delay = 0.00>
ST_1 : Operation 20 [1/1] (0.00ns)   --->   "%bound_read = read i32 @_ssdm_op_Read.ap_auto.i32, i32 %bound"   --->   Operation 20 'read' 'bound_read' <Predicate = true> <Delay = 0.00>
ST_1 : Operation 21 [1/1] (1.32ns)   --->   "%store_ln0 = store i32 0, i32 %indvar_flatten"   --->   Operation 21 'store' 'store_ln0' <Predicate = true> <Delay = 1.32>
ST_1 : Operation 22 [1/1] (1.32ns)   --->   "%store_ln65 = store i16 0, i16 %x" [../yuv_filter.c:65->../yuv_filter.c:51]   --->   Operation 22 'store' 'store_ln65' <Predicate = true> <Delay = 1.32>
ST_1 : Operation 23 [1/1] (1.32ns)   --->   "%store_ln65 = store i16 0, i16 %y" [../yuv_filter.c:65->../yuv_filter.c:51]   --->   Operation 23 'store' 'store_ln65' <Predicate = true> <Delay = 1.32>
ST_1 : Operation 24 [1/1] (0.00ns)   --->   "%br_ln0 = br void %for.inc.i"   --->   Operation 24 'br' 'br_ln0' <Predicate = true> <Delay = 0.00>
ST_1 : Operation 25 [1/1] (0.00ns)   --->   "%indvar_flatten_load = load i32 %indvar_flatten" [../yuv_filter.c:80->../yuv_filter.c:51]   --->   Operation 25 'load' 'indvar_flatten_load' <Predicate = true> <Delay = 0.00>
ST_1 : Operation 26 [1/1] (0.00ns)   --->   "%specpipeline_ln82 = specpipeline void @_ssdm_op_SpecPipeline, i32 1, i32 0, i32 0, i32 0, i32 4294967295, void @empty_1" [../yuv_filter.c:82->../yuv_filter.c:51]   --->   Operation 26 'specpipeline' 'specpipeline_ln82' <Predicate = true> <Delay = 0.00>
ST_1 : Operation 27 [1/1] (2.18ns)   --->   "%icmp_ln80 = icmp_eq  i32 %indvar_flatten_load, i32 %bound_read" [../yuv_filter.c:80->../yuv_filter.c:51]   --->   Operation 27 'icmp' 'icmp_ln80' <Predicate = true> <Delay = 2.18> <CoreInst = "Cmp">   --->   Core 9 'Cmp' <Latency = 0> <II = 1> <Delay = 2.18> <FuncUnit> <Opcode : 'seteq' 'setne' 'setle' 'setge' 'setlt' 'setgt'> <InPorts = 2> <OutPorts = 1>
ST_1 : Operation 28 [1/1] (0.00ns)   --->   "%br_ln80 = br i1 %icmp_ln80, void %for.inc83.i, void %entry.aft.aft.exitStub.exitStub" [../yuv_filter.c:80->../yuv_filter.c:51]   --->   Operation 28 'br' 'br_ln80' <Predicate = true> <Delay = 0.00>
ST_1 : Operation 29 [1/1] (2.18ns)   --->   "%add_ln80_1 = add i32 %indvar_flatten_load, i32 1" [../yuv_filter.c:80->../yuv_filter.c:51]   --->   Operation 29 'add' 'add_ln80_1' <Predicate = (!icmp_ln80)> <Delay = 2.18> <CoreInst = "Adder">   --->   Core 1 'Adder' <Latency = 0> <II = 1> <Delay = 2.18> <FuncUnit> <Opcode : 'add' 'sub'> <InPorts = 2> <OutPorts = 1>
ST_1 : Operation 30 [1/1] (1.32ns)   --->   "%store_ln80 = store i32 %add_ln80_1, i32 %indvar_flatten" [../yuv_filter.c:80->../yuv_filter.c:51]   --->   Operation 30 'store' 'store_ln80' <Predicate = (!icmp_ln80)> <Delay = 1.32>

State 2 <SV = 1> <Delay = 6.37>
ST_2 : Operation 31 [1/1] (0.00ns)   --->   "%y_load = load i16 %y" [../yuv_filter.c:84->../yuv_filter.c:51]   --->   Operation 31 'load' 'y_load' <Predicate = true> <Delay = 0.00>
ST_2 : Operation 32 [1/1] (0.00ns)   --->   "%x_load = load i16 %x" [../yuv_filter.c:80->../yuv_filter.c:51]   --->   Operation 32 'load' 'x_load' <Predicate = true> <Delay = 0.00>
ST_2 : Operation 33 [1/1] (1.84ns)   --->   "%add_ln80 = add i16 %x_load, i16 1" [../yuv_filter.c:80->../yuv_filter.c:51]   --->   Operation 33 'add' 'add_ln80' <Predicate = true> <Delay = 1.84> <CoreInst = "Adder">   --->   Core 1 'Adder' <Latency = 0> <II = 1> <Delay = 1.84> <FuncUnit> <Opcode : 'add' 'sub'> <InPorts = 2> <OutPorts = 1>
ST_2 : Operation 34 [1/1] (1.84ns)   --->   "%icmp_ln84 = icmp_eq  i16 %y_load, i16 %height_read" [../yuv_filter.c:84->../yuv_filter.c:51]   --->   Operation 34 'icmp' 'icmp_ln84' <Predicate = true> <Delay = 1.84> <CoreInst = "Cmp">   --->   Core 9 'Cmp' <Latency = 0> <II = 1> <Delay = 1.84> <FuncUnit> <Opcode : 'seteq' 'setne' 'setle' 'setge' 'setlt' 'setgt'> <InPorts = 2> <OutPorts = 1>
ST_2 : Operation 35 [1/1] (1.06ns)   --->   "%select_ln82 = select i1 %icmp_ln84, i16 0, i16 %y_load" [../yuv_filter.c:82->../yuv_filter.c:51]   --->   Operation 35 'select' 'select_ln82' <Predicate = true> <Delay = 1.06> <CoreInst = "Sel">   --->   Core 73 'Sel' <Latency = 0> <II = 1> <Delay = 1.06> <FuncUnit> <Opcode : 'select'> <InPorts = 3> <OutPorts = 1>
ST_2 : Operation 36 [1/1] (1.06ns)   --->   "%select_ln80 = select i1 %icmp_ln84, i16 %add_ln80, i16 %x_load" [../yuv_filter.c:80->../yuv_filter.c:51]   --->   Operation 36 'select' 'select_ln80' <Predicate = true> <Delay = 1.06> <CoreInst = "Sel">   --->   Core 73 'Sel' <Latency = 0> <II = 1> <Delay = 1.06> <FuncUnit> <Opcode : 'select'> <InPorts = 3> <OutPorts = 1>
ST_2 : Operation 37 [1/1] (0.00ns)   --->   "%trunc_ln87 = trunc i16 %select_ln80" [../yuv_filter.c:87->../yuv_filter.c:51]   --->   Operation 37 'trunc' 'trunc_ln87' <Predicate = true> <Delay = 0.00>
ST_2 : Operation 38 [1/1] (0.00ns)   --->   "%p_shl3 = bitconcatenate i22 @_ssdm_op_BitConcatenate.i22.i12.i10, i12 %trunc_ln87, i10 0" [../yuv_filter.c:84->../yuv_filter.c:51]   --->   Operation 38 'bitconcatenate' 'p_shl3' <Predicate = true> <Delay = 0.00>
ST_2 : Operation 39 [1/1] (0.00ns)   --->   "%trunc_ln87_1 = trunc i16 %select_ln80" [../yuv_filter.c:87->../yuv_filter.c:51]   --->   Operation 39 'trunc' 'trunc_ln87_1' <Predicate = true> <Delay = 0.00>
ST_2 : Operation 40 [1/1] (0.00ns)   --->   "%p_shl4 = bitconcatenate i22 @_ssdm_op_BitConcatenate.i22.i14.i8, i14 %trunc_ln87_1, i8 0" [../yuv_filter.c:84->../yuv_filter.c:51]   --->   Operation 40 'bitconcatenate' 'p_shl4' <Predicate = true> <Delay = 0.00>
ST_2 : Operation 41 [1/1] (0.00ns) (grouped into TernaryAdder)   --->   "%add_ln84_1 = add i22 %p_shl3, i22 %p_shl4" [../yuv_filter.c:84->../yuv_filter.c:51]   --->   Operation 41 'add' 'add_ln84_1' <Predicate = true> <Delay = 0.00> <CoreInst = "TAddSub">   --->   Core 10 'TAddSub' <Latency = 0> <II = 1> <Delay = 1.62> <IPBlock> <Opcode : 'add' 'sub'> <InPorts = 3> <OutPorts = 1> <Sync> <CReg>
ST_2 : Operation 42 [1/1] (0.00ns)   --->   "%zext_ln87 = zext i16 %select_ln82" [../yuv_filter.c:87->../yuv_filter.c:51]   --->   Operation 42 'zext' 'zext_ln87' <Predicate = true> <Delay = 0.00>
ST_2 : Operation 43 [1/1] (3.46ns) (root node of TernaryAdder)   --->   "%add_ln87 = add i22 %add_ln84_1, i22 %zext_ln87" [../yuv_filter.c:87->../yuv_filter.c:51]   --->   Operation 43 'add' 'add_ln87' <Predicate = true> <Delay = 3.46> <CoreInst = "TAddSub">   --->   Core 10 'TAddSub' <Latency = 0> <II = 1> <Delay = 1.62> <IPBlock> <Opcode : 'add' 'sub'> <InPorts = 3> <OutPorts = 1> <Sync> <CReg>
ST_2 : Operation 44 [1/1] (0.00ns)   --->   "%zext_ln87_1 = zext i22 %add_ln87" [../yuv_filter.c:87->../yuv_filter.c:51]   --->   Operation 44 'zext' 'zext_ln87_1' <Predicate = true> <Delay = 0.00>
ST_2 : Operation 45 [1/1] (0.00ns)   --->   "%in_channels_ch1_addr = getelementptr i8 %in_channels_ch1, i64 0, i64 %zext_ln87_1" [../yuv_filter.c:87->../yuv_filter.c:51]   --->   Operation 45 'getelementptr' 'in_channels_ch1_addr' <Predicate = true> <Delay = 0.00>
ST_2 : Operation 46 [1/1] (0.00ns)   --->   "%in_channels_ch3_addr = getelementptr i8 %in_channels_ch3, i64 0, i64 %zext_ln87_1" [../yuv_filter.c:89->../yuv_filter.c:51]   --->   Operation 46 'getelementptr' 'in_channels_ch3_addr' <Predicate = true> <Delay = 0.00>
ST_2 : Operation 47 [2/2] (0.00ns)   --->   "%R = load i22 %in_channels_ch1_addr" [../yuv_filter.c:87->../yuv_filter.c:51]   --->   Operation 47 'load' 'R' <Predicate = true> <Delay = 0.00> <CoreInst = "RAM">   --->   Core 81 'RAM' <Latency = 1> <II = 1> <Delay = 2.77> <Storage> <Opcode : 'load' 'store'> <Ports = 2> <Width = 8> <Depth = 2457600> <RAM>
ST_2 : Operation 48 [2/2] (0.00ns)   --->   "%B = load i22 %in_channels_ch3_addr" [../yuv_filter.c:89->../yuv_filter.c:51]   --->   Operation 48 'load' 'B' <Predicate = true> <Delay = 0.00> <CoreInst = "RAM">   --->   Core 81 'RAM' <Latency = 1> <II = 1> <Delay = 2.77> <Storage> <Opcode : 'load' 'store'> <Ports = 2> <Width = 8> <Depth = 2457600> <RAM>
ST_2 : Operation 49 [1/1] (1.84ns)   --->   "%add_ln84 = add i16 %select_ln82, i16 1" [../yuv_filter.c:84->../yuv_filter.c:51]   --->   Operation 49 'add' 'add_ln84' <Predicate = true> <Delay = 1.84> <CoreInst = "Adder">   --->   Core 1 'Adder' <Latency = 0> <II = 1> <Delay = 1.84> <FuncUnit> <Opcode : 'add' 'sub'> <InPorts = 2> <OutPorts = 1>
ST_2 : Operation 50 [1/1] (1.32ns)   --->   "%store_ln65 = store i16 %select_ln80, i16 %x" [../yuv_filter.c:65->../yuv_filter.c:51]   --->   Operation 50 'store' 'store_ln65' <Predicate = true> <Delay = 1.32>
ST_2 : Operation 51 [1/1] (1.32ns)   --->   "%store_ln65 = store i16 %add_ln84, i16 %y" [../yuv_filter.c:65->../yuv_filter.c:51]   --->   Operation 51 'store' 'store_ln65' <Predicate = true> <Delay = 1.32>

State 3 <SV = 2> <Delay = 1.38>
ST_3 : Operation 52 [1/1] (0.00ns)   --->   "%in_channels_ch2_addr = getelementptr i8 %in_channels_ch2, i64 0, i64 %zext_ln87_1" [../yuv_filter.c:88->../yuv_filter.c:51]   --->   Operation 52 'getelementptr' 'in_channels_ch2_addr' <Predicate = true> <Delay = 0.00>
ST_3 : Operation 53 [1/2] ( I:0.00ns O:0.00ns )   --->   "%R = load i22 %in_channels_ch1_addr" [../yuv_filter.c:87->../yuv_filter.c:51]   --->   Operation 53 'load' 'R' <Predicate = true> <Delay = 0.00> <CoreInst = "RAM">   --->   Core 81 'RAM' <Latency = 1> <II = 1> <Delay = 2.77> <Storage> <Opcode : 'load' 'store'> <Ports = 2> <Width = 8> <Depth = 2457600> <RAM>
ST_3 : Operation 54 [2/2] (0.00ns)   --->   "%G = load i22 %in_channels_ch2_addr" [../yuv_filter.c:88->../yuv_filter.c:51]   --->   Operation 54 'load' 'G' <Predicate = true> <Delay = 0.00> <CoreInst = "RAM">   --->   Core 81 'RAM' <Latency = 1> <II = 1> <Delay = 2.77> <Storage> <Opcode : 'load' 'store'> <Ports = 2> <Width = 8> <Depth = 2457600> <RAM>
ST_3 : Operation 55 [1/2] ( I:0.00ns O:0.00ns )   --->   "%B = load i22 %in_channels_ch3_addr" [../yuv_filter.c:89->../yuv_filter.c:51]   --->   Operation 55 'load' 'B' <Predicate = true> <Delay = 0.00> <CoreInst = "RAM">   --->   Core 81 'RAM' <Latency = 1> <II = 1> <Delay = 2.77> <Storage> <Opcode : 'load' 'store'> <Ports = 2> <Width = 8> <Depth = 2457600> <RAM>
ST_3 : Operation 56 [1/1] (0.00ns)   --->   "%zext_ln90 = zext i8 %R" [../yuv_filter.c:90->../yuv_filter.c:51]   --->   Operation 56 'zext' 'zext_ln90' <Predicate = true> <Delay = 0.00>
ST_3 : Operation 57 [1/1] (0.00ns)   --->   "%zext_ln90_2 = zext i8 %B" [../yuv_filter.c:90->../yuv_filter.c:51]   --->   Operation 57 'zext' 'zext_ln90_2' <Predicate = true> <Delay = 0.00>
ST_3 : Operation 58 [3/3] (1.38ns) (grouped into DSP with root node add_ln90_1)   --->   "%mul_ln90 = mul i13 %zext_ln90_2, i13 25" [../yuv_filter.c:90->../yuv_filter.c:51]   --->   Operation 58 'mul' 'mul_ln90' <Predicate = true> <Delay = 1.38> <CoreInst = "DSP48">   --->   Core 116 'DSP48' <Latency = 3> <II = 1> <Delay = 1.82> <IPBlock> <Opcode : 'add' 'sub' 'mul' 'select'> <InPorts = 0> <OutPorts = 1> <Sync> <CReg>
ST_3 : Operation 59 [3/3] (1.38ns) (grouped into DSP with root node add_ln91)   --->   "%mul_ln91 = mul i15 %zext_ln90, i15 32730" [../yuv_filter.c:91->../yuv_filter.c:51]   --->   Operation 59 'mul' 'mul_ln91' <Predicate = true> <Delay = 1.38> <CoreInst = "DSP48">   --->   Core 116 'DSP48' <Latency = 3> <II = 1> <Delay = 1.82> <IPBlock> <Opcode : 'add' 'sub' 'mul' 'select'> <InPorts = 0> <OutPorts = 1> <Sync> <CReg>
ST_3 : Operation 60 [3/3] (1.38ns) (grouped into DSP with root node add_ln92)   --->   "%mul_ln92 = mul i15 %zext_ln90, i15 122" [../yuv_filter.c:92->../yuv_filter.c:51]   --->   Operation 60 'mul' 'mul_ln92' <Predicate = true> <Delay = 1.38> <CoreInst = "DSP48">   --->   Core 116 'DSP48' <Latency = 3> <II = 1> <Delay = 1.82> <IPBlock> <Opcode : 'add' 'sub' 'mul' 'select'> <InPorts = 0> <OutPorts = 1> <Sync> <CReg>

State 4 <SV = 3> <Delay = 1.38>
ST_4 : Operation 61 [1/2] ( I:0.00ns O:0.00ns )   --->   "%G = load i22 %in_channels_ch2_addr" [../yuv_filter.c:88->../yuv_filter.c:51]   --->   Operation 61 'load' 'G' <Predicate = true> <Delay = 0.00> <CoreInst = "RAM">   --->   Core 81 'RAM' <Latency = 1> <II = 1> <Delay = 2.77> <Storage> <Opcode : 'load' 'store'> <Ports = 2> <Width = 8> <Depth = 2457600> <RAM>
ST_4 : Operation 62 [1/1] (0.00ns)   --->   "%zext_ln90_1 = zext i8 %G" [../yuv_filter.c:90->../yuv_filter.c:51]   --->   Operation 62 'zext' 'zext_ln90_1' <Predicate = true> <Delay = 0.00>
ST_4 : Operation 63 [2/3] (1.38ns) (grouped into DSP with root node add_ln90_1)   --->   "%mul_ln90 = mul i13 %zext_ln90_2, i13 25" [../yuv_filter.c:90->../yuv_filter.c:51]   --->   Operation 63 'mul' 'mul_ln90' <Predicate = true> <Delay = 1.38> <CoreInst = "DSP48">   --->   Core 116 'DSP48' <Latency = 3> <II = 1> <Delay = 1.82> <IPBlock> <Opcode : 'add' 'sub' 'mul' 'select'> <InPorts = 0> <OutPorts = 1> <Sync> <CReg>
ST_4 : Operation 64 [2/3] (1.38ns) (grouped into DSP with root node add_ln91)   --->   "%mul_ln91 = mul i15 %zext_ln90, i15 32730" [../yuv_filter.c:91->../yuv_filter.c:51]   --->   Operation 64 'mul' 'mul_ln91' <Predicate = true> <Delay = 1.38> <CoreInst = "DSP48">   --->   Core 116 'DSP48' <Latency = 3> <II = 1> <Delay = 1.82> <IPBlock> <Opcode : 'add' 'sub' 'mul' 'select'> <InPorts = 0> <OutPorts = 1> <Sync> <CReg>
ST_4 : Operation 65 [3/3] (1.38ns) (grouped into DSP with root node add_ln91_2)   --->   "%mul_ln91_1 = mul i16 %zext_ln90_1, i16 65462" [../yuv_filter.c:91->../yuv_filter.c:51]   --->   Operation 65 'mul' 'mul_ln91_1' <Predicate = true> <Delay = 1.38> <CoreInst = "DSP48">   --->   Core 116 'DSP48' <Latency = 3> <II = 1> <Delay = 1.82> <IPBlock> <Opcode : 'add' 'sub' 'mul' 'select'> <InPorts = 0> <OutPorts = 1> <Sync> <CReg>
ST_4 : Operation 66 [2/3] (1.38ns) (grouped into DSP with root node add_ln92)   --->   "%mul_ln92 = mul i15 %zext_ln90, i15 122" [../yuv_filter.c:92->../yuv_filter.c:51]   --->   Operation 66 'mul' 'mul_ln92' <Predicate = true> <Delay = 1.38> <CoreInst = "DSP48">   --->   Core 116 'DSP48' <Latency = 3> <II = 1> <Delay = 1.82> <IPBlock> <Opcode : 'add' 'sub' 'mul' 'select'> <InPorts = 0> <OutPorts = 1> <Sync> <CReg>
ST_4 : Operation 67 [3/3] (1.38ns) (grouped into DSP with root node add_ln92_2)   --->   "%mul_ln92_1 = mul i16 %zext_ln90_1, i16 65442" [../yuv_filter.c:92->../yuv_filter.c:51]   --->   Operation 67 'mul' 'mul_ln92_1' <Predicate = true> <Delay = 1.38> <CoreInst = "DSP48">   --->   Core 116 'DSP48' <Latency = 3> <II = 1> <Delay = 1.82> <IPBlock> <Opcode : 'add' 'sub' 'mul' 'select'> <InPorts = 0> <OutPorts = 1> <Sync> <CReg>

State 5 <SV = 4> <Delay = 5.04>
ST_5 : Operation 68 [1/3] (0.00ns) (grouped into DSP with root node add_ln90_1)   --->   "%mul_ln90 = mul i13 %zext_ln90_2, i13 25" [../yuv_filter.c:90->../yuv_filter.c:51]   --->   Operation 68 'mul' 'mul_ln90' <Predicate = true> <Delay = 0.00> <CoreInst = "DSP48">   --->   Core 116 'DSP48' <Latency = 3> <II = 1> <Delay = 1.82> <IPBlock> <Opcode : 'add' 'sub' 'mul' 'select'> <InPorts = 0> <OutPorts = 1> <Sync> <CReg>
ST_5 : Operation 69 [1/1] (0.00ns) (grouped into DSP with root node add_ln90_1)   --->   "%zext_ln90_3 = zext i13 %mul_ln90" [../yuv_filter.c:90->../yuv_filter.c:51]   --->   Operation 69 'zext' 'zext_ln90_3' <Predicate = true> <Delay = 0.00>
ST_5 : Operation 70 [1/1] (0.00ns)   --->   "%tmp = bitconcatenate i14 @_ssdm_op_BitConcatenate.i14.i8.i6, i8 %R, i6 0" [../yuv_filter.c:90->../yuv_filter.c:51]   --->   Operation 70 'bitconcatenate' 'tmp' <Predicate = true> <Delay = 0.00>
ST_5 : Operation 71 [1/1] (0.00ns)   --->   "%zext_ln90_4 = zext i14 %tmp" [../yuv_filter.c:90->../yuv_filter.c:51]   --->   Operation 71 'zext' 'zext_ln90_4' <Predicate = true> <Delay = 0.00>
ST_5 : Operation 72 [1/1] (0.00ns)   --->   "%tmp_8 = bitconcatenate i9 @_ssdm_op_BitConcatenate.i9.i8.i1, i8 %R, i1 0" [../yuv_filter.c:90->../yuv_filter.c:51]   --->   Operation 72 'bitconcatenate' 'tmp_8' <Predicate = true> <Delay = 0.00>
ST_5 : Operation 73 [1/1] (0.00ns)   --->   "%zext_ln90_5 = zext i9 %tmp_8" [../yuv_filter.c:90->../yuv_filter.c:51]   --->   Operation 73 'zext' 'zext_ln90_5' <Predicate = true> <Delay = 0.00>
ST_5 : Operation 74 [1/1] (0.00ns) (grouped into TernaryAdder)   --->   "%add_ln90_3 = add i15 %zext_ln90_4, i15 %zext_ln90_5" [../yuv_filter.c:90->../yuv_filter.c:51]   --->   Operation 74 'add' 'add_ln90_3' <Predicate = true> <Delay = 0.00> <CoreInst = "TAddSub">   --->   Core 10 'TAddSub' <Latency = 0> <II = 1> <Delay = 1.62> <IPBlock> <Opcode : 'add' 'sub'> <InPorts = 3> <OutPorts = 1> <Sync> <CReg>
ST_5 : Operation 75 [1/1] (3.28ns) (root node of TernaryAdder)   --->   "%add_ln90 = add i15 %add_ln90_3, i15 128" [../yuv_filter.c:90->../yuv_filter.c:51]   --->   Operation 75 'add' 'add_ln90' <Predicate = true> <Delay = 3.28> <CoreInst = "TAddSub">   --->   Core 10 'TAddSub' <Latency = 0> <II = 1> <Delay = 1.62> <IPBlock> <Opcode : 'add' 'sub'> <InPorts = 3> <OutPorts = 1> <Sync> <CReg>
ST_5 : Operation 76 [2/2] (1.76ns) (root node of the DSP)   --->   "%add_ln90_1 = add i15 %add_ln90, i15 %zext_ln90_3" [../yuv_filter.c:90->../yuv_filter.c:51]   --->   Operation 76 'add' 'add_ln90_1' <Predicate = true> <Delay = 1.76> <CoreInst = "DSP48">   --->   Core 116 'DSP48' <Latency = 3> <II = 1> <Delay = 1.82> <IPBlock> <Opcode : 'add' 'sub' 'mul' 'select'> <InPorts = 0> <OutPorts = 1> <Sync> <CReg>
ST_5 : Operation 77 [1/3] (0.00ns) (grouped into DSP with root node add_ln91)   --->   "%mul_ln91 = mul i15 %zext_ln90, i15 32730" [../yuv_filter.c:91->../yuv_filter.c:51]   --->   Operation 77 'mul' 'mul_ln91' <Predicate = true> <Delay = 0.00> <CoreInst = "DSP48">   --->   Core 116 'DSP48' <Latency = 3> <II = 1> <Delay = 1.82> <IPBlock> <Opcode : 'add' 'sub' 'mul' 'select'> <InPorts = 0> <OutPorts = 1> <Sync> <CReg>
ST_5 : Operation 78 [2/3] (1.38ns) (grouped into DSP with root node add_ln91_2)   --->   "%mul_ln91_1 = mul i16 %zext_ln90_1, i16 65462" [../yuv_filter.c:91->../yuv_filter.c:51]   --->   Operation 78 'mul' 'mul_ln91_1' <Predicate = true> <Delay = 1.38> <CoreInst = "DSP48">   --->   Core 116 'DSP48' <Latency = 3> <II = 1> <Delay = 1.82> <IPBlock> <Opcode : 'add' 'sub' 'mul' 'select'> <InPorts = 0> <OutPorts = 1> <Sync> <CReg>
ST_5 : Operation 79 [2/2] (1.76ns) (root node of the DSP)   --->   "%add_ln91 = add i15 %mul_ln91, i15 128" [../yuv_filter.c:91->../yuv_filter.c:51]   --->   Operation 79 'add' 'add_ln91' <Predicate = true> <Delay = 1.76> <CoreInst = "DSP48">   --->   Core 116 'DSP48' <Latency = 3> <II = 1> <Delay = 1.82> <IPBlock> <Opcode : 'add' 'sub' 'mul' 'select'> <InPorts = 0> <OutPorts = 1> <Sync> <CReg>
ST_5 : Operation 80 [1/3] (0.00ns) (grouped into DSP with root node add_ln92)   --->   "%mul_ln92 = mul i15 %zext_ln90, i15 122" [../yuv_filter.c:92->../yuv_filter.c:51]   --->   Operation 80 'mul' 'mul_ln92' <Predicate = true> <Delay = 0.00> <CoreInst = "DSP48">   --->   Core 116 'DSP48' <Latency = 3> <II = 1> <Delay = 1.82> <IPBlock> <Opcode : 'add' 'sub' 'mul' 'select'> <InPorts = 0> <OutPorts = 1> <Sync> <CReg>
ST_5 : Operation 81 [2/3] (1.38ns) (grouped into DSP with root node add_ln92_2)   --->   "%mul_ln92_1 = mul i16 %zext_ln90_1, i16 65442" [../yuv_filter.c:92->../yuv_filter.c:51]   --->   Operation 81 'mul' 'mul_ln92_1' <Predicate = true> <Delay = 1.38> <CoreInst = "DSP48">   --->   Core 116 'DSP48' <Latency = 3> <II = 1> <Delay = 1.82> <IPBlock> <Opcode : 'add' 'sub' 'mul' 'select'> <InPorts = 0> <OutPorts = 1> <Sync> <CReg>
ST_5 : Operation 82 [2/2] (1.76ns) (root node of the DSP)   --->   "%add_ln92 = add i15 %mul_ln92, i15 128" [../yuv_filter.c:92->../yuv_filter.c:51]   --->   Operation 82 'add' 'add_ln92' <Predicate = true> <Delay = 1.76> <CoreInst = "DSP48">   --->   Core 116 'DSP48' <Latency = 3> <II = 1> <Delay = 1.82> <IPBlock> <Opcode : 'add' 'sub' 'mul' 'select'> <InPorts = 0> <OutPorts = 1> <Sync> <CReg>

State 6 <SV = 5> <Delay = 6.79>
ST_6 : Operation 83 [1/1] (0.00ns)   --->   "%tmp_9 = bitconcatenate i15 @_ssdm_op_BitConcatenate.i15.i8.i7, i8 %G, i7 0" [../yuv_filter.c:90->../yuv_filter.c:51]   --->   Operation 83 'bitconcatenate' 'tmp_9' <Predicate = true> <Delay = 0.00>
ST_6 : Operation 84 [1/1] (0.00ns)   --->   "%zext_ln90_7 = zext i15 %tmp_9" [../yuv_filter.c:90->../yuv_filter.c:51]   --->   Operation 84 'zext' 'zext_ln90_7' <Predicate = true> <Delay = 0.00>
ST_6 : Operation 85 [1/1] (0.00ns) (grouped into TernaryAdder)   --->   "%add_ln90_4 = add i16 %zext_ln90_7, i16 %zext_ln90_1" [../yuv_filter.c:90->../yuv_filter.c:51]   --->   Operation 85 'add' 'add_ln90_4' <Predicate = true> <Delay = 0.00> <CoreInst = "TAddSub">   --->   Core 10 'TAddSub' <Latency = 0> <II = 1> <Delay = 1.62> <IPBlock> <Opcode : 'add' 'sub'> <InPorts = 3> <OutPorts = 1> <Sync> <CReg>
ST_6 : Operation 86 [1/2] (1.76ns) (root node of the DSP)   --->   "%add_ln90_1 = add i15 %add_ln90, i15 %zext_ln90_3" [../yuv_filter.c:90->../yuv_filter.c:51]   --->   Operation 86 'add' 'add_ln90_1' <Predicate = true> <Delay = 1.76> <CoreInst = "DSP48">   --->   Core 116 'DSP48' <Latency = 3> <II = 1> <Delay = 1.82> <IPBlock> <Opcode : 'add' 'sub' 'mul' 'select'> <InPorts = 0> <OutPorts = 1> <Sync> <CReg>
ST_6 : Operation 87 [1/1] (0.00ns)   --->   "%zext_ln90_6 = zext i15 %add_ln90_1" [../yuv_filter.c:90->../yuv_filter.c:51]   --->   Operation 87 'zext' 'zext_ln90_6' <Predicate = true> <Delay = 0.00>
ST_6 : Operation 88 [1/1] (3.31ns) (root node of TernaryAdder)   --->   "%add_ln90_2 = add i16 %zext_ln90_6, i16 %add_ln90_4" [../yuv_filter.c:90->../yuv_filter.c:51]   --->   Operation 88 'add' 'add_ln90_2' <Predicate = true> <Delay = 3.31> <CoreInst = "TAddSub">   --->   Core 10 'TAddSub' <Latency = 0> <II = 1> <Delay = 1.62> <IPBlock> <Opcode : 'add' 'sub'> <InPorts = 3> <OutPorts = 1> <Sync> <CReg>
ST_6 : Operation 89 [1/1] (0.00ns)   --->   "%trunc_ln = partselect i8 @_ssdm_op_PartSelect.i8.i16.i32.i32, i16 %add_ln90_2, i32 8, i32 15" [../yuv_filter.c:90->../yuv_filter.c:51]   --->   Operation 89 'partselect' 'trunc_ln' <Predicate = true> <Delay = 0.00>
ST_6 : Operation 90 [1/1] (0.00ns)   --->   "%p_shl8 = bitconcatenate i15 @_ssdm_op_BitConcatenate.i15.i8.i7, i8 %B, i7 0" [../yuv_filter.c:91->../yuv_filter.c:51]   --->   Operation 90 'bitconcatenate' 'p_shl8' <Predicate = true> <Delay = 0.00>
ST_6 : Operation 91 [1/1] (0.00ns)   --->   "%tmp_10 = bitconcatenate i12 @_ssdm_op_BitConcatenate.i12.i8.i4, i8 %B, i4 0" [../yuv_filter.c:91->../yuv_filter.c:51]   --->   Operation 91 'bitconcatenate' 'tmp_10' <Predicate = true> <Delay = 0.00>
ST_6 : Operation 92 [1/1] (0.00ns)   --->   "%zext_ln91_1 = zext i12 %tmp_10" [../yuv_filter.c:91->../yuv_filter.c:51]   --->   Operation 92 'zext' 'zext_ln91_1' <Predicate = true> <Delay = 0.00>
ST_6 : Operation 93 [1/1] (1.82ns)   --->   "%sub_ln91 = sub i15 %p_shl8, i15 %zext_ln91_1" [../yuv_filter.c:91->../yuv_filter.c:51]   --->   Operation 93 'sub' 'sub_ln91' <Predicate = true> <Delay = 1.82> <CoreInst = "Adder">   --->   Core 1 'Adder' <Latency = 0> <II = 1> <Delay = 1.82> <FuncUnit> <Opcode : 'add' 'sub'> <InPorts = 2> <OutPorts = 1>
ST_6 : Operation 94 [1/1] (0.00ns)   --->   "%zext_ln91 = zext i15 %sub_ln91" [../yuv_filter.c:91->../yuv_filter.c:51]   --->   Operation 94 'zext' 'zext_ln91' <Predicate = true> <Delay = 0.00>
ST_6 : Operation 95 [1/3] (0.00ns) (grouped into DSP with root node add_ln91_2)   --->   "%mul_ln91_1 = mul i16 %zext_ln90_1, i16 65462" [../yuv_filter.c:91->../yuv_filter.c:51]   --->   Operation 95 'mul' 'mul_ln91_1' <Predicate = true> <Delay = 0.00> <CoreInst = "DSP48">   --->   Core 116 'DSP48' <Latency = 3> <II = 1> <Delay = 1.82> <IPBlock> <Opcode : 'add' 'sub' 'mul' 'select'> <InPorts = 0> <OutPorts = 1> <Sync> <CReg>
ST_6 : Operation 96 [1/2] (1.76ns) (root node of the DSP)   --->   "%add_ln91 = add i15 %mul_ln91, i15 128" [../yuv_filter.c:91->../yuv_filter.c:51]   --->   Operation 96 'add' 'add_ln91' <Predicate = true> <Delay = 1.76> <CoreInst = "DSP48">   --->   Core 116 'DSP48' <Latency = 3> <II = 1> <Delay = 1.82> <IPBlock> <Opcode : 'add' 'sub' 'mul' 'select'> <InPorts = 0> <OutPorts = 1> <Sync> <CReg>
ST_6 : Operation 97 [1/1] (0.00ns)   --->   "%sext_ln91 = sext i15 %add_ln91" [../yuv_filter.c:91->../yuv_filter.c:51]   --->   Operation 97 'sext' 'sext_ln91' <Predicate = true> <Delay = 0.00>
ST_6 : Operation 98 [1/1] (1.82ns)   --->   "%add_ln91_1 = add i16 %sext_ln91, i16 %zext_ln91" [../yuv_filter.c:91->../yuv_filter.c:51]   --->   Operation 98 'add' 'add_ln91_1' <Predicate = true> <Delay = 1.82> <CoreInst = "Adder">   --->   Core 1 'Adder' <Latency = 0> <II = 1> <Delay = 1.84> <FuncUnit> <Opcode : 'add' 'sub'> <InPorts = 2> <OutPorts = 1>
ST_6 : Operation 99 [2/2] (1.76ns) (root node of the DSP)   --->   "%add_ln91_2 = add i16 %add_ln91_1, i16 %mul_ln91_1" [../yuv_filter.c:91->../yuv_filter.c:51]   --->   Operation 99 'add' 'add_ln91_2' <Predicate = true> <Delay = 1.76> <CoreInst = "DSP48">   --->   Core 116 'DSP48' <Latency = 3> <II = 1> <Delay = 1.82> <IPBlock> <Opcode : 'add' 'sub' 'mul' 'select'> <InPorts = 0> <OutPorts = 1> <Sync> <CReg>
ST_6 : Operation 100 [1/1] (0.00ns)   --->   "%zext_ln92_1 = zext i12 %tmp_10" [../yuv_filter.c:92->../yuv_filter.c:51]   --->   Operation 100 'zext' 'zext_ln92_1' <Predicate = true> <Delay = 0.00>
ST_6 : Operation 101 [1/1] (0.00ns) (grouped into TernaryAdder)   --->   "%sub_ln92 = sub i14 0, i14 %zext_ln92_1" [../yuv_filter.c:92->../yuv_filter.c:51]   --->   Operation 101 'sub' 'sub_ln92' <Predicate = true> <Delay = 0.00> <CoreInst = "TAddSub">   --->   Core 10 'TAddSub' <Latency = 0> <II = 1> <Delay = 1.62> <IPBlock> <Opcode : 'add' 'sub'> <InPorts = 3> <OutPorts = 1> <Sync> <CReg>
ST_6 : Operation 102 [1/1] (0.00ns)   --->   "%tmp_11 = bitconcatenate i9 @_ssdm_op_BitConcatenate.i9.i8.i1, i8 %B, i1 0" [../yuv_filter.c:92->../yuv_filter.c:51]   --->   Operation 102 'bitconcatenate' 'tmp_11' <Predicate = true> <Delay = 0.00>
ST_6 : Operation 103 [1/1] (0.00ns)   --->   "%zext_ln92_2 = zext i9 %tmp_11" [../yuv_filter.c:92->../yuv_filter.c:51]   --->   Operation 103 'zext' 'zext_ln92_2' <Predicate = true> <Delay = 0.00>
ST_6 : Operation 104 [1/1] (3.20ns) (root node of TernaryAdder)   --->   "%sub_ln92_1 = sub i14 %sub_ln92, i14 %zext_ln92_2" [../yuv_filter.c:92->../yuv_filter.c:51]   --->   Operation 104 'sub' 'sub_ln92_1' <Predicate = true> <Delay = 3.20> <CoreInst = "TAddSub">   --->   Core 10 'TAddSub' <Latency = 0> <II = 1> <Delay = 1.62> <IPBlock> <Opcode : 'add' 'sub'> <InPorts = 3> <OutPorts = 1> <Sync> <CReg>
ST_6 : Operation 105 [1/1] (0.00ns)   --->   "%sext_ln92 = sext i14 %sub_ln92_1" [../yuv_filter.c:92->../yuv_filter.c:51]   --->   Operation 105 'sext' 'sext_ln92' <Predicate = true> <Delay = 0.00>
ST_6 : Operation 106 [1/3] (0.00ns) (grouped into DSP with root node add_ln92_2)   --->   "%mul_ln92_1 = mul i16 %zext_ln90_1, i16 65442" [../yuv_filter.c:92->../yuv_filter.c:51]   --->   Operation 106 'mul' 'mul_ln92_1' <Predicate = true> <Delay = 0.00> <CoreInst = "DSP48">   --->   Core 116 'DSP48' <Latency = 3> <II = 1> <Delay = 1.82> <IPBlock> <Opcode : 'add' 'sub' 'mul' 'select'> <InPorts = 0> <OutPorts = 1> <Sync> <CReg>
ST_6 : Operation 107 [1/2] (1.76ns) (root node of the DSP)   --->   "%add_ln92 = add i15 %mul_ln92, i15 128" [../yuv_filter.c:92->../yuv_filter.c:51]   --->   Operation 107 'add' 'add_ln92' <Predicate = true> <Delay = 1.76> <CoreInst = "DSP48">   --->   Core 116 'DSP48' <Latency = 3> <II = 1> <Delay = 1.82> <IPBlock> <Opcode : 'add' 'sub' 'mul' 'select'> <InPorts = 0> <OutPorts = 1> <Sync> <CReg>
ST_6 : Operation 108 [1/1] (0.00ns)   --->   "%zext_ln92 = zext i15 %add_ln92" [../yuv_filter.c:92->../yuv_filter.c:51]   --->   Operation 108 'zext' 'zext_ln92' <Predicate = true> <Delay = 0.00>
ST_6 : Operation 109 [1/1] (1.82ns)   --->   "%add_ln92_1 = add i16 %zext_ln92, i16 %sext_ln92" [../yuv_filter.c:92->../yuv_filter.c:51]   --->   Operation 109 'add' 'add_ln92_1' <Predicate = true> <Delay = 1.82> <CoreInst = "Adder">   --->   Core 1 'Adder' <Latency = 0> <II = 1> <Delay = 1.84> <FuncUnit> <Opcode : 'add' 'sub'> <InPorts = 2> <OutPorts = 1>
ST_6 : Operation 110 [2/2] (1.76ns) (root node of the DSP)   --->   "%add_ln92_2 = add i16 %add_ln92_1, i16 %mul_ln92_1" [../yuv_filter.c:92->../yuv_filter.c:51]   --->   Operation 110 'add' 'add_ln92_2' <Predicate = true> <Delay = 1.76> <CoreInst = "DSP48">   --->   Core 116 'DSP48' <Latency = 3> <II = 1> <Delay = 1.82> <IPBlock> <Opcode : 'add' 'sub' 'mul' 'select'> <InPorts = 0> <OutPorts = 1> <Sync> <CReg>
ST_6 : Operation 131 [1/1] (1.32ns)   --->   "%ret_ln0 = ret"   --->   Operation 131 'ret' 'ret_ln0' <Predicate = (icmp_ln80)> <Delay = 1.32>

State 7 <SV = 6> <Delay = 5.86>
ST_7 : Operation 111 [1/1] (0.00ns)   --->   "%specpipeline_ln82 = specpipeline void @_ssdm_op_SpecPipeline, i32 1, i32 0, i32 0, i32 0, i32 4294967295, void @empty_1" [../yuv_filter.c:82->../yuv_filter.c:51]   --->   Operation 111 'specpipeline' 'specpipeline_ln82' <Predicate = true> <Delay = 0.00>
ST_7 : Operation 112 [1/1] (0.00ns)   --->   "%specloopname_ln0 = specloopname void @_ssdm_op_SpecLoopName, void @RGB2YUV_LOOP_X_RGB2YUV_LOOP_Y_str"   --->   Operation 112 'specloopname' 'specloopname_ln0' <Predicate = true> <Delay = 0.00>
ST_7 : Operation 113 [1/1] (0.00ns)   --->   "%speclooptripcount_ln0 = speclooptripcount void @_ssdm_op_SpecLoopTripCount, i64 40000, i64 2457600, i64 784400"   --->   Operation 113 'speclooptripcount' 'speclooptripcount_ln0' <Predicate = true> <Delay = 0.00>
ST_7 : Operation 114 [1/1] (0.00ns)   --->   "%specpipeline_ln82 = specpipeline void @_ssdm_op_SpecPipeline, i32 1, i32 0, i32 0, i32 0, i32 4294967295, void @empty_1" [../yuv_filter.c:82->../yuv_filter.c:51]   --->   Operation 114 'specpipeline' 'specpipeline_ln82' <Predicate = true> <Delay = 0.00>
ST_7 : Operation 115 [1/1] (0.00ns)   --->   "%specpipeline_ln85 = specpipeline void @_ssdm_op_SpecPipeline, i32 1, i32 0, i32 0, i32 0, i32 4294967295, void @empty_1" [../yuv_filter.c:85->../yuv_filter.c:51]   --->   Operation 115 'specpipeline' 'specpipeline_ln85' <Predicate = true> <Delay = 0.00>
ST_7 : Operation 116 [1/1] (1.71ns)   --->   "%Y = add i8 %trunc_ln, i8 16" [../yuv_filter.c:90->../yuv_filter.c:51]   --->   Operation 116 'add' 'Y' <Predicate = true> <Delay = 1.71> <CoreInst = "Adder">   --->   Core 1 'Adder' <Latency = 0> <II = 1> <Delay = 1.71> <FuncUnit> <Opcode : 'add' 'sub'> <InPorts = 2> <OutPorts = 1>
ST_7 : Operation 117 [1/2] (1.76ns) (root node of the DSP)   --->   "%add_ln91_2 = add i16 %add_ln91_1, i16 %mul_ln91_1" [../yuv_filter.c:91->../yuv_filter.c:51]   --->   Operation 117 'add' 'add_ln91_2' <Predicate = true> <Delay = 1.76> <CoreInst = "DSP48">   --->   Core 116 'DSP48' <Latency = 3> <II = 1> <Delay = 1.82> <IPBlock> <Opcode : 'add' 'sub' 'mul' 'select'> <InPorts = 0> <OutPorts = 1> <Sync> <CReg>
ST_7 : Operation 118 [1/1] (0.00ns)   --->   "%bit_sel1 = bitselect i1 @_ssdm_op_BitSelect.i1.i16.i32, i16 %add_ln91_2, i32 15" [../yuv_filter.c:91->../yuv_filter.c:51]   --->   Operation 118 'bitselect' 'bit_sel1' <Predicate = true> <Delay = 0.00>
ST_7 : Operation 119 [1/1] (0.80ns)   --->   "%xor_ln91 = xor i1 %bit_sel1, i1 1" [../yuv_filter.c:91->../yuv_filter.c:51]   --->   Operation 119 'xor' 'xor_ln91' <Predicate = true> <Delay = 0.80> <CoreInst = "LogicGate">   --->   Core 74 'LogicGate' <Latency = 0> <II = 1> <Delay = 0.80> <FuncUnit> <Opcode : 'and' 'or' 'xor'> <InPorts = 2> <OutPorts = 1>
ST_7 : Operation 120 [1/1] (0.00ns)   --->   "%part_sel3 = partselect i7 @_ssdm_op_PartSelect.i7.i16.i32.i32, i16 %add_ln91_2, i32 8, i32 14" [../yuv_filter.c:91->../yuv_filter.c:51]   --->   Operation 120 'partselect' 'part_sel3' <Predicate = true> <Delay = 0.00>
ST_7 : Operation 121 [1/1] (0.00ns)   --->   "%U = bitconcatenate i8 @_ssdm_op_BitConcatenate.i8.i1.i7, i1 %xor_ln91, i7 %part_sel3" [../yuv_filter.c:91->../yuv_filter.c:51]   --->   Operation 121 'bitconcatenate' 'U' <Predicate = true> <Delay = 0.00>
ST_7 : Operation 122 [1/2] (1.76ns) (root node of the DSP)   --->   "%add_ln92_2 = add i16 %add_ln92_1, i16 %mul_ln92_1" [../yuv_filter.c:92->../yuv_filter.c:51]   --->   Operation 122 'add' 'add_ln92_2' <Predicate = true> <Delay = 1.76> <CoreInst = "DSP48">   --->   Core 116 'DSP48' <Latency = 3> <II = 1> <Delay = 1.82> <IPBlock> <Opcode : 'add' 'sub' 'mul' 'select'> <InPorts = 0> <OutPorts = 1> <Sync> <CReg>
ST_7 : Operation 123 [1/1] (0.00ns)   --->   "%bit_sel = bitselect i1 @_ssdm_op_BitSelect.i1.i16.i32, i16 %add_ln92_2, i32 15" [../yuv_filter.c:92->../yuv_filter.c:51]   --->   Operation 123 'bitselect' 'bit_sel' <Predicate = true> <Delay = 0.00>
ST_7 : Operation 124 [1/1] (0.80ns)   --->   "%xor_ln92 = xor i1 %bit_sel, i1 1" [../yuv_filter.c:92->../yuv_filter.c:51]   --->   Operation 124 'xor' 'xor_ln92' <Predicate = true> <Delay = 0.80> <CoreInst = "LogicGate">   --->   Core 74 'LogicGate' <Latency = 0> <II = 1> <Delay = 0.80> <FuncUnit> <Opcode : 'and' 'or' 'xor'> <InPorts = 2> <OutPorts = 1>
ST_7 : Operation 125 [1/1] (0.00ns)   --->   "%part_sel = partselect i7 @_ssdm_op_PartSelect.i7.i16.i32.i32, i16 %add_ln92_2, i32 8, i32 14" [../yuv_filter.c:92->../yuv_filter.c:51]   --->   Operation 125 'partselect' 'part_sel' <Predicate = true> <Delay = 0.00>
ST_7 : Operation 126 [1/1] (0.00ns)   --->   "%V = bitconcatenate i8 @_ssdm_op_BitConcatenate.i8.i1.i7, i1 %xor_ln92, i7 %part_sel" [../yuv_filter.c:92->../yuv_filter.c:51]   --->   Operation 126 'bitconcatenate' 'V' <Predicate = true> <Delay = 0.00>
ST_7 : Operation 127 [1/1] ( I:3.30ns O:3.30ns )   --->   "%write_ln93 = write void @_ssdm_op_Write.ap_fifo.volatile.i8P0A, i8 %p_yuv_channels_ch1, i8 %Y" [../yuv_filter.c:93->../yuv_filter.c:51]   --->   Operation 127 'write' 'write_ln93' <Predicate = true> <Delay = 3.30> <CoreInst = "FIFO">   --->   Core 77 'FIFO' <Latency = 0> <II = 1> <Delay = 3.30> <Storage> <Opcode : 'read' 'write' 'nbread' 'nbwrite'> <Ports = 0> <Width = 8> <Depth = 2457600> <FIFO>
ST_7 : Operation 128 [1/1] ( I:3.30ns O:3.30ns )   --->   "%write_ln94 = write void @_ssdm_op_Write.ap_fifo.volatile.i8P0A, i8 %p_yuv_channels_ch2, i8 %U" [../yuv_filter.c:94->../yuv_filter.c:51]   --->   Operation 128 'write' 'write_ln94' <Predicate = true> <Delay = 3.30> <CoreInst = "FIFO">   --->   Core 77 'FIFO' <Latency = 0> <II = 1> <Delay = 3.30> <Storage> <Opcode : 'read' 'write' 'nbread' 'nbwrite'> <Ports = 0> <Width = 8> <Depth = 2457600> <FIFO>
ST_7 : Operation 129 [1/1] ( I:3.30ns O:3.30ns )   --->   "%write_ln95 = write void @_ssdm_op_Write.ap_fifo.volatile.i8P0A, i8 %p_yuv_channels_ch3, i8 %V" [../yuv_filter.c:95->../yuv_filter.c:51]   --->   Operation 129 'write' 'write_ln95' <Predicate = true> <Delay = 3.30> <CoreInst = "FIFO">   --->   Core 77 'FIFO' <Latency = 0> <II = 1> <Delay = 3.30> <Storage> <Opcode : 'read' 'write' 'nbread' 'nbwrite'> <Ports = 0> <Width = 8> <Depth = 2457600> <FIFO>
ST_7 : Operation 130 [1/1] (0.00ns)   --->   "%br_ln84 = br void %for.inc.i" [../yuv_filter.c:84->../yuv_filter.c:51]   --->   Operation 130 'br' 'br_ln84' <Predicate = true> <Delay = 0.00>


============================================================
+ Verbose Summary: Binding
============================================================
STG Binding: 
---------------- STG Properties BEGIN ----------------
- Is combinational: 0
- Is one-state seq: 0
- Is datapath-only: 0
- Is pipelined: 0
- Is top level: 0
Port [ Return ] is wired: 1; IO mode=ap_ctrl_hs:ce=0
Port [ bound]:  wired=1; compound=0; hidden=0; nouse=0; global=0; static=0; extern=0; dir=0; type=0; pingpong=0; private_global=0; IO mode=ap_none:ce=0
Port [ height]:  wired=1; compound=0; hidden=0; nouse=0; global=0; static=0; extern=0; dir=0; type=0; pingpong=0; private_global=0; IO mode=ap_none:ce=0
Port [ in_channels_ch1]:  wired=1; compound=1; hidden=0; nouse=0; global=0; static=0; extern=0; dir=0; type=1; pingpong=0; private_global=0; MemPort=[13]; IO mode=ap_memory:ce=0
Port [ in_channels_ch2]:  wired=1; compound=1; hidden=0; nouse=0; global=0; static=0; extern=0; dir=0; type=1; pingpong=0; private_global=0; MemPort=[13]; IO mode=ap_memory:ce=0
Port [ in_channels_ch3]:  wired=1; compound=1; hidden=0; nouse=0; global=0; static=0; extern=0; dir=0; type=1; pingpong=0; private_global=0; MemPort=[13]; IO mode=ap_memory:ce=0
Port [ p_yuv_channels_ch1]:  wired=1; compound=1; hidden=0; nouse=0; global=0; static=0; extern=0; dir=1; type=3; pingpong=0; private_global=0; IO mode=ap_fifo:ce=0
Port [ p_yuv_channels_ch2]:  wired=1; compound=1; hidden=0; nouse=0; global=0; static=0; extern=0; dir=1; type=3; pingpong=0; private_global=0; IO mode=ap_fifo:ce=0
Port [ p_yuv_channels_ch3]:  wired=1; compound=1; hidden=0; nouse=0; global=0; static=0; extern=0; dir=1; type=3; pingpong=0; private_global=0; IO mode=ap_fifo:ce=0
---------------- STG Properties END ------------------

---------------- Datapath Model BEGIN ----------------

<LifeTime>
<method=bitvector/>
y                     (alloca           ) [ 01100000]
x                     (alloca           ) [ 01100000]
indvar_flatten        (alloca           ) [ 01000000]
specinterface_ln0     (specinterface    ) [ 00000000]
specinterface_ln0     (specinterface    ) [ 00000000]
specinterface_ln0     (specinterface    ) [ 00000000]
specinterface_ln0     (specinterface    ) [ 00000000]
specinterface_ln0     (specinterface    ) [ 00000000]
specinterface_ln0     (specinterface    ) [ 00000000]
height_read           (read             ) [ 01100000]
bound_read            (read             ) [ 00000000]
store_ln0             (store            ) [ 00000000]
store_ln65            (store            ) [ 00000000]
store_ln65            (store            ) [ 00000000]
br_ln0                (br               ) [ 00000000]
indvar_flatten_load   (load             ) [ 00000000]
specpipeline_ln82     (specpipeline     ) [ 00000000]
icmp_ln80             (icmp             ) [ 01111110]
br_ln80               (br               ) [ 00000000]
add_ln80_1            (add              ) [ 00000000]
store_ln80            (store            ) [ 00000000]
y_load                (load             ) [ 00000000]
x_load                (load             ) [ 00000000]
add_ln80              (add              ) [ 00000000]
icmp_ln84             (icmp             ) [ 00000000]
select_ln82           (select           ) [ 00000000]
select_ln80           (select           ) [ 00000000]
trunc_ln87            (trunc            ) [ 00000000]
p_shl3                (bitconcatenate   ) [ 00000000]
trunc_ln87_1          (trunc            ) [ 00000000]
p_shl4                (bitconcatenate   ) [ 00000000]
add_ln84_1            (add              ) [ 00000000]
zext_ln87             (zext             ) [ 00000000]
add_ln87              (add              ) [ 00000000]
zext_ln87_1           (zext             ) [ 01010000]
in_channels_ch1_addr  (getelementptr    ) [ 01010000]
in_channels_ch3_addr  (getelementptr    ) [ 01010000]
add_ln84              (add              ) [ 00000000]
store_ln65            (store            ) [ 00000000]
store_ln65            (store            ) [ 00000000]
in_channels_ch2_addr  (getelementptr    ) [ 01001000]
R                     (load             ) [ 01001100]
B                     (load             ) [ 01001110]
zext_ln90             (zext             ) [ 01001100]
zext_ln90_2           (zext             ) [ 01001100]
G                     (load             ) [ 01000110]
zext_ln90_1           (zext             ) [ 01000110]
mul_ln90              (mul              ) [ 00000000]
zext_ln90_3           (zext             ) [ 01000010]
tmp                   (bitconcatenate   ) [ 00000000]
zext_ln90_4           (zext             ) [ 00000000]
tmp_8                 (bitconcatenate   ) [ 00000000]
zext_ln90_5           (zext             ) [ 00000000]
add_ln90_3            (add              ) [ 00000000]
add_ln90              (add              ) [ 01000010]
mul_ln91              (mul              ) [ 01000010]
mul_ln92              (mul              ) [ 01000010]
tmp_9                 (bitconcatenate   ) [ 00000000]
zext_ln90_7           (zext             ) [ 00000000]
add_ln90_4            (add              ) [ 00000000]
add_ln90_1            (add              ) [ 00000000]
zext_ln90_6           (zext             ) [ 00000000]
add_ln90_2            (add              ) [ 00000000]
trunc_ln              (partselect       ) [ 01000001]
p_shl8                (bitconcatenate   ) [ 00000000]
tmp_10                (bitconcatenate   ) [ 00000000]
zext_ln91_1           (zext             ) [ 00000000]
sub_ln91              (sub              ) [ 00000000]
zext_ln91             (zext             ) [ 00000000]
mul_ln91_1            (mul              ) [ 01000001]
add_ln91              (add              ) [ 00000000]
sext_ln91             (sext             ) [ 00000000]
add_ln91_1            (add              ) [ 01000001]
zext_ln92_1           (zext             ) [ 00000000]
sub_ln92              (sub              ) [ 00000000]
tmp_11                (bitconcatenate   ) [ 00000000]
zext_ln92_2           (zext             ) [ 00000000]
sub_ln92_1            (sub              ) [ 00000000]
sext_ln92             (sext             ) [ 00000000]
mul_ln92_1            (mul              ) [ 01000001]
add_ln92              (add              ) [ 00000000]
zext_ln92             (zext             ) [ 00000000]
add_ln92_1            (add              ) [ 01000001]
specpipeline_ln82     (specpipeline     ) [ 00000000]
specloopname_ln0      (specloopname     ) [ 00000000]
speclooptripcount_ln0 (speclooptripcount) [ 00000000]
specpipeline_ln82     (specpipeline     ) [ 00000000]
specpipeline_ln85     (specpipeline     ) [ 00000000]
Y                     (add              ) [ 00000000]
add_ln91_2            (add              ) [ 00000000]
bit_sel1              (bitselect        ) [ 00000000]
xor_ln91              (xor              ) [ 00000000]
part_sel3             (partselect       ) [ 00000000]
U                     (bitconcatenate   ) [ 00000000]
add_ln92_2            (add              ) [ 00000000]
bit_sel               (bitselect        ) [ 00000000]
xor_ln92              (xor              ) [ 00000000]
part_sel              (partselect       ) [ 00000000]
V                     (bitconcatenate   ) [ 00000000]
write_ln93            (write            ) [ 00000000]
write_ln94            (write            ) [ 00000000]
write_ln95            (write            ) [ 00000000]
br_ln84               (br               ) [ 00000000]
ret_ln0               (ret              ) [ 00000000]
</LifeTime>

<model>

<comp_list>
<comp id="0" class="1000" name="bound">
<pin_list>
<pin id="1" dir="1" index="0" bw="1" slack="0"/>
</pin_list>
<bind>
<StgValue><ssdm name="bound"/></StgValue>
</bind>
</comp>

<comp id="2" class="1000" name="height">
<pin_list>
<pin id="3" dir="1" index="0" bw="1" slack="0"/>
</pin_list>
<bind>
<StgValue><ssdm name="height"/></StgValue>
</bind>
</comp>

<comp id="4" class="1000" name="in_channels_ch1">
<pin_list>
<pin id="5" dir="1" index="0" bw="1" slack="0"/>
</pin_list>
<bind>
<StgValue><ssdm name="in_channels_ch1"/><MemPortTyVec>1 3 </MemPortTyVec>
</StgValue>
</bind>
</comp>

<comp id="6" class="1000" name="in_channels_ch2">
<pin_list>
<pin id="7" dir="1" index="0" bw="1" slack="0"/>
</pin_list>
<bind>
<StgValue><ssdm name="in_channels_ch2"/><MemPortTyVec>1 3 </MemPortTyVec>
</StgValue>
</bind>
</comp>

<comp id="8" class="1000" name="in_channels_ch3">
<pin_list>
<pin id="9" dir="1" index="0" bw="1" slack="0"/>
</pin_list>
<bind>
<StgValue><ssdm name="in_channels_ch3"/><MemPortTyVec>1 3 </MemPortTyVec>
</StgValue>
</bind>
</comp>

<comp id="10" class="1000" name="p_yuv_channels_ch1">
<pin_list>
<pin id="11" dir="1" index="0" bw="1" slack="0"/>
</pin_list>
<bind>
<StgValue><ssdm name="p_yuv_channels_ch1"/></StgValue>
</bind>
</comp>

<comp id="12" class="1000" name="p_yuv_channels_ch2">
<pin_list>
<pin id="13" dir="1" index="0" bw="1" slack="0"/>
</pin_list>
<bind>
<StgValue><ssdm name="p_yuv_channels_ch2"/></StgValue>
</bind>
</comp>

<comp id="14" class="1000" name="p_yuv_channels_ch3">
<pin_list>
<pin id="15" dir="1" index="0" bw="1" slack="0"/>
</pin_list>
<bind>
<StgValue><ssdm name="p_yuv_channels_ch3"/></StgValue>
</bind>
</comp>

<comp id="16" class="1001" name="const_16">
<pin_list>
<pin id="17" dir="1" index="0" bw="1" slack="0"/>
</pin_list>
<bind>
<StgValue><ssdm name=""/></StgValue>
</bind>
</comp>

<comp id="18" class="1001" name="const_18">
<pin_list>
<pin id="19" dir="1" index="0" bw="1" slack="2147483647"/>
</pin_list>
<bind>
<StgValue><ssdm name="_ssdm_op_SpecInterface"/></StgValue>
</bind>
</comp>

<comp id="20" class="1001" name="const_20">
<pin_list>
<pin id="21" dir="1" index="0" bw="1" slack="2147483647"/>
</pin_list>
<bind>
<StgValue><ssdm name="empty_2"/></StgValue>
</bind>
</comp>

<comp id="22" class="1001" name="const_22">
<pin_list>
<pin id="23" dir="1" index="0" bw="1" slack="0"/>
</pin_list>
<bind>
<StgValue><ssdm name=""/></StgValue>
</bind>
</comp>

<comp id="24" class="1001" name="const_24">
<pin_list>
<pin id="25" dir="1" index="0" bw="1" slack="2147483647"/>
</pin_list>
<bind>
<StgValue><ssdm name="empty_1"/></StgValue>
</bind>
</comp>

<comp id="26" class="1001" name="const_26">
<pin_list>
<pin id="27" dir="1" index="0" bw="1" slack="2147483647"/>
</pin_list>
<bind>
<StgValue><ssdm name=""/></StgValue>
</bind>
</comp>

<comp id="28" class="1001" name="const_28">
<pin_list>
<pin id="29" dir="1" index="0" bw="1" slack="2147483647"/>
</pin_list>
<bind>
<StgValue><ssdm name="ap_fifo_str"/></StgValue>
</bind>
</comp>

<comp id="30" class="1001" name="const_30">
<pin_list>
<pin id="31" dir="1" index="0" bw="1" slack="2147483647"/>
</pin_list>
<bind>
<StgValue><ssdm name="p_str"/></StgValue>
</bind>
</comp>

<comp id="32" class="1001" name="const_32">
<pin_list>
<pin id="33" dir="1" index="0" bw="1" slack="2147483647"/>
</pin_list>
<bind>
<StgValue><ssdm name=""/></StgValue>
</bind>
</comp>

<comp id="34" class="1001" name="const_34">
<pin_list>
<pin id="35" dir="1" index="0" bw="1" slack="2147483647"/>
</pin_list>
<bind>
<StgValue><ssdm name=""/></StgValue>
</bind>
</comp>

<comp id="36" class="1001" name="const_36">
<pin_list>
<pin id="37" dir="1" index="0" bw="1" slack="0"/>
</pin_list>
<bind>
<StgValue><ssdm name="_ssdm_op_Read.ap_auto.i16"/></StgValue>
</bind>
</comp>

<comp id="38" class="1001" name="const_38">
<pin_list>
<pin id="39" dir="1" index="0" bw="1" slack="0"/>
</pin_list>
<bind>
<StgValue><ssdm name="_ssdm_op_Read.ap_auto.i32"/></StgValue>
</bind>
</comp>

<comp id="40" class="1001" name="const_40">
<pin_list>
<pin id="41" dir="1" index="0" bw="1" slack="0"/>
</pin_list>
<bind>
<StgValue><ssdm name=""/></StgValue>
</bind>
</comp>

<comp id="42" class="1001" name="const_42">
<pin_list>
<pin id="43" dir="1" index="0" bw="1" slack="2147483647"/>
</pin_list>
<bind>
<StgValue><ssdm name="_ssdm_op_SpecPipeline"/></StgValue>
</bind>
</comp>

<comp id="44" class="1001" name="const_44">
<pin_list>
<pin id="45" dir="1" index="0" bw="1" slack="0"/>
</pin_list>
<bind>
<StgValue><ssdm name=""/></StgValue>
</bind>
</comp>

<comp id="46" class="1001" name="const_46">
<pin_list>
<pin id="47" dir="1" index="0" bw="1" slack="0"/>
</pin_list>
<bind>
<StgValue><ssdm name="_ssdm_op_BitConcatenate.i22.i12.i10"/></StgValue>
</bind>
</comp>

<comp id="48" class="1001" name="const_48">
<pin_list>
<pin id="49" dir="1" index="0" bw="1" slack="0"/>
</pin_list>
<bind>
<StgValue><ssdm name=""/></StgValue>
</bind>
</comp>

<comp id="50" class="1001" name="const_50">
<pin_list>
<pin id="51" dir="1" index="0" bw="1" slack="0"/>
</pin_list>
<bind>
<StgValue><ssdm name="_ssdm_op_BitConcatenate.i22.i14.i8"/></StgValue>
</bind>
</comp>

<comp id="52" class="1001" name="const_52">
<pin_list>
<pin id="53" dir="1" index="0" bw="1" slack="0"/>
</pin_list>
<bind>
<StgValue><ssdm name=""/></StgValue>
</bind>
</comp>

<comp id="54" class="1001" name="const_54">
<pin_list>
<pin id="55" dir="1" index="0" bw="1" slack="0"/>
</pin_list>
<bind>
<StgValue><ssdm name=""/></StgValue>
</bind>
</comp>

<comp id="56" class="1001" name="const_56">
<pin_list>
<pin id="57" dir="1" index="0" bw="1" slack="0"/>
</pin_list>
<bind>
<StgValue><ssdm name=""/></StgValue>
</bind>
</comp>

<comp id="58" class="1001" name="const_58">
<pin_list>
<pin id="59" dir="1" index="0" bw="1" slack="0"/>
</pin_list>
<bind>
<StgValue><ssdm name=""/></StgValue>
</bind>
</comp>

<comp id="60" class="1001" name="const_60">
<pin_list>
<pin id="61" dir="1" index="0" bw="1" slack="0"/>
</pin_list>
<bind>
<StgValue><ssdm name=""/></StgValue>
</bind>
</comp>

<comp id="62" class="1001" name="const_62">
<pin_list>
<pin id="63" dir="1" index="0" bw="1" slack="0"/>
</pin_list>
<bind>
<StgValue><ssdm name=""/></StgValue>
</bind>
</comp>

<comp id="64" class="1001" name="const_64">
<pin_list>
<pin id="65" dir="1" index="0" bw="1" slack="0"/>
</pin_list>
<bind>
<StgValue><ssdm name=""/></StgValue>
</bind>
</comp>

<comp id="66" class="1001" name="const_66">
<pin_list>
<pin id="67" dir="1" index="0" bw="1" slack="0"/>
</pin_list>
<bind>
<StgValue><ssdm name="_ssdm_op_BitConcatenate.i14.i8.i6"/></StgValue>
</bind>
</comp>

<comp id="68" class="1001" name="const_68">
<pin_list>
<pin id="69" dir="1" index="0" bw="1" slack="0"/>
</pin_list>
<bind>
<StgValue><ssdm name=""/></StgValue>
</bind>
</comp>

<comp id="70" class="1001" name="const_70">
<pin_list>
<pin id="71" dir="1" index="0" bw="1" slack="0"/>
</pin_list>
<bind>
<StgValue><ssdm name="_ssdm_op_BitConcatenate.i9.i8.i1"/></StgValue>
</bind>
</comp>

<comp id="72" class="1001" name="const_72">
<pin_list>
<pin id="73" dir="1" index="0" bw="1" slack="0"/>
</pin_list>
<bind>
<StgValue><ssdm name=""/></StgValue>
</bind>
</comp>

<comp id="74" class="1001" name="const_74">
<pin_list>
<pin id="75" dir="1" index="0" bw="1" slack="0"/>
</pin_list>
<bind>
<StgValue><ssdm name=""/></StgValue>
</bind>
</comp>

<comp id="76" class="1001" name="const_76">
<pin_list>
<pin id="77" dir="1" index="0" bw="1" slack="0"/>
</pin_list>
<bind>
<StgValue><ssdm name="_ssdm_op_BitConcatenate.i15.i8.i7"/></StgValue>
</bind>
</comp>

<comp id="78" class="1001" name="const_78">
<pin_list>
<pin id="79" dir="1" index="0" bw="1" slack="0"/>
</pin_list>
<bind>
<StgValue><ssdm name=""/></StgValue>
</bind>
</comp>

<comp id="80" class="1001" name="const_80">
<pin_list>
<pin id="81" dir="1" index="0" bw="1" slack="0"/>
</pin_list>
<bind>
<StgValue><ssdm name="_ssdm_op_PartSelect.i8.i16.i32.i32"/></StgValue>
</bind>
</comp>

<comp id="82" class="1001" name="const_82">
<pin_list>
<pin id="83" dir="1" index="0" bw="1" slack="0"/>
</pin_list>
<bind>
<StgValue><ssdm name=""/></StgValue>
</bind>
</comp>

<comp id="84" class="1001" name="const_84">
<pin_list>
<pin id="85" dir="1" index="0" bw="1" slack="0"/>
</pin_list>
<bind>
<StgValue><ssdm name=""/></StgValue>
</bind>
</comp>

<comp id="86" class="1001" name="const_86">
<pin_list>
<pin id="87" dir="1" index="0" bw="1" slack="0"/>
</pin_list>
<bind>
<StgValue><ssdm name="_ssdm_op_BitConcatenate.i12.i8.i4"/></StgValue>
</bind>
</comp>

<comp id="88" class="1001" name="const_88">
<pin_list>
<pin id="89" dir="1" index="0" bw="1" slack="0"/>
</pin_list>
<bind>
<StgValue><ssdm name=""/></StgValue>
</bind>
</comp>

<comp id="90" class="1001" name="const_90">
<pin_list>
<pin id="91" dir="1" index="0" bw="1" slack="0"/>
</pin_list>
<bind>
<StgValue><ssdm name=""/></StgValue>
</bind>
</comp>

<comp id="92" class="1001" name="const_92">
<pin_list>
<pin id="93" dir="1" index="0" bw="1" slack="2147483647"/>
</pin_list>
<bind>
<StgValue><ssdm name="_ssdm_op_SpecLoopName"/></StgValue>
</bind>
</comp>

<comp id="94" class="1001" name="const_94">
<pin_list>
<pin id="95" dir="1" index="0" bw="1" slack="2147483647"/>
</pin_list>
<bind>
<StgValue><ssdm name="RGB2YUV_LOOP_X_RGB2YUV_LOOP_Y_str"/></StgValue>
</bind>
</comp>

<comp id="96" class="1001" name="const_96">
<pin_list>
<pin id="97" dir="1" index="0" bw="1" slack="2147483647"/>
</pin_list>
<bind>
<StgValue><ssdm name="_ssdm_op_SpecLoopTripCount"/></StgValue>
</bind>
</comp>

<comp id="98" class="1001" name="const_98">
<pin_list>
<pin id="99" dir="1" index="0" bw="1" slack="2147483647"/>
</pin_list>
<bind>
<StgValue><ssdm name=""/></StgValue>
</bind>
</comp>

<comp id="100" class="1001" name="const_100">
<pin_list>
<pin id="101" dir="1" index="0" bw="1" slack="2147483647"/>
</pin_list>
<bind>
<StgValue><ssdm name=""/></StgValue>
</bind>
</comp>

<comp id="102" class="1001" name="const_102">
<pin_list>
<pin id="103" dir="1" index="0" bw="1" slack="2147483647"/>
</pin_list>
<bind>
<StgValue><ssdm name=""/></StgValue>
</bind>
</comp>

<comp id="104" class="1001" name="const_104">
<pin_list>
<pin id="105" dir="1" index="0" bw="1" slack="0"/>
</pin_list>
<bind>
<StgValue><ssdm name=""/></StgValue>
</bind>
</comp>

<comp id="106" class="1001" name="const_106">
<pin_list>
<pin id="107" dir="1" index="0" bw="1" slack="0"/>
</pin_list>
<bind>
<StgValue><ssdm name="_ssdm_op_BitSelect.i1.i16.i32"/></StgValue>
</bind>
</comp>

<comp id="108" class="1001" name="const_108">
<pin_list>
<pin id="109" dir="1" index="0" bw="1" slack="0"/>
</pin_list>
<bind>
<StgValue><ssdm name=""/></StgValue>
</bind>
</comp>

<comp id="110" class="1001" name="const_110">
<pin_list>
<pin id="111" dir="1" index="0" bw="1" slack="0"/>
</pin_list>
<bind>
<StgValue><ssdm name="_ssdm_op_PartSelect.i7.i16.i32.i32"/></StgValue>
</bind>
</comp>

<comp id="112" class="1001" name="const_112">
<pin_list>
<pin id="113" dir="1" index="0" bw="1" slack="0"/>
</pin_list>
<bind>
<StgValue><ssdm name=""/></StgValue>
</bind>
</comp>

<comp id="114" class="1001" name="const_114">
<pin_list>
<pin id="115" dir="1" index="0" bw="1" slack="0"/>
</pin_list>
<bind>
<StgValue><ssdm name="_ssdm_op_BitConcatenate.i8.i1.i7"/></StgValue>
</bind>
</comp>

<comp id="116" class="1001" name="const_116">
<pin_list>
<pin id="117" dir="1" index="0" bw="1" slack="0"/>
</pin_list>
<bind>
<StgValue><ssdm name="_ssdm_op_Write.ap_fifo.volatile.i8P0A"/></StgValue>
</bind>
</comp>

<comp id="118" class="1004" name="y_fu_118">
<pin_list>
<pin id="119" dir="0" index="0" bw="1" slack="0"/>
<pin id="120" dir="1" index="1" bw="16" slack="0"/>
</pin_list>
<bind>
<opcode="alloca(26) " fcode="alloca"/>
<opset="y/1 "/>
</bind>
</comp>

<comp id="122" class="1004" name="x_fu_122">
<pin_list>
<pin id="123" dir="0" index="0" bw="1" slack="0"/>
<pin id="124" dir="1" index="1" bw="16" slack="0"/>
</pin_list>
<bind>
<opcode="alloca(26) " fcode="alloca"/>
<opset="x/1 "/>
</bind>
</comp>

<comp id="126" class="1004" name="indvar_flatten_fu_126">
<pin_list>
<pin id="127" dir="0" index="0" bw="1" slack="0"/>
<pin id="128" dir="1" index="1" bw="32" slack="0"/>
</pin_list>
<bind>
<opcode="alloca(26) " fcode="alloca"/>
<opset="indvar_flatten/1 "/>
</bind>
</comp>

<comp id="130" class="1004" name="height_read_read_fu_130">
<pin_list>
<pin id="131" dir="0" index="0" bw="16" slack="0"/>
<pin id="132" dir="0" index="1" bw="16" slack="0"/>
<pin id="133" dir="1" index="2" bw="16" slack="1"/>
</pin_list>
<bind>
<opcode="read(1150) " fcode="read"/>
<opset="height_read/1 "/>
</bind>
</comp>

<comp id="136" class="1004" name="bound_read_read_fu_136">
<pin_list>
<pin id="137" dir="0" index="0" bw="32" slack="0"/>
<pin id="138" dir="0" index="1" bw="32" slack="0"/>
<pin id="139" dir="1" index="2" bw="32" slack="0"/>
</pin_list>
<bind>
<opcode="read(1150) " fcode="read"/>
<opset="bound_read/1 "/>
</bind>
</comp>

<comp id="142" class="1004" name="write_ln93_write_fu_142">
<pin_list>
<pin id="143" dir="0" index="0" bw="0" slack="0"/>
<pin id="144" dir="0" index="1" bw="8" slack="0"/>
<pin id="145" dir="0" index="2" bw="8" slack="0"/>
<pin id="146" dir="1" index="3" bw="0" slack="2147483647"/>
</pin_list>
<bind>
<opcode="write(1151) " fcode="write"/>
<opset="write_ln93/7 "/>
</bind>
</comp>

<comp id="149" class="1004" name="write_ln94_write_fu_149">
<pin_list>
<pin id="150" dir="0" index="0" bw="0" slack="0"/>
<pin id="151" dir="0" index="1" bw="8" slack="0"/>
<pin id="152" dir="0" index="2" bw="8" slack="0"/>
<pin id="153" dir="1" index="3" bw="0" slack="2147483647"/>
</pin_list>
<bind>
<opcode="write(1151) " fcode="write"/>
<opset="write_ln94/7 "/>
</bind>
</comp>

<comp id="156" class="1004" name="write_ln95_write_fu_156">
<pin_list>
<pin id="157" dir="0" index="0" bw="0" slack="0"/>
<pin id="158" dir="0" index="1" bw="8" slack="0"/>
<pin id="159" dir="0" index="2" bw="8" slack="0"/>
<pin id="160" dir="1" index="3" bw="0" slack="2147483647"/>
</pin_list>
<bind>
<opcode="write(1151) " fcode="write"/>
<opset="write_ln95/7 "/>
</bind>
</comp>

<comp id="163" class="1004" name="in_channels_ch1_addr_gep_fu_163">
<pin_list>
<pin id="164" dir="0" index="0" bw="8" slack="0"/>
<pin id="165" dir="0" index="1" bw="1" slack="0"/>
<pin id="166" dir="0" index="2" bw="22" slack="0"/>
<pin id="167" dir="1" index="3" bw="22" slack="0"/>
</pin_list>
<bind>
<opcode="getelementptr(29) " fcode="getelementptr"/>
<opset="in_channels_ch1_addr/2 "/>
</bind>
</comp>

<comp id="170" class="1004" name="in_channels_ch3_addr_gep_fu_170">
<pin_list>
<pin id="171" dir="0" index="0" bw="8" slack="0"/>
<pin id="172" dir="0" index="1" bw="1" slack="0"/>
<pin id="173" dir="0" index="2" bw="22" slack="0"/>
<pin id="174" dir="1" index="3" bw="22" slack="0"/>
</pin_list>
<bind>
<opcode="getelementptr(29) " fcode="getelementptr"/>
<opset="in_channels_ch3_addr/2 "/>
</bind>
</comp>

<comp id="177" class="1004" name="grp_access_fu_177">
<pin_list>
<pin id="178" dir="0" index="0" bw="22" slack="0"/>
<pin id="179" dir="0" index="1" bw="8" slack="2147483647"/>
<pin id="180" dir="0" index="2" bw="0" slack="2147483647"/>
<pin id="181" dir="1" index="3" bw="8" slack="0"/>
</pin_list>
<bind>
<opcode="load(27) " fcode="load"/>
<opset="R/2 "/>
</bind>
</comp>

<comp id="183" class="1004" name="grp_access_fu_183">
<pin_list>
<pin id="184" dir="0" index="0" bw="22" slack="0"/>
<pin id="185" dir="0" index="1" bw="8" slack="2147483647"/>
<pin id="186" dir="0" index="2" bw="0" slack="2147483647"/>
<pin id="187" dir="1" index="3" bw="8" slack="0"/>
</pin_list>
<bind>
<opcode="load(27) " fcode="load"/>
<opset="B/2 "/>
</bind>
</comp>

<comp id="189" class="1004" name="in_channels_ch2_addr_gep_fu_189">
<pin_list>
<pin id="190" dir="0" index="0" bw="8" slack="0"/>
<pin id="191" dir="0" index="1" bw="1" slack="0"/>
<pin id="192" dir="0" index="2" bw="22" slack="1"/>
<pin id="193" dir="1" index="3" bw="22" slack="0"/>
</pin_list>
<bind>
<opcode="getelementptr(29) " fcode="getelementptr"/>
<opset="in_channels_ch2_addr/3 "/>
</bind>
</comp>

<comp id="196" class="1004" name="grp_access_fu_196">
<pin_list>
<pin id="197" dir="0" index="0" bw="22" slack="0"/>
<pin id="198" dir="0" index="1" bw="8" slack="2147483647"/>
<pin id="199" dir="0" index="2" bw="0" slack="2147483647"/>
<pin id="200" dir="1" index="3" bw="8" slack="0"/>
</pin_list>
<bind>
<opcode="load(27) " fcode="load"/>
<opset="G/3 "/>
</bind>
</comp>

<comp id="202" class="1004" name="store_ln0_store_fu_202">
<pin_list>
<pin id="203" dir="0" index="0" bw="1" slack="0"/>
<pin id="204" dir="0" index="1" bw="32" slack="0"/>
<pin id="205" dir="1" index="2" bw="0" slack="2147483647"/>
</pin_list>
<bind>
<opcode="store(28) " fcode="store"/>
<opset="store_ln0/1 "/>
</bind>
</comp>

<comp id="207" class="1004" name="store_ln65_store_fu_207">
<pin_list>
<pin id="208" dir="0" index="0" bw="1" slack="0"/>
<pin id="209" dir="0" index="1" bw="16" slack="0"/>
<pin id="210" dir="1" index="2" bw="0" slack="2147483647"/>
</pin_list>
<bind>
<opcode="store(28) " fcode="store"/>
<opset="store_ln65/1 "/>
</bind>
</comp>

<comp id="212" class="1004" name="store_ln65_store_fu_212">
<pin_list>
<pin id="213" dir="0" index="0" bw="1" slack="0"/>
<pin id="214" dir="0" index="1" bw="16" slack="0"/>
<pin id="215" dir="1" index="2" bw="0" slack="2147483647"/>
</pin_list>
<bind>
<opcode="store(28) " fcode="store"/>
<opset="store_ln65/1 "/>
</bind>
</comp>

<comp id="217" class="1004" name="indvar_flatten_load_load_fu_217">
<pin_list>
<pin id="218" dir="0" index="0" bw="32" slack="0"/>
<pin id="219" dir="1" index="1" bw="32" slack="0"/>
</pin_list>
<bind>
<opcode="load(27) " fcode="load"/>
<opset="indvar_flatten_load/1 "/>
</bind>
</comp>

<comp id="220" class="1004" name="icmp_ln80_fu_220">
<pin_list>
<pin id="221" dir="0" index="0" bw="32" slack="0"/>
<pin id="222" dir="0" index="1" bw="32" slack="0"/>
<pin id="223" dir="1" index="2" bw="1" slack="5"/>
</pin_list>
<bind>
<opcode="icmp(45) " fcode="icmp"/>
<opset="icmp_ln80/1 "/>
</bind>
</comp>

<comp id="226" class="1004" name="add_ln80_1_fu_226">
<pin_list>
<pin id="227" dir="0" index="0" bw="32" slack="0"/>
<pin id="228" dir="0" index="1" bw="1" slack="0"/>
<pin id="229" dir="1" index="2" bw="32" slack="0"/>
</pin_list>
<bind>
<opcode="add(8) " fcode="add"/>
<opset="add_ln80_1/1 "/>
</bind>
</comp>

<comp id="232" class="1004" name="store_ln80_store_fu_232">
<pin_list>
<pin id="233" dir="0" index="0" bw="32" slack="0"/>
<pin id="234" dir="0" index="1" bw="32" slack="0"/>
<pin id="235" dir="1" index="2" bw="0" slack="2147483647"/>
</pin_list>
<bind>
<opcode="store(28) " fcode="store"/>
<opset="store_ln80/1 "/>
</bind>
</comp>

<comp id="237" class="1004" name="y_load_load_fu_237">
<pin_list>
<pin id="238" dir="0" index="0" bw="16" slack="1"/>
<pin id="239" dir="1" index="1" bw="16" slack="0"/>
</pin_list>
<bind>
<opcode="load(27) " fcode="load"/>
<opset="y_load/2 "/>
</bind>
</comp>

<comp id="240" class="1004" name="x_load_load_fu_240">
<pin_list>
<pin id="241" dir="0" index="0" bw="16" slack="1"/>
<pin id="242" dir="1" index="1" bw="16" slack="0"/>
</pin_list>
<bind>
<opcode="load(27) " fcode="load"/>
<opset="x_load/2 "/>
</bind>
</comp>

<comp id="243" class="1004" name="add_ln80_fu_243">
<pin_list>
<pin id="244" dir="0" index="0" bw="16" slack="0"/>
<pin id="245" dir="0" index="1" bw="1" slack="0"/>
<pin id="246" dir="1" index="2" bw="16" slack="0"/>
</pin_list>
<bind>
<opcode="add(8) " fcode="add"/>
<opset="add_ln80/2 "/>
</bind>
</comp>

<comp id="249" class="1004" name="icmp_ln84_fu_249">
<pin_list>
<pin id="250" dir="0" index="0" bw="16" slack="0"/>
<pin id="251" dir="0" index="1" bw="16" slack="1"/>
<pin id="252" dir="1" index="2" bw="1" slack="0"/>
</pin_list>
<bind>
<opcode="icmp(45) " fcode="icmp"/>
<opset="icmp_ln84/2 "/>
</bind>
</comp>

<comp id="254" class="1004" name="select_ln82_fu_254">
<pin_list>
<pin id="255" dir="0" index="0" bw="1" slack="0"/>
<pin id="256" dir="0" index="1" bw="16" slack="0"/>
<pin id="257" dir="0" index="2" bw="16" slack="0"/>
<pin id="258" dir="1" index="3" bw="16" slack="0"/>
</pin_list>
<bind>
<opcode="select(49) " fcode="select"/>
<opset="select_ln82/2 "/>
</bind>
</comp>

<comp id="262" class="1004" name="select_ln80_fu_262">
<pin_list>
<pin id="263" dir="0" index="0" bw="1" slack="0"/>
<pin id="264" dir="0" index="1" bw="16" slack="0"/>
<pin id="265" dir="0" index="2" bw="16" slack="0"/>
<pin id="266" dir="1" index="3" bw="16" slack="0"/>
</pin_list>
<bind>
<opcode="select(49) " fcode="select"/>
<opset="select_ln80/2 "/>
</bind>
</comp>

<comp id="270" class="1004" name="trunc_ln87_fu_270">
<pin_list>
<pin id="271" dir="0" index="0" bw="16" slack="0"/>
<pin id="272" dir="1" index="1" bw="12" slack="0"/>
</pin_list>
<bind>
<opcode="trunc(33) " fcode="trunc"/>
<opset="trunc_ln87/2 "/>
</bind>
</comp>

<comp id="274" class="1004" name="p_shl3_fu_274">
<pin_list>
<pin id="275" dir="0" index="0" bw="22" slack="0"/>
<pin id="276" dir="0" index="1" bw="12" slack="0"/>
<pin id="277" dir="0" index="2" bw="1" slack="0"/>
<pin id="278" dir="1" index="3" bw="22" slack="0"/>
</pin_list>
<bind>
<opcode="bitconcatenate(1004) " fcode="bitconcatenate"/>
<opset="p_shl3/2 "/>
</bind>
</comp>

<comp id="282" class="1004" name="trunc_ln87_1_fu_282">
<pin_list>
<pin id="283" dir="0" index="0" bw="16" slack="0"/>
<pin id="284" dir="1" index="1" bw="14" slack="0"/>
</pin_list>
<bind>
<opcode="trunc(33) " fcode="trunc"/>
<opset="trunc_ln87_1/2 "/>
</bind>
</comp>

<comp id="286" class="1004" name="p_shl4_fu_286">
<pin_list>
<pin id="287" dir="0" index="0" bw="22" slack="0"/>
<pin id="288" dir="0" index="1" bw="14" slack="0"/>
<pin id="289" dir="0" index="2" bw="1" slack="0"/>
<pin id="290" dir="1" index="3" bw="22" slack="0"/>
</pin_list>
<bind>
<opcode="bitconcatenate(1004) " fcode="bitconcatenate"/>
<opset="p_shl4/2 "/>
</bind>
</comp>

<comp id="294" class="1004" name="add_ln84_1_fu_294">
<pin_list>
<pin id="295" dir="0" index="0" bw="22" slack="0"/>
<pin id="296" dir="0" index="1" bw="22" slack="0"/>
<pin id="297" dir="1" index="2" bw="22" slack="0"/>
</pin_list>
<bind>
<opcode="add(8) " fcode="add"/>
<opset="add_ln84_1/2 "/>
</bind>
</comp>

<comp id="300" class="1004" name="zext_ln87_fu_300">
<pin_list>
<pin id="301" dir="0" index="0" bw="16" slack="0"/>
<pin id="302" dir="1" index="1" bw="22" slack="0"/>
</pin_list>
<bind>
<opcode="zext(34) " fcode="zext"/>
<opset="zext_ln87/2 "/>
</bind>
</comp>

<comp id="304" class="1004" name="add_ln87_fu_304">
<pin_list>
<pin id="305" dir="0" index="0" bw="22" slack="0"/>
<pin id="306" dir="0" index="1" bw="16" slack="0"/>
<pin id="307" dir="1" index="2" bw="22" slack="0"/>
</pin_list>
<bind>
<opcode="add(8) " fcode="add"/>
<opset="add_ln87/2 "/>
</bind>
</comp>

<comp id="310" class="1004" name="zext_ln87_1_fu_310">
<pin_list>
<pin id="311" dir="0" index="0" bw="22" slack="0"/>
<pin id="312" dir="1" index="1" bw="64" slack="0"/>
</pin_list>
<bind>
<opcode="zext(34) " fcode="zext"/>
<opset="zext_ln87_1/2 "/>
</bind>
</comp>

<comp id="316" class="1004" name="add_ln84_fu_316">
<pin_list>
<pin id="317" dir="0" index="0" bw="16" slack="0"/>
<pin id="318" dir="0" index="1" bw="1" slack="0"/>
<pin id="319" dir="1" index="2" bw="16" slack="0"/>
</pin_list>
<bind>
<opcode="add(8) " fcode="add"/>
<opset="add_ln84/2 "/>
</bind>
</comp>

<comp id="322" class="1004" name="store_ln65_store_fu_322">
<pin_list>
<pin id="323" dir="0" index="0" bw="16" slack="0"/>
<pin id="324" dir="0" index="1" bw="16" slack="1"/>
<pin id="325" dir="1" index="2" bw="0" slack="2147483647"/>
</pin_list>
<bind>
<opcode="store(28) " fcode="store"/>
<opset="store_ln65/2 "/>
</bind>
</comp>

<comp id="327" class="1004" name="store_ln65_store_fu_327">
<pin_list>
<pin id="328" dir="0" index="0" bw="16" slack="0"/>
<pin id="329" dir="0" index="1" bw="16" slack="1"/>
<pin id="330" dir="1" index="2" bw="0" slack="2147483647"/>
</pin_list>
<bind>
<opcode="store(28) " fcode="store"/>
<opset="store_ln65/2 "/>
</bind>
</comp>

<comp id="332" class="1004" name="zext_ln90_fu_332">
<pin_list>
<pin id="333" dir="0" index="0" bw="8" slack="0"/>
<pin id="334" dir="1" index="1" bw="15" slack="0"/>
</pin_list>
<bind>
<opcode="zext(34) " fcode="zext"/>
<opset="zext_ln90/3 "/>
</bind>
</comp>

<comp id="336" class="1004" name="zext_ln90_2_fu_336">
<pin_list>
<pin id="337" dir="0" index="0" bw="8" slack="0"/>
<pin id="338" dir="1" index="1" bw="13" slack="0"/>
</pin_list>
<bind>
<opcode="zext(34) " fcode="zext"/>
<opset="zext_ln90_2/3 "/>
</bind>
</comp>

<comp id="340" class="1004" name="zext_ln90_1_fu_340">
<pin_list>
<pin id="341" dir="0" index="0" bw="8" slack="0"/>
<pin id="342" dir="1" index="1" bw="16" slack="0"/>
</pin_list>
<bind>
<opcode="zext(34) " fcode="zext"/>
<opset="zext_ln90_1/4 "/>
</bind>
</comp>

<comp id="344" class="1004" name="tmp_fu_344">
<pin_list>
<pin id="345" dir="0" index="0" bw="14" slack="0"/>
<pin id="346" dir="0" index="1" bw="8" slack="2"/>
<pin id="347" dir="0" index="2" bw="1" slack="0"/>
<pin id="348" dir="1" index="3" bw="14" slack="0"/>
</pin_list>
<bind>
<opcode="bitconcatenate(1004) " fcode="bitconcatenate"/>
<opset="tmp/5 "/>
</bind>
</comp>

<comp id="351" class="1004" name="zext_ln90_4_fu_351">
<pin_list>
<pin id="352" dir="0" index="0" bw="14" slack="0"/>
<pin id="353" dir="1" index="1" bw="15" slack="0"/>
</pin_list>
<bind>
<opcode="zext(34) " fcode="zext"/>
<opset="zext_ln90_4/5 "/>
</bind>
</comp>

<comp id="355" class="1004" name="tmp_8_fu_355">
<pin_list>
<pin id="356" dir="0" index="0" bw="9" slack="0"/>
<pin id="357" dir="0" index="1" bw="8" slack="2"/>
<pin id="358" dir="0" index="2" bw="1" slack="0"/>
<pin id="359" dir="1" index="3" bw="9" slack="0"/>
</pin_list>
<bind>
<opcode="bitconcatenate(1004) " fcode="bitconcatenate"/>
<opset="tmp_8/5 "/>
</bind>
</comp>

<comp id="362" class="1004" name="zext_ln90_5_fu_362">
<pin_list>
<pin id="363" dir="0" index="0" bw="9" slack="0"/>
<pin id="364" dir="1" index="1" bw="15" slack="0"/>
</pin_list>
<bind>
<opcode="zext(34) " fcode="zext"/>
<opset="zext_ln90_5/5 "/>
</bind>
</comp>

<comp id="366" class="1004" name="add_ln90_3_fu_366">
<pin_list>
<pin id="367" dir="0" index="0" bw="14" slack="0"/>
<pin id="368" dir="0" index="1" bw="9" slack="0"/>
<pin id="369" dir="1" index="2" bw="15" slack="0"/>
</pin_list>
<bind>
<opcode="add(8) " fcode="add"/>
<opset="add_ln90_3/5 "/>
</bind>
</comp>

<comp id="372" class="1004" name="add_ln90_fu_372">
<pin_list>
<pin id="373" dir="0" index="0" bw="15" slack="0"/>
<pin id="374" dir="0" index="1" bw="9" slack="0"/>
<pin id="375" dir="1" index="2" bw="15" slack="0"/>
</pin_list>
<bind>
<opcode="add(8) " fcode="add"/>
<opset="add_ln90/5 "/>
</bind>
</comp>

<comp id="378" class="1004" name="tmp_9_fu_378">
<pin_list>
<pin id="379" dir="0" index="0" bw="15" slack="0"/>
<pin id="380" dir="0" index="1" bw="8" slack="2"/>
<pin id="381" dir="0" index="2" bw="1" slack="0"/>
<pin id="382" dir="1" index="3" bw="15" slack="0"/>
</pin_list>
<bind>
<opcode="bitconcatenate(1004) " fcode="bitconcatenate"/>
<opset="tmp_9/6 "/>
</bind>
</comp>

<comp id="385" class="1004" name="zext_ln90_7_fu_385">
<pin_list>
<pin id="386" dir="0" index="0" bw="15" slack="0"/>
<pin id="387" dir="1" index="1" bw="16" slack="0"/>
</pin_list>
<bind>
<opcode="zext(34) " fcode="zext"/>
<opset="zext_ln90_7/6 "/>
</bind>
</comp>

<comp id="389" class="1004" name="add_ln90_4_fu_389">
<pin_list>
<pin id="390" dir="0" index="0" bw="15" slack="0"/>
<pin id="391" dir="0" index="1" bw="8" slack="2"/>
<pin id="392" dir="1" index="2" bw="16" slack="0"/>
</pin_list>
<bind>
<opcode="add(8) " fcode="add"/>
<opset="add_ln90_4/6 "/>
</bind>
</comp>

<comp id="394" class="1004" name="zext_ln90_6_fu_394">
<pin_list>
<pin id="395" dir="0" index="0" bw="15" slack="0"/>
<pin id="396" dir="1" index="1" bw="16" slack="0"/>
</pin_list>
<bind>
<opcode="zext(34) " fcode="zext"/>
<opset="zext_ln90_6/6 "/>
</bind>
</comp>

<comp id="397" class="1004" name="add_ln90_2_fu_397">
<pin_list>
<pin id="398" dir="0" index="0" bw="15" slack="0"/>
<pin id="399" dir="0" index="1" bw="16" slack="0"/>
<pin id="400" dir="1" index="2" bw="16" slack="0"/>
</pin_list>
<bind>
<opcode="add(8) " fcode="add"/>
<opset="add_ln90_2/6 "/>
</bind>
</comp>

<comp id="403" class="1004" name="trunc_ln_fu_403">
<pin_list>
<pin id="404" dir="0" index="0" bw="8" slack="0"/>
<pin id="405" dir="0" index="1" bw="16" slack="0"/>
<pin id="406" dir="0" index="2" bw="5" slack="0"/>
<pin id="407" dir="0" index="3" bw="5" slack="0"/>
<pin id="408" dir="1" index="4" bw="8" slack="1"/>
</pin_list>
<bind>
<opcode="partselect(1002) " fcode="partselect"/>
<opset="trunc_ln/6 "/>
</bind>
</comp>

<comp id="413" class="1004" name="p_shl8_fu_413">
<pin_list>
<pin id="414" dir="0" index="0" bw="15" slack="0"/>
<pin id="415" dir="0" index="1" bw="8" slack="3"/>
<pin id="416" dir="0" index="2" bw="1" slack="0"/>
<pin id="417" dir="1" index="3" bw="15" slack="0"/>
</pin_list>
<bind>
<opcode="bitconcatenate(1004) " fcode="bitconcatenate"/>
<opset="p_shl8/6 "/>
</bind>
</comp>

<comp id="420" class="1004" name="tmp_10_fu_420">
<pin_list>
<pin id="421" dir="0" index="0" bw="12" slack="0"/>
<pin id="422" dir="0" index="1" bw="8" slack="3"/>
<pin id="423" dir="0" index="2" bw="1" slack="0"/>
<pin id="424" dir="1" index="3" bw="12" slack="0"/>
</pin_list>
<bind>
<opcode="bitconcatenate(1004) " fcode="bitconcatenate"/>
<opset="tmp_10/6 "/>
</bind>
</comp>

<comp id="427" class="1004" name="zext_ln91_1_fu_427">
<pin_list>
<pin id="428" dir="0" index="0" bw="12" slack="0"/>
<pin id="429" dir="1" index="1" bw="15" slack="0"/>
</pin_list>
<bind>
<opcode="zext(34) " fcode="zext"/>
<opset="zext_ln91_1/6 "/>
</bind>
</comp>

<comp id="431" class="1004" name="sub_ln91_fu_431">
<pin_list>
<pin id="432" dir="0" index="0" bw="15" slack="0"/>
<pin id="433" dir="0" index="1" bw="12" slack="0"/>
<pin id="434" dir="1" index="2" bw="15" slack="0"/>
</pin_list>
<bind>
<opcode="sub(10) " fcode="sub"/>
<opset="sub_ln91/6 "/>
</bind>
</comp>

<comp id="437" class="1004" name="zext_ln91_fu_437">
<pin_list>
<pin id="438" dir="0" index="0" bw="15" slack="0"/>
<pin id="439" dir="1" index="1" bw="16" slack="0"/>
</pin_list>
<bind>
<opcode="zext(34) " fcode="zext"/>
<opset="zext_ln91/6 "/>
</bind>
</comp>

<comp id="441" class="1004" name="sext_ln91_fu_441">
<pin_list>
<pin id="442" dir="0" index="0" bw="15" slack="0"/>
<pin id="443" dir="1" index="1" bw="16" slack="0"/>
</pin_list>
<bind>
<opcode="sext(35) " fcode="sext"/>
<opset="sext_ln91/6 "/>
</bind>
</comp>

<comp id="444" class="1004" name="add_ln91_1_fu_444">
<pin_list>
<pin id="445" dir="0" index="0" bw="15" slack="0"/>
<pin id="446" dir="0" index="1" bw="15" slack="0"/>
<pin id="447" dir="1" index="2" bw="16" slack="0"/>
</pin_list>
<bind>
<opcode="add(8) " fcode="add"/>
<opset="add_ln91_1/6 "/>
</bind>
</comp>

<comp id="450" class="1004" name="zext_ln92_1_fu_450">
<pin_list>
<pin id="451" dir="0" index="0" bw="12" slack="0"/>
<pin id="452" dir="1" index="1" bw="14" slack="0"/>
</pin_list>
<bind>
<opcode="zext(34) " fcode="zext"/>
<opset="zext_ln92_1/6 "/>
</bind>
</comp>

<comp id="454" class="1004" name="sub_ln92_fu_454">
<pin_list>
<pin id="455" dir="0" index="0" bw="1" slack="0"/>
<pin id="456" dir="0" index="1" bw="12" slack="0"/>
<pin id="457" dir="1" index="2" bw="14" slack="0"/>
</pin_list>
<bind>
<opcode="sub(10) " fcode="sub"/>
<opset="sub_ln92/6 "/>
</bind>
</comp>

<comp id="460" class="1004" name="tmp_11_fu_460">
<pin_list>
<pin id="461" dir="0" index="0" bw="9" slack="0"/>
<pin id="462" dir="0" index="1" bw="8" slack="3"/>
<pin id="463" dir="0" index="2" bw="1" slack="0"/>
<pin id="464" dir="1" index="3" bw="9" slack="0"/>
</pin_list>
<bind>
<opcode="bitconcatenate(1004) " fcode="bitconcatenate"/>
<opset="tmp_11/6 "/>
</bind>
</comp>

<comp id="467" class="1004" name="zext_ln92_2_fu_467">
<pin_list>
<pin id="468" dir="0" index="0" bw="9" slack="0"/>
<pin id="469" dir="1" index="1" bw="14" slack="0"/>
</pin_list>
<bind>
<opcode="zext(34) " fcode="zext"/>
<opset="zext_ln92_2/6 "/>
</bind>
</comp>

<comp id="471" class="1004" name="sub_ln92_1_fu_471">
<pin_list>
<pin id="472" dir="0" index="0" bw="13" slack="0"/>
<pin id="473" dir="0" index="1" bw="9" slack="0"/>
<pin id="474" dir="1" index="2" bw="14" slack="0"/>
</pin_list>
<bind>
<opcode="sub(10) " fcode="sub"/>
<opset="sub_ln92_1/6 "/>
</bind>
</comp>

<comp id="477" class="1004" name="sext_ln92_fu_477">
<pin_list>
<pin id="478" dir="0" index="0" bw="14" slack="0"/>
<pin id="479" dir="1" index="1" bw="16" slack="0"/>
</pin_list>
<bind>
<opcode="sext(35) " fcode="sext"/>
<opset="sext_ln92/6 "/>
</bind>
</comp>

<comp id="481" class="1004" name="zext_ln92_fu_481">
<pin_list>
<pin id="482" dir="0" index="0" bw="15" slack="0"/>
<pin id="483" dir="1" index="1" bw="16" slack="0"/>
</pin_list>
<bind>
<opcode="zext(34) " fcode="zext"/>
<opset="zext_ln92/6 "/>
</bind>
</comp>

<comp id="484" class="1004" name="add_ln92_1_fu_484">
<pin_list>
<pin id="485" dir="0" index="0" bw="15" slack="0"/>
<pin id="486" dir="0" index="1" bw="14" slack="0"/>
<pin id="487" dir="1" index="2" bw="16" slack="0"/>
</pin_list>
<bind>
<opcode="add(8) " fcode="add"/>
<opset="add_ln92_1/6 "/>
</bind>
</comp>

<comp id="490" class="1004" name="Y_fu_490">
<pin_list>
<pin id="491" dir="0" index="0" bw="8" slack="1"/>
<pin id="492" dir="0" index="1" bw="6" slack="0"/>
<pin id="493" dir="1" index="2" bw="8" slack="0"/>
</pin_list>
<bind>
<opcode="add(8) " fcode="add"/>
<opset="Y/7 "/>
</bind>
</comp>

<comp id="496" class="1004" name="bit_sel1_fu_496">
<pin_list>
<pin id="497" dir="0" index="0" bw="1" slack="0"/>
<pin id="498" dir="0" index="1" bw="16" slack="0"/>
<pin id="499" dir="0" index="2" bw="5" slack="0"/>
<pin id="500" dir="1" index="3" bw="1" slack="0"/>
</pin_list>
<bind>
<opcode="bitselect(1000) " fcode="bitselect"/>
<opset="bit_sel1/7 "/>
</bind>
</comp>

<comp id="503" class="1004" name="xor_ln91_fu_503">
<pin_list>
<pin id="504" dir="0" index="0" bw="1" slack="0"/>
<pin id="505" dir="0" index="1" bw="1" slack="0"/>
<pin id="506" dir="1" index="2" bw="1" slack="0"/>
</pin_list>
<bind>
<opcode="xor(25) " fcode="xor"/>
<opset="xor_ln91/7 "/>
</bind>
</comp>

<comp id="509" class="1004" name="part_sel3_fu_509">
<pin_list>
<pin id="510" dir="0" index="0" bw="7" slack="0"/>
<pin id="511" dir="0" index="1" bw="16" slack="0"/>
<pin id="512" dir="0" index="2" bw="5" slack="0"/>
<pin id="513" dir="0" index="3" bw="5" slack="0"/>
<pin id="514" dir="1" index="4" bw="7" slack="0"/>
</pin_list>
<bind>
<opcode="partselect(1002) " fcode="partselect"/>
<opset="part_sel3/7 "/>
</bind>
</comp>

<comp id="518" class="1004" name="U_fu_518">
<pin_list>
<pin id="519" dir="0" index="0" bw="8" slack="0"/>
<pin id="520" dir="0" index="1" bw="1" slack="0"/>
<pin id="521" dir="0" index="2" bw="7" slack="0"/>
<pin id="522" dir="1" index="3" bw="8" slack="0"/>
</pin_list>
<bind>
<opcode="bitconcatenate(1004) " fcode="bitconcatenate"/>
<opset="U/7 "/>
</bind>
</comp>

<comp id="527" class="1004" name="bit_sel_fu_527">
<pin_list>
<pin id="528" dir="0" index="0" bw="1" slack="0"/>
<pin id="529" dir="0" index="1" bw="16" slack="0"/>
<pin id="530" dir="0" index="2" bw="5" slack="0"/>
<pin id="531" dir="1" index="3" bw="1" slack="0"/>
</pin_list>
<bind>
<opcode="bitselect(1000) " fcode="bitselect"/>
<opset="bit_sel/7 "/>
</bind>
</comp>

<comp id="534" class="1004" name="xor_ln92_fu_534">
<pin_list>
<pin id="535" dir="0" index="0" bw="1" slack="0"/>
<pin id="536" dir="0" index="1" bw="1" slack="0"/>
<pin id="537" dir="1" index="2" bw="1" slack="0"/>
</pin_list>
<bind>
<opcode="xor(25) " fcode="xor"/>
<opset="xor_ln92/7 "/>
</bind>
</comp>

<comp id="540" class="1004" name="part_sel_fu_540">
<pin_list>
<pin id="541" dir="0" index="0" bw="7" slack="0"/>
<pin id="542" dir="0" index="1" bw="16" slack="0"/>
<pin id="543" dir="0" index="2" bw="5" slack="0"/>
<pin id="544" dir="0" index="3" bw="5" slack="0"/>
<pin id="545" dir="1" index="4" bw="7" slack="0"/>
</pin_list>
<bind>
<opcode="partselect(1002) " fcode="partselect"/>
<opset="part_sel/7 "/>
</bind>
</comp>

<comp id="549" class="1004" name="V_fu_549">
<pin_list>
<pin id="550" dir="0" index="0" bw="8" slack="0"/>
<pin id="551" dir="0" index="1" bw="1" slack="0"/>
<pin id="552" dir="0" index="2" bw="7" slack="0"/>
<pin id="553" dir="1" index="3" bw="8" slack="0"/>
</pin_list>
<bind>
<opcode="bitconcatenate(1004) " fcode="bitconcatenate"/>
<opset="V/7 "/>
</bind>
</comp>

<comp id="558" class="1007" name="grp_fu_558">
<pin_list>
<pin id="559" dir="0" index="0" bw="8" slack="0"/>
<pin id="560" dir="0" index="1" bw="5" slack="0"/>
<pin id="561" dir="0" index="2" bw="15" slack="0"/>
<pin id="562" dir="1" index="3" bw="15" slack="0"/>
</pin_list>
<bind>
<opcode="muladd(1172) " fcode="muladd"/>
<opset="mul_ln90/3 zext_ln90_3/5 add_ln90_1/5 "/>
</bind>
</comp>

<comp id="567" class="1007" name="grp_fu_567">
<pin_list>
<pin id="568" dir="0" index="0" bw="8" slack="0"/>
<pin id="569" dir="0" index="1" bw="7" slack="0"/>
<pin id="570" dir="0" index="2" bw="8" slack="0"/>
<pin id="571" dir="1" index="3" bw="15" slack="0"/>
</pin_list>
<bind>
<opcode="muladd(1172) " fcode="muladd"/>
<opset="mul_ln91/3 add_ln91/5 "/>
</bind>
</comp>

<comp id="576" class="1007" name="grp_fu_576">
<pin_list>
<pin id="577" dir="0" index="0" bw="8" slack="0"/>
<pin id="578" dir="0" index="1" bw="7" slack="0"/>
<pin id="579" dir="0" index="2" bw="8" slack="0"/>
<pin id="580" dir="1" index="3" bw="15" slack="0"/>
</pin_list>
<bind>
<opcode="muladd(1172) " fcode="muladd"/>
<opset="mul_ln92/3 add_ln92/5 "/>
</bind>
</comp>

<comp id="585" class="1007" name="grp_fu_585">
<pin_list>
<pin id="586" dir="0" index="0" bw="8" slack="0"/>
<pin id="587" dir="0" index="1" bw="8" slack="0"/>
<pin id="588" dir="0" index="2" bw="16" slack="0"/>
<pin id="589" dir="1" index="3" bw="16" slack="0"/>
</pin_list>
<bind>
<opcode="muladd(1172) " fcode="muladd"/>
<opset="mul_ln91_1/4 add_ln91_2/6 "/>
</bind>
</comp>

<comp id="595" class="1007" name="grp_fu_595">
<pin_list>
<pin id="596" dir="0" index="0" bw="8" slack="0"/>
<pin id="597" dir="0" index="1" bw="8" slack="0"/>
<pin id="598" dir="0" index="2" bw="16" slack="0"/>
<pin id="599" dir="1" index="3" bw="16" slack="0"/>
</pin_list>
<bind>
<opcode="muladd(1172) " fcode="muladd"/>
<opset="mul_ln92_1/4 add_ln92_2/6 "/>
</bind>
</comp>

<comp id="605" class="1005" name="y_reg_605">
<pin_list>
<pin id="606" dir="0" index="0" bw="16" slack="0"/>
<pin id="607" dir="1" index="1" bw="16" slack="0"/>
</pin_list>
<bind>
<opset="y "/>
</bind>
</comp>

<comp id="612" class="1005" name="x_reg_612">
<pin_list>
<pin id="613" dir="0" index="0" bw="16" slack="0"/>
<pin id="614" dir="1" index="1" bw="16" slack="0"/>
</pin_list>
<bind>
<opset="x "/>
</bind>
</comp>

<comp id="619" class="1005" name="indvar_flatten_reg_619">
<pin_list>
<pin id="620" dir="0" index="0" bw="32" slack="0"/>
<pin id="621" dir="1" index="1" bw="32" slack="0"/>
</pin_list>
<bind>
<opset="indvar_flatten "/>
</bind>
</comp>

<comp id="626" class="1005" name="height_read_reg_626">
<pin_list>
<pin id="627" dir="0" index="0" bw="16" slack="1"/>
<pin id="628" dir="1" index="1" bw="16" slack="1"/>
</pin_list>
<bind>
<opset="height_read "/>
</bind>
</comp>

<comp id="631" class="1005" name="icmp_ln80_reg_631">
<pin_list>
<pin id="632" dir="0" index="0" bw="1" slack="5"/>
<pin id="633" dir="1" index="1" bw="1" slack="2147483647"/>
</pin_list>
<bind>
<opset="icmp_ln80 "/>
</bind>
</comp>

<comp id="635" class="1005" name="zext_ln87_1_reg_635">
<pin_list>
<pin id="636" dir="0" index="0" bw="64" slack="1"/>
<pin id="637" dir="1" index="1" bw="64" slack="1"/>
</pin_list>
<bind>
<opset="zext_ln87_1 "/>
</bind>
</comp>

<comp id="640" class="1005" name="in_channels_ch1_addr_reg_640">
<pin_list>
<pin id="641" dir="0" index="0" bw="22" slack="1"/>
<pin id="642" dir="1" index="1" bw="22" slack="1"/>
</pin_list>
<bind>
<opset="in_channels_ch1_addr "/>
</bind>
</comp>

<comp id="645" class="1005" name="in_channels_ch3_addr_reg_645">
<pin_list>
<pin id="646" dir="0" index="0" bw="22" slack="1"/>
<pin id="647" dir="1" index="1" bw="22" slack="1"/>
</pin_list>
<bind>
<opset="in_channels_ch3_addr "/>
</bind>
</comp>

<comp id="650" class="1005" name="in_channels_ch2_addr_reg_650">
<pin_list>
<pin id="651" dir="0" index="0" bw="22" slack="1"/>
<pin id="652" dir="1" index="1" bw="22" slack="1"/>
</pin_list>
<bind>
<opset="in_channels_ch2_addr "/>
</bind>
</comp>

<comp id="655" class="1005" name="R_reg_655">
<pin_list>
<pin id="656" dir="0" index="0" bw="8" slack="2"/>
<pin id="657" dir="1" index="1" bw="8" slack="2"/>
</pin_list>
<bind>
<opset="R "/>
</bind>
</comp>

<comp id="661" class="1005" name="B_reg_661">
<pin_list>
<pin id="662" dir="0" index="0" bw="8" slack="3"/>
<pin id="663" dir="1" index="1" bw="8" slack="3"/>
</pin_list>
<bind>
<opset="B "/>
</bind>
</comp>

<comp id="668" class="1005" name="zext_ln90_reg_668">
<pin_list>
<pin id="669" dir="0" index="0" bw="15" slack="1"/>
<pin id="670" dir="1" index="1" bw="15" slack="1"/>
</pin_list>
<bind>
<opset="zext_ln90 "/>
</bind>
</comp>

<comp id="674" class="1005" name="zext_ln90_2_reg_674">
<pin_list>
<pin id="675" dir="0" index="0" bw="13" slack="1"/>
<pin id="676" dir="1" index="1" bw="13" slack="1"/>
</pin_list>
<bind>
<opset="zext_ln90_2 "/>
</bind>
</comp>

<comp id="679" class="1005" name="G_reg_679">
<pin_list>
<pin id="680" dir="0" index="0" bw="8" slack="2"/>
<pin id="681" dir="1" index="1" bw="8" slack="2"/>
</pin_list>
<bind>
<opset="G "/>
</bind>
</comp>

<comp id="684" class="1005" name="zext_ln90_1_reg_684">
<pin_list>
<pin id="685" dir="0" index="0" bw="16" slack="1"/>
<pin id="686" dir="1" index="1" bw="16" slack="1"/>
</pin_list>
<bind>
<opset="zext_ln90_1 "/>
</bind>
</comp>

<comp id="691" class="1005" name="add_ln90_reg_691">
<pin_list>
<pin id="692" dir="0" index="0" bw="15" slack="1"/>
<pin id="693" dir="1" index="1" bw="15" slack="1"/>
</pin_list>
<bind>
<opset="add_ln90 "/>
</bind>
</comp>

<comp id="696" class="1005" name="trunc_ln_reg_696">
<pin_list>
<pin id="697" dir="0" index="0" bw="8" slack="1"/>
<pin id="698" dir="1" index="1" bw="8" slack="1"/>
</pin_list>
<bind>
<opset="trunc_ln "/>
</bind>
</comp>

<comp id="701" class="1005" name="add_ln91_1_reg_701">
<pin_list>
<pin id="702" dir="0" index="0" bw="16" slack="1"/>
<pin id="703" dir="1" index="1" bw="16" slack="1"/>
</pin_list>
<bind>
<opset="add_ln91_1 "/>
</bind>
</comp>

<comp id="706" class="1005" name="add_ln92_1_reg_706">
<pin_list>
<pin id="707" dir="0" index="0" bw="16" slack="1"/>
<pin id="708" dir="1" index="1" bw="16" slack="1"/>
</pin_list>
<bind>
<opset="add_ln92_1 "/>
</bind>
</comp>

</comp_list>

<net_list>
<net id="121"><net_src comp="16" pin="0"/><net_sink comp="118" pin=0"/></net>

<net id="125"><net_src comp="16" pin="0"/><net_sink comp="122" pin=0"/></net>

<net id="129"><net_src comp="16" pin="0"/><net_sink comp="126" pin=0"/></net>

<net id="134"><net_src comp="36" pin="0"/><net_sink comp="130" pin=0"/></net>

<net id="135"><net_src comp="2" pin="0"/><net_sink comp="130" pin=1"/></net>

<net id="140"><net_src comp="38" pin="0"/><net_sink comp="136" pin=0"/></net>

<net id="141"><net_src comp="0" pin="0"/><net_sink comp="136" pin=1"/></net>

<net id="147"><net_src comp="116" pin="0"/><net_sink comp="142" pin=0"/></net>

<net id="148"><net_src comp="10" pin="0"/><net_sink comp="142" pin=1"/></net>

<net id="154"><net_src comp="116" pin="0"/><net_sink comp="149" pin=0"/></net>

<net id="155"><net_src comp="12" pin="0"/><net_sink comp="149" pin=1"/></net>

<net id="161"><net_src comp="116" pin="0"/><net_sink comp="156" pin=0"/></net>

<net id="162"><net_src comp="14" pin="0"/><net_sink comp="156" pin=1"/></net>

<net id="168"><net_src comp="4" pin="0"/><net_sink comp="163" pin=0"/></net>

<net id="169"><net_src comp="54" pin="0"/><net_sink comp="163" pin=1"/></net>

<net id="175"><net_src comp="8" pin="0"/><net_sink comp="170" pin=0"/></net>

<net id="176"><net_src comp="54" pin="0"/><net_sink comp="170" pin=1"/></net>

<net id="182"><net_src comp="163" pin="3"/><net_sink comp="177" pin=0"/></net>

<net id="188"><net_src comp="170" pin="3"/><net_sink comp="183" pin=0"/></net>

<net id="194"><net_src comp="6" pin="0"/><net_sink comp="189" pin=0"/></net>

<net id="195"><net_src comp="54" pin="0"/><net_sink comp="189" pin=1"/></net>

<net id="201"><net_src comp="189" pin="3"/><net_sink comp="196" pin=0"/></net>

<net id="206"><net_src comp="22" pin="0"/><net_sink comp="202" pin=0"/></net>

<net id="211"><net_src comp="40" pin="0"/><net_sink comp="207" pin=0"/></net>

<net id="216"><net_src comp="40" pin="0"/><net_sink comp="212" pin=0"/></net>

<net id="224"><net_src comp="217" pin="1"/><net_sink comp="220" pin=0"/></net>

<net id="225"><net_src comp="136" pin="2"/><net_sink comp="220" pin=1"/></net>

<net id="230"><net_src comp="217" pin="1"/><net_sink comp="226" pin=0"/></net>

<net id="231"><net_src comp="16" pin="0"/><net_sink comp="226" pin=1"/></net>

<net id="236"><net_src comp="226" pin="2"/><net_sink comp="232" pin=0"/></net>

<net id="247"><net_src comp="240" pin="1"/><net_sink comp="243" pin=0"/></net>

<net id="248"><net_src comp="44" pin="0"/><net_sink comp="243" pin=1"/></net>

<net id="253"><net_src comp="237" pin="1"/><net_sink comp="249" pin=0"/></net>

<net id="259"><net_src comp="249" pin="2"/><net_sink comp="254" pin=0"/></net>

<net id="260"><net_src comp="40" pin="0"/><net_sink comp="254" pin=1"/></net>

<net id="261"><net_src comp="237" pin="1"/><net_sink comp="254" pin=2"/></net>

<net id="267"><net_src comp="249" pin="2"/><net_sink comp="262" pin=0"/></net>

<net id="268"><net_src comp="243" pin="2"/><net_sink comp="262" pin=1"/></net>

<net id="269"><net_src comp="240" pin="1"/><net_sink comp="262" pin=2"/></net>

<net id="273"><net_src comp="262" pin="3"/><net_sink comp="270" pin=0"/></net>

<net id="279"><net_src comp="46" pin="0"/><net_sink comp="274" pin=0"/></net>

<net id="280"><net_src comp="270" pin="1"/><net_sink comp="274" pin=1"/></net>

<net id="281"><net_src comp="48" pin="0"/><net_sink comp="274" pin=2"/></net>

<net id="285"><net_src comp="262" pin="3"/><net_sink comp="282" pin=0"/></net>

<net id="291"><net_src comp="50" pin="0"/><net_sink comp="286" pin=0"/></net>

<net id="292"><net_src comp="282" pin="1"/><net_sink comp="286" pin=1"/></net>

<net id="293"><net_src comp="52" pin="0"/><net_sink comp="286" pin=2"/></net>

<net id="298"><net_src comp="274" pin="3"/><net_sink comp="294" pin=0"/></net>

<net id="299"><net_src comp="286" pin="3"/><net_sink comp="294" pin=1"/></net>

<net id="303"><net_src comp="254" pin="3"/><net_sink comp="300" pin=0"/></net>

<net id="308"><net_src comp="294" pin="2"/><net_sink comp="304" pin=0"/></net>

<net id="309"><net_src comp="300" pin="1"/><net_sink comp="304" pin=1"/></net>

<net id="313"><net_src comp="304" pin="2"/><net_sink comp="310" pin=0"/></net>

<net id="314"><net_src comp="310" pin="1"/><net_sink comp="163" pin=2"/></net>

<net id="315"><net_src comp="310" pin="1"/><net_sink comp="170" pin=2"/></net>

<net id="320"><net_src comp="254" pin="3"/><net_sink comp="316" pin=0"/></net>

<net id="321"><net_src comp="44" pin="0"/><net_sink comp="316" pin=1"/></net>

<net id="326"><net_src comp="262" pin="3"/><net_sink comp="322" pin=0"/></net>

<net id="331"><net_src comp="316" pin="2"/><net_sink comp="327" pin=0"/></net>

<net id="335"><net_src comp="177" pin="3"/><net_sink comp="332" pin=0"/></net>

<net id="339"><net_src comp="183" pin="3"/><net_sink comp="336" pin=0"/></net>

<net id="343"><net_src comp="196" pin="3"/><net_sink comp="340" pin=0"/></net>

<net id="349"><net_src comp="66" pin="0"/><net_sink comp="344" pin=0"/></net>

<net id="350"><net_src comp="68" pin="0"/><net_sink comp="344" pin=2"/></net>

<net id="354"><net_src comp="344" pin="3"/><net_sink comp="351" pin=0"/></net>

<net id="360"><net_src comp="70" pin="0"/><net_sink comp="355" pin=0"/></net>

<net id="361"><net_src comp="72" pin="0"/><net_sink comp="355" pin=2"/></net>

<net id="365"><net_src comp="355" pin="3"/><net_sink comp="362" pin=0"/></net>

<net id="370"><net_src comp="351" pin="1"/><net_sink comp="366" pin=0"/></net>

<net id="371"><net_src comp="362" pin="1"/><net_sink comp="366" pin=1"/></net>

<net id="376"><net_src comp="366" pin="2"/><net_sink comp="372" pin=0"/></net>

<net id="377"><net_src comp="74" pin="0"/><net_sink comp="372" pin=1"/></net>

<net id="383"><net_src comp="76" pin="0"/><net_sink comp="378" pin=0"/></net>

<net id="384"><net_src comp="78" pin="0"/><net_sink comp="378" pin=2"/></net>

<net id="388"><net_src comp="378" pin="3"/><net_sink comp="385" pin=0"/></net>

<net id="393"><net_src comp="385" pin="1"/><net_sink comp="389" pin=0"/></net>

<net id="401"><net_src comp="394" pin="1"/><net_sink comp="397" pin=0"/></net>

<net id="402"><net_src comp="389" pin="2"/><net_sink comp="397" pin=1"/></net>

<net id="409"><net_src comp="80" pin="0"/><net_sink comp="403" pin=0"/></net>

<net id="410"><net_src comp="397" pin="2"/><net_sink comp="403" pin=1"/></net>

<net id="411"><net_src comp="82" pin="0"/><net_sink comp="403" pin=2"/></net>

<net id="412"><net_src comp="84" pin="0"/><net_sink comp="403" pin=3"/></net>

<net id="418"><net_src comp="76" pin="0"/><net_sink comp="413" pin=0"/></net>

<net id="419"><net_src comp="78" pin="0"/><net_sink comp="413" pin=2"/></net>

<net id="425"><net_src comp="86" pin="0"/><net_sink comp="420" pin=0"/></net>

<net id="426"><net_src comp="88" pin="0"/><net_sink comp="420" pin=2"/></net>

<net id="430"><net_src comp="420" pin="3"/><net_sink comp="427" pin=0"/></net>

<net id="435"><net_src comp="413" pin="3"/><net_sink comp="431" pin=0"/></net>

<net id="436"><net_src comp="427" pin="1"/><net_sink comp="431" pin=1"/></net>

<net id="440"><net_src comp="431" pin="2"/><net_sink comp="437" pin=0"/></net>

<net id="448"><net_src comp="441" pin="1"/><net_sink comp="444" pin=0"/></net>

<net id="449"><net_src comp="437" pin="1"/><net_sink comp="444" pin=1"/></net>

<net id="453"><net_src comp="420" pin="3"/><net_sink comp="450" pin=0"/></net>

<net id="458"><net_src comp="90" pin="0"/><net_sink comp="454" pin=0"/></net>

<net id="459"><net_src comp="450" pin="1"/><net_sink comp="454" pin=1"/></net>

<net id="465"><net_src comp="70" pin="0"/><net_sink comp="460" pin=0"/></net>

<net id="466"><net_src comp="72" pin="0"/><net_sink comp="460" pin=2"/></net>

<net id="470"><net_src comp="460" pin="3"/><net_sink comp="467" pin=0"/></net>

<net id="475"><net_src comp="454" pin="2"/><net_sink comp="471" pin=0"/></net>

<net id="476"><net_src comp="467" pin="1"/><net_sink comp="471" pin=1"/></net>

<net id="480"><net_src comp="471" pin="2"/><net_sink comp="477" pin=0"/></net>

<net id="488"><net_src comp="481" pin="1"/><net_sink comp="484" pin=0"/></net>

<net id="489"><net_src comp="477" pin="1"/><net_sink comp="484" pin=1"/></net>

<net id="494"><net_src comp="104" pin="0"/><net_sink comp="490" pin=1"/></net>

<net id="495"><net_src comp="490" pin="2"/><net_sink comp="142" pin=2"/></net>

<net id="501"><net_src comp="106" pin="0"/><net_sink comp="496" pin=0"/></net>

<net id="502"><net_src comp="84" pin="0"/><net_sink comp="496" pin=2"/></net>

<net id="507"><net_src comp="496" pin="3"/><net_sink comp="503" pin=0"/></net>

<net id="508"><net_src comp="108" pin="0"/><net_sink comp="503" pin=1"/></net>

<net id="515"><net_src comp="110" pin="0"/><net_sink comp="509" pin=0"/></net>

<net id="516"><net_src comp="82" pin="0"/><net_sink comp="509" pin=2"/></net>

<net id="517"><net_src comp="112" pin="0"/><net_sink comp="509" pin=3"/></net>

<net id="523"><net_src comp="114" pin="0"/><net_sink comp="518" pin=0"/></net>

<net id="524"><net_src comp="503" pin="2"/><net_sink comp="518" pin=1"/></net>

<net id="525"><net_src comp="509" pin="4"/><net_sink comp="518" pin=2"/></net>

<net id="526"><net_src comp="518" pin="3"/><net_sink comp="149" pin=2"/></net>

<net id="532"><net_src comp="106" pin="0"/><net_sink comp="527" pin=0"/></net>

<net id="533"><net_src comp="84" pin="0"/><net_sink comp="527" pin=2"/></net>

<net id="538"><net_src comp="527" pin="3"/><net_sink comp="534" pin=0"/></net>

<net id="539"><net_src comp="108" pin="0"/><net_sink comp="534" pin=1"/></net>

<net id="546"><net_src comp="110" pin="0"/><net_sink comp="540" pin=0"/></net>

<net id="547"><net_src comp="82" pin="0"/><net_sink comp="540" pin=2"/></net>

<net id="548"><net_src comp="112" pin="0"/><net_sink comp="540" pin=3"/></net>

<net id="554"><net_src comp="114" pin="0"/><net_sink comp="549" pin=0"/></net>

<net id="555"><net_src comp="534" pin="2"/><net_sink comp="549" pin=1"/></net>

<net id="556"><net_src comp="540" pin="4"/><net_sink comp="549" pin=2"/></net>

<net id="557"><net_src comp="549" pin="3"/><net_sink comp="156" pin=2"/></net>

<net id="563"><net_src comp="336" pin="1"/><net_sink comp="558" pin=0"/></net>

<net id="564"><net_src comp="56" pin="0"/><net_sink comp="558" pin=1"/></net>

<net id="565"><net_src comp="372" pin="2"/><net_sink comp="558" pin=2"/></net>

<net id="566"><net_src comp="558" pin="3"/><net_sink comp="394" pin=0"/></net>

<net id="572"><net_src comp="332" pin="1"/><net_sink comp="567" pin=0"/></net>

<net id="573"><net_src comp="58" pin="0"/><net_sink comp="567" pin=1"/></net>

<net id="574"><net_src comp="74" pin="0"/><net_sink comp="567" pin=2"/></net>

<net id="575"><net_src comp="567" pin="3"/><net_sink comp="441" pin=0"/></net>

<net id="581"><net_src comp="332" pin="1"/><net_sink comp="576" pin=0"/></net>

<net id="582"><net_src comp="60" pin="0"/><net_sink comp="576" pin=1"/></net>

<net id="583"><net_src comp="74" pin="0"/><net_sink comp="576" pin=2"/></net>

<net id="584"><net_src comp="576" pin="3"/><net_sink comp="481" pin=0"/></net>

<net id="590"><net_src comp="340" pin="1"/><net_sink comp="585" pin=0"/></net>

<net id="591"><net_src comp="62" pin="0"/><net_sink comp="585" pin=1"/></net>

<net id="592"><net_src comp="444" pin="2"/><net_sink comp="585" pin=2"/></net>

<net id="593"><net_src comp="585" pin="3"/><net_sink comp="496" pin=1"/></net>

<net id="594"><net_src comp="585" pin="3"/><net_sink comp="509" pin=1"/></net>

<net id="600"><net_src comp="340" pin="1"/><net_sink comp="595" pin=0"/></net>

<net id="601"><net_src comp="64" pin="0"/><net_sink comp="595" pin=1"/></net>

<net id="602"><net_src comp="484" pin="2"/><net_sink comp="595" pin=2"/></net>

<net id="603"><net_src comp="595" pin="3"/><net_sink comp="527" pin=1"/></net>

<net id="604"><net_src comp="595" pin="3"/><net_sink comp="540" pin=1"/></net>

<net id="608"><net_src comp="118" pin="1"/><net_sink comp="605" pin=0"/></net>

<net id="609"><net_src comp="605" pin="1"/><net_sink comp="212" pin=1"/></net>

<net id="610"><net_src comp="605" pin="1"/><net_sink comp="237" pin=0"/></net>

<net id="611"><net_src comp="605" pin="1"/><net_sink comp="327" pin=1"/></net>

<net id="615"><net_src comp="122" pin="1"/><net_sink comp="612" pin=0"/></net>

<net id="616"><net_src comp="612" pin="1"/><net_sink comp="207" pin=1"/></net>

<net id="617"><net_src comp="612" pin="1"/><net_sink comp="240" pin=0"/></net>

<net id="618"><net_src comp="612" pin="1"/><net_sink comp="322" pin=1"/></net>

<net id="622"><net_src comp="126" pin="1"/><net_sink comp="619" pin=0"/></net>

<net id="623"><net_src comp="619" pin="1"/><net_sink comp="202" pin=1"/></net>

<net id="624"><net_src comp="619" pin="1"/><net_sink comp="217" pin=0"/></net>

<net id="625"><net_src comp="619" pin="1"/><net_sink comp="232" pin=1"/></net>

<net id="629"><net_src comp="130" pin="2"/><net_sink comp="626" pin=0"/></net>

<net id="630"><net_src comp="626" pin="1"/><net_sink comp="249" pin=1"/></net>

<net id="634"><net_src comp="220" pin="2"/><net_sink comp="631" pin=0"/></net>

<net id="638"><net_src comp="310" pin="1"/><net_sink comp="635" pin=0"/></net>

<net id="639"><net_src comp="635" pin="1"/><net_sink comp="189" pin=2"/></net>

<net id="643"><net_src comp="163" pin="3"/><net_sink comp="640" pin=0"/></net>

<net id="644"><net_src comp="640" pin="1"/><net_sink comp="177" pin=0"/></net>

<net id="648"><net_src comp="170" pin="3"/><net_sink comp="645" pin=0"/></net>

<net id="649"><net_src comp="645" pin="1"/><net_sink comp="183" pin=0"/></net>

<net id="653"><net_src comp="189" pin="3"/><net_sink comp="650" pin=0"/></net>

<net id="654"><net_src comp="650" pin="1"/><net_sink comp="196" pin=0"/></net>

<net id="658"><net_src comp="177" pin="3"/><net_sink comp="655" pin=0"/></net>

<net id="659"><net_src comp="655" pin="1"/><net_sink comp="344" pin=1"/></net>

<net id="660"><net_src comp="655" pin="1"/><net_sink comp="355" pin=1"/></net>

<net id="664"><net_src comp="183" pin="3"/><net_sink comp="661" pin=0"/></net>

<net id="665"><net_src comp="661" pin="1"/><net_sink comp="413" pin=1"/></net>

<net id="666"><net_src comp="661" pin="1"/><net_sink comp="420" pin=1"/></net>

<net id="667"><net_src comp="661" pin="1"/><net_sink comp="460" pin=1"/></net>

<net id="671"><net_src comp="332" pin="1"/><net_sink comp="668" pin=0"/></net>

<net id="672"><net_src comp="668" pin="1"/><net_sink comp="567" pin=0"/></net>

<net id="673"><net_src comp="668" pin="1"/><net_sink comp="576" pin=0"/></net>

<net id="677"><net_src comp="336" pin="1"/><net_sink comp="674" pin=0"/></net>

<net id="678"><net_src comp="674" pin="1"/><net_sink comp="558" pin=0"/></net>

<net id="682"><net_src comp="196" pin="3"/><net_sink comp="679" pin=0"/></net>

<net id="683"><net_src comp="679" pin="1"/><net_sink comp="378" pin=1"/></net>

<net id="687"><net_src comp="340" pin="1"/><net_sink comp="684" pin=0"/></net>

<net id="688"><net_src comp="684" pin="1"/><net_sink comp="585" pin=0"/></net>

<net id="689"><net_src comp="684" pin="1"/><net_sink comp="595" pin=0"/></net>

<net id="690"><net_src comp="684" pin="1"/><net_sink comp="389" pin=1"/></net>

<net id="694"><net_src comp="372" pin="2"/><net_sink comp="691" pin=0"/></net>

<net id="695"><net_src comp="691" pin="1"/><net_sink comp="558" pin=0"/></net>

<net id="699"><net_src comp="403" pin="4"/><net_sink comp="696" pin=0"/></net>

<net id="700"><net_src comp="696" pin="1"/><net_sink comp="490" pin=0"/></net>

<net id="704"><net_src comp="444" pin="2"/><net_sink comp="701" pin=0"/></net>

<net id="705"><net_src comp="701" pin="1"/><net_sink comp="585" pin=0"/></net>

<net id="709"><net_src comp="484" pin="2"/><net_sink comp="706" pin=0"/></net>

<net id="710"><net_src comp="706" pin="1"/><net_sink comp="595" pin=0"/></net>

</net_list>

</model> 
---------------- Datapath Model END ------------------

* FSMD analyzer results:
  - Output states:
	Port: in_channels_ch1 | {}
	Port: in_channels_ch2 | {}
	Port: in_channels_ch3 | {}
	Port: p_yuv_channels_ch1 | {7 }
	Port: p_yuv_channels_ch2 | {7 }
	Port: p_yuv_channels_ch3 | {7 }
 - Input state : 
	Port: rgb2yuv_Pipeline_RGB2YUV_LOOP_X_RGB2YUV_LOOP_Y : bound | {1 }
	Port: rgb2yuv_Pipeline_RGB2YUV_LOOP_X_RGB2YUV_LOOP_Y : height | {1 }
	Port: rgb2yuv_Pipeline_RGB2YUV_LOOP_X_RGB2YUV_LOOP_Y : in_channels_ch1 | {2 3 }
	Port: rgb2yuv_Pipeline_RGB2YUV_LOOP_X_RGB2YUV_LOOP_Y : in_channels_ch2 | {3 4 }
	Port: rgb2yuv_Pipeline_RGB2YUV_LOOP_X_RGB2YUV_LOOP_Y : in_channels_ch3 | {2 3 }
	Port: rgb2yuv_Pipeline_RGB2YUV_LOOP_X_RGB2YUV_LOOP_Y : p_yuv_channels_ch1 | {}
	Port: rgb2yuv_Pipeline_RGB2YUV_LOOP_X_RGB2YUV_LOOP_Y : p_yuv_channels_ch2 | {}
	Port: rgb2yuv_Pipeline_RGB2YUV_LOOP_X_RGB2YUV_LOOP_Y : p_yuv_channels_ch3 | {}
  - Chain level:
	State 1
		store_ln0 : 1
		store_ln65 : 1
		store_ln65 : 1
		indvar_flatten_load : 1
		icmp_ln80 : 2
		br_ln80 : 3
		add_ln80_1 : 2
		store_ln80 : 3
	State 2
		add_ln80 : 1
		icmp_ln84 : 1
		select_ln82 : 2
		select_ln80 : 2
		trunc_ln87 : 3
		p_shl3 : 4
		trunc_ln87_1 : 3
		p_shl4 : 4
		add_ln84_1 : 5
		zext_ln87 : 3
		add_ln87 : 6
		zext_ln87_1 : 7
		in_channels_ch1_addr : 8
		in_channels_ch3_addr : 8
		R : 9
		B : 9
		add_ln84 : 3
		store_ln65 : 3
		store_ln65 : 4
	State 3
		G : 1
		zext_ln90 : 1
		zext_ln90_2 : 1
		mul_ln90 : 2
		mul_ln91 : 2
		mul_ln92 : 2
	State 4
		zext_ln90_1 : 1
		mul_ln91_1 : 2
		mul_ln92_1 : 2
	State 5
		zext_ln90_3 : 1
		zext_ln90_4 : 1
		zext_ln90_5 : 1
		add_ln90_3 : 2
		add_ln90 : 3
		add_ln90_1 : 4
		add_ln91 : 1
		add_ln92 : 1
	State 6
		zext_ln90_7 : 1
		add_ln90_4 : 2
		zext_ln90_6 : 1
		add_ln90_2 : 3
		trunc_ln : 4
		zext_ln91_1 : 1
		sub_ln91 : 2
		zext_ln91 : 3
		sext_ln91 : 1
		add_ln91_1 : 4
		add_ln91_2 : 5
		zext_ln92_1 : 1
		sub_ln92 : 2
		zext_ln92_2 : 1
		sub_ln92_1 : 3
		sext_ln92 : 4
		zext_ln92 : 1
		add_ln92_1 : 5
		add_ln92_2 : 6
	State 7
		bit_sel1 : 1
		xor_ln91 : 2
		part_sel3 : 1
		U : 2
		bit_sel : 1
		xor_ln92 : 2
		part_sel : 1
		V : 2
		write_ln93 : 1
		write_ln94 : 3
		write_ln95 : 3


============================================================
+ Verbose Summary: Datapath Resource usage 
============================================================

* Functional unit list:
|----------|-------------------------|---------|---------|---------|
| Operation|     Functional Unit     |   DSP   |    FF   |   LUT   |
|----------|-------------------------|---------|---------|---------|
|          |    add_ln80_1_fu_226    |    0    |    0    |    39   |
|          |     add_ln80_fu_243     |    0    |    0    |    23   |
|          |    add_ln84_1_fu_294    |    0    |    0    |    22   |
|          |     add_ln87_fu_304     |    0    |    0    |    22   |
|          |     add_ln84_fu_316     |    0    |    0    |    23   |
|    add   |    add_ln90_3_fu_366    |    0    |    0    |    14   |
|          |     add_ln90_fu_372     |    0    |    0    |    15   |
|          |    add_ln90_4_fu_389    |    0    |    0    |    15   |
|          |    add_ln90_2_fu_397    |    0    |    0    |    16   |
|          |    add_ln91_1_fu_444    |    0    |    0    |    22   |
|          |    add_ln92_1_fu_484    |    0    |    0    |    22   |
|          |         Y_fu_490        |    0    |    0    |    15   |
|----------|-------------------------|---------|---------|---------|
|   icmp   |     icmp_ln80_fu_220    |    0    |    0    |    39   |
|          |     icmp_ln84_fu_249    |    0    |    0    |    23   |
|----------|-------------------------|---------|---------|---------|
|          |     sub_ln91_fu_431     |    0    |    0    |    22   |
|    sub   |     sub_ln92_fu_454     |    0    |    0    |    12   |
|          |    sub_ln92_1_fu_471    |    0    |    0    |    13   |
|----------|-------------------------|---------|---------|---------|
|  select  |    select_ln82_fu_254   |    0    |    0    |    16   |
|          |    select_ln80_fu_262   |    0    |    0    |    16   |
|----------|-------------------------|---------|---------|---------|
|          |        grp_fu_558       |    1    |    0    |    0    |
|          |        grp_fu_567       |    1    |    0    |    0    |
|  muladd  |        grp_fu_576       |    1    |    0    |    0    |
|          |        grp_fu_585       |    1    |    0    |    0    |
|          |        grp_fu_595       |    1    |    0    |    0    |
|----------|-------------------------|---------|---------|---------|
|    xor   |     xor_ln91_fu_503     |    0    |    0    |    2    |
|          |     xor_ln92_fu_534     |    0    |    0    |    2    |
|----------|-------------------------|---------|---------|---------|
|   read   | height_read_read_fu_130 |    0    |    0    |    0    |
|          |  bound_read_read_fu_136 |    0    |    0    |    0    |
|----------|-------------------------|---------|---------|---------|
|          | write_ln93_write_fu_142 |    0    |    0    |    0    |
|   write  | write_ln94_write_fu_149 |    0    |    0    |    0    |
|          | write_ln95_write_fu_156 |    0    |    0    |    0    |
|----------|-------------------------|---------|---------|---------|
|   trunc  |    trunc_ln87_fu_270    |    0    |    0    |    0    |
|          |   trunc_ln87_1_fu_282   |    0    |    0    |    0    |
|----------|-------------------------|---------|---------|---------|
|          |      p_shl3_fu_274      |    0    |    0    |    0    |
|          |      p_shl4_fu_286      |    0    |    0    |    0    |
|          |        tmp_fu_344       |    0    |    0    |    0    |
|          |       tmp_8_fu_355      |    0    |    0    |    0    |
|bitconcatenate|       tmp_9_fu_378      |    0    |    0    |    0    |
|          |      p_shl8_fu_413      |    0    |    0    |    0    |
|          |      tmp_10_fu_420      |    0    |    0    |    0    |
|          |      tmp_11_fu_460      |    0    |    0    |    0    |
|          |         U_fu_518        |    0    |    0    |    0    |
|          |         V_fu_549        |    0    |    0    |    0    |
|----------|-------------------------|---------|---------|---------|
|          |     zext_ln87_fu_300    |    0    |    0    |    0    |
|          |    zext_ln87_1_fu_310   |    0    |    0    |    0    |
|          |     zext_ln90_fu_332    |    0    |    0    |    0    |
|          |    zext_ln90_2_fu_336   |    0    |    0    |    0    |
|          |    zext_ln90_1_fu_340   |    0    |    0    |    0    |
|          |    zext_ln90_4_fu_351   |    0    |    0    |    0    |
|   zext   |    zext_ln90_5_fu_362   |    0    |    0    |    0    |
|          |    zext_ln90_7_fu_385   |    0    |    0    |    0    |
|          |    zext_ln90_6_fu_394   |    0    |    0    |    0    |
|          |    zext_ln91_1_fu_427   |    0    |    0    |    0    |
|          |     zext_ln91_fu_437    |    0    |    0    |    0    |
|          |    zext_ln92_1_fu_450   |    0    |    0    |    0    |
|          |    zext_ln92_2_fu_467   |    0    |    0    |    0    |
|          |     zext_ln92_fu_481    |    0    |    0    |    0    |
|----------|-------------------------|---------|---------|---------|
|          |     trunc_ln_fu_403     |    0    |    0    |    0    |
|partselect|     part_sel3_fu_509    |    0    |    0    |    0    |
|          |     part_sel_fu_540     |    0    |    0    |    0    |
|----------|-------------------------|---------|---------|---------|
|   sext   |     sext_ln91_fu_441    |    0    |    0    |    0    |
|          |     sext_ln92_fu_477    |    0    |    0    |    0    |
|----------|-------------------------|---------|---------|---------|
| bitselect|     bit_sel1_fu_496     |    0    |    0    |    0    |
|          |      bit_sel_fu_527     |    0    |    0    |    0    |
|----------|-------------------------|---------|---------|---------|
|   Total  |                         |    5    |    0    |   393   |
|----------|-------------------------|---------|---------|---------|

Memories:
N/A

* Register list:
+----------------------------+--------+
|                            |   FF   |
+----------------------------+--------+
|          B_reg_661         |    8   |
|          G_reg_679         |    8   |
|          R_reg_655         |    8   |
|      add_ln90_reg_691      |   15   |
|     add_ln91_1_reg_701     |   16   |
|     add_ln92_1_reg_706     |   16   |
|     height_read_reg_626    |   16   |
|      icmp_ln80_reg_631     |    1   |
|in_channels_ch1_addr_reg_640|   22   |
|in_channels_ch2_addr_reg_650|   22   |
|in_channels_ch3_addr_reg_645|   22   |
|   indvar_flatten_reg_619   |   32   |
|      trunc_ln_reg_696      |    8   |
|          x_reg_612         |   16   |
|          y_reg_605         |   16   |
|     zext_ln87_1_reg_635    |   64   |
|     zext_ln90_1_reg_684    |   16   |
|     zext_ln90_2_reg_674    |   13   |
|      zext_ln90_reg_668     |   15   |
+----------------------------+--------+
|            Total           |   334  |
+----------------------------+--------+

* Multiplexer (MUX) list: 
|-------------------|------|------|------|--------||---------||---------||---------|
|        Comp       |  Pin | Size |  BW  | S x BW ||  Delay  ||    FF   ||   LUT   |
|-------------------|------|------|------|--------||---------||---------||---------|
| grp_access_fu_177 |  p0  |   2  |  22  |   44   ||    0    ||    9    |
| grp_access_fu_183 |  p0  |   2  |  22  |   44   ||    0    ||    9    |
| grp_access_fu_196 |  p0  |   2  |  22  |   44   ||    0    ||    9    |
|     grp_fu_558    |  p0  |   3  |   8  |   24   ||    0    ||    13   |
|     grp_fu_567    |  p0  |   2  |   8  |   16   ||    0    ||    9    |
|     grp_fu_576    |  p0  |   2  |   8  |   16   ||    0    ||    9    |
|     grp_fu_585    |  p0  |   3  |   8  |   24   ||    0    ||    13   |
|     grp_fu_595    |  p0  |   3  |   8  |   24   ||    0    ||    13   |
|-------------------|------|------|------|--------||---------||---------||---------|
|       Total       |      |      |      |   236  || 10.6676 ||    0    ||    84   |
|-------------------|------|------|------|--------||---------||---------||---------|



* Summary:
+-----------+--------+--------+--------+--------+
|           |   DSP  |  Delay |   FF   |   LUT  |
+-----------+--------+--------+--------+--------+
|  Function |    5   |    -   |    0   |   393  |
|   Memory  |    -   |    -   |    -   |    -   |
|Multiplexer|    -   |   10   |    0   |   84   |
|  Register |    -   |    -   |   334  |    -   |
+-----------+--------+--------+--------+--------+
|   Total   |    5   |   10   |   334  |   477  |
+-----------+--------+--------+--------+--------+
