Execute       source -notrace -encoding utf-8 D:/movies/2025.2/Vitis/tps/tcl/tcl8.6/clock.tcl 
Execute         source -encoding utf-8 D:/movies/2025.2/Vitis/tps/tcl/tcl8/8.5/msgcat-1.6.1.tm 
Execute           source D:/movies/2025.2/Vitis/tps/tcl/tcllib2.0/0compatibility/pkgIndex.tcl 
Execute           source D:/movies/2025.2/Vitis/tps/tcl/tcllib2.0/amazon-s3/pkgIndex.tcl 
Execute           source D:/movies/2025.2/Vitis/tps/tcl/tcllib2.0/asn/pkgIndex.tcl 
Execute           source D:/movies/2025.2/Vitis/tps/tcl/tcllib2.0/base32/pkgIndex.tcl 
Execute           source D:/movies/2025.2/Vitis/tps/tcl/tcllib2.0/base64/pkgIndex.tcl 
Execute           source D:/movies/2025.2/Vitis/tps/tcl/tcllib2.0/bee/pkgIndex.tcl 
Execute           source D:/movies/2025.2/Vitis/tps/tcl/tcllib2.0/bench/pkgIndex.tcl 
Execute           source D:/movies/2025.2/Vitis/tps/tcl/tcllib2.0/bibtex/pkgIndex.tcl 
Execute           source D:/movies/2025.2/Vitis/tps/tcl/tcllib2.0/cache/pkgIndex.tcl 
Execute           source D:/movies/2025.2/Vitis/tps/tcl/tcllib2.0/clay/pkgIndex.tcl 
Execute           source D:/movies/2025.2/Vitis/tps/tcl/tcllib2.0/clock/pkgIndex.tcl 
Execute           source D:/movies/2025.2/Vitis/tps/tcl/tcllib2.0/cmdline/pkgIndex.tcl 
Execute           source D:/movies/2025.2/Vitis/tps/tcl/tcllib2.0/comm/pkgIndex.tcl 
Execute           source D:/movies/2025.2/Vitis/tps/tcl/tcllib2.0/control/pkgIndex.tcl 
Execute           source D:/movies/2025.2/Vitis/tps/tcl/tcllib2.0/coroutine/pkgIndex.tcl 
Execute           source D:/movies/2025.2/Vitis/tps/tcl/tcllib2.0/counter/pkgIndex.tcl 
Execute           source D:/movies/2025.2/Vitis/tps/tcl/tcllib2.0/crc/pkgIndex.tcl 
Execute           source D:/movies/2025.2/Vitis/tps/tcl/tcllib2.0/cron/pkgIndex.tcl 
Execute           source D:/movies/2025.2/Vitis/tps/tcl/tcllib2.0/csv/pkgIndex.tcl 
Execute           source D:/movies/2025.2/Vitis/tps/tcl/tcllib2.0/debug/pkgIndex.tcl 
Execute           source D:/movies/2025.2/Vitis/tps/tcl/tcllib2.0/defer/pkgIndex.tcl 
Execute           source D:/movies/2025.2/Vitis/tps/tcl/tcllib2.0/dicttool/pkgIndex.tcl 
Execute           source D:/movies/2025.2/Vitis/tps/tcl/tcllib2.0/dns/pkgIndex.tcl 
Execute           source D:/movies/2025.2/Vitis/tps/tcl/tcllib2.0/docstrip/pkgIndex.tcl 
Execute           source D:/movies/2025.2/Vitis/tps/tcl/tcllib2.0/doctools/pkgIndex.tcl 
Execute           source D:/movies/2025.2/Vitis/tps/tcl/tcllib2.0/doctools2base/pkgIndex.tcl 
Execute           source D:/movies/2025.2/Vitis/tps/tcl/tcllib2.0/doctools2idx/pkgIndex.tcl 
Execute           source D:/movies/2025.2/Vitis/tps/tcl/tcllib2.0/doctools2toc/pkgIndex.tcl 
Execute           source D:/movies/2025.2/Vitis/tps/tcl/tcllib2.0/dtplite/pkgIndex.tcl 
Execute           source D:/movies/2025.2/Vitis/tps/tcl/tcllib2.0/fileutil/pkgIndex.tcl 
Execute           source D:/movies/2025.2/Vitis/tps/tcl/tcllib2.0/ftp/pkgIndex.tcl 
Execute           source D:/movies/2025.2/Vitis/tps/tcl/tcllib2.0/ftpd/pkgIndex.tcl 
Execute           source D:/movies/2025.2/Vitis/tps/tcl/tcllib2.0/fumagic/pkgIndex.tcl 
Execute           source D:/movies/2025.2/Vitis/tps/tcl/tcllib2.0/generator/pkgIndex.tcl 
Execute           source D:/movies/2025.2/Vitis/tps/tcl/tcllib2.0/gpx/pkgIndex.tcl 
Execute           source D:/movies/2025.2/Vitis/tps/tcl/tcllib2.0/grammar_aycock/pkgIndex.tcl 
Execute           source D:/movies/2025.2/Vitis/tps/tcl/tcllib2.0/grammar_fa/pkgIndex.tcl 
Execute           source D:/movies/2025.2/Vitis/tps/tcl/tcllib2.0/grammar_me/pkgIndex.tcl 
Execute           source D:/movies/2025.2/Vitis/tps/tcl/tcllib2.0/grammar_peg/pkgIndex.tcl 
Execute           source D:/movies/2025.2/Vitis/tps/tcl/tcllib2.0/hook/pkgIndex.tcl 
Execute           source D:/movies/2025.2/Vitis/tps/tcl/tcllib2.0/html/pkgIndex.tcl 
Execute           source D:/movies/2025.2/Vitis/tps/tcl/tcllib2.0/htmlparse/pkgIndex.tcl 
Execute           source D:/movies/2025.2/Vitis/tps/tcl/tcllib2.0/http/pkgIndex.tcl 
Execute           source D:/movies/2025.2/Vitis/tps/tcl/tcllib2.0/httpd/pkgIndex.tcl 
Execute           source D:/movies/2025.2/Vitis/tps/tcl/tcllib2.0/httpwget/pkgIndex.tcl 
Execute           source D:/movies/2025.2/Vitis/tps/tcl/tcllib2.0/ident/pkgIndex.tcl 
Execute           source D:/movies/2025.2/Vitis/tps/tcl/tcllib2.0/imap4/pkgIndex.tcl 
Execute           source D:/movies/2025.2/Vitis/tps/tcl/tcllib2.0/inifile/pkgIndex.tcl 
Execute           source D:/movies/2025.2/Vitis/tps/tcl/tcllib2.0/interp/pkgIndex.tcl 
Execute           source D:/movies/2025.2/Vitis/tps/tcl/tcllib2.0/irc/pkgIndex.tcl 
Execute           source D:/movies/2025.2/Vitis/tps/tcl/tcllib2.0/javascript/pkgIndex.tcl 
Execute           source D:/movies/2025.2/Vitis/tps/tcl/tcllib2.0/jpeg/pkgIndex.tcl 
Execute           source D:/movies/2025.2/Vitis/tps/tcl/tcllib2.0/json/pkgIndex.tcl 
Execute           source D:/movies/2025.2/Vitis/tps/tcl/tcllib2.0/lambda/pkgIndex.tcl 
Execute           source D:/movies/2025.2/Vitis/tps/tcl/tcllib2.0/lazyset/pkgIndex.tcl 
Execute           source D:/movies/2025.2/Vitis/tps/tcl/tcllib2.0/ldap/pkgIndex.tcl 
Execute           source D:/movies/2025.2/Vitis/tps/tcl/tcllib2.0/log/pkgIndex.tcl 
Execute           source D:/movies/2025.2/Vitis/tps/tcl/tcllib2.0/map/pkgIndex.tcl 
Execute           source D:/movies/2025.2/Vitis/tps/tcl/tcllib2.0/mapproj/pkgIndex.tcl 
Execute           source D:/movies/2025.2/Vitis/tps/tcl/tcllib2.0/markdown/pkgIndex.tcl 
Execute           source D:/movies/2025.2/Vitis/tps/tcl/tcllib2.0/math/pkgIndex.tcl 
Execute           source D:/movies/2025.2/Vitis/tps/tcl/tcllib2.0/md4/pkgIndex.tcl 
Execute           source D:/movies/2025.2/Vitis/tps/tcl/tcllib2.0/md5/pkgIndex.tcl 
Execute           source D:/movies/2025.2/Vitis/tps/tcl/tcllib2.0/md5crypt/pkgIndex.tcl 
Execute           source D:/movies/2025.2/Vitis/tps/tcl/tcllib2.0/mime/pkgIndex.tcl 
Execute           source D:/movies/2025.2/Vitis/tps/tcl/tcllib2.0/mkdoc/pkgIndex.tcl 
Execute           source D:/movies/2025.2/Vitis/tps/tcl/tcllib2.0/multiplexer/pkgIndex.tcl 
Execute           source D:/movies/2025.2/Vitis/tps/tcl/tcllib2.0/namespacex/pkgIndex.tcl 
Execute           source D:/movies/2025.2/Vitis/tps/tcl/tcllib2.0/ncgi/pkgIndex.tcl 
Execute           source D:/movies/2025.2/Vitis/tps/tcl/tcllib2.0/nettool/pkgIndex.tcl 
Execute           source D:/movies/2025.2/Vitis/tps/tcl/tcllib2.0/nmea/pkgIndex.tcl 
Execute           source D:/movies/2025.2/Vitis/tps/tcl/tcllib2.0/nns/pkgIndex.tcl 
Execute           source D:/movies/2025.2/Vitis/tps/tcl/tcllib2.0/nntp/pkgIndex.tcl 
Execute           source D:/movies/2025.2/Vitis/tps/tcl/tcllib2.0/ntp/pkgIndex.tcl 
Execute           source D:/movies/2025.2/Vitis/tps/tcl/tcllib2.0/oauth/pkgIndex.tcl 
Execute           source D:/movies/2025.2/Vitis/tps/tcl/tcllib2.0/oodialect/pkgIndex.tcl 
Execute           source D:/movies/2025.2/Vitis/tps/tcl/tcllib2.0/oometa/pkgIndex.tcl 
Execute           source D:/movies/2025.2/Vitis/tps/tcl/tcllib2.0/ooutil/pkgIndex.tcl 
Execute           source D:/movies/2025.2/Vitis/tps/tcl/tcllib2.0/otp/pkgIndex.tcl 
Execute           source D:/movies/2025.2/Vitis/tps/tcl/tcllib2.0/page/pkgIndex.tcl 
Execute           source D:/movies/2025.2/Vitis/tps/tcl/tcllib2.0/pluginmgr/pkgIndex.tcl 
Execute           source D:/movies/2025.2/Vitis/tps/tcl/tcllib2.0/png/pkgIndex.tcl 
Execute           source D:/movies/2025.2/Vitis/tps/tcl/tcllib2.0/pop3/pkgIndex.tcl 
Execute           source D:/movies/2025.2/Vitis/tps/tcl/tcllib2.0/pop3d/pkgIndex.tcl 
Execute           source D:/movies/2025.2/Vitis/tps/tcl/tcllib2.0/practcl/pkgIndex.tcl 
Execute           source D:/movies/2025.2/Vitis/tps/tcl/tcllib2.0/processman/pkgIndex.tcl 
Execute           source D:/movies/2025.2/Vitis/tps/tcl/tcllib2.0/profiler/pkgIndex.tcl 
Execute           source D:/movies/2025.2/Vitis/tps/tcl/tcllib2.0/pt/pkgIndex.tcl 
Execute           source D:/movies/2025.2/Vitis/tps/tcl/tcllib2.0/rcs/pkgIndex.tcl 
Execute           source D:/movies/2025.2/Vitis/tps/tcl/tcllib2.0/report/pkgIndex.tcl 
Execute           source D:/movies/2025.2/Vitis/tps/tcl/tcllib2.0/rest/pkgIndex.tcl 
Execute           source D:/movies/2025.2/Vitis/tps/tcl/tcllib2.0/ripemd/pkgIndex.tcl 
Execute           source D:/movies/2025.2/Vitis/tps/tcl/tcllib2.0/sasl/pkgIndex.tcl 
Execute           source D:/movies/2025.2/Vitis/tps/tcl/tcllib2.0/sha1/pkgIndex.tcl 
Execute           source D:/movies/2025.2/Vitis/tps/tcl/tcllib2.0/simulation/pkgIndex.tcl 
Execute           source D:/movies/2025.2/Vitis/tps/tcl/tcllib2.0/smtpd/pkgIndex.tcl 
Execute           source D:/movies/2025.2/Vitis/tps/tcl/tcllib2.0/snit/pkgIndex.tcl 
Execute           source D:/movies/2025.2/Vitis/tps/tcl/tcllib2.0/soundex/pkgIndex.tcl 
Execute           source D:/movies/2025.2/Vitis/tps/tcl/tcllib2.0/stooop/pkgIndex.tcl 
Execute           source D:/movies/2025.2/Vitis/tps/tcl/tcllib2.0/string/pkgIndex.tcl 
Execute           source D:/movies/2025.2/Vitis/tps/tcl/tcllib2.0/stringprep/pkgIndex.tcl 
Execute           source D:/movies/2025.2/Vitis/tps/tcl/tcllib2.0/struct/pkgIndex.tcl 
Execute           source D:/movies/2025.2/Vitis/tps/tcl/tcllib2.0/tar/pkgIndex.tcl 
Execute           source D:/movies/2025.2/Vitis/tps/tcl/tcllib2.0/tepam/pkgIndex.tcl 
Execute           source D:/movies/2025.2/Vitis/tps/tcl/tcllib2.0/term/pkgIndex.tcl 
Execute           source D:/movies/2025.2/Vitis/tps/tcl/tcllib2.0/textutil/pkgIndex.tcl 
Execute           source D:/movies/2025.2/Vitis/tps/tcl/tcllib2.0/tie/pkgIndex.tcl 
Execute           source D:/movies/2025.2/Vitis/tps/tcl/tcllib2.0/tiff/pkgIndex.tcl 
Execute           source D:/movies/2025.2/Vitis/tps/tcl/tcllib2.0/tool/pkgIndex.tcl 
Execute           source D:/movies/2025.2/Vitis/tps/tcl/tcllib2.0/transfer/pkgIndex.tcl 
Execute           source D:/movies/2025.2/Vitis/tps/tcl/tcllib2.0/treeql/pkgIndex.tcl 
Execute           source D:/movies/2025.2/Vitis/tps/tcl/tcllib2.0/try/pkgIndex.tcl 
Execute           source D:/movies/2025.2/Vitis/tps/tcl/tcllib2.0/udpcluster/pkgIndex.tcl 
Execute           source D:/movies/2025.2/Vitis/tps/tcl/tcllib2.0/uev/pkgIndex.tcl 
Execute           source D:/movies/2025.2/Vitis/tps/tcl/tcllib2.0/units/pkgIndex.tcl 
Execute           source D:/movies/2025.2/Vitis/tps/tcl/tcllib2.0/uri/pkgIndex.tcl 
Execute           source D:/movies/2025.2/Vitis/tps/tcl/tcllib2.0/uuid/pkgIndex.tcl 
Execute           source D:/movies/2025.2/Vitis/tps/tcl/tcllib2.0/valtype/pkgIndex.tcl 
Execute           source D:/movies/2025.2/Vitis/tps/tcl/tcllib2.0/virtchannel_base/pkgIndex.tcl 
Execute           source D:/movies/2025.2/Vitis/tps/tcl/tcllib2.0/virtchannel_core/pkgIndex.tcl 
Execute           source D:/movies/2025.2/Vitis/tps/tcl/tcllib2.0/virtchannel_transform/pkgIndex.tcl 
Execute           source D:/movies/2025.2/Vitis/tps/tcl/tcllib2.0/websocket/pkgIndex.tcl 
Execute           source D:/movies/2025.2/Vitis/tps/tcl/tcllib2.0/wip/pkgIndex.tcl 
Execute           source D:/movies/2025.2/Vitis/tps/tcl/tcllib2.0/yaml/pkgIndex.tcl 
Execute           source D:/movies/2025.2/Vitis/tps/tcl/tcllib2.0/zip/pkgIndex.tcl 
Execute           source D:/movies/2025.2/Vitis/tps/tcl/tcllib2.0/pkgIndex.tcl 
Execute             source D:/movies/2025.2/Vitis/tps/tcl/tcllib2.0/0compatibility/pkgIndex.tcl 
Execute             source D:/movies/2025.2/Vitis/tps/tcl/tcllib2.0/amazon-s3/pkgIndex.tcl 
Execute             source D:/movies/2025.2/Vitis/tps/tcl/tcllib2.0/asn/pkgIndex.tcl 
Execute             source D:/movies/2025.2/Vitis/tps/tcl/tcllib2.0/base32/pkgIndex.tcl 
Execute             source D:/movies/2025.2/Vitis/tps/tcl/tcllib2.0/base64/pkgIndex.tcl 
Execute             source D:/movies/2025.2/Vitis/tps/tcl/tcllib2.0/bee/pkgIndex.tcl 
Execute             source D:/movies/2025.2/Vitis/tps/tcl/tcllib2.0/bench/pkgIndex.tcl 
Execute             source D:/movies/2025.2/Vitis/tps/tcl/tcllib2.0/bibtex/pkgIndex.tcl 
Execute             source D:/movies/2025.2/Vitis/tps/tcl/tcllib2.0/cache/pkgIndex.tcl 
Execute             source D:/movies/2025.2/Vitis/tps/tcl/tcllib2.0/clay/pkgIndex.tcl 
Execute             source D:/movies/2025.2/Vitis/tps/tcl/tcllib2.0/clock/pkgIndex.tcl 
Execute             source D:/movies/2025.2/Vitis/tps/tcl/tcllib2.0/cmdline/pkgIndex.tcl 
Execute             source D:/movies/2025.2/Vitis/tps/tcl/tcllib2.0/comm/pkgIndex.tcl 
Execute             source D:/movies/2025.2/Vitis/tps/tcl/tcllib2.0/control/pkgIndex.tcl 
Execute             source D:/movies/2025.2/Vitis/tps/tcl/tcllib2.0/coroutine/pkgIndex.tcl 
Execute             source D:/movies/2025.2/Vitis/tps/tcl/tcllib2.0/counter/pkgIndex.tcl 
Execute             source D:/movies/2025.2/Vitis/tps/tcl/tcllib2.0/crc/pkgIndex.tcl 
Execute             source D:/movies/2025.2/Vitis/tps/tcl/tcllib2.0/cron/pkgIndex.tcl 
Execute             source D:/movies/2025.2/Vitis/tps/tcl/tcllib2.0/csv/pkgIndex.tcl 
Execute             source D:/movies/2025.2/Vitis/tps/tcl/tcllib2.0/debug/pkgIndex.tcl 
Execute             source D:/movies/2025.2/Vitis/tps/tcl/tcllib2.0/defer/pkgIndex.tcl 
Execute             source D:/movies/2025.2/Vitis/tps/tcl/tcllib2.0/dicttool/pkgIndex.tcl 
Execute             source D:/movies/2025.2/Vitis/tps/tcl/tcllib2.0/dns/pkgIndex.tcl 
Execute             source D:/movies/2025.2/Vitis/tps/tcl/tcllib2.0/docstrip/pkgIndex.tcl 
Execute             source D:/movies/2025.2/Vitis/tps/tcl/tcllib2.0/doctools/pkgIndex.tcl 
Execute             source D:/movies/2025.2/Vitis/tps/tcl/tcllib2.0/doctools2base/pkgIndex.tcl 
Execute             source D:/movies/2025.2/Vitis/tps/tcl/tcllib2.0/doctools2idx/pkgIndex.tcl 
Execute             source D:/movies/2025.2/Vitis/tps/tcl/tcllib2.0/doctools2toc/pkgIndex.tcl 
Execute             source D:/movies/2025.2/Vitis/tps/tcl/tcllib2.0/dtplite/pkgIndex.tcl 
Execute             source D:/movies/2025.2/Vitis/tps/tcl/tcllib2.0/fileutil/pkgIndex.tcl 
Execute             source D:/movies/2025.2/Vitis/tps/tcl/tcllib2.0/ftp/pkgIndex.tcl 
Execute             source D:/movies/2025.2/Vitis/tps/tcl/tcllib2.0/ftpd/pkgIndex.tcl 
Execute             source D:/movies/2025.2/Vitis/tps/tcl/tcllib2.0/fumagic/pkgIndex.tcl 
Execute             source D:/movies/2025.2/Vitis/tps/tcl/tcllib2.0/generator/pkgIndex.tcl 
Execute             source D:/movies/2025.2/Vitis/tps/tcl/tcllib2.0/gpx/pkgIndex.tcl 
Execute             source D:/movies/2025.2/Vitis/tps/tcl/tcllib2.0/grammar_aycock/pkgIndex.tcl 
Execute             source D:/movies/2025.2/Vitis/tps/tcl/tcllib2.0/grammar_fa/pkgIndex.tcl 
Execute             source D:/movies/2025.2/Vitis/tps/tcl/tcllib2.0/grammar_me/pkgIndex.tcl 
Execute             source D:/movies/2025.2/Vitis/tps/tcl/tcllib2.0/grammar_peg/pkgIndex.tcl 
Execute             source D:/movies/2025.2/Vitis/tps/tcl/tcllib2.0/hook/pkgIndex.tcl 
Execute             source D:/movies/2025.2/Vitis/tps/tcl/tcllib2.0/html/pkgIndex.tcl 
Execute             source D:/movies/2025.2/Vitis/tps/tcl/tcllib2.0/htmlparse/pkgIndex.tcl 
Execute             source D:/movies/2025.2/Vitis/tps/tcl/tcllib2.0/http/pkgIndex.tcl 
Execute             source D:/movies/2025.2/Vitis/tps/tcl/tcllib2.0/httpd/pkgIndex.tcl 
Execute             source D:/movies/2025.2/Vitis/tps/tcl/tcllib2.0/httpwget/pkgIndex.tcl 
Execute             source D:/movies/2025.2/Vitis/tps/tcl/tcllib2.0/ident/pkgIndex.tcl 
Execute             source D:/movies/2025.2/Vitis/tps/tcl/tcllib2.0/imap4/pkgIndex.tcl 
Execute             source D:/movies/2025.2/Vitis/tps/tcl/tcllib2.0/inifile/pkgIndex.tcl 
Execute             source D:/movies/2025.2/Vitis/tps/tcl/tcllib2.0/interp/pkgIndex.tcl 
Execute             source D:/movies/2025.2/Vitis/tps/tcl/tcllib2.0/irc/pkgIndex.tcl 
Execute             source D:/movies/2025.2/Vitis/tps/tcl/tcllib2.0/javascript/pkgIndex.tcl 
Execute             source D:/movies/2025.2/Vitis/tps/tcl/tcllib2.0/jpeg/pkgIndex.tcl 
Execute             source D:/movies/2025.2/Vitis/tps/tcl/tcllib2.0/json/pkgIndex.tcl 
Execute             source D:/movies/2025.2/Vitis/tps/tcl/tcllib2.0/lambda/pkgIndex.tcl 
Execute             source D:/movies/2025.2/Vitis/tps/tcl/tcllib2.0/lazyset/pkgIndex.tcl 
Execute             source D:/movies/2025.2/Vitis/tps/tcl/tcllib2.0/ldap/pkgIndex.tcl 
Execute             source D:/movies/2025.2/Vitis/tps/tcl/tcllib2.0/log/pkgIndex.tcl 
Execute             source D:/movies/2025.2/Vitis/tps/tcl/tcllib2.0/map/pkgIndex.tcl 
Execute             source D:/movies/2025.2/Vitis/tps/tcl/tcllib2.0/mapproj/pkgIndex.tcl 
Execute             source D:/movies/2025.2/Vitis/tps/tcl/tcllib2.0/markdown/pkgIndex.tcl 
Execute             source D:/movies/2025.2/Vitis/tps/tcl/tcllib2.0/math/pkgIndex.tcl 
Execute             source D:/movies/2025.2/Vitis/tps/tcl/tcllib2.0/md4/pkgIndex.tcl 
Execute             source D:/movies/2025.2/Vitis/tps/tcl/tcllib2.0/md5/pkgIndex.tcl 
Execute             source D:/movies/2025.2/Vitis/tps/tcl/tcllib2.0/md5crypt/pkgIndex.tcl 
Execute             source D:/movies/2025.2/Vitis/tps/tcl/tcllib2.0/mime/pkgIndex.tcl 
Execute             source D:/movies/2025.2/Vitis/tps/tcl/tcllib2.0/mkdoc/pkgIndex.tcl 
Execute             source D:/movies/2025.2/Vitis/tps/tcl/tcllib2.0/multiplexer/pkgIndex.tcl 
Execute             source D:/movies/2025.2/Vitis/tps/tcl/tcllib2.0/namespacex/pkgIndex.tcl 
Execute             source D:/movies/2025.2/Vitis/tps/tcl/tcllib2.0/ncgi/pkgIndex.tcl 
Execute             source D:/movies/2025.2/Vitis/tps/tcl/tcllib2.0/nettool/pkgIndex.tcl 
Execute             source D:/movies/2025.2/Vitis/tps/tcl/tcllib2.0/nmea/pkgIndex.tcl 
Execute             source D:/movies/2025.2/Vitis/tps/tcl/tcllib2.0/nns/pkgIndex.tcl 
Execute             source D:/movies/2025.2/Vitis/tps/tcl/tcllib2.0/nntp/pkgIndex.tcl 
Execute             source D:/movies/2025.2/Vitis/tps/tcl/tcllib2.0/ntp/pkgIndex.tcl 
Execute             source D:/movies/2025.2/Vitis/tps/tcl/tcllib2.0/oauth/pkgIndex.tcl 
Execute             source D:/movies/2025.2/Vitis/tps/tcl/tcllib2.0/oodialect/pkgIndex.tcl 
Execute             source D:/movies/2025.2/Vitis/tps/tcl/tcllib2.0/oometa/pkgIndex.tcl 
Execute             source D:/movies/2025.2/Vitis/tps/tcl/tcllib2.0/ooutil/pkgIndex.tcl 
Execute             source D:/movies/2025.2/Vitis/tps/tcl/tcllib2.0/otp/pkgIndex.tcl 
Execute             source D:/movies/2025.2/Vitis/tps/tcl/tcllib2.0/page/pkgIndex.tcl 
Execute             source D:/movies/2025.2/Vitis/tps/tcl/tcllib2.0/pluginmgr/pkgIndex.tcl 
Execute             source D:/movies/2025.2/Vitis/tps/tcl/tcllib2.0/png/pkgIndex.tcl 
Execute             source D:/movies/2025.2/Vitis/tps/tcl/tcllib2.0/pop3/pkgIndex.tcl 
Execute             source D:/movies/2025.2/Vitis/tps/tcl/tcllib2.0/pop3d/pkgIndex.tcl 
Execute             source D:/movies/2025.2/Vitis/tps/tcl/tcllib2.0/practcl/pkgIndex.tcl 
Execute             source D:/movies/2025.2/Vitis/tps/tcl/tcllib2.0/processman/pkgIndex.tcl 
Execute             source D:/movies/2025.2/Vitis/tps/tcl/tcllib2.0/profiler/pkgIndex.tcl 
Execute             source D:/movies/2025.2/Vitis/tps/tcl/tcllib2.0/pt/pkgIndex.tcl 
Execute             source D:/movies/2025.2/Vitis/tps/tcl/tcllib2.0/rcs/pkgIndex.tcl 
Execute             source D:/movies/2025.2/Vitis/tps/tcl/tcllib2.0/report/pkgIndex.tcl 
Execute             source D:/movies/2025.2/Vitis/tps/tcl/tcllib2.0/rest/pkgIndex.tcl 
Execute             source D:/movies/2025.2/Vitis/tps/tcl/tcllib2.0/ripemd/pkgIndex.tcl 
Execute             source D:/movies/2025.2/Vitis/tps/tcl/tcllib2.0/sasl/pkgIndex.tcl 
Execute             source D:/movies/2025.2/Vitis/tps/tcl/tcllib2.0/sha1/pkgIndex.tcl 
Execute             source D:/movies/2025.2/Vitis/tps/tcl/tcllib2.0/simulation/pkgIndex.tcl 
Execute             source D:/movies/2025.2/Vitis/tps/tcl/tcllib2.0/smtpd/pkgIndex.tcl 
Execute             source D:/movies/2025.2/Vitis/tps/tcl/tcllib2.0/snit/pkgIndex.tcl 
Execute             source D:/movies/2025.2/Vitis/tps/tcl/tcllib2.0/soundex/pkgIndex.tcl 
Execute             source D:/movies/2025.2/Vitis/tps/tcl/tcllib2.0/stooop/pkgIndex.tcl 
Execute             source D:/movies/2025.2/Vitis/tps/tcl/tcllib2.0/string/pkgIndex.tcl 
Execute             source D:/movies/2025.2/Vitis/tps/tcl/tcllib2.0/stringprep/pkgIndex.tcl 
Execute             source D:/movies/2025.2/Vitis/tps/tcl/tcllib2.0/struct/pkgIndex.tcl 
Execute             source D:/movies/2025.2/Vitis/tps/tcl/tcllib2.0/tar/pkgIndex.tcl 
Execute             source D:/movies/2025.2/Vitis/tps/tcl/tcllib2.0/tepam/pkgIndex.tcl 
Execute             source D:/movies/2025.2/Vitis/tps/tcl/tcllib2.0/term/pkgIndex.tcl 
Execute             source D:/movies/2025.2/Vitis/tps/tcl/tcllib2.0/textutil/pkgIndex.tcl 
Execute             source D:/movies/2025.2/Vitis/tps/tcl/tcllib2.0/tie/pkgIndex.tcl 
Execute             source D:/movies/2025.2/Vitis/tps/tcl/tcllib2.0/tiff/pkgIndex.tcl 
Execute             source D:/movies/2025.2/Vitis/tps/tcl/tcllib2.0/tool/pkgIndex.tcl 
Execute             source D:/movies/2025.2/Vitis/tps/tcl/tcllib2.0/transfer/pkgIndex.tcl 
Execute             source D:/movies/2025.2/Vitis/tps/tcl/tcllib2.0/treeql/pkgIndex.tcl 
Execute             source D:/movies/2025.2/Vitis/tps/tcl/tcllib2.0/try/pkgIndex.tcl 
Execute             source D:/movies/2025.2/Vitis/tps/tcl/tcllib2.0/udpcluster/pkgIndex.tcl 
Execute             source D:/movies/2025.2/Vitis/tps/tcl/tcllib2.0/uev/pkgIndex.tcl 
Execute             source D:/movies/2025.2/Vitis/tps/tcl/tcllib2.0/units/pkgIndex.tcl 
Execute             source D:/movies/2025.2/Vitis/tps/tcl/tcllib2.0/uri/pkgIndex.tcl 
Execute             source D:/movies/2025.2/Vitis/tps/tcl/tcllib2.0/uuid/pkgIndex.tcl 
Execute             source D:/movies/2025.2/Vitis/tps/tcl/tcllib2.0/valtype/pkgIndex.tcl 
Execute             source D:/movies/2025.2/Vitis/tps/tcl/tcllib2.0/virtchannel_base/pkgIndex.tcl 
Execute             source D:/movies/2025.2/Vitis/tps/tcl/tcllib2.0/virtchannel_core/pkgIndex.tcl 
Execute             source D:/movies/2025.2/Vitis/tps/tcl/tcllib2.0/virtchannel_transform/pkgIndex.tcl 
Execute             source D:/movies/2025.2/Vitis/tps/tcl/tcllib2.0/websocket/pkgIndex.tcl 
Execute             source D:/movies/2025.2/Vitis/tps/tcl/tcllib2.0/wip/pkgIndex.tcl 
Execute             source D:/movies/2025.2/Vitis/tps/tcl/tcllib2.0/yaml/pkgIndex.tcl 
Execute             source D:/movies/2025.2/Vitis/tps/tcl/tcllib2.0/zip/pkgIndex.tcl 
Command           ap_source done; 0.151 sec.
Execute           source D:/movies/2025.2/Vitis/tps/tcl/tdom/pkgIndex.tcl 
Execute           source D:/movies/2025.2/Vitis/tps/tcl/tcl8.6/opt0.4/pkgIndex.tcl 
Execute           source D:/movies/2025.2/Vitis/tps/tcl/tcl8.6/pkgs/win/thread2.8.7/pkgIndex.tcl 
Command         ap_source done; 0.345 sec.
Execute         source D:/movies/2025.2/Vitis/tps/tcl/tcllib2.0/0compatibility/pkgIndex.tcl 
Execute         source D:/movies/2025.2/Vitis/tps/tcl/tcllib2.0/amazon-s3/pkgIndex.tcl 
Execute         source D:/movies/2025.2/Vitis/tps/tcl/tcllib2.0/asn/pkgIndex.tcl 
Execute         source D:/movies/2025.2/Vitis/tps/tcl/tcllib2.0/base32/pkgIndex.tcl 
Execute         source D:/movies/2025.2/Vitis/tps/tcl/tcllib2.0/base64/pkgIndex.tcl 
Execute         source D:/movies/2025.2/Vitis/tps/tcl/tcllib2.0/bee/pkgIndex.tcl 
Execute         source D:/movies/2025.2/Vitis/tps/tcl/tcllib2.0/bench/pkgIndex.tcl 
Execute         source D:/movies/2025.2/Vitis/tps/tcl/tcllib2.0/bibtex/pkgIndex.tcl 
Execute         source D:/movies/2025.2/Vitis/tps/tcl/tcllib2.0/cache/pkgIndex.tcl 
Execute         source D:/movies/2025.2/Vitis/tps/tcl/tcllib2.0/clay/pkgIndex.tcl 
Execute         source D:/movies/2025.2/Vitis/tps/tcl/tcllib2.0/clock/pkgIndex.tcl 
Execute         source D:/movies/2025.2/Vitis/tps/tcl/tcllib2.0/cmdline/pkgIndex.tcl 
Execute         source D:/movies/2025.2/Vitis/tps/tcl/tcllib2.0/comm/pkgIndex.tcl 
Execute         source D:/movies/2025.2/Vitis/tps/tcl/tcllib2.0/control/pkgIndex.tcl 
Execute         source D:/movies/2025.2/Vitis/tps/tcl/tcllib2.0/coroutine/pkgIndex.tcl 
Execute         source D:/movies/2025.2/Vitis/tps/tcl/tcllib2.0/counter/pkgIndex.tcl 
Execute         source D:/movies/2025.2/Vitis/tps/tcl/tcllib2.0/crc/pkgIndex.tcl 
Execute         source D:/movies/2025.2/Vitis/tps/tcl/tcllib2.0/cron/pkgIndex.tcl 
Execute         source D:/movies/2025.2/Vitis/tps/tcl/tcllib2.0/csv/pkgIndex.tcl 
Execute         source D:/movies/2025.2/Vitis/tps/tcl/tcllib2.0/debug/pkgIndex.tcl 
Execute         source D:/movies/2025.2/Vitis/tps/tcl/tcllib2.0/defer/pkgIndex.tcl 
Execute         source D:/movies/2025.2/Vitis/tps/tcl/tcllib2.0/dicttool/pkgIndex.tcl 
Execute         source D:/movies/2025.2/Vitis/tps/tcl/tcllib2.0/dns/pkgIndex.tcl 
Execute         source D:/movies/2025.2/Vitis/tps/tcl/tcllib2.0/docstrip/pkgIndex.tcl 
Execute         source D:/movies/2025.2/Vitis/tps/tcl/tcllib2.0/doctools/pkgIndex.tcl 
Execute         source D:/movies/2025.2/Vitis/tps/tcl/tcllib2.0/doctools2base/pkgIndex.tcl 
Execute         source D:/movies/2025.2/Vitis/tps/tcl/tcllib2.0/doctools2idx/pkgIndex.tcl 
Execute         source D:/movies/2025.2/Vitis/tps/tcl/tcllib2.0/doctools2toc/pkgIndex.tcl 
Execute         source D:/movies/2025.2/Vitis/tps/tcl/tcllib2.0/dtplite/pkgIndex.tcl 
Execute         source D:/movies/2025.2/Vitis/tps/tcl/tcllib2.0/fileutil/pkgIndex.tcl 
Execute         source D:/movies/2025.2/Vitis/tps/tcl/tcllib2.0/ftp/pkgIndex.tcl 
Execute         source D:/movies/2025.2/Vitis/tps/tcl/tcllib2.0/ftpd/pkgIndex.tcl 
Execute         source D:/movies/2025.2/Vitis/tps/tcl/tcllib2.0/fumagic/pkgIndex.tcl 
Execute         source D:/movies/2025.2/Vitis/tps/tcl/tcllib2.0/generator/pkgIndex.tcl 
Execute         source D:/movies/2025.2/Vitis/tps/tcl/tcllib2.0/gpx/pkgIndex.tcl 
Execute         source D:/movies/2025.2/Vitis/tps/tcl/tcllib2.0/grammar_aycock/pkgIndex.tcl 
Execute         source D:/movies/2025.2/Vitis/tps/tcl/tcllib2.0/grammar_fa/pkgIndex.tcl 
Execute         source D:/movies/2025.2/Vitis/tps/tcl/tcllib2.0/grammar_me/pkgIndex.tcl 
Execute         source D:/movies/2025.2/Vitis/tps/tcl/tcllib2.0/grammar_peg/pkgIndex.tcl 
Execute         source D:/movies/2025.2/Vitis/tps/tcl/tcllib2.0/hook/pkgIndex.tcl 
Execute         source D:/movies/2025.2/Vitis/tps/tcl/tcllib2.0/html/pkgIndex.tcl 
Execute         source D:/movies/2025.2/Vitis/tps/tcl/tcllib2.0/htmlparse/pkgIndex.tcl 
Execute         source D:/movies/2025.2/Vitis/tps/tcl/tcllib2.0/http/pkgIndex.tcl 
Execute         source D:/movies/2025.2/Vitis/tps/tcl/tcllib2.0/httpd/pkgIndex.tcl 
Execute         source D:/movies/2025.2/Vitis/tps/tcl/tcllib2.0/httpwget/pkgIndex.tcl 
Execute         source D:/movies/2025.2/Vitis/tps/tcl/tcllib2.0/ident/pkgIndex.tcl 
Execute         source D:/movies/2025.2/Vitis/tps/tcl/tcllib2.0/imap4/pkgIndex.tcl 
Execute         source D:/movies/2025.2/Vitis/tps/tcl/tcllib2.0/inifile/pkgIndex.tcl 
Execute         source D:/movies/2025.2/Vitis/tps/tcl/tcllib2.0/interp/pkgIndex.tcl 
Execute         source D:/movies/2025.2/Vitis/tps/tcl/tcllib2.0/irc/pkgIndex.tcl 
Execute         source D:/movies/2025.2/Vitis/tps/tcl/tcllib2.0/javascript/pkgIndex.tcl 
Execute         source D:/movies/2025.2/Vitis/tps/tcl/tcllib2.0/jpeg/pkgIndex.tcl 
Execute         source D:/movies/2025.2/Vitis/tps/tcl/tcllib2.0/json/pkgIndex.tcl 
Execute         source D:/movies/2025.2/Vitis/tps/tcl/tcllib2.0/lambda/pkgIndex.tcl 
Execute         source D:/movies/2025.2/Vitis/tps/tcl/tcllib2.0/lazyset/pkgIndex.tcl 
Execute         source D:/movies/2025.2/Vitis/tps/tcl/tcllib2.0/ldap/pkgIndex.tcl 
Execute         source D:/movies/2025.2/Vitis/tps/tcl/tcllib2.0/log/pkgIndex.tcl 
Execute         source D:/movies/2025.2/Vitis/tps/tcl/tcllib2.0/map/pkgIndex.tcl 
Execute         source D:/movies/2025.2/Vitis/tps/tcl/tcllib2.0/mapproj/pkgIndex.tcl 
Execute         source D:/movies/2025.2/Vitis/tps/tcl/tcllib2.0/markdown/pkgIndex.tcl 
Execute         source D:/movies/2025.2/Vitis/tps/tcl/tcllib2.0/math/pkgIndex.tcl 
Execute         source D:/movies/2025.2/Vitis/tps/tcl/tcllib2.0/md4/pkgIndex.tcl 
Execute         source D:/movies/2025.2/Vitis/tps/tcl/tcllib2.0/md5/pkgIndex.tcl 
Execute         source D:/movies/2025.2/Vitis/tps/tcl/tcllib2.0/md5crypt/pkgIndex.tcl 
Execute         source D:/movies/2025.2/Vitis/tps/tcl/tcllib2.0/mime/pkgIndex.tcl 
Execute         source D:/movies/2025.2/Vitis/tps/tcl/tcllib2.0/mkdoc/pkgIndex.tcl 
Execute         source D:/movies/2025.2/Vitis/tps/tcl/tcllib2.0/multiplexer/pkgIndex.tcl 
Execute         source D:/movies/2025.2/Vitis/tps/tcl/tcllib2.0/namespacex/pkgIndex.tcl 
Execute         source D:/movies/2025.2/Vitis/tps/tcl/tcllib2.0/ncgi/pkgIndex.tcl 
Execute         source D:/movies/2025.2/Vitis/tps/tcl/tcllib2.0/nettool/pkgIndex.tcl 
Execute         source D:/movies/2025.2/Vitis/tps/tcl/tcllib2.0/nmea/pkgIndex.tcl 
Execute         source D:/movies/2025.2/Vitis/tps/tcl/tcllib2.0/nns/pkgIndex.tcl 
Execute         source D:/movies/2025.2/Vitis/tps/tcl/tcllib2.0/nntp/pkgIndex.tcl 
Execute         source D:/movies/2025.2/Vitis/tps/tcl/tcllib2.0/ntp/pkgIndex.tcl 
Execute         source D:/movies/2025.2/Vitis/tps/tcl/tcllib2.0/oauth/pkgIndex.tcl 
Execute         source D:/movies/2025.2/Vitis/tps/tcl/tcllib2.0/oodialect/pkgIndex.tcl 
Execute         source D:/movies/2025.2/Vitis/tps/tcl/tcllib2.0/oometa/pkgIndex.tcl 
Execute         source D:/movies/2025.2/Vitis/tps/tcl/tcllib2.0/ooutil/pkgIndex.tcl 
Execute         source D:/movies/2025.2/Vitis/tps/tcl/tcllib2.0/otp/pkgIndex.tcl 
Execute         source D:/movies/2025.2/Vitis/tps/tcl/tcllib2.0/page/pkgIndex.tcl 
Execute         source D:/movies/2025.2/Vitis/tps/tcl/tcllib2.0/pluginmgr/pkgIndex.tcl 
Execute         source D:/movies/2025.2/Vitis/tps/tcl/tcllib2.0/png/pkgIndex.tcl 
Execute         source D:/movies/2025.2/Vitis/tps/tcl/tcllib2.0/pop3/pkgIndex.tcl 
Execute         source D:/movies/2025.2/Vitis/tps/tcl/tcllib2.0/pop3d/pkgIndex.tcl 
Execute         source D:/movies/2025.2/Vitis/tps/tcl/tcllib2.0/practcl/pkgIndex.tcl 
Execute         source D:/movies/2025.2/Vitis/tps/tcl/tcllib2.0/processman/pkgIndex.tcl 
Execute         source D:/movies/2025.2/Vitis/tps/tcl/tcllib2.0/profiler/pkgIndex.tcl 
Execute         source D:/movies/2025.2/Vitis/tps/tcl/tcllib2.0/pt/pkgIndex.tcl 
Execute         source D:/movies/2025.2/Vitis/tps/tcl/tcllib2.0/rcs/pkgIndex.tcl 
Execute         source D:/movies/2025.2/Vitis/tps/tcl/tcllib2.0/report/pkgIndex.tcl 
Execute         source D:/movies/2025.2/Vitis/tps/tcl/tcllib2.0/rest/pkgIndex.tcl 
Execute         source D:/movies/2025.2/Vitis/tps/tcl/tcllib2.0/ripemd/pkgIndex.tcl 
Execute         source D:/movies/2025.2/Vitis/tps/tcl/tcllib2.0/sasl/pkgIndex.tcl 
Execute         source D:/movies/2025.2/Vitis/tps/tcl/tcllib2.0/sha1/pkgIndex.tcl 
Execute         source D:/movies/2025.2/Vitis/tps/tcl/tcllib2.0/simulation/pkgIndex.tcl 
Execute         source D:/movies/2025.2/Vitis/tps/tcl/tcllib2.0/smtpd/pkgIndex.tcl 
Execute         source D:/movies/2025.2/Vitis/tps/tcl/tcllib2.0/snit/pkgIndex.tcl 
Execute         source D:/movies/2025.2/Vitis/tps/tcl/tcllib2.0/soundex/pkgIndex.tcl 
Execute         source D:/movies/2025.2/Vitis/tps/tcl/tcllib2.0/stooop/pkgIndex.tcl 
Execute         source D:/movies/2025.2/Vitis/tps/tcl/tcllib2.0/string/pkgIndex.tcl 
Execute         source D:/movies/2025.2/Vitis/tps/tcl/tcllib2.0/stringprep/pkgIndex.tcl 
Execute         source D:/movies/2025.2/Vitis/tps/tcl/tcllib2.0/struct/pkgIndex.tcl 
Execute         source D:/movies/2025.2/Vitis/tps/tcl/tcllib2.0/tar/pkgIndex.tcl 
Execute         source D:/movies/2025.2/Vitis/tps/tcl/tcllib2.0/tepam/pkgIndex.tcl 
Execute         source D:/movies/2025.2/Vitis/tps/tcl/tcllib2.0/term/pkgIndex.tcl 
Execute         source D:/movies/2025.2/Vitis/tps/tcl/tcllib2.0/textutil/pkgIndex.tcl 
Execute         source D:/movies/2025.2/Vitis/tps/tcl/tcllib2.0/tie/pkgIndex.tcl 
Execute         source D:/movies/2025.2/Vitis/tps/tcl/tcllib2.0/tiff/pkgIndex.tcl 
Execute         source D:/movies/2025.2/Vitis/tps/tcl/tcllib2.0/tool/pkgIndex.tcl 
Execute         source D:/movies/2025.2/Vitis/tps/tcl/tcllib2.0/transfer/pkgIndex.tcl 
Execute         source D:/movies/2025.2/Vitis/tps/tcl/tcllib2.0/treeql/pkgIndex.tcl 
Execute         source D:/movies/2025.2/Vitis/tps/tcl/tcllib2.0/try/pkgIndex.tcl 
Execute         source D:/movies/2025.2/Vitis/tps/tcl/tcllib2.0/udpcluster/pkgIndex.tcl 
Execute         source D:/movies/2025.2/Vitis/tps/tcl/tcllib2.0/uev/pkgIndex.tcl 
Execute         source D:/movies/2025.2/Vitis/tps/tcl/tcllib2.0/units/pkgIndex.tcl 
Execute         source D:/movies/2025.2/Vitis/tps/tcl/tcllib2.0/uri/pkgIndex.tcl 
Execute         source D:/movies/2025.2/Vitis/tps/tcl/tcllib2.0/uuid/pkgIndex.tcl 
Execute         source D:/movies/2025.2/Vitis/tps/tcl/tcllib2.0/valtype/pkgIndex.tcl 
Execute         source D:/movies/2025.2/Vitis/tps/tcl/tcllib2.0/virtchannel_base/pkgIndex.tcl 
Execute         source D:/movies/2025.2/Vitis/tps/tcl/tcllib2.0/virtchannel_core/pkgIndex.tcl 
Execute         source D:/movies/2025.2/Vitis/tps/tcl/tcllib2.0/virtchannel_transform/pkgIndex.tcl 
Execute         source D:/movies/2025.2/Vitis/tps/tcl/tcllib2.0/websocket/pkgIndex.tcl 
Execute         source D:/movies/2025.2/Vitis/tps/tcl/tcllib2.0/wip/pkgIndex.tcl 
Execute         source D:/movies/2025.2/Vitis/tps/tcl/tcllib2.0/yaml/pkgIndex.tcl 
Execute         source D:/movies/2025.2/Vitis/tps/tcl/tcllib2.0/zip/pkgIndex.tcl 
Execute         source D:/movies/2025.2/Vitis/tps/tcl/tcllib2.0/pkgIndex.tcl 
Execute           source D:/movies/2025.2/Vitis/tps/tcl/tcllib2.0/0compatibility/pkgIndex.tcl 
Execute           source D:/movies/2025.2/Vitis/tps/tcl/tcllib2.0/amazon-s3/pkgIndex.tcl 
Execute           source D:/movies/2025.2/Vitis/tps/tcl/tcllib2.0/asn/pkgIndex.tcl 
Execute           source D:/movies/2025.2/Vitis/tps/tcl/tcllib2.0/base32/pkgIndex.tcl 
Execute           source D:/movies/2025.2/Vitis/tps/tcl/tcllib2.0/base64/pkgIndex.tcl 
Execute           source D:/movies/2025.2/Vitis/tps/tcl/tcllib2.0/bee/pkgIndex.tcl 
Execute           source D:/movies/2025.2/Vitis/tps/tcl/tcllib2.0/bench/pkgIndex.tcl 
Execute           source D:/movies/2025.2/Vitis/tps/tcl/tcllib2.0/bibtex/pkgIndex.tcl 
Execute           source D:/movies/2025.2/Vitis/tps/tcl/tcllib2.0/cache/pkgIndex.tcl 
Execute           source D:/movies/2025.2/Vitis/tps/tcl/tcllib2.0/clay/pkgIndex.tcl 
Execute           source D:/movies/2025.2/Vitis/tps/tcl/tcllib2.0/clock/pkgIndex.tcl 
Execute           source D:/movies/2025.2/Vitis/tps/tcl/tcllib2.0/cmdline/pkgIndex.tcl 
Execute           source D:/movies/2025.2/Vitis/tps/tcl/tcllib2.0/comm/pkgIndex.tcl 
Execute           source D:/movies/2025.2/Vitis/tps/tcl/tcllib2.0/control/pkgIndex.tcl 
Execute           source D:/movies/2025.2/Vitis/tps/tcl/tcllib2.0/coroutine/pkgIndex.tcl 
Execute           source D:/movies/2025.2/Vitis/tps/tcl/tcllib2.0/counter/pkgIndex.tcl 
Execute           source D:/movies/2025.2/Vitis/tps/tcl/tcllib2.0/crc/pkgIndex.tcl 
Execute           source D:/movies/2025.2/Vitis/tps/tcl/tcllib2.0/cron/pkgIndex.tcl 
Execute           source D:/movies/2025.2/Vitis/tps/tcl/tcllib2.0/csv/pkgIndex.tcl 
Execute           source D:/movies/2025.2/Vitis/tps/tcl/tcllib2.0/debug/pkgIndex.tcl 
Execute           source D:/movies/2025.2/Vitis/tps/tcl/tcllib2.0/defer/pkgIndex.tcl 
Execute           source D:/movies/2025.2/Vitis/tps/tcl/tcllib2.0/dicttool/pkgIndex.tcl 
Execute           source D:/movies/2025.2/Vitis/tps/tcl/tcllib2.0/dns/pkgIndex.tcl 
Execute           source D:/movies/2025.2/Vitis/tps/tcl/tcllib2.0/docstrip/pkgIndex.tcl 
Execute           source D:/movies/2025.2/Vitis/tps/tcl/tcllib2.0/doctools/pkgIndex.tcl 
Execute           source D:/movies/2025.2/Vitis/tps/tcl/tcllib2.0/doctools2base/pkgIndex.tcl 
Execute           source D:/movies/2025.2/Vitis/tps/tcl/tcllib2.0/doctools2idx/pkgIndex.tcl 
Execute           source D:/movies/2025.2/Vitis/tps/tcl/tcllib2.0/doctools2toc/pkgIndex.tcl 
Execute           source D:/movies/2025.2/Vitis/tps/tcl/tcllib2.0/dtplite/pkgIndex.tcl 
Execute           source D:/movies/2025.2/Vitis/tps/tcl/tcllib2.0/fileutil/pkgIndex.tcl 
Execute           source D:/movies/2025.2/Vitis/tps/tcl/tcllib2.0/ftp/pkgIndex.tcl 
Execute           source D:/movies/2025.2/Vitis/tps/tcl/tcllib2.0/ftpd/pkgIndex.tcl 
Execute           source D:/movies/2025.2/Vitis/tps/tcl/tcllib2.0/fumagic/pkgIndex.tcl 
Execute           source D:/movies/2025.2/Vitis/tps/tcl/tcllib2.0/generator/pkgIndex.tcl 
Execute           source D:/movies/2025.2/Vitis/tps/tcl/tcllib2.0/gpx/pkgIndex.tcl 
Execute           source D:/movies/2025.2/Vitis/tps/tcl/tcllib2.0/grammar_aycock/pkgIndex.tcl 
Execute           source D:/movies/2025.2/Vitis/tps/tcl/tcllib2.0/grammar_fa/pkgIndex.tcl 
Execute           source D:/movies/2025.2/Vitis/tps/tcl/tcllib2.0/grammar_me/pkgIndex.tcl 
Execute           source D:/movies/2025.2/Vitis/tps/tcl/tcllib2.0/grammar_peg/pkgIndex.tcl 
Execute           source D:/movies/2025.2/Vitis/tps/tcl/tcllib2.0/hook/pkgIndex.tcl 
Execute           source D:/movies/2025.2/Vitis/tps/tcl/tcllib2.0/html/pkgIndex.tcl 
Execute           source D:/movies/2025.2/Vitis/tps/tcl/tcllib2.0/htmlparse/pkgIndex.tcl 
Execute           source D:/movies/2025.2/Vitis/tps/tcl/tcllib2.0/http/pkgIndex.tcl 
Execute           source D:/movies/2025.2/Vitis/tps/tcl/tcllib2.0/httpd/pkgIndex.tcl 
Execute           source D:/movies/2025.2/Vitis/tps/tcl/tcllib2.0/httpwget/pkgIndex.tcl 
Execute           source D:/movies/2025.2/Vitis/tps/tcl/tcllib2.0/ident/pkgIndex.tcl 
Execute           source D:/movies/2025.2/Vitis/tps/tcl/tcllib2.0/imap4/pkgIndex.tcl 
Execute           source D:/movies/2025.2/Vitis/tps/tcl/tcllib2.0/inifile/pkgIndex.tcl 
Execute           source D:/movies/2025.2/Vitis/tps/tcl/tcllib2.0/interp/pkgIndex.tcl 
Execute           source D:/movies/2025.2/Vitis/tps/tcl/tcllib2.0/irc/pkgIndex.tcl 
Execute           source D:/movies/2025.2/Vitis/tps/tcl/tcllib2.0/javascript/pkgIndex.tcl 
Execute           source D:/movies/2025.2/Vitis/tps/tcl/tcllib2.0/jpeg/pkgIndex.tcl 
Execute           source D:/movies/2025.2/Vitis/tps/tcl/tcllib2.0/json/pkgIndex.tcl 
Execute           source D:/movies/2025.2/Vitis/tps/tcl/tcllib2.0/lambda/pkgIndex.tcl 
Execute           source D:/movies/2025.2/Vitis/tps/tcl/tcllib2.0/lazyset/pkgIndex.tcl 
Execute           source D:/movies/2025.2/Vitis/tps/tcl/tcllib2.0/ldap/pkgIndex.tcl 
Execute           source D:/movies/2025.2/Vitis/tps/tcl/tcllib2.0/log/pkgIndex.tcl 
Execute           source D:/movies/2025.2/Vitis/tps/tcl/tcllib2.0/map/pkgIndex.tcl 
Execute           source D:/movies/2025.2/Vitis/tps/tcl/tcllib2.0/mapproj/pkgIndex.tcl 
Execute           source D:/movies/2025.2/Vitis/tps/tcl/tcllib2.0/markdown/pkgIndex.tcl 
Execute           source D:/movies/2025.2/Vitis/tps/tcl/tcllib2.0/math/pkgIndex.tcl 
Execute           source D:/movies/2025.2/Vitis/tps/tcl/tcllib2.0/md4/pkgIndex.tcl 
Execute           source D:/movies/2025.2/Vitis/tps/tcl/tcllib2.0/md5/pkgIndex.tcl 
Execute           source D:/movies/2025.2/Vitis/tps/tcl/tcllib2.0/md5crypt/pkgIndex.tcl 
Execute           source D:/movies/2025.2/Vitis/tps/tcl/tcllib2.0/mime/pkgIndex.tcl 
Execute           source D:/movies/2025.2/Vitis/tps/tcl/tcllib2.0/mkdoc/pkgIndex.tcl 
Execute           source D:/movies/2025.2/Vitis/tps/tcl/tcllib2.0/multiplexer/pkgIndex.tcl 
Execute           source D:/movies/2025.2/Vitis/tps/tcl/tcllib2.0/namespacex/pkgIndex.tcl 
Execute           source D:/movies/2025.2/Vitis/tps/tcl/tcllib2.0/ncgi/pkgIndex.tcl 
Execute           source D:/movies/2025.2/Vitis/tps/tcl/tcllib2.0/nettool/pkgIndex.tcl 
Execute           source D:/movies/2025.2/Vitis/tps/tcl/tcllib2.0/nmea/pkgIndex.tcl 
Execute           source D:/movies/2025.2/Vitis/tps/tcl/tcllib2.0/nns/pkgIndex.tcl 
Execute           source D:/movies/2025.2/Vitis/tps/tcl/tcllib2.0/nntp/pkgIndex.tcl 
Execute           source D:/movies/2025.2/Vitis/tps/tcl/tcllib2.0/ntp/pkgIndex.tcl 
Execute           source D:/movies/2025.2/Vitis/tps/tcl/tcllib2.0/oauth/pkgIndex.tcl 
Execute           source D:/movies/2025.2/Vitis/tps/tcl/tcllib2.0/oodialect/pkgIndex.tcl 
Execute           source D:/movies/2025.2/Vitis/tps/tcl/tcllib2.0/oometa/pkgIndex.tcl 
Execute           source D:/movies/2025.2/Vitis/tps/tcl/tcllib2.0/ooutil/pkgIndex.tcl 
Execute           source D:/movies/2025.2/Vitis/tps/tcl/tcllib2.0/otp/pkgIndex.tcl 
Execute           source D:/movies/2025.2/Vitis/tps/tcl/tcllib2.0/page/pkgIndex.tcl 
Execute           source D:/movies/2025.2/Vitis/tps/tcl/tcllib2.0/pluginmgr/pkgIndex.tcl 
Execute           source D:/movies/2025.2/Vitis/tps/tcl/tcllib2.0/png/pkgIndex.tcl 
Execute           source D:/movies/2025.2/Vitis/tps/tcl/tcllib2.0/pop3/pkgIndex.tcl 
Execute           source D:/movies/2025.2/Vitis/tps/tcl/tcllib2.0/pop3d/pkgIndex.tcl 
Execute           source D:/movies/2025.2/Vitis/tps/tcl/tcllib2.0/practcl/pkgIndex.tcl 
Execute           source D:/movies/2025.2/Vitis/tps/tcl/tcllib2.0/processman/pkgIndex.tcl 
Execute           source D:/movies/2025.2/Vitis/tps/tcl/tcllib2.0/profiler/pkgIndex.tcl 
Execute           source D:/movies/2025.2/Vitis/tps/tcl/tcllib2.0/pt/pkgIndex.tcl 
Execute           source D:/movies/2025.2/Vitis/tps/tcl/tcllib2.0/rcs/pkgIndex.tcl 
Execute           source D:/movies/2025.2/Vitis/tps/tcl/tcllib2.0/report/pkgIndex.tcl 
Execute           source D:/movies/2025.2/Vitis/tps/tcl/tcllib2.0/rest/pkgIndex.tcl 
Execute           source D:/movies/2025.2/Vitis/tps/tcl/tcllib2.0/ripemd/pkgIndex.tcl 
Execute           source D:/movies/2025.2/Vitis/tps/tcl/tcllib2.0/sasl/pkgIndex.tcl 
Execute           source D:/movies/2025.2/Vitis/tps/tcl/tcllib2.0/sha1/pkgIndex.tcl 
Execute           source D:/movies/2025.2/Vitis/tps/tcl/tcllib2.0/simulation/pkgIndex.tcl 
Execute           source D:/movies/2025.2/Vitis/tps/tcl/tcllib2.0/smtpd/pkgIndex.tcl 
Execute           source D:/movies/2025.2/Vitis/tps/tcl/tcllib2.0/snit/pkgIndex.tcl 
Execute           source D:/movies/2025.2/Vitis/tps/tcl/tcllib2.0/soundex/pkgIndex.tcl 
Execute           source D:/movies/2025.2/Vitis/tps/tcl/tcllib2.0/stooop/pkgIndex.tcl 
Execute           source D:/movies/2025.2/Vitis/tps/tcl/tcllib2.0/string/pkgIndex.tcl 
Execute           source D:/movies/2025.2/Vitis/tps/tcl/tcllib2.0/stringprep/pkgIndex.tcl 
Execute           source D:/movies/2025.2/Vitis/tps/tcl/tcllib2.0/struct/pkgIndex.tcl 
Execute           source D:/movies/2025.2/Vitis/tps/tcl/tcllib2.0/tar/pkgIndex.tcl 
Execute           source D:/movies/2025.2/Vitis/tps/tcl/tcllib2.0/tepam/pkgIndex.tcl 
Execute           source D:/movies/2025.2/Vitis/tps/tcl/tcllib2.0/term/pkgIndex.tcl 
Execute           source D:/movies/2025.2/Vitis/tps/tcl/tcllib2.0/textutil/pkgIndex.tcl 
Execute           source D:/movies/2025.2/Vitis/tps/tcl/tcllib2.0/tie/pkgIndex.tcl 
Execute           source D:/movies/2025.2/Vitis/tps/tcl/tcllib2.0/tiff/pkgIndex.tcl 
Execute           source D:/movies/2025.2/Vitis/tps/tcl/tcllib2.0/tool/pkgIndex.tcl 
Execute           source D:/movies/2025.2/Vitis/tps/tcl/tcllib2.0/transfer/pkgIndex.tcl 
Execute           source D:/movies/2025.2/Vitis/tps/tcl/tcllib2.0/treeql/pkgIndex.tcl 
Execute           source D:/movies/2025.2/Vitis/tps/tcl/tcllib2.0/try/pkgIndex.tcl 
Execute           source D:/movies/2025.2/Vitis/tps/tcl/tcllib2.0/udpcluster/pkgIndex.tcl 
Execute           source D:/movies/2025.2/Vitis/tps/tcl/tcllib2.0/uev/pkgIndex.tcl 
Execute           source D:/movies/2025.2/Vitis/tps/tcl/tcllib2.0/units/pkgIndex.tcl 
Execute           source D:/movies/2025.2/Vitis/tps/tcl/tcllib2.0/uri/pkgIndex.tcl 
Execute           source D:/movies/2025.2/Vitis/tps/tcl/tcllib2.0/uuid/pkgIndex.tcl 
Execute           source D:/movies/2025.2/Vitis/tps/tcl/tcllib2.0/valtype/pkgIndex.tcl 
Execute           source D:/movies/2025.2/Vitis/tps/tcl/tcllib2.0/virtchannel_base/pkgIndex.tcl 
Execute           source D:/movies/2025.2/Vitis/tps/tcl/tcllib2.0/virtchannel_core/pkgIndex.tcl 
Execute           source D:/movies/2025.2/Vitis/tps/tcl/tcllib2.0/virtchannel_transform/pkgIndex.tcl 
Execute           source D:/movies/2025.2/Vitis/tps/tcl/tcllib2.0/websocket/pkgIndex.tcl 
Execute           source D:/movies/2025.2/Vitis/tps/tcl/tcllib2.0/wip/pkgIndex.tcl 
Execute           source D:/movies/2025.2/Vitis/tps/tcl/tcllib2.0/yaml/pkgIndex.tcl 
Execute           source D:/movies/2025.2/Vitis/tps/tcl/tcllib2.0/zip/pkgIndex.tcl 
Command         ap_source done; 0.164 sec.
Execute         source D:/movies/2025.2/Vitis/tps/tcl/tdom/pkgIndex.tcl 
Execute         source D:/movies/2025.2/Vitis/tps/tcl/tcl8.6/opt0.4/pkgIndex.tcl 
Execute         source D:/movies/2025.2/Vitis/tps/tcl/tcl8.6/pkgs/win/thread2.8.7/pkgIndex.tcl 
Command       ap_source done; 0.697 sec.
INFO-FLOW: Workspace C:/Users/duong/Desktop/xup_high_level_synthesis_design_flow-main/source/lab2/lab2_pipeline_off/lab2_pipeline_off/hls opened at Sun Jun 14 00:08:33 -0400 2026
Execute       send_msg_by_id INFO @200-1505@%s%s default  vivado 
INFO: [HLS 200-1505] Using default flow_target 'vivado'
Execute       send_msg_by_id INFO @200-2174@%s%s component hls_config.cfg 
INFO: [HLS 200-2174] Applying component config ini file hls_config.cfg
Execute       apply_ini hls_config.cfg 
Execute         send_msg_by_id INFO @200-1465@%s 'syn.file=../image_aux.c' from hls_config.cfg(7) 
INFO: [HLS 200-1465] Applying config ini 'syn.file=../image_aux.c' from hls_config.cfg(7)
Execute         add_files C:/Users/duong/Desktop/xup_high_level_synthesis_design_flow-main/source/lab2/image_aux.c 
INFO: [HLS 200-10] Adding design file 'C:/Users/duong/Desktop/xup_high_level_synthesis_design_flow-main/source/lab2/image_aux.c' to the project
Execute         send_msg_by_id INFO @200-1465@%s 'syn.file=../image_aux.h' from hls_config.cfg(8) 
INFO: [HLS 200-1465] Applying config ini 'syn.file=../image_aux.h' from hls_config.cfg(8)
Execute         add_files C:/Users/duong/Desktop/xup_high_level_synthesis_design_flow-main/source/lab2/image_aux.h 
INFO: [HLS 200-10] Adding design file 'C:/Users/duong/Desktop/xup_high_level_synthesis_design_flow-main/source/lab2/image_aux.h' to the project
Execute         send_msg_by_id INFO @200-1465@%s 'syn.file=../yuv_filter.c' from hls_config.cfg(9) 
INFO: [HLS 200-1465] Applying config ini 'syn.file=../yuv_filter.c' from hls_config.cfg(9)
Execute         add_files C:/Users/duong/Desktop/xup_high_level_synthesis_design_flow-main/source/lab2/yuv_filter.c 
INFO: [HLS 200-10] Adding design file 'C:/Users/duong/Desktop/xup_high_level_synthesis_design_flow-main/source/lab2/yuv_filter.c' to the project
Execute         send_msg_by_id INFO @200-1465@%s 'syn.file=../yuv_filter.h' from hls_config.cfg(10) 
INFO: [HLS 200-1465] Applying config ini 'syn.file=../yuv_filter.h' from hls_config.cfg(10)
Execute         add_files C:/Users/duong/Desktop/xup_high_level_synthesis_design_flow-main/source/lab2/yuv_filter.h 
INFO: [HLS 200-10] Adding design file 'C:/Users/duong/Desktop/xup_high_level_synthesis_design_flow-main/source/lab2/yuv_filter.h' to the project
Execute         send_msg_by_id INFO @200-1465@%s 'tb.file=../yuv_filter_test.c' from hls_config.cfg(11) 
INFO: [HLS 200-1465] Applying config ini 'tb.file=../yuv_filter_test.c' from hls_config.cfg(11)
Execute         add_files -tb C:/Users/duong/Desktop/xup_high_level_synthesis_design_flow-main/source/lab2/yuv_filter_test.c 
INFO: [HLS 200-10] Adding test bench file 'C:/Users/duong/Desktop/xup_high_level_synthesis_design_flow-main/source/lab2/yuv_filter_test.c' to the project
Execute         send_msg_by_id INFO @200-1465@%s 'syn.top=yuv_filter' from hls_config.cfg(12) 
INFO: [HLS 200-1465] Applying config ini 'syn.top=yuv_filter' from hls_config.cfg(12)
Execute         set_top yuv_filter 
Execute         send_msg_by_id INFO @200-1465@%s 'flow_target=vivado' from hls_config.cfg(4) 
INFO: [HLS 200-1465] Applying config ini 'flow_target=vivado' from hls_config.cfg(4)
Execute         send_msg_by_id INFO @200-1505@%s%s  vivado 
INFO: [HLS 200-1505] Using flow_target 'vivado'
Execute         send_msg_by_id INFO @200-1465@%s 'part=xc7a35tfgg484-2' from hls_config.cfg(1) 
INFO: [HLS 200-1465] Applying config ini 'part=xc7a35tfgg484-2' from hls_config.cfg(1)
Execute         set_part xc7a35tfgg484-2 
Execute           create_platform xc7a35tfgg484-2 -board  
DBG:HLSDevice: Trying to load device library: D:/movies/2025.2/Vitis\lib\win64.o\xv_hlsvwrap.dll
DBG:HLSDevice: first parts/arch.xml in RDI_DATADIR: D:/movies/2025.2/Vivado/data/parts/arch.xml
DBG:HLSDevice: init success
INFO: [HLS 200-1611] Setting target device to 'xc7a35t-fgg484-2'
Command           create_platform done; 0.619 sec.
Execute           source D:/movies/2025.2/Vitis/common/technology/xilinx/common/xilinx.gen 
Execute             source D:/movies/2025.2/Vitis/common/technology/xilinx/interface/plb46.gen 
Execute             source D:/movies/2025.2/Vitis/common/technology/xilinx/interface/axi4.gen 
Execute             source D:/movies/2025.2/Vitis/common/technology/xilinx/interface/nativeAXI4.gen 
Execute               source D:/movies/2025.2/Vitis/common/technology/xilinx/interface/saxilite.gen 
Execute             source D:/movies/2025.2/Vitis/common/technology/xilinx/scripts/xilinxcoregen.gen 
Execute             source D:/movies/2025.2/Vitis/common/technology/xilinx/interface/XilEDKCoreGen.gen 
Execute             source D:/movies/2025.2/Vitis/common/technology/xilinx/ip/dds_compiler.gen 
Execute             source D:/movies/2025.2/Vitis/common/technology/xilinx/ip/util.gen 
Execute             source D:/movies/2025.2/Vitis/common/technology/xilinx/ip/xfft.gen 
Execute             source D:/movies/2025.2/Vitis/common/technology/xilinx/ip/xfir.gen 
Execute             source D:/movies/2025.2/Vitis/common/technology/xilinx/DSP48/dsp48.gen 
Execute           ap_part_info -name xc7a35t-fgg484-2 -data info 
Execute           config_compile -quiet -complex-mul-dsp=0 
Command         set_part done; 0.706 sec.
Execute         send_msg_by_id INFO @200-1465@%s 'package.output.format=ip_catalog' from hls_config.cfg(5) 
INFO: [HLS 200-1465] Applying config ini 'package.output.format=ip_catalog' from hls_config.cfg(5)
Execute         config_export -format=ip_catalog 
Command       apply_ini done; 0.769 sec.
Execute       write_component -config C:/Users/duong/Desktop/xup_high_level_synthesis_design_flow-main/source/lab2/lab2_pipeline_off/hls_config.cfg 
Execute         send_msg_by_id INFO @200-2176@%s C:/Users/duong/Desktop/xup_high_level_synthesis_design_flow-main/source/lab2/lab2_pipeline_off/lab2_pipeline_off/vitis-comp.json 
INFO: [HLS 200-2176] Writing Vitis IDE component file C:/Users/duong/Desktop/xup_high_level_synthesis_design_flow-main/source/lab2/lab2_pipeline_off/lab2_pipeline_off/vitis-comp.json
Command     open_solution done; 1.512 sec.
Command   open_component done; 1.516 sec.
Execute   apply_ini C:/Users/duong/Desktop/xup_high_level_synthesis_design_flow-main/source/lab2/lab2_pipeline_off/lab2_pipeline_off/hls/config.cmdline -iscmdline 
Execute   ::AP::init_summary_file csynth 
Execute     AP::app_get_file_relativeroot [AP::app_get_root] {}
Execute   csynth_design 
Execute     AP::msg_collection_file -open C:/Users/duong/Desktop/xup_high_level_synthesis_design_flow-main/source/lab2/lab2_pipeline_off/lab2_pipeline_off/hls/.autopilot/db/be_messages.xml 
Execute     ap_part_info -name xc7a35t-fgg484-2 -data info 
INFO-FLOW: run_clang yuv_filter.c.xilinx-performance-pragma-detector exec: D:/movies/2025.2/Vitis/win64/tools/clang-16/bin/xilinx-performance-pragma-detector ../yuv_filter.c -- -fhls -D__VITIS_HLS__ -DAESL_SYN -D__SYNTHESIS__ -D__HLS_SYN__ -I D:/movies/2025.2/Vitis/common/technology/autopilot -I D:/movies/2025.2/Vitis/common/technology/autopilot/ap_sysc -include etc/autopilot_ssdm_op.h -D__DSP48E1__ -target fpga64-xilinx-mingw32 --sysroot D:/movies/2025.2/Vitis/tps/mingw/8.3.0/win64.o/nt {-hls-platform-db-name=D:/movies/2025.2/Vitis\common/technology\xilinx/common/platform.db} -hls-platform-name=artix7_medium -device-resource-info=BRAM_100.000000_DSP_90.000000_FF_41600.000000_LUT_20800.000000_SLICE_8150.000000_URAM_0.000000 -device-name-info=xc7a35tfgg484-2 > C:/Users/duong/Desktop/xup_high_level_synthesis_design_flow-main/source/lab2/lab2_pipeline_off/lab2_pipeline_off/hls/.autopilot/db/yuv_filter.c.xilinx-performance-pragma-detector.out.log 2> C:/Users/duong/Desktop/xup_high_level_synthesis_design_flow-main/source/lab2/lab2_pipeline_off/lab2_pipeline_off/hls/.autopilot/db/yuv_filter.c.xilinx-performance-pragma-detector.err.log
INFO-FLOW: run_clang result=success num-err-msgs=0 num-stderr-lines=1
Execute     ap_part_info -name xc7a35t-fgg484-2 -data info 
INFO-FLOW: run_clang image_aux.c.xilinx-performance-pragma-detector exec: D:/movies/2025.2/Vitis/win64/tools/clang-16/bin/xilinx-performance-pragma-detector ../image_aux.c -- -fhls -D__VITIS_HLS__ -DAESL_SYN -D__SYNTHESIS__ -D__HLS_SYN__ -I D:/movies/2025.2/Vitis/common/technology/autopilot -I D:/movies/2025.2/Vitis/common/technology/autopilot/ap_sysc -include etc/autopilot_ssdm_op.h -D__DSP48E1__ -target fpga64-xilinx-mingw32 --sysroot D:/movies/2025.2/Vitis/tps/mingw/8.3.0/win64.o/nt {-hls-platform-db-name=D:/movies/2025.2/Vitis\common/technology\xilinx/common/platform.db} -hls-platform-name=artix7_medium -device-resource-info=BRAM_100.000000_DSP_90.000000_FF_41600.000000_LUT_20800.000000_SLICE_8150.000000_URAM_0.000000 -device-name-info=xc7a35tfgg484-2 > C:/Users/duong/Desktop/xup_high_level_synthesis_design_flow-main/source/lab2/lab2_pipeline_off/lab2_pipeline_off/hls/.autopilot/db/image_aux.c.xilinx-performance-pragma-detector.out.log 2> C:/Users/duong/Desktop/xup_high_level_synthesis_design_flow-main/source/lab2/lab2_pipeline_off/lab2_pipeline_off/hls/.autopilot/db/image_aux.c.xilinx-performance-pragma-detector.err.log
INFO-FLOW: run_clang result=success num-err-msgs=0 num-stderr-lines=1
Execute     elaborate -effort=medium -skip_syncheck=0 -keep_printf=0 -skip_cdt=0 -skip_transform=0 -ng=0 -g=0 -from_csynth_design=1 
INFO: [HLS 200-111] Finished File checks and directory preparation: CPU user time: 1 seconds. CPU system time: 1 seconds. Elapsed time: 3.673 seconds; current allocated memory: 139.074 MB.
Execute       send_msg_by_id INFO @200-2191@%s%s C-Synthesis clang-16 
INFO: [HLS 200-2191] C-Synthesis will use clang-16 as the compiler
Execute       set_directive_top yuv_filter -name=yuv_filter 
INFO: [HLS 200-10] Analyzing design file '../yuv_filter.c' ... 
INFO-FLOW: Compiling one TU...
INFO-FLOW: Handling ../yuv_filter.c as C
Execute       ap_part_info -name xc7a35t-fgg484-2 -data info 
INFO-FLOW: Running: GCC PP 39
INFO-FLOW: Source preprocessing
INFO-FLOW: run_clang yuv_filter.c.clang exec: D:/movies/2025.2/Vitis/win64/tools/clang-16/bin/clang ../yuv_filter.c -foptimization-record-file=C:/Users/duong/Desktop/xup_high_level_synthesis_design_flow-main/source/lab2/lab2_pipeline_off/lab2_pipeline_off/hls/.autopilot/db/yuv_filter.c.clang.diag.yml -mllvm -pass-remarks-missed=reflow|pasta|unroll|inline -mllvm -pass-remarks=reflow|pasta|unroll|inline -fno-limit-debug-info --sysroot D:/movies/2025.2/Vitis/tps/mingw/8.3.0/win64.o/nt -fhls -fno-exceptions -insert-hls-directive=C:/Users/duong/Desktop/xup_high_level_synthesis_design_flow-main/source/lab2/lab2_pipeline_off/lab2_pipeline_off/hls/.autopilot/db/all.directive.json -hls-directive-location -E -fno-math-errno -c -emit-llvm -mllvm -disable-llvm-optzns -Xclang -no-opaque-pointers -Xclang -fmerge-all-constants -Werror=implicit-hls-streams -Werror=return-type -Wpragmas -Wunused-parameter -Wdump-hls-pragmas -Wno-error=dump-hls-pragmas -hls-clock-period=10 -std=gnu99 -fgnu89-inline -target fpga64-xilinx-mingw32 -D__VITIS_HLS__ -DAESL_SYN -D__SYNTHESIS__ -D__HLS_SYN__ -I D:/movies/2025.2/Vitis/common/technology/autopilot -I D:/movies/2025.2/Vitis/common/technology/autopilot/ap_sysc -include etc/autopilot_ssdm_op.h -D__DSP48E1__ -o C:/Users/duong/Desktop/xup_high_level_synthesis_design_flow-main/source/lab2/lab2_pipeline_off/lab2_pipeline_off/hls/.autopilot/db/yuv_filter.pp.0.c {-hls-platform-db-name=D:/movies/2025.2/Vitis\common/technology\xilinx/common/platform.db} -hls-platform-name=artix7_medium -device-resource-info=BRAM_100.000000_DSP_90.000000_FF_41600.000000_LUT_20800.000000_SLICE_8150.000000_URAM_0.000000 -device-name-info=xc7a35tfgg484-2 > C:/Users/duong/Desktop/xup_high_level_synthesis_design_flow-main/source/lab2/lab2_pipeline_off/lab2_pipeline_off/hls/.autopilot/db/yuv_filter.c.clang.out.log 2> C:/Users/duong/Desktop/xup_high_level_synthesis_design_flow-main/source/lab2/lab2_pipeline_off/lab2_pipeline_off/hls/.autopilot/db/yuv_filter.c.clang.err.log
INFO-FLOW: run_clang result=success num-err-msgs=0 num-stderr-lines=0
INFO-FLOW: Done: GCC PP 39 time: 0.5 seconds 
INFO-FLOW: Source syntax check for synthesis
INFO-FLOW: run_clang clang exec: D:/movies/2025.2/Vitis/win64/tools/clang-16/bin/clang -foptimization-record-file=C:/Users/duong/Desktop/xup_high_level_synthesis_design_flow-main/source/lab2/lab2_pipeline_off/lab2_pipeline_off/hls/.autopilot/db/clang.diag.yml -mllvm -pass-remarks-missed=reflow|pasta|unroll|inline -mllvm -pass-remarks=reflow|pasta|unroll|inline -fsyntax-only -fhls -target fpga64-xilinx-linux-gnu C:/Users/duong/Desktop/xup_high_level_synthesis_design_flow-main/source/lab2/lab2_pipeline_off/lab2_pipeline_off/hls/.autopilot/db/yuv_filter.pp.0.c {-hls-platform-db-name=D:/movies/2025.2/Vitis\common/technology\xilinx/common/platform.db} -hls-platform-name=artix7_medium -device-resource-info=BRAM_100.000000_DSP_90.000000_FF_41600.000000_LUT_20800.000000_SLICE_8150.000000_URAM_0.000000 -device-name-info=xc7a35tfgg484-2 > C:/Users/duong/Desktop/xup_high_level_synthesis_design_flow-main/source/lab2/lab2_pipeline_off/lab2_pipeline_off/hls/.autopilot/db/clang.out.log 2> C:/Users/duong/Desktop/xup_high_level_synthesis_design_flow-main/source/lab2/lab2_pipeline_off/lab2_pipeline_off/hls/.autopilot/db/clang.err.log
INFO-FLOW: run_clang result=success num-err-msgs=0 num-stderr-lines=0
Execute       clang_tidy xilinx-systemc-detector -desc systemc-detector C:/Users/duong/Desktop/xup_high_level_synthesis_design_flow-main/source/lab2/lab2_pipeline_off/lab2_pipeline_off/hls/.autopilot/db/yuv_filter.pp.0.c std=gnu99 -target fpga -directive=C:/Users/duong/Desktop/xup_high_level_synthesis_design_flow-main/source/lab2/lab2_pipeline_off/lab2_pipeline_off/hls/.autopilot/db/.systemc_flag 
INFO-FLOW: exec D:/movies/2025.2/Vitis/win64/tools/clang-16/bin/clang-tidy -header-filter=.* --checks=-*,xilinx-systemc-detector -import-directive=C:/Users/duong/Desktop/xup_high_level_synthesis_design_flow-main/source/lab2/lab2_pipeline_off/lab2_pipeline_off/hls/.autopilot/db/.systemc_flag -fix-errors C:/Users/duong/Desktop/xup_high_level_synthesis_design_flow-main/source/lab2/lab2_pipeline_off/lab2_pipeline_off/hls/.autopilot/db/yuv_filter.pp.0.c -- -std=gnu99 -target fpga -fhls -ferror-limit=0
INFO-FLOW: Running: clang-tidy CDT preprocess 39
Execute       clang_tidy xilinx-directive2pragma -desc directive2pragma C:/Users/duong/Desktop/xup_high_level_synthesis_design_flow-main/source/lab2/lab2_pipeline_off/lab2_pipeline_off/hls/.autopilot/db/yuv_filter.pp.0.c std=gnu99 -target fpga -directive=C:/Users/duong/Desktop/xup_high_level_synthesis_design_flow-main/source/lab2/lab2_pipeline_off/lab2_pipeline_off/hls/.autopilot/db/all.directive.json 
INFO-FLOW: exec D:/movies/2025.2/Vitis/win64/tools/clang-16/bin/clang-tidy -header-filter=.* --checks=-*,xilinx-directive2pragma -import-directive=C:/Users/duong/Desktop/xup_high_level_synthesis_design_flow-main/source/lab2/lab2_pipeline_off/lab2_pipeline_off/hls/.autopilot/db/all.directive.json -fix-errors C:/Users/duong/Desktop/xup_high_level_synthesis_design_flow-main/source/lab2/lab2_pipeline_off/lab2_pipeline_off/hls/.autopilot/db/yuv_filter.pp.0.c -- -std=gnu99 -target fpga -fhls -ferror-limit=0
Command       clang_tidy done; 0.151 sec.
INFO-FLOW: Done: clang-tidy CDT preprocess 39 time: 0.2 seconds 
INFO-FLOW: Calling xilinx-label-all-loops ... 
INFO-FLOW: Calling xilinx-aggregate-on-hls-vector ... 
Execute       clang_tidy -errorcheck -desc loop-label xilinx-label-all-loops,xilinx-aggregate-on-hls-vector,,xilinx-warn-mayneed-no-ctor-attribute C:/Users/duong/Desktop/xup_high_level_synthesis_design_flow-main/source/lab2/lab2_pipeline_off/lab2_pipeline_off/hls/.autopilot/db/yuv_filter.pp.0.c std=gnu99 -target fpga 
INFO-FLOW: run_clang loop-label exec: D:/movies/2025.2/Vitis/win64/tools/clang-16/bin/clang-tidy -export-fixes=C:/Users/duong/Desktop/xup_high_level_synthesis_design_flow-main/source/lab2/lab2_pipeline_off/lab2_pipeline_off/hls/.autopilot/db/yuv_filter.pp.0.c.clang-tidy.loop-label.diag.yml -header-filter=.* --checks=-*,xilinx-label-all-loops,xilinx-aggregate-on-hls-vector,,xilinx-warn-mayneed-no-ctor-attribute -fix-errors C:/Users/duong/Desktop/xup_high_level_synthesis_design_flow-main/source/lab2/lab2_pipeline_off/lab2_pipeline_off/hls/.autopilot/db/yuv_filter.pp.0.c -- -std=gnu99 -target fpga -fhls -ferror-limit=0 > C:/Users/duong/Desktop/xup_high_level_synthesis_design_flow-main/source/lab2/lab2_pipeline_off/lab2_pipeline_off/hls/.autopilot/db/yuv_filter.pp.0.c.clang-tidy.loop-label.out.log 2> C:/Users/duong/Desktop/xup_high_level_synthesis_design_flow-main/source/lab2/lab2_pipeline_off/lab2_pipeline_off/hls/.autopilot/db/yuv_filter.pp.0.c.clang-tidy.loop-label.err.log
INFO-FLOW: run_clang result=success num-err-msgs=0 num-stderr-lines=0
Command       clang_tidy done; 0.102 sec.
INFO-FLOW: run_clang yuv_filter.pp.0.c.xilinx-dataflow-lawyer exec: D:/movies/2025.2/Vitis/win64/tools/clang-16/bin/xilinx-dataflow-lawyer -export-fixes=C:/Users/duong/Desktop/xup_high_level_synthesis_design_flow-main/source/lab2/lab2_pipeline_off/lab2_pipeline_off/hls/.autopilot/db/yuv_filter.pp.0.c.xilinx-dataflow-lawyer.diag.yml C:/Users/duong/Desktop/xup_high_level_synthesis_design_flow-main/source/lab2/lab2_pipeline_off/lab2_pipeline_off/hls/.autopilot/db/yuv_filter.pp.0.c -- -std=gnu99 -target fpga -fhls -ferror-limit=0 -fstrict-dataflow > C:/Users/duong/Desktop/xup_high_level_synthesis_design_flow-main/source/lab2/lab2_pipeline_off/lab2_pipeline_off/hls/.autopilot/db/yuv_filter.pp.0.c.xilinx-dataflow-lawyer.out.log 2> C:/Users/duong/Desktop/xup_high_level_synthesis_design_flow-main/source/lab2/lab2_pipeline_off/lab2_pipeline_off/hls/.autopilot/db/yuv_filter.pp.0.c.xilinx-dataflow-lawyer.err.log
INFO-FLOW: run_clang result=success num-err-msgs=0 num-stderr-lines=0
Execute       ap_part_info -name xc7a35t-fgg484-2 -data info 
INFO-FLOW: compiling source code to llvm bc
INFO-FLOW: run_clang yuv_filter.pp.0.c.clang exec: D:/movies/2025.2/Vitis/win64/tools/clang-16/bin/clang -foptimization-record-file=C:/Users/duong/Desktop/xup_high_level_synthesis_design_flow-main/source/lab2/lab2_pipeline_off/lab2_pipeline_off/hls/.autopilot/db/yuv_filter.pp.0.c.clang.diag.yml -mllvm -pass-remarks-missed=reflow|pasta|unroll|inline -mllvm -pass-remarks=reflow|pasta|unroll|inline -flto -fno-exceptions -Wno-error=c++11-narrowing -fno-limit-debug-info -fhls -hls-emit-hint-scope C:/Users/duong/Desktop/xup_high_level_synthesis_design_flow-main/source/lab2/lab2_pipeline_off/lab2_pipeline_off/hls/.autopilot/db/yuv_filter.pp.0.c -fno-math-errno -c -emit-llvm -mllvm -disable-llvm-optzns -Xclang -no-opaque-pointers -Xclang -fmerge-all-constants -Werror=implicit-hls-streams -Werror=return-type -Wpragmas -Wunused-parameter -Wdump-hls-pragmas -Wno-error=dump-hls-pragmas -hls-clock-period=10 -std=gnu99 -fgnu89-inline -target fpga64-xilinx-linux-gnu -D__VITIS_HLS__ -DAESL_SYN -D__SYNTHESIS__ -D__HLS_SYN__ -I D:/movies/2025.2/Vitis/common/technology/autopilot -I D:/movies/2025.2/Vitis/common/technology/autopilot/ap_sysc -include etc/autopilot_ssdm_op.h -D__DSP48E1__ -g -o C:/Users/duong/Desktop/xup_high_level_synthesis_design_flow-main/source/lab2/lab2_pipeline_off/lab2_pipeline_off/hls/.autopilot/db/yuv_filter.pre.g.bc {-hls-platform-db-name=D:/movies/2025.2/Vitis\common/technology\xilinx/common/platform.db} -hls-platform-name=artix7_medium -device-resource-info=BRAM_100.000000_DSP_90.000000_FF_41600.000000_LUT_20800.000000_SLICE_8150.000000_URAM_0.000000 -device-name-info=xc7a35tfgg484-2 > C:/Users/duong/Desktop/xup_high_level_synthesis_design_flow-main/source/lab2/lab2_pipeline_off/lab2_pipeline_off/hls/.autopilot/db/yuv_filter.pp.0.c.clang.out.log 2> C:/Users/duong/Desktop/xup_high_level_synthesis_design_flow-main/source/lab2/lab2_pipeline_off/lab2_pipeline_off/hls/.autopilot/db/yuv_filter.pp.0.c.clang.err.log
INFO-FLOW: run_clang result=success num-err-msgs=0 num-stderr-lines=0
INFO-FLOW: converting llvm 16.0.4 bc to downstrem bc
INFO-FLOW: run_clang yuv_filter.bc.llvm-converter exec: D:/movies/2025.2/Vitis/win64/tools/clang-16/bin/llvm-converter -opaque-pointers=0 C:/Users/duong/Desktop/xup_high_level_synthesis_design_flow-main/source/lab2/lab2_pipeline_off/lab2_pipeline_off/hls/.autopilot/db/yuv_filter.pre.g.bc -o C:/Users/duong/Desktop/xup_high_level_synthesis_design_flow-main/source/lab2/lab2_pipeline_off/lab2_pipeline_off/hls/.autopilot/db/yuv_filter.bc > C:/Users/duong/Desktop/xup_high_level_synthesis_design_flow-main/source/lab2/lab2_pipeline_off/lab2_pipeline_off/hls/.autopilot/db/yuv_filter.bc.llvm-converter.out.log 2> C:/Users/duong/Desktop/xup_high_level_synthesis_design_flow-main/source/lab2/lab2_pipeline_off/lab2_pipeline_off/hls/.autopilot/db/yuv_filter.bc.llvm-converter.err.log
INFO-FLOW: run_clang result=success num-err-msgs=0 num-stderr-lines=0
INFO: [HLS 200-10] Analyzing design file '../image_aux.c' ... 
INFO-FLOW: Compiling one TU...
INFO-FLOW: Handling ../image_aux.c as C
Execute       ap_part_info -name xc7a35t-fgg484-2 -data info 
INFO-FLOW: Running: GCC PP 39
INFO-FLOW: Source preprocessing
INFO-FLOW: run_clang image_aux.c.clang exec: D:/movies/2025.2/Vitis/win64/tools/clang-16/bin/clang ../image_aux.c -foptimization-record-file=C:/Users/duong/Desktop/xup_high_level_synthesis_design_flow-main/source/lab2/lab2_pipeline_off/lab2_pipeline_off/hls/.autopilot/db/image_aux.c.clang.diag.yml -mllvm -pass-remarks-missed=reflow|pasta|unroll|inline -mllvm -pass-remarks=reflow|pasta|unroll|inline -fno-limit-debug-info --sysroot D:/movies/2025.2/Vitis/tps/mingw/8.3.0/win64.o/nt -fhls -fno-exceptions -insert-hls-directive=C:/Users/duong/Desktop/xup_high_level_synthesis_design_flow-main/source/lab2/lab2_pipeline_off/lab2_pipeline_off/hls/.autopilot/db/all.directive.json -hls-directive-location -E -fno-math-errno -c -emit-llvm -mllvm -disable-llvm-optzns -Xclang -no-opaque-pointers -Xclang -fmerge-all-constants -Werror=implicit-hls-streams -Werror=return-type -Wpragmas -Wunused-parameter -Wdump-hls-pragmas -Wno-error=dump-hls-pragmas -hls-clock-period=10 -std=gnu99 -fgnu89-inline -target fpga64-xilinx-mingw32 -D__VITIS_HLS__ -DAESL_SYN -D__SYNTHESIS__ -D__HLS_SYN__ -I D:/movies/2025.2/Vitis/common/technology/autopilot -I D:/movies/2025.2/Vitis/common/technology/autopilot/ap_sysc -include etc/autopilot_ssdm_op.h -D__DSP48E1__ -o C:/Users/duong/Desktop/xup_high_level_synthesis_design_flow-main/source/lab2/lab2_pipeline_off/lab2_pipeline_off/hls/.autopilot/db/image_aux.pp.0.c {-hls-platform-db-name=D:/movies/2025.2/Vitis\common/technology\xilinx/common/platform.db} -hls-platform-name=artix7_medium -device-resource-info=BRAM_100.000000_DSP_90.000000_FF_41600.000000_LUT_20800.000000_SLICE_8150.000000_URAM_0.000000 -device-name-info=xc7a35tfgg484-2 > C:/Users/duong/Desktop/xup_high_level_synthesis_design_flow-main/source/lab2/lab2_pipeline_off/lab2_pipeline_off/hls/.autopilot/db/image_aux.c.clang.out.log 2> C:/Users/duong/Desktop/xup_high_level_synthesis_design_flow-main/source/lab2/lab2_pipeline_off/lab2_pipeline_off/hls/.autopilot/db/image_aux.c.clang.err.log
INFO-FLOW: run_clang result=success num-err-msgs=0 num-stderr-lines=0
INFO-FLOW: Done: GCC PP 39 time: 0.2 seconds 
INFO-FLOW: Source syntax check for synthesis
INFO-FLOW: run_clang clang exec: D:/movies/2025.2/Vitis/win64/tools/clang-16/bin/clang -foptimization-record-file=C:/Users/duong/Desktop/xup_high_level_synthesis_design_flow-main/source/lab2/lab2_pipeline_off/lab2_pipeline_off/hls/.autopilot/db/clang.diag.yml -mllvm -pass-remarks-missed=reflow|pasta|unroll|inline -mllvm -pass-remarks=reflow|pasta|unroll|inline -fsyntax-only -fhls -target fpga64-xilinx-linux-gnu C:/Users/duong/Desktop/xup_high_level_synthesis_design_flow-main/source/lab2/lab2_pipeline_off/lab2_pipeline_off/hls/.autopilot/db/image_aux.pp.0.c {-hls-platform-db-name=D:/movies/2025.2/Vitis\common/technology\xilinx/common/platform.db} -hls-platform-name=artix7_medium -device-resource-info=BRAM_100.000000_DSP_90.000000_FF_41600.000000_LUT_20800.000000_SLICE_8150.000000_URAM_0.000000 -device-name-info=xc7a35tfgg484-2 > C:/Users/duong/Desktop/xup_high_level_synthesis_design_flow-main/source/lab2/lab2_pipeline_off/lab2_pipeline_off/hls/.autopilot/db/clang.out.log 2> C:/Users/duong/Desktop/xup_high_level_synthesis_design_flow-main/source/lab2/lab2_pipeline_off/lab2_pipeline_off/hls/.autopilot/db/clang.err.log
INFO-FLOW: run_clang result=success num-err-msgs=0 num-stderr-lines=0
Execute       clang_tidy xilinx-systemc-detector -desc systemc-detector C:/Users/duong/Desktop/xup_high_level_synthesis_design_flow-main/source/lab2/lab2_pipeline_off/lab2_pipeline_off/hls/.autopilot/db/image_aux.pp.0.c std=gnu99 -target fpga -directive=C:/Users/duong/Desktop/xup_high_level_synthesis_design_flow-main/source/lab2/lab2_pipeline_off/lab2_pipeline_off/hls/.autopilot/db/.systemc_flag 
INFO-FLOW: exec D:/movies/2025.2/Vitis/win64/tools/clang-16/bin/clang-tidy -header-filter=.* --checks=-*,xilinx-systemc-detector -import-directive=C:/Users/duong/Desktop/xup_high_level_synthesis_design_flow-main/source/lab2/lab2_pipeline_off/lab2_pipeline_off/hls/.autopilot/db/.systemc_flag -fix-errors C:/Users/duong/Desktop/xup_high_level_synthesis_design_flow-main/source/lab2/lab2_pipeline_off/lab2_pipeline_off/hls/.autopilot/db/image_aux.pp.0.c -- -std=gnu99 -target fpga -fhls -ferror-limit=0
Command       clang_tidy done; 0.106 sec.
INFO-FLOW: Running: clang-tidy CDT preprocess 39
Execute       clang_tidy xilinx-directive2pragma -desc directive2pragma C:/Users/duong/Desktop/xup_high_level_synthesis_design_flow-main/source/lab2/lab2_pipeline_off/lab2_pipeline_off/hls/.autopilot/db/image_aux.pp.0.c std=gnu99 -target fpga -directive=C:/Users/duong/Desktop/xup_high_level_synthesis_design_flow-main/source/lab2/lab2_pipeline_off/lab2_pipeline_off/hls/.autopilot/db/all.directive.json 
INFO-FLOW: exec D:/movies/2025.2/Vitis/win64/tools/clang-16/bin/clang-tidy -header-filter=.* --checks=-*,xilinx-directive2pragma -import-directive=C:/Users/duong/Desktop/xup_high_level_synthesis_design_flow-main/source/lab2/lab2_pipeline_off/lab2_pipeline_off/hls/.autopilot/db/all.directive.json -fix-errors C:/Users/duong/Desktop/xup_high_level_synthesis_design_flow-main/source/lab2/lab2_pipeline_off/lab2_pipeline_off/hls/.autopilot/db/image_aux.pp.0.c -- -std=gnu99 -target fpga -fhls -ferror-limit=0
Command       clang_tidy done; 0.104 sec.
INFO-FLOW: Done: clang-tidy CDT preprocess 39 time: 0.1 seconds 
INFO-FLOW: Calling xilinx-label-all-loops ... 
INFO-FLOW: Calling xilinx-aggregate-on-hls-vector ... 
Execute       clang_tidy -errorcheck -desc loop-label xilinx-label-all-loops,xilinx-aggregate-on-hls-vector,,xilinx-warn-mayneed-no-ctor-attribute C:/Users/duong/Desktop/xup_high_level_synthesis_design_flow-main/source/lab2/lab2_pipeline_off/lab2_pipeline_off/hls/.autopilot/db/image_aux.pp.0.c std=gnu99 -target fpga 
INFO-FLOW: run_clang loop-label exec: D:/movies/2025.2/Vitis/win64/tools/clang-16/bin/clang-tidy -export-fixes=C:/Users/duong/Desktop/xup_high_level_synthesis_design_flow-main/source/lab2/lab2_pipeline_off/lab2_pipeline_off/hls/.autopilot/db/image_aux.pp.0.c.clang-tidy.loop-label.diag.yml -header-filter=.* --checks=-*,xilinx-label-all-loops,xilinx-aggregate-on-hls-vector,,xilinx-warn-mayneed-no-ctor-attribute -fix-errors C:/Users/duong/Desktop/xup_high_level_synthesis_design_flow-main/source/lab2/lab2_pipeline_off/lab2_pipeline_off/hls/.autopilot/db/image_aux.pp.0.c -- -std=gnu99 -target fpga -fhls -ferror-limit=0 > C:/Users/duong/Desktop/xup_high_level_synthesis_design_flow-main/source/lab2/lab2_pipeline_off/lab2_pipeline_off/hls/.autopilot/db/image_aux.pp.0.c.clang-tidy.loop-label.out.log 2> C:/Users/duong/Desktop/xup_high_level_synthesis_design_flow-main/source/lab2/lab2_pipeline_off/lab2_pipeline_off/hls/.autopilot/db/image_aux.pp.0.c.clang-tidy.loop-label.err.log
Execute         source D:/movies/2025.2/Vitis/tps/tcl/tcllib2.0/yaml/yaml.tcl 
Execute           source D:/movies/2025.2/Vitis/tps/tcl/tcllib2.0/cmdline/cmdline.tcl 
INFO-FLOW: run_clang result=success num-err-msgs=0 num-stderr-lines=21
Command       clang_tidy done; 0.131 sec.
INFO-FLOW: run_clang image_aux.pp.0.c.xilinx-dataflow-lawyer exec: D:/movies/2025.2/Vitis/win64/tools/clang-16/bin/xilinx-dataflow-lawyer -export-fixes=C:/Users/duong/Desktop/xup_high_level_synthesis_design_flow-main/source/lab2/lab2_pipeline_off/lab2_pipeline_off/hls/.autopilot/db/image_aux.pp.0.c.xilinx-dataflow-lawyer.diag.yml C:/Users/duong/Desktop/xup_high_level_synthesis_design_flow-main/source/lab2/lab2_pipeline_off/lab2_pipeline_off/hls/.autopilot/db/image_aux.pp.0.c -- -std=gnu99 -target fpga -fhls -ferror-limit=0 -fstrict-dataflow > C:/Users/duong/Desktop/xup_high_level_synthesis_design_flow-main/source/lab2/lab2_pipeline_off/lab2_pipeline_off/hls/.autopilot/db/image_aux.pp.0.c.xilinx-dataflow-lawyer.out.log 2> C:/Users/duong/Desktop/xup_high_level_synthesis_design_flow-main/source/lab2/lab2_pipeline_off/lab2_pipeline_off/hls/.autopilot/db/image_aux.pp.0.c.xilinx-dataflow-lawyer.err.log
INFO-FLOW: run_clang result=success num-err-msgs=0 num-stderr-lines=0
Execute       ap_part_info -name xc7a35t-fgg484-2 -data info 
INFO-FLOW: compiling source code to llvm bc
INFO-FLOW: run_clang image_aux.pp.0.c.clang exec: D:/movies/2025.2/Vitis/win64/tools/clang-16/bin/clang -foptimization-record-file=C:/Users/duong/Desktop/xup_high_level_synthesis_design_flow-main/source/lab2/lab2_pipeline_off/lab2_pipeline_off/hls/.autopilot/db/image_aux.pp.0.c.clang.diag.yml -mllvm -pass-remarks-missed=reflow|pasta|unroll|inline -mllvm -pass-remarks=reflow|pasta|unroll|inline -flto -fno-exceptions -Wno-error=c++11-narrowing -fno-limit-debug-info -fhls -hls-emit-hint-scope C:/Users/duong/Desktop/xup_high_level_synthesis_design_flow-main/source/lab2/lab2_pipeline_off/lab2_pipeline_off/hls/.autopilot/db/image_aux.pp.0.c -fno-math-errno -c -emit-llvm -mllvm -disable-llvm-optzns -Xclang -no-opaque-pointers -Xclang -fmerge-all-constants -Werror=implicit-hls-streams -Werror=return-type -Wpragmas -Wunused-parameter -Wdump-hls-pragmas -Wno-error=dump-hls-pragmas -hls-clock-period=10 -std=gnu99 -fgnu89-inline -target fpga64-xilinx-linux-gnu -D__VITIS_HLS__ -DAESL_SYN -D__SYNTHESIS__ -D__HLS_SYN__ -I D:/movies/2025.2/Vitis/common/technology/autopilot -I D:/movies/2025.2/Vitis/common/technology/autopilot/ap_sysc -include etc/autopilot_ssdm_op.h -D__DSP48E1__ -g -o C:/Users/duong/Desktop/xup_high_level_synthesis_design_flow-main/source/lab2/lab2_pipeline_off/lab2_pipeline_off/hls/.autopilot/db/image_aux.pre.g.bc {-hls-platform-db-name=D:/movies/2025.2/Vitis\common/technology\xilinx/common/platform.db} -hls-platform-name=artix7_medium -device-resource-info=BRAM_100.000000_DSP_90.000000_FF_41600.000000_LUT_20800.000000_SLICE_8150.000000_URAM_0.000000 -device-name-info=xc7a35tfgg484-2 > C:/Users/duong/Desktop/xup_high_level_synthesis_design_flow-main/source/lab2/lab2_pipeline_off/lab2_pipeline_off/hls/.autopilot/db/image_aux.pp.0.c.clang.out.log 2> C:/Users/duong/Desktop/xup_high_level_synthesis_design_flow-main/source/lab2/lab2_pipeline_off/lab2_pipeline_off/hls/.autopilot/db/image_aux.pp.0.c.clang.err.log
INFO-FLOW: run_clang result=success num-err-msgs=0 num-stderr-lines=0
INFO-FLOW: converting llvm 16.0.4 bc to downstrem bc
INFO-FLOW: run_clang image_aux.bc.llvm-converter exec: D:/movies/2025.2/Vitis/win64/tools/clang-16/bin/llvm-converter -opaque-pointers=0 C:/Users/duong/Desktop/xup_high_level_synthesis_design_flow-main/source/lab2/lab2_pipeline_off/lab2_pipeline_off/hls/.autopilot/db/image_aux.pre.g.bc -o C:/Users/duong/Desktop/xup_high_level_synthesis_design_flow-main/source/lab2/lab2_pipeline_off/lab2_pipeline_off/hls/.autopilot/db/image_aux.bc > C:/Users/duong/Desktop/xup_high_level_synthesis_design_flow-main/source/lab2/lab2_pipeline_off/lab2_pipeline_off/hls/.autopilot/db/image_aux.bc.llvm-converter.out.log 2> C:/Users/duong/Desktop/xup_high_level_synthesis_design_flow-main/source/lab2/lab2_pipeline_off/lab2_pipeline_off/hls/.autopilot/db/image_aux.bc.llvm-converter.err.log
INFO-FLOW: run_clang result=success num-err-msgs=0 num-stderr-lines=0
INFO: [HLS 200-111] Finished Source Code Analysis and Preprocessing: CPU user time: 1 seconds. CPU system time: 1 seconds. Elapsed time: 2.544 seconds; current allocated memory: 141.637 MB.
INFO-FLOW: Linking Debug ...
INFO-FLOW: Linking dut bc code.
Execute       run_link_or_opt -out C:/Users/duong/Desktop/xup_high_level_synthesis_design_flow-main/source/lab2/lab2_pipeline_off/lab2_pipeline_off/hls/.autopilot/db/a.g.ld.0.bc -args C:/Users/duong/Desktop/xup_high_level_synthesis_design_flow-main/source/lab2/lab2_pipeline_off/lab2_pipeline_off/hls/.autopilot/db/yuv_filter.bc C:/Users/duong/Desktop/xup_high_level_synthesis_design_flow-main/source/lab2/lab2_pipeline_off/lab2_pipeline_off/hls/.autopilot/db/image_aux.bc 
INFO-FLOW: run_clang a.g.ld.0.bc.llvm-link exec: D:/movies/2025.2/Vitis/win64/tools/clang-3.9-csynth/bin/llvm-link C:/Users/duong/Desktop/xup_high_level_synthesis_design_flow-main/source/lab2/lab2_pipeline_off/lab2_pipeline_off/hls/.autopilot/db/yuv_filter.bc C:/Users/duong/Desktop/xup_high_level_synthesis_design_flow-main/source/lab2/lab2_pipeline_off/lab2_pipeline_off/hls/.autopilot/db/image_aux.bc -o C:/Users/duong/Desktop/xup_high_level_synthesis_design_flow-main/source/lab2/lab2_pipeline_off/lab2_pipeline_off/hls/.autopilot/db/a.g.ld.0.bc > C:/Users/duong/Desktop/xup_high_level_synthesis_design_flow-main/source/lab2/lab2_pipeline_off/lab2_pipeline_off/hls/.autopilot/db/a.g.ld.0.bc.llvm-link.out.log 2> C:/Users/duong/Desktop/xup_high_level_synthesis_design_flow-main/source/lab2/lab2_pipeline_off/lab2_pipeline_off/hls/.autopilot/db/a.g.ld.0.bc.llvm-link.err.log
INFO-FLOW: run_clang result=success num-err-msgs=0 num-stderr-lines=0
Execute       run_link_or_opt -opt -out C:/Users/duong/Desktop/xup_high_level_synthesis_design_flow-main/source/lab2/lab2_pipeline_off/lab2_pipeline_off/hls/.autopilot/db/a.g.ld.1.lower.bc -args C:/Users/duong/Desktop/xup_high_level_synthesis_design_flow-main/source/lab2/lab2_pipeline_off/lab2_pipeline_off/hls/.autopilot/db/a.g.ld.0.bc -reflow-lower-math-intrinsics 
INFO-FLOW: run_clang a.g.ld.1.lower.bc.opt exec: D:/movies/2025.2/Vitis/win64/tools/clang-3.9-csynth/bin/opt -pass-remarks-missed=reflow|pasta|unroll|inline -pass-remarks=reflow|pasta|unroll|inline -pass-remarks-output=C:/Users/duong/Desktop/xup_high_level_synthesis_design_flow-main/source/lab2/lab2_pipeline_off/lab2_pipeline_off/hls/.autopilot/db/a.g.ld.1.lower.bc.opt.diag.yml C:/Users/duong/Desktop/xup_high_level_synthesis_design_flow-main/source/lab2/lab2_pipeline_off/lab2_pipeline_off/hls/.autopilot/db/a.g.ld.0.bc -reflow-lower-math-intrinsics -o C:/Users/duong/Desktop/xup_high_level_synthesis_design_flow-main/source/lab2/lab2_pipeline_off/lab2_pipeline_off/hls/.autopilot/db/a.g.ld.1.lower.bc > C:/Users/duong/Desktop/xup_high_level_synthesis_design_flow-main/source/lab2/lab2_pipeline_off/lab2_pipeline_off/hls/.autopilot/db/a.g.ld.1.lower.bc.opt.out.log 2> C:/Users/duong/Desktop/xup_high_level_synthesis_design_flow-main/source/lab2/lab2_pipeline_off/lab2_pipeline_off/hls/.autopilot/db/a.g.ld.1.lower.bc.opt.err.log
INFO-FLOW: run_clang result=success num-err-msgs=0 num-stderr-lines=0
INFO-FLOW: Running: gen_design_size_report post-opt
INFO-FLOW: Done: gen_design_size_report post-opt time: 0 seconds 
INFO-FLOW: Linking math bc lib
Execute       run_link_or_opt -out C:/Users/duong/Desktop/xup_high_level_synthesis_design_flow-main/source/lab2/lab2_pipeline_off/lab2_pipeline_off/hls/.autopilot/db/a.g.ld.2.m1.bc -args C:/Users/duong/Desktop/xup_high_level_synthesis_design_flow-main/source/lab2/lab2_pipeline_off/lab2_pipeline_off/hls/.autopilot/db/a.g.ld.1.lower.bc -only-needed D:/movies/2025.2/Vitis/win64/lib/libhlsm_39.bc D:/movies/2025.2/Vitis/win64/lib/libhlsmc++_39.bc 
INFO-FLOW: run_clang a.g.ld.2.m1.bc.llvm-link exec: D:/movies/2025.2/Vitis/win64/tools/clang-3.9-csynth/bin/llvm-link C:/Users/duong/Desktop/xup_high_level_synthesis_design_flow-main/source/lab2/lab2_pipeline_off/lab2_pipeline_off/hls/.autopilot/db/a.g.ld.1.lower.bc -only-needed D:/movies/2025.2/Vitis/win64/lib/libhlsm_39.bc D:/movies/2025.2/Vitis/win64/lib/libhlsmc++_39.bc -o C:/Users/duong/Desktop/xup_high_level_synthesis_design_flow-main/source/lab2/lab2_pipeline_off/lab2_pipeline_off/hls/.autopilot/db/a.g.ld.2.m1.bc > C:/Users/duong/Desktop/xup_high_level_synthesis_design_flow-main/source/lab2/lab2_pipeline_off/lab2_pipeline_off/hls/.autopilot/db/a.g.ld.2.m1.bc.llvm-link.out.log 2> C:/Users/duong/Desktop/xup_high_level_synthesis_design_flow-main/source/lab2/lab2_pipeline_off/lab2_pipeline_off/hls/.autopilot/db/a.g.ld.2.m1.bc.llvm-link.err.log
INFO-FLOW: run_clang result=success num-err-msgs=0 num-stderr-lines=0
Command       run_link_or_opt done; 1.76 sec.
Execute       run_link_or_opt -opt -out C:/Users/duong/Desktop/xup_high_level_synthesis_design_flow-main/source/lab2/lab2_pipeline_off/lab2_pipeline_off/hls/.autopilot/db/a.g.ld.3.fpc.bc -args C:/Users/duong/Desktop/xup_high_level_synthesis_design_flow-main/source/lab2/lab2_pipeline_off/lab2_pipeline_off/hls/.autopilot/db/a.g.ld.2.m1.bc -reflow-globaldce -hls-top-function-name=yuv_filter -reflow-float-conversion 
INFO-FLOW: run_clang a.g.ld.3.fpc.bc.opt exec: D:/movies/2025.2/Vitis/win64/tools/clang-3.9-csynth/bin/opt -pass-remarks-missed=reflow|pasta|unroll|inline -pass-remarks=reflow|pasta|unroll|inline -pass-remarks-output=C:/Users/duong/Desktop/xup_high_level_synthesis_design_flow-main/source/lab2/lab2_pipeline_off/lab2_pipeline_off/hls/.autopilot/db/a.g.ld.3.fpc.bc.opt.diag.yml C:/Users/duong/Desktop/xup_high_level_synthesis_design_flow-main/source/lab2/lab2_pipeline_off/lab2_pipeline_off/hls/.autopilot/db/a.g.ld.2.m1.bc -reflow-globaldce -hls-top-function-name=yuv_filter -reflow-float-conversion -o C:/Users/duong/Desktop/xup_high_level_synthesis_design_flow-main/source/lab2/lab2_pipeline_off/lab2_pipeline_off/hls/.autopilot/db/a.g.ld.3.fpc.bc > C:/Users/duong/Desktop/xup_high_level_synthesis_design_flow-main/source/lab2/lab2_pipeline_off/lab2_pipeline_off/hls/.autopilot/db/a.g.ld.3.fpc.bc.opt.out.log 2> C:/Users/duong/Desktop/xup_high_level_synthesis_design_flow-main/source/lab2/lab2_pipeline_off/lab2_pipeline_off/hls/.autopilot/db/a.g.ld.3.fpc.bc.opt.err.log
INFO-FLOW: run_clang result=success num-err-msgs=0 num-stderr-lines=0
INFO-FLOW: Running: gen_design_size_report post-opt
INFO-FLOW: Done: gen_design_size_report post-opt time: 0 seconds 
Command       run_link_or_opt done; 0.821 sec.
Execute       run_link_or_opt -out C:/Users/duong/Desktop/xup_high_level_synthesis_design_flow-main/source/lab2/lab2_pipeline_off/lab2_pipeline_off/hls/.autopilot/db/a.g.ld.4.m2.bc -args C:/Users/duong/Desktop/xup_high_level_synthesis_design_flow-main/source/lab2/lab2_pipeline_off/lab2_pipeline_off/hls/.autopilot/db/a.g.ld.3.fpc.bc -only-needed D:/movies/2025.2/Vitis/win64/lib/libfloatconversion_39.bc 
INFO-FLOW: run_clang a.g.ld.4.m2.bc.llvm-link exec: D:/movies/2025.2/Vitis/win64/tools/clang-3.9-csynth/bin/llvm-link C:/Users/duong/Desktop/xup_high_level_synthesis_design_flow-main/source/lab2/lab2_pipeline_off/lab2_pipeline_off/hls/.autopilot/db/a.g.ld.3.fpc.bc -only-needed D:/movies/2025.2/Vitis/win64/lib/libfloatconversion_39.bc -o C:/Users/duong/Desktop/xup_high_level_synthesis_design_flow-main/source/lab2/lab2_pipeline_off/lab2_pipeline_off/hls/.autopilot/db/a.g.ld.4.m2.bc > C:/Users/duong/Desktop/xup_high_level_synthesis_design_flow-main/source/lab2/lab2_pipeline_off/lab2_pipeline_off/hls/.autopilot/db/a.g.ld.4.m2.bc.llvm-link.out.log 2> C:/Users/duong/Desktop/xup_high_level_synthesis_design_flow-main/source/lab2/lab2_pipeline_off/lab2_pipeline_off/hls/.autopilot/db/a.g.ld.4.m2.bc.llvm-link.err.log
INFO-FLOW: run_clang result=success num-err-msgs=0 num-stderr-lines=0
Execute       run_link_or_opt -opt -out C:/Users/duong/Desktop/xup_high_level_synthesis_design_flow-main/source/lab2/lab2_pipeline_off/lab2_pipeline_off/hls/.autopilot/db/a.g.ld.5.gdce.bc -args C:/Users/duong/Desktop/xup_high_level_synthesis_design_flow-main/source/lab2/lab2_pipeline_off/lab2_pipeline_off/hls/.autopilot/db/a.g.ld.4.m2.bc -reflow-globaldce -hls-top-function-name=yuv_filter 
INFO-FLOW: run_clang a.g.ld.5.gdce.bc.opt exec: D:/movies/2025.2/Vitis/win64/tools/clang-3.9-csynth/bin/opt -pass-remarks-missed=reflow|pasta|unroll|inline -pass-remarks=reflow|pasta|unroll|inline -pass-remarks-output=C:/Users/duong/Desktop/xup_high_level_synthesis_design_flow-main/source/lab2/lab2_pipeline_off/lab2_pipeline_off/hls/.autopilot/db/a.g.ld.5.gdce.bc.opt.diag.yml C:/Users/duong/Desktop/xup_high_level_synthesis_design_flow-main/source/lab2/lab2_pipeline_off/lab2_pipeline_off/hls/.autopilot/db/a.g.ld.4.m2.bc -reflow-globaldce -hls-top-function-name=yuv_filter -o C:/Users/duong/Desktop/xup_high_level_synthesis_design_flow-main/source/lab2/lab2_pipeline_off/lab2_pipeline_off/hls/.autopilot/db/a.g.ld.5.gdce.bc > C:/Users/duong/Desktop/xup_high_level_synthesis_design_flow-main/source/lab2/lab2_pipeline_off/lab2_pipeline_off/hls/.autopilot/db/a.g.ld.5.gdce.bc.opt.out.log 2> C:/Users/duong/Desktop/xup_high_level_synthesis_design_flow-main/source/lab2/lab2_pipeline_off/lab2_pipeline_off/hls/.autopilot/db/a.g.ld.5.gdce.bc.opt.err.log
INFO-FLOW: run_clang result=success num-err-msgs=0 num-stderr-lines=0
INFO-FLOW: Running: gen_design_size_report post-opt
INFO-FLOW: Done: gen_design_size_report post-opt time: 0 seconds 
Execute       send_msg_by_id INFO @200-777@%s Vivado 
INFO: [HLS 200-777] Using interface defaults for 'Vivado' flow target.
Execute       is_m_axi_addr64 
INFO-FLOW: Doing LTO.
INFO-FLOW: run_clang reflow (background poll_ms 5000) exec: D:/movies/2025.2/Vitis/win64/tools/clang-3.9-csynth/bin/clang -foptimization-record-file=C:/Users/duong/Desktop/xup_high_level_synthesis_design_flow-main/source/lab2/lab2_pipeline_off/lab2_pipeline_off/hls/.autopilot/db/a.g.ld.0.bc.clang.reflow.diag.yml -mllvm -pass-remarks-missed=reflow|pasta|unroll|inline -mllvm -pass-remarks=reflow|pasta|unroll|inline -fhls -mllvm -hls-top-function-name=yuv_filter -mllvm -hls-db-dir -mllvm C:/Users/duong/Desktop/xup_high_level_synthesis_design_flow-main/source/lab2/lab2_pipeline_off/lab2_pipeline_off/hls/.autopilot/db -emit-llvm -c -target fpga64-xilinx-none -mllvm -xcl-xmlinfo=C:/Users/duong/Desktop/xup_high_level_synthesis_design_flow-main/source/lab2/lab2_pipeline_off/lab2_pipeline_off/hls/.autopilot/db/kernel.internal.xml -mllvm -top-io-mapping-info=C:/Users/duong/Desktop/xup_high_level_synthesis_design_flow-main/source/lab2/lab2_pipeline_off/lab2_pipeline_off/hls/.autopilot/db/top-io-fe.xml -mllvm -hls-bitcode-version=3.1 -mllvm -reflow-enable-slave-interface-default-setting=true -mllvm -gen-kernel-xml=false -mllvm -default-maxi-offset=slave -mllvm -reflow-unroll-size-threshold=10000 -mllvm -reflow-unroll-cost-threshold=1000000 -mllvm -maxi-latency=0 -mllvm -hls-maxi-data-size-in-bits=8 -mllvm -hls-maxi-max-data-size-in-bits=1024 -mllvm -hls-max-widen-size-in-bits=0 -mllvm -xcl-kernel-max-mem-ports=0 -mllvm -maxi-read-trans=16 -mllvm -maxi-write-trans=16 -mllvm -maxi-read-burst-len=16 -mllvm -maxi-write-burst-len=16 -mllvm -reflow-enable-saxi-64bits=0 -mllvm -reflow-basic-block-instr-threshold=200000 -mllvm -reflow-auto-pipeline-threshold=64 -mllvm -reflow-enable-maxi-auto-id-channel=0 -mllvm -reflow-bdd-simplify-threshold=1048576 -mllvm -reflow-fanout-threshold=16 -mllvm -reflow-force-aggressive-unroll=0 -mllvm -reflow-aggressive-unroll-adjust-factor=1.000000 -mllvm -reflow-complete-threshold=4 -mllvm -reflow-array-promotion-threshold=64 -mllvm -reflow-enable-critical-path-for-performance=1 -mllvm -assume-maxi-align=1 -mllvm -reflow-enable-dataflow-strict-mode-checking=1 -ftime-report -mllvm -time-passes -mllvm -reflow-auto-array-partition-mode=default -mllvm -reflow-enable-auto-small-array-partition=true -mllvm -reflow-enable-auto-array-promotion=true -mllvm -reflow-enable-auto-array-partition-for-flatten=true -mllvm -reflow-enable-auto-parallel-performance-driven=true -mllvm -reflow-enable-partition-for-automation=true -mllvm -reflow-aggregate-bitwidth-threshold=4096 -mllvm -reflow-reserved-saxilite-registers=0 -mllvm -enable-reflow-auto-loop-pipeline -mllvm -reflow-max-unroll-threshold=409600 -mllvm -auto-unroll-tripcount-threshold=0 -mllvm -reflow-assume-no-address-wrap=true -mllvm -reflow-enable-occurrence-inference=true -mllvm -reflow-emit-hint-scope=true -mllvm -reflow-enable-codegen-with-if=true -mllvm -reflow-enable-dataflow-canon=true -mllvm -reflow-enable-dataflow-canon2=true -mllvm -reflow-dump-extra-complexity-metric=true -mllvm -reflow-enable-dse-loop-nest-extraction=false -mllvm -hls -mllvm -disable-inlined-alloca-merging=true -mllvm -default-clock-period=10 -mllvm -use_read_first_ram_in_loop=1 -mllvm -default-clock-uncertainty=2.7 -x ir C:/Users/duong/Desktop/xup_high_level_synthesis_design_flow-main/source/lab2/lab2_pipeline_off/lab2_pipeline_off/hls/.autopilot/db/a.g.ld.5.gdce.bc -o C:/Users/duong/Desktop/xup_high_level_synthesis_design_flow-main/source/lab2/lab2_pipeline_off/lab2_pipeline_off/hls/.autopilot/db/a.g.lto.bc {-hls-platform-db-name=D:/movies/2025.2/Vitis\common/technology\xilinx/common/platform.db} -hls-platform-name=artix7_medium -device-resource-info=BRAM_100.000000_DSP_90.000000_FF_41600.000000_LUT_20800.000000_SLICE_8150.000000_URAM_0.000000 -device-name-info=xc7a35tfgg484-2 2> C:/Users/duong/Desktop/xup_high_level_synthesis_design_flow-main/source/lab2/lab2_pipeline_off/lab2_pipeline_off/hls/.autopilot/db/a.g.ld.0.bc.clang.reflow.err.log bg_poll_cmd: ::AP::poll_clang_39_closed_source
Execute       send_msg_by_id INFO @200-1995@%s%s%s 455 Compile/Link (C:/Users/duong/Desktop/xup_high_level_synthesis_design_flow-main/source/lab2/lab2_pipeline_off/lab2_pipeline_off/hls/syn/report/csynth_design_size.rpt:2) 
INFO: [HLS 200-1995] There were 455 instructions in the design after the 'Compile/Link' phase of compilation. See the Design Size Report for more details (C:/Users/duong/Desktop/xup_high_level_synthesis_design_flow-main/source/lab2/lab2_pipeline_off/lab2_pipeline_off/hls/syn/report/csynth_design_size.rpt:2)
Execute       send_msg_by_id INFO @200-1995@%s%s%s 326 Unroll/Inline (step 1) (C:/Users/duong/Desktop/xup_high_level_synthesis_design_flow-main/source/lab2/lab2_pipeline_off/lab2_pipeline_off/hls/syn/report/csynth_design_size.rpt:2) 
INFO: [HLS 200-1995] There were 326 instructions in the design after the 'Unroll/Inline (step 1)' phase of compilation. See the Design Size Report for more details (C:/Users/duong/Desktop/xup_high_level_synthesis_design_flow-main/source/lab2/lab2_pipeline_off/lab2_pipeline_off/hls/syn/report/csynth_design_size.rpt:2)
Execute       send_msg_by_id INFO @200-1995@%s%s%s 197 Unroll/Inline (step 2) (C:/Users/duong/Desktop/xup_high_level_synthesis_design_flow-main/source/lab2/lab2_pipeline_off/lab2_pipeline_off/hls/syn/report/csynth_design_size.rpt:2) 
INFO: [HLS 200-1995] There were 197 instructions in the design after the 'Unroll/Inline (step 2)' phase of compilation. See the Design Size Report for more details (C:/Users/duong/Desktop/xup_high_level_synthesis_design_flow-main/source/lab2/lab2_pipeline_off/lab2_pipeline_off/hls/syn/report/csynth_design_size.rpt:2)
Execute       send_msg_by_id INFO @200-1995@%s%s%s 197 Unroll/Inline (step 3) (C:/Users/duong/Desktop/xup_high_level_synthesis_design_flow-main/source/lab2/lab2_pipeline_off/lab2_pipeline_off/hls/syn/report/csynth_design_size.rpt:2) 
INFO: [HLS 200-1995] There were 197 instructions in the design after the 'Unroll/Inline (step 3)' phase of compilation. See the Design Size Report for more details (C:/Users/duong/Desktop/xup_high_level_synthesis_design_flow-main/source/lab2/lab2_pipeline_off/lab2_pipeline_off/hls/syn/report/csynth_design_size.rpt:2)
Execute       send_msg_by_id INFO @200-1995@%s%s%s 183 Unroll/Inline (step 4) (C:/Users/duong/Desktop/xup_high_level_synthesis_design_flow-main/source/lab2/lab2_pipeline_off/lab2_pipeline_off/hls/syn/report/csynth_design_size.rpt:2) 
INFO: [HLS 200-1995] There were 183 instructions in the design after the 'Unroll/Inline (step 4)' phase of compilation. See the Design Size Report for more details (C:/Users/duong/Desktop/xup_high_level_synthesis_design_flow-main/source/lab2/lab2_pipeline_off/lab2_pipeline_off/hls/syn/report/csynth_design_size.rpt:2)
Execute       send_msg_by_id INFO @200-1995@%s%s%s 176 Array/Struct (step 1) (C:/Users/duong/Desktop/xup_high_level_synthesis_design_flow-main/source/lab2/lab2_pipeline_off/lab2_pipeline_off/hls/syn/report/csynth_design_size.rpt:2) 
INFO: [HLS 200-1995] There were 176 instructions in the design after the 'Array/Struct (step 1)' phase of compilation. See the Design Size Report for more details (C:/Users/duong/Desktop/xup_high_level_synthesis_design_flow-main/source/lab2/lab2_pipeline_off/lab2_pipeline_off/hls/syn/report/csynth_design_size.rpt:2)
Execute       send_msg_by_id INFO @200-1995@%s%s%s 176 Array/Struct (step 2) (C:/Users/duong/Desktop/xup_high_level_synthesis_design_flow-main/source/lab2/lab2_pipeline_off/lab2_pipeline_off/hls/syn/report/csynth_design_size.rpt:2) 
INFO: [HLS 200-1995] There were 176 instructions in the design after the 'Array/Struct (step 2)' phase of compilation. See the Design Size Report for more details (C:/Users/duong/Desktop/xup_high_level_synthesis_design_flow-main/source/lab2/lab2_pipeline_off/lab2_pipeline_off/hls/syn/report/csynth_design_size.rpt:2)
Execute       send_msg_by_id INFO @200-1995@%s%s%s 176 Array/Struct (step 3) (C:/Users/duong/Desktop/xup_high_level_synthesis_design_flow-main/source/lab2/lab2_pipeline_off/lab2_pipeline_off/hls/syn/report/csynth_design_size.rpt:2) 
INFO: [HLS 200-1995] There were 176 instructions in the design after the 'Array/Struct (step 3)' phase of compilation. See the Design Size Report for more details (C:/Users/duong/Desktop/xup_high_level_synthesis_design_flow-main/source/lab2/lab2_pipeline_off/lab2_pipeline_off/hls/syn/report/csynth_design_size.rpt:2)
Execute       send_msg_by_id INFO @200-1995@%s%s%s 176 Array/Struct (step 4) (C:/Users/duong/Desktop/xup_high_level_synthesis_design_flow-main/source/lab2/lab2_pipeline_off/lab2_pipeline_off/hls/syn/report/csynth_design_size.rpt:2) 
INFO: [HLS 200-1995] There were 176 instructions in the design after the 'Array/Struct (step 4)' phase of compilation. See the Design Size Report for more details (C:/Users/duong/Desktop/xup_high_level_synthesis_design_flow-main/source/lab2/lab2_pipeline_off/lab2_pipeline_off/hls/syn/report/csynth_design_size.rpt:2)
Execute       send_msg_by_id INFO @200-1995@%s%s%s 181 Array/Struct (step 5) (C:/Users/duong/Desktop/xup_high_level_synthesis_design_flow-main/source/lab2/lab2_pipeline_off/lab2_pipeline_off/hls/syn/report/csynth_design_size.rpt:2) 
INFO: [HLS 200-1995] There were 181 instructions in the design after the 'Array/Struct (step 5)' phase of compilation. See the Design Size Report for more details (C:/Users/duong/Desktop/xup_high_level_synthesis_design_flow-main/source/lab2/lab2_pipeline_off/lab2_pipeline_off/hls/syn/report/csynth_design_size.rpt:2)
Execute       send_msg_by_id INFO @200-1995@%s%s%s 181 Performance (step 1) (C:/Users/duong/Desktop/xup_high_level_synthesis_design_flow-main/source/lab2/lab2_pipeline_off/lab2_pipeline_off/hls/syn/report/csynth_design_size.rpt:2) 
INFO: [HLS 200-1995] There were 181 instructions in the design after the 'Performance (step 1)' phase of compilation. See the Design Size Report for more details (C:/Users/duong/Desktop/xup_high_level_synthesis_design_flow-main/source/lab2/lab2_pipeline_off/lab2_pipeline_off/hls/syn/report/csynth_design_size.rpt:2)
Execute       send_msg_by_id INFO @200-1995@%s%s%s 179 Performance (step 2) (C:/Users/duong/Desktop/xup_high_level_synthesis_design_flow-main/source/lab2/lab2_pipeline_off/lab2_pipeline_off/hls/syn/report/csynth_design_size.rpt:2) 
INFO: [HLS 200-1995] There were 179 instructions in the design after the 'Performance (step 2)' phase of compilation. See the Design Size Report for more details (C:/Users/duong/Desktop/xup_high_level_synthesis_design_flow-main/source/lab2/lab2_pipeline_off/lab2_pipeline_off/hls/syn/report/csynth_design_size.rpt:2)
Execute       send_msg_by_id INFO @200-1995@%s%s%s 174 Performance (step 3) (C:/Users/duong/Desktop/xup_high_level_synthesis_design_flow-main/source/lab2/lab2_pipeline_off/lab2_pipeline_off/hls/syn/report/csynth_design_size.rpt:2) 
INFO: [HLS 200-1995] There were 174 instructions in the design after the 'Performance (step 3)' phase of compilation. See the Design Size Report for more details (C:/Users/duong/Desktop/xup_high_level_synthesis_design_flow-main/source/lab2/lab2_pipeline_off/lab2_pipeline_off/hls/syn/report/csynth_design_size.rpt:2)
Command       send_msg_by_id done; 1.297 sec.
Execute       send_msg_by_id INFO @200-1995@%s%s%s 174 Performance (step 4) (C:/Users/duong/Desktop/xup_high_level_synthesis_design_flow-main/source/lab2/lab2_pipeline_off/lab2_pipeline_off/hls/syn/report/csynth_design_size.rpt:2) 
INFO: [HLS 200-1995] There were 174 instructions in the design after the 'Performance (step 4)' phase of compilation. See the Design Size Report for more details (C:/Users/duong/Desktop/xup_high_level_synthesis_design_flow-main/source/lab2/lab2_pipeline_off/lab2_pipeline_off/hls/syn/report/csynth_design_size.rpt:2)
Execute       send_msg_by_id INFO @200-1995@%s%s%s 200 HW Transforms (step 1) (C:/Users/duong/Desktop/xup_high_level_synthesis_design_flow-main/source/lab2/lab2_pipeline_off/lab2_pipeline_off/hls/syn/report/csynth_design_size.rpt:2) 
INFO: [HLS 200-1995] There were 200 instructions in the design after the 'HW Transforms (step 1)' phase of compilation. See the Design Size Report for more details (C:/Users/duong/Desktop/xup_high_level_synthesis_design_flow-main/source/lab2/lab2_pipeline_off/lab2_pipeline_off/hls/syn/report/csynth_design_size.rpt:2)
Execute       send_msg_by_id INFO @200-1995@%s%s%s 218 HW Transforms (step 2) (C:/Users/duong/Desktop/xup_high_level_synthesis_design_flow-main/source/lab2/lab2_pipeline_off/lab2_pipeline_off/hls/syn/report/csynth_design_size.rpt:2) 
INFO: [HLS 200-1995] There were 218 instructions in the design after the 'HW Transforms (step 2)' phase of compilation. See the Design Size Report for more details (C:/Users/duong/Desktop/xup_high_level_synthesis_design_flow-main/source/lab2/lab2_pipeline_off/lab2_pipeline_off/hls/syn/report/csynth_design_size.rpt:2)
INFO: [HLS 214-210] Disaggregating variable 'out'
INFO: [HLS 214-210] Disaggregating variable 'out_channels'
INFO: [HLS 214-210] Disaggregating variable 'in'
INFO: [HLS 214-210] Disaggregating variable 'in_channels'
INFO: [HLS 214-291] Loop 'YUV2RGB_LOOP_Y' is marked as complete unroll implied by the pipeline pragma (../yuv_filter.c:122:7)
INFO: [HLS 214-291] Loop 'YUV_SCALE_LOOP_Y' is marked as complete unroll implied by the pipeline pragma (../yuv_filter.c:164:7)
INFO: [HLS 214-291] Loop 'RGB2YUV_LOOP_Y' is marked as complete unroll implied by the pipeline pragma (../yuv_filter.c:80:7)
INFO: [HLS 214-178] Inlining function 'rgb2yuv' into 'yuv_filter' (../yuv_filter.c:38:0)
INFO: [HLS 214-178] Inlining function 'yuv_scale' into 'yuv_filter' (../yuv_filter.c:38:0)
INFO: [HLS 214-178] Inlining function 'yuv2rgb' into 'yuv_filter' (../yuv_filter.c:38:0)
WARNING: [HLS 214-187] Cannot unroll loop 'YUV2RGB_LOOP_Y' (../yuv_filter.c:122:7) in function 'yuv_filter' as it has a variable trip count (../yuv_filter.c:122:7)
WARNING: [HLS 214-187] Cannot unroll loop 'YUV_SCALE_LOOP_Y' (../yuv_filter.c:164:7) in function 'yuv_filter' as it has a variable trip count (../yuv_filter.c:164:7)
WARNING: [HLS 214-187] Cannot unroll loop 'RGB2YUV_LOOP_Y' (../yuv_filter.c:80:7) in function 'yuv_filter' as it has a variable trip count (../yuv_filter.c:80:7)
INFO-FLOW: run_clang result=success num-err-msgs=0 num-stderr-lines=42
INFO-FLOW: DBG:PUTS: copy_raw_kernel_xml ap_link_39: kernel.xml not generated: C:/Users/duong/Desktop/xup_high_level_synthesis_design_flow-main/source/lab2/lab2_pipeline_off/lab2_pipeline_off/hls/.autopilot/db/kernel.internal.xml
INFO: [HLS 200-111] Finished Compiling Optimization and Transform: CPU user time: 0 seconds. CPU system time: 0 seconds. Elapsed time: 9.384 seconds; current allocated memory: 143.531 MB.
INFO: [HLS 200-111] Finished Checking Pragmas: CPU user time: 0 seconds. CPU system time: 0 seconds. Elapsed time: 0.007 seconds; current allocated memory: 143.531 MB.
Execute       opt_and_import_c a -opt_level=2 -skip_syncheck=0 -ng=0 -keep_printf=0 
Execute         cleanup_all_models 
INFO: [HLS 200-10] Starting code transformations ...
INFO-FLOW: Running Standard Transforms...
Execute         transform -hls -share-std-xform -demangle-name -inline-byval-memcpy -always-inline -promote-dbg-pointer -interface-preproc -mem2reg -reassociate -gvn -reassociate -scalarrepl -mem2reg -keep-read-access -instcombine -dce -promote-dbg-pointer -bitop-raise -loop-simplify -indvarspre -indvars -loop-simplify -constprop -instcombine -simplifycfg -indvars -simplifycfg -dce -globaldce -basicaa -simplifycfg -mem2reg -globalopt -global-constprop -deadargelim -instcombine -simplifycfg -scalarrepl -instcombine -reassociate -licm -simplifycfg -loop-simplify -indvars -instcombine -simplifycfg -mem2reg -loop-simplify -indvars -instcombine -gvn -gvn -instcombine -adce -break-crit-edges -simplifycfg -loop-delete -global-array-opt -dce -dse -adce -find-syn-modules -top yuv_filter -deadargelim -mem2reg -instcombine -dce -presyn-prepare -interface-preproc -syn-check -check-rec-only -find-region -simplifycfg -func-extr -function-inline -globaldce -mem2reg -instcombine -dce -gvn -globaldce -adce -adse -constprop -instcombine -bit-constprop -instcombine -dce -simplifycfg -bitop-raise -simplifycfg -dce -loop-delete -reassociate -globalopt -global-privatize -mem2reg -dce -global-constprop -pointer-simplify -constprop -dce -promote-dbg-pointer -norm-name C:/Users/duong/Desktop/xup_high_level_synthesis_design_flow-main/source/lab2/lab2_pipeline_off/lab2_pipeline_off/hls/.autopilot/db/a.g.0.bc -o C:/Users/duong/Desktop/xup_high_level_synthesis_design_flow-main/source/lab2/lab2_pipeline_off/lab2_pipeline_off/hls/.autopilot/db/a.g.1.bc -f -phase std-opt 
INFO: [HLS 200-111] Finished Standard Transforms: CPU user time: 0 seconds. CPU system time: 0 seconds. Elapsed time: 0.02 seconds; current allocated memory: 148.176 MB.
INFO: [HLS 200-10] Checking synthesizability ...
INFO-FLOW: Checking Synthesizability 1/2..
Execute         transform -hls -syn-check -check-rec-only -scalarrepl -norm-name -dce -mem2reg -instcombine -directive-preproc -mem2reg -dse -dce -dce -pag -array-normalize -instcombine -dce -array-seg-normalize -instcombine -dce -data-pack -instcombine -dce -inst-simplify -array-flatten -instcombine -dce -array-burst -dce -deadargelim -promote-global-argument -simplifycfg -mem2reg -globaldce -dce -deadargelim -dce -instcombine -function-inline -globaldce -dce -doublePtrSimplify -doublePtrElim -dce -doublePtrSimplify -promote-dbg-pointer -dce -scalarrepl -dse -adse -instcombine -ptrLegalization -simplifycfg -dce -instcombine -pointer-simplify -ptrArgReplace -dce -instcombine -resolve-double-ptr -scalarrepl -norm-name -dce -mem2reg -instcombine -ptrLegalization -simplifycfg -deadargelim -instcombine -dce -inst-simplify -directive-preproc -mem2reg -dse -dce -globaldce C:/Users/duong/Desktop/xup_high_level_synthesis_design_flow-main/source/lab2/lab2_pipeline_off/lab2_pipeline_off/hls/.autopilot/db/a.g.1.bc -o C:/Users/duong/Desktop/xup_high_level_synthesis_design_flow-main/source/lab2/lab2_pipeline_off/lab2_pipeline_off/hls/.autopilot/db/a.g.2.prechk.bc -f 
INFO-FLOW: Checking Synthesizability 2/2..
Execute         transform -syn-check C:/Users/duong/Desktop/xup_high_level_synthesis_design_flow-main/source/lab2/lab2_pipeline_off/lab2_pipeline_off/hls/.autopilot/db/a.g.2.prechk.bc -o C:/Users/duong/Desktop/xup_high_level_synthesis_design_flow-main/source/lab2/lab2_pipeline_off/lab2_pipeline_off/hls/.autopilot/db/a.g.2.bc -f -phase syn-check 
INFO: [HLS 200-111] Finished Checking Synthesizability: CPU user time: 0 seconds. CPU system time: 0 seconds. Elapsed time: 0.019 seconds; current allocated memory: 150.062 MB.
INFO-FLOW: Compiler optimizing ...
INFO-FLOW: Share syncheck's 1.bc for syn flow: copy C:/Users/duong/Desktop/xup_high_level_synthesis_design_flow-main/source/lab2/lab2_pipeline_off/lab2_pipeline_off/hls/.autopilot/db/a.g.1.bc to C:/Users/duong/Desktop/xup_high_level_synthesis_design_flow-main/source/lab2/lab2_pipeline_off/lab2_pipeline_off/hls/.autopilot/db/a.o.1.bc
INFO-FLOW: Presyn 1...
Execute         transform -hls -tmp C:/Users/duong/Desktop/xup_high_level_synthesis_design_flow-main/source/lab2/lab2_pipeline_off/lab2_pipeline_off/hls/.autopilot/db -interface-port-rename -directive-preproc -mem2reg -dse -dce -scalarrepl -norm-name -deadargelim -dce -hls-dead-arg-elim -deadargelim -mem2reg -instcombine -dce -simplifycfg -dce -resource-proc -clib-intrinsic-prepare -dce -func-buffer -dce -pag -array-normalize -func-legal -instcombine -gvn -constprop -dce -simplifycfg -mem2reg -globaldce -resolve-double-ptr -dce -deadargelim -dce -instcombine -ptrArgReplace -mem2reg -dce -array-seg-normalize -deadargelim -instcombine -dce -directive-preproc -mem2reg -dse -dce -pointer-simplify -dce -dce -interface-preproc -data-pack -instcombine -dce -basicaa -aggr-aa -aggrmodref-aa -aggr-aa -gvn -gvn -basicaa -aggr-aa -aggrmodref-aa -aggr-aa -dse -adse -adce -loop-simplify -indvars -instcombine -gvn -loop-simplify -mem2reg -dce -find-region -instcombine -inst-simplify -interface-preproc -cfgopt -instcombine -indvars -loop-simplify -loop-bound -constprop -instcombine -simplifycfg -indvars -simplifycfg -dce -globaldce -clean-region -attach-range -gvn -inst-simplify -constprop -simplifycfg -dce -pointer-simplify -dce -globalopt -constprop -dce -ptrArgReplace -mem2reg -simplifycfg -dce -instcombine -dce -array-transform-check -array-reshape -instcombine -simplifycfg -dce -ptrArgReplace -deadargelim -mem2reg -instcombine -simplifycfg -dce -indvars -loop-simplify -loop-bound -constprop -instcombine -simplifycfg -indvars -simplifycfg -dce -globaldce -basicaa -aggr-aa -aggrmodref-aa -aggr-aa -dse -duplicate-dataflow-processes -globaldce -instcombine -array-partition -prepare-dynamic-array-partition -instcombine -simplifycfg -dce -ptrArgReplace -global-constprop -deadargelim -mem2reg -func-legal -dce -global-constprop -deadargelim -mem2reg -simplifycfg -dce -merge-param -deadargelim -globalopt -constprop -dce -ptrArgReplace -mem2reg -simplifycfg -dce -mem-intrinsic-preproc -dce -global-internalize -global-privatize -mem2reg -globaldce -lcssa -loop-simplify -phi-select-elim -promote-global-argument -ptrArgReplace -mem2reg -dce -globalopt -mergereturn -simplify-global-access -mem2reg -dce -pointer-simplify -dce -basicaa -aggr-aa -aggrmodref-aa -aggr-aa -functionattrs -basicaa -aggr-aa -aggrmodref-aa -aggr-aa -gvn -gvn -basicaa -aggr-aa -aggrmodref-aa -aggr-aa -dse -adse -adce -dce -norm-name -basicaa -aggr-aa -aggrmodref-aa -aggr-aa -accesses-merge -function-inline -complex-op-raise -inst-simplify -globaldce -func-legal -dce -loop-bound -arraycheck -bitwidthmin2 -bitwidthmin2 -on-by-dataflow -loop-delete -instcombine -simplifycfg -globaldce -dce -gvn -deadargelim -dce -loop-simplify -clean-region -simplifycfg -propagate-stable-arguments -instcombine -simplifycfg -dce -globaldce -duplicate-dataflow-processes -stream-intrinsic-preproc -dce -check-ap-stream -loop-simplify -eliminate-keepreads -extract-dataflow-in-loop -loop-simplify -dce -gvn -deadargelim -dse -duplicate-dataflow-processes -check-dataflow-syntax -legalize-stream-variable -globaldce -extract-subproc -global-constprop -deadargelim -globaldce -legalize-global -dce -dead-channel-elimination -canonicalize-gep -globaldce -dce -gvn -hls-dead-arg-elim -deadargelim -canonicalize-dataflow -directive-preproc -dce -globaldce -scalar-preprocessing -scalar-propagation2 -scalar-stream -deadargelim -globaldce -mem2reg -check-dataflow-channels -function-stream -dce -globaldce -prop-fifo-spec -internal-stream-gen -canonicalize-gep -globaldce -dce -gvn -deadargelim -mergereturn -indvars -loop-simplify -instcombine -array-stream -array-seg-normalize -array-partition -clean-array-spec -func-legal -instcombine -simplifycfg -dce -bundle-memfifo-ops -deadargelim -directive-preproc -mem2reg -dse -dce -group-axi-access -licm -simplifycfg -dce -loop-delete -hls-display -norm-name C:/Users/duong/Desktop/xup_high_level_synthesis_design_flow-main/source/lab2/lab2_pipeline_off/lab2_pipeline_off/hls/.autopilot/db/a.o.1.bc -o C:/Users/duong/Desktop/xup_high_level_synthesis_design_flow-main/source/lab2/lab2_pipeline_off/lab2_pipeline_off/hls/.autopilot/db/a.o.1.tmp.bc -f 
INFO-FLOW: Presyn 2...
Execute         transform -hls -keep-callgraph -scalarrepl -mem2reg -attach-range -dce -pipe-mux-gen -indvars -loop-bound -inst-simplify -instcombine -dce -merge-array-access -mem2reg -dce -clean-region -mergereturn -if-conv -instcombine -dce -constprop -basicaa -aggr-aa -aggrmodref-aa -aggr-aa -gvn -gvn -basicaa -aggr-aa -aggrmodref-aa -aggr-aa -dse -adse -adce -scalarrepl -mem2reg -global-constprop -deadargelim -deadargelim -instcombine -dce -simplifycfg -ptrArgReplace -mem2reg -function-inline -globaldce -mem2reg -instcombine -dce -expr-balance -instcombine -dce -bitwidthmin2 -bitwidthmin2 -interface-preproc -directive-preproc -inst-rectify -instcombine -dce -basicaa -aggr-aa -aggrmodref-aa -aggr-aa -functionattrs -constprop -instcombine -bit-constprop -simplify-global-access -globalopt -globaldce -inst-simplify -instcombine -elimdeaddata -dce -loop-delete -simplifycfg -loop-simplify -barrier -norm-name C:/Users/duong/Desktop/xup_high_level_synthesis_design_flow-main/source/lab2/lab2_pipeline_off/lab2_pipeline_off/hls/.autopilot/db/a.o.1.tmp.bc -o C:/Users/duong/Desktop/xup_high_level_synthesis_design_flow-main/source/lab2/lab2_pipeline_off/lab2_pipeline_off/hls/.autopilot/db/a.o.2.bc -f -phase presyn 
INFO: [XFORM 203-11] Balancing expressions in function 'yuv_filter' (../yuv_filter.c:31:7)...9 expression(s) balanced.
INFO: [HLS 200-111] Finished Loop, function and other optimizations: CPU user time: 0 seconds. CPU system time: 0 seconds. Elapsed time: 0.07 seconds; current allocated memory: 171.660 MB.
Execute         transform -hls -auto-function-inline -globaldce -ptrArgReplace -mem2reg -dce -reset-lda -loop-simplify -indvars -aggr-aa -licm -loop-dep -loop-bound -licm -loop-simplify -loop-sink-hoist -flattenloopnest -array-flatten -gvn -instcombine -dce -array-map -dce -func-legal -gvn -adce -instcombine -cfgopt -simplifycfg-lite -loop-simplify -array-burst -promote-global-argument -dce -array-seg-normalize -basicaa -aggrmodref-aa -globalsmodref-aa -aggr-aa -gvn -gvn -basicaa -aggrmodref-aa -globalsmodref-aa -aggr-aa -dse -adse -adce -licm -inst-simplify -dce -globaldce -instcombine -array-stream -eliminate-keepreads -instcombine -dce -deadargelim -doublePtrSimplify -doublePtrElim -dce -doublePtrSimplify -promote-dbg-pointer -dce -scalarrepl -mem2reg -norm-name -mem2reg -instcombine -dse -adse -adce -ptrLegalization -dce -array-flatten -dce -instcombine -check-doubleptr -loop-rot -constprop -inst-simplify -cfgopt -simplifycfg-lite -loop-simplify -indvars -pointer-simplify -dce -loop-bound -loop-simplify -loop-preproc -constprop -global-constprop -gvn -mem2reg -instcombine -dce -loop-bound -loop-merge -dce -deadargelim -dce -canonicalize-dataflow -dce -deadargelim -globaldce -mem2reg -bram-byte-enable -inst-simplify -inst-rectify -instcombine -adce -deadargelim -load-elim -read-loop-dep -loop-simplify -loop-rewind-sink-hoist -loop-outline -hls-dead-arg-elim -directive-preproc -bitwidthmin2 -bitwidthmin2 -read-loop-dep -interface-preproc -directive-preproc -interface-gen -bram-byte-enable-spec-prop -mul2addshift -deadargelim -inst-simplify -dce -mem2reg -instcombine -gvn -dce -adse -loop-bound -instcombine -cfgopt -simplifycfg-lite -loop-simplify -clean-region -io-protocol -find-region -mem2reg -bitop-raise -complex-op-raise -inst-simplify -inst-rectify -instcombine -gvn -adce -deadargelim -float-op-raise -loop-simplify -phi-opt -bitop-raise -cfgopt -simplifycfg-lite -strip-dead-prototypes -interface-lower -bitop-lower -intrinsic-lower -auto-function-inline -basicaa -aggrmodref-aa -globalsmodref-aa -aggr-aa -inst-simplify -simplifycfg-lite -loop-simplify -mergereturn -inst-simplify -inst-rectify -globaldce -dce -load-elim -bitop-lower -float-op-raise -fma-raise -loop-rewind -pointer-simplify -dce -cfgopt -dce -loop-bound -loop-dep -read-loop-dep -dce -dyn-mem-reuse -dce -recurrence-min -dce -share-scalar-alloca -deadargelim -dce -check-stream -norm-name -legalize -inst-clarity -bitwidth -dce -validate-dataflow -dump-loop-dep-to-ir -check-all-ssdm -drop-inferred-ii -dump-complexity-metric C:/Users/duong/Desktop/xup_high_level_synthesis_design_flow-main/source/lab2/lab2_pipeline_off/lab2_pipeline_off/hls/.autopilot/db/a.o.2.bc -o C:/Users/duong/Desktop/xup_high_level_synthesis_design_flow-main/source/lab2/lab2_pipeline_off/lab2_pipeline_off/hls/.autopilot/db/a.o.3.bc -f -phase build-ssdm 
INFO: [HLS 200-2061] Successfully converted nested loops 'RGB2YUV_LOOP_X'(../yuv_filter.c:76:4) and 'RGB2YUV_LOOP_Y'(../yuv_filter.c:80:7) in function 'yuv_filter' into perfectly nested loops.
INFO: [HLS 200-2061] Successfully converted nested loops 'YUV_SCALE_LOOP_X'(../yuv_filter.c:160:4) and 'YUV_SCALE_LOOP_Y'(../yuv_filter.c:164:7) in function 'yuv_filter' into perfectly nested loops.
INFO: [HLS 200-2061] Successfully converted nested loops 'YUV2RGB_LOOP_X'(../yuv_filter.c:118:4) and 'YUV2RGB_LOOP_Y'(../yuv_filter.c:122:7) in function 'yuv_filter' into perfectly nested loops.
INFO: [XFORM 203-541] Flattening a loop nest 'RGB2YUV_LOOP_X' (../yuv_filter.c:76:4) in function 'yuv_filter'.
INFO: [XFORM 203-541] Flattening a loop nest 'YUV_SCALE_LOOP_X' (../yuv_filter.c:160:4) in function 'yuv_filter'.
INFO: [XFORM 203-541] Flattening a loop nest 'YUV2RGB_LOOP_X' (../yuv_filter.c:118:4) in function 'yuv_filter'.
Execute           AP::auto_get_db
INFO-FLOW: Building ssdm...
Execute         transform -hls -cdfg-build C:/Users/duong/Desktop/xup_high_level_synthesis_design_flow-main/source/lab2/lab2_pipeline_off/lab2_pipeline_off/hls/.autopilot/db/a.o.3.bc -o C:/Users/duong/Desktop/xup_high_level_synthesis_design_flow-main/source/lab2/lab2_pipeline_off/lab2_pipeline_off/hls/.autopilot/db/a.o.3.bc -f -phase build-ssdm 
INFO: [HLS 200-111] Finished Architecture Synthesis: CPU user time: 0 seconds. CPU system time: 0 seconds. Elapsed time: 0.084 seconds; current allocated memory: 193.012 MB.
INFO-FLOW: Finish building internal data model.
Command       opt_and_import_c done; 1.867 sec.
Command     elaborate done; 13.808 sec.
Execute     ap_eval exec zip -j C:/Users/duong/Desktop/xup_high_level_synthesis_design_flow-main/source/lab2/lab2_pipeline_off/lab2_pipeline_off/hls/.autopilot/db/dut.hcp $dbDir/a.o.3.bc $dbDir/${topname}.rtl_wrap.cfg.tcl $dbDir/apatb_${topname}.cpp $dbDir/apatb_${topname}_util.cpp $dbDir/apatb_${topname}_ir.ll $dbDir/mapper_${topname}.cpp $dbDir/top-io-fe.xml $dbDir/kernel.internal.xml $workdir/../hls.app 
INFO: [HLS 200-10] Starting hardware synthesis ...
INFO-FLOW: Synthesizing C/C++ design AP::SynTopModule=yuv_filter
INFO: [HLS 200-10] Synthesizing 'yuv_filter' ...
Execute     ap_set_top_model yuv_filter 
Execute     get_model_list yuv_filter -filter all-wo-channel -topdown 
Execute     preproc_iomode -model yuv_filter 
Execute     preproc_iomode -model yuv_filter_Pipeline_YUV2RGB_LOOP_X_YUV2RGB_LOOP_Y 
Execute     preproc_iomode -model yuv_filter_Pipeline_YUV_SCALE_LOOP_X_YUV_SCALE_LOOP_Y 
Execute     preproc_iomode -model yuv_filter_Pipeline_RGB2YUV_LOOP_X_RGB2YUV_LOOP_Y 
Execute     create_clock 
Execute       ap_set_clock -name default -period 10 -unit ns -default=false 
INFO: [SYN 201-201] Setting up clock 'default' with a period of 10ns.
Execute     get_model_list yuv_filter -filter all-wo-channel 
INFO-FLOW: Model list for configure: yuv_filter_Pipeline_RGB2YUV_LOOP_X_RGB2YUV_LOOP_Y yuv_filter_Pipeline_YUV_SCALE_LOOP_X_YUV_SCALE_LOOP_Y yuv_filter_Pipeline_YUV2RGB_LOOP_X_YUV2RGB_LOOP_Y yuv_filter
INFO-FLOW: Configuring Module : yuv_filter_Pipeline_RGB2YUV_LOOP_X_RGB2YUV_LOOP_Y ...
Execute     set_default_model yuv_filter_Pipeline_RGB2YUV_LOOP_X_RGB2YUV_LOOP_Y 
Execute     apply_spec_resource_limit yuv_filter_Pipeline_RGB2YUV_LOOP_X_RGB2YUV_LOOP_Y 
INFO-FLOW: Configuring Module : yuv_filter_Pipeline_YUV_SCALE_LOOP_X_YUV_SCALE_LOOP_Y ...
Execute     set_default_model yuv_filter_Pipeline_YUV_SCALE_LOOP_X_YUV_SCALE_LOOP_Y 
Execute     apply_spec_resource_limit yuv_filter_Pipeline_YUV_SCALE_LOOP_X_YUV_SCALE_LOOP_Y 
INFO-FLOW: Configuring Module : yuv_filter_Pipeline_YUV2RGB_LOOP_X_YUV2RGB_LOOP_Y ...
Execute     set_default_model yuv_filter_Pipeline_YUV2RGB_LOOP_X_YUV2RGB_LOOP_Y 
Execute     apply_spec_resource_limit yuv_filter_Pipeline_YUV2RGB_LOOP_X_YUV2RGB_LOOP_Y 
INFO-FLOW: Configuring Module : yuv_filter ...
Execute     set_default_model yuv_filter 
Execute     apply_spec_resource_limit yuv_filter 
INFO-FLOW: Model list for preprocess: yuv_filter_Pipeline_RGB2YUV_LOOP_X_RGB2YUV_LOOP_Y yuv_filter_Pipeline_YUV_SCALE_LOOP_X_YUV_SCALE_LOOP_Y yuv_filter_Pipeline_YUV2RGB_LOOP_X_YUV2RGB_LOOP_Y yuv_filter
INFO-FLOW: Preprocessing Module: yuv_filter_Pipeline_RGB2YUV_LOOP_X_RGB2YUV_LOOP_Y ...
Execute     set_default_model yuv_filter_Pipeline_RGB2YUV_LOOP_X_RGB2YUV_LOOP_Y 
Execute     cdfg_preprocess -model yuv_filter_Pipeline_RGB2YUV_LOOP_X_RGB2YUV_LOOP_Y 
Execute     rtl_gen_preprocess yuv_filter_Pipeline_RGB2YUV_LOOP_X_RGB2YUV_LOOP_Y 
INFO-FLOW: Preprocessing Module: yuv_filter_Pipeline_YUV_SCALE_LOOP_X_YUV_SCALE_LOOP_Y ...
Execute     set_default_model yuv_filter_Pipeline_YUV_SCALE_LOOP_X_YUV_SCALE_LOOP_Y 
Execute     cdfg_preprocess -model yuv_filter_Pipeline_YUV_SCALE_LOOP_X_YUV_SCALE_LOOP_Y 
Execute     rtl_gen_preprocess yuv_filter_Pipeline_YUV_SCALE_LOOP_X_YUV_SCALE_LOOP_Y 
INFO-FLOW: Preprocessing Module: yuv_filter_Pipeline_YUV2RGB_LOOP_X_YUV2RGB_LOOP_Y ...
Execute     set_default_model yuv_filter_Pipeline_YUV2RGB_LOOP_X_YUV2RGB_LOOP_Y 
Execute     cdfg_preprocess -model yuv_filter_Pipeline_YUV2RGB_LOOP_X_YUV2RGB_LOOP_Y 
Execute     rtl_gen_preprocess yuv_filter_Pipeline_YUV2RGB_LOOP_X_YUV2RGB_LOOP_Y 
INFO-FLOW: Preprocessing Module: yuv_filter ...
Execute     set_default_model yuv_filter 
Execute     cdfg_preprocess -model yuv_filter 
Execute     rtl_gen_preprocess yuv_filter 
INFO-FLOW: Model list for synthesis: yuv_filter_Pipeline_RGB2YUV_LOOP_X_RGB2YUV_LOOP_Y yuv_filter_Pipeline_YUV_SCALE_LOOP_X_YUV_SCALE_LOOP_Y yuv_filter_Pipeline_YUV2RGB_LOOP_X_YUV2RGB_LOOP_Y yuv_filter
INFO: [HLS 200-10] ----------------------------------------------------------------
INFO: [HLS 200-42] -- Implementing module 'yuv_filter_Pipeline_RGB2YUV_LOOP_X_RGB2YUV_LOOP_Y' 
INFO: [HLS 200-10] ----------------------------------------------------------------
Execute     set_default_model yuv_filter_Pipeline_RGB2YUV_LOOP_X_RGB2YUV_LOOP_Y 
Execute     schedule -model yuv_filter_Pipeline_RGB2YUV_LOOP_X_RGB2YUV_LOOP_Y 
INFO: [SCHED 204-11] Starting scheduling ...
INFO: [HLS 200-486] Changing DSP latency (root=add_ln88) to 3 in order to utilize available DSP registers.
INFO: [HLS 200-486] Changing DSP latency (root=add_ln87) to 3 in order to utilize available DSP registers.
INFO: [HLS 200-486] Changing DSP latency (root=add_ln86_1) to 3 in order to utilize available DSP registers.
INFO: [SCHED 204-61] Pipelining loop 'RGB2YUV_LOOP_X_RGB2YUV_LOOP_Y'.
INFO: [HLS 200-1470] Pipelining result : Target II = 1, Final II = 1, Depth = 7, loop 'RGB2YUV_LOOP_X_RGB2YUV_LOOP_Y'
INFO: [SCHED 204-11] Finished scheduling.
INFO: [HLS 200-111] Finished Scheduling: CPU user time: 0 seconds. CPU system time: 0 seconds. Elapsed time: 0.137 seconds; current allocated memory: 197.062 MB.
Execute     syn_report -verbosereport -o C:/Users/duong/Desktop/xup_high_level_synthesis_design_flow-main/source/lab2/lab2_pipeline_off/lab2_pipeline_off/hls/.autopilot/db/yuv_filter_Pipeline_RGB2YUV_LOOP_X_RGB2YUV_LOOP_Y.verbose.sched.rpt 
Execute       list_part -family xc7a35t-fgg484-2 
Execute         ap_family_info -name xc7a35t-fgg484-2 -data names 
Execute         ap_part_info -quiet -name xc7a35t-fgg484-2 -data family 
Execute     db_write -o C:/Users/duong/Desktop/xup_high_level_synthesis_design_flow-main/source/lab2/lab2_pipeline_off/lab2_pipeline_off/hls/.autopilot/db/yuv_filter_Pipeline_RGB2YUV_LOOP_X_RGB2YUV_LOOP_Y.sched.adb -f 
INFO-FLOW: Finish scheduling yuv_filter_Pipeline_RGB2YUV_LOOP_X_RGB2YUV_LOOP_Y.
Execute     set_default_model yuv_filter_Pipeline_RGB2YUV_LOOP_X_RGB2YUV_LOOP_Y 
Execute     bind -model yuv_filter_Pipeline_RGB2YUV_LOOP_X_RGB2YUV_LOOP_Y 
INFO: [BIND 205-100] Starting micro-architecture generation ...
INFO: [BIND 205-101] Performing variable lifetime analysis.
INFO: [BIND 205-101] Exploring resource sharing.
INFO: [BIND 205-101] Binding ...
INFO: [BIND 205-100] Finished micro-architecture generation.
INFO: [HLS 200-111] Finished Binding: CPU user time: 0 seconds. CPU system time: 0 seconds. Elapsed time: 0.034 seconds; current allocated memory: 198.113 MB.
Execute     syn_report -verbosereport -o C:/Users/duong/Desktop/xup_high_level_synthesis_design_flow-main/source/lab2/lab2_pipeline_off/lab2_pipeline_off/hls/.autopilot/db/yuv_filter_Pipeline_RGB2YUV_LOOP_X_RGB2YUV_LOOP_Y.verbose.bind.rpt 
Execute       list_part -family xc7a35t-fgg484-2 
Execute         ap_family_info -name xc7a35t-fgg484-2 -data names 
Execute         ap_part_info -quiet -name xc7a35t-fgg484-2 -data family 
Execute     db_write -o C:/Users/duong/Desktop/xup_high_level_synthesis_design_flow-main/source/lab2/lab2_pipeline_off/lab2_pipeline_off/hls/.autopilot/db/yuv_filter_Pipeline_RGB2YUV_LOOP_X_RGB2YUV_LOOP_Y.bind.adb -f 
INFO-FLOW: Finish binding yuv_filter_Pipeline_RGB2YUV_LOOP_X_RGB2YUV_LOOP_Y.
INFO: [HLS 200-10] ----------------------------------------------------------------
INFO: [HLS 200-42] -- Implementing module 'yuv_filter_Pipeline_YUV_SCALE_LOOP_X_YUV_SCALE_LOOP_Y' 
INFO: [HLS 200-10] ----------------------------------------------------------------
Execute     set_default_model yuv_filter_Pipeline_YUV_SCALE_LOOP_X_YUV_SCALE_LOOP_Y 
Execute     schedule -model yuv_filter_Pipeline_YUV_SCALE_LOOP_X_YUV_SCALE_LOOP_Y 
INFO: [SCHED 204-11] Starting scheduling ...
INFO: [SCHED 204-61] Pipelining loop 'YUV_SCALE_LOOP_X_YUV_SCALE_LOOP_Y'.
INFO: [HLS 200-1470] Pipelining result : Target II = 1, Final II = 1, Depth = 5, loop 'YUV_SCALE_LOOP_X_YUV_SCALE_LOOP_Y'
INFO: [SCHED 204-11] Finished scheduling.
INFO: [HLS 200-111] Finished Scheduling: CPU user time: 0 seconds. CPU system time: 0 seconds. Elapsed time: 0.053 seconds; current allocated memory: 198.191 MB.
Execute     syn_report -verbosereport -o C:/Users/duong/Desktop/xup_high_level_synthesis_design_flow-main/source/lab2/lab2_pipeline_off/lab2_pipeline_off/hls/.autopilot/db/yuv_filter_Pipeline_YUV_SCALE_LOOP_X_YUV_SCALE_LOOP_Y.verbose.sched.rpt 
Execute       list_part -family xc7a35t-fgg484-2 
Execute         ap_family_info -name xc7a35t-fgg484-2 -data names 
Execute         ap_part_info -quiet -name xc7a35t-fgg484-2 -data family 
Execute     db_write -o C:/Users/duong/Desktop/xup_high_level_synthesis_design_flow-main/source/lab2/lab2_pipeline_off/lab2_pipeline_off/hls/.autopilot/db/yuv_filter_Pipeline_YUV_SCALE_LOOP_X_YUV_SCALE_LOOP_Y.sched.adb -f 
INFO-FLOW: Finish scheduling yuv_filter_Pipeline_YUV_SCALE_LOOP_X_YUV_SCALE_LOOP_Y.
Execute     set_default_model yuv_filter_Pipeline_YUV_SCALE_LOOP_X_YUV_SCALE_LOOP_Y 
Execute     bind -model yuv_filter_Pipeline_YUV_SCALE_LOOP_X_YUV_SCALE_LOOP_Y 
INFO: [BIND 205-100] Starting micro-architecture generation ...
INFO: [BIND 205-101] Performing variable lifetime analysis.
INFO: [BIND 205-101] Exploring resource sharing.
INFO: [BIND 205-101] Binding ...
INFO: [BIND 205-100] Finished micro-architecture generation.
INFO: [HLS 200-111] Finished Binding: CPU user time: 0 seconds. CPU system time: 0 seconds. Elapsed time: 0.025 seconds; current allocated memory: 198.195 MB.
Execute     syn_report -verbosereport -o C:/Users/duong/Desktop/xup_high_level_synthesis_design_flow-main/source/lab2/lab2_pipeline_off/lab2_pipeline_off/hls/.autopilot/db/yuv_filter_Pipeline_YUV_SCALE_LOOP_X_YUV_SCALE_LOOP_Y.verbose.bind.rpt 
Execute       list_part -family xc7a35t-fgg484-2 
Execute         ap_family_info -name xc7a35t-fgg484-2 -data names 
Execute         ap_part_info -quiet -name xc7a35t-fgg484-2 -data family 
Execute     db_write -o C:/Users/duong/Desktop/xup_high_level_synthesis_design_flow-main/source/lab2/lab2_pipeline_off/lab2_pipeline_off/hls/.autopilot/db/yuv_filter_Pipeline_YUV_SCALE_LOOP_X_YUV_SCALE_LOOP_Y.bind.adb -f 
INFO-FLOW: Finish binding yuv_filter_Pipeline_YUV_SCALE_LOOP_X_YUV_SCALE_LOOP_Y.
INFO: [HLS 200-10] ----------------------------------------------------------------
INFO: [HLS 200-42] -- Implementing module 'yuv_filter_Pipeline_YUV2RGB_LOOP_X_YUV2RGB_LOOP_Y' 
INFO: [HLS 200-10] ----------------------------------------------------------------
Execute     set_default_model yuv_filter_Pipeline_YUV2RGB_LOOP_X_YUV2RGB_LOOP_Y 
Execute     schedule -model yuv_filter_Pipeline_YUV2RGB_LOOP_X_YUV2RGB_LOOP_Y 
INFO: [SCHED 204-11] Starting scheduling ...
INFO: [HLS 200-486] Changing DSP latency (root=add_ln132_1) to 3 in order to utilize available DSP registers.
INFO: [HLS 200-486] Changing DSP latency (root=add_ln132) to 3 in order to utilize available DSP registers.
INFO: [HLS 200-486] Changing DSP latency (root=add_ln131_1) to 3 in order to utilize available DSP registers.
INFO: [HLS 200-486] Changing DSP latency (root=add_ln131) to 3 in order to utilize available DSP registers.
INFO: [SCHED 204-61] Pipelining loop 'YUV2RGB_LOOP_X_YUV2RGB_LOOP_Y'.
INFO: [HLS 200-1470] Pipelining result : Target II = 1, Final II = 1, Depth = 9, loop 'YUV2RGB_LOOP_X_YUV2RGB_LOOP_Y'
INFO: [SCHED 204-11] Finished scheduling.
INFO: [HLS 200-111] Finished Scheduling: CPU user time: 0 seconds. CPU system time: 0 seconds. Elapsed time: 0.054 seconds; current allocated memory: 198.438 MB.
Execute     syn_report -verbosereport -o C:/Users/duong/Desktop/xup_high_level_synthesis_design_flow-main/source/lab2/lab2_pipeline_off/lab2_pipeline_off/hls/.autopilot/db/yuv_filter_Pipeline_YUV2RGB_LOOP_X_YUV2RGB_LOOP_Y.verbose.sched.rpt 
Execute       list_part -family xc7a35t-fgg484-2 
Execute         ap_family_info -name xc7a35t-fgg484-2 -data names 
Execute         ap_part_info -quiet -name xc7a35t-fgg484-2 -data family 
Execute     db_write -o C:/Users/duong/Desktop/xup_high_level_synthesis_design_flow-main/source/lab2/lab2_pipeline_off/lab2_pipeline_off/hls/.autopilot/db/yuv_filter_Pipeline_YUV2RGB_LOOP_X_YUV2RGB_LOOP_Y.sched.adb -f 
INFO-FLOW: Finish scheduling yuv_filter_Pipeline_YUV2RGB_LOOP_X_YUV2RGB_LOOP_Y.
Execute     set_default_model yuv_filter_Pipeline_YUV2RGB_LOOP_X_YUV2RGB_LOOP_Y 
Execute     bind -model yuv_filter_Pipeline_YUV2RGB_LOOP_X_YUV2RGB_LOOP_Y 
INFO: [BIND 205-100] Starting micro-architecture generation ...
INFO: [BIND 205-101] Performing variable lifetime analysis.
INFO: [BIND 205-101] Exploring resource sharing.
INFO: [BIND 205-101] Binding ...
INFO: [BIND 205-100] Finished micro-architecture generation.
Command     bind done; 1.668 sec.
INFO: [HLS 200-111] Finished Binding: CPU user time: 0 seconds. CPU system time: 0 seconds. Elapsed time: 1.698 seconds; current allocated memory: 198.559 MB.
Execute     syn_report -verbosereport -o C:/Users/duong/Desktop/xup_high_level_synthesis_design_flow-main/source/lab2/lab2_pipeline_off/lab2_pipeline_off/hls/.autopilot/db/yuv_filter_Pipeline_YUV2RGB_LOOP_X_YUV2RGB_LOOP_Y.verbose.bind.rpt 
Execute       list_part -family xc7a35t-fgg484-2 
Execute         ap_family_info -name xc7a35t-fgg484-2 -data names 
Execute         ap_part_info -quiet -name xc7a35t-fgg484-2 -data family 
Execute     db_write -o C:/Users/duong/Desktop/xup_high_level_synthesis_design_flow-main/source/lab2/lab2_pipeline_off/lab2_pipeline_off/hls/.autopilot/db/yuv_filter_Pipeline_YUV2RGB_LOOP_X_YUV2RGB_LOOP_Y.bind.adb -f 
INFO-FLOW: Finish binding yuv_filter_Pipeline_YUV2RGB_LOOP_X_YUV2RGB_LOOP_Y.
INFO: [HLS 200-10] ----------------------------------------------------------------
INFO: [HLS 200-42] -- Implementing module 'yuv_filter' 
INFO: [HLS 200-10] ----------------------------------------------------------------
Execute     set_default_model yuv_filter 
Execute     schedule -model yuv_filter 
INFO: [SCHED 204-11] Starting scheduling ...
INFO: [SCHED 204-11] Finished scheduling.
INFO: [HLS 200-111] Finished Scheduling: CPU user time: 0 seconds. CPU system time: 0 seconds. Elapsed time: 0.044 seconds; current allocated memory: 198.863 MB.
Execute     syn_report -verbosereport -o C:/Users/duong/Desktop/xup_high_level_synthesis_design_flow-main/source/lab2/lab2_pipeline_off/lab2_pipeline_off/hls/.autopilot/db/yuv_filter.verbose.sched.rpt 
Execute       list_part -family xc7a35t-fgg484-2 
Execute         ap_family_info -name xc7a35t-fgg484-2 -data names 
Execute         ap_part_info -quiet -name xc7a35t-fgg484-2 -data family 
Command     syn_report done; 1.925 sec.
Execute     db_write -o C:/Users/duong/Desktop/xup_high_level_synthesis_design_flow-main/source/lab2/lab2_pipeline_off/lab2_pipeline_off/hls/.autopilot/db/yuv_filter.sched.adb -f 
INFO-FLOW: Finish scheduling yuv_filter.
Execute     set_default_model yuv_filter 
Execute     bind -model yuv_filter 
INFO: [BIND 205-100] Starting micro-architecture generation ...
INFO: [BIND 205-101] Performing variable lifetime analysis.
INFO: [BIND 205-101] Exploring resource sharing.
INFO: [BIND 205-101] Binding ...
INFO: [BIND 205-100] Finished micro-architecture generation.
INFO: [HLS 200-111] Finished Binding: CPU user time: 0 seconds. CPU system time: 0 seconds. Elapsed time: 1.938 seconds; current allocated memory: 199.148 MB.
Execute     syn_report -verbosereport -o C:/Users/duong/Desktop/xup_high_level_synthesis_design_flow-main/source/lab2/lab2_pipeline_off/lab2_pipeline_off/hls/.autopilot/db/yuv_filter.verbose.bind.rpt 
Execute       list_part -family xc7a35t-fgg484-2 
Execute         ap_family_info -name xc7a35t-fgg484-2 -data names 
Execute         ap_part_info -quiet -name xc7a35t-fgg484-2 -data family 
Execute     db_write -o C:/Users/duong/Desktop/xup_high_level_synthesis_design_flow-main/source/lab2/lab2_pipeline_off/lab2_pipeline_off/hls/.autopilot/db/yuv_filter.bind.adb -f 
INFO-FLOW: Finish binding yuv_filter.
Execute     get_model_list yuv_filter -filter all-wo-channel 
INFO-FLOW: Preprocessing for RTLGen ...
Execute     rtl_gen_preprocess yuv_filter_Pipeline_RGB2YUV_LOOP_X_RGB2YUV_LOOP_Y 
Execute     rtl_gen_preprocess yuv_filter_Pipeline_YUV_SCALE_LOOP_X_YUV_SCALE_LOOP_Y 
Execute     rtl_gen_preprocess yuv_filter_Pipeline_YUV2RGB_LOOP_X_YUV2RGB_LOOP_Y 
Execute     rtl_gen_preprocess yuv_filter 
INFO-FLOW: Model list for RTL generation: yuv_filter_Pipeline_RGB2YUV_LOOP_X_RGB2YUV_LOOP_Y yuv_filter_Pipeline_YUV_SCALE_LOOP_X_YUV_SCALE_LOOP_Y yuv_filter_Pipeline_YUV2RGB_LOOP_X_YUV2RGB_LOOP_Y yuv_filter
INFO: [HLS 200-10] ----------------------------------------------------------------
INFO: [HLS 200-10] -- Generating RTL for module 'yuv_filter_Pipeline_RGB2YUV_LOOP_X_RGB2YUV_LOOP_Y' 
INFO: [HLS 200-10] ----------------------------------------------------------------
Execute     create_rtl_model yuv_filter_Pipeline_RGB2YUV_LOOP_X_RGB2YUV_LOOP_Y -top_prefix yuv_filter_ -sub_prefix yuv_filter_ -mg_file C:/Users/duong/Desktop/xup_high_level_synthesis_design_flow-main/source/lab2/lab2_pipeline_off/lab2_pipeline_off/hls/.autopilot/db/yuv_filter_Pipeline_RGB2YUV_LOOP_X_RGB2YUV_LOOP_Y.compgen.tcl 
INFO: [HLS 200-1030] Apply Unified Pipeline Control on module 'yuv_filter_Pipeline_RGB2YUV_LOOP_X_RGB2YUV_LOOP_Y' pipeline 'RGB2YUV_LOOP_X_RGB2YUV_LOOP_Y' pipeline type 'loop pipeline'
INFO: [RTGEN 206-100] Generating core module 'mac_muladd_8ns_5ns_8ns_13_4_1': 1 instance(s).
INFO: [RTGEN 206-100] Generating core module 'mac_muladd_8ns_7ns_16s_16_4_1': 1 instance(s).
INFO: [RTGEN 206-100] Generating core module 'mac_muladd_8ns_7s_16s_16_4_1': 1 instance(s).
INFO: [RTGEN 206-100] Generating core module 'mul_8ns_8s_16_1_1': 2 instance(s).
INFO: [RTGEN 206-100] Finished creating RTL model for 'yuv_filter_Pipeline_RGB2YUV_LOOP_X_RGB2YUV_LOOP_Y'.
INFO: [HLS 200-111] Finished Creating RTL model: CPU user time: 0 seconds. CPU system time: 0 seconds. Elapsed time: 0.074 seconds; current allocated memory: 202.027 MB.
Execute     source C:/Users/duong/Desktop/xup_high_level_synthesis_design_flow-main/source/lab2/lab2_pipeline_off/lab2_pipeline_off/hls/.autopilot/db/yuv_filter.rtl_wrap.cfg.tcl 
Execute     gen_rtl yuv_filter_Pipeline_RGB2YUV_LOOP_X_RGB2YUV_LOOP_Y -style xilinx -f -lang vhdl -o C:/Users/duong/Desktop/xup_high_level_synthesis_design_flow-main/source/lab2/lab2_pipeline_off/lab2_pipeline_off/hls/syn/vhdl/yuv_filter_yuv_filter_Pipeline_RGB2YUV_LOOP_X_RGB2YUV_LOOP_Y 
Execute     gen_rtl yuv_filter_Pipeline_RGB2YUV_LOOP_X_RGB2YUV_LOOP_Y -style xilinx -f -lang vlog -o C:/Users/duong/Desktop/xup_high_level_synthesis_design_flow-main/source/lab2/lab2_pipeline_off/lab2_pipeline_off/hls/syn/verilog/yuv_filter_yuv_filter_Pipeline_RGB2YUV_LOOP_X_RGB2YUV_LOOP_Y 
Execute     syn_report -csynth -model yuv_filter_Pipeline_RGB2YUV_LOOP_X_RGB2YUV_LOOP_Y -o C:/Users/duong/Desktop/xup_high_level_synthesis_design_flow-main/source/lab2/lab2_pipeline_off/lab2_pipeline_off/hls/syn/report/yuv_filter_Pipeline_RGB2YUV_LOOP_X_RGB2YUV_LOOP_Y_csynth.rpt 
Execute       list_part -family xc7a35t-fgg484-2 
Execute         ap_family_info -name xc7a35t-fgg484-2 -data names 
Execute         ap_part_info -quiet -name xc7a35t-fgg484-2 -data family 
Execute     syn_report -rtlxml -model yuv_filter_Pipeline_RGB2YUV_LOOP_X_RGB2YUV_LOOP_Y -o C:/Users/duong/Desktop/xup_high_level_synthesis_design_flow-main/source/lab2/lab2_pipeline_off/lab2_pipeline_off/hls/syn/report/yuv_filter_Pipeline_RGB2YUV_LOOP_X_RGB2YUV_LOOP_Y_csynth.xml 
Execute       list_part -family xc7a35t-fgg484-2 
Execute         ap_family_info -name xc7a35t-fgg484-2 -data names 
Execute         ap_part_info -quiet -name xc7a35t-fgg484-2 -data family 
Execute     syn_report -verbosereport -model yuv_filter_Pipeline_RGB2YUV_LOOP_X_RGB2YUV_LOOP_Y -o C:/Users/duong/Desktop/xup_high_level_synthesis_design_flow-main/source/lab2/lab2_pipeline_off/lab2_pipeline_off/hls/.autopilot/db/yuv_filter_Pipeline_RGB2YUV_LOOP_X_RGB2YUV_LOOP_Y.verbose.rpt 
Execute       list_part -family xc7a35t-fgg484-2 
Execute         ap_family_info -name xc7a35t-fgg484-2 -data names 
Execute         ap_part_info -quiet -name xc7a35t-fgg484-2 -data family 
Execute     db_write -model yuv_filter_Pipeline_RGB2YUV_LOOP_X_RGB2YUV_LOOP_Y -f -o C:/Users/duong/Desktop/xup_high_level_synthesis_design_flow-main/source/lab2/lab2_pipeline_off/lab2_pipeline_off/hls/.autopilot/db/yuv_filter_Pipeline_RGB2YUV_LOOP_X_RGB2YUV_LOOP_Y.adb 
Execute     db_write -model yuv_filter_Pipeline_RGB2YUV_LOOP_X_RGB2YUV_LOOP_Y -bindview -o C:/Users/duong/Desktop/xup_high_level_synthesis_design_flow-main/source/lab2/lab2_pipeline_off/lab2_pipeline_off/hls/.autopilot/db/design.bindinfo.xml 
Execute     gen_tb_info yuv_filter_Pipeline_RGB2YUV_LOOP_X_RGB2YUV_LOOP_Y -p C:/Users/duong/Desktop/xup_high_level_synthesis_design_flow-main/source/lab2/lab2_pipeline_off/lab2_pipeline_off/hls/.autopilot/db -o C:/Users/duong/Desktop/xup_high_level_synthesis_design_flow-main/source/lab2/lab2_pipeline_off/lab2_pipeline_off/hls/.autopilot/db/yuv_filter_Pipeline_RGB2YUV_LOOP_X_RGB2YUV_LOOP_Y 
INFO: [HLS 200-10] ----------------------------------------------------------------
INFO: [HLS 200-10] -- Generating RTL for module 'yuv_filter_Pipeline_YUV_SCALE_LOOP_X_YUV_SCALE_LOOP_Y' 
INFO: [HLS 200-10] ----------------------------------------------------------------
Execute     create_rtl_model yuv_filter_Pipeline_YUV_SCALE_LOOP_X_YUV_SCALE_LOOP_Y -top_prefix yuv_filter_ -sub_prefix yuv_filter_ -mg_file C:/Users/duong/Desktop/xup_high_level_synthesis_design_flow-main/source/lab2/lab2_pipeline_off/lab2_pipeline_off/hls/.autopilot/db/yuv_filter_Pipeline_YUV_SCALE_LOOP_X_YUV_SCALE_LOOP_Y.compgen.tcl 
INFO: [HLS 200-1030] Apply Unified Pipeline Control on module 'yuv_filter_Pipeline_YUV_SCALE_LOOP_X_YUV_SCALE_LOOP_Y' pipeline 'YUV_SCALE_LOOP_X_YUV_SCALE_LOOP_Y' pipeline type 'loop pipeline'
INFO: [RTGEN 206-100] Generating core module 'mul_8ns_8ns_15_1_1': 3 instance(s).
INFO: [RTGEN 206-100] Finished creating RTL model for 'yuv_filter_Pipeline_YUV_SCALE_LOOP_X_YUV_SCALE_LOOP_Y'.
INFO: [HLS 200-111] Finished Creating RTL model: CPU user time: 1 seconds. CPU system time: 0 seconds. Elapsed time: 0.231 seconds; current allocated memory: 205.164 MB.
Execute     source C:/Users/duong/Desktop/xup_high_level_synthesis_design_flow-main/source/lab2/lab2_pipeline_off/lab2_pipeline_off/hls/.autopilot/db/yuv_filter.rtl_wrap.cfg.tcl 
Execute     gen_rtl yuv_filter_Pipeline_YUV_SCALE_LOOP_X_YUV_SCALE_LOOP_Y -style xilinx -f -lang vhdl -o C:/Users/duong/Desktop/xup_high_level_synthesis_design_flow-main/source/lab2/lab2_pipeline_off/lab2_pipeline_off/hls/syn/vhdl/yuv_filter_yuv_filter_Pipeline_YUV_SCALE_LOOP_X_YUV_SCALE_LOOP_Y 
Execute     gen_rtl yuv_filter_Pipeline_YUV_SCALE_LOOP_X_YUV_SCALE_LOOP_Y -style xilinx -f -lang vlog -o C:/Users/duong/Desktop/xup_high_level_synthesis_design_flow-main/source/lab2/lab2_pipeline_off/lab2_pipeline_off/hls/syn/verilog/yuv_filter_yuv_filter_Pipeline_YUV_SCALE_LOOP_X_YUV_SCALE_LOOP_Y 
Execute     syn_report -csynth -model yuv_filter_Pipeline_YUV_SCALE_LOOP_X_YUV_SCALE_LOOP_Y -o C:/Users/duong/Desktop/xup_high_level_synthesis_design_flow-main/source/lab2/lab2_pipeline_off/lab2_pipeline_off/hls/syn/report/yuv_filter_Pipeline_YUV_SCALE_LOOP_X_YUV_SCALE_LOOP_Y_csynth.rpt 
Execute       list_part -family xc7a35t-fgg484-2 
Execute         ap_family_info -name xc7a35t-fgg484-2 -data names 
Execute         ap_part_info -quiet -name xc7a35t-fgg484-2 -data family 
Execute     syn_report -rtlxml -model yuv_filter_Pipeline_YUV_SCALE_LOOP_X_YUV_SCALE_LOOP_Y -o C:/Users/duong/Desktop/xup_high_level_synthesis_design_flow-main/source/lab2/lab2_pipeline_off/lab2_pipeline_off/hls/syn/report/yuv_filter_Pipeline_YUV_SCALE_LOOP_X_YUV_SCALE_LOOP_Y_csynth.xml 
Execute       list_part -family xc7a35t-fgg484-2 
Execute         ap_family_info -name xc7a35t-fgg484-2 -data names 
Execute         ap_part_info -quiet -name xc7a35t-fgg484-2 -data family 
Execute     syn_report -verbosereport -model yuv_filter_Pipeline_YUV_SCALE_LOOP_X_YUV_SCALE_LOOP_Y -o C:/Users/duong/Desktop/xup_high_level_synthesis_design_flow-main/source/lab2/lab2_pipeline_off/lab2_pipeline_off/hls/.autopilot/db/yuv_filter_Pipeline_YUV_SCALE_LOOP_X_YUV_SCALE_LOOP_Y.verbose.rpt 
Execute       list_part -family xc7a35t-fgg484-2 
Execute         ap_family_info -name xc7a35t-fgg484-2 -data names 
Execute         ap_part_info -quiet -name xc7a35t-fgg484-2 -data family 
Execute     db_write -model yuv_filter_Pipeline_YUV_SCALE_LOOP_X_YUV_SCALE_LOOP_Y -f -o C:/Users/duong/Desktop/xup_high_level_synthesis_design_flow-main/source/lab2/lab2_pipeline_off/lab2_pipeline_off/hls/.autopilot/db/yuv_filter_Pipeline_YUV_SCALE_LOOP_X_YUV_SCALE_LOOP_Y.adb 
Execute     db_write -model yuv_filter_Pipeline_YUV_SCALE_LOOP_X_YUV_SCALE_LOOP_Y -bindview -o C:/Users/duong/Desktop/xup_high_level_synthesis_design_flow-main/source/lab2/lab2_pipeline_off/lab2_pipeline_off/hls/.autopilot/db/design.bindinfo.xml 
Execute     gen_tb_info yuv_filter_Pipeline_YUV_SCALE_LOOP_X_YUV_SCALE_LOOP_Y -p C:/Users/duong/Desktop/xup_high_level_synthesis_design_flow-main/source/lab2/lab2_pipeline_off/lab2_pipeline_off/hls/.autopilot/db -o C:/Users/duong/Desktop/xup_high_level_synthesis_design_flow-main/source/lab2/lab2_pipeline_off/lab2_pipeline_off/hls/.autopilot/db/yuv_filter_Pipeline_YUV_SCALE_LOOP_X_YUV_SCALE_LOOP_Y 
INFO: [HLS 200-10] ----------------------------------------------------------------
INFO: [HLS 200-10] -- Generating RTL for module 'yuv_filter_Pipeline_YUV2RGB_LOOP_X_YUV2RGB_LOOP_Y' 
INFO: [HLS 200-10] ----------------------------------------------------------------
Execute     create_rtl_model yuv_filter_Pipeline_YUV2RGB_LOOP_X_YUV2RGB_LOOP_Y -top_prefix yuv_filter_ -sub_prefix yuv_filter_ -mg_file C:/Users/duong/Desktop/xup_high_level_synthesis_design_flow-main/source/lab2/lab2_pipeline_off/lab2_pipeline_off/hls/.autopilot/db/yuv_filter_Pipeline_YUV2RGB_LOOP_X_YUV2RGB_LOOP_Y.compgen.tcl 
INFO: [HLS 200-1030] Apply Unified Pipeline Control on module 'yuv_filter_Pipeline_YUV2RGB_LOOP_X_YUV2RGB_LOOP_Y' pipeline 'YUV2RGB_LOOP_X_YUV2RGB_LOOP_Y' pipeline type 'loop pipeline'
INFO: [RTGEN 206-100] Generating core module 'mac_muladd_8s_8s_18s_18_4_1': 1 instance(s).
INFO: [RTGEN 206-100] Generating core module 'mac_muladd_9ns_8s_18s_18_4_1': 1 instance(s).
INFO: [RTGEN 206-100] Generating core module 'mac_muladd_9s_8s_18s_18_4_1': 1 instance(s).
INFO: [RTGEN 206-100] Generating core module 'mac_muladd_9s_9ns_8ns_18_4_1': 1 instance(s).
INFO: [RTGEN 206-100] Finished creating RTL model for 'yuv_filter_Pipeline_YUV2RGB_LOOP_X_YUV2RGB_LOOP_Y'.
INFO: [HLS 200-111] Finished Creating RTL model: CPU user time: 0 seconds. CPU system time: 0 seconds. Elapsed time: 0.176 seconds; current allocated memory: 206.922 MB.
Execute     source C:/Users/duong/Desktop/xup_high_level_synthesis_design_flow-main/source/lab2/lab2_pipeline_off/lab2_pipeline_off/hls/.autopilot/db/yuv_filter.rtl_wrap.cfg.tcl 
Execute     gen_rtl yuv_filter_Pipeline_YUV2RGB_LOOP_X_YUV2RGB_LOOP_Y -style xilinx -f -lang vhdl -o C:/Users/duong/Desktop/xup_high_level_synthesis_design_flow-main/source/lab2/lab2_pipeline_off/lab2_pipeline_off/hls/syn/vhdl/yuv_filter_yuv_filter_Pipeline_YUV2RGB_LOOP_X_YUV2RGB_LOOP_Y 
Execute     gen_rtl yuv_filter_Pipeline_YUV2RGB_LOOP_X_YUV2RGB_LOOP_Y -style xilinx -f -lang vlog -o C:/Users/duong/Desktop/xup_high_level_synthesis_design_flow-main/source/lab2/lab2_pipeline_off/lab2_pipeline_off/hls/syn/verilog/yuv_filter_yuv_filter_Pipeline_YUV2RGB_LOOP_X_YUV2RGB_LOOP_Y 
Execute     syn_report -csynth -model yuv_filter_Pipeline_YUV2RGB_LOOP_X_YUV2RGB_LOOP_Y -o C:/Users/duong/Desktop/xup_high_level_synthesis_design_flow-main/source/lab2/lab2_pipeline_off/lab2_pipeline_off/hls/syn/report/yuv_filter_Pipeline_YUV2RGB_LOOP_X_YUV2RGB_LOOP_Y_csynth.rpt 
Execute       list_part -family xc7a35t-fgg484-2 
Execute         ap_family_info -name xc7a35t-fgg484-2 -data names 
Execute         ap_part_info -quiet -name xc7a35t-fgg484-2 -data family 
Execute     syn_report -rtlxml -model yuv_filter_Pipeline_YUV2RGB_LOOP_X_YUV2RGB_LOOP_Y -o C:/Users/duong/Desktop/xup_high_level_synthesis_design_flow-main/source/lab2/lab2_pipeline_off/lab2_pipeline_off/hls/syn/report/yuv_filter_Pipeline_YUV2RGB_LOOP_X_YUV2RGB_LOOP_Y_csynth.xml 
Execute       list_part -family xc7a35t-fgg484-2 
Execute         ap_family_info -name xc7a35t-fgg484-2 -data names 
Execute         ap_part_info -quiet -name xc7a35t-fgg484-2 -data family 
Execute     syn_report -verbosereport -model yuv_filter_Pipeline_YUV2RGB_LOOP_X_YUV2RGB_LOOP_Y -o C:/Users/duong/Desktop/xup_high_level_synthesis_design_flow-main/source/lab2/lab2_pipeline_off/lab2_pipeline_off/hls/.autopilot/db/yuv_filter_Pipeline_YUV2RGB_LOOP_X_YUV2RGB_LOOP_Y.verbose.rpt 
Execute       list_part -family xc7a35t-fgg484-2 
Execute         ap_family_info -name xc7a35t-fgg484-2 -data names 
Execute         ap_part_info -quiet -name xc7a35t-fgg484-2 -data family 
Execute     db_write -model yuv_filter_Pipeline_YUV2RGB_LOOP_X_YUV2RGB_LOOP_Y -f -o C:/Users/duong/Desktop/xup_high_level_synthesis_design_flow-main/source/lab2/lab2_pipeline_off/lab2_pipeline_off/hls/.autopilot/db/yuv_filter_Pipeline_YUV2RGB_LOOP_X_YUV2RGB_LOOP_Y.adb 
Execute     db_write -model yuv_filter_Pipeline_YUV2RGB_LOOP_X_YUV2RGB_LOOP_Y -bindview -o C:/Users/duong/Desktop/xup_high_level_synthesis_design_flow-main/source/lab2/lab2_pipeline_off/lab2_pipeline_off/hls/.autopilot/db/design.bindinfo.xml 
Execute     gen_tb_info yuv_filter_Pipeline_YUV2RGB_LOOP_X_YUV2RGB_LOOP_Y -p C:/Users/duong/Desktop/xup_high_level_synthesis_design_flow-main/source/lab2/lab2_pipeline_off/lab2_pipeline_off/hls/.autopilot/db -o C:/Users/duong/Desktop/xup_high_level_synthesis_design_flow-main/source/lab2/lab2_pipeline_off/lab2_pipeline_off/hls/.autopilot/db/yuv_filter_Pipeline_YUV2RGB_LOOP_X_YUV2RGB_LOOP_Y 
INFO: [HLS 200-10] ----------------------------------------------------------------
INFO: [HLS 200-10] -- Generating RTL for module 'yuv_filter' 
INFO: [HLS 200-10] ----------------------------------------------------------------
Execute     create_rtl_model yuv_filter -top_prefix  -sub_prefix yuv_filter_ -mg_file C:/Users/duong/Desktop/xup_high_level_synthesis_design_flow-main/source/lab2/lab2_pipeline_off/lab2_pipeline_off/hls/.autopilot/db/yuv_filter.compgen.tcl 
INFO: [RTGEN 206-500] Setting interface mode on port 'yuv_filter/in_channels_ch1' to 'ap_memory'.
INFO: [RTGEN 206-500] Setting interface mode on port 'yuv_filter/in_channels_ch2' to 'ap_memory'.
INFO: [RTGEN 206-500] Setting interface mode on port 'yuv_filter/in_channels_ch3' to 'ap_memory'.
INFO: [RTGEN 206-500] Setting interface mode on port 'yuv_filter/in_width' to 'ap_none'.
INFO: [RTGEN 206-500] Setting interface mode on port 'yuv_filter/in_height' to 'ap_none'.
INFO: [RTGEN 206-500] Setting interface mode on port 'yuv_filter/out_channels_ch1' to 'ap_memory'.
INFO: [RTGEN 206-500] Setting interface mode on port 'yuv_filter/out_channels_ch2' to 'ap_memory'.
INFO: [RTGEN 206-500] Setting interface mode on port 'yuv_filter/out_channels_ch3' to 'ap_memory'.
INFO: [RTGEN 206-500] Setting interface mode on port 'yuv_filter/out_width' to 'ap_vld'.
INFO: [RTGEN 206-500] Setting interface mode on port 'yuv_filter/out_height' to 'ap_vld'.
INFO: [RTGEN 206-500] Setting interface mode on port 'yuv_filter/Y_scale' to 'ap_none'.
INFO: [RTGEN 206-500] Setting interface mode on port 'yuv_filter/U_scale' to 'ap_none'.
INFO: [RTGEN 206-500] Setting interface mode on port 'yuv_filter/V_scale' to 'ap_none'.
INFO: [RTGEN 206-500] Setting interface mode on function 'yuv_filter' to 'ap_ctrl_hs'.
INFO: [RTGEN 206-100] Generating core module 'mul_16ns_16ns_32_1_1': 1 instance(s).
INFO: [RTGEN 206-100] Finished creating RTL model for 'yuv_filter'.
INFO: [RTMG 210-278] Implementing memory 'yuv_filter_p_yuv_channels_ch1_RAM_AUTO_1R1W' using auto RAMs.
Command     create_rtl_model done; 1.32 sec.
INFO: [HLS 200-111] Finished Creating RTL model: CPU user time: 0 seconds. CPU system time: 0 seconds. Elapsed time: 1.552 seconds; current allocated memory: 209.832 MB.
Execute     source C:/Users/duong/Desktop/xup_high_level_synthesis_design_flow-main/source/lab2/lab2_pipeline_off/lab2_pipeline_off/hls/.autopilot/db/yuv_filter.rtl_wrap.cfg.tcl 
Execute     gen_rtl yuv_filter -istop -style xilinx -f -lang vhdl -o C:/Users/duong/Desktop/xup_high_level_synthesis_design_flow-main/source/lab2/lab2_pipeline_off/lab2_pipeline_off/hls/syn/vhdl/yuv_filter 
Execute     gen_rtl yuv_filter -istop -style xilinx -f -lang vlog -o C:/Users/duong/Desktop/xup_high_level_synthesis_design_flow-main/source/lab2/lab2_pipeline_off/lab2_pipeline_off/hls/syn/verilog/yuv_filter 
Execute     syn_report -csynth -model yuv_filter -o C:/Users/duong/Desktop/xup_high_level_synthesis_design_flow-main/source/lab2/lab2_pipeline_off/lab2_pipeline_off/hls/syn/report/yuv_filter_csynth.rpt 
Execute       list_part -family xc7a35t-fgg484-2 
Execute         ap_family_info -name xc7a35t-fgg484-2 -data names 
Execute         ap_part_info -quiet -name xc7a35t-fgg484-2 -data family 
Execute     syn_report -rtlxml -model yuv_filter -o C:/Users/duong/Desktop/xup_high_level_synthesis_design_flow-main/source/lab2/lab2_pipeline_off/lab2_pipeline_off/hls/syn/report/yuv_filter_csynth.xml 
Execute       list_part -family xc7a35t-fgg484-2 
Execute         ap_family_info -name xc7a35t-fgg484-2 -data names 
Execute         ap_part_info -quiet -name xc7a35t-fgg484-2 -data family 
Execute     syn_report -verbosereport -model yuv_filter -o C:/Users/duong/Desktop/xup_high_level_synthesis_design_flow-main/source/lab2/lab2_pipeline_off/lab2_pipeline_off/hls/.autopilot/db/yuv_filter.verbose.rpt 
Execute       list_part -family xc7a35t-fgg484-2 
Execute         ap_family_info -name xc7a35t-fgg484-2 -data names 
Execute         ap_part_info -quiet -name xc7a35t-fgg484-2 -data family 
Execute     db_write -model yuv_filter -f -o C:/Users/duong/Desktop/xup_high_level_synthesis_design_flow-main/source/lab2/lab2_pipeline_off/lab2_pipeline_off/hls/.autopilot/db/yuv_filter.adb 
Execute     db_write -model yuv_filter -bindview -o C:/Users/duong/Desktop/xup_high_level_synthesis_design_flow-main/source/lab2/lab2_pipeline_off/lab2_pipeline_off/hls/.autopilot/db/design.bindinfo.xml 
Execute     gen_tb_info yuv_filter -p C:/Users/duong/Desktop/xup_high_level_synthesis_design_flow-main/source/lab2/lab2_pipeline_off/lab2_pipeline_off/hls/.autopilot/db -o C:/Users/duong/Desktop/xup_high_level_synthesis_design_flow-main/source/lab2/lab2_pipeline_off/lab2_pipeline_off/hls/.autopilot/db/yuv_filter 
Execute     export_constraint_db -f -tool general -o C:/Users/duong/Desktop/xup_high_level_synthesis_design_flow-main/source/lab2/lab2_pipeline_off/lab2_pipeline_off/hls/.autopilot/db/yuv_filter.constraint.tcl 
Execute     syn_report -designview -model yuv_filter -o C:/Users/duong/Desktop/xup_high_level_synthesis_design_flow-main/source/lab2/lab2_pipeline_off/lab2_pipeline_off/hls/.autopilot/db/yuv_filter.design.xml 
Execute     syn_report -csynthDesign -model yuv_filter -o C:/Users/duong/Desktop/xup_high_level_synthesis_design_flow-main/source/lab2/lab2_pipeline_off/lab2_pipeline_off/hls/syn/report/csynth.rpt -MHOut C:/Users/duong/Desktop/xup_high_level_synthesis_design_flow-main/source/lab2/lab2_pipeline_off/lab2_pipeline_off/hls/.autopilot/db/kernel_module_hierarchy.tcl 
Execute       list_part -family xc7a35t-fgg484-2 
Execute         ap_family_info -name xc7a35t-fgg484-2 -data names 
Execute         ap_part_info -quiet -name xc7a35t-fgg484-2 -data family 
Execute     syn_report -wcfg -model yuv_filter -o C:/Users/duong/Desktop/xup_high_level_synthesis_design_flow-main/source/lab2/lab2_pipeline_off/lab2_pipeline_off/hls/.autopilot/db/yuv_filter_dataflow_ana.wcfg 
Execute     syn_report -protoinst -model yuv_filter -o C:/Users/duong/Desktop/xup_high_level_synthesis_design_flow-main/source/lab2/lab2_pipeline_off/lab2_pipeline_off/hls/.autopilot/db/yuv_filter.protoinst 
Execute     sc_get_clocks yuv_filter 
Execute     sc_get_portdomain yuv_filter 
INFO-FLOW: Model list for RTL component generation: yuv_filter_Pipeline_RGB2YUV_LOOP_X_RGB2YUV_LOOP_Y yuv_filter_Pipeline_YUV_SCALE_LOOP_X_YUV_SCALE_LOOP_Y yuv_filter_Pipeline_YUV2RGB_LOOP_X_YUV2RGB_LOOP_Y yuv_filter
INFO-FLOW: Handling components in module [yuv_filter_Pipeline_RGB2YUV_LOOP_X_RGB2YUV_LOOP_Y] ... 
Execute     source C:/Users/duong/Desktop/xup_high_level_synthesis_design_flow-main/source/lab2/lab2_pipeline_off/lab2_pipeline_off/hls/.autopilot/db/yuv_filter_Pipeline_RGB2YUV_LOOP_X_RGB2YUV_LOOP_Y.compgen.tcl 
INFO-FLOW: Found component yuv_filter_mul_8ns_8s_16_1_1.
INFO-FLOW: Append model yuv_filter_mul_8ns_8s_16_1_1
INFO-FLOW: Found component yuv_filter_mac_muladd_8ns_5ns_8ns_13_4_1.
INFO-FLOW: Append model yuv_filter_mac_muladd_8ns_5ns_8ns_13_4_1
INFO-FLOW: Found component yuv_filter_mac_muladd_8ns_7s_16s_16_4_1.
INFO-FLOW: Append model yuv_filter_mac_muladd_8ns_7s_16s_16_4_1
INFO-FLOW: Found component yuv_filter_mac_muladd_8ns_7ns_16s_16_4_1.
INFO-FLOW: Append model yuv_filter_mac_muladd_8ns_7ns_16s_16_4_1
INFO-FLOW: Found component yuv_filter_flow_control_loop_pipe_sequential_init.
INFO-FLOW: Append model yuv_filter_flow_control_loop_pipe_sequential_init
INFO-FLOW: Handling components in module [yuv_filter_Pipeline_YUV_SCALE_LOOP_X_YUV_SCALE_LOOP_Y] ... 
Execute     source C:/Users/duong/Desktop/xup_high_level_synthesis_design_flow-main/source/lab2/lab2_pipeline_off/lab2_pipeline_off/hls/.autopilot/db/yuv_filter_Pipeline_YUV_SCALE_LOOP_X_YUV_SCALE_LOOP_Y.compgen.tcl 
INFO-FLOW: Found component yuv_filter_mul_8ns_8ns_15_1_1.
INFO-FLOW: Append model yuv_filter_mul_8ns_8ns_15_1_1
INFO-FLOW: Found component yuv_filter_flow_control_loop_pipe_sequential_init.
INFO-FLOW: Append model yuv_filter_flow_control_loop_pipe_sequential_init
INFO-FLOW: Handling components in module [yuv_filter_Pipeline_YUV2RGB_LOOP_X_YUV2RGB_LOOP_Y] ... 
Execute     source C:/Users/duong/Desktop/xup_high_level_synthesis_design_flow-main/source/lab2/lab2_pipeline_off/lab2_pipeline_off/hls/.autopilot/db/yuv_filter_Pipeline_YUV2RGB_LOOP_X_YUV2RGB_LOOP_Y.compgen.tcl 
INFO-FLOW: Found component yuv_filter_mac_muladd_9s_9ns_8ns_18_4_1.
INFO-FLOW: Append model yuv_filter_mac_muladd_9s_9ns_8ns_18_4_1
INFO-FLOW: Found component yuv_filter_mac_muladd_9ns_8s_18s_18_4_1.
INFO-FLOW: Append model yuv_filter_mac_muladd_9ns_8s_18s_18_4_1
INFO-FLOW: Found component yuv_filter_mac_muladd_9s_8s_18s_18_4_1.
INFO-FLOW: Append model yuv_filter_mac_muladd_9s_8s_18s_18_4_1
INFO-FLOW: Found component yuv_filter_mac_muladd_8s_8s_18s_18_4_1.
INFO-FLOW: Append model yuv_filter_mac_muladd_8s_8s_18s_18_4_1
INFO-FLOW: Found component yuv_filter_flow_control_loop_pipe_sequential_init.
INFO-FLOW: Append model yuv_filter_flow_control_loop_pipe_sequential_init
INFO-FLOW: Handling components in module [yuv_filter] ... 
Execute     source C:/Users/duong/Desktop/xup_high_level_synthesis_design_flow-main/source/lab2/lab2_pipeline_off/lab2_pipeline_off/hls/.autopilot/db/yuv_filter.compgen.tcl 
INFO-FLOW: Found component yuv_filter_mul_16ns_16ns_32_1_1.
INFO-FLOW: Append model yuv_filter_mul_16ns_16ns_32_1_1
INFO-FLOW: Found component yuv_filter_p_yuv_channels_ch1_RAM_AUTO_1R1W.
INFO-FLOW: Append model yuv_filter_p_yuv_channels_ch1_RAM_AUTO_1R1W
INFO-FLOW: Append model yuv_filter_Pipeline_RGB2YUV_LOOP_X_RGB2YUV_LOOP_Y
INFO-FLOW: Append model yuv_filter_Pipeline_YUV_SCALE_LOOP_X_YUV_SCALE_LOOP_Y
INFO-FLOW: Append model yuv_filter_Pipeline_YUV2RGB_LOOP_X_YUV2RGB_LOOP_Y
INFO-FLOW: Append model yuv_filter
INFO-FLOW: Generating RTL model list ...
INFO-FLOW: All models in this session: yuv_filter_mul_8ns_8s_16_1_1 yuv_filter_mac_muladd_8ns_5ns_8ns_13_4_1 yuv_filter_mac_muladd_8ns_7s_16s_16_4_1 yuv_filter_mac_muladd_8ns_7ns_16s_16_4_1 yuv_filter_flow_control_loop_pipe_sequential_init yuv_filter_mul_8ns_8ns_15_1_1 yuv_filter_flow_control_loop_pipe_sequential_init yuv_filter_mac_muladd_9s_9ns_8ns_18_4_1 yuv_filter_mac_muladd_9ns_8s_18s_18_4_1 yuv_filter_mac_muladd_9s_8s_18s_18_4_1 yuv_filter_mac_muladd_8s_8s_18s_18_4_1 yuv_filter_flow_control_loop_pipe_sequential_init yuv_filter_mul_16ns_16ns_32_1_1 yuv_filter_p_yuv_channels_ch1_RAM_AUTO_1R1W yuv_filter_Pipeline_RGB2YUV_LOOP_X_RGB2YUV_LOOP_Y yuv_filter_Pipeline_YUV_SCALE_LOOP_X_YUV_SCALE_LOOP_Y yuv_filter_Pipeline_YUV2RGB_LOOP_X_YUV2RGB_LOOP_Y yuv_filter
INFO-FLOW: Generating C:/Users/duong/Desktop/xup_high_level_synthesis_design_flow-main/source/lab2/lab2_pipeline_off/lab2_pipeline_off/hls/.autopilot/db/autopilot.rtl.models.txt file...
INFO-FLOW: To file: write model yuv_filter_mul_8ns_8s_16_1_1
INFO-FLOW: To file: write model yuv_filter_mac_muladd_8ns_5ns_8ns_13_4_1
INFO-FLOW: To file: write model yuv_filter_mac_muladd_8ns_7s_16s_16_4_1
INFO-FLOW: To file: write model yuv_filter_mac_muladd_8ns_7ns_16s_16_4_1
INFO-FLOW: To file: write model yuv_filter_flow_control_loop_pipe_sequential_init
INFO-FLOW: To file: write model yuv_filter_mul_8ns_8ns_15_1_1
INFO-FLOW: To file: write model yuv_filter_flow_control_loop_pipe_sequential_init
INFO-FLOW: To file: write model yuv_filter_mac_muladd_9s_9ns_8ns_18_4_1
INFO-FLOW: To file: write model yuv_filter_mac_muladd_9ns_8s_18s_18_4_1
INFO-FLOW: To file: write model yuv_filter_mac_muladd_9s_8s_18s_18_4_1
INFO-FLOW: To file: write model yuv_filter_mac_muladd_8s_8s_18s_18_4_1
INFO-FLOW: To file: write model yuv_filter_flow_control_loop_pipe_sequential_init
INFO-FLOW: To file: write model yuv_filter_mul_16ns_16ns_32_1_1
INFO-FLOW: To file: write model yuv_filter_p_yuv_channels_ch1_RAM_AUTO_1R1W
INFO-FLOW: To file: write model yuv_filter_Pipeline_RGB2YUV_LOOP_X_RGB2YUV_LOOP_Y
INFO-FLOW: To file: write model yuv_filter_Pipeline_YUV_SCALE_LOOP_X_YUV_SCALE_LOOP_Y
INFO-FLOW: To file: write model yuv_filter_Pipeline_YUV2RGB_LOOP_X_YUV2RGB_LOOP_Y
INFO-FLOW: To file: write model yuv_filter
INFO-FLOW: Generating C:/Users/duong/Desktop/xup_high_level_synthesis_design_flow-main/source/lab2/lab2_pipeline_off/lab2_pipeline_off/hls/.autopilot/db/autopilot.rtl.models.tcl file...
INFO-FLOW: Finished generating RTL model list.


INFO-FLOW: RTL Generation done.
INFO-FLOW: CAS Generation done.
INFO-FLOW: CBC Generation done.
Execute     AP::msg_collection_file -close 
INFO-FLOW: DBG:PROC: ::AESL_AUTOMG::auto_generate_csynth_design
INFO-FLOW: DBG:PUTS: read_platform_lib C:/Users/duong/Desktop/xup_high_level_synthesis_design_flow-main/source/lab2/lab2_pipeline_off/lab2_pipeline_off/hls/.autopilot/db/global.setting.tcl
Execute     source D:/movies/2025.2/Vitis/common/technology/generic/autopilot/common.gen 
Execute       source D:/movies/2025.2/Vitis/common/technology/generic/autopilot/APCoreGen.gen 
Execute     source D:/movies/2025.2/Vitis/common/technology/generic/autopilot/op.gen 
Execute     source D:/movies/2025.2/Vitis/common/technology/generic/autopilot/op_simcore.gen 
Execute     source D:/movies/2025.2/Vitis/common/technology/generic/autopilot/interface.gen 
Execute     source C:/Users/duong/Desktop/xup_high_level_synthesis_design_flow-main/source/lab2/lab2_pipeline_off/lab2_pipeline_off/hls/.autopilot/db/global.setting.tcl 
Execute     ap_family_info -name artix7 -data parts 
Execute     ap_part_info -name xc7a12ticsg325-1L -data info 
Execute     source D:/movies/2025.2/Vitis/common/technology/xilinx/common/xilinx.gen 
Execute       source D:/movies/2025.2/Vitis/common/technology/xilinx/interface/plb46.gen 
Execute       source D:/movies/2025.2/Vitis/common/technology/xilinx/interface/axi4.gen 
Execute       source D:/movies/2025.2/Vitis/common/technology/xilinx/interface/nativeAXI4.gen 
Execute         source D:/movies/2025.2/Vitis/common/technology/xilinx/interface/saxilite.gen 
Execute       source D:/movies/2025.2/Vitis/common/technology/xilinx/scripts/xilinxcoregen.gen 
Execute       source D:/movies/2025.2/Vitis/common/technology/xilinx/interface/XilEDKCoreGen.gen 
Execute       source D:/movies/2025.2/Vitis/common/technology/xilinx/ip/dds_compiler.gen 
Execute       source D:/movies/2025.2/Vitis/common/technology/xilinx/ip/util.gen 
Execute       source D:/movies/2025.2/Vitis/common/technology/xilinx/ip/xfft.gen 
Execute       source D:/movies/2025.2/Vitis/common/technology/xilinx/ip/xfir.gen 
Execute       source D:/movies/2025.2/Vitis/common/technology/xilinx/DSP48/dsp48.gen 
INFO-FLOW: DBG:PUTS:   using AESL_AUTOCG::g_clock_period=10.000 (was NA)
INFO-FLOW: DBG:PROC: ::AESL_AUTOMG::generate_ip_cores gen_sim_model='1' gen_fp_models='0' gen_for_export='0' dstSCDir='' dstVhdlDir='C:/Users/duong/Desktop/xup_high_level_synthesis_design_flow-main/source/lab2/lab2_pipeline_off/lab2_pipeline_off/hls/.autopilot/db/vhdl' dstVlogDir='C:/Users/duong/Desktop/xup_high_level_synthesis_design_flow-main/source/lab2/lab2_pipeline_off/lab2_pipeline_off/hls/.autopilot/db/vlog' tclDir='C:/Users/duong/Desktop/xup_high_level_synthesis_design_flow-main/source/lab2/lab2_pipeline_off/lab2_pipeline_off/hls/.autopilot/db' modelList='yuv_filter_mul_8ns_8s_16_1_1
yuv_filter_mac_muladd_8ns_5ns_8ns_13_4_1
yuv_filter_mac_muladd_8ns_7s_16s_16_4_1
yuv_filter_mac_muladd_8ns_7ns_16s_16_4_1
yuv_filter_flow_control_loop_pipe_sequential_init
yuv_filter_mul_8ns_8ns_15_1_1
yuv_filter_flow_control_loop_pipe_sequential_init
yuv_filter_mac_muladd_9s_9ns_8ns_18_4_1
yuv_filter_mac_muladd_9ns_8s_18s_18_4_1
yuv_filter_mac_muladd_9s_8s_18s_18_4_1
yuv_filter_mac_muladd_8s_8s_18s_18_4_1
yuv_filter_flow_control_loop_pipe_sequential_init
yuv_filter_mul_16ns_16ns_32_1_1
yuv_filter_p_yuv_channels_ch1_RAM_AUTO_1R1W
yuv_filter_Pipeline_RGB2YUV_LOOP_X_RGB2YUV_LOOP_Y
yuv_filter_Pipeline_YUV_SCALE_LOOP_X_YUV_SCALE_LOOP_Y
yuv_filter_Pipeline_YUV2RGB_LOOP_X_YUV2RGB_LOOP_Y
yuv_filter
' expOnly='0'
Execute     source C:/Users/duong/Desktop/xup_high_level_synthesis_design_flow-main/source/lab2/lab2_pipeline_off/lab2_pipeline_off/hls/.autopilot/db/global.setting.tcl 
Execute     ap_part_info -name xc7a35t-fgg484-2 -data names -quiet 
Execute     ap_part_info -name xc7a35t-fgg484-2 -data info -quiet 
Execute     source C:/Users/duong/Desktop/xup_high_level_synthesis_design_flow-main/source/lab2/lab2_pipeline_off/lab2_pipeline_off/hls/.autopilot/db/global.setting.tcl 
Execute     source C:/Users/duong/Desktop/xup_high_level_synthesis_design_flow-main/source/lab2/lab2_pipeline_off/lab2_pipeline_off/hls/.autopilot/db/global.setting.tcl 
Execute     source C:/Users/duong/Desktop/xup_high_level_synthesis_design_flow-main/source/lab2/lab2_pipeline_off/lab2_pipeline_off/hls/.autopilot/db/yuv_filter_Pipeline_RGB2YUV_LOOP_X_RGB2YUV_LOOP_Y.compgen.tcl 
Execute     source C:/Users/duong/Desktop/xup_high_level_synthesis_design_flow-main/source/lab2/lab2_pipeline_off/lab2_pipeline_off/hls/.autopilot/db/yuv_filter_Pipeline_YUV_SCALE_LOOP_X_YUV_SCALE_LOOP_Y.compgen.tcl 
Execute     source C:/Users/duong/Desktop/xup_high_level_synthesis_design_flow-main/source/lab2/lab2_pipeline_off/lab2_pipeline_off/hls/.autopilot/db/yuv_filter_Pipeline_YUV2RGB_LOOP_X_YUV2RGB_LOOP_Y.compgen.tcl 
Execute     source C:/Users/duong/Desktop/xup_high_level_synthesis_design_flow-main/source/lab2/lab2_pipeline_off/lab2_pipeline_off/hls/.autopilot/db/yuv_filter.compgen.tcl 
INFO: [HLS 200-111] Finished Generating all RTL models: CPU user time: 0 seconds. CPU system time: 0 seconds. Elapsed time: 0.386 seconds; current allocated memory: 213.824 MB.
INFO-FLOW: DBG:PROC: ::HLSREPORTS::create_csynth_xml bind_info_var='bind_info' RtlSubPrefix='yuv_filter_' outfile=''
INFO-FLOW: Running: create_csynth_xml read xml data
INFO-FLOW: Done: create_csynth_xml read xml data time: 0 seconds 
INFO-FLOW: create_csynth_xml: all_module_nodes count=4
INFO-FLOW: Running: create_csynth_xml bind info
INFO-FLOW: create_csynth_xml: all_bind_nodes count=81
INFO-FLOW: Done: create_csynth_xml bind info time: 0 seconds 
INFO-FLOW: create_csynth_xml: bind_instances counts: modules=4 instances=75
INFO-FLOW: Running: create_csynth_xml update csynth_xml_module_hier
INFO-FLOW: Done: create_csynth_xml update csynth_xml_module_hier time: 0 seconds 
INFO-FLOW: create_csynth_xml: csynth_xml_module_hier max_depth=3
INFO-FLOW: Running: create_csynth_xml gen bind_report_dict
INFO-FLOW: Done: create_csynth_xml gen bind_report_dict time: 0 seconds 
INFO-FLOW: Running: create_csynth_xml config info
INFO-FLOW: Done: create_csynth_xml config info time: 0.6 seconds 
INFO-FLOW: Running: create_csynth_xml write xml
INFO-FLOW: Done: create_csynth_xml write xml time: 0 seconds 
INFO-FLOW: DBG:PUTS:      create_csynth_xml wrote csynth_xml=C:/Users/duong/Desktop/xup_high_level_synthesis_design_flow-main/source/lab2/lab2_pipeline_off/lab2_pipeline_off/hls/syn/report/csynth.xml
INFO-FLOW: Running: generate_json
INFO-FLOW: DBG:PROC: ::AP::DESIGN_DATA::generate_json generate_bd_files='0' generate_xo_files='0' modelList='yuv_filter_mul_8ns_8s_16_1_1
yuv_filter_mac_muladd_8ns_5ns_8ns_13_4_1
yuv_filter_mac_muladd_8ns_7s_16s_16_4_1
yuv_filter_mac_muladd_8ns_7ns_16s_16_4_1
yuv_filter_flow_control_loop_pipe_sequential_init
yuv_filter_mul_8ns_8ns_15_1_1
yuv_filter_flow_control_loop_pipe_sequential_init
yuv_filter_mac_muladd_9s_9ns_8ns_18_4_1
yuv_filter_mac_muladd_9ns_8s_18s_18_4_1
yuv_filter_mac_muladd_9s_8s_18s_18_4_1
yuv_filter_mac_muladd_8s_8s_18s_18_4_1
yuv_filter_flow_control_loop_pipe_sequential_init
yuv_filter_mul_16ns_16ns_32_1_1
yuv_filter_p_yuv_channels_ch1_RAM_AUTO_1R1W
yuv_filter_Pipeline_RGB2YUV_LOOP_X_RGB2YUV_LOOP_Y
yuv_filter_Pipeline_YUV_SCALE_LOOP_X_YUV_SCALE_LOOP_Y
yuv_filter_Pipeline_YUV2RGB_LOOP_X_YUV2RGB_LOOP_Y
yuv_filter
' rtl_lang='both' bootstrap_tcl='false' outdir='' outfilename=''
Execute     source C:/Users/duong/Desktop/xup_high_level_synthesis_design_flow-main/source/lab2/lab2_pipeline_off/lab2_pipeline_off/hls/.autopilot/db/global.setting.tcl 
Execute     source C:/Users/duong/Desktop/xup_high_level_synthesis_design_flow-main/source/lab2/lab2_pipeline_off/lab2_pipeline_off/hls/.autopilot/db/global.setting.tcl 
Execute     source C:/Users/duong/Desktop/xup_high_level_synthesis_design_flow-main/source/lab2/lab2_pipeline_off/lab2_pipeline_off/hls/.autopilot/db/top-io-be.tcl 
Execute     source C:/Users/duong/Desktop/xup_high_level_synthesis_design_flow-main/source/lab2/lab2_pipeline_off/lab2_pipeline_off/hls/.autopilot/db/yuv_filter.tbgen.tcl 
Execute     source C:/Users/duong/Desktop/xup_high_level_synthesis_design_flow-main/source/lab2/lab2_pipeline_off/lab2_pipeline_off/hls/.autopilot/db/yuv_filter.rtl_wrap.cfg.tcl 
Execute     source C:/Users/duong/Desktop/xup_high_level_synthesis_design_flow-main/source/lab2/lab2_pipeline_off/lab2_pipeline_off/hls/.autopilot/db/yuv_filter.compgen.dataonly.tcl 
Execute     source C:/Users/duong/Desktop/xup_high_level_synthesis_design_flow-main/source/lab2/lab2_pipeline_off/lab2_pipeline_off/hls/.autopilot/db/yuv_filter_Pipeline_RGB2YUV_LOOP_X_RGB2YUV_LOOP_Y.tbgen.tcl 
Execute     source C:/Users/duong/Desktop/xup_high_level_synthesis_design_flow-main/source/lab2/lab2_pipeline_off/lab2_pipeline_off/hls/.autopilot/db/yuv_filter_Pipeline_YUV_SCALE_LOOP_X_YUV_SCALE_LOOP_Y.tbgen.tcl 
Execute     source C:/Users/duong/Desktop/xup_high_level_synthesis_design_flow-main/source/lab2/lab2_pipeline_off/lab2_pipeline_off/hls/.autopilot/db/yuv_filter_Pipeline_YUV2RGB_LOOP_X_YUV2RGB_LOOP_Y.tbgen.tcl 
Execute     source C:/Users/duong/Desktop/xup_high_level_synthesis_design_flow-main/source/lab2/lab2_pipeline_off/lab2_pipeline_off/hls/.autopilot/db/yuv_filter.tbgen.tcl 
Execute     source C:/Users/duong/Desktop/xup_high_level_synthesis_design_flow-main/source/lab2/lab2_pipeline_off/lab2_pipeline_off/hls/.autopilot/db/global.setting.tcl 
Execute     ap_part_info -name xc7a35t-fgg484-2 -data names -quiet 
Execute     ap_part_info -name xc7a35t-fgg484-2 -data info -quiet 
Execute     source C:/Users/duong/Desktop/xup_high_level_synthesis_design_flow-main/source/lab2/lab2_pipeline_off/lab2_pipeline_off/hls/.autopilot/db/yuv_filter.constraint.tcl 
Execute     sc_get_clocks yuv_filter 
Execute     source C:/Users/duong/Desktop/xup_high_level_synthesis_design_flow-main/source/lab2/lab2_pipeline_off/lab2_pipeline_off/hls/.autopilot/db/global.setting.tcl 
Execute     source D:/movies/2025.2/Vitis/tps/tcl/tcllib2.0/fileutil/fileutil.tcl 
INFO-FLOW: Done: generate_json time: 0.2 seconds 
INFO-FLOW: Running: add_csynth_report_sections
INFO-FLOW: DBG:PROC: ::HLSREPORTS::add_csynth_report_sections bind_info_dict='adapter_nodes {} cache_nodes {} report_dict {TOPINST yuv_filter MODULE2INSTS {yuv_filter yuv_filter yuv_filter_Pipeline_RGB2YUV_LOOP_X_RGB2YUV_LOOP_Y grp_yuv_filter_Pipeline_RGB2YUV_LOOP_X_RGB2YUV_LOOP_Y_fu_129 yuv_filter_Pipeline_YUV_SCALE_LOOP_X_YUV_SCALE_LOOP_Y grp_yuv_filter_Pipeline_YUV_SCALE_LOOP_X_YUV_SCALE_LOOP_Y_fu_144 yuv_filter_Pipeline_YUV2RGB_LOOP_X_YUV2RGB_LOOP_Y grp_yuv_filter_Pipeline_YUV2RGB_LOOP_X_YUV2RGB_LOOP_Y_fu_159} INST2MODULE {yuv_filter yuv_filter grp_yuv_filter_Pipeline_RGB2YUV_LOOP_X_RGB2YUV_LOOP_Y_fu_129 yuv_filter_Pipeline_RGB2YUV_LOOP_X_RGB2YUV_LOOP_Y grp_yuv_filter_Pipeline_YUV_SCALE_LOOP_X_YUV_SCALE_LOOP_Y_fu_144 yuv_filter_Pipeline_YUV_SCALE_LOOP_X_YUV_SCALE_LOOP_Y grp_yuv_filter_Pipeline_YUV2RGB_LOOP_X_YUV2RGB_LOOP_Y_fu_159 yuv_filter_Pipeline_YUV2RGB_LOOP_X_YUV2RGB_LOOP_Y} INSTDATA {yuv_filter {DEPTH 1 CHILDREN {grp_yuv_filter_Pipeline_RGB2YUV_LOOP_X_RGB2YUV_LOOP_Y_fu_129 grp_yuv_filter_Pipeline_YUV_SCALE_LOOP_X_YUV_SCALE_LOOP_Y_fu_144 grp_yuv_filter_Pipeline_YUV2RGB_LOOP_X_YUV2RGB_LOOP_Y_fu_159}} grp_yuv_filter_Pipeline_RGB2YUV_LOOP_X_RGB2YUV_LOOP_Y_fu_129 {DEPTH 2 CHILDREN {}} grp_yuv_filter_Pipeline_YUV_SCALE_LOOP_X_YUV_SCALE_LOOP_Y_fu_144 {DEPTH 2 CHILDREN {}} grp_yuv_filter_Pipeline_YUV2RGB_LOOP_X_YUV2RGB_LOOP_Y_fu_159 {DEPTH 2 CHILDREN {}}} MODULEDATA {yuv_filter_Pipeline_RGB2YUV_LOOP_X_RGB2YUV_LOOP_Y {BINDINFO {{BINDTYPE op ID {} IMPL auto LATENCY 0 OPTYPE seteq PRAGMA {} RTLNAME icmp_ln76_fu_232_p2 SOURCE ../yuv_filter.c:76 VARIABLE icmp_ln76 LOOP RGB2YUV_LOOP_X_RGB2YUV_LOOP_Y BUNDLEDNAME {} DSP 0 BRAM 0 URAM 0 STORAGESUBTYPE {} DISPNAME {bind_op seteq} VISIBLE false} {BINDTYPE op ID {} IMPL fabric LATENCY 0 OPTYPE add PRAGMA {} RTLNAME add_ln76_1_fu_238_p2 SOURCE ../yuv_filter.c:76 VARIABLE add_ln76_1 LOOP RGB2YUV_LOOP_X_RGB2YUV_LOOP_Y BUNDLEDNAME {} DSP 0 BRAM 0 URAM 0 STORAGESUBTYPE {} DISPNAME {bind_op add} VISIBLE true} {BINDTYPE op ID {} IMPL fabric LATENCY 0 OPTYPE add PRAGMA {} RTLNAME add_ln76_fu_255_p2 SOURCE ../yuv_filter.c:76 VARIABLE add_ln76 LOOP RGB2YUV_LOOP_X_RGB2YUV_LOOP_Y BUNDLEDNAME {} DSP 0 BRAM 0 URAM 0 STORAGESUBTYPE {} DISPNAME {bind_op add} VISIBLE true} {BINDTYPE op ID {} IMPL auto LATENCY 0 OPTYPE seteq PRAGMA {} RTLNAME icmp_ln80_fu_261_p2 SOURCE ../yuv_filter.c:80 VARIABLE icmp_ln80 LOOP RGB2YUV_LOOP_X_RGB2YUV_LOOP_Y BUNDLEDNAME {} DSP 0 BRAM 0 URAM 0 STORAGESUBTYPE {} DISPNAME {bind_op seteq} VISIBLE false} {BINDTYPE op ID {} IMPL auto_sel LATENCY 0 OPTYPE select PRAGMA {} RTLNAME select_ln78_fu_266_p3 SOURCE ../yuv_filter.c:78 VARIABLE select_ln78 LOOP RGB2YUV_LOOP_X_RGB2YUV_LOOP_Y BUNDLEDNAME {} DSP 0 BRAM 0 URAM 0 STORAGESUBTYPE {} DISPNAME {bind_op select} VISIBLE false} {BINDTYPE op ID {} IMPL auto_sel LATENCY 0 OPTYPE select PRAGMA {} RTLNAME select_ln76_fu_274_p3 SOURCE ../yuv_filter.c:76 VARIABLE select_ln76 LOOP RGB2YUV_LOOP_X_RGB2YUV_LOOP_Y BUNDLEDNAME {} DSP 0 BRAM 0 URAM 0 STORAGESUBTYPE {} DISPNAME {bind_op select} VISIBLE false} {BINDTYPE op ID {} IMPL dsp_slice LATENCY 3 OPTYPE mul PRAGMA {} RTLNAME mac_muladd_8ns_5ns_8ns_13_4_1_U3 SOURCE ../yuv_filter.c:86 VARIABLE mul_ln86 LOOP RGB2YUV_LOOP_X_RGB2YUV_LOOP_Y BUNDLEDNAME {} DSP 1 BRAM 0 URAM 0 STORAGESUBTYPE {} DISPNAME {bind_op mul} VISIBLE true} {BINDTYPE op ID {} IMPL fabric LATENCY 0 OPTYPE add PRAGMA {} RTLNAME add_ln86_3_fu_408_p2 SOURCE ../yuv_filter.c:86 VARIABLE add_ln86_3 LOOP RGB2YUV_LOOP_X_RGB2YUV_LOOP_Y BUNDLEDNAME {} DSP 0 BRAM 0 URAM 0 STORAGESUBTYPE {} DISPNAME {bind_op add} VISIBLE true} {BINDTYPE op ID {} IMPL fabric LATENCY 0 OPTYPE add PRAGMA {} RTLNAME add_ln86_4_fu_368_p2 SOURCE ../yuv_filter.c:86 VARIABLE add_ln86_4 LOOP RGB2YUV_LOOP_X_RGB2YUV_LOOP_Y BUNDLEDNAME {} DSP 0 BRAM 0 URAM 0 STORAGESUBTYPE {} DISPNAME {bind_op add} VISIBLE true} {BINDTYPE op ID {} IMPL dsp_slice LATENCY 3 OPTYPE add PRAGMA {} RTLNAME mac_muladd_8ns_5ns_8ns_13_4_1_U3 SOURCE ../yuv_filter.c:86 VARIABLE add_ln86_1 LOOP RGB2YUV_LOOP_X_RGB2YUV_LOOP_Y BUNDLEDNAME {} DSP 1 BRAM 0 URAM 0 STORAGESUBTYPE {} DISPNAME {bind_op add} VISIBLE true} {BINDTYPE op ID {} IMPL fabric LATENCY 0 OPTYPE add PRAGMA {} RTLNAME Y_fu_559_p2 SOURCE ../yuv_filter.c:86 VARIABLE Y LOOP RGB2YUV_LOOP_X_RGB2YUV_LOOP_Y BUNDLEDNAME {} DSP 0 BRAM 0 URAM 0 STORAGESUBTYPE {} DISPNAME {bind_op add} VISIBLE true} {BINDTYPE op ID {} IMPL dsp_slice LATENCY 3 OPTYPE mul PRAGMA {} RTLNAME mac_muladd_8ns_7s_16s_16_4_1_U4 SOURCE ../yuv_filter.c:87 VARIABLE mul_ln87 LOOP RGB2YUV_LOOP_X_RGB2YUV_LOOP_Y BUNDLEDNAME {} DSP 1 BRAM 0 URAM 0 STORAGESUBTYPE {} DISPNAME {bind_op mul} VISIBLE true} {BINDTYPE op ID {} IMPL dsp_slice LATENCY 3 OPTYPE sext PRAGMA {} RTLNAME mac_muladd_8ns_7s_16s_16_4_1_U4 SOURCE ../yuv_filter.c:87 VARIABLE sext_ln87 LOOP RGB2YUV_LOOP_X_RGB2YUV_LOOP_Y BUNDLEDNAME {} DSP 1 BRAM 0 URAM 0 STORAGESUBTYPE {} DISPNAME {bind_op sext} VISIBLE false} {BINDTYPE op ID {} IMPL auto LATENCY 0 OPTYPE mul PRAGMA {} RTLNAME mul_8ns_8s_16_1_1_U1 SOURCE ../yuv_filter.c:87 VARIABLE mul_ln87_1 LOOP RGB2YUV_LOOP_X_RGB2YUV_LOOP_Y BUNDLEDNAME {} DSP 0 BRAM 0 URAM 0 STORAGESUBTYPE {} DISPNAME {bind_op mul} VISIBLE true} {BINDTYPE op ID {} IMPL dsp_slice LATENCY 3 OPTYPE add PRAGMA {} RTLNAME mac_muladd_8ns_7s_16s_16_4_1_U4 SOURCE ../yuv_filter.c:87 VARIABLE add_ln87 LOOP RGB2YUV_LOOP_X_RGB2YUV_LOOP_Y BUNDLEDNAME {} DSP 1 BRAM 0 URAM 0 STORAGESUBTYPE {} DISPNAME {bind_op add} VISIBLE true} {BINDTYPE op ID {} IMPL fabric LATENCY 0 OPTYPE add PRAGMA {} RTLNAME add_ln87_2_fu_476_p2 SOURCE ../yuv_filter.c:87 VARIABLE add_ln87_2 LOOP RGB2YUV_LOOP_X_RGB2YUV_LOOP_Y BUNDLEDNAME {} DSP 0 BRAM 0 URAM 0 STORAGESUBTYPE {} DISPNAME {bind_op add} VISIBLE true} {BINDTYPE op ID {} IMPL auto LATENCY 0 OPTYPE xor PRAGMA {} RTLNAME xor_ln87_fu_565_p2 SOURCE ../yuv_filter.c:87 VARIABLE xor_ln87 LOOP RGB2YUV_LOOP_X_RGB2YUV_LOOP_Y BUNDLEDNAME {} DSP 0 BRAM 0 URAM 0 STORAGESUBTYPE {} DISPNAME {bind_op xor} VISIBLE false} {BINDTYPE op ID {} IMPL fabric LATENCY 0 OPTYPE sub PRAGMA {} RTLNAME sub_ln88_fu_503_p2 SOURCE ../yuv_filter.c:88 VARIABLE sub_ln88 LOOP RGB2YUV_LOOP_X_RGB2YUV_LOOP_Y BUNDLEDNAME {} DSP 0 BRAM 0 URAM 0 STORAGESUBTYPE {} DISPNAME {bind_op sub} VISIBLE true} {BINDTYPE op ID {} IMPL dsp_slice LATENCY 3 OPTYPE mul PRAGMA {} RTLNAME mac_muladd_8ns_7ns_16s_16_4_1_U5 SOURCE ../yuv_filter.c:88 VARIABLE mul_ln88 LOOP RGB2YUV_LOOP_X_RGB2YUV_LOOP_Y BUNDLEDNAME {} DSP 1 BRAM 0 URAM 0 STORAGESUBTYPE {} DISPNAME {bind_op mul} VISIBLE true} {BINDTYPE op ID {} IMPL dsp_slice LATENCY 3 OPTYPE zext PRAGMA {} RTLNAME mac_muladd_8ns_7ns_16s_16_4_1_U5 SOURCE ../yuv_filter.c:88 VARIABLE zext_ln88 LOOP RGB2YUV_LOOP_X_RGB2YUV_LOOP_Y BUNDLEDNAME {} DSP 1 BRAM 0 URAM 0 STORAGESUBTYPE {} DISPNAME {bind_op zext} VISIBLE false} {BINDTYPE op ID {} IMPL auto LATENCY 0 OPTYPE mul PRAGMA {} RTLNAME mul_8ns_8s_16_1_1_U2 SOURCE ../yuv_filter.c:88 VARIABLE mul_ln88_1 LOOP RGB2YUV_LOOP_X_RGB2YUV_LOOP_Y BUNDLEDNAME {} DSP 0 BRAM 0 URAM 0 STORAGESUBTYPE {} DISPNAME {bind_op mul} VISIBLE true} {BINDTYPE op ID {} IMPL dsp_slice LATENCY 3 OPTYPE add PRAGMA {} RTLNAME mac_muladd_8ns_7ns_16s_16_4_1_U5 SOURCE ../yuv_filter.c:88 VARIABLE add_ln88 LOOP RGB2YUV_LOOP_X_RGB2YUV_LOOP_Y BUNDLEDNAME {} DSP 1 BRAM 0 URAM 0 STORAGESUBTYPE {} DISPNAME {bind_op add} VISIBLE true} {BINDTYPE op ID {} IMPL fabric LATENCY 0 OPTYPE add PRAGMA {} RTLNAME add_ln88_2_fu_536_p2 SOURCE ../yuv_filter.c:88 VARIABLE add_ln88_2 LOOP RGB2YUV_LOOP_X_RGB2YUV_LOOP_Y BUNDLEDNAME {} DSP 0 BRAM 0 URAM 0 STORAGESUBTYPE {} DISPNAME {bind_op add} VISIBLE true} {BINDTYPE op ID {} IMPL auto LATENCY 0 OPTYPE xor PRAGMA {} RTLNAME xor_ln88_fu_578_p2 SOURCE ../yuv_filter.c:88 VARIABLE xor_ln88 LOOP RGB2YUV_LOOP_X_RGB2YUV_LOOP_Y BUNDLEDNAME {} DSP 0 BRAM 0 URAM 0 STORAGESUBTYPE {} DISPNAME {bind_op xor} VISIBLE false} {BINDTYPE op ID {} IMPL fabric LATENCY 0 OPTYPE add PRAGMA {} RTLNAME add_ln80_fu_328_p2 SOURCE ../yuv_filter.c:80 VARIABLE add_ln80 LOOP RGB2YUV_LOOP_X_RGB2YUV_LOOP_Y BUNDLEDNAME {} DSP 0 BRAM 0 URAM 0 STORAGESUBTYPE {} DISPNAME {bind_op add} VISIBLE true}} AREA {DSP 3 BRAM 0 URAM 0}} yuv_filter_Pipeline_YUV_SCALE_LOOP_X_YUV_SCALE_LOOP_Y {BINDINFO {{BINDTYPE op ID {} IMPL auto LATENCY 0 OPTYPE seteq PRAGMA {} RTLNAME icmp_ln160_fu_220_p2 SOURCE ../yuv_filter.c:160 VARIABLE icmp_ln160 LOOP YUV_SCALE_LOOP_X_YUV_SCALE_LOOP_Y BUNDLEDNAME {} DSP 0 BRAM 0 URAM 0 STORAGESUBTYPE {} DISPNAME {bind_op seteq} VISIBLE false} {BINDTYPE op ID {} IMPL fabric LATENCY 0 OPTYPE add PRAGMA {} RTLNAME add_ln160_1_fu_226_p2 SOURCE ../yuv_filter.c:160 VARIABLE add_ln160_1 LOOP YUV_SCALE_LOOP_X_YUV_SCALE_LOOP_Y BUNDLEDNAME {} DSP 0 BRAM 0 URAM 0 STORAGESUBTYPE {} DISPNAME {bind_op add} VISIBLE true} {BINDTYPE op ID {} IMPL fabric LATENCY 0 OPTYPE add PRAGMA {} RTLNAME add_ln160_fu_243_p2 SOURCE ../yuv_filter.c:160 VARIABLE add_ln160 LOOP YUV_SCALE_LOOP_X_YUV_SCALE_LOOP_Y BUNDLEDNAME {} DSP 0 BRAM 0 URAM 0 STORAGESUBTYPE {} DISPNAME {bind_op add} VISIBLE true} {BINDTYPE op ID {} IMPL auto LATENCY 0 OPTYPE seteq PRAGMA {} RTLNAME icmp_ln164_fu_249_p2 SOURCE ../yuv_filter.c:164 VARIABLE icmp_ln164 LOOP YUV_SCALE_LOOP_X_YUV_SCALE_LOOP_Y BUNDLEDNAME {} DSP 0 BRAM 0 URAM 0 STORAGESUBTYPE {} DISPNAME {bind_op seteq} VISIBLE false} {BINDTYPE op ID {} IMPL auto_sel LATENCY 0 OPTYPE select PRAGMA {} RTLNAME select_ln162_fu_254_p3 SOURCE ../yuv_filter.c:162 VARIABLE select_ln162 LOOP YUV_SCALE_LOOP_X_YUV_SCALE_LOOP_Y BUNDLEDNAME {} DSP 0 BRAM 0 URAM 0 STORAGESUBTYPE {} DISPNAME {bind_op select} VISIBLE false} {BINDTYPE op ID {} IMPL auto_sel LATENCY 0 OPTYPE select PRAGMA {} RTLNAME select_ln160_fu_262_p3 SOURCE ../yuv_filter.c:160 VARIABLE select_ln160 LOOP YUV_SCALE_LOOP_X_YUV_SCALE_LOOP_Y BUNDLEDNAME {} DSP 0 BRAM 0 URAM 0 STORAGESUBTYPE {} DISPNAME {bind_op select} VISIBLE false} {BINDTYPE op ID {} IMPL auto LATENCY 0 OPTYPE mul PRAGMA {} RTLNAME mul_8ns_8ns_15_1_1_U18 SOURCE ../yuv_filter.c:170 VARIABLE mul_ln170 LOOP YUV_SCALE_LOOP_X_YUV_SCALE_LOOP_Y BUNDLEDNAME {} DSP 0 BRAM 0 URAM 0 STORAGESUBTYPE {} DISPNAME {bind_op mul} VISIBLE true} {BINDTYPE op ID {} IMPL auto LATENCY 0 OPTYPE mul PRAGMA {} RTLNAME mul_8ns_8ns_15_1_1_U19 SOURCE ../yuv_filter.c:171 VARIABLE mul_ln171 LOOP YUV_SCALE_LOOP_X_YUV_SCALE_LOOP_Y BUNDLEDNAME {} DSP 0 BRAM 0 URAM 0 STORAGESUBTYPE {} DISPNAME {bind_op mul} VISIBLE true} {BINDTYPE op ID {} IMPL auto LATENCY 0 OPTYPE mul PRAGMA {} RTLNAME mul_8ns_8ns_15_1_1_U20 SOURCE ../yuv_filter.c:172 VARIABLE mul_ln172 LOOP YUV_SCALE_LOOP_X_YUV_SCALE_LOOP_Y BUNDLEDNAME {} DSP 0 BRAM 0 URAM 0 STORAGESUBTYPE {} DISPNAME {bind_op mul} VISIBLE true} {BINDTYPE op ID {} IMPL fabric LATENCY 0 OPTYPE add PRAGMA {} RTLNAME add_ln164_fu_310_p2 SOURCE ../yuv_filter.c:164 VARIABLE add_ln164 LOOP YUV_SCALE_LOOP_X_YUV_SCALE_LOOP_Y BUNDLEDNAME {} DSP 0 BRAM 0 URAM 0 STORAGESUBTYPE {} DISPNAME {bind_op add} VISIBLE true}} AREA {DSP 0 BRAM 0 URAM 0}} yuv_filter_Pipeline_YUV2RGB_LOOP_X_YUV2RGB_LOOP_Y {BINDINFO {{BINDTYPE op ID {} IMPL auto LATENCY 0 OPTYPE seteq PRAGMA {} RTLNAME icmp_ln118_fu_236_p2 SOURCE ../yuv_filter.c:118 VARIABLE icmp_ln118 LOOP YUV2RGB_LOOP_X_YUV2RGB_LOOP_Y BUNDLEDNAME {} DSP 0 BRAM 0 URAM 0 STORAGESUBTYPE {} DISPNAME {bind_op seteq} VISIBLE false} {BINDTYPE op ID {} IMPL fabric LATENCY 0 OPTYPE add PRAGMA {} RTLNAME add_ln118_1_fu_242_p2 SOURCE ../yuv_filter.c:118 VARIABLE add_ln118_1 LOOP YUV2RGB_LOOP_X_YUV2RGB_LOOP_Y BUNDLEDNAME {} DSP 0 BRAM 0 URAM 0 STORAGESUBTYPE {} DISPNAME {bind_op add} VISIBLE true} {BINDTYPE op ID {} IMPL fabric LATENCY 0 OPTYPE add PRAGMA {} RTLNAME add_ln118_fu_259_p2 SOURCE ../yuv_filter.c:118 VARIABLE add_ln118 LOOP YUV2RGB_LOOP_X_YUV2RGB_LOOP_Y BUNDLEDNAME {} DSP 0 BRAM 0 URAM 0 STORAGESUBTYPE {} DISPNAME {bind_op add} VISIBLE true} {BINDTYPE op ID {} IMPL auto LATENCY 0 OPTYPE seteq PRAGMA {} RTLNAME icmp_ln122_fu_265_p2 SOURCE ../yuv_filter.c:122 VARIABLE icmp_ln122 LOOP YUV2RGB_LOOP_X_YUV2RGB_LOOP_Y BUNDLEDNAME {} DSP 0 BRAM 0 URAM 0 STORAGESUBTYPE {} DISPNAME {bind_op seteq} VISIBLE false} {BINDTYPE op ID {} IMPL auto_sel LATENCY 0 OPTYPE select PRAGMA {} RTLNAME select_ln120_fu_270_p3 SOURCE ../yuv_filter.c:120 VARIABLE select_ln120 LOOP YUV2RGB_LOOP_X_YUV2RGB_LOOP_Y BUNDLEDNAME {} DSP 0 BRAM 0 URAM 0 STORAGESUBTYPE {} DISPNAME {bind_op select} VISIBLE false} {BINDTYPE op ID {} IMPL auto_sel LATENCY 0 OPTYPE select PRAGMA {} RTLNAME select_ln118_fu_278_p3 SOURCE ../yuv_filter.c:118 VARIABLE select_ln118 LOOP YUV2RGB_LOOP_X_YUV2RGB_LOOP_Y BUNDLEDNAME {} DSP 0 BRAM 0 URAM 0 STORAGESUBTYPE {} DISPNAME {bind_op select} VISIBLE false} {BINDTYPE op ID {} IMPL fabric LATENCY 0 OPTYPE add PRAGMA {} RTLNAME C_fu_350_p2 SOURCE ../yuv_filter.c:128 VARIABLE C LOOP YUV2RGB_LOOP_X_YUV2RGB_LOOP_Y BUNDLEDNAME {} DSP 0 BRAM 0 URAM 0 STORAGESUBTYPE {} DISPNAME {bind_op add} VISIBLE true} {BINDTYPE op ID {} IMPL auto LATENCY 0 OPTYPE xor PRAGMA {} RTLNAME xor_ln129_fu_402_p2 SOURCE ../yuv_filter.c:129 VARIABLE xor_ln129 LOOP YUV2RGB_LOOP_X_YUV2RGB_LOOP_Y BUNDLEDNAME {} DSP 0 BRAM 0 URAM 0 STORAGESUBTYPE {} DISPNAME {bind_op xor} VISIBLE false} {BINDTYPE op ID {} IMPL auto LATENCY 0 OPTYPE xor PRAGMA {} RTLNAME xor_ln130_fu_368_p2 SOURCE ../yuv_filter.c:130 VARIABLE xor_ln130 LOOP YUV2RGB_LOOP_X_YUV2RGB_LOOP_Y BUNDLEDNAME {} DSP 0 BRAM 0 URAM 0 STORAGESUBTYPE {} DISPNAME {bind_op xor} VISIBLE false} {BINDTYPE op ID {} IMPL dsp_slice LATENCY 3 OPTYPE mul PRAGMA {} RTLNAME mac_muladd_9s_9ns_8ns_18_4_1_U33 SOURCE ../yuv_filter.c:131 VARIABLE mul_ln131 LOOP YUV2RGB_LOOP_X_YUV2RGB_LOOP_Y BUNDLEDNAME {} DSP 1 BRAM 0 URAM 0 STORAGESUBTYPE {} DISPNAME {bind_op mul} VISIBLE true} {BINDTYPE op ID {} IMPL dsp_slice LATENCY 3 OPTYPE add PRAGMA {} RTLNAME mac_muladd_9s_9ns_8ns_18_4_1_U33 SOURCE ../yuv_filter.c:131 VARIABLE add_ln131 LOOP YUV2RGB_LOOP_X_YUV2RGB_LOOP_Y BUNDLEDNAME {} DSP 1 BRAM 0 URAM 0 STORAGESUBTYPE {} DISPNAME {bind_op add} VISIBLE true} {BINDTYPE op ID {} IMPL dsp_slice LATENCY 3 OPTYPE mul PRAGMA {} RTLNAME mac_muladd_9ns_8s_18s_18_4_1_U34 SOURCE ../yuv_filter.c:131 VARIABLE mul_ln131_1 LOOP YUV2RGB_LOOP_X_YUV2RGB_LOOP_Y BUNDLEDNAME {} DSP 1 BRAM 0 URAM 0 STORAGESUBTYPE {} DISPNAME {bind_op mul} VISIBLE true} {BINDTYPE op ID {} IMPL dsp_slice LATENCY 3 OPTYPE add PRAGMA {} RTLNAME mac_muladd_9ns_8s_18s_18_4_1_U34 SOURCE ../yuv_filter.c:131 VARIABLE add_ln131_1 LOOP YUV2RGB_LOOP_X_YUV2RGB_LOOP_Y BUNDLEDNAME {} DSP 1 BRAM 0 URAM 0 STORAGESUBTYPE {} DISPNAME {bind_op add} VISIBLE true} {BINDTYPE op ID {} IMPL auto LATENCY 0 OPTYPE seteq PRAGMA {} RTLNAME icmp_ln131_fu_436_p2 SOURCE ../yuv_filter.c:131 VARIABLE icmp_ln131 LOOP YUV2RGB_LOOP_X_YUV2RGB_LOOP_Y BUNDLEDNAME {} DSP 0 BRAM 0 URAM 0 STORAGESUBTYPE {} DISPNAME {bind_op seteq} VISIBLE false} {BINDTYPE op ID {} IMPL auto_sel LATENCY 0 OPTYPE select PRAGMA {} RTLNAME select_ln131_fu_458_p3 SOURCE ../yuv_filter.c:131 VARIABLE select_ln131 LOOP YUV2RGB_LOOP_X_YUV2RGB_LOOP_Y BUNDLEDNAME {} DSP 0 BRAM 0 URAM 0 STORAGESUBTYPE {} DISPNAME {bind_op select} VISIBLE false} {BINDTYPE op ID {} IMPL auto LATENCY 0 OPTYPE or PRAGMA {} RTLNAME or_ln131_fu_466_p2 SOURCE ../yuv_filter.c:131 VARIABLE or_ln131 LOOP YUV2RGB_LOOP_X_YUV2RGB_LOOP_Y BUNDLEDNAME {} DSP 0 BRAM 0 URAM 0 STORAGESUBTYPE {} DISPNAME {bind_op or} VISIBLE false} {BINDTYPE op ID {} IMPL auto_sel LATENCY 0 OPTYPE select PRAGMA {} RTLNAME R_fu_472_p3 SOURCE ../yuv_filter.c:131 VARIABLE R LOOP YUV2RGB_LOOP_X_YUV2RGB_LOOP_Y BUNDLEDNAME {} DSP 0 BRAM 0 URAM 0 STORAGESUBTYPE {} DISPNAME {bind_op select} VISIBLE false} {BINDTYPE op ID {} IMPL dsp_slice LATENCY 3 OPTYPE mul PRAGMA {} RTLNAME mac_muladd_8s_8s_18s_18_4_1_U36 SOURCE ../yuv_filter.c:132 VARIABLE mul_ln132 LOOP YUV2RGB_LOOP_X_YUV2RGB_LOOP_Y BUNDLEDNAME {} DSP 1 BRAM 0 URAM 0 STORAGESUBTYPE {} DISPNAME {bind_op mul} VISIBLE true} {BINDTYPE op ID {} IMPL dsp_slice LATENCY 3 OPTYPE sext PRAGMA {} RTLNAME mac_muladd_8s_8s_18s_18_4_1_U36 SOURCE ../yuv_filter.c:132 VARIABLE sext_ln132_2 LOOP YUV2RGB_LOOP_X_YUV2RGB_LOOP_Y BUNDLEDNAME {} DSP 1 BRAM 0 URAM 0 STORAGESUBTYPE {} DISPNAME {bind_op sext} VISIBLE false} {BINDTYPE op ID {} IMPL dsp_slice LATENCY 3 OPTYPE mul PRAGMA {} RTLNAME mac_muladd_9s_8s_18s_18_4_1_U35 SOURCE ../yuv_filter.c:132 VARIABLE mul_ln132_1 LOOP YUV2RGB_LOOP_X_YUV2RGB_LOOP_Y BUNDLEDNAME {} DSP 1 BRAM 0 URAM 0 STORAGESUBTYPE {} DISPNAME {bind_op mul} VISIBLE true} {BINDTYPE op ID {} IMPL dsp_slice LATENCY 3 OPTYPE sext PRAGMA {} RTLNAME mac_muladd_9s_8s_18s_18_4_1_U35 SOURCE ../yuv_filter.c:132 VARIABLE sext_ln132_3 LOOP YUV2RGB_LOOP_X_YUV2RGB_LOOP_Y BUNDLEDNAME {} DSP 1 BRAM 0 URAM 0 STORAGESUBTYPE {} DISPNAME {bind_op sext} VISIBLE false} {BINDTYPE op ID {} IMPL dsp_slice LATENCY 3 OPTYPE add PRAGMA {} RTLNAME mac_muladd_9s_8s_18s_18_4_1_U35 SOURCE ../yuv_filter.c:132 VARIABLE add_ln132 LOOP YUV2RGB_LOOP_X_YUV2RGB_LOOP_Y BUNDLEDNAME {} DSP 1 BRAM 0 URAM 0 STORAGESUBTYPE {} DISPNAME {bind_op add} VISIBLE true} {BINDTYPE op ID {} IMPL dsp_slice LATENCY 3 OPTYPE add PRAGMA {} RTLNAME mac_muladd_8s_8s_18s_18_4_1_U36 SOURCE ../yuv_filter.c:132 VARIABLE add_ln132_1 LOOP YUV2RGB_LOOP_X_YUV2RGB_LOOP_Y BUNDLEDNAME {} DSP 1 BRAM 0 URAM 0 STORAGESUBTYPE {} DISPNAME {bind_op add} VISIBLE true} {BINDTYPE op ID {} IMPL auto LATENCY 0 OPTYPE seteq PRAGMA {} RTLNAME icmp_ln132_fu_583_p2 SOURCE ../yuv_filter.c:132 VARIABLE icmp_ln132 LOOP YUV2RGB_LOOP_X_YUV2RGB_LOOP_Y BUNDLEDNAME {} DSP 0 BRAM 0 URAM 0 STORAGESUBTYPE {} DISPNAME {bind_op seteq} VISIBLE false} {BINDTYPE op ID {} IMPL auto_sel LATENCY 0 OPTYPE select PRAGMA {} RTLNAME select_ln132_fu_605_p3 SOURCE ../yuv_filter.c:132 VARIABLE select_ln132 LOOP YUV2RGB_LOOP_X_YUV2RGB_LOOP_Y BUNDLEDNAME {} DSP 0 BRAM 0 URAM 0 STORAGESUBTYPE {} DISPNAME {bind_op select} VISIBLE false} {BINDTYPE op ID {} IMPL auto LATENCY 0 OPTYPE or PRAGMA {} RTLNAME or_ln132_fu_613_p2 SOURCE ../yuv_filter.c:132 VARIABLE or_ln132 LOOP YUV2RGB_LOOP_X_YUV2RGB_LOOP_Y BUNDLEDNAME {} DSP 0 BRAM 0 URAM 0 STORAGESUBTYPE {} DISPNAME {bind_op or} VISIBLE false} {BINDTYPE op ID {} IMPL auto_sel LATENCY 0 OPTYPE select PRAGMA {} RTLNAME G_fu_619_p3 SOURCE ../yuv_filter.c:132 VARIABLE G LOOP YUV2RGB_LOOP_X_YUV2RGB_LOOP_Y BUNDLEDNAME {} DSP 0 BRAM 0 URAM 0 STORAGESUBTYPE {} DISPNAME {bind_op select} VISIBLE false} {BINDTYPE op ID {} IMPL auto LATENCY 0 OPTYPE setgt PRAGMA {} RTLNAME icmp_ln133_fu_527_p2 SOURCE ../yuv_filter.c:133 VARIABLE icmp_ln133 LOOP YUV2RGB_LOOP_X_YUV2RGB_LOOP_Y BUNDLEDNAME {} DSP 0 BRAM 0 URAM 0 STORAGESUBTYPE {} DISPNAME {bind_op setgt} VISIBLE false} {BINDTYPE op ID {} IMPL auto_sel LATENCY 0 OPTYPE select PRAGMA {} RTLNAME select_ln133_fu_551_p3 SOURCE ../yuv_filter.c:133 VARIABLE select_ln133 LOOP YUV2RGB_LOOP_X_YUV2RGB_LOOP_Y BUNDLEDNAME {} DSP 0 BRAM 0 URAM 0 STORAGESUBTYPE {} DISPNAME {bind_op select} VISIBLE false} {BINDTYPE op ID {} IMPL auto LATENCY 0 OPTYPE or PRAGMA {} RTLNAME or_ln133_fu_559_p2 SOURCE ../yuv_filter.c:133 VARIABLE or_ln133 LOOP YUV2RGB_LOOP_X_YUV2RGB_LOOP_Y BUNDLEDNAME {} DSP 0 BRAM 0 URAM 0 STORAGESUBTYPE {} DISPNAME {bind_op or} VISIBLE false} {BINDTYPE op ID {} IMPL auto_sel LATENCY 0 OPTYPE select PRAGMA {} RTLNAME B_fu_565_p3 SOURCE ../yuv_filter.c:133 VARIABLE B LOOP YUV2RGB_LOOP_X_YUV2RGB_LOOP_Y BUNDLEDNAME {} DSP 0 BRAM 0 URAM 0 STORAGESUBTYPE {} DISPNAME {bind_op select} VISIBLE false} {BINDTYPE op ID {} IMPL fabric LATENCY 0 OPTYPE add PRAGMA {} RTLNAME add_ln122_fu_326_p2 SOURCE ../yuv_filter.c:122 VARIABLE add_ln122 LOOP YUV2RGB_LOOP_X_YUV2RGB_LOOP_Y BUNDLEDNAME {} DSP 0 BRAM 0 URAM 0 STORAGESUBTYPE {} DISPNAME {bind_op add} VISIBLE true}} AREA {DSP 4 BRAM 0 URAM 0}} yuv_filter {BINDINFO {{BINDTYPE storage ID {} IMPL auto LATENCY 1 OPTYPE ram_1p PRAGMA {} RTLNAME p_yuv_channels_ch1_U SOURCE ../yuv_filter.c:44 VARIABLE p_yuv_channels_ch1 LOOP {} BUNDLEDNAME {} DSP 0 BRAM 2048 URAM 0 STORAGESUBTYPE {} STORAGESIZE {8 2457600 1} STORAGEUSAGE {ram_1p array} DISPNAME {bind_storage ram_1p} VISIBLE true} {BINDTYPE storage ID {} IMPL auto LATENCY 1 OPTYPE ram_1p PRAGMA {} RTLNAME p_yuv_channels_ch2_U SOURCE ../yuv_filter.c:44 VARIABLE p_yuv_channels_ch2 LOOP {} BUNDLEDNAME {} DSP 0 BRAM 2048 URAM 0 STORAGESUBTYPE {} STORAGESIZE {8 2457600 1} STORAGEUSAGE {ram_1p array} DISPNAME {bind_storage ram_1p} VISIBLE true} {BINDTYPE storage ID {} IMPL auto LATENCY 1 OPTYPE ram_1p PRAGMA {} RTLNAME p_yuv_channels_ch3_U SOURCE ../yuv_filter.c:44 VARIABLE p_yuv_channels_ch3 LOOP {} BUNDLEDNAME {} DSP 0 BRAM 2048 URAM 0 STORAGESUBTYPE {} STORAGESIZE {8 2457600 1} STORAGEUSAGE {ram_1p array} DISPNAME {bind_storage ram_1p} VISIBLE true} {BINDTYPE storage ID {} IMPL auto LATENCY 1 OPTYPE ram_1p PRAGMA {} RTLNAME p_scale_channels_ch1_U SOURCE ../yuv_filter.c:45 VARIABLE p_scale_channels_ch1 LOOP {} BUNDLEDNAME {} DSP 0 BRAM 2048 URAM 0 STORAGESUBTYPE {} STORAGESIZE {8 2457600 1} STORAGEUSAGE {ram_1p array} DISPNAME {bind_storage ram_1p} VISIBLE true} {BINDTYPE storage ID {} IMPL auto LATENCY 1 OPTYPE ram_1p PRAGMA {} RTLNAME p_scale_channels_ch2_U SOURCE ../yuv_filter.c:45 VARIABLE p_scale_channels_ch2 LOOP {} BUNDLEDNAME {} DSP 0 BRAM 2048 URAM 0 STORAGESUBTYPE {} STORAGESIZE {8 2457600 1} STORAGEUSAGE {ram_1p array} DISPNAME {bind_storage ram_1p} VISIBLE true} {BINDTYPE storage ID {} IMPL auto LATENCY 1 OPTYPE ram_1p PRAGMA {} RTLNAME p_scale_channels_ch3_U SOURCE ../yuv_filter.c:45 VARIABLE p_scale_channels_ch3 LOOP {} BUNDLEDNAME {} DSP 0 BRAM 2048 URAM 0 STORAGESUBTYPE {} STORAGESIZE {8 2457600 1} STORAGEUSAGE {ram_1p array} DISPNAME {bind_storage ram_1p} VISIBLE true} {BINDTYPE op ID {} IMPL auto LATENCY 0 OPTYPE mul PRAGMA {} RTLNAME mul_16ns_16ns_32_1_1_U49 SOURCE ../yuv_filter.c:31 VARIABLE mul_ln31 LOOP {} BUNDLEDNAME {} DSP 1 BRAM 0 URAM 0 STORAGESUBTYPE {} DISPNAME {bind_op mul} VISIBLE true} {BINDTYPE op ID {} IMPL auto LATENCY 0 OPTYPE seteq PRAGMA {} RTLNAME icmp_ln76_fu_188_p2 SOURCE ../yuv_filter.c:76 VARIABLE icmp_ln76 LOOP {} BUNDLEDNAME {} DSP 0 BRAM 0 URAM 0 STORAGESUBTYPE {} DISPNAME {bind_op seteq} VISIBLE false}} AREA {DSP 8 BRAM 12288 URAM 0}}}}'
INFO-FLOW: DBG:PUTS:      update_csynth_reports json2rpt_hw_sw_interfaces
INFO-FLOW: Running: gen_csynth_sec_pragma
INFO-FLOW: Done: gen_csynth_sec_pragma time: 0 seconds 
Execute     send_msg_by_id INFO @200-2225@%s C:/Users/duong/Desktop/xup_high_level_synthesis_design_flow-main/source/lab2/lab2_pipeline_off/lab2_pipeline_off/hls/syn/inferred_directives.ini 
INFO: [HLS 200-2225] Wrote inferred directives to file C:/Users/duong/Desktop/xup_high_level_synthesis_design_flow-main/source/lab2/lab2_pipeline_off/lab2_pipeline_off/hls/syn/inferred_directives.ini
INFO-FLOW: DBG:PUTS:      update_csynth_reports wrote xml
INFO-FLOW: DBG:PUTS:      update_csynth_reports appended to csynth rpt file
INFO-FLOW: Done: add_csynth_report_sections time: 0.2 seconds 
INFO: [HLS 200-111] Finished Updating report files: CPU user time: 0 seconds. CPU system time: 1 seconds. Elapsed time: 0.977 seconds; current allocated memory: 217.840 MB.
INFO: [VHDL 208-304] Generating VHDL RTL for yuv_filter.
INFO: [VLOG 209-307] Generating Verilog RTL for yuv_filter.
Execute     syn_report -model yuv_filter -printsummary 
INFO: [HLS 200-790] **** Loop Constraint Status: All loop constraints were satisfied.
INFO: [HLS 200-789] **** Estimated Fmax: 145.71 MHz
Execute     AP::msg_collection_file -close 
Command   csynth_design done; 22.181 sec.
Execute   close_project 
Execute     close_solution 
Execute       cleanup_all 
Execute       cleanup_all 
