

================================================================
== Vitis HLS Report for 'yuv_filter_Pipeline_YUV2RGB_LOOP_X_YUV2RGB_LOOP_Y'
================================================================
* Date:           Sun Jun 14 00:08:54 2026

* Version:        2025.2 (Build 6295257 on Nov 12 2025)
* Project:        lab2_pipeline_off
* Solution:       hls (Vivado IP Flow Target)
* Product family: artix7
* Target device:  xc7a35t-fgg484-2


================================================================
== Performance Estimates
================================================================
+ Timing: 
    * Summary: 
    +--------+----------+----------+------------+
    |  Clock |  Target  | Estimated| Uncertainty|
    +--------+----------+----------+------------+
    |ap_clk  |  10.00 ns|  6.371 ns|     2.70 ns|
    +--------+----------+----------+------------+

+ Latency: 
    * Summary: 
    +---------+---------+----------+-----------+-----+-----+-------------------+
    |  Latency (cycles) |  Latency (absolute)  |  Interval |      Pipeline     |
    |   min   |   max   |    min   |    max    | min | max |        Type       |
    +---------+---------+----------+-----------+-----+-----+-------------------+
    |    40009|  2457609|  0.400 ms|  24.576 ms|    0|    0|  loop pipeline stp|
    +---------+---------+----------+-----------+-----+-----+-------------------+

    + Detail: 
        * Instance: 
        N/A

        * Loop: 
        +---------------------------------+---------+---------+----------+-----------+-----------+-----------------+----------+
        |                                 |  Latency (cycles) | Iteration|  Initiation Interval  |       Trip      |          |
        |            Loop Name            |   min   |   max   |  Latency |  achieved |   target  |      Count      | Pipelined|
        +---------------------------------+---------+---------+----------+-----------+-----------+-----------------+----------+
        |- YUV2RGB_LOOP_X_YUV2RGB_LOOP_Y  |    40007|  2457607|         9|          1|          1|  40000 ~ 2457600|       yes|
        +---------------------------------+---------+---------+----------+-----------+-----------+-----------------+----------+



================================================================
== Utilization Estimates
================================================================
* Summary: 
+-----------------+---------+----+-------+-------+-----+
|       Name      | BRAM_18K| DSP|   FF  |  LUT  | URAM|
+-----------------+---------+----+-------+-------+-----+
|DSP              |        -|   4|      -|      -|    -|
|Expression       |        -|   -|      0|    350|    -|
|FIFO             |        -|   -|      -|      -|    -|
|Instance         |        -|   -|      -|      -|    -|
|Memory           |        -|   -|      -|      -|    -|
|Multiplexer      |        -|   -|      0|     54|    -|
|Register         |        -|   -|    223|     32|    -|
+-----------------+---------+----+-------+-------+-----+
|Total            |        0|   4|    223|    436|    0|
+-----------------+---------+----+-------+-------+-----+
|Available        |      100|  90|  41600|  20800|    0|
+-----------------+---------+----+-------+-------+-----+
|Utilization (%)  |        0|   4|     ~0|      2|    0|
+-----------------+---------+----+-------+-------+-----+

+ Detail: 
    * Instance: 
    N/A

    * DSP: 
    +----------------------------------+------------------------------+--------------+
    |             Instance             |            Module            |  Expression  |
    +----------------------------------+------------------------------+--------------+
    |mac_muladd_8s_8s_18s_18_4_1_U36   |mac_muladd_8s_8s_18s_18_4_1   |  i0 + i1 * i2|
    |mac_muladd_9ns_8s_18s_18_4_1_U34  |mac_muladd_9ns_8s_18s_18_4_1  |  i0 * i1 + i2|
    |mac_muladd_9s_8s_18s_18_4_1_U35   |mac_muladd_9s_8s_18s_18_4_1   |  i0 + i1 * i2|
    |mac_muladd_9s_9ns_8ns_18_4_1_U33  |mac_muladd_9s_9ns_8ns_18_4_1  |  i0 * i1 + i2|
    +----------------------------------+------------------------------+--------------+

    * Memory: 
    N/A

    * FIFO: 
    N/A

    * Expression: 
    +------------------------+----------+----+---+----+------------+------------+
    |      Variable Name     | Operation| DSP| FF| LUT| Bitwidth P0| Bitwidth P1|
    +------------------------+----------+----+---+----+------------+------------+
    |C_fu_350_p2             |         +|   0|  0|  16|           9|           6|
    |add_ln118_1_fu_242_p2   |         +|   0|  0|  39|          32|           1|
    |add_ln118_fu_259_p2     |         +|   0|  0|  23|          16|           1|
    |add_ln122_1_fu_310_p2   |         +|   0|  0|  22|          22|          22|
    |add_ln122_fu_326_p2     |         +|   0|  0|  23|          16|           1|
    |add_ln133_1_fu_505_p2   |         +|   0|  0|  19|          19|          19|
    |add_ln133_fu_511_p2     |         +|   0|  0|  19|          19|          19|
    |add_ln134_fu_320_p2     |         +|   0|  0|  22|          22|          22|
    |icmp_ln118_fu_236_p2    |      icmp|   0|  0|  39|          32|          32|
    |icmp_ln122_fu_265_p2    |      icmp|   0|  0|  23|          16|          16|
    |icmp_ln131_fu_436_p2    |      icmp|   0|  0|  10|           2|           1|
    |icmp_ln132_fu_583_p2    |      icmp|   0|  0|  10|           2|           1|
    |icmp_ln133_fu_527_p2    |      icmp|   0|  0|  11|           3|           1|
    |or_ln131_fu_466_p2      |        or|   0|  0|   2|           1|           1|
    |or_ln132_fu_613_p2      |        or|   0|  0|   2|           1|           1|
    |or_ln133_fu_559_p2      |        or|   0|  0|   2|           1|           1|
    |B_fu_565_p3             |    select|   0|  0|   8|           1|           8|
    |G_fu_619_p3             |    select|   0|  0|   8|           1|           8|
    |R_fu_472_p3             |    select|   0|  0|   8|           1|           8|
    |select_ln118_fu_278_p3  |    select|   0|  0|  16|           1|          16|
    |select_ln120_fu_270_p3  |    select|   0|  0|  16|           1|           1|
    |select_ln131_fu_458_p3  |    select|   0|  0|   2|           1|           2|
    |select_ln132_fu_605_p3  |    select|   0|  0|   2|           1|           2|
    |select_ln133_fu_551_p3  |    select|   0|  0|   2|           1|           2|
    |ap_enable_pp0           |       xor|   0|  0|   2|           1|           2|
    |xor_ln129_fu_402_p2     |       xor|   0|  0|   2|           1|           2|
    |xor_ln130_fu_368_p2     |       xor|   0|  0|   2|           1|           2|
    +------------------------+----------+----+---+----+------------+------------+
    |Total                   |          |   0|  0| 350|         224|         198|
    +------------------------+----------+----+---+----+------------+------------+

    * Multiplexer: 
    +----------------------------------------+----+-----------+-----+-----------+
    |                  Name                  | LUT| Input Size| Bits| Total Bits|
    +----------------------------------------+----+-----------+-----+-----------+
    |ap_done_int                             |   9|          2|    1|          2|
    |ap_enable_reg_pp0_iter1                 |   9|          2|    1|          2|
    |ap_sig_allocacmp_indvar_flatten13_load  |   9|          2|   32|         64|
    |indvar_flatten13_fu_124                 |   9|          2|   32|         64|
    |x_fu_120                                |   9|          2|   16|         32|
    |y_fu_116                                |   9|          2|   16|         32|
    +----------------------------------------+----+-----------+-----+-----------+
    |Total                                   |  54|         12|   98|        196|
    +----------------------------------------+----+-----------+-----+-----------+

    * Register: 
    +-----------------------------------+----+----+-----+-----------+
    |                Name               | FF | LUT| Bits| Const Bits|
    +-----------------------------------+----+----+-----+-----------+
    |add_ln131_reg_757                  |  18|   0|   18|          0|
    |add_ln134_reg_696                  |  22|   0|   22|          0|
    |ap_CS_fsm                          |   1|   0|    1|          0|
    |ap_done_reg                        |   1|   0|    1|          0|
    |ap_enable_reg_pp0_iter1            |   1|   0|    1|          0|
    |ap_enable_reg_pp0_iter2            |   1|   0|    1|          0|
    |ap_enable_reg_pp0_iter3            |   1|   0|    1|          0|
    |ap_enable_reg_pp0_iter4            |   1|   0|    1|          0|
    |ap_enable_reg_pp0_iter5            |   1|   0|    1|          0|
    |ap_enable_reg_pp0_iter6            |   1|   0|    1|          0|
    |ap_enable_reg_pp0_iter7            |   1|   0|    1|          0|
    |ap_enable_reg_pp0_iter8            |   1|   0|    1|          0|
    |ap_loop_exit_ready_pp0_iter1_reg   |   1|   0|    1|          0|
    |ap_loop_exit_ready_pp0_iter2_reg   |   1|   0|    1|          0|
    |ap_loop_exit_ready_pp0_iter3_reg   |   1|   0|    1|          0|
    |ap_loop_exit_ready_pp0_iter4_reg   |   1|   0|    1|          0|
    |ap_loop_exit_ready_pp0_iter5_reg   |   1|   0|    1|          0|
    |ap_loop_exit_ready_pp0_iter6_reg   |   1|   0|    1|          0|
    |ap_loop_exit_ready_pp0_iter7_reg   |   1|   0|    1|          0|
    |indvar_flatten13_fu_124            |  32|   0|   32|          0|
    |trunc_ln129_reg_746                |   7|   0|    7|          0|
    |trunc_ln129_reg_746_pp0_iter6_reg  |   7|   0|    7|          0|
    |x_fu_120                           |  16|   0|   16|          0|
    |xor_ln129_reg_740                  |   1|   0|    1|          0|
    |xor_ln129_reg_740_pp0_iter6_reg    |   1|   0|    1|          0|
    |y_fu_116                           |  16|   0|   16|          0|
    |zext_ln134_1_reg_701               |  22|   0|   64|         42|
    |zext_ln134_1_reg_701               |  64|  32|   64|         42|
    +-----------------------------------+----+----+-----+-----------+
    |Total                              | 223|  32|  265|         84|
    +-----------------------------------+----+----+-----+-----------+



================================================================
== Interface
================================================================
* Summary: 
+-------------------------------+-----+-----+------------+---------------------------------------------------+--------------+
|           RTL Ports           | Dir | Bits|  Protocol  |                   Source Object                   |    C Type    |
+-------------------------------+-----+-----+------------+---------------------------------------------------+--------------+
|ap_clk                         |   in|    1|  ap_ctrl_hs|  yuv_filter_Pipeline_YUV2RGB_LOOP_X_YUV2RGB_LOOP_Y|  return value|
|ap_rst                         |   in|    1|  ap_ctrl_hs|  yuv_filter_Pipeline_YUV2RGB_LOOP_X_YUV2RGB_LOOP_Y|  return value|
|ap_start                       |   in|    1|  ap_ctrl_hs|  yuv_filter_Pipeline_YUV2RGB_LOOP_X_YUV2RGB_LOOP_Y|  return value|
|ap_done                        |  out|    1|  ap_ctrl_hs|  yuv_filter_Pipeline_YUV2RGB_LOOP_X_YUV2RGB_LOOP_Y|  return value|
|ap_idle                        |  out|    1|  ap_ctrl_hs|  yuv_filter_Pipeline_YUV2RGB_LOOP_X_YUV2RGB_LOOP_Y|  return value|
|ap_ready                       |  out|    1|  ap_ctrl_hs|  yuv_filter_Pipeline_YUV2RGB_LOOP_X_YUV2RGB_LOOP_Y|  return value|
|mul_ln31                       |   in|   32|     ap_none|                                           mul_ln31|        scalar|
|height                         |   in|   16|     ap_none|                                             height|        scalar|
|out_channels_ch1_address0      |  out|   22|   ap_memory|                                   out_channels_ch1|         array|
|out_channels_ch1_ce0           |  out|    1|   ap_memory|                                   out_channels_ch1|         array|
|out_channels_ch1_we0           |  out|    1|   ap_memory|                                   out_channels_ch1|         array|
|out_channels_ch1_d0            |  out|    8|   ap_memory|                                   out_channels_ch1|         array|
|out_channels_ch2_address0      |  out|   22|   ap_memory|                                   out_channels_ch2|         array|
|out_channels_ch2_ce0           |  out|    1|   ap_memory|                                   out_channels_ch2|         array|
|out_channels_ch2_we0           |  out|    1|   ap_memory|                                   out_channels_ch2|         array|
|out_channels_ch2_d0            |  out|    8|   ap_memory|                                   out_channels_ch2|         array|
|out_channels_ch3_address0      |  out|   22|   ap_memory|                                   out_channels_ch3|         array|
|out_channels_ch3_ce0           |  out|    1|   ap_memory|                                   out_channels_ch3|         array|
|out_channels_ch3_we0           |  out|    1|   ap_memory|                                   out_channels_ch3|         array|
|out_channels_ch3_d0            |  out|    8|   ap_memory|                                   out_channels_ch3|         array|
|p_scale_channels_ch1_address0  |  out|   22|   ap_memory|                               p_scale_channels_ch1|         array|
|p_scale_channels_ch1_ce0       |  out|    1|   ap_memory|                               p_scale_channels_ch1|         array|
|p_scale_channels_ch1_q0        |   in|    8|   ap_memory|                               p_scale_channels_ch1|         array|
|p_scale_channels_ch2_address0  |  out|   22|   ap_memory|                               p_scale_channels_ch2|         array|
|p_scale_channels_ch2_ce0       |  out|    1|   ap_memory|                               p_scale_channels_ch2|         array|
|p_scale_channels_ch2_q0        |   in|    8|   ap_memory|                               p_scale_channels_ch2|         array|
|p_scale_channels_ch3_address0  |  out|   22|   ap_memory|                               p_scale_channels_ch3|         array|
|p_scale_channels_ch3_ce0       |  out|    1|   ap_memory|                               p_scale_channels_ch3|         array|
|p_scale_channels_ch3_q0        |   in|    8|   ap_memory|                               p_scale_channels_ch3|         array|
+-------------------------------+-----+-----+------------+---------------------------------------------------+--------------+

============================================================
+ Verbose Summary: Synthesis Manager
============================================================
InlineROM: 1
ExposeGlobal: 0
============================================================
+ Verbose Summary: CDFG Model
============================================================
IsTopModel: 0
ResetActiveHigh: 1
IsCombinational: 2
IsDatapathOnly: 2
HasWiredReturn: 1
HasMFsm: 2
HasVarLatency: 1
IsPipeline: 0
IsRtlPipelined: 0
IsInstanceOverlapped: 0
IsDontTouch: 0
HasImplIP: 0
IsGatedGlobalClock: 0

+ Individual pipeline summary: 
  * Pipeline-0: initiation interval (II) = 1, depth = 9


============================================================
+ Verbose Summary: Schedule
============================================================
* Number of FSM states : 9
* Pipeline : 1
  Pipeline-0 : II = 1, D = 9, States = { 1 2 3 4 5 6 7 8 9 }
* Dataflow Pipeline: 0

* FSM state transitions: 
1 --> 2 
2 --> 3 
3 --> 4 
4 --> 5 
5 --> 6 
6 --> 7 
7 --> 8 
8 --> 9 
9 --> 

* FSM state operations: 

State 1 <SV = 0> <Delay = 4.82>
ST_1 : Operation 12 [1/1] (0.00ns)   --->   "%y = alloca i32 1" [../yuv_filter.c:101->../yuv_filter.c:52]   --->   Operation 12 'alloca' 'y' <Predicate = true> <Delay = 0.00>
ST_1 : Operation 13 [1/1] (0.00ns)   --->   "%x = alloca i32 1" [../yuv_filter.c:101->../yuv_filter.c:52]   --->   Operation 13 'alloca' 'x' <Predicate = true> <Delay = 0.00>
ST_1 : Operation 14 [1/1] (0.00ns)   --->   "%indvar_flatten13 = alloca i32 1"   --->   Operation 14 'alloca' 'indvar_flatten13' <Predicate = true> <Delay = 0.00>
ST_1 : Operation 15 [1/1] (0.00ns)   --->   "%specinterface_ln0 = specinterface void @_ssdm_op_SpecInterface, i8 %out_channels_ch3, void @empty, i32 0, i32 0, void @empty_0, i32 4294967295, i32 0, void @empty_0, void @empty_0, void @empty_0, i32 0, i32 0, i32 0, i32 0, void @empty_0, void @empty_0, i32 4294967295, i32 0, i32 0, i32 0"   --->   Operation 15 'specinterface' 'specinterface_ln0' <Predicate = true> <Delay = 0.00>
ST_1 : Operation 16 [1/1] (0.00ns)   --->   "%specinterface_ln0 = specinterface void @_ssdm_op_SpecInterface, i8 %out_channels_ch2, void @empty, i32 0, i32 0, void @empty_0, i32 4294967295, i32 0, void @empty_0, void @empty_0, void @empty_0, i32 0, i32 0, i32 0, i32 0, void @empty_0, void @empty_0, i32 4294967295, i32 0, i32 0, i32 0"   --->   Operation 16 'specinterface' 'specinterface_ln0' <Predicate = true> <Delay = 0.00>
ST_1 : Operation 17 [1/1] (0.00ns)   --->   "%specinterface_ln0 = specinterface void @_ssdm_op_SpecInterface, i8 %out_channels_ch1, void @empty, i32 0, i32 0, void @empty_0, i32 4294967295, i32 0, void @empty_0, void @empty_0, void @empty_0, i32 0, i32 0, i32 0, i32 0, void @empty_0, void @empty_0, i32 4294967295, i32 0, i32 0, i32 0"   --->   Operation 17 'specinterface' 'specinterface_ln0' <Predicate = true> <Delay = 0.00>
ST_1 : Operation 18 [1/1] (0.00ns)   --->   "%height_read = read i16 @_ssdm_op_Read.ap_auto.i16, i16 %height"   --->   Operation 18 'read' 'height_read' <Predicate = true> <Delay = 0.00>
ST_1 : Operation 19 [1/1] (0.00ns)   --->   "%mul_ln31_read = read i32 @_ssdm_op_Read.ap_auto.i32, i32 %mul_ln31"   --->   Operation 19 'read' 'mul_ln31_read' <Predicate = true> <Delay = 0.00>
ST_1 : Operation 20 [1/1] (1.32ns)   --->   "%store_ln0 = store i32 0, i32 %indvar_flatten13"   --->   Operation 20 'store' 'store_ln0' <Predicate = true> <Delay = 1.32>
ST_1 : Operation 21 [1/1] (1.32ns)   --->   "%store_ln101 = store i16 0, i16 %x" [../yuv_filter.c:101->../yuv_filter.c:52]   --->   Operation 21 'store' 'store_ln101' <Predicate = true> <Delay = 1.32>
ST_1 : Operation 22 [1/1] (1.32ns)   --->   "%store_ln101 = store i16 0, i16 %y" [../yuv_filter.c:101->../yuv_filter.c:52]   --->   Operation 22 'store' 'store_ln101' <Predicate = true> <Delay = 1.32>
ST_1 : Operation 23 [1/1] (0.00ns)   --->   "%br_ln0 = br void %for.body10.i"   --->   Operation 23 'br' 'br_ln0' <Predicate = true> <Delay = 0.00>
ST_1 : Operation 24 [1/1] (0.00ns)   --->   "%indvar_flatten13_load = load i32 %indvar_flatten13" [../yuv_filter.c:118->../yuv_filter.c:52]   --->   Operation 24 'load' 'indvar_flatten13_load' <Predicate = true> <Delay = 0.00>
ST_1 : Operation 25 [1/1] (0.00ns)   --->   "%specpipeline_ln120 = specpipeline void @_ssdm_op_SpecPipeline, i32 1, i32 0, i32 0, i32 0, i32 4294967295, void @empty_0" [../yuv_filter.c:120->../yuv_filter.c:52]   --->   Operation 25 'specpipeline' 'specpipeline_ln120' <Predicate = true> <Delay = 0.00>
ST_1 : Operation 26 [1/1] (2.18ns)   --->   "%icmp_ln118 = icmp_eq  i32 %indvar_flatten13_load, i32 %mul_ln31_read" [../yuv_filter.c:118->../yuv_filter.c:52]   --->   Operation 26 'icmp' 'icmp_ln118' <Predicate = true> <Delay = 2.18> <CoreInst = "Cmp">   --->   Core 9 'Cmp' <Latency = 0> <II = 1> <Delay = 2.18> <FuncUnit> <Opcode : 'seteq' 'setne' 'setle' 'setge' 'setlt' 'setgt'> <InPorts = 2> <OutPorts = 1>
ST_1 : Operation 27 [1/1] (2.18ns)   --->   "%add_ln118_1 = add i32 %indvar_flatten13_load, i32 1" [../yuv_filter.c:118->../yuv_filter.c:52]   --->   Operation 27 'add' 'add_ln118_1' <Predicate = true> <Delay = 2.18> <CoreInst = "Adder">   --->   Core 1 'Adder' <Latency = 0> <II = 1> <Delay = 2.18> <FuncUnit> <Opcode : 'add' 'sub'> <InPorts = 2> <OutPorts = 1>
ST_1 : Operation 28 [1/1] (0.00ns)   --->   "%br_ln118 = br i1 %icmp_ln118, void %for.inc174.i, void %yuv2rgb.exit.loopexit.exitStub" [../yuv_filter.c:118->../yuv_filter.c:52]   --->   Operation 28 'br' 'br_ln118' <Predicate = true> <Delay = 0.00>
ST_1 : Operation 29 [1/1] (1.32ns)   --->   "%store_ln118 = store i32 %add_ln118_1, i32 %indvar_flatten13" [../yuv_filter.c:118->../yuv_filter.c:52]   --->   Operation 29 'store' 'store_ln118' <Predicate = (!icmp_ln118)> <Delay = 1.32>

State 2 <SV = 1> <Delay = 6.37>
ST_2 : Operation 30 [1/1] (0.00ns)   --->   "%y_load = load i16 %y" [../yuv_filter.c:122->../yuv_filter.c:52]   --->   Operation 30 'load' 'y_load' <Predicate = true> <Delay = 0.00>
ST_2 : Operation 31 [1/1] (0.00ns)   --->   "%x_load = load i16 %x" [../yuv_filter.c:118->../yuv_filter.c:52]   --->   Operation 31 'load' 'x_load' <Predicate = true> <Delay = 0.00>
ST_2 : Operation 32 [1/1] (1.84ns)   --->   "%add_ln118 = add i16 %x_load, i16 1" [../yuv_filter.c:118->../yuv_filter.c:52]   --->   Operation 32 'add' 'add_ln118' <Predicate = true> <Delay = 1.84> <CoreInst = "Adder">   --->   Core 1 'Adder' <Latency = 0> <II = 1> <Delay = 1.84> <FuncUnit> <Opcode : 'add' 'sub'> <InPorts = 2> <OutPorts = 1>
ST_2 : Operation 33 [1/1] (1.84ns)   --->   "%icmp_ln122 = icmp_eq  i16 %y_load, i16 %height_read" [../yuv_filter.c:122->../yuv_filter.c:52]   --->   Operation 33 'icmp' 'icmp_ln122' <Predicate = true> <Delay = 1.84> <CoreInst = "Cmp">   --->   Core 9 'Cmp' <Latency = 0> <II = 1> <Delay = 1.84> <FuncUnit> <Opcode : 'seteq' 'setne' 'setle' 'setge' 'setlt' 'setgt'> <InPorts = 2> <OutPorts = 1>
ST_2 : Operation 34 [1/1] (1.06ns)   --->   "%select_ln120 = select i1 %icmp_ln122, i16 0, i16 %y_load" [../yuv_filter.c:120->../yuv_filter.c:52]   --->   Operation 34 'select' 'select_ln120' <Predicate = true> <Delay = 1.06> <CoreInst = "Sel">   --->   Core 73 'Sel' <Latency = 0> <II = 1> <Delay = 1.06> <FuncUnit> <Opcode : 'select'> <InPorts = 3> <OutPorts = 1>
ST_2 : Operation 35 [1/1] (1.06ns)   --->   "%select_ln118 = select i1 %icmp_ln122, i16 %add_ln118, i16 %x_load" [../yuv_filter.c:118->../yuv_filter.c:52]   --->   Operation 35 'select' 'select_ln118' <Predicate = true> <Delay = 1.06> <CoreInst = "Sel">   --->   Core 73 'Sel' <Latency = 0> <II = 1> <Delay = 1.06> <FuncUnit> <Opcode : 'select'> <InPorts = 3> <OutPorts = 1>
ST_2 : Operation 36 [1/1] (0.00ns)   --->   "%trunc_ln134 = trunc i16 %select_ln118" [../yuv_filter.c:134->../yuv_filter.c:52]   --->   Operation 36 'trunc' 'trunc_ln134' <Predicate = true> <Delay = 0.00>
ST_2 : Operation 37 [1/1] (0.00ns)   --->   "%p_shl2 = bitconcatenate i22 @_ssdm_op_BitConcatenate.i22.i12.i10, i12 %trunc_ln134, i10 0" [../yuv_filter.c:122->../yuv_filter.c:52]   --->   Operation 37 'bitconcatenate' 'p_shl2' <Predicate = true> <Delay = 0.00>
ST_2 : Operation 38 [1/1] (0.00ns)   --->   "%trunc_ln134_1 = trunc i16 %select_ln118" [../yuv_filter.c:134->../yuv_filter.c:52]   --->   Operation 38 'trunc' 'trunc_ln134_1' <Predicate = true> <Delay = 0.00>
ST_2 : Operation 39 [1/1] (0.00ns)   --->   "%p_shl3 = bitconcatenate i22 @_ssdm_op_BitConcatenate.i22.i14.i8, i14 %trunc_ln134_1, i8 0" [../yuv_filter.c:122->../yuv_filter.c:52]   --->   Operation 39 'bitconcatenate' 'p_shl3' <Predicate = true> <Delay = 0.00>
ST_2 : Operation 40 [1/1] (0.00ns) (grouped into TernaryAdder)   --->   "%add_ln122_1 = add i22 %p_shl2, i22 %p_shl3" [../yuv_filter.c:122->../yuv_filter.c:52]   --->   Operation 40 'add' 'add_ln122_1' <Predicate = true> <Delay = 0.00> <CoreInst = "TAddSub">   --->   Core 10 'TAddSub' <Latency = 0> <II = 1> <Delay = 1.73> <IPBlock> <Opcode : 'add' 'sub'> <InPorts = 3> <OutPorts = 1> <Sync> <CReg>
ST_2 : Operation 41 [1/1] (0.00ns)   --->   "%zext_ln134 = zext i16 %select_ln120" [../yuv_filter.c:134->../yuv_filter.c:52]   --->   Operation 41 'zext' 'zext_ln134' <Predicate = true> <Delay = 0.00>
ST_2 : Operation 42 [1/1] (3.46ns) (root node of TernaryAdder)   --->   "%add_ln134 = add i22 %add_ln122_1, i22 %zext_ln134" [../yuv_filter.c:134->../yuv_filter.c:52]   --->   Operation 42 'add' 'add_ln134' <Predicate = true> <Delay = 3.46> <CoreInst = "TAddSub">   --->   Core 10 'TAddSub' <Latency = 0> <II = 1> <Delay = 1.73> <IPBlock> <Opcode : 'add' 'sub'> <InPorts = 3> <OutPorts = 1> <Sync> <CReg>
ST_2 : Operation 43 [1/1] (1.84ns)   --->   "%add_ln122 = add i16 %select_ln120, i16 1" [../yuv_filter.c:122->../yuv_filter.c:52]   --->   Operation 43 'add' 'add_ln122' <Predicate = true> <Delay = 1.84> <CoreInst = "Adder">   --->   Core 1 'Adder' <Latency = 0> <II = 1> <Delay = 1.84> <FuncUnit> <Opcode : 'add' 'sub'> <InPorts = 2> <OutPorts = 1>
ST_2 : Operation 44 [1/1] (1.32ns)   --->   "%store_ln101 = store i16 %select_ln118, i16 %x" [../yuv_filter.c:101->../yuv_filter.c:52]   --->   Operation 44 'store' 'store_ln101' <Predicate = true> <Delay = 1.32>
ST_2 : Operation 45 [1/1] (1.32ns)   --->   "%store_ln101 = store i16 %add_ln122, i16 %y" [../yuv_filter.c:101->../yuv_filter.c:52]   --->   Operation 45 'store' 'store_ln101' <Predicate = true> <Delay = 1.32>

State 3 <SV = 2> <Delay = 2.77>
ST_3 : Operation 46 [1/1] (0.00ns)   --->   "%zext_ln134_1 = zext i22 %add_ln134" [../yuv_filter.c:134->../yuv_filter.c:52]   --->   Operation 46 'zext' 'zext_ln134_1' <Predicate = true> <Delay = 0.00>
ST_3 : Operation 47 [1/1] (0.00ns)   --->   "%p_scale_channels_ch1_addr = getelementptr i8 %p_scale_channels_ch1, i64 0, i64 %zext_ln134_1" [../yuv_filter.c:125->../yuv_filter.c:52]   --->   Operation 47 'getelementptr' 'p_scale_channels_ch1_addr' <Predicate = true> <Delay = 0.00>
ST_3 : Operation 48 [2/2] (2.77ns)   --->   "%Y = load i22 %p_scale_channels_ch1_addr" [../yuv_filter.c:125->../yuv_filter.c:52]   --->   Operation 48 'load' 'Y' <Predicate = true> <Delay = 2.77> <CoreInst = "RAM">   --->   Core 81 'RAM' <Latency = 1> <II = 1> <Delay = 2.77> <Storage> <Opcode : 'load' 'store'> <Ports = 2> <Width = 8> <Depth = 2457600> <RAM>

State 4 <SV = 3> <Delay = 5.87>
ST_4 : Operation 49 [1/1] (0.00ns)   --->   "%p_scale_channels_ch3_addr = getelementptr i8 %p_scale_channels_ch3, i64 0, i64 %zext_ln134_1" [../yuv_filter.c:127->../yuv_filter.c:52]   --->   Operation 49 'getelementptr' 'p_scale_channels_ch3_addr' <Predicate = true> <Delay = 0.00>
ST_4 : Operation 50 [1/2] ( I:2.77ns O:2.77ns )   --->   "%Y = load i22 %p_scale_channels_ch1_addr" [../yuv_filter.c:125->../yuv_filter.c:52]   --->   Operation 50 'load' 'Y' <Predicate = true> <Delay = 2.77> <CoreInst = "RAM">   --->   Core 81 'RAM' <Latency = 1> <II = 1> <Delay = 2.77> <Storage> <Opcode : 'load' 'store'> <Ports = 2> <Width = 8> <Depth = 2457600> <RAM>
ST_4 : Operation 51 [2/2] (2.77ns)   --->   "%V = load i22 %p_scale_channels_ch3_addr" [../yuv_filter.c:127->../yuv_filter.c:52]   --->   Operation 51 'load' 'V' <Predicate = true> <Delay = 2.77> <CoreInst = "RAM">   --->   Core 81 'RAM' <Latency = 1> <II = 1> <Delay = 2.77> <Storage> <Opcode : 'load' 'store'> <Ports = 2> <Width = 8> <Depth = 2457600> <RAM>
ST_4 : Operation 52 [1/1] (0.00ns)   --->   "%zext_ln128 = zext i8 %Y" [../yuv_filter.c:128->../yuv_filter.c:52]   --->   Operation 52 'zext' 'zext_ln128' <Predicate = true> <Delay = 0.00>
ST_4 : Operation 53 [1/1] (1.71ns)   --->   "%C = add i9 %zext_ln128, i9 496" [../yuv_filter.c:128->../yuv_filter.c:52]   --->   Operation 53 'add' 'C' <Predicate = true> <Delay = 1.71> <CoreInst = "Adder">   --->   Core 1 'Adder' <Latency = 0> <II = 1> <Delay = 1.73> <FuncUnit> <Opcode : 'add' 'sub'> <InPorts = 2> <OutPorts = 1>
ST_4 : Operation 54 [1/1] (0.00ns)   --->   "%sext_ln131 = sext i9 %C" [../yuv_filter.c:131->../yuv_filter.c:52]   --->   Operation 54 'sext' 'sext_ln131' <Predicate = true> <Delay = 0.00>
ST_4 : Operation 55 [3/3] (1.38ns) (grouped into DSP with root node add_ln131)   --->   "%mul_ln131 = mul i18 %sext_ln131, i18 298" [../yuv_filter.c:131->../yuv_filter.c:52]   --->   Operation 55 'mul' 'mul_ln131' <Predicate = true> <Delay = 1.38> <CoreInst = "DSP48">   --->   Core 116 'DSP48' <Latency = 3> <II = 1> <Delay = 1.82> <IPBlock> <Opcode : 'add' 'sub' 'mul' 'select'> <InPorts = 0> <OutPorts = 1> <Sync> <CReg>

State 5 <SV = 4> <Delay = 4.95>
ST_5 : Operation 56 [1/1] (0.00ns)   --->   "%p_scale_channels_ch2_addr = getelementptr i8 %p_scale_channels_ch2, i64 0, i64 %zext_ln134_1" [../yuv_filter.c:126->../yuv_filter.c:52]   --->   Operation 56 'getelementptr' 'p_scale_channels_ch2_addr' <Predicate = true> <Delay = 0.00>
ST_5 : Operation 57 [2/2] (2.77ns)   --->   "%U = load i22 %p_scale_channels_ch2_addr" [../yuv_filter.c:126->../yuv_filter.c:52]   --->   Operation 57 'load' 'U' <Predicate = true> <Delay = 2.77> <CoreInst = "RAM">   --->   Core 81 'RAM' <Latency = 1> <II = 1> <Delay = 2.77> <Storage> <Opcode : 'load' 'store'> <Ports = 2> <Width = 8> <Depth = 2457600> <RAM>
ST_5 : Operation 58 [1/2] ( I:2.77ns O:2.77ns )   --->   "%V = load i22 %p_scale_channels_ch3_addr" [../yuv_filter.c:127->../yuv_filter.c:52]   --->   Operation 58 'load' 'V' <Predicate = true> <Delay = 2.77> <CoreInst = "RAM">   --->   Core 81 'RAM' <Latency = 1> <II = 1> <Delay = 2.77> <Storage> <Opcode : 'load' 'store'> <Ports = 2> <Width = 8> <Depth = 2457600> <RAM>
ST_5 : Operation 59 [1/1] (0.00ns)   --->   "%bit_sel4 = bitselect i1 @_ssdm_op_BitSelect.i1.i8.i8, i8 %V, i8 7" [../yuv_filter.c:130->../yuv_filter.c:52]   --->   Operation 59 'bitselect' 'bit_sel4' <Predicate = true> <Delay = 0.00>
ST_5 : Operation 60 [1/1] (0.80ns)   --->   "%xor_ln130 = xor i1 %bit_sel4, i1 1" [../yuv_filter.c:130->../yuv_filter.c:52]   --->   Operation 60 'xor' 'xor_ln130' <Predicate = true> <Delay = 0.80> <CoreInst = "LogicGate">   --->   Core 74 'LogicGate' <Latency = 0> <II = 1> <Delay = 0.80> <FuncUnit> <Opcode : 'and' 'or' 'xor'> <InPorts = 2> <OutPorts = 1>
ST_5 : Operation 61 [1/1] (0.00ns)   --->   "%trunc_ln130 = trunc i8 %V" [../yuv_filter.c:130->../yuv_filter.c:52]   --->   Operation 61 'trunc' 'trunc_ln130' <Predicate = true> <Delay = 0.00>
ST_5 : Operation 62 [1/1] (0.00ns)   --->   "%E = bitconcatenate i8 @_ssdm_op_BitConcatenate.i8.i1.i7, i1 %xor_ln130, i7 %trunc_ln130" [../yuv_filter.c:130->../yuv_filter.c:52]   --->   Operation 62 'bitconcatenate' 'E' <Predicate = true> <Delay = 0.00>
ST_5 : Operation 63 [2/3] (1.38ns) (grouped into DSP with root node add_ln131)   --->   "%mul_ln131 = mul i18 %sext_ln131, i18 298" [../yuv_filter.c:131->../yuv_filter.c:52]   --->   Operation 63 'mul' 'mul_ln131' <Predicate = true> <Delay = 1.38> <CoreInst = "DSP48">   --->   Core 116 'DSP48' <Latency = 3> <II = 1> <Delay = 1.82> <IPBlock> <Opcode : 'add' 'sub' 'mul' 'select'> <InPorts = 0> <OutPorts = 1> <Sync> <CReg>
ST_5 : Operation 64 [1/1] (0.00ns)   --->   "%sext_ln131_1 = sext i8 %E" [../yuv_filter.c:131->../yuv_filter.c:52]   --->   Operation 64 'sext' 'sext_ln131_1' <Predicate = true> <Delay = 0.00>
ST_5 : Operation 65 [1/1] (0.00ns)   --->   "%sext_ln131_3 = sext i8 %E" [../yuv_filter.c:131->../yuv_filter.c:52]   --->   Operation 65 'sext' 'sext_ln131_3' <Predicate = true> <Delay = 0.00>
ST_5 : Operation 66 [3/3] (1.38ns) (grouped into DSP with root node add_ln131_1)   --->   "%mul_ln131_1 = mul i18 %sext_ln131_3, i18 409" [../yuv_filter.c:131->../yuv_filter.c:52]   --->   Operation 66 'mul' 'mul_ln131_1' <Predicate = true> <Delay = 1.38> <CoreInst = "DSP48">   --->   Core 116 'DSP48' <Latency = 3> <II = 1> <Delay = 1.82> <IPBlock> <Opcode : 'add' 'sub' 'mul' 'select'> <InPorts = 0> <OutPorts = 1> <Sync> <CReg>
ST_5 : Operation 67 [3/3] (1.38ns) (grouped into DSP with root node add_ln132)   --->   "%mul_ln132_1 = mul i17 %sext_ln131_1, i17 130864" [../yuv_filter.c:132->../yuv_filter.c:52]   --->   Operation 67 'mul' 'mul_ln132_1' <Predicate = true> <Delay = 1.38> <CoreInst = "DSP48">   --->   Core 116 'DSP48' <Latency = 3> <II = 1> <Delay = 1.82> <IPBlock> <Opcode : 'add' 'sub' 'mul' 'select'> <InPorts = 0> <OutPorts = 1> <Sync> <CReg>

State 6 <SV = 5> <Delay = 4.95>
ST_6 : Operation 68 [1/2] ( I:2.77ns O:2.77ns )   --->   "%U = load i22 %p_scale_channels_ch2_addr" [../yuv_filter.c:126->../yuv_filter.c:52]   --->   Operation 68 'load' 'U' <Predicate = true> <Delay = 2.77> <CoreInst = "RAM">   --->   Core 81 'RAM' <Latency = 1> <II = 1> <Delay = 2.77> <Storage> <Opcode : 'load' 'store'> <Ports = 2> <Width = 8> <Depth = 2457600> <RAM>
ST_6 : Operation 69 [1/1] (0.00ns)   --->   "%bit_sel7 = bitselect i1 @_ssdm_op_BitSelect.i1.i8.i8, i8 %U, i8 7" [../yuv_filter.c:129->../yuv_filter.c:52]   --->   Operation 69 'bitselect' 'bit_sel7' <Predicate = true> <Delay = 0.00>
ST_6 : Operation 70 [1/1] (0.80ns)   --->   "%xor_ln129 = xor i1 %bit_sel7, i1 1" [../yuv_filter.c:129->../yuv_filter.c:52]   --->   Operation 70 'xor' 'xor_ln129' <Predicate = true> <Delay = 0.80> <CoreInst = "LogicGate">   --->   Core 74 'LogicGate' <Latency = 0> <II = 1> <Delay = 0.80> <FuncUnit> <Opcode : 'and' 'or' 'xor'> <InPorts = 2> <OutPorts = 1>
ST_6 : Operation 71 [1/1] (0.00ns)   --->   "%trunc_ln129 = trunc i8 %U" [../yuv_filter.c:129->../yuv_filter.c:52]   --->   Operation 71 'trunc' 'trunc_ln129' <Predicate = true> <Delay = 0.00>
ST_6 : Operation 72 [1/1] (0.00ns)   --->   "%D = bitconcatenate i8 @_ssdm_op_BitConcatenate.i8.i1.i7, i1 %xor_ln129, i7 %trunc_ln129" [../yuv_filter.c:129->../yuv_filter.c:52]   --->   Operation 72 'bitconcatenate' 'D' <Predicate = true> <Delay = 0.00>
ST_6 : Operation 73 [1/3] (0.00ns) (grouped into DSP with root node add_ln131)   --->   "%mul_ln131 = mul i18 %sext_ln131, i18 298" [../yuv_filter.c:131->../yuv_filter.c:52]   --->   Operation 73 'mul' 'mul_ln131' <Predicate = true> <Delay = 0.00> <CoreInst = "DSP48">   --->   Core 116 'DSP48' <Latency = 3> <II = 1> <Delay = 1.82> <IPBlock> <Opcode : 'add' 'sub' 'mul' 'select'> <InPorts = 0> <OutPorts = 1> <Sync> <CReg>
ST_6 : Operation 74 [2/2] (1.76ns) (root node of the DSP)   --->   "%add_ln131 = add i18 %mul_ln131, i18 128" [../yuv_filter.c:131->../yuv_filter.c:52]   --->   Operation 74 'add' 'add_ln131' <Predicate = true> <Delay = 1.76> <CoreInst = "DSP48">   --->   Core 116 'DSP48' <Latency = 3> <II = 1> <Delay = 1.82> <IPBlock> <Opcode : 'add' 'sub' 'mul' 'select'> <InPorts = 0> <OutPorts = 1> <Sync> <CReg>
ST_6 : Operation 75 [2/3] (1.38ns) (grouped into DSP with root node add_ln131_1)   --->   "%mul_ln131_1 = mul i18 %sext_ln131_3, i18 409" [../yuv_filter.c:131->../yuv_filter.c:52]   --->   Operation 75 'mul' 'mul_ln131_1' <Predicate = true> <Delay = 1.38> <CoreInst = "DSP48">   --->   Core 116 'DSP48' <Latency = 3> <II = 1> <Delay = 1.82> <IPBlock> <Opcode : 'add' 'sub' 'mul' 'select'> <InPorts = 0> <OutPorts = 1> <Sync> <CReg>
ST_6 : Operation 76 [1/1] (0.00ns)   --->   "%sext_ln132 = sext i8 %D" [../yuv_filter.c:132->../yuv_filter.c:52]   --->   Operation 76 'sext' 'sext_ln132' <Predicate = true> <Delay = 0.00>
ST_6 : Operation 77 [3/3] (1.38ns) (grouped into DSP with root node add_ln132_1)   --->   "%mul_ln132 = mul i16 %sext_ln132, i16 65436" [../yuv_filter.c:132->../yuv_filter.c:52]   --->   Operation 77 'mul' 'mul_ln132' <Predicate = true> <Delay = 1.38> <CoreInst = "DSP48">   --->   Core 116 'DSP48' <Latency = 3> <II = 1> <Delay = 1.82> <IPBlock> <Opcode : 'add' 'sub' 'mul' 'select'> <InPorts = 0> <OutPorts = 1> <Sync> <CReg>
ST_6 : Operation 78 [2/3] (1.38ns) (grouped into DSP with root node add_ln132)   --->   "%mul_ln132_1 = mul i17 %sext_ln131_1, i17 130864" [../yuv_filter.c:132->../yuv_filter.c:52]   --->   Operation 78 'mul' 'mul_ln132_1' <Predicate = true> <Delay = 1.38> <CoreInst = "DSP48">   --->   Core 116 'DSP48' <Latency = 3> <II = 1> <Delay = 1.82> <IPBlock> <Opcode : 'add' 'sub' 'mul' 'select'> <InPorts = 0> <OutPorts = 1> <Sync> <CReg>

State 7 <SV = 6> <Delay = 3.52>
ST_7 : Operation 79 [1/2] (1.76ns) (root node of the DSP)   --->   "%add_ln131 = add i18 %mul_ln131, i18 128" [../yuv_filter.c:131->../yuv_filter.c:52]   --->   Operation 79 'add' 'add_ln131' <Predicate = true> <Delay = 1.76> <CoreInst = "DSP48">   --->   Core 116 'DSP48' <Latency = 3> <II = 1> <Delay = 1.82> <IPBlock> <Opcode : 'add' 'sub' 'mul' 'select'> <InPorts = 0> <OutPorts = 1> <Sync> <CReg>
ST_7 : Operation 80 [1/3] (0.00ns) (grouped into DSP with root node add_ln131_1)   --->   "%mul_ln131_1 = mul i18 %sext_ln131_3, i18 409" [../yuv_filter.c:131->../yuv_filter.c:52]   --->   Operation 80 'mul' 'mul_ln131_1' <Predicate = true> <Delay = 0.00> <CoreInst = "DSP48">   --->   Core 116 'DSP48' <Latency = 3> <II = 1> <Delay = 1.82> <IPBlock> <Opcode : 'add' 'sub' 'mul' 'select'> <InPorts = 0> <OutPorts = 1> <Sync> <CReg>
ST_7 : Operation 81 [2/2] (1.76ns) (root node of the DSP)   --->   "%add_ln131_1 = add i18 %mul_ln131_1, i18 %add_ln131" [../yuv_filter.c:131->../yuv_filter.c:52]   --->   Operation 81 'add' 'add_ln131_1' <Predicate = true> <Delay = 1.76> <CoreInst = "DSP48">   --->   Core 116 'DSP48' <Latency = 3> <II = 1> <Delay = 1.82> <IPBlock> <Opcode : 'add' 'sub' 'mul' 'select'> <InPorts = 0> <OutPorts = 1> <Sync> <CReg>
ST_7 : Operation 82 [2/3] (1.38ns) (grouped into DSP with root node add_ln132_1)   --->   "%mul_ln132 = mul i16 %sext_ln132, i16 65436" [../yuv_filter.c:132->../yuv_filter.c:52]   --->   Operation 82 'mul' 'mul_ln132' <Predicate = true> <Delay = 1.38> <CoreInst = "DSP48">   --->   Core 116 'DSP48' <Latency = 3> <II = 1> <Delay = 1.82> <IPBlock> <Opcode : 'add' 'sub' 'mul' 'select'> <InPorts = 0> <OutPorts = 1> <Sync> <CReg>
ST_7 : Operation 83 [1/3] (0.00ns) (grouped into DSP with root node add_ln132)   --->   "%mul_ln132_1 = mul i17 %sext_ln131_1, i17 130864" [../yuv_filter.c:132->../yuv_filter.c:52]   --->   Operation 83 'mul' 'mul_ln132_1' <Predicate = true> <Delay = 0.00> <CoreInst = "DSP48">   --->   Core 116 'DSP48' <Latency = 3> <II = 1> <Delay = 1.82> <IPBlock> <Opcode : 'add' 'sub' 'mul' 'select'> <InPorts = 0> <OutPorts = 1> <Sync> <CReg>
ST_7 : Operation 84 [1/1] (0.00ns) (grouped into DSP with root node add_ln132)   --->   "%sext_ln132_3 = sext i17 %mul_ln132_1" [../yuv_filter.c:132->../yuv_filter.c:52]   --->   Operation 84 'sext' 'sext_ln132_3' <Predicate = true> <Delay = 0.00>
ST_7 : Operation 85 [2/2] (1.76ns) (root node of the DSP)   --->   "%add_ln132 = add i18 %add_ln131, i18 %sext_ln132_3" [../yuv_filter.c:132->../yuv_filter.c:52]   --->   Operation 85 'add' 'add_ln132' <Predicate = true> <Delay = 1.76> <CoreInst = "DSP48">   --->   Core 116 'DSP48' <Latency = 3> <II = 1> <Delay = 1.82> <IPBlock> <Opcode : 'add' 'sub' 'mul' 'select'> <InPorts = 0> <OutPorts = 1> <Sync> <CReg>

State 8 <SV = 7> <Delay = 5.78>
ST_8 : Operation 86 [1/1] (0.00ns)   --->   "%out_channels_ch1_addr = getelementptr i8 %out_channels_ch1, i64 0, i64 %zext_ln134_1" [../yuv_filter.c:134->../yuv_filter.c:52]   --->   Operation 86 'getelementptr' 'out_channels_ch1_addr' <Predicate = true> <Delay = 0.00>
ST_8 : Operation 87 [1/1] (0.00ns)   --->   "%out_channels_ch3_addr = getelementptr i8 %out_channels_ch3, i64 0, i64 %zext_ln134_1" [../yuv_filter.c:136->../yuv_filter.c:52]   --->   Operation 87 'getelementptr' 'out_channels_ch3_addr' <Predicate = true> <Delay = 0.00>
ST_8 : Operation 88 [1/1] (0.00ns)   --->   "%sext_ln131_4 = sext i18 %add_ln131" [../yuv_filter.c:131->../yuv_filter.c:52]   --->   Operation 88 'sext' 'sext_ln131_4' <Predicate = true> <Delay = 0.00>
ST_8 : Operation 89 [1/2] (1.76ns) (root node of the DSP)   --->   "%add_ln131_1 = add i18 %mul_ln131_1, i18 %add_ln131" [../yuv_filter.c:131->../yuv_filter.c:52]   --->   Operation 89 'add' 'add_ln131_1' <Predicate = true> <Delay = 1.76> <CoreInst = "DSP48">   --->   Core 116 'DSP48' <Latency = 3> <II = 1> <Delay = 1.82> <IPBlock> <Opcode : 'add' 'sub' 'mul' 'select'> <InPorts = 0> <OutPorts = 1> <Sync> <CReg>
ST_8 : Operation 90 [1/1] (0.00ns)   --->   "%tmp = partselect i2 @_ssdm_op_PartSelect.i2.i18.i32.i32, i18 %add_ln131_1, i32 16, i32 17" [../yuv_filter.c:131->../yuv_filter.c:52]   --->   Operation 90 'partselect' 'tmp' <Predicate = true> <Delay = 0.00>
ST_8 : Operation 91 [1/1] (1.20ns)   --->   "%icmp_ln131 = icmp_eq  i2 %tmp, i2 1" [../yuv_filter.c:131->../yuv_filter.c:52]   --->   Operation 91 'icmp' 'icmp_ln131' <Predicate = true> <Delay = 1.20> <CoreInst = "Cmp">   --->   Core 9 'Cmp' <Latency = 0> <II = 1> <Delay = 1.20> <FuncUnit> <Opcode : 'seteq' 'setne' 'setle' 'setge' 'setlt' 'setgt'> <InPorts = 2> <OutPorts = 1>
ST_8 : Operation 92 [1/1] (0.00ns) (grouped into LUT with out node R)   --->   "%tmp_1 = bitselect i1 @_ssdm_op_BitSelect.i1.i18.i32, i18 %add_ln131_1, i32 17" [../yuv_filter.c:131->../yuv_filter.c:52]   --->   Operation 92 'bitselect' 'tmp_1' <Predicate = true> <Delay = 0.00>
ST_8 : Operation 93 [1/1] (0.00ns) (grouped into LUT with out node R)   --->   "%trunc_ln4 = partselect i8 @_ssdm_op_PartSelect.i8.i18.i32.i32, i18 %add_ln131_1, i32 8, i32 15" [../yuv_filter.c:131->../yuv_filter.c:52]   --->   Operation 93 'partselect' 'trunc_ln4' <Predicate = true> <Delay = 0.00>
ST_8 : Operation 94 [1/1] (0.00ns) (grouped into LUT with out node R)   --->   "%select_ln131 = select i1 %icmp_ln131, i8 255, i8 0" [../yuv_filter.c:131->../yuv_filter.c:52]   --->   Operation 94 'select' 'select_ln131' <Predicate = true> <Delay = 0.00> <CoreInst = "Sel">   --->   Core 73 'Sel' <Latency = 0> <II = 1> <Delay = 0.81> <FuncUnit> <Opcode : 'select'> <InPorts = 3> <OutPorts = 1>
ST_8 : Operation 95 [1/1] (0.00ns) (grouped into LUT with out node R)   --->   "%or_ln131 = or i1 %icmp_ln131, i1 %tmp_1" [../yuv_filter.c:131->../yuv_filter.c:52]   --->   Operation 95 'or' 'or_ln131' <Predicate = true> <Delay = 0.00> <CoreInst = "LogicGate">   --->   Core 74 'LogicGate' <Latency = 0> <II = 1> <Delay = 0.80> <FuncUnit> <Opcode : 'and' 'or' 'xor'> <InPorts = 2> <OutPorts = 1>
ST_8 : Operation 96 [1/1] (1.07ns) (out node of the LUT)   --->   "%R = select i1 %or_ln131, i8 %select_ln131, i8 %trunc_ln4" [../yuv_filter.c:131->../yuv_filter.c:52]   --->   Operation 96 'select' 'R' <Predicate = true> <Delay = 1.07> <CoreInst = "Sel">   --->   Core 73 'Sel' <Latency = 0> <II = 1> <Delay = 1.07> <FuncUnit> <Opcode : 'select'> <InPorts = 3> <OutPorts = 1>
ST_8 : Operation 97 [1/3] (0.00ns) (grouped into DSP with root node add_ln132_1)   --->   "%mul_ln132 = mul i16 %sext_ln132, i16 65436" [../yuv_filter.c:132->../yuv_filter.c:52]   --->   Operation 97 'mul' 'mul_ln132' <Predicate = true> <Delay = 0.00> <CoreInst = "DSP48">   --->   Core 116 'DSP48' <Latency = 3> <II = 1> <Delay = 1.82> <IPBlock> <Opcode : 'add' 'sub' 'mul' 'select'> <InPorts = 0> <OutPorts = 1> <Sync> <CReg>
ST_8 : Operation 98 [1/1] (0.00ns) (grouped into DSP with root node add_ln132_1)   --->   "%sext_ln132_2 = sext i16 %mul_ln132" [../yuv_filter.c:132->../yuv_filter.c:52]   --->   Operation 98 'sext' 'sext_ln132_2' <Predicate = true> <Delay = 0.00>
ST_8 : Operation 99 [1/2] (1.76ns) (root node of the DSP)   --->   "%add_ln132 = add i18 %add_ln131, i18 %sext_ln132_3" [../yuv_filter.c:132->../yuv_filter.c:52]   --->   Operation 99 'add' 'add_ln132' <Predicate = true> <Delay = 1.76> <CoreInst = "DSP48">   --->   Core 116 'DSP48' <Latency = 3> <II = 1> <Delay = 1.82> <IPBlock> <Opcode : 'add' 'sub' 'mul' 'select'> <InPorts = 0> <OutPorts = 1> <Sync> <CReg>
ST_8 : Operation 100 [2/2] (1.76ns) (root node of the DSP)   --->   "%add_ln132_1 = add i18 %add_ln132, i18 %sext_ln132_2" [../yuv_filter.c:132->../yuv_filter.c:52]   --->   Operation 100 'add' 'add_ln132_1' <Predicate = true> <Delay = 1.76> <CoreInst = "DSP48">   --->   Core 116 'DSP48' <Latency = 3> <II = 1> <Delay = 1.82> <IPBlock> <Opcode : 'add' 'sub' 'mul' 'select'> <InPorts = 0> <OutPorts = 1> <Sync> <CReg>
ST_8 : Operation 101 [1/1] (0.00ns)   --->   "%tmp_4 = bitconcatenate i17 @_ssdm_op_BitConcatenate.i17.i1.i7.i9, i1 %xor_ln129, i7 %trunc_ln129, i9 0" [../yuv_filter.c:133->../yuv_filter.c:52]   --->   Operation 101 'bitconcatenate' 'tmp_4' <Predicate = true> <Delay = 0.00>
ST_8 : Operation 102 [1/1] (0.00ns)   --->   "%sext_ln133_1 = sext i17 %tmp_4" [../yuv_filter.c:133->../yuv_filter.c:52]   --->   Operation 102 'sext' 'sext_ln133_1' <Predicate = true> <Delay = 0.00>
ST_8 : Operation 103 [1/1] (0.00ns)   --->   "%tmp_5 = bitconcatenate i10 @_ssdm_op_BitConcatenate.i10.i1.i7.i2, i1 %xor_ln129, i7 %trunc_ln129, i2 0" [../yuv_filter.c:133->../yuv_filter.c:52]   --->   Operation 103 'bitconcatenate' 'tmp_5' <Predicate = true> <Delay = 0.00>
ST_8 : Operation 104 [1/1] (0.00ns)   --->   "%sext_ln133_2 = sext i10 %tmp_5" [../yuv_filter.c:133->../yuv_filter.c:52]   --->   Operation 104 'sext' 'sext_ln133_2' <Predicate = true> <Delay = 0.00>
ST_8 : Operation 105 [1/1] (0.00ns) (grouped into TernaryAdder)   --->   "%add_ln133_1 = add i19 %sext_ln133_1, i19 %sext_ln133_2" [../yuv_filter.c:133->../yuv_filter.c:52]   --->   Operation 105 'add' 'add_ln133_1' <Predicate = true> <Delay = 0.00> <CoreInst = "TAddSub">   --->   Core 10 'TAddSub' <Latency = 0> <II = 1> <Delay = 1.73> <IPBlock> <Opcode : 'add' 'sub'> <InPorts = 3> <OutPorts = 1> <Sync> <CReg>
ST_8 : Operation 106 [1/1] (3.36ns) (root node of TernaryAdder)   --->   "%add_ln133 = add i19 %add_ln133_1, i19 %sext_ln131_4" [../yuv_filter.c:133->../yuv_filter.c:52]   --->   Operation 106 'add' 'add_ln133' <Predicate = true> <Delay = 3.36> <CoreInst = "TAddSub">   --->   Core 10 'TAddSub' <Latency = 0> <II = 1> <Delay = 1.73> <IPBlock> <Opcode : 'add' 'sub'> <InPorts = 3> <OutPorts = 1> <Sync> <CReg>
ST_8 : Operation 107 [1/1] (0.00ns)   --->   "%tmp_6 = partselect i3 @_ssdm_op_PartSelect.i3.i19.i32.i32, i19 %add_ln133, i32 16, i32 18" [../yuv_filter.c:133->../yuv_filter.c:52]   --->   Operation 107 'partselect' 'tmp_6' <Predicate = true> <Delay = 0.00>
ST_8 : Operation 108 [1/1] (1.34ns)   --->   "%icmp_ln133 = icmp_sgt  i3 %tmp_6, i3 0" [../yuv_filter.c:133->../yuv_filter.c:52]   --->   Operation 108 'icmp' 'icmp_ln133' <Predicate = true> <Delay = 1.34> <CoreInst = "Cmp">   --->   Core 9 'Cmp' <Latency = 0> <II = 1> <Delay = 1.34> <FuncUnit> <Opcode : 'seteq' 'setne' 'setle' 'setge' 'setlt' 'setgt'> <InPorts = 2> <OutPorts = 1>
ST_8 : Operation 109 [1/1] (0.00ns) (grouped into LUT with out node B)   --->   "%tmp_7 = bitselect i1 @_ssdm_op_BitSelect.i1.i19.i32, i19 %add_ln133, i32 18" [../yuv_filter.c:133->../yuv_filter.c:52]   --->   Operation 109 'bitselect' 'tmp_7' <Predicate = true> <Delay = 0.00>
ST_8 : Operation 110 [1/1] (0.00ns) (grouped into LUT with out node B)   --->   "%trunc_ln6 = partselect i8 @_ssdm_op_PartSelect.i8.i19.i32.i32, i19 %add_ln133, i32 8, i32 15" [../yuv_filter.c:133->../yuv_filter.c:52]   --->   Operation 110 'partselect' 'trunc_ln6' <Predicate = true> <Delay = 0.00>
ST_8 : Operation 111 [1/1] (0.00ns) (grouped into LUT with out node B)   --->   "%select_ln133 = select i1 %icmp_ln133, i8 255, i8 0" [../yuv_filter.c:133->../yuv_filter.c:52]   --->   Operation 111 'select' 'select_ln133' <Predicate = true> <Delay = 0.00> <CoreInst = "Sel">   --->   Core 73 'Sel' <Latency = 0> <II = 1> <Delay = 0.81> <FuncUnit> <Opcode : 'select'> <InPorts = 3> <OutPorts = 1>
ST_8 : Operation 112 [1/1] (0.00ns) (grouped into LUT with out node B)   --->   "%or_ln133 = or i1 %icmp_ln133, i1 %tmp_7" [../yuv_filter.c:133->../yuv_filter.c:52]   --->   Operation 112 'or' 'or_ln133' <Predicate = true> <Delay = 0.00> <CoreInst = "LogicGate">   --->   Core 74 'LogicGate' <Latency = 0> <II = 1> <Delay = 0.80> <FuncUnit> <Opcode : 'and' 'or' 'xor'> <InPorts = 2> <OutPorts = 1>
ST_8 : Operation 113 [1/1] (1.07ns) (out node of the LUT)   --->   "%B = select i1 %or_ln133, i8 %select_ln133, i8 %trunc_ln6" [../yuv_filter.c:133->../yuv_filter.c:52]   --->   Operation 113 'select' 'B' <Predicate = true> <Delay = 1.07> <CoreInst = "Sel">   --->   Core 73 'Sel' <Latency = 0> <II = 1> <Delay = 1.07> <FuncUnit> <Opcode : 'select'> <InPorts = 3> <OutPorts = 1>
ST_8 : Operation 114 [1/1] ( I:0.00ns O:0.00ns )   --->   "%store_ln134 = store i8 %R, i22 %out_channels_ch1_addr" [../yuv_filter.c:134->../yuv_filter.c:52]   --->   Operation 114 'store' 'store_ln134' <Predicate = true> <Delay = 0.00> <CoreInst = "RAM">   --->   Core 81 'RAM' <Latency = 1> <II = 1> <Delay = 2.77> <Storage> <Opcode : 'load' 'store'> <Ports = 2> <Width = 8> <Depth = 2457600> <RAM>
ST_8 : Operation 115 [1/1] ( I:0.00ns O:0.00ns )   --->   "%store_ln136 = store i8 %B, i22 %out_channels_ch3_addr" [../yuv_filter.c:136->../yuv_filter.c:52]   --->   Operation 115 'store' 'store_ln136' <Predicate = true> <Delay = 0.00> <CoreInst = "RAM">   --->   Core 81 'RAM' <Latency = 1> <II = 1> <Delay = 2.77> <Storage> <Opcode : 'load' 'store'> <Ports = 2> <Width = 8> <Depth = 2457600> <RAM>
ST_8 : Operation 132 [1/1] (1.32ns)   --->   "%ret_ln0 = ret"   --->   Operation 132 'ret' 'ret_ln0' <Predicate = (icmp_ln118)> <Delay = 1.32>

State 9 <SV = 8> <Delay = 4.03>
ST_9 : Operation 116 [1/1] (0.00ns)   --->   "%specpipeline_ln120 = specpipeline void @_ssdm_op_SpecPipeline, i32 1, i32 0, i32 0, i32 0, i32 4294967295, void @empty_0" [../yuv_filter.c:120->../yuv_filter.c:52]   --->   Operation 116 'specpipeline' 'specpipeline_ln120' <Predicate = true> <Delay = 0.00>
ST_9 : Operation 117 [1/1] (0.00ns)   --->   "%specloopname_ln0 = specloopname void @_ssdm_op_SpecLoopName, void @YUV2RGB_LOOP_X_YUV2RGB_LOOP_Y_str"   --->   Operation 117 'specloopname' 'specloopname_ln0' <Predicate = true> <Delay = 0.00>
ST_9 : Operation 118 [1/1] (0.00ns)   --->   "%speclooptripcount_ln0 = speclooptripcount void @_ssdm_op_SpecLoopTripCount, i64 40000, i64 2457600, i64 784400"   --->   Operation 118 'speclooptripcount' 'speclooptripcount_ln0' <Predicate = true> <Delay = 0.00>
ST_9 : Operation 119 [1/1] (0.00ns)   --->   "%specpipeline_ln120 = specpipeline void @_ssdm_op_SpecPipeline, i32 1, i32 0, i32 0, i32 0, i32 4294967295, void @empty_0" [../yuv_filter.c:120->../yuv_filter.c:52]   --->   Operation 119 'specpipeline' 'specpipeline_ln120' <Predicate = true> <Delay = 0.00>
ST_9 : Operation 120 [1/1] (0.00ns)   --->   "%out_channels_ch2_addr = getelementptr i8 %out_channels_ch2, i64 0, i64 %zext_ln134_1" [../yuv_filter.c:135->../yuv_filter.c:52]   --->   Operation 120 'getelementptr' 'out_channels_ch2_addr' <Predicate = true> <Delay = 0.00>
ST_9 : Operation 121 [1/1] (0.00ns)   --->   "%specpipeline_ln123 = specpipeline void @_ssdm_op_SpecPipeline, i32 1, i32 0, i32 0, i32 0, i32 4294967295, void @empty_0" [../yuv_filter.c:123->../yuv_filter.c:52]   --->   Operation 121 'specpipeline' 'specpipeline_ln123' <Predicate = true> <Delay = 0.00>
ST_9 : Operation 122 [1/2] (1.76ns) (root node of the DSP)   --->   "%add_ln132_1 = add i18 %add_ln132, i18 %sext_ln132_2" [../yuv_filter.c:132->../yuv_filter.c:52]   --->   Operation 122 'add' 'add_ln132_1' <Predicate = true> <Delay = 1.76> <CoreInst = "DSP48">   --->   Core 116 'DSP48' <Latency = 3> <II = 1> <Delay = 1.82> <IPBlock> <Opcode : 'add' 'sub' 'mul' 'select'> <InPorts = 0> <OutPorts = 1> <Sync> <CReg>
ST_9 : Operation 123 [1/1] (0.00ns)   --->   "%tmp_2 = partselect i2 @_ssdm_op_PartSelect.i2.i18.i32.i32, i18 %add_ln132_1, i32 16, i32 17" [../yuv_filter.c:132->../yuv_filter.c:52]   --->   Operation 123 'partselect' 'tmp_2' <Predicate = true> <Delay = 0.00>
ST_9 : Operation 124 [1/1] (1.20ns)   --->   "%icmp_ln132 = icmp_eq  i2 %tmp_2, i2 1" [../yuv_filter.c:132->../yuv_filter.c:52]   --->   Operation 124 'icmp' 'icmp_ln132' <Predicate = true> <Delay = 1.20> <CoreInst = "Cmp">   --->   Core 9 'Cmp' <Latency = 0> <II = 1> <Delay = 1.20> <FuncUnit> <Opcode : 'seteq' 'setne' 'setle' 'setge' 'setlt' 'setgt'> <InPorts = 2> <OutPorts = 1>
ST_9 : Operation 125 [1/1] (0.00ns) (grouped into LUT with out node G)   --->   "%tmp_3 = bitselect i1 @_ssdm_op_BitSelect.i1.i18.i32, i18 %add_ln132_1, i32 17" [../yuv_filter.c:132->../yuv_filter.c:52]   --->   Operation 125 'bitselect' 'tmp_3' <Predicate = true> <Delay = 0.00>
ST_9 : Operation 126 [1/1] (0.00ns) (grouped into LUT with out node G)   --->   "%trunc_ln5 = partselect i8 @_ssdm_op_PartSelect.i8.i18.i32.i32, i18 %add_ln132_1, i32 8, i32 15" [../yuv_filter.c:132->../yuv_filter.c:52]   --->   Operation 126 'partselect' 'trunc_ln5' <Predicate = true> <Delay = 0.00>
ST_9 : Operation 127 [1/1] (0.00ns) (grouped into LUT with out node G)   --->   "%select_ln132 = select i1 %icmp_ln132, i8 255, i8 0" [../yuv_filter.c:132->../yuv_filter.c:52]   --->   Operation 127 'select' 'select_ln132' <Predicate = true> <Delay = 0.00> <CoreInst = "Sel">   --->   Core 73 'Sel' <Latency = 0> <II = 1> <Delay = 0.81> <FuncUnit> <Opcode : 'select'> <InPorts = 3> <OutPorts = 1>
ST_9 : Operation 128 [1/1] (0.00ns) (grouped into LUT with out node G)   --->   "%or_ln132 = or i1 %icmp_ln132, i1 %tmp_3" [../yuv_filter.c:132->../yuv_filter.c:52]   --->   Operation 128 'or' 'or_ln132' <Predicate = true> <Delay = 0.00> <CoreInst = "LogicGate">   --->   Core 74 'LogicGate' <Latency = 0> <II = 1> <Delay = 0.80> <FuncUnit> <Opcode : 'and' 'or' 'xor'> <InPorts = 2> <OutPorts = 1>
ST_9 : Operation 129 [1/1] (1.07ns) (out node of the LUT)   --->   "%G = select i1 %or_ln132, i8 %select_ln132, i8 %trunc_ln5" [../yuv_filter.c:132->../yuv_filter.c:52]   --->   Operation 129 'select' 'G' <Predicate = true> <Delay = 1.07> <CoreInst = "Sel">   --->   Core 73 'Sel' <Latency = 0> <II = 1> <Delay = 1.07> <FuncUnit> <Opcode : 'select'> <InPorts = 3> <OutPorts = 1>
ST_9 : Operation 130 [1/1] ( I:0.00ns O:0.00ns )   --->   "%store_ln135 = store i8 %G, i22 %out_channels_ch2_addr" [../yuv_filter.c:135->../yuv_filter.c:52]   --->   Operation 130 'store' 'store_ln135' <Predicate = true> <Delay = 0.00> <CoreInst = "RAM">   --->   Core 81 'RAM' <Latency = 1> <II = 1> <Delay = 2.77> <Storage> <Opcode : 'load' 'store'> <Ports = 2> <Width = 8> <Depth = 2457600> <RAM>
ST_9 : Operation 131 [1/1] (0.00ns)   --->   "%br_ln122 = br void %for.body10.i" [../yuv_filter.c:122->../yuv_filter.c:52]   --->   Operation 131 'br' 'br_ln122' <Predicate = true> <Delay = 0.00>


============================================================
+ Verbose Summary: Binding
============================================================
STG Binding: 
---------------- STG Properties BEGIN ----------------
- Is combinational: 0
- Is one-state seq: 0
- Is datapath-only: 0
- Is pipelined: 0
- Is top level: 0
Port [ Return ] is wired: 1; IO mode=ap_ctrl_hs:ce=0
Port [ mul_ln31]:  wired=1; compound=0; hidden=0; nouse=0; global=0; static=0; extern=0; dir=0; type=0; pingpong=0; private_global=0; IO mode=ap_none:ce=0
Port [ height]:  wired=1; compound=0; hidden=0; nouse=0; global=0; static=0; extern=0; dir=0; type=0; pingpong=0; private_global=0; IO mode=ap_none:ce=0
Port [ out_channels_ch1]:  wired=1; compound=1; hidden=0; nouse=0; global=0; static=0; extern=0; dir=1; type=1; pingpong=0; private_global=0; MemPort=[03]; IO mode=ap_memory:ce=0
Port [ out_channels_ch2]:  wired=1; compound=1; hidden=0; nouse=0; global=0; static=0; extern=0; dir=1; type=1; pingpong=0; private_global=0; MemPort=[03]; IO mode=ap_memory:ce=0
Port [ out_channels_ch3]:  wired=1; compound=1; hidden=0; nouse=0; global=0; static=0; extern=0; dir=1; type=1; pingpong=0; private_global=0; MemPort=[03]; IO mode=ap_memory:ce=0
Port [ p_scale_channels_ch1]:  wired=1; compound=1; hidden=0; nouse=0; global=0; static=0; extern=0; dir=0; type=1; pingpong=0; private_global=0; MemPort=[13]; IO mode=ap_memory:ce=0
Port [ p_scale_channels_ch2]:  wired=1; compound=1; hidden=0; nouse=0; global=0; static=0; extern=0; dir=0; type=1; pingpong=0; private_global=0; MemPort=[13]; IO mode=ap_memory:ce=0
Port [ p_scale_channels_ch3]:  wired=1; compound=1; hidden=0; nouse=0; global=0; static=0; extern=0; dir=0; type=1; pingpong=0; private_global=0; MemPort=[13]; IO mode=ap_memory:ce=0
---------------- STG Properties END ------------------

---------------- Datapath Model BEGIN ----------------

<LifeTime>
<method=bitvector/>
y                         (alloca           ) [ 0110000000]
x                         (alloca           ) [ 0110000000]
indvar_flatten13          (alloca           ) [ 0100000000]
specinterface_ln0         (specinterface    ) [ 0000000000]
specinterface_ln0         (specinterface    ) [ 0000000000]
specinterface_ln0         (specinterface    ) [ 0000000000]
height_read               (read             ) [ 0110000000]
mul_ln31_read             (read             ) [ 0000000000]
store_ln0                 (store            ) [ 0000000000]
store_ln101               (store            ) [ 0000000000]
store_ln101               (store            ) [ 0000000000]
br_ln0                    (br               ) [ 0000000000]
indvar_flatten13_load     (load             ) [ 0000000000]
specpipeline_ln120        (specpipeline     ) [ 0000000000]
icmp_ln118                (icmp             ) [ 0111111110]
add_ln118_1               (add              ) [ 0000000000]
br_ln118                  (br               ) [ 0000000000]
store_ln118               (store            ) [ 0000000000]
y_load                    (load             ) [ 0000000000]
x_load                    (load             ) [ 0000000000]
add_ln118                 (add              ) [ 0000000000]
icmp_ln122                (icmp             ) [ 0000000000]
select_ln120              (select           ) [ 0000000000]
select_ln118              (select           ) [ 0000000000]
trunc_ln134               (trunc            ) [ 0000000000]
p_shl2                    (bitconcatenate   ) [ 0000000000]
trunc_ln134_1             (trunc            ) [ 0000000000]
p_shl3                    (bitconcatenate   ) [ 0000000000]
add_ln122_1               (add              ) [ 0000000000]
zext_ln134                (zext             ) [ 0000000000]
add_ln134                 (add              ) [ 0101000000]
add_ln122                 (add              ) [ 0000000000]
store_ln101               (store            ) [ 0000000000]
store_ln101               (store            ) [ 0000000000]
zext_ln134_1              (zext             ) [ 0100111111]
p_scale_channels_ch1_addr (getelementptr    ) [ 0100100000]
p_scale_channels_ch3_addr (getelementptr    ) [ 0100010000]
Y                         (load             ) [ 0000000000]
zext_ln128                (zext             ) [ 0000000000]
C                         (add              ) [ 0000000000]
sext_ln131                (sext             ) [ 0100011000]
p_scale_channels_ch2_addr (getelementptr    ) [ 0100001000]
V                         (load             ) [ 0000000000]
bit_sel4                  (bitselect        ) [ 0000000000]
xor_ln130                 (xor              ) [ 0000000000]
trunc_ln130               (trunc            ) [ 0000000000]
E                         (bitconcatenate   ) [ 0000000000]
sext_ln131_1              (sext             ) [ 0100001100]
sext_ln131_3              (sext             ) [ 0100001100]
U                         (load             ) [ 0000000000]
bit_sel7                  (bitselect        ) [ 0000000000]
xor_ln129                 (xor              ) [ 0100000110]
trunc_ln129               (trunc            ) [ 0100000110]
D                         (bitconcatenate   ) [ 0000000000]
mul_ln131                 (mul              ) [ 0100000100]
sext_ln132                (sext             ) [ 0100000110]
add_ln131                 (add              ) [ 0100000010]
mul_ln131_1               (mul              ) [ 0100000010]
mul_ln132_1               (mul              ) [ 0000000000]
sext_ln132_3              (sext             ) [ 0100000010]
out_channels_ch1_addr     (getelementptr    ) [ 0000000000]
out_channels_ch3_addr     (getelementptr    ) [ 0000000000]
sext_ln131_4              (sext             ) [ 0000000000]
add_ln131_1               (add              ) [ 0000000000]
tmp                       (partselect       ) [ 0000000000]
icmp_ln131                (icmp             ) [ 0000000000]
tmp_1                     (bitselect        ) [ 0000000000]
trunc_ln4                 (partselect       ) [ 0000000000]
select_ln131              (select           ) [ 0000000000]
or_ln131                  (or               ) [ 0000000000]
R                         (select           ) [ 0000000000]
mul_ln132                 (mul              ) [ 0000000000]
sext_ln132_2              (sext             ) [ 0100000001]
add_ln132                 (add              ) [ 0100000001]
tmp_4                     (bitconcatenate   ) [ 0000000000]
sext_ln133_1              (sext             ) [ 0000000000]
tmp_5                     (bitconcatenate   ) [ 0000000000]
sext_ln133_2              (sext             ) [ 0000000000]
add_ln133_1               (add              ) [ 0000000000]
add_ln133                 (add              ) [ 0000000000]
tmp_6                     (partselect       ) [ 0000000000]
icmp_ln133                (icmp             ) [ 0000000000]
tmp_7                     (bitselect        ) [ 0000000000]
trunc_ln6                 (partselect       ) [ 0000000000]
select_ln133              (select           ) [ 0000000000]
or_ln133                  (or               ) [ 0000000000]
B                         (select           ) [ 0000000000]
store_ln134               (store            ) [ 0000000000]
store_ln136               (store            ) [ 0000000000]
specpipeline_ln120        (specpipeline     ) [ 0000000000]
specloopname_ln0          (specloopname     ) [ 0000000000]
speclooptripcount_ln0     (speclooptripcount) [ 0000000000]
specpipeline_ln120        (specpipeline     ) [ 0000000000]
out_channels_ch2_addr     (getelementptr    ) [ 0000000000]
specpipeline_ln123        (specpipeline     ) [ 0000000000]
add_ln132_1               (add              ) [ 0000000000]
tmp_2                     (partselect       ) [ 0000000000]
icmp_ln132                (icmp             ) [ 0000000000]
tmp_3                     (bitselect        ) [ 0000000000]
trunc_ln5                 (partselect       ) [ 0000000000]
select_ln132              (select           ) [ 0000000000]
or_ln132                  (or               ) [ 0000000000]
G                         (select           ) [ 0000000000]
store_ln135               (store            ) [ 0000000000]
br_ln122                  (br               ) [ 0000000000]
ret_ln0                   (ret              ) [ 0000000000]
</LifeTime>

<model>

<comp_list>
<comp id="0" class="1000" name="mul_ln31">
<pin_list>
<pin id="1" dir="1" index="0" bw="1" slack="0"/>
</pin_list>
<bind>
<StgValue><ssdm name="mul_ln31"/></StgValue>
</bind>
</comp>

<comp id="2" class="1000" name="height">
<pin_list>
<pin id="3" dir="1" index="0" bw="1" slack="0"/>
</pin_list>
<bind>
<StgValue><ssdm name="height"/></StgValue>
</bind>
</comp>

<comp id="4" class="1000" name="out_channels_ch1">
<pin_list>
<pin id="5" dir="1" index="0" bw="1" slack="0"/>
</pin_list>
<bind>
<StgValue><ssdm name="out_channels_ch1"/><MemPortTyVec>0 3 </MemPortTyVec>
</StgValue>
</bind>
</comp>

<comp id="6" class="1000" name="out_channels_ch2">
<pin_list>
<pin id="7" dir="1" index="0" bw="1" slack="0"/>
</pin_list>
<bind>
<StgValue><ssdm name="out_channels_ch2"/><MemPortTyVec>0 3 </MemPortTyVec>
</StgValue>
</bind>
</comp>

<comp id="8" class="1000" name="out_channels_ch3">
<pin_list>
<pin id="9" dir="1" index="0" bw="1" slack="0"/>
</pin_list>
<bind>
<StgValue><ssdm name="out_channels_ch3"/><MemPortTyVec>0 3 </MemPortTyVec>
</StgValue>
</bind>
</comp>

<comp id="10" class="1000" name="p_scale_channels_ch1">
<pin_list>
<pin id="11" dir="1" index="0" bw="1" slack="0"/>
</pin_list>
<bind>
<StgValue><ssdm name="p_scale_channels_ch1"/><MemPortTyVec>1 3 </MemPortTyVec>
</StgValue>
</bind>
</comp>

<comp id="12" class="1000" name="p_scale_channels_ch2">
<pin_list>
<pin id="13" dir="1" index="0" bw="1" slack="0"/>
</pin_list>
<bind>
<StgValue><ssdm name="p_scale_channels_ch2"/><MemPortTyVec>1 3 </MemPortTyVec>
</StgValue>
</bind>
</comp>

<comp id="14" class="1000" name="p_scale_channels_ch3">
<pin_list>
<pin id="15" dir="1" index="0" bw="1" slack="0"/>
</pin_list>
<bind>
<StgValue><ssdm name="p_scale_channels_ch3"/><MemPortTyVec>1 3 </MemPortTyVec>
</StgValue>
</bind>
</comp>

<comp id="16" class="1001" name="const_16">
<pin_list>
<pin id="17" dir="1" index="0" bw="1" slack="0"/>
</pin_list>
<bind>
<StgValue><ssdm name=""/></StgValue>
</bind>
</comp>

<comp id="18" class="1001" name="const_18">
<pin_list>
<pin id="19" dir="1" index="0" bw="1" slack="2147483647"/>
</pin_list>
<bind>
<StgValue><ssdm name="_ssdm_op_SpecInterface"/></StgValue>
</bind>
</comp>

<comp id="20" class="1001" name="const_20">
<pin_list>
<pin id="21" dir="1" index="0" bw="1" slack="2147483647"/>
</pin_list>
<bind>
<StgValue><ssdm name="empty"/></StgValue>
</bind>
</comp>

<comp id="22" class="1001" name="const_22">
<pin_list>
<pin id="23" dir="1" index="0" bw="1" slack="0"/>
</pin_list>
<bind>
<StgValue><ssdm name=""/></StgValue>
</bind>
</comp>

<comp id="24" class="1001" name="const_24">
<pin_list>
<pin id="25" dir="1" index="0" bw="1" slack="2147483647"/>
</pin_list>
<bind>
<StgValue><ssdm name="empty_0"/></StgValue>
</bind>
</comp>

<comp id="26" class="1001" name="const_26">
<pin_list>
<pin id="27" dir="1" index="0" bw="1" slack="2147483647"/>
</pin_list>
<bind>
<StgValue><ssdm name=""/></StgValue>
</bind>
</comp>

<comp id="28" class="1001" name="const_28">
<pin_list>
<pin id="29" dir="1" index="0" bw="1" slack="0"/>
</pin_list>
<bind>
<StgValue><ssdm name="_ssdm_op_Read.ap_auto.i16"/></StgValue>
</bind>
</comp>

<comp id="30" class="1001" name="const_30">
<pin_list>
<pin id="31" dir="1" index="0" bw="1" slack="0"/>
</pin_list>
<bind>
<StgValue><ssdm name="_ssdm_op_Read.ap_auto.i32"/></StgValue>
</bind>
</comp>

<comp id="32" class="1001" name="const_32">
<pin_list>
<pin id="33" dir="1" index="0" bw="1" slack="0"/>
</pin_list>
<bind>
<StgValue><ssdm name=""/></StgValue>
</bind>
</comp>

<comp id="34" class="1001" name="const_34">
<pin_list>
<pin id="35" dir="1" index="0" bw="1" slack="2147483647"/>
</pin_list>
<bind>
<StgValue><ssdm name="_ssdm_op_SpecPipeline"/></StgValue>
</bind>
</comp>

<comp id="36" class="1001" name="const_36">
<pin_list>
<pin id="37" dir="1" index="0" bw="1" slack="0"/>
</pin_list>
<bind>
<StgValue><ssdm name=""/></StgValue>
</bind>
</comp>

<comp id="38" class="1001" name="const_38">
<pin_list>
<pin id="39" dir="1" index="0" bw="1" slack="0"/>
</pin_list>
<bind>
<StgValue><ssdm name="_ssdm_op_BitConcatenate.i22.i12.i10"/></StgValue>
</bind>
</comp>

<comp id="40" class="1001" name="const_40">
<pin_list>
<pin id="41" dir="1" index="0" bw="1" slack="0"/>
</pin_list>
<bind>
<StgValue><ssdm name=""/></StgValue>
</bind>
</comp>

<comp id="42" class="1001" name="const_42">
<pin_list>
<pin id="43" dir="1" index="0" bw="1" slack="0"/>
</pin_list>
<bind>
<StgValue><ssdm name="_ssdm_op_BitConcatenate.i22.i14.i8"/></StgValue>
</bind>
</comp>

<comp id="44" class="1001" name="const_44">
<pin_list>
<pin id="45" dir="1" index="0" bw="1" slack="0"/>
</pin_list>
<bind>
<StgValue><ssdm name=""/></StgValue>
</bind>
</comp>

<comp id="46" class="1001" name="const_46">
<pin_list>
<pin id="47" dir="1" index="0" bw="1" slack="0"/>
</pin_list>
<bind>
<StgValue><ssdm name=""/></StgValue>
</bind>
</comp>

<comp id="48" class="1001" name="const_48">
<pin_list>
<pin id="49" dir="1" index="0" bw="1" slack="0"/>
</pin_list>
<bind>
<StgValue><ssdm name=""/></StgValue>
</bind>
</comp>

<comp id="50" class="1001" name="const_50">
<pin_list>
<pin id="51" dir="1" index="0" bw="1" slack="0"/>
</pin_list>
<bind>
<StgValue><ssdm name=""/></StgValue>
</bind>
</comp>

<comp id="52" class="1001" name="const_52">
<pin_list>
<pin id="53" dir="1" index="0" bw="1" slack="0"/>
</pin_list>
<bind>
<StgValue><ssdm name="_ssdm_op_BitSelect.i1.i8.i8"/></StgValue>
</bind>
</comp>

<comp id="54" class="1001" name="const_54">
<pin_list>
<pin id="55" dir="1" index="0" bw="1" slack="0"/>
</pin_list>
<bind>
<StgValue><ssdm name=""/></StgValue>
</bind>
</comp>

<comp id="56" class="1001" name="const_56">
<pin_list>
<pin id="57" dir="1" index="0" bw="1" slack="0"/>
</pin_list>
<bind>
<StgValue><ssdm name=""/></StgValue>
</bind>
</comp>

<comp id="58" class="1001" name="const_58">
<pin_list>
<pin id="59" dir="1" index="0" bw="1" slack="0"/>
</pin_list>
<bind>
<StgValue><ssdm name="_ssdm_op_BitConcatenate.i8.i1.i7"/></StgValue>
</bind>
</comp>

<comp id="60" class="1001" name="const_60">
<pin_list>
<pin id="61" dir="1" index="0" bw="1" slack="0"/>
</pin_list>
<bind>
<StgValue><ssdm name=""/></StgValue>
</bind>
</comp>

<comp id="62" class="1001" name="const_62">
<pin_list>
<pin id="63" dir="1" index="0" bw="1" slack="0"/>
</pin_list>
<bind>
<StgValue><ssdm name=""/></StgValue>
</bind>
</comp>

<comp id="64" class="1001" name="const_64">
<pin_list>
<pin id="65" dir="1" index="0" bw="1" slack="0"/>
</pin_list>
<bind>
<StgValue><ssdm name=""/></StgValue>
</bind>
</comp>

<comp id="66" class="1001" name="const_66">
<pin_list>
<pin id="67" dir="1" index="0" bw="1" slack="0"/>
</pin_list>
<bind>
<StgValue><ssdm name=""/></StgValue>
</bind>
</comp>

<comp id="68" class="1001" name="const_68">
<pin_list>
<pin id="69" dir="1" index="0" bw="1" slack="0"/>
</pin_list>
<bind>
<StgValue><ssdm name="_ssdm_op_PartSelect.i2.i18.i32.i32"/></StgValue>
</bind>
</comp>

<comp id="70" class="1001" name="const_70">
<pin_list>
<pin id="71" dir="1" index="0" bw="1" slack="0"/>
</pin_list>
<bind>
<StgValue><ssdm name=""/></StgValue>
</bind>
</comp>

<comp id="72" class="1001" name="const_72">
<pin_list>
<pin id="73" dir="1" index="0" bw="1" slack="0"/>
</pin_list>
<bind>
<StgValue><ssdm name=""/></StgValue>
</bind>
</comp>

<comp id="74" class="1001" name="const_74">
<pin_list>
<pin id="75" dir="1" index="0" bw="1" slack="0"/>
</pin_list>
<bind>
<StgValue><ssdm name=""/></StgValue>
</bind>
</comp>

<comp id="76" class="1001" name="const_76">
<pin_list>
<pin id="77" dir="1" index="0" bw="1" slack="0"/>
</pin_list>
<bind>
<StgValue><ssdm name="_ssdm_op_BitSelect.i1.i18.i32"/></StgValue>
</bind>
</comp>

<comp id="78" class="1001" name="const_78">
<pin_list>
<pin id="79" dir="1" index="0" bw="1" slack="0"/>
</pin_list>
<bind>
<StgValue><ssdm name="_ssdm_op_PartSelect.i8.i18.i32.i32"/></StgValue>
</bind>
</comp>

<comp id="80" class="1001" name="const_80">
<pin_list>
<pin id="81" dir="1" index="0" bw="1" slack="0"/>
</pin_list>
<bind>
<StgValue><ssdm name=""/></StgValue>
</bind>
</comp>

<comp id="82" class="1001" name="const_82">
<pin_list>
<pin id="83" dir="1" index="0" bw="1" slack="0"/>
</pin_list>
<bind>
<StgValue><ssdm name=""/></StgValue>
</bind>
</comp>

<comp id="84" class="1001" name="const_84">
<pin_list>
<pin id="85" dir="1" index="0" bw="1" slack="0"/>
</pin_list>
<bind>
<StgValue><ssdm name=""/></StgValue>
</bind>
</comp>

<comp id="86" class="1001" name="const_86">
<pin_list>
<pin id="87" dir="1" index="0" bw="1" slack="0"/>
</pin_list>
<bind>
<StgValue><ssdm name="_ssdm_op_BitConcatenate.i17.i1.i7.i9"/></StgValue>
</bind>
</comp>

<comp id="88" class="1001" name="const_88">
<pin_list>
<pin id="89" dir="1" index="0" bw="1" slack="0"/>
</pin_list>
<bind>
<StgValue><ssdm name=""/></StgValue>
</bind>
</comp>

<comp id="90" class="1001" name="const_90">
<pin_list>
<pin id="91" dir="1" index="0" bw="1" slack="0"/>
</pin_list>
<bind>
<StgValue><ssdm name="_ssdm_op_BitConcatenate.i10.i1.i7.i2"/></StgValue>
</bind>
</comp>

<comp id="92" class="1001" name="const_92">
<pin_list>
<pin id="93" dir="1" index="0" bw="1" slack="0"/>
</pin_list>
<bind>
<StgValue><ssdm name=""/></StgValue>
</bind>
</comp>

<comp id="94" class="1001" name="const_94">
<pin_list>
<pin id="95" dir="1" index="0" bw="1" slack="0"/>
</pin_list>
<bind>
<StgValue><ssdm name="_ssdm_op_PartSelect.i3.i19.i32.i32"/></StgValue>
</bind>
</comp>

<comp id="96" class="1001" name="const_96">
<pin_list>
<pin id="97" dir="1" index="0" bw="1" slack="0"/>
</pin_list>
<bind>
<StgValue><ssdm name=""/></StgValue>
</bind>
</comp>

<comp id="98" class="1001" name="const_98">
<pin_list>
<pin id="99" dir="1" index="0" bw="1" slack="0"/>
</pin_list>
<bind>
<StgValue><ssdm name=""/></StgValue>
</bind>
</comp>

<comp id="100" class="1001" name="const_100">
<pin_list>
<pin id="101" dir="1" index="0" bw="1" slack="0"/>
</pin_list>
<bind>
<StgValue><ssdm name="_ssdm_op_BitSelect.i1.i19.i32"/></StgValue>
</bind>
</comp>

<comp id="102" class="1001" name="const_102">
<pin_list>
<pin id="103" dir="1" index="0" bw="1" slack="0"/>
</pin_list>
<bind>
<StgValue><ssdm name="_ssdm_op_PartSelect.i8.i19.i32.i32"/></StgValue>
</bind>
</comp>

<comp id="104" class="1001" name="const_104">
<pin_list>
<pin id="105" dir="1" index="0" bw="1" slack="2147483647"/>
</pin_list>
<bind>
<StgValue><ssdm name="_ssdm_op_SpecLoopName"/></StgValue>
</bind>
</comp>

<comp id="106" class="1001" name="const_106">
<pin_list>
<pin id="107" dir="1" index="0" bw="1" slack="2147483647"/>
</pin_list>
<bind>
<StgValue><ssdm name="YUV2RGB_LOOP_X_YUV2RGB_LOOP_Y_str"/></StgValue>
</bind>
</comp>

<comp id="108" class="1001" name="const_108">
<pin_list>
<pin id="109" dir="1" index="0" bw="1" slack="2147483647"/>
</pin_list>
<bind>
<StgValue><ssdm name="_ssdm_op_SpecLoopTripCount"/></StgValue>
</bind>
</comp>

<comp id="110" class="1001" name="const_110">
<pin_list>
<pin id="111" dir="1" index="0" bw="1" slack="2147483647"/>
</pin_list>
<bind>
<StgValue><ssdm name=""/></StgValue>
</bind>
</comp>

<comp id="112" class="1001" name="const_112">
<pin_list>
<pin id="113" dir="1" index="0" bw="1" slack="2147483647"/>
</pin_list>
<bind>
<StgValue><ssdm name=""/></StgValue>
</bind>
</comp>

<comp id="114" class="1001" name="const_114">
<pin_list>
<pin id="115" dir="1" index="0" bw="1" slack="2147483647"/>
</pin_list>
<bind>
<StgValue><ssdm name=""/></StgValue>
</bind>
</comp>

<comp id="116" class="1004" name="y_fu_116">
<pin_list>
<pin id="117" dir="0" index="0" bw="1" slack="0"/>
<pin id="118" dir="1" index="1" bw="16" slack="0"/>
</pin_list>
<bind>
<opcode="alloca(26) " fcode="alloca"/>
<opset="y/1 "/>
</bind>
</comp>

<comp id="120" class="1004" name="x_fu_120">
<pin_list>
<pin id="121" dir="0" index="0" bw="1" slack="0"/>
<pin id="122" dir="1" index="1" bw="16" slack="0"/>
</pin_list>
<bind>
<opcode="alloca(26) " fcode="alloca"/>
<opset="x/1 "/>
</bind>
</comp>

<comp id="124" class="1004" name="indvar_flatten13_fu_124">
<pin_list>
<pin id="125" dir="0" index="0" bw="1" slack="0"/>
<pin id="126" dir="1" index="1" bw="32" slack="0"/>
</pin_list>
<bind>
<opcode="alloca(26) " fcode="alloca"/>
<opset="indvar_flatten13/1 "/>
</bind>
</comp>

<comp id="128" class="1004" name="height_read_read_fu_128">
<pin_list>
<pin id="129" dir="0" index="0" bw="16" slack="0"/>
<pin id="130" dir="0" index="1" bw="16" slack="0"/>
<pin id="131" dir="1" index="2" bw="16" slack="1"/>
</pin_list>
<bind>
<opcode="read(1150) " fcode="read"/>
<opset="height_read/1 "/>
</bind>
</comp>

<comp id="134" class="1004" name="mul_ln31_read_read_fu_134">
<pin_list>
<pin id="135" dir="0" index="0" bw="32" slack="0"/>
<pin id="136" dir="0" index="1" bw="32" slack="0"/>
<pin id="137" dir="1" index="2" bw="32" slack="0"/>
</pin_list>
<bind>
<opcode="read(1150) " fcode="read"/>
<opset="mul_ln31_read/1 "/>
</bind>
</comp>

<comp id="140" class="1004" name="p_scale_channels_ch1_addr_gep_fu_140">
<pin_list>
<pin id="141" dir="0" index="0" bw="8" slack="0"/>
<pin id="142" dir="0" index="1" bw="1" slack="0"/>
<pin id="143" dir="0" index="2" bw="22" slack="0"/>
<pin id="144" dir="1" index="3" bw="22" slack="0"/>
</pin_list>
<bind>
<opcode="getelementptr(29) " fcode="getelementptr"/>
<opset="p_scale_channels_ch1_addr/3 "/>
</bind>
</comp>

<comp id="147" class="1004" name="grp_access_fu_147">
<pin_list>
<pin id="148" dir="0" index="0" bw="22" slack="0"/>
<pin id="149" dir="0" index="1" bw="8" slack="2147483647"/>
<pin id="150" dir="0" index="2" bw="0" slack="2147483647"/>
<pin id="151" dir="1" index="3" bw="8" slack="0"/>
</pin_list>
<bind>
<opcode="load(27) " fcode="load"/>
<opset="Y/3 "/>
</bind>
</comp>

<comp id="153" class="1004" name="p_scale_channels_ch3_addr_gep_fu_153">
<pin_list>
<pin id="154" dir="0" index="0" bw="8" slack="0"/>
<pin id="155" dir="0" index="1" bw="1" slack="0"/>
<pin id="156" dir="0" index="2" bw="22" slack="1"/>
<pin id="157" dir="1" index="3" bw="22" slack="0"/>
</pin_list>
<bind>
<opcode="getelementptr(29) " fcode="getelementptr"/>
<opset="p_scale_channels_ch3_addr/4 "/>
</bind>
</comp>

<comp id="160" class="1004" name="grp_access_fu_160">
<pin_list>
<pin id="161" dir="0" index="0" bw="22" slack="0"/>
<pin id="162" dir="0" index="1" bw="8" slack="2147483647"/>
<pin id="163" dir="0" index="2" bw="0" slack="2147483647"/>
<pin id="164" dir="1" index="3" bw="8" slack="0"/>
</pin_list>
<bind>
<opcode="load(27) " fcode="load"/>
<opset="V/4 "/>
</bind>
</comp>

<comp id="166" class="1004" name="p_scale_channels_ch2_addr_gep_fu_166">
<pin_list>
<pin id="167" dir="0" index="0" bw="8" slack="0"/>
<pin id="168" dir="0" index="1" bw="1" slack="0"/>
<pin id="169" dir="0" index="2" bw="22" slack="2"/>
<pin id="170" dir="1" index="3" bw="22" slack="0"/>
</pin_list>
<bind>
<opcode="getelementptr(29) " fcode="getelementptr"/>
<opset="p_scale_channels_ch2_addr/5 "/>
</bind>
</comp>

<comp id="173" class="1004" name="grp_access_fu_173">
<pin_list>
<pin id="174" dir="0" index="0" bw="22" slack="0"/>
<pin id="175" dir="0" index="1" bw="8" slack="2147483647"/>
<pin id="176" dir="0" index="2" bw="0" slack="2147483647"/>
<pin id="177" dir="1" index="3" bw="8" slack="0"/>
</pin_list>
<bind>
<opcode="load(27) " fcode="load"/>
<opset="U/5 "/>
</bind>
</comp>

<comp id="179" class="1004" name="out_channels_ch1_addr_gep_fu_179">
<pin_list>
<pin id="180" dir="0" index="0" bw="8" slack="0"/>
<pin id="181" dir="0" index="1" bw="1" slack="0"/>
<pin id="182" dir="0" index="2" bw="22" slack="5"/>
<pin id="183" dir="1" index="3" bw="22" slack="0"/>
</pin_list>
<bind>
<opcode="getelementptr(29) " fcode="getelementptr"/>
<opset="out_channels_ch1_addr/8 "/>
</bind>
</comp>

<comp id="186" class="1004" name="out_channels_ch3_addr_gep_fu_186">
<pin_list>
<pin id="187" dir="0" index="0" bw="8" slack="0"/>
<pin id="188" dir="0" index="1" bw="1" slack="0"/>
<pin id="189" dir="0" index="2" bw="22" slack="5"/>
<pin id="190" dir="1" index="3" bw="22" slack="0"/>
</pin_list>
<bind>
<opcode="getelementptr(29) " fcode="getelementptr"/>
<opset="out_channels_ch3_addr/8 "/>
</bind>
</comp>

<comp id="193" class="1004" name="store_ln134_access_fu_193">
<pin_list>
<pin id="194" dir="0" index="0" bw="22" slack="0"/>
<pin id="195" dir="0" index="1" bw="8" slack="0"/>
<pin id="196" dir="0" index="2" bw="0" slack="2147483647"/>
<pin id="197" dir="1" index="3" bw="8" slack="2147483647"/>
</pin_list>
<bind>
<opcode="store(28) " fcode="store"/>
<opset="store_ln134/8 "/>
</bind>
</comp>

<comp id="199" class="1004" name="store_ln136_access_fu_199">
<pin_list>
<pin id="200" dir="0" index="0" bw="22" slack="0"/>
<pin id="201" dir="0" index="1" bw="8" slack="0"/>
<pin id="202" dir="0" index="2" bw="0" slack="2147483647"/>
<pin id="203" dir="1" index="3" bw="8" slack="2147483647"/>
</pin_list>
<bind>
<opcode="store(28) " fcode="store"/>
<opset="store_ln136/8 "/>
</bind>
</comp>

<comp id="205" class="1004" name="out_channels_ch2_addr_gep_fu_205">
<pin_list>
<pin id="206" dir="0" index="0" bw="8" slack="0"/>
<pin id="207" dir="0" index="1" bw="1" slack="0"/>
<pin id="208" dir="0" index="2" bw="22" slack="6"/>
<pin id="209" dir="1" index="3" bw="22" slack="0"/>
</pin_list>
<bind>
<opcode="getelementptr(29) " fcode="getelementptr"/>
<opset="out_channels_ch2_addr/9 "/>
</bind>
</comp>

<comp id="212" class="1004" name="store_ln135_access_fu_212">
<pin_list>
<pin id="213" dir="0" index="0" bw="22" slack="0"/>
<pin id="214" dir="0" index="1" bw="8" slack="0"/>
<pin id="215" dir="0" index="2" bw="0" slack="2147483647"/>
<pin id="216" dir="1" index="3" bw="8" slack="2147483647"/>
</pin_list>
<bind>
<opcode="store(28) " fcode="store"/>
<opset="store_ln135/9 "/>
</bind>
</comp>

<comp id="218" class="1004" name="store_ln0_store_fu_218">
<pin_list>
<pin id="219" dir="0" index="0" bw="1" slack="0"/>
<pin id="220" dir="0" index="1" bw="32" slack="0"/>
<pin id="221" dir="1" index="2" bw="0" slack="2147483647"/>
</pin_list>
<bind>
<opcode="store(28) " fcode="store"/>
<opset="store_ln0/1 "/>
</bind>
</comp>

<comp id="223" class="1004" name="store_ln101_store_fu_223">
<pin_list>
<pin id="224" dir="0" index="0" bw="1" slack="0"/>
<pin id="225" dir="0" index="1" bw="16" slack="0"/>
<pin id="226" dir="1" index="2" bw="0" slack="2147483647"/>
</pin_list>
<bind>
<opcode="store(28) " fcode="store"/>
<opset="store_ln101/1 "/>
</bind>
</comp>

<comp id="228" class="1004" name="store_ln101_store_fu_228">
<pin_list>
<pin id="229" dir="0" index="0" bw="1" slack="0"/>
<pin id="230" dir="0" index="1" bw="16" slack="0"/>
<pin id="231" dir="1" index="2" bw="0" slack="2147483647"/>
</pin_list>
<bind>
<opcode="store(28) " fcode="store"/>
<opset="store_ln101/1 "/>
</bind>
</comp>

<comp id="233" class="1004" name="indvar_flatten13_load_load_fu_233">
<pin_list>
<pin id="234" dir="0" index="0" bw="32" slack="0"/>
<pin id="235" dir="1" index="1" bw="32" slack="0"/>
</pin_list>
<bind>
<opcode="load(27) " fcode="load"/>
<opset="indvar_flatten13_load/1 "/>
</bind>
</comp>

<comp id="236" class="1004" name="icmp_ln118_fu_236">
<pin_list>
<pin id="237" dir="0" index="0" bw="32" slack="0"/>
<pin id="238" dir="0" index="1" bw="32" slack="0"/>
<pin id="239" dir="1" index="2" bw="1" slack="7"/>
</pin_list>
<bind>
<opcode="icmp(45) " fcode="icmp"/>
<opset="icmp_ln118/1 "/>
</bind>
</comp>

<comp id="242" class="1004" name="add_ln118_1_fu_242">
<pin_list>
<pin id="243" dir="0" index="0" bw="32" slack="0"/>
<pin id="244" dir="0" index="1" bw="1" slack="0"/>
<pin id="245" dir="1" index="2" bw="32" slack="0"/>
</pin_list>
<bind>
<opcode="add(8) " fcode="add"/>
<opset="add_ln118_1/1 "/>
</bind>
</comp>

<comp id="248" class="1004" name="store_ln118_store_fu_248">
<pin_list>
<pin id="249" dir="0" index="0" bw="32" slack="0"/>
<pin id="250" dir="0" index="1" bw="32" slack="0"/>
<pin id="251" dir="1" index="2" bw="0" slack="2147483647"/>
</pin_list>
<bind>
<opcode="store(28) " fcode="store"/>
<opset="store_ln118/1 "/>
</bind>
</comp>

<comp id="253" class="1004" name="y_load_load_fu_253">
<pin_list>
<pin id="254" dir="0" index="0" bw="16" slack="1"/>
<pin id="255" dir="1" index="1" bw="16" slack="0"/>
</pin_list>
<bind>
<opcode="load(27) " fcode="load"/>
<opset="y_load/2 "/>
</bind>
</comp>

<comp id="256" class="1004" name="x_load_load_fu_256">
<pin_list>
<pin id="257" dir="0" index="0" bw="16" slack="1"/>
<pin id="258" dir="1" index="1" bw="16" slack="0"/>
</pin_list>
<bind>
<opcode="load(27) " fcode="load"/>
<opset="x_load/2 "/>
</bind>
</comp>

<comp id="259" class="1004" name="add_ln118_fu_259">
<pin_list>
<pin id="260" dir="0" index="0" bw="16" slack="0"/>
<pin id="261" dir="0" index="1" bw="1" slack="0"/>
<pin id="262" dir="1" index="2" bw="16" slack="0"/>
</pin_list>
<bind>
<opcode="add(8) " fcode="add"/>
<opset="add_ln118/2 "/>
</bind>
</comp>

<comp id="265" class="1004" name="icmp_ln122_fu_265">
<pin_list>
<pin id="266" dir="0" index="0" bw="16" slack="0"/>
<pin id="267" dir="0" index="1" bw="16" slack="1"/>
<pin id="268" dir="1" index="2" bw="1" slack="0"/>
</pin_list>
<bind>
<opcode="icmp(45) " fcode="icmp"/>
<opset="icmp_ln122/2 "/>
</bind>
</comp>

<comp id="270" class="1004" name="select_ln120_fu_270">
<pin_list>
<pin id="271" dir="0" index="0" bw="1" slack="0"/>
<pin id="272" dir="0" index="1" bw="16" slack="0"/>
<pin id="273" dir="0" index="2" bw="16" slack="0"/>
<pin id="274" dir="1" index="3" bw="16" slack="0"/>
</pin_list>
<bind>
<opcode="select(49) " fcode="select"/>
<opset="select_ln120/2 "/>
</bind>
</comp>

<comp id="278" class="1004" name="select_ln118_fu_278">
<pin_list>
<pin id="279" dir="0" index="0" bw="1" slack="0"/>
<pin id="280" dir="0" index="1" bw="16" slack="0"/>
<pin id="281" dir="0" index="2" bw="16" slack="0"/>
<pin id="282" dir="1" index="3" bw="16" slack="0"/>
</pin_list>
<bind>
<opcode="select(49) " fcode="select"/>
<opset="select_ln118/2 "/>
</bind>
</comp>

<comp id="286" class="1004" name="trunc_ln134_fu_286">
<pin_list>
<pin id="287" dir="0" index="0" bw="16" slack="0"/>
<pin id="288" dir="1" index="1" bw="12" slack="0"/>
</pin_list>
<bind>
<opcode="trunc(33) " fcode="trunc"/>
<opset="trunc_ln134/2 "/>
</bind>
</comp>

<comp id="290" class="1004" name="p_shl2_fu_290">
<pin_list>
<pin id="291" dir="0" index="0" bw="22" slack="0"/>
<pin id="292" dir="0" index="1" bw="12" slack="0"/>
<pin id="293" dir="0" index="2" bw="1" slack="0"/>
<pin id="294" dir="1" index="3" bw="22" slack="0"/>
</pin_list>
<bind>
<opcode="bitconcatenate(1004) " fcode="bitconcatenate"/>
<opset="p_shl2/2 "/>
</bind>
</comp>

<comp id="298" class="1004" name="trunc_ln134_1_fu_298">
<pin_list>
<pin id="299" dir="0" index="0" bw="16" slack="0"/>
<pin id="300" dir="1" index="1" bw="14" slack="0"/>
</pin_list>
<bind>
<opcode="trunc(33) " fcode="trunc"/>
<opset="trunc_ln134_1/2 "/>
</bind>
</comp>

<comp id="302" class="1004" name="p_shl3_fu_302">
<pin_list>
<pin id="303" dir="0" index="0" bw="22" slack="0"/>
<pin id="304" dir="0" index="1" bw="14" slack="0"/>
<pin id="305" dir="0" index="2" bw="1" slack="0"/>
<pin id="306" dir="1" index="3" bw="22" slack="0"/>
</pin_list>
<bind>
<opcode="bitconcatenate(1004) " fcode="bitconcatenate"/>
<opset="p_shl3/2 "/>
</bind>
</comp>

<comp id="310" class="1004" name="add_ln122_1_fu_310">
<pin_list>
<pin id="311" dir="0" index="0" bw="22" slack="0"/>
<pin id="312" dir="0" index="1" bw="22" slack="0"/>
<pin id="313" dir="1" index="2" bw="22" slack="0"/>
</pin_list>
<bind>
<opcode="add(8) " fcode="add"/>
<opset="add_ln122_1/2 "/>
</bind>
</comp>

<comp id="316" class="1004" name="zext_ln134_fu_316">
<pin_list>
<pin id="317" dir="0" index="0" bw="16" slack="0"/>
<pin id="318" dir="1" index="1" bw="22" slack="0"/>
</pin_list>
<bind>
<opcode="zext(34) " fcode="zext"/>
<opset="zext_ln134/2 "/>
</bind>
</comp>

<comp id="320" class="1004" name="add_ln134_fu_320">
<pin_list>
<pin id="321" dir="0" index="0" bw="22" slack="0"/>
<pin id="322" dir="0" index="1" bw="16" slack="0"/>
<pin id="323" dir="1" index="2" bw="22" slack="1"/>
</pin_list>
<bind>
<opcode="add(8) " fcode="add"/>
<opset="add_ln134/2 "/>
</bind>
</comp>

<comp id="326" class="1004" name="add_ln122_fu_326">
<pin_list>
<pin id="327" dir="0" index="0" bw="16" slack="0"/>
<pin id="328" dir="0" index="1" bw="1" slack="0"/>
<pin id="329" dir="1" index="2" bw="16" slack="0"/>
</pin_list>
<bind>
<opcode="add(8) " fcode="add"/>
<opset="add_ln122/2 "/>
</bind>
</comp>

<comp id="332" class="1004" name="store_ln101_store_fu_332">
<pin_list>
<pin id="333" dir="0" index="0" bw="16" slack="0"/>
<pin id="334" dir="0" index="1" bw="16" slack="1"/>
<pin id="335" dir="1" index="2" bw="0" slack="2147483647"/>
</pin_list>
<bind>
<opcode="store(28) " fcode="store"/>
<opset="store_ln101/2 "/>
</bind>
</comp>

<comp id="337" class="1004" name="store_ln101_store_fu_337">
<pin_list>
<pin id="338" dir="0" index="0" bw="16" slack="0"/>
<pin id="339" dir="0" index="1" bw="16" slack="1"/>
<pin id="340" dir="1" index="2" bw="0" slack="2147483647"/>
</pin_list>
<bind>
<opcode="store(28) " fcode="store"/>
<opset="store_ln101/2 "/>
</bind>
</comp>

<comp id="342" class="1004" name="zext_ln134_1_fu_342">
<pin_list>
<pin id="343" dir="0" index="0" bw="22" slack="1"/>
<pin id="344" dir="1" index="1" bw="64" slack="0"/>
</pin_list>
<bind>
<opcode="zext(34) " fcode="zext"/>
<opset="zext_ln134_1/3 "/>
</bind>
</comp>

<comp id="346" class="1004" name="zext_ln128_fu_346">
<pin_list>
<pin id="347" dir="0" index="0" bw="8" slack="0"/>
<pin id="348" dir="1" index="1" bw="9" slack="0"/>
</pin_list>
<bind>
<opcode="zext(34) " fcode="zext"/>
<opset="zext_ln128/4 "/>
</bind>
</comp>

<comp id="350" class="1004" name="C_fu_350">
<pin_list>
<pin id="351" dir="0" index="0" bw="8" slack="0"/>
<pin id="352" dir="0" index="1" bw="5" slack="0"/>
<pin id="353" dir="1" index="2" bw="9" slack="0"/>
</pin_list>
<bind>
<opcode="add(8) " fcode="add"/>
<opset="C/4 "/>
</bind>
</comp>

<comp id="356" class="1004" name="sext_ln131_fu_356">
<pin_list>
<pin id="357" dir="0" index="0" bw="9" slack="0"/>
<pin id="358" dir="1" index="1" bw="18" slack="0"/>
</pin_list>
<bind>
<opcode="sext(35) " fcode="sext"/>
<opset="sext_ln131/4 "/>
</bind>
</comp>

<comp id="360" class="1004" name="bit_sel4_fu_360">
<pin_list>
<pin id="361" dir="0" index="0" bw="1" slack="0"/>
<pin id="362" dir="0" index="1" bw="8" slack="0"/>
<pin id="363" dir="0" index="2" bw="4" slack="0"/>
<pin id="364" dir="1" index="3" bw="1" slack="0"/>
</pin_list>
<bind>
<opcode="bitselect(1000) " fcode="bitselect"/>
<opset="bit_sel4/5 "/>
</bind>
</comp>

<comp id="368" class="1004" name="xor_ln130_fu_368">
<pin_list>
<pin id="369" dir="0" index="0" bw="1" slack="0"/>
<pin id="370" dir="0" index="1" bw="1" slack="0"/>
<pin id="371" dir="1" index="2" bw="1" slack="0"/>
</pin_list>
<bind>
<opcode="xor(25) " fcode="xor"/>
<opset="xor_ln130/5 "/>
</bind>
</comp>

<comp id="374" class="1004" name="trunc_ln130_fu_374">
<pin_list>
<pin id="375" dir="0" index="0" bw="8" slack="0"/>
<pin id="376" dir="1" index="1" bw="7" slack="0"/>
</pin_list>
<bind>
<opcode="trunc(33) " fcode="trunc"/>
<opset="trunc_ln130/5 "/>
</bind>
</comp>

<comp id="378" class="1004" name="E_fu_378">
<pin_list>
<pin id="379" dir="0" index="0" bw="8" slack="0"/>
<pin id="380" dir="0" index="1" bw="1" slack="0"/>
<pin id="381" dir="0" index="2" bw="7" slack="0"/>
<pin id="382" dir="1" index="3" bw="8" slack="0"/>
</pin_list>
<bind>
<opcode="bitconcatenate(1004) " fcode="bitconcatenate"/>
<opset="E/5 "/>
</bind>
</comp>

<comp id="386" class="1004" name="sext_ln131_1_fu_386">
<pin_list>
<pin id="387" dir="0" index="0" bw="8" slack="0"/>
<pin id="388" dir="1" index="1" bw="17" slack="0"/>
</pin_list>
<bind>
<opcode="sext(35) " fcode="sext"/>
<opset="sext_ln131_1/5 "/>
</bind>
</comp>

<comp id="390" class="1004" name="sext_ln131_3_fu_390">
<pin_list>
<pin id="391" dir="0" index="0" bw="8" slack="0"/>
<pin id="392" dir="1" index="1" bw="18" slack="0"/>
</pin_list>
<bind>
<opcode="sext(35) " fcode="sext"/>
<opset="sext_ln131_3/5 "/>
</bind>
</comp>

<comp id="394" class="1004" name="bit_sel7_fu_394">
<pin_list>
<pin id="395" dir="0" index="0" bw="1" slack="0"/>
<pin id="396" dir="0" index="1" bw="8" slack="0"/>
<pin id="397" dir="0" index="2" bw="4" slack="0"/>
<pin id="398" dir="1" index="3" bw="1" slack="0"/>
</pin_list>
<bind>
<opcode="bitselect(1000) " fcode="bitselect"/>
<opset="bit_sel7/6 "/>
</bind>
</comp>

<comp id="402" class="1004" name="xor_ln129_fu_402">
<pin_list>
<pin id="403" dir="0" index="0" bw="1" slack="0"/>
<pin id="404" dir="0" index="1" bw="1" slack="0"/>
<pin id="405" dir="1" index="2" bw="1" slack="0"/>
</pin_list>
<bind>
<opcode="xor(25) " fcode="xor"/>
<opset="xor_ln129/6 "/>
</bind>
</comp>

<comp id="408" class="1004" name="trunc_ln129_fu_408">
<pin_list>
<pin id="409" dir="0" index="0" bw="8" slack="0"/>
<pin id="410" dir="1" index="1" bw="7" slack="0"/>
</pin_list>
<bind>
<opcode="trunc(33) " fcode="trunc"/>
<opset="trunc_ln129/6 "/>
</bind>
</comp>

<comp id="412" class="1004" name="D_fu_412">
<pin_list>
<pin id="413" dir="0" index="0" bw="8" slack="0"/>
<pin id="414" dir="0" index="1" bw="1" slack="0"/>
<pin id="415" dir="0" index="2" bw="7" slack="0"/>
<pin id="416" dir="1" index="3" bw="8" slack="0"/>
</pin_list>
<bind>
<opcode="bitconcatenate(1004) " fcode="bitconcatenate"/>
<opset="D/6 "/>
</bind>
</comp>

<comp id="420" class="1004" name="sext_ln132_fu_420">
<pin_list>
<pin id="421" dir="0" index="0" bw="8" slack="0"/>
<pin id="422" dir="1" index="1" bw="16" slack="0"/>
</pin_list>
<bind>
<opcode="sext(35) " fcode="sext"/>
<opset="sext_ln132/6 "/>
</bind>
</comp>

<comp id="424" class="1004" name="sext_ln131_4_fu_424">
<pin_list>
<pin id="425" dir="0" index="0" bw="18" slack="1"/>
<pin id="426" dir="1" index="1" bw="19" slack="0"/>
</pin_list>
<bind>
<opcode="sext(35) " fcode="sext"/>
<opset="sext_ln131_4/8 "/>
</bind>
</comp>

<comp id="427" class="1004" name="tmp_fu_427">
<pin_list>
<pin id="428" dir="0" index="0" bw="2" slack="0"/>
<pin id="429" dir="0" index="1" bw="18" slack="0"/>
<pin id="430" dir="0" index="2" bw="6" slack="0"/>
<pin id="431" dir="0" index="3" bw="6" slack="0"/>
<pin id="432" dir="1" index="4" bw="2" slack="0"/>
</pin_list>
<bind>
<opcode="partselect(1002) " fcode="partselect"/>
<opset="tmp/8 "/>
</bind>
</comp>

<comp id="436" class="1004" name="icmp_ln131_fu_436">
<pin_list>
<pin id="437" dir="0" index="0" bw="2" slack="0"/>
<pin id="438" dir="0" index="1" bw="2" slack="0"/>
<pin id="439" dir="1" index="2" bw="1" slack="0"/>
</pin_list>
<bind>
<opcode="icmp(45) " fcode="icmp"/>
<opset="icmp_ln131/8 "/>
</bind>
</comp>

<comp id="442" class="1004" name="tmp_1_fu_442">
<pin_list>
<pin id="443" dir="0" index="0" bw="1" slack="0"/>
<pin id="444" dir="0" index="1" bw="18" slack="0"/>
<pin id="445" dir="0" index="2" bw="6" slack="0"/>
<pin id="446" dir="1" index="3" bw="1" slack="0"/>
</pin_list>
<bind>
<opcode="bitselect(1000) " fcode="bitselect"/>
<opset="tmp_1/8 "/>
</bind>
</comp>

<comp id="449" class="1004" name="trunc_ln4_fu_449">
<pin_list>
<pin id="450" dir="0" index="0" bw="8" slack="0"/>
<pin id="451" dir="0" index="1" bw="18" slack="0"/>
<pin id="452" dir="0" index="2" bw="5" slack="0"/>
<pin id="453" dir="0" index="3" bw="5" slack="0"/>
<pin id="454" dir="1" index="4" bw="8" slack="0"/>
</pin_list>
<bind>
<opcode="partselect(1002) " fcode="partselect"/>
<opset="trunc_ln4/8 "/>
</bind>
</comp>

<comp id="458" class="1004" name="select_ln131_fu_458">
<pin_list>
<pin id="459" dir="0" index="0" bw="1" slack="0"/>
<pin id="460" dir="0" index="1" bw="8" slack="0"/>
<pin id="461" dir="0" index="2" bw="8" slack="0"/>
<pin id="462" dir="1" index="3" bw="8" slack="0"/>
</pin_list>
<bind>
<opcode="select(49) " fcode="select"/>
<opset="select_ln131/8 "/>
</bind>
</comp>

<comp id="466" class="1004" name="or_ln131_fu_466">
<pin_list>
<pin id="467" dir="0" index="0" bw="1" slack="0"/>
<pin id="468" dir="0" index="1" bw="1" slack="0"/>
<pin id="469" dir="1" index="2" bw="1" slack="0"/>
</pin_list>
<bind>
<opcode="or(24) " fcode="or"/>
<opset="or_ln131/8 "/>
</bind>
</comp>

<comp id="472" class="1004" name="R_fu_472">
<pin_list>
<pin id="473" dir="0" index="0" bw="1" slack="0"/>
<pin id="474" dir="0" index="1" bw="8" slack="0"/>
<pin id="475" dir="0" index="2" bw="8" slack="0"/>
<pin id="476" dir="1" index="3" bw="8" slack="0"/>
</pin_list>
<bind>
<opcode="select(49) " fcode="select"/>
<opset="R/8 "/>
</bind>
</comp>

<comp id="481" class="1004" name="tmp_4_fu_481">
<pin_list>
<pin id="482" dir="0" index="0" bw="17" slack="0"/>
<pin id="483" dir="0" index="1" bw="1" slack="2"/>
<pin id="484" dir="0" index="2" bw="7" slack="2"/>
<pin id="485" dir="0" index="3" bw="1" slack="0"/>
<pin id="486" dir="1" index="4" bw="17" slack="0"/>
</pin_list>
<bind>
<opcode="bitconcatenate(1004) " fcode="bitconcatenate"/>
<opset="tmp_4/8 "/>
</bind>
</comp>

<comp id="489" class="1004" name="sext_ln133_1_fu_489">
<pin_list>
<pin id="490" dir="0" index="0" bw="17" slack="0"/>
<pin id="491" dir="1" index="1" bw="19" slack="0"/>
</pin_list>
<bind>
<opcode="sext(35) " fcode="sext"/>
<opset="sext_ln133_1/8 "/>
</bind>
</comp>

<comp id="493" class="1004" name="tmp_5_fu_493">
<pin_list>
<pin id="494" dir="0" index="0" bw="10" slack="0"/>
<pin id="495" dir="0" index="1" bw="1" slack="2"/>
<pin id="496" dir="0" index="2" bw="7" slack="2"/>
<pin id="497" dir="0" index="3" bw="1" slack="0"/>
<pin id="498" dir="1" index="4" bw="10" slack="0"/>
</pin_list>
<bind>
<opcode="bitconcatenate(1004) " fcode="bitconcatenate"/>
<opset="tmp_5/8 "/>
</bind>
</comp>

<comp id="501" class="1004" name="sext_ln133_2_fu_501">
<pin_list>
<pin id="502" dir="0" index="0" bw="10" slack="0"/>
<pin id="503" dir="1" index="1" bw="19" slack="0"/>
</pin_list>
<bind>
<opcode="sext(35) " fcode="sext"/>
<opset="sext_ln133_2/8 "/>
</bind>
</comp>

<comp id="505" class="1004" name="add_ln133_1_fu_505">
<pin_list>
<pin id="506" dir="0" index="0" bw="17" slack="0"/>
<pin id="507" dir="0" index="1" bw="10" slack="0"/>
<pin id="508" dir="1" index="2" bw="19" slack="0"/>
</pin_list>
<bind>
<opcode="add(8) " fcode="add"/>
<opset="add_ln133_1/8 "/>
</bind>
</comp>

<comp id="511" class="1004" name="add_ln133_fu_511">
<pin_list>
<pin id="512" dir="0" index="0" bw="18" slack="0"/>
<pin id="513" dir="0" index="1" bw="18" slack="0"/>
<pin id="514" dir="1" index="2" bw="19" slack="0"/>
</pin_list>
<bind>
<opcode="add(8) " fcode="add"/>
<opset="add_ln133/8 "/>
</bind>
</comp>

<comp id="517" class="1004" name="tmp_6_fu_517">
<pin_list>
<pin id="518" dir="0" index="0" bw="3" slack="0"/>
<pin id="519" dir="0" index="1" bw="19" slack="0"/>
<pin id="520" dir="0" index="2" bw="6" slack="0"/>
<pin id="521" dir="0" index="3" bw="6" slack="0"/>
<pin id="522" dir="1" index="4" bw="3" slack="0"/>
</pin_list>
<bind>
<opcode="partselect(1002) " fcode="partselect"/>
<opset="tmp_6/8 "/>
</bind>
</comp>

<comp id="527" class="1004" name="icmp_ln133_fu_527">
<pin_list>
<pin id="528" dir="0" index="0" bw="3" slack="0"/>
<pin id="529" dir="0" index="1" bw="3" slack="0"/>
<pin id="530" dir="1" index="2" bw="1" slack="0"/>
</pin_list>
<bind>
<opcode="icmp(45) " fcode="icmp"/>
<opset="icmp_ln133/8 "/>
</bind>
</comp>

<comp id="533" class="1004" name="tmp_7_fu_533">
<pin_list>
<pin id="534" dir="0" index="0" bw="1" slack="0"/>
<pin id="535" dir="0" index="1" bw="19" slack="0"/>
<pin id="536" dir="0" index="2" bw="6" slack="0"/>
<pin id="537" dir="1" index="3" bw="1" slack="0"/>
</pin_list>
<bind>
<opcode="bitselect(1000) " fcode="bitselect"/>
<opset="tmp_7/8 "/>
</bind>
</comp>

<comp id="541" class="1004" name="trunc_ln6_fu_541">
<pin_list>
<pin id="542" dir="0" index="0" bw="8" slack="0"/>
<pin id="543" dir="0" index="1" bw="19" slack="0"/>
<pin id="544" dir="0" index="2" bw="5" slack="0"/>
<pin id="545" dir="0" index="3" bw="5" slack="0"/>
<pin id="546" dir="1" index="4" bw="8" slack="0"/>
</pin_list>
<bind>
<opcode="partselect(1002) " fcode="partselect"/>
<opset="trunc_ln6/8 "/>
</bind>
</comp>

<comp id="551" class="1004" name="select_ln133_fu_551">
<pin_list>
<pin id="552" dir="0" index="0" bw="1" slack="0"/>
<pin id="553" dir="0" index="1" bw="8" slack="0"/>
<pin id="554" dir="0" index="2" bw="8" slack="0"/>
<pin id="555" dir="1" index="3" bw="8" slack="0"/>
</pin_list>
<bind>
<opcode="select(49) " fcode="select"/>
<opset="select_ln133/8 "/>
</bind>
</comp>

<comp id="559" class="1004" name="or_ln133_fu_559">
<pin_list>
<pin id="560" dir="0" index="0" bw="1" slack="0"/>
<pin id="561" dir="0" index="1" bw="1" slack="0"/>
<pin id="562" dir="1" index="2" bw="1" slack="0"/>
</pin_list>
<bind>
<opcode="or(24) " fcode="or"/>
<opset="or_ln133/8 "/>
</bind>
</comp>

<comp id="565" class="1004" name="B_fu_565">
<pin_list>
<pin id="566" dir="0" index="0" bw="1" slack="0"/>
<pin id="567" dir="0" index="1" bw="8" slack="0"/>
<pin id="568" dir="0" index="2" bw="8" slack="0"/>
<pin id="569" dir="1" index="3" bw="8" slack="0"/>
</pin_list>
<bind>
<opcode="select(49) " fcode="select"/>
<opset="B/8 "/>
</bind>
</comp>

<comp id="574" class="1004" name="tmp_2_fu_574">
<pin_list>
<pin id="575" dir="0" index="0" bw="2" slack="0"/>
<pin id="576" dir="0" index="1" bw="18" slack="0"/>
<pin id="577" dir="0" index="2" bw="6" slack="0"/>
<pin id="578" dir="0" index="3" bw="6" slack="0"/>
<pin id="579" dir="1" index="4" bw="2" slack="0"/>
</pin_list>
<bind>
<opcode="partselect(1002) " fcode="partselect"/>
<opset="tmp_2/9 "/>
</bind>
</comp>

<comp id="583" class="1004" name="icmp_ln132_fu_583">
<pin_list>
<pin id="584" dir="0" index="0" bw="2" slack="0"/>
<pin id="585" dir="0" index="1" bw="2" slack="0"/>
<pin id="586" dir="1" index="2" bw="1" slack="0"/>
</pin_list>
<bind>
<opcode="icmp(45) " fcode="icmp"/>
<opset="icmp_ln132/9 "/>
</bind>
</comp>

<comp id="589" class="1004" name="tmp_3_fu_589">
<pin_list>
<pin id="590" dir="0" index="0" bw="1" slack="0"/>
<pin id="591" dir="0" index="1" bw="18" slack="0"/>
<pin id="592" dir="0" index="2" bw="6" slack="0"/>
<pin id="593" dir="1" index="3" bw="1" slack="0"/>
</pin_list>
<bind>
<opcode="bitselect(1000) " fcode="bitselect"/>
<opset="tmp_3/9 "/>
</bind>
</comp>

<comp id="596" class="1004" name="trunc_ln5_fu_596">
<pin_list>
<pin id="597" dir="0" index="0" bw="8" slack="0"/>
<pin id="598" dir="0" index="1" bw="18" slack="0"/>
<pin id="599" dir="0" index="2" bw="5" slack="0"/>
<pin id="600" dir="0" index="3" bw="5" slack="0"/>
<pin id="601" dir="1" index="4" bw="8" slack="0"/>
</pin_list>
<bind>
<opcode="partselect(1002) " fcode="partselect"/>
<opset="trunc_ln5/9 "/>
</bind>
</comp>

<comp id="605" class="1004" name="select_ln132_fu_605">
<pin_list>
<pin id="606" dir="0" index="0" bw="1" slack="0"/>
<pin id="607" dir="0" index="1" bw="8" slack="0"/>
<pin id="608" dir="0" index="2" bw="8" slack="0"/>
<pin id="609" dir="1" index="3" bw="8" slack="0"/>
</pin_list>
<bind>
<opcode="select(49) " fcode="select"/>
<opset="select_ln132/9 "/>
</bind>
</comp>

<comp id="613" class="1004" name="or_ln132_fu_613">
<pin_list>
<pin id="614" dir="0" index="0" bw="1" slack="0"/>
<pin id="615" dir="0" index="1" bw="1" slack="0"/>
<pin id="616" dir="1" index="2" bw="1" slack="0"/>
</pin_list>
<bind>
<opcode="or(24) " fcode="or"/>
<opset="or_ln132/9 "/>
</bind>
</comp>

<comp id="619" class="1004" name="G_fu_619">
<pin_list>
<pin id="620" dir="0" index="0" bw="1" slack="0"/>
<pin id="621" dir="0" index="1" bw="8" slack="0"/>
<pin id="622" dir="0" index="2" bw="8" slack="0"/>
<pin id="623" dir="1" index="3" bw="8" slack="0"/>
</pin_list>
<bind>
<opcode="select(49) " fcode="select"/>
<opset="G/9 "/>
</bind>
</comp>

<comp id="628" class="1007" name="grp_fu_628">
<pin_list>
<pin id="629" dir="0" index="0" bw="9" slack="0"/>
<pin id="630" dir="0" index="1" bw="9" slack="0"/>
<pin id="631" dir="0" index="2" bw="8" slack="0"/>
<pin id="632" dir="1" index="3" bw="18" slack="0"/>
</pin_list>
<bind>
<opcode="muladd(1172) " fcode="muladd"/>
<opset="mul_ln131/4 add_ln131/6 "/>
</bind>
</comp>

<comp id="636" class="1007" name="grp_fu_636">
<pin_list>
<pin id="637" dir="0" index="0" bw="9" slack="0"/>
<pin id="638" dir="0" index="1" bw="8" slack="0"/>
<pin id="639" dir="0" index="2" bw="18" slack="0"/>
<pin id="640" dir="1" index="3" bw="18" slack="0"/>
</pin_list>
<bind>
<opcode="muladd(1172) " fcode="muladd"/>
<opset="mul_ln131_1/5 add_ln131_1/7 "/>
</bind>
</comp>

<comp id="647" class="1007" name="grp_fu_647">
<pin_list>
<pin id="648" dir="0" index="0" bw="9" slack="0"/>
<pin id="649" dir="0" index="1" bw="8" slack="0"/>
<pin id="650" dir="0" index="2" bw="18" slack="0"/>
<pin id="651" dir="1" index="3" bw="18" slack="0"/>
</pin_list>
<bind>
<opcode="muladd(1172) " fcode="muladd"/>
<opset="mul_ln132_1/5 sext_ln132_3/7 add_ln132/7 "/>
</bind>
</comp>

<comp id="655" class="1007" name="grp_fu_655">
<pin_list>
<pin id="656" dir="0" index="0" bw="8" slack="0"/>
<pin id="657" dir="0" index="1" bw="8" slack="0"/>
<pin id="658" dir="0" index="2" bw="18" slack="0"/>
<pin id="659" dir="1" index="3" bw="18" slack="0"/>
</pin_list>
<bind>
<opcode="muladd(1172) " fcode="muladd"/>
<opset="mul_ln132/6 sext_ln132_2/8 add_ln132_1/8 "/>
</bind>
</comp>

<comp id="666" class="1005" name="y_reg_666">
<pin_list>
<pin id="667" dir="0" index="0" bw="16" slack="0"/>
<pin id="668" dir="1" index="1" bw="16" slack="0"/>
</pin_list>
<bind>
<opset="y "/>
</bind>
</comp>

<comp id="673" class="1005" name="x_reg_673">
<pin_list>
<pin id="674" dir="0" index="0" bw="16" slack="0"/>
<pin id="675" dir="1" index="1" bw="16" slack="0"/>
</pin_list>
<bind>
<opset="x "/>
</bind>
</comp>

<comp id="680" class="1005" name="indvar_flatten13_reg_680">
<pin_list>
<pin id="681" dir="0" index="0" bw="32" slack="0"/>
<pin id="682" dir="1" index="1" bw="32" slack="0"/>
</pin_list>
<bind>
<opset="indvar_flatten13 "/>
</bind>
</comp>

<comp id="687" class="1005" name="height_read_reg_687">
<pin_list>
<pin id="688" dir="0" index="0" bw="16" slack="1"/>
<pin id="689" dir="1" index="1" bw="16" slack="1"/>
</pin_list>
<bind>
<opset="height_read "/>
</bind>
</comp>

<comp id="692" class="1005" name="icmp_ln118_reg_692">
<pin_list>
<pin id="693" dir="0" index="0" bw="1" slack="7"/>
<pin id="694" dir="1" index="1" bw="1" slack="2147483647"/>
</pin_list>
<bind>
<opset="icmp_ln118 "/>
</bind>
</comp>

<comp id="696" class="1005" name="add_ln134_reg_696">
<pin_list>
<pin id="697" dir="0" index="0" bw="22" slack="1"/>
<pin id="698" dir="1" index="1" bw="22" slack="1"/>
</pin_list>
<bind>
<opset="add_ln134 "/>
</bind>
</comp>

<comp id="701" class="1005" name="zext_ln134_1_reg_701">
<pin_list>
<pin id="702" dir="0" index="0" bw="64" slack="1"/>
<pin id="703" dir="1" index="1" bw="64" slack="1"/>
</pin_list>
<bind>
<opset="zext_ln134_1 "/>
</bind>
</comp>

<comp id="710" class="1005" name="p_scale_channels_ch1_addr_reg_710">
<pin_list>
<pin id="711" dir="0" index="0" bw="22" slack="1"/>
<pin id="712" dir="1" index="1" bw="22" slack="1"/>
</pin_list>
<bind>
<opset="p_scale_channels_ch1_addr "/>
</bind>
</comp>

<comp id="715" class="1005" name="p_scale_channels_ch3_addr_reg_715">
<pin_list>
<pin id="716" dir="0" index="0" bw="22" slack="1"/>
<pin id="717" dir="1" index="1" bw="22" slack="1"/>
</pin_list>
<bind>
<opset="p_scale_channels_ch3_addr "/>
</bind>
</comp>

<comp id="720" class="1005" name="sext_ln131_reg_720">
<pin_list>
<pin id="721" dir="0" index="0" bw="18" slack="1"/>
<pin id="722" dir="1" index="1" bw="18" slack="1"/>
</pin_list>
<bind>
<opset="sext_ln131 "/>
</bind>
</comp>

<comp id="725" class="1005" name="p_scale_channels_ch2_addr_reg_725">
<pin_list>
<pin id="726" dir="0" index="0" bw="22" slack="1"/>
<pin id="727" dir="1" index="1" bw="22" slack="1"/>
</pin_list>
<bind>
<opset="p_scale_channels_ch2_addr "/>
</bind>
</comp>

<comp id="730" class="1005" name="sext_ln131_1_reg_730">
<pin_list>
<pin id="731" dir="0" index="0" bw="17" slack="1"/>
<pin id="732" dir="1" index="1" bw="17" slack="1"/>
</pin_list>
<bind>
<opset="sext_ln131_1 "/>
</bind>
</comp>

<comp id="735" class="1005" name="sext_ln131_3_reg_735">
<pin_list>
<pin id="736" dir="0" index="0" bw="18" slack="1"/>
<pin id="737" dir="1" index="1" bw="18" slack="1"/>
</pin_list>
<bind>
<opset="sext_ln131_3 "/>
</bind>
</comp>

<comp id="740" class="1005" name="xor_ln129_reg_740">
<pin_list>
<pin id="741" dir="0" index="0" bw="1" slack="2"/>
<pin id="742" dir="1" index="1" bw="1" slack="2"/>
</pin_list>
<bind>
<opset="xor_ln129 "/>
</bind>
</comp>

<comp id="746" class="1005" name="trunc_ln129_reg_746">
<pin_list>
<pin id="747" dir="0" index="0" bw="7" slack="2"/>
<pin id="748" dir="1" index="1" bw="7" slack="2"/>
</pin_list>
<bind>
<opset="trunc_ln129 "/>
</bind>
</comp>

<comp id="752" class="1005" name="sext_ln132_reg_752">
<pin_list>
<pin id="753" dir="0" index="0" bw="16" slack="1"/>
<pin id="754" dir="1" index="1" bw="16" slack="1"/>
</pin_list>
<bind>
<opset="sext_ln132 "/>
</bind>
</comp>

<comp id="757" class="1005" name="add_ln131_reg_757">
<pin_list>
<pin id="758" dir="0" index="0" bw="18" slack="1"/>
<pin id="759" dir="1" index="1" bw="18" slack="1"/>
</pin_list>
<bind>
<opset="add_ln131 "/>
</bind>
</comp>

<comp id="764" class="1005" name="add_ln132_reg_764">
<pin_list>
<pin id="765" dir="0" index="0" bw="18" slack="1"/>
<pin id="766" dir="1" index="1" bw="18" slack="1"/>
</pin_list>
<bind>
<opset="add_ln132 "/>
</bind>
</comp>

</comp_list>

<net_list>
<net id="119"><net_src comp="16" pin="0"/><net_sink comp="116" pin=0"/></net>

<net id="123"><net_src comp="16" pin="0"/><net_sink comp="120" pin=0"/></net>

<net id="127"><net_src comp="16" pin="0"/><net_sink comp="124" pin=0"/></net>

<net id="132"><net_src comp="28" pin="0"/><net_sink comp="128" pin=0"/></net>

<net id="133"><net_src comp="2" pin="0"/><net_sink comp="128" pin=1"/></net>

<net id="138"><net_src comp="30" pin="0"/><net_sink comp="134" pin=0"/></net>

<net id="139"><net_src comp="0" pin="0"/><net_sink comp="134" pin=1"/></net>

<net id="145"><net_src comp="10" pin="0"/><net_sink comp="140" pin=0"/></net>

<net id="146"><net_src comp="46" pin="0"/><net_sink comp="140" pin=1"/></net>

<net id="152"><net_src comp="140" pin="3"/><net_sink comp="147" pin=0"/></net>

<net id="158"><net_src comp="14" pin="0"/><net_sink comp="153" pin=0"/></net>

<net id="159"><net_src comp="46" pin="0"/><net_sink comp="153" pin=1"/></net>

<net id="165"><net_src comp="153" pin="3"/><net_sink comp="160" pin=0"/></net>

<net id="171"><net_src comp="12" pin="0"/><net_sink comp="166" pin=0"/></net>

<net id="172"><net_src comp="46" pin="0"/><net_sink comp="166" pin=1"/></net>

<net id="178"><net_src comp="166" pin="3"/><net_sink comp="173" pin=0"/></net>

<net id="184"><net_src comp="4" pin="0"/><net_sink comp="179" pin=0"/></net>

<net id="185"><net_src comp="46" pin="0"/><net_sink comp="179" pin=1"/></net>

<net id="191"><net_src comp="8" pin="0"/><net_sink comp="186" pin=0"/></net>

<net id="192"><net_src comp="46" pin="0"/><net_sink comp="186" pin=1"/></net>

<net id="198"><net_src comp="179" pin="3"/><net_sink comp="193" pin=0"/></net>

<net id="204"><net_src comp="186" pin="3"/><net_sink comp="199" pin=0"/></net>

<net id="210"><net_src comp="6" pin="0"/><net_sink comp="205" pin=0"/></net>

<net id="211"><net_src comp="46" pin="0"/><net_sink comp="205" pin=1"/></net>

<net id="217"><net_src comp="205" pin="3"/><net_sink comp="212" pin=0"/></net>

<net id="222"><net_src comp="22" pin="0"/><net_sink comp="218" pin=0"/></net>

<net id="227"><net_src comp="32" pin="0"/><net_sink comp="223" pin=0"/></net>

<net id="232"><net_src comp="32" pin="0"/><net_sink comp="228" pin=0"/></net>

<net id="240"><net_src comp="233" pin="1"/><net_sink comp="236" pin=0"/></net>

<net id="241"><net_src comp="134" pin="2"/><net_sink comp="236" pin=1"/></net>

<net id="246"><net_src comp="233" pin="1"/><net_sink comp="242" pin=0"/></net>

<net id="247"><net_src comp="16" pin="0"/><net_sink comp="242" pin=1"/></net>

<net id="252"><net_src comp="242" pin="2"/><net_sink comp="248" pin=0"/></net>

<net id="263"><net_src comp="256" pin="1"/><net_sink comp="259" pin=0"/></net>

<net id="264"><net_src comp="36" pin="0"/><net_sink comp="259" pin=1"/></net>

<net id="269"><net_src comp="253" pin="1"/><net_sink comp="265" pin=0"/></net>

<net id="275"><net_src comp="265" pin="2"/><net_sink comp="270" pin=0"/></net>

<net id="276"><net_src comp="32" pin="0"/><net_sink comp="270" pin=1"/></net>

<net id="277"><net_src comp="253" pin="1"/><net_sink comp="270" pin=2"/></net>

<net id="283"><net_src comp="265" pin="2"/><net_sink comp="278" pin=0"/></net>

<net id="284"><net_src comp="259" pin="2"/><net_sink comp="278" pin=1"/></net>

<net id="285"><net_src comp="256" pin="1"/><net_sink comp="278" pin=2"/></net>

<net id="289"><net_src comp="278" pin="3"/><net_sink comp="286" pin=0"/></net>

<net id="295"><net_src comp="38" pin="0"/><net_sink comp="290" pin=0"/></net>

<net id="296"><net_src comp="286" pin="1"/><net_sink comp="290" pin=1"/></net>

<net id="297"><net_src comp="40" pin="0"/><net_sink comp="290" pin=2"/></net>

<net id="301"><net_src comp="278" pin="3"/><net_sink comp="298" pin=0"/></net>

<net id="307"><net_src comp="42" pin="0"/><net_sink comp="302" pin=0"/></net>

<net id="308"><net_src comp="298" pin="1"/><net_sink comp="302" pin=1"/></net>

<net id="309"><net_src comp="44" pin="0"/><net_sink comp="302" pin=2"/></net>

<net id="314"><net_src comp="290" pin="3"/><net_sink comp="310" pin=0"/></net>

<net id="315"><net_src comp="302" pin="3"/><net_sink comp="310" pin=1"/></net>

<net id="319"><net_src comp="270" pin="3"/><net_sink comp="316" pin=0"/></net>

<net id="324"><net_src comp="310" pin="2"/><net_sink comp="320" pin=0"/></net>

<net id="325"><net_src comp="316" pin="1"/><net_sink comp="320" pin=1"/></net>

<net id="330"><net_src comp="270" pin="3"/><net_sink comp="326" pin=0"/></net>

<net id="331"><net_src comp="36" pin="0"/><net_sink comp="326" pin=1"/></net>

<net id="336"><net_src comp="278" pin="3"/><net_sink comp="332" pin=0"/></net>

<net id="341"><net_src comp="326" pin="2"/><net_sink comp="337" pin=0"/></net>

<net id="345"><net_src comp="342" pin="1"/><net_sink comp="140" pin=2"/></net>

<net id="349"><net_src comp="147" pin="3"/><net_sink comp="346" pin=0"/></net>

<net id="354"><net_src comp="346" pin="1"/><net_sink comp="350" pin=0"/></net>

<net id="355"><net_src comp="48" pin="0"/><net_sink comp="350" pin=1"/></net>

<net id="359"><net_src comp="350" pin="2"/><net_sink comp="356" pin=0"/></net>

<net id="365"><net_src comp="52" pin="0"/><net_sink comp="360" pin=0"/></net>

<net id="366"><net_src comp="160" pin="3"/><net_sink comp="360" pin=1"/></net>

<net id="367"><net_src comp="54" pin="0"/><net_sink comp="360" pin=2"/></net>

<net id="372"><net_src comp="360" pin="3"/><net_sink comp="368" pin=0"/></net>

<net id="373"><net_src comp="56" pin="0"/><net_sink comp="368" pin=1"/></net>

<net id="377"><net_src comp="160" pin="3"/><net_sink comp="374" pin=0"/></net>

<net id="383"><net_src comp="58" pin="0"/><net_sink comp="378" pin=0"/></net>

<net id="384"><net_src comp="368" pin="2"/><net_sink comp="378" pin=1"/></net>

<net id="385"><net_src comp="374" pin="1"/><net_sink comp="378" pin=2"/></net>

<net id="389"><net_src comp="378" pin="3"/><net_sink comp="386" pin=0"/></net>

<net id="393"><net_src comp="378" pin="3"/><net_sink comp="390" pin=0"/></net>

<net id="399"><net_src comp="52" pin="0"/><net_sink comp="394" pin=0"/></net>

<net id="400"><net_src comp="173" pin="3"/><net_sink comp="394" pin=1"/></net>

<net id="401"><net_src comp="54" pin="0"/><net_sink comp="394" pin=2"/></net>

<net id="406"><net_src comp="394" pin="3"/><net_sink comp="402" pin=0"/></net>

<net id="407"><net_src comp="56" pin="0"/><net_sink comp="402" pin=1"/></net>

<net id="411"><net_src comp="173" pin="3"/><net_sink comp="408" pin=0"/></net>

<net id="417"><net_src comp="58" pin="0"/><net_sink comp="412" pin=0"/></net>

<net id="418"><net_src comp="402" pin="2"/><net_sink comp="412" pin=1"/></net>

<net id="419"><net_src comp="408" pin="1"/><net_sink comp="412" pin=2"/></net>

<net id="423"><net_src comp="412" pin="3"/><net_sink comp="420" pin=0"/></net>

<net id="433"><net_src comp="68" pin="0"/><net_sink comp="427" pin=0"/></net>

<net id="434"><net_src comp="70" pin="0"/><net_sink comp="427" pin=2"/></net>

<net id="435"><net_src comp="72" pin="0"/><net_sink comp="427" pin=3"/></net>

<net id="440"><net_src comp="427" pin="4"/><net_sink comp="436" pin=0"/></net>

<net id="441"><net_src comp="74" pin="0"/><net_sink comp="436" pin=1"/></net>

<net id="447"><net_src comp="76" pin="0"/><net_sink comp="442" pin=0"/></net>

<net id="448"><net_src comp="72" pin="0"/><net_sink comp="442" pin=2"/></net>

<net id="455"><net_src comp="78" pin="0"/><net_sink comp="449" pin=0"/></net>

<net id="456"><net_src comp="80" pin="0"/><net_sink comp="449" pin=2"/></net>

<net id="457"><net_src comp="82" pin="0"/><net_sink comp="449" pin=3"/></net>

<net id="463"><net_src comp="436" pin="2"/><net_sink comp="458" pin=0"/></net>

<net id="464"><net_src comp="84" pin="0"/><net_sink comp="458" pin=1"/></net>

<net id="465"><net_src comp="44" pin="0"/><net_sink comp="458" pin=2"/></net>

<net id="470"><net_src comp="436" pin="2"/><net_sink comp="466" pin=0"/></net>

<net id="471"><net_src comp="442" pin="3"/><net_sink comp="466" pin=1"/></net>

<net id="477"><net_src comp="466" pin="2"/><net_sink comp="472" pin=0"/></net>

<net id="478"><net_src comp="458" pin="3"/><net_sink comp="472" pin=1"/></net>

<net id="479"><net_src comp="449" pin="4"/><net_sink comp="472" pin=2"/></net>

<net id="480"><net_src comp="472" pin="3"/><net_sink comp="193" pin=1"/></net>

<net id="487"><net_src comp="86" pin="0"/><net_sink comp="481" pin=0"/></net>

<net id="488"><net_src comp="88" pin="0"/><net_sink comp="481" pin=3"/></net>

<net id="492"><net_src comp="481" pin="4"/><net_sink comp="489" pin=0"/></net>

<net id="499"><net_src comp="90" pin="0"/><net_sink comp="493" pin=0"/></net>

<net id="500"><net_src comp="92" pin="0"/><net_sink comp="493" pin=3"/></net>

<net id="504"><net_src comp="493" pin="4"/><net_sink comp="501" pin=0"/></net>

<net id="509"><net_src comp="489" pin="1"/><net_sink comp="505" pin=0"/></net>

<net id="510"><net_src comp="501" pin="1"/><net_sink comp="505" pin=1"/></net>

<net id="515"><net_src comp="505" pin="2"/><net_sink comp="511" pin=0"/></net>

<net id="516"><net_src comp="424" pin="1"/><net_sink comp="511" pin=1"/></net>

<net id="523"><net_src comp="94" pin="0"/><net_sink comp="517" pin=0"/></net>

<net id="524"><net_src comp="511" pin="2"/><net_sink comp="517" pin=1"/></net>

<net id="525"><net_src comp="70" pin="0"/><net_sink comp="517" pin=2"/></net>

<net id="526"><net_src comp="96" pin="0"/><net_sink comp="517" pin=3"/></net>

<net id="531"><net_src comp="517" pin="4"/><net_sink comp="527" pin=0"/></net>

<net id="532"><net_src comp="98" pin="0"/><net_sink comp="527" pin=1"/></net>

<net id="538"><net_src comp="100" pin="0"/><net_sink comp="533" pin=0"/></net>

<net id="539"><net_src comp="511" pin="2"/><net_sink comp="533" pin=1"/></net>

<net id="540"><net_src comp="96" pin="0"/><net_sink comp="533" pin=2"/></net>

<net id="547"><net_src comp="102" pin="0"/><net_sink comp="541" pin=0"/></net>

<net id="548"><net_src comp="511" pin="2"/><net_sink comp="541" pin=1"/></net>

<net id="549"><net_src comp="80" pin="0"/><net_sink comp="541" pin=2"/></net>

<net id="550"><net_src comp="82" pin="0"/><net_sink comp="541" pin=3"/></net>

<net id="556"><net_src comp="527" pin="2"/><net_sink comp="551" pin=0"/></net>

<net id="557"><net_src comp="84" pin="0"/><net_sink comp="551" pin=1"/></net>

<net id="558"><net_src comp="44" pin="0"/><net_sink comp="551" pin=2"/></net>

<net id="563"><net_src comp="527" pin="2"/><net_sink comp="559" pin=0"/></net>

<net id="564"><net_src comp="533" pin="3"/><net_sink comp="559" pin=1"/></net>

<net id="570"><net_src comp="559" pin="2"/><net_sink comp="565" pin=0"/></net>

<net id="571"><net_src comp="551" pin="3"/><net_sink comp="565" pin=1"/></net>

<net id="572"><net_src comp="541" pin="4"/><net_sink comp="565" pin=2"/></net>

<net id="573"><net_src comp="565" pin="3"/><net_sink comp="199" pin=1"/></net>

<net id="580"><net_src comp="68" pin="0"/><net_sink comp="574" pin=0"/></net>

<net id="581"><net_src comp="70" pin="0"/><net_sink comp="574" pin=2"/></net>

<net id="582"><net_src comp="72" pin="0"/><net_sink comp="574" pin=3"/></net>

<net id="587"><net_src comp="574" pin="4"/><net_sink comp="583" pin=0"/></net>

<net id="588"><net_src comp="74" pin="0"/><net_sink comp="583" pin=1"/></net>

<net id="594"><net_src comp="76" pin="0"/><net_sink comp="589" pin=0"/></net>

<net id="595"><net_src comp="72" pin="0"/><net_sink comp="589" pin=2"/></net>

<net id="602"><net_src comp="78" pin="0"/><net_sink comp="596" pin=0"/></net>

<net id="603"><net_src comp="80" pin="0"/><net_sink comp="596" pin=2"/></net>

<net id="604"><net_src comp="82" pin="0"/><net_sink comp="596" pin=3"/></net>

<net id="610"><net_src comp="583" pin="2"/><net_sink comp="605" pin=0"/></net>

<net id="611"><net_src comp="84" pin="0"/><net_sink comp="605" pin=1"/></net>

<net id="612"><net_src comp="44" pin="0"/><net_sink comp="605" pin=2"/></net>

<net id="617"><net_src comp="583" pin="2"/><net_sink comp="613" pin=0"/></net>

<net id="618"><net_src comp="589" pin="3"/><net_sink comp="613" pin=1"/></net>

<net id="624"><net_src comp="613" pin="2"/><net_sink comp="619" pin=0"/></net>

<net id="625"><net_src comp="605" pin="3"/><net_sink comp="619" pin=1"/></net>

<net id="626"><net_src comp="596" pin="4"/><net_sink comp="619" pin=2"/></net>

<net id="627"><net_src comp="619" pin="3"/><net_sink comp="212" pin=1"/></net>

<net id="633"><net_src comp="356" pin="1"/><net_sink comp="628" pin=0"/></net>

<net id="634"><net_src comp="50" pin="0"/><net_sink comp="628" pin=1"/></net>

<net id="635"><net_src comp="64" pin="0"/><net_sink comp="628" pin=2"/></net>

<net id="641"><net_src comp="390" pin="1"/><net_sink comp="636" pin=0"/></net>

<net id="642"><net_src comp="60" pin="0"/><net_sink comp="636" pin=1"/></net>

<net id="643"><net_src comp="628" pin="3"/><net_sink comp="636" pin=2"/></net>

<net id="644"><net_src comp="636" pin="3"/><net_sink comp="427" pin=1"/></net>

<net id="645"><net_src comp="636" pin="3"/><net_sink comp="442" pin=1"/></net>

<net id="646"><net_src comp="636" pin="3"/><net_sink comp="449" pin=1"/></net>

<net id="652"><net_src comp="386" pin="1"/><net_sink comp="647" pin=0"/></net>

<net id="653"><net_src comp="62" pin="0"/><net_sink comp="647" pin=1"/></net>

<net id="654"><net_src comp="628" pin="3"/><net_sink comp="647" pin=2"/></net>

<net id="660"><net_src comp="420" pin="1"/><net_sink comp="655" pin=0"/></net>

<net id="661"><net_src comp="66" pin="0"/><net_sink comp="655" pin=1"/></net>

<net id="662"><net_src comp="647" pin="3"/><net_sink comp="655" pin=2"/></net>

<net id="663"><net_src comp="655" pin="3"/><net_sink comp="574" pin=1"/></net>

<net id="664"><net_src comp="655" pin="3"/><net_sink comp="589" pin=1"/></net>

<net id="665"><net_src comp="655" pin="3"/><net_sink comp="596" pin=1"/></net>

<net id="669"><net_src comp="116" pin="1"/><net_sink comp="666" pin=0"/></net>

<net id="670"><net_src comp="666" pin="1"/><net_sink comp="228" pin=1"/></net>

<net id="671"><net_src comp="666" pin="1"/><net_sink comp="253" pin=0"/></net>

<net id="672"><net_src comp="666" pin="1"/><net_sink comp="337" pin=1"/></net>

<net id="676"><net_src comp="120" pin="1"/><net_sink comp="673" pin=0"/></net>

<net id="677"><net_src comp="673" pin="1"/><net_sink comp="223" pin=1"/></net>

<net id="678"><net_src comp="673" pin="1"/><net_sink comp="256" pin=0"/></net>

<net id="679"><net_src comp="673" pin="1"/><net_sink comp="332" pin=1"/></net>

<net id="683"><net_src comp="124" pin="1"/><net_sink comp="680" pin=0"/></net>

<net id="684"><net_src comp="680" pin="1"/><net_sink comp="218" pin=1"/></net>

<net id="685"><net_src comp="680" pin="1"/><net_sink comp="233" pin=0"/></net>

<net id="686"><net_src comp="680" pin="1"/><net_sink comp="248" pin=1"/></net>

<net id="690"><net_src comp="128" pin="2"/><net_sink comp="687" pin=0"/></net>

<net id="691"><net_src comp="687" pin="1"/><net_sink comp="265" pin=1"/></net>

<net id="695"><net_src comp="236" pin="2"/><net_sink comp="692" pin=0"/></net>

<net id="699"><net_src comp="320" pin="2"/><net_sink comp="696" pin=0"/></net>

<net id="700"><net_src comp="696" pin="1"/><net_sink comp="342" pin=0"/></net>

<net id="704"><net_src comp="342" pin="1"/><net_sink comp="701" pin=0"/></net>

<net id="705"><net_src comp="701" pin="1"/><net_sink comp="153" pin=2"/></net>

<net id="706"><net_src comp="701" pin="1"/><net_sink comp="166" pin=2"/></net>

<net id="707"><net_src comp="701" pin="1"/><net_sink comp="179" pin=2"/></net>

<net id="708"><net_src comp="701" pin="1"/><net_sink comp="186" pin=2"/></net>

<net id="709"><net_src comp="701" pin="1"/><net_sink comp="205" pin=2"/></net>

<net id="713"><net_src comp="140" pin="3"/><net_sink comp="710" pin=0"/></net>

<net id="714"><net_src comp="710" pin="1"/><net_sink comp="147" pin=0"/></net>

<net id="718"><net_src comp="153" pin="3"/><net_sink comp="715" pin=0"/></net>

<net id="719"><net_src comp="715" pin="1"/><net_sink comp="160" pin=0"/></net>

<net id="723"><net_src comp="356" pin="1"/><net_sink comp="720" pin=0"/></net>

<net id="724"><net_src comp="720" pin="1"/><net_sink comp="628" pin=0"/></net>

<net id="728"><net_src comp="166" pin="3"/><net_sink comp="725" pin=0"/></net>

<net id="729"><net_src comp="725" pin="1"/><net_sink comp="173" pin=0"/></net>

<net id="733"><net_src comp="386" pin="1"/><net_sink comp="730" pin=0"/></net>

<net id="734"><net_src comp="730" pin="1"/><net_sink comp="647" pin=0"/></net>

<net id="738"><net_src comp="390" pin="1"/><net_sink comp="735" pin=0"/></net>

<net id="739"><net_src comp="735" pin="1"/><net_sink comp="636" pin=0"/></net>

<net id="743"><net_src comp="402" pin="2"/><net_sink comp="740" pin=0"/></net>

<net id="744"><net_src comp="740" pin="1"/><net_sink comp="481" pin=1"/></net>

<net id="745"><net_src comp="740" pin="1"/><net_sink comp="493" pin=1"/></net>

<net id="749"><net_src comp="408" pin="1"/><net_sink comp="746" pin=0"/></net>

<net id="750"><net_src comp="746" pin="1"/><net_sink comp="481" pin=2"/></net>

<net id="751"><net_src comp="746" pin="1"/><net_sink comp="493" pin=2"/></net>

<net id="755"><net_src comp="420" pin="1"/><net_sink comp="752" pin=0"/></net>

<net id="756"><net_src comp="752" pin="1"/><net_sink comp="655" pin=0"/></net>

<net id="760"><net_src comp="628" pin="3"/><net_sink comp="757" pin=0"/></net>

<net id="761"><net_src comp="757" pin="1"/><net_sink comp="424" pin=0"/></net>

<net id="762"><net_src comp="757" pin="1"/><net_sink comp="636" pin=1"/></net>

<net id="763"><net_src comp="757" pin="1"/><net_sink comp="647" pin=0"/></net>

<net id="767"><net_src comp="647" pin="3"/><net_sink comp="764" pin=0"/></net>

<net id="768"><net_src comp="764" pin="1"/><net_sink comp="655" pin=0"/></net>

</net_list>

</model> 
---------------- Datapath Model END ------------------

* FSMD analyzer results:
  - Output states:
	Port: out_channels_ch1 | {8 }
	Port: out_channels_ch2 | {9 }
	Port: out_channels_ch3 | {8 }
 - Input state : 
	Port: yuv_filter_Pipeline_YUV2RGB_LOOP_X_YUV2RGB_LOOP_Y : mul_ln31 | {1 }
	Port: yuv_filter_Pipeline_YUV2RGB_LOOP_X_YUV2RGB_LOOP_Y : height | {1 }
	Port: yuv_filter_Pipeline_YUV2RGB_LOOP_X_YUV2RGB_LOOP_Y : out_channels_ch1 | {}
	Port: yuv_filter_Pipeline_YUV2RGB_LOOP_X_YUV2RGB_LOOP_Y : out_channels_ch2 | {}
	Port: yuv_filter_Pipeline_YUV2RGB_LOOP_X_YUV2RGB_LOOP_Y : out_channels_ch3 | {}
	Port: yuv_filter_Pipeline_YUV2RGB_LOOP_X_YUV2RGB_LOOP_Y : p_scale_channels_ch1 | {3 4 }
	Port: yuv_filter_Pipeline_YUV2RGB_LOOP_X_YUV2RGB_LOOP_Y : p_scale_channels_ch2 | {5 6 }
	Port: yuv_filter_Pipeline_YUV2RGB_LOOP_X_YUV2RGB_LOOP_Y : p_scale_channels_ch3 | {4 5 }
  - Chain level:
	State 1
		store_ln0 : 1
		store_ln101 : 1
		store_ln101 : 1
		indvar_flatten13_load : 1
		icmp_ln118 : 2
		add_ln118_1 : 2
		br_ln118 : 3
		store_ln118 : 3
	State 2
		add_ln118 : 1
		icmp_ln122 : 1
		select_ln120 : 2
		select_ln118 : 2
		trunc_ln134 : 3
		p_shl2 : 4
		trunc_ln134_1 : 3
		p_shl3 : 4
		add_ln122_1 : 5
		zext_ln134 : 3
		add_ln134 : 6
		add_ln122 : 3
		store_ln101 : 3
		store_ln101 : 4
	State 3
		p_scale_channels_ch1_addr : 1
		Y : 2
	State 4
		V : 1
		zext_ln128 : 1
		C : 2
		sext_ln131 : 3
		mul_ln131 : 4
	State 5
		U : 1
		bit_sel4 : 1
		xor_ln130 : 2
		trunc_ln130 : 1
		E : 2
		sext_ln131_1 : 3
		sext_ln131_3 : 3
		mul_ln131_1 : 4
		mul_ln132_1 : 4
	State 6
		bit_sel7 : 1
		xor_ln129 : 2
		trunc_ln129 : 1
		D : 2
		add_ln131 : 1
		sext_ln132 : 3
		mul_ln132 : 4
	State 7
		add_ln131_1 : 1
		sext_ln132_3 : 1
		add_ln132 : 2
	State 8
		tmp : 1
		icmp_ln131 : 2
		tmp_1 : 1
		trunc_ln4 : 1
		select_ln131 : 3
		or_ln131 : 3
		R : 3
		sext_ln132_2 : 1
		add_ln132_1 : 2
		sext_ln133_1 : 1
		sext_ln133_2 : 1
		add_ln133_1 : 2
		add_ln133 : 3
		tmp_6 : 4
		icmp_ln133 : 5
		tmp_7 : 4
		trunc_ln6 : 4
		select_ln133 : 6
		or_ln133 : 6
		B : 6
		store_ln134 : 4
		store_ln136 : 7
	State 9
		tmp_2 : 1
		icmp_ln132 : 2
		tmp_3 : 1
		trunc_ln5 : 1
		select_ln132 : 3
		or_ln132 : 3
		G : 3
		store_ln135 : 4


============================================================
+ Verbose Summary: Datapath Resource usage 
============================================================

* Functional unit list:
|----------|---------------------------|---------|---------|---------|
| Operation|      Functional Unit      |   DSP   |    FF   |   LUT   |
|----------|---------------------------|---------|---------|---------|
|          |     add_ln118_1_fu_242    |    0    |    0    |    39   |
|          |      add_ln118_fu_259     |    0    |    0    |    23   |
|          |     add_ln122_1_fu_310    |    0    |    0    |    22   |
|    add   |      add_ln134_fu_320     |    0    |    0    |    22   |
|          |      add_ln122_fu_326     |    0    |    0    |    23   |
|          |          C_fu_350         |    0    |    0    |    15   |
|          |     add_ln133_1_fu_505    |    0    |    0    |    17   |
|          |      add_ln133_fu_511     |    0    |    0    |    18   |
|----------|---------------------------|---------|---------|---------|
|          |     icmp_ln118_fu_236     |    0    |    0    |    39   |
|          |     icmp_ln122_fu_265     |    0    |    0    |    23   |
|   icmp   |     icmp_ln131_fu_436     |    0    |    0    |    10   |
|          |     icmp_ln133_fu_527     |    0    |    0    |    11   |
|          |     icmp_ln132_fu_583     |    0    |    0    |    10   |
|----------|---------------------------|---------|---------|---------|
|          |    select_ln120_fu_270    |    0    |    0    |    16   |
|          |    select_ln118_fu_278    |    0    |    0    |    16   |
|          |    select_ln131_fu_458    |    0    |    0    |    8    |
|  select  |          R_fu_472         |    0    |    0    |    8    |
|          |    select_ln133_fu_551    |    0    |    0    |    8    |
|          |          B_fu_565         |    0    |    0    |    8    |
|          |    select_ln132_fu_605    |    0    |    0    |    8    |
|          |          G_fu_619         |    0    |    0    |    8    |
|----------|---------------------------|---------|---------|---------|
|          |      or_ln131_fu_466      |    0    |    0    |    2    |
|    or    |      or_ln133_fu_559      |    0    |    0    |    2    |
|          |      or_ln132_fu_613      |    0    |    0    |    2    |
|----------|---------------------------|---------|---------|---------|
|    xor   |      xor_ln130_fu_368     |    0    |    0    |    2    |
|          |      xor_ln129_fu_402     |    0    |    0    |    2    |
|----------|---------------------------|---------|---------|---------|
|          |         grp_fu_628        |    1    |    0    |    0    |
|  muladd  |         grp_fu_636        |    1    |    0    |    0    |
|          |         grp_fu_647        |    1    |    0    |    0    |
|          |         grp_fu_655        |    1    |    0    |    0    |
|----------|---------------------------|---------|---------|---------|
|   read   |  height_read_read_fu_128  |    0    |    0    |    0    |
|          | mul_ln31_read_read_fu_134 |    0    |    0    |    0    |
|----------|---------------------------|---------|---------|---------|
|          |     trunc_ln134_fu_286    |    0    |    0    |    0    |
|   trunc  |    trunc_ln134_1_fu_298   |    0    |    0    |    0    |
|          |     trunc_ln130_fu_374    |    0    |    0    |    0    |
|          |     trunc_ln129_fu_408    |    0    |    0    |    0    |
|----------|---------------------------|---------|---------|---------|
|          |       p_shl2_fu_290       |    0    |    0    |    0    |
|          |       p_shl3_fu_302       |    0    |    0    |    0    |
|bitconcatenate|          E_fu_378         |    0    |    0    |    0    |
|          |          D_fu_412         |    0    |    0    |    0    |
|          |        tmp_4_fu_481       |    0    |    0    |    0    |
|          |        tmp_5_fu_493       |    0    |    0    |    0    |
|----------|---------------------------|---------|---------|---------|
|          |     zext_ln134_fu_316     |    0    |    0    |    0    |
|   zext   |    zext_ln134_1_fu_342    |    0    |    0    |    0    |
|          |     zext_ln128_fu_346     |    0    |    0    |    0    |
|----------|---------------------------|---------|---------|---------|
|          |     sext_ln131_fu_356     |    0    |    0    |    0    |
|          |    sext_ln131_1_fu_386    |    0    |    0    |    0    |
|          |    sext_ln131_3_fu_390    |    0    |    0    |    0    |
|   sext   |     sext_ln132_fu_420     |    0    |    0    |    0    |
|          |    sext_ln131_4_fu_424    |    0    |    0    |    0    |
|          |    sext_ln133_1_fu_489    |    0    |    0    |    0    |
|          |    sext_ln133_2_fu_501    |    0    |    0    |    0    |
|----------|---------------------------|---------|---------|---------|
|          |      bit_sel4_fu_360      |    0    |    0    |    0    |
|          |      bit_sel7_fu_394      |    0    |    0    |    0    |
| bitselect|        tmp_1_fu_442       |    0    |    0    |    0    |
|          |        tmp_7_fu_533       |    0    |    0    |    0    |
|          |        tmp_3_fu_589       |    0    |    0    |    0    |
|----------|---------------------------|---------|---------|---------|
|          |         tmp_fu_427        |    0    |    0    |    0    |
|          |      trunc_ln4_fu_449     |    0    |    0    |    0    |
|partselect|        tmp_6_fu_517       |    0    |    0    |    0    |
|          |      trunc_ln6_fu_541     |    0    |    0    |    0    |
|          |        tmp_2_fu_574       |    0    |    0    |    0    |
|          |      trunc_ln5_fu_596     |    0    |    0    |    0    |
|----------|---------------------------|---------|---------|---------|
|   Total  |                           |    4    |    0    |   362   |
|----------|---------------------------|---------|---------|---------|

Memories:
N/A

* Register list:
+---------------------------------+--------+
|                                 |   FF   |
+---------------------------------+--------+
|        add_ln131_reg_757        |   18   |
|        add_ln132_reg_764        |   18   |
|        add_ln134_reg_696        |   22   |
|       height_read_reg_687       |   16   |
|        icmp_ln118_reg_692       |    1   |
|     indvar_flatten13_reg_680    |   32   |
|p_scale_channels_ch1_addr_reg_710|   22   |
|p_scale_channels_ch2_addr_reg_725|   22   |
|p_scale_channels_ch3_addr_reg_715|   22   |
|       sext_ln131_1_reg_730      |   17   |
|       sext_ln131_3_reg_735      |   18   |
|        sext_ln131_reg_720       |   18   |
|        sext_ln132_reg_752       |   16   |
|       trunc_ln129_reg_746       |    7   |
|            x_reg_673            |   16   |
|        xor_ln129_reg_740        |    1   |
|            y_reg_666            |   16   |
|       zext_ln134_1_reg_701      |   64   |
+---------------------------------+--------+
|              Total              |   346  |
+---------------------------------+--------+

* Multiplexer (MUX) list: 
|-------------------|------|------|------|--------||---------||---------||---------|
|        Comp       |  Pin | Size |  BW  | S x BW ||  Delay  ||    FF   ||   LUT   |
|-------------------|------|------|------|--------||---------||---------||---------|
| grp_access_fu_147 |  p0  |   2  |  22  |   44   ||    0    ||    9    |
| grp_access_fu_160 |  p0  |   2  |  22  |   44   ||    0    ||    9    |
| grp_access_fu_173 |  p0  |   2  |  22  |   44   ||    0    ||    9    |
|     grp_fu_628    |  p0  |   2  |   9  |   18   ||    0    ||    9    |
|     grp_fu_636    |  p0  |   2  |   9  |   18   ||    0    ||    9    |
|     grp_fu_636    |  p1  |   2  |   8  |   16   ||    0    ||    9    |
|     grp_fu_647    |  p0  |   3  |   9  |   27   ||    0    ||    13   |
|     grp_fu_655    |  p0  |   3  |   8  |   24   ||    0    ||    13   |
|-------------------|------|------|------|--------||---------||---------||---------|
|       Total       |      |      |      |   235  || 10.6424 ||    0    ||    80   |
|-------------------|------|------|------|--------||---------||---------||---------|



* Summary:
+-----------+--------+--------+--------+--------+
|           |   DSP  |  Delay |   FF   |   LUT  |
+-----------+--------+--------+--------+--------+
|  Function |    4   |    -   |    0   |   362  |
|   Memory  |    -   |    -   |    -   |    -   |
|Multiplexer|    -   |   10   |    0   |   80   |
|  Register |    -   |    -   |   346  |    -   |
+-----------+--------+--------+--------+--------+
|   Total   |    4   |   10   |   346  |   442  |
+-----------+--------+--------+--------+--------+
