Copyright 1986-2022 Xilinx, Inc. All Rights Reserved. Copyright 2022-2025 Advanced Micro Devices, Inc. All Rights Reserved.
------------------------------------------------------------------------------------------------------------------------------------------------------------------------------------------------------------------------------------------------
| Tool Version : Vivado v.2025.2 (win64) Build 6299465 Fri Nov 14 19:35:11 GMT 2025
| Date         : Fri Jun 12 17:23:17 2026
| Host         : BR_DUONG running 64-bit major release  (build 9200)
| Command      : report_timing_summary -max_paths 10 -routable_nets -report_unconstrained -file bd_0_wrapper_timing_summary_routed.rpt -pb bd_0_wrapper_timing_summary_routed.pb -rpx bd_0_wrapper_timing_summary_routed.rpx -warn_on_violation
| Design       : bd_0_wrapper
| Device       : 7a35t-fgg484
| Speed File   : -2  PRODUCTION 1.23 2018-06-13
| Design State : Routed
------------------------------------------------------------------------------------------------------------------------------------------------------------------------------------------------------------------------------------------------

Timing Summary Report

------------------------------------------------------------------------------------------------
| Timer Settings
| --------------
------------------------------------------------------------------------------------------------

  Enable Multi Corner Analysis               :  Yes
  Enable Pessimism Removal                   :  Yes
  Pessimism Removal Resolution               :  Nearest Common Node
  Enable Input Delay Default Clock           :  No
  Enable Preset / Clear Arcs                 :  No
  Disable Flight Delays                      :  No
  Ignore I/O Paths                           :  No
  Timing Early Launch at Borrowing Latches   :  No
  Borrow Time for Max Delay Exceptions       :  Yes
  Merge Timing Exceptions                    :  Yes
  Inter-SLR Compensation                     :  Conservative

  Corner  Analyze    Analyze    
  Name    Max Paths  Min Paths  
  ------  ---------  ---------  
  Slow    Yes        Yes        
  Fast    Yes        Yes        


------------------------------------------------------------------------------------------------
| Report Methodology
| ------------------
------------------------------------------------------------------------------------------------

Rule       Severity  Description                    Violations  
---------  --------  -----------------------------  ----------  
TIMING-18  Warning   Missing input or output delay  79          

Note: This report is based on the most recent report_methodology run and may not be up-to-date. Run report_methodology on the current design for the latest report.



check_timing report

Table of Contents
-----------------
1. checking no_clock (0)
2. checking constant_clock (0)
3. checking pulse_width_clock (0)
4. checking unconstrained_internal_endpoints (0)
5. checking no_input_delay (34)
6. checking no_output_delay (44)
7. checking multiple_clock (0)
8. checking generated_clocks (0)
9. checking loops (0)
10. checking partial_input_delay (0)
11. checking partial_output_delay (0)
12. checking latch_loops (0)

1. checking no_clock (0)
------------------------
 There are 0 register/latch pins with no clock.


2. checking constant_clock (0)
------------------------------
 There are 0 register/latch pins with constant_clock.


3. checking pulse_width_clock (0)
---------------------------------
 There are 0 register/latch pins which need pulse_width check


4. checking unconstrained_internal_endpoints (0)
------------------------------------------------
 There are 0 pins that are not constrained for maximum delay.

 There are 0 pins that are not constrained for maximum delay due to constant clock.


5. checking no_input_delay (34)
-------------------------------
 There are 34 input ports with no input delay specified. (HIGH)

 There are 0 input ports with no input delay but user has a false path constraint.


6. checking no_output_delay (44)
--------------------------------
 There are 44 ports with no output delay specified. (HIGH)

 There are 0 ports with no output delay but user has a false path constraint

 There are 0 ports with no output delay but with a timing clock defined on it or propagating through it


7. checking multiple_clock (0)
------------------------------
 There are 0 register/latch pins with multiple clocks.


8. checking generated_clocks (0)
--------------------------------
 There are 0 generated clocks that are not connected to a clock source.


9. checking loops (0)
---------------------
 There are 0 combinational loops in the design.


10. checking partial_input_delay (0)
------------------------------------
 There are 0 input ports with partial input delay specified.


11. checking partial_output_delay (0)
-------------------------------------
 There are 0 ports with partial output delay specified.


12. checking latch_loops (0)
----------------------------
 There are 0 combinational latch loops in the design through latch input



------------------------------------------------------------------------------------------------
| Design Timing Summary
| ---------------------
------------------------------------------------------------------------------------------------

    WNS(ns)      TNS(ns)  TNS Failing Endpoints  TNS Total Endpoints      WHS(ns)      THS(ns)  THS Failing Endpoints  THS Total Endpoints     WPWS(ns)     TPWS(ns)  TPWS Failing Endpoints  TPWS Total Endpoints  
    -------      -------  ---------------------  -------------------      -------      -------  ---------------------  -------------------     --------     --------  ----------------------  --------------------  
      3.454        0.000                      0                  172        0.101        0.000                      0                  172        4.500        0.000                       0                   144  


All user specified timing constraints are met.


------------------------------------------------------------------------------------------------
| Clock Summary
| -------------
------------------------------------------------------------------------------------------------

Clock   Waveform(ns)       Period(ns)      Frequency(MHz)
-----   ------------       ----------      --------------
ap_clk  {0.000 5.000}      10.000          100.000         


------------------------------------------------------------------------------------------------
| Intra Clock Table
| -----------------
------------------------------------------------------------------------------------------------

Clock             WNS(ns)      TNS(ns)  TNS Failing Endpoints  TNS Total Endpoints      WHS(ns)      THS(ns)  THS Failing Endpoints  THS Total Endpoints     WPWS(ns)     TPWS(ns)  TPWS Failing Endpoints  TPWS Total Endpoints  
-----             -------      -------  ---------------------  -------------------      -------      -------  ---------------------  -------------------     --------     --------  ----------------------  --------------------  
ap_clk              3.454        0.000                      0                  172        0.101        0.000                      0                  172        4.500        0.000                       0                   144  


------------------------------------------------------------------------------------------------
| Inter Clock Table
| -----------------
------------------------------------------------------------------------------------------------

From Clock    To Clock          WNS(ns)      TNS(ns)  TNS Failing Endpoints  TNS Total Endpoints      WHS(ns)      THS(ns)  THS Failing Endpoints  THS Total Endpoints  
----------    --------          -------      -------  ---------------------  -------------------      -------      -------  ---------------------  -------------------  


------------------------------------------------------------------------------------------------
| Other Path Groups Table
| -----------------------
------------------------------------------------------------------------------------------------

Path Group    From Clock    To Clock          WNS(ns)      TNS(ns)  TNS Failing Endpoints  TNS Total Endpoints      WHS(ns)      THS(ns)  THS Failing Endpoints  THS Total Endpoints  
----------    ----------    --------          -------      -------  ---------------------  -------------------      -------      -------  ---------------------  -------------------  


------------------------------------------------------------------------------------------------
| User Ignored Path Table
| -----------------------
------------------------------------------------------------------------------------------------

Path Group    From Clock    To Clock    
----------    ----------    --------    


------------------------------------------------------------------------------------------------
| Unconstrained Path Table
| ------------------------
------------------------------------------------------------------------------------------------

Path Group    From Clock    To Clock    
----------    ----------    --------    
(none)                                    
(none)        ap_clk                      
(none)                      ap_clk        


------------------------------------------------------------------------------------------------
| Timing Details
| --------------
------------------------------------------------------------------------------------------------


---------------------------------------------------------------------------------------------------
From Clock:  ap_clk
  To Clock:  ap_clk

Setup :            0  Failing Endpoints,  Worst Slack        3.454ns,  Total Violation        0.000ns
Hold  :            0  Failing Endpoints,  Worst Slack        0.101ns,  Total Violation        0.000ns
PW    :            0  Failing Endpoints,  Worst Slack        4.500ns,  Total Violation        0.000ns
---------------------------------------------------------------------------------------------------


Max Delay Paths
--------------------------------------------------------------------------------------
Slack (MET) :             3.454ns  (required time - arrival time)
  Source:                 bd_0_i/hls_inst/U0/reg_164_reg[3]/C
                            (rising edge-triggered cell FDRE clocked by ap_clk  {rise@0.000ns fall@5.000ns period=10.000ns})
  Destination:            bd_0_i/hls_inst/U0/mac_muladd_8s_8s_16s_16_4_1_U2/matrixmul_mac_muladd_8s_8s_16s_16_4_1_DSP48_0_U/p_reg_reg[13]/D
                            (rising edge-triggered cell FDRE clocked by ap_clk  {rise@0.000ns fall@5.000ns period=10.000ns})
  Path Group:             ap_clk
  Path Type:              Setup (Max at Slow Process Corner)
  Requirement:            10.000ns  (ap_clk rise@10.000ns - ap_clk rise@0.000ns)
  Data Path Delay:        6.530ns  (logic 3.246ns (49.710%)  route 3.284ns (50.290%))
  Logic Levels:           10  (CARRY4=5 LUT2=2 LUT3=1 LUT4=1 LUT6=1)
  Clock Path Skew:        -0.039ns (DCD - SCD + CPR)
    Destination Clock Delay (DCD):    0.748ns = ( 10.748 - 10.000 ) 
    Source Clock Delay      (SCD):    0.787ns
    Clock Pessimism Removal (CPR):    0.000ns
  Clock Uncertainty:      0.035ns  ((TSJ^2 + TIJ^2)^1/2 + DJ) / 2 + PE
    Total System Jitter     (TSJ):    0.071ns
    Total Input Jitter      (TIJ):    0.000ns
    Discrete Jitter          (DJ):    0.000ns
    Phase Error              (PE):    0.000ns

    Location             Delay type                Incr(ns)  Path(ns)    Netlist Resource(s)
  -------------------------------------------------------------------    -------------------
                         (clock ap_clk rise edge)     0.000     0.000 r  
                                                      0.000     0.000 r  ap_clk (IN)
                         net (fo=143, unset)          0.787     0.787    bd_0_i/hls_inst/U0/ap_clk
    SLICE_X9Y65          FDRE                                         r  bd_0_i/hls_inst/U0/reg_164_reg[3]/C
  -------------------------------------------------------------------    -------------------
    SLICE_X9Y65          FDRE (Prop_fdre_C_Q)         0.379     1.166 f  bd_0_i/hls_inst/U0/reg_164_reg[3]/Q
                         net (fo=20, routed)          1.018     2.184    bd_0_i/hls_inst/U0/mul_8s_8s_16_1_1_U1/tmp_product__0_carry__1_0[3]
    SLICE_X9Y70          LUT2 (Prop_lut2_I0_O)        0.126     2.310 r  bd_0_i/hls_inst/U0/mul_8s_8s_16_1_1_U1/tmp_product__30_carry_i_8/O
                         net (fo=1, routed)           0.462     2.772    bd_0_i/hls_inst/U0/mul_8s_8s_16_1_1_U1/tmp_product__30_carry_i_8_n_4
    SLICE_X8Y67          LUT6 (Prop_lut6_I1_O)        0.267     3.039 r  bd_0_i/hls_inst/U0/mul_8s_8s_16_1_1_U1/tmp_product__30_carry_i_4/O
                         net (fo=1, routed)           0.000     3.039    bd_0_i/hls_inst/U0/mul_8s_8s_16_1_1_U1/tmp_product__30_carry_i_4_n_4
    SLICE_X8Y67          CARRY4 (Prop_carry4_S[3]_CO[3])
                                                      0.314     3.353 r  bd_0_i/hls_inst/U0/mul_8s_8s_16_1_1_U1/tmp_product__30_carry/CO[3]
                         net (fo=1, routed)           0.000     3.353    bd_0_i/hls_inst/U0/mul_8s_8s_16_1_1_U1/tmp_product__30_carry_n_4
    SLICE_X8Y68          CARRY4 (Prop_carry4_CI_O[1])
                                                      0.257     3.610 r  bd_0_i/hls_inst/U0/mul_8s_8s_16_1_1_U1/tmp_product__30_carry__0/O[1]
                         net (fo=2, routed)           0.982     4.592    bd_0_i/hls_inst/U0/mul_8s_8s_16_1_1_U1/tmp_product__30_carry__0_n_10
    SLICE_X6Y68          LUT3 (Prop_lut3_I1_O)        0.258     4.850 r  bd_0_i/hls_inst/U0/mul_8s_8s_16_1_1_U1/tmp_product__85_carry__0_i_3/O
                         net (fo=2, routed)           0.376     5.227    bd_0_i/hls_inst/U0/mul_8s_8s_16_1_1_U1/tmp_product__85_carry__0_i_3_n_4
    SLICE_X6Y68          LUT4 (Prop_lut4_I3_O)        0.264     5.491 r  bd_0_i/hls_inst/U0/mul_8s_8s_16_1_1_U1/tmp_product__85_carry__0_i_7/O
                         net (fo=1, routed)           0.000     5.491    bd_0_i/hls_inst/U0/mul_8s_8s_16_1_1_U1/tmp_product__85_carry__0_i_7_n_4
    SLICE_X6Y68          CARRY4 (Prop_carry4_S[1]_O[3])
                                                      0.534     6.025 r  bd_0_i/hls_inst/U0/mul_8s_8s_16_1_1_U1/tmp_product__85_carry__0/O[3]
                         net (fo=1, routed)           0.445     6.470    bd_0_i/hls_inst/U0/mac_muladd_8s_8s_16s_16_4_1_U2/matrixmul_mac_muladd_8s_8s_16s_16_4_1_DSP48_0_U/C[10]
    SLICE_X4Y69          LUT2 (Prop_lut2_I1_O)        0.250     6.720 r  bd_0_i/hls_inst/U0/mac_muladd_8s_8s_16s_16_4_1_U2/matrixmul_mac_muladd_8s_8s_16s_16_4_1_DSP48_0_U/p_carry__1_i_1/O
                         net (fo=1, routed)           0.000     6.720    bd_0_i/hls_inst/U0/mac_muladd_8s_8s_16s_16_4_1_U2/matrixmul_mac_muladd_8s_8s_16s_16_4_1_DSP48_0_U/p_carry__1_i_1_n_4
    SLICE_X4Y69          CARRY4 (Prop_carry4_S[3]_CO[3])
                                                      0.332     7.052 r  bd_0_i/hls_inst/U0/mac_muladd_8s_8s_16s_16_4_1_U2/matrixmul_mac_muladd_8s_8s_16s_16_4_1_DSP48_0_U/p_carry__1/CO[3]
                         net (fo=1, routed)           0.000     7.052    bd_0_i/hls_inst/U0/mac_muladd_8s_8s_16s_16_4_1_U2/matrixmul_mac_muladd_8s_8s_16s_16_4_1_DSP48_0_U/p_carry__1_n_4
    SLICE_X4Y70          CARRY4 (Prop_carry4_CI_O[1])
                                                      0.265     7.317 r  bd_0_i/hls_inst/U0/mac_muladd_8s_8s_16s_16_4_1_U2/matrixmul_mac_muladd_8s_8s_16s_16_4_1_DSP48_0_U/p_carry__2/O[1]
                         net (fo=1, routed)           0.000     7.317    bd_0_i/hls_inst/U0/mac_muladd_8s_8s_16s_16_4_1_U2/matrixmul_mac_muladd_8s_8s_16s_16_4_1_DSP48_0_U/p[13]
    SLICE_X4Y70          FDRE                                         r  bd_0_i/hls_inst/U0/mac_muladd_8s_8s_16s_16_4_1_U2/matrixmul_mac_muladd_8s_8s_16s_16_4_1_DSP48_0_U/p_reg_reg[13]/D
  -------------------------------------------------------------------    -------------------

                         (clock ap_clk rise edge)    10.000    10.000 r  
                                                      0.000    10.000 r  ap_clk (IN)
                         net (fo=143, unset)          0.748    10.748    bd_0_i/hls_inst/U0/mac_muladd_8s_8s_16s_16_4_1_U2/matrixmul_mac_muladd_8s_8s_16s_16_4_1_DSP48_0_U/ap_clk
    SLICE_X4Y70          FDRE                                         r  bd_0_i/hls_inst/U0/mac_muladd_8s_8s_16s_16_4_1_U2/matrixmul_mac_muladd_8s_8s_16s_16_4_1_DSP48_0_U/p_reg_reg[13]/C
                         clock pessimism              0.000    10.748    
                         clock uncertainty           -0.035    10.712    
    SLICE_X4Y70          FDRE (Setup_fdre_C_D)        0.059    10.771    bd_0_i/hls_inst/U0/mac_muladd_8s_8s_16s_16_4_1_U2/matrixmul_mac_muladd_8s_8s_16s_16_4_1_DSP48_0_U/p_reg_reg[13]
  -------------------------------------------------------------------
                         required time                         10.771    
                         arrival time                          -7.317    
  -------------------------------------------------------------------
                         slack                                  3.454    

Slack (MET) :             3.459ns  (required time - arrival time)
  Source:                 bd_0_i/hls_inst/U0/reg_164_reg[3]/C
                            (rising edge-triggered cell FDRE clocked by ap_clk  {rise@0.000ns fall@5.000ns period=10.000ns})
  Destination:            bd_0_i/hls_inst/U0/mac_muladd_8s_8s_16s_16_4_1_U2/matrixmul_mac_muladd_8s_8s_16s_16_4_1_DSP48_0_U/p_reg_reg[15]/D
                            (rising edge-triggered cell FDRE clocked by ap_clk  {rise@0.000ns fall@5.000ns period=10.000ns})
  Path Group:             ap_clk
  Path Type:              Setup (Max at Slow Process Corner)
  Requirement:            10.000ns  (ap_clk rise@10.000ns - ap_clk rise@0.000ns)
  Data Path Delay:        6.525ns  (logic 3.241ns (49.671%)  route 3.284ns (50.329%))
  Logic Levels:           10  (CARRY4=5 LUT2=2 LUT3=1 LUT4=1 LUT6=1)
  Clock Path Skew:        -0.039ns (DCD - SCD + CPR)
    Destination Clock Delay (DCD):    0.748ns = ( 10.748 - 10.000 ) 
    Source Clock Delay      (SCD):    0.787ns
    Clock Pessimism Removal (CPR):    0.000ns
  Clock Uncertainty:      0.035ns  ((TSJ^2 + TIJ^2)^1/2 + DJ) / 2 + PE
    Total System Jitter     (TSJ):    0.071ns
    Total Input Jitter      (TIJ):    0.000ns
    Discrete Jitter          (DJ):    0.000ns
    Phase Error              (PE):    0.000ns

    Location             Delay type                Incr(ns)  Path(ns)    Netlist Resource(s)
  -------------------------------------------------------------------    -------------------
                         (clock ap_clk rise edge)     0.000     0.000 r  
                                                      0.000     0.000 r  ap_clk (IN)
                         net (fo=143, unset)          0.787     0.787    bd_0_i/hls_inst/U0/ap_clk
    SLICE_X9Y65          FDRE                                         r  bd_0_i/hls_inst/U0/reg_164_reg[3]/C
  -------------------------------------------------------------------    -------------------
    SLICE_X9Y65          FDRE (Prop_fdre_C_Q)         0.379     1.166 f  bd_0_i/hls_inst/U0/reg_164_reg[3]/Q
                         net (fo=20, routed)          1.018     2.184    bd_0_i/hls_inst/U0/mul_8s_8s_16_1_1_U1/tmp_product__0_carry__1_0[3]
    SLICE_X9Y70          LUT2 (Prop_lut2_I0_O)        0.126     2.310 r  bd_0_i/hls_inst/U0/mul_8s_8s_16_1_1_U1/tmp_product__30_carry_i_8/O
                         net (fo=1, routed)           0.462     2.772    bd_0_i/hls_inst/U0/mul_8s_8s_16_1_1_U1/tmp_product__30_carry_i_8_n_4
    SLICE_X8Y67          LUT6 (Prop_lut6_I1_O)        0.267     3.039 r  bd_0_i/hls_inst/U0/mul_8s_8s_16_1_1_U1/tmp_product__30_carry_i_4/O
                         net (fo=1, routed)           0.000     3.039    bd_0_i/hls_inst/U0/mul_8s_8s_16_1_1_U1/tmp_product__30_carry_i_4_n_4
    SLICE_X8Y67          CARRY4 (Prop_carry4_S[3]_CO[3])
                                                      0.314     3.353 r  bd_0_i/hls_inst/U0/mul_8s_8s_16_1_1_U1/tmp_product__30_carry/CO[3]
                         net (fo=1, routed)           0.000     3.353    bd_0_i/hls_inst/U0/mul_8s_8s_16_1_1_U1/tmp_product__30_carry_n_4
    SLICE_X8Y68          CARRY4 (Prop_carry4_CI_O[1])
                                                      0.257     3.610 r  bd_0_i/hls_inst/U0/mul_8s_8s_16_1_1_U1/tmp_product__30_carry__0/O[1]
                         net (fo=2, routed)           0.982     4.592    bd_0_i/hls_inst/U0/mul_8s_8s_16_1_1_U1/tmp_product__30_carry__0_n_10
    SLICE_X6Y68          LUT3 (Prop_lut3_I1_O)        0.258     4.850 r  bd_0_i/hls_inst/U0/mul_8s_8s_16_1_1_U1/tmp_product__85_carry__0_i_3/O
                         net (fo=2, routed)           0.376     5.227    bd_0_i/hls_inst/U0/mul_8s_8s_16_1_1_U1/tmp_product__85_carry__0_i_3_n_4
    SLICE_X6Y68          LUT4 (Prop_lut4_I3_O)        0.264     5.491 r  bd_0_i/hls_inst/U0/mul_8s_8s_16_1_1_U1/tmp_product__85_carry__0_i_7/O
                         net (fo=1, routed)           0.000     5.491    bd_0_i/hls_inst/U0/mul_8s_8s_16_1_1_U1/tmp_product__85_carry__0_i_7_n_4
    SLICE_X6Y68          CARRY4 (Prop_carry4_S[1]_O[3])
                                                      0.534     6.025 r  bd_0_i/hls_inst/U0/mul_8s_8s_16_1_1_U1/tmp_product__85_carry__0/O[3]
                         net (fo=1, routed)           0.445     6.470    bd_0_i/hls_inst/U0/mac_muladd_8s_8s_16s_16_4_1_U2/matrixmul_mac_muladd_8s_8s_16s_16_4_1_DSP48_0_U/C[10]
    SLICE_X4Y69          LUT2 (Prop_lut2_I1_O)        0.250     6.720 r  bd_0_i/hls_inst/U0/mac_muladd_8s_8s_16s_16_4_1_U2/matrixmul_mac_muladd_8s_8s_16s_16_4_1_DSP48_0_U/p_carry__1_i_1/O
                         net (fo=1, routed)           0.000     6.720    bd_0_i/hls_inst/U0/mac_muladd_8s_8s_16s_16_4_1_U2/matrixmul_mac_muladd_8s_8s_16s_16_4_1_DSP48_0_U/p_carry__1_i_1_n_4
    SLICE_X4Y69          CARRY4 (Prop_carry4_S[3]_CO[3])
                                                      0.332     7.052 r  bd_0_i/hls_inst/U0/mac_muladd_8s_8s_16s_16_4_1_U2/matrixmul_mac_muladd_8s_8s_16s_16_4_1_DSP48_0_U/p_carry__1/CO[3]
                         net (fo=1, routed)           0.000     7.052    bd_0_i/hls_inst/U0/mac_muladd_8s_8s_16s_16_4_1_U2/matrixmul_mac_muladd_8s_8s_16s_16_4_1_DSP48_0_U/p_carry__1_n_4
    SLICE_X4Y70          CARRY4 (Prop_carry4_CI_O[3])
                                                      0.260     7.312 r  bd_0_i/hls_inst/U0/mac_muladd_8s_8s_16s_16_4_1_U2/matrixmul_mac_muladd_8s_8s_16s_16_4_1_DSP48_0_U/p_carry__2/O[3]
                         net (fo=1, routed)           0.000     7.312    bd_0_i/hls_inst/U0/mac_muladd_8s_8s_16s_16_4_1_U2/matrixmul_mac_muladd_8s_8s_16s_16_4_1_DSP48_0_U/p[15]
    SLICE_X4Y70          FDRE                                         r  bd_0_i/hls_inst/U0/mac_muladd_8s_8s_16s_16_4_1_U2/matrixmul_mac_muladd_8s_8s_16s_16_4_1_DSP48_0_U/p_reg_reg[15]/D
  -------------------------------------------------------------------    -------------------

                         (clock ap_clk rise edge)    10.000    10.000 r  
                                                      0.000    10.000 r  ap_clk (IN)
                         net (fo=143, unset)          0.748    10.748    bd_0_i/hls_inst/U0/mac_muladd_8s_8s_16s_16_4_1_U2/matrixmul_mac_muladd_8s_8s_16s_16_4_1_DSP48_0_U/ap_clk
    SLICE_X4Y70          FDRE                                         r  bd_0_i/hls_inst/U0/mac_muladd_8s_8s_16s_16_4_1_U2/matrixmul_mac_muladd_8s_8s_16s_16_4_1_DSP48_0_U/p_reg_reg[15]/C
                         clock pessimism              0.000    10.748    
                         clock uncertainty           -0.035    10.712    
    SLICE_X4Y70          FDRE (Setup_fdre_C_D)        0.059    10.771    bd_0_i/hls_inst/U0/mac_muladd_8s_8s_16s_16_4_1_U2/matrixmul_mac_muladd_8s_8s_16s_16_4_1_DSP48_0_U/p_reg_reg[15]
  -------------------------------------------------------------------
                         required time                         10.771    
                         arrival time                          -7.312    
  -------------------------------------------------------------------
                         slack                                  3.459    

Slack (MET) :             3.518ns  (required time - arrival time)
  Source:                 bd_0_i/hls_inst/U0/reg_164_reg[3]/C
                            (rising edge-triggered cell FDRE clocked by ap_clk  {rise@0.000ns fall@5.000ns period=10.000ns})
  Destination:            bd_0_i/hls_inst/U0/mac_muladd_8s_8s_16s_16_4_1_U2/matrixmul_mac_muladd_8s_8s_16s_16_4_1_DSP48_0_U/p_reg_reg[14]/D
                            (rising edge-triggered cell FDRE clocked by ap_clk  {rise@0.000ns fall@5.000ns period=10.000ns})
  Path Group:             ap_clk
  Path Type:              Setup (Max at Slow Process Corner)
  Requirement:            10.000ns  (ap_clk rise@10.000ns - ap_clk rise@0.000ns)
  Data Path Delay:        6.466ns  (logic 3.292ns (50.911%)  route 3.174ns (49.089%))
  Logic Levels:           10  (CARRY4=5 LUT2=2 LUT3=1 LUT4=1 LUT6=1)
  Clock Path Skew:        -0.039ns (DCD - SCD + CPR)
    Destination Clock Delay (DCD):    0.748ns = ( 10.748 - 10.000 ) 
    Source Clock Delay      (SCD):    0.787ns
    Clock Pessimism Removal (CPR):    0.000ns
  Clock Uncertainty:      0.035ns  ((TSJ^2 + TIJ^2)^1/2 + DJ) / 2 + PE
    Total System Jitter     (TSJ):    0.071ns
    Total Input Jitter      (TIJ):    0.000ns
    Discrete Jitter          (DJ):    0.000ns
    Phase Error              (PE):    0.000ns

    Location             Delay type                Incr(ns)  Path(ns)    Netlist Resource(s)
  -------------------------------------------------------------------    -------------------
                         (clock ap_clk rise edge)     0.000     0.000 r  
                                                      0.000     0.000 r  ap_clk (IN)
                         net (fo=143, unset)          0.787     0.787    bd_0_i/hls_inst/U0/ap_clk
    SLICE_X9Y65          FDRE                                         r  bd_0_i/hls_inst/U0/reg_164_reg[3]/C
  -------------------------------------------------------------------    -------------------
    SLICE_X9Y65          FDRE (Prop_fdre_C_Q)         0.379     1.166 f  bd_0_i/hls_inst/U0/reg_164_reg[3]/Q
                         net (fo=20, routed)          1.018     2.184    bd_0_i/hls_inst/U0/mul_8s_8s_16_1_1_U1/tmp_product__0_carry__1_0[3]
    SLICE_X9Y70          LUT2 (Prop_lut2_I0_O)        0.126     2.310 r  bd_0_i/hls_inst/U0/mul_8s_8s_16_1_1_U1/tmp_product__30_carry_i_8/O
                         net (fo=1, routed)           0.462     2.772    bd_0_i/hls_inst/U0/mul_8s_8s_16_1_1_U1/tmp_product__30_carry_i_8_n_4
    SLICE_X8Y67          LUT6 (Prop_lut6_I1_O)        0.267     3.039 r  bd_0_i/hls_inst/U0/mul_8s_8s_16_1_1_U1/tmp_product__30_carry_i_4/O
                         net (fo=1, routed)           0.000     3.039    bd_0_i/hls_inst/U0/mul_8s_8s_16_1_1_U1/tmp_product__30_carry_i_4_n_4
    SLICE_X8Y67          CARRY4 (Prop_carry4_S[3]_CO[3])
                                                      0.314     3.353 r  bd_0_i/hls_inst/U0/mul_8s_8s_16_1_1_U1/tmp_product__30_carry/CO[3]
                         net (fo=1, routed)           0.000     3.353    bd_0_i/hls_inst/U0/mul_8s_8s_16_1_1_U1/tmp_product__30_carry_n_4
    SLICE_X8Y68          CARRY4 (Prop_carry4_CI_O[1])
                                                      0.257     3.610 r  bd_0_i/hls_inst/U0/mul_8s_8s_16_1_1_U1/tmp_product__30_carry__0/O[1]
                         net (fo=2, routed)           0.982     4.592    bd_0_i/hls_inst/U0/mul_8s_8s_16_1_1_U1/tmp_product__30_carry__0_n_10
    SLICE_X6Y68          LUT3 (Prop_lut3_I1_O)        0.258     4.850 r  bd_0_i/hls_inst/U0/mul_8s_8s_16_1_1_U1/tmp_product__85_carry__0_i_3/O
                         net (fo=2, routed)           0.376     5.227    bd_0_i/hls_inst/U0/mul_8s_8s_16_1_1_U1/tmp_product__85_carry__0_i_3_n_4
    SLICE_X6Y68          LUT4 (Prop_lut4_I3_O)        0.264     5.491 r  bd_0_i/hls_inst/U0/mul_8s_8s_16_1_1_U1/tmp_product__85_carry__0_i_7/O
                         net (fo=1, routed)           0.000     5.491    bd_0_i/hls_inst/U0/mul_8s_8s_16_1_1_U1/tmp_product__85_carry__0_i_7_n_4
    SLICE_X6Y68          CARRY4 (Prop_carry4_S[1]_CO[3])
                                                      0.444     5.935 r  bd_0_i/hls_inst/U0/mul_8s_8s_16_1_1_U1/tmp_product__85_carry__0/CO[3]
                         net (fo=1, routed)           0.000     5.935    bd_0_i/hls_inst/U0/mul_8s_8s_16_1_1_U1/tmp_product__85_carry__0_n_4
    SLICE_X6Y69          CARRY4 (Prop_carry4_CI_O[1])
                                                      0.257     6.192 r  bd_0_i/hls_inst/U0/mul_8s_8s_16_1_1_U1/tmp_product__85_carry__1/O[1]
                         net (fo=1, routed)           0.335     6.527    bd_0_i/hls_inst/U0/mac_muladd_8s_8s_16s_16_4_1_U2/matrixmul_mac_muladd_8s_8s_16s_16_4_1_DSP48_0_U/C[12]
    SLICE_X4Y70          LUT2 (Prop_lut2_I1_O)        0.245     6.772 r  bd_0_i/hls_inst/U0/mac_muladd_8s_8s_16s_16_4_1_U2/matrixmul_mac_muladd_8s_8s_16s_16_4_1_DSP48_0_U/p_carry__2_i_3/O
                         net (fo=1, routed)           0.000     6.772    bd_0_i/hls_inst/U0/mac_muladd_8s_8s_16s_16_4_1_U2/matrixmul_mac_muladd_8s_8s_16s_16_4_1_DSP48_0_U/p_carry__2_i_3_n_4
    SLICE_X4Y70          CARRY4 (Prop_carry4_S[1]_O[2])
                                                      0.481     7.253 r  bd_0_i/hls_inst/U0/mac_muladd_8s_8s_16s_16_4_1_U2/matrixmul_mac_muladd_8s_8s_16s_16_4_1_DSP48_0_U/p_carry__2/O[2]
                         net (fo=1, routed)           0.000     7.253    bd_0_i/hls_inst/U0/mac_muladd_8s_8s_16s_16_4_1_U2/matrixmul_mac_muladd_8s_8s_16s_16_4_1_DSP48_0_U/p[14]
    SLICE_X4Y70          FDRE                                         r  bd_0_i/hls_inst/U0/mac_muladd_8s_8s_16s_16_4_1_U2/matrixmul_mac_muladd_8s_8s_16s_16_4_1_DSP48_0_U/p_reg_reg[14]/D
  -------------------------------------------------------------------    -------------------

                         (clock ap_clk rise edge)    10.000    10.000 r  
                                                      0.000    10.000 r  ap_clk (IN)
                         net (fo=143, unset)          0.748    10.748    bd_0_i/hls_inst/U0/mac_muladd_8s_8s_16s_16_4_1_U2/matrixmul_mac_muladd_8s_8s_16s_16_4_1_DSP48_0_U/ap_clk
    SLICE_X4Y70          FDRE                                         r  bd_0_i/hls_inst/U0/mac_muladd_8s_8s_16s_16_4_1_U2/matrixmul_mac_muladd_8s_8s_16s_16_4_1_DSP48_0_U/p_reg_reg[14]/C
                         clock pessimism              0.000    10.748    
                         clock uncertainty           -0.035    10.712    
    SLICE_X4Y70          FDRE (Setup_fdre_C_D)        0.059    10.771    bd_0_i/hls_inst/U0/mac_muladd_8s_8s_16s_16_4_1_U2/matrixmul_mac_muladd_8s_8s_16s_16_4_1_DSP48_0_U/p_reg_reg[14]
  -------------------------------------------------------------------
                         required time                         10.771    
                         arrival time                          -7.253    
  -------------------------------------------------------------------
                         slack                                  3.518    

Slack (MET) :             3.538ns  (required time - arrival time)
  Source:                 bd_0_i/hls_inst/U0/reg_164_reg[3]/C
                            (rising edge-triggered cell FDRE clocked by ap_clk  {rise@0.000ns fall@5.000ns period=10.000ns})
  Destination:            bd_0_i/hls_inst/U0/mac_muladd_8s_8s_16s_16_4_1_U2/matrixmul_mac_muladd_8s_8s_16s_16_4_1_DSP48_0_U/p_reg_reg[12]/D
                            (rising edge-triggered cell FDRE clocked by ap_clk  {rise@0.000ns fall@5.000ns period=10.000ns})
  Path Group:             ap_clk
  Path Type:              Setup (Max at Slow Process Corner)
  Requirement:            10.000ns  (ap_clk rise@10.000ns - ap_clk rise@0.000ns)
  Data Path Delay:        6.446ns  (logic 3.162ns (49.055%)  route 3.284ns (50.945%))
  Logic Levels:           10  (CARRY4=5 LUT2=2 LUT3=1 LUT4=1 LUT6=1)
  Clock Path Skew:        -0.039ns (DCD - SCD + CPR)
    Destination Clock Delay (DCD):    0.748ns = ( 10.748 - 10.000 ) 
    Source Clock Delay      (SCD):    0.787ns
    Clock Pessimism Removal (CPR):    0.000ns
  Clock Uncertainty:      0.035ns  ((TSJ^2 + TIJ^2)^1/2 + DJ) / 2 + PE
    Total System Jitter     (TSJ):    0.071ns
    Total Input Jitter      (TIJ):    0.000ns
    Discrete Jitter          (DJ):    0.000ns
    Phase Error              (PE):    0.000ns

    Location             Delay type                Incr(ns)  Path(ns)    Netlist Resource(s)
  -------------------------------------------------------------------    -------------------
                         (clock ap_clk rise edge)     0.000     0.000 r  
                                                      0.000     0.000 r  ap_clk (IN)
                         net (fo=143, unset)          0.787     0.787    bd_0_i/hls_inst/U0/ap_clk
    SLICE_X9Y65          FDRE                                         r  bd_0_i/hls_inst/U0/reg_164_reg[3]/C
  -------------------------------------------------------------------    -------------------
    SLICE_X9Y65          FDRE (Prop_fdre_C_Q)         0.379     1.166 f  bd_0_i/hls_inst/U0/reg_164_reg[3]/Q
                         net (fo=20, routed)          1.018     2.184    bd_0_i/hls_inst/U0/mul_8s_8s_16_1_1_U1/tmp_product__0_carry__1_0[3]
    SLICE_X9Y70          LUT2 (Prop_lut2_I0_O)        0.126     2.310 r  bd_0_i/hls_inst/U0/mul_8s_8s_16_1_1_U1/tmp_product__30_carry_i_8/O
                         net (fo=1, routed)           0.462     2.772    bd_0_i/hls_inst/U0/mul_8s_8s_16_1_1_U1/tmp_product__30_carry_i_8_n_4
    SLICE_X8Y67          LUT6 (Prop_lut6_I1_O)        0.267     3.039 r  bd_0_i/hls_inst/U0/mul_8s_8s_16_1_1_U1/tmp_product__30_carry_i_4/O
                         net (fo=1, routed)           0.000     3.039    bd_0_i/hls_inst/U0/mul_8s_8s_16_1_1_U1/tmp_product__30_carry_i_4_n_4
    SLICE_X8Y67          CARRY4 (Prop_carry4_S[3]_CO[3])
                                                      0.314     3.353 r  bd_0_i/hls_inst/U0/mul_8s_8s_16_1_1_U1/tmp_product__30_carry/CO[3]
                         net (fo=1, routed)           0.000     3.353    bd_0_i/hls_inst/U0/mul_8s_8s_16_1_1_U1/tmp_product__30_carry_n_4
    SLICE_X8Y68          CARRY4 (Prop_carry4_CI_O[1])
                                                      0.257     3.610 r  bd_0_i/hls_inst/U0/mul_8s_8s_16_1_1_U1/tmp_product__30_carry__0/O[1]
                         net (fo=2, routed)           0.982     4.592    bd_0_i/hls_inst/U0/mul_8s_8s_16_1_1_U1/tmp_product__30_carry__0_n_10
    SLICE_X6Y68          LUT3 (Prop_lut3_I1_O)        0.258     4.850 r  bd_0_i/hls_inst/U0/mul_8s_8s_16_1_1_U1/tmp_product__85_carry__0_i_3/O
                         net (fo=2, routed)           0.376     5.227    bd_0_i/hls_inst/U0/mul_8s_8s_16_1_1_U1/tmp_product__85_carry__0_i_3_n_4
    SLICE_X6Y68          LUT4 (Prop_lut4_I3_O)        0.264     5.491 r  bd_0_i/hls_inst/U0/mul_8s_8s_16_1_1_U1/tmp_product__85_carry__0_i_7/O
                         net (fo=1, routed)           0.000     5.491    bd_0_i/hls_inst/U0/mul_8s_8s_16_1_1_U1/tmp_product__85_carry__0_i_7_n_4
    SLICE_X6Y68          CARRY4 (Prop_carry4_S[1]_O[3])
                                                      0.534     6.025 r  bd_0_i/hls_inst/U0/mul_8s_8s_16_1_1_U1/tmp_product__85_carry__0/O[3]
                         net (fo=1, routed)           0.445     6.470    bd_0_i/hls_inst/U0/mac_muladd_8s_8s_16s_16_4_1_U2/matrixmul_mac_muladd_8s_8s_16s_16_4_1_DSP48_0_U/C[10]
    SLICE_X4Y69          LUT2 (Prop_lut2_I1_O)        0.250     6.720 r  bd_0_i/hls_inst/U0/mac_muladd_8s_8s_16s_16_4_1_U2/matrixmul_mac_muladd_8s_8s_16s_16_4_1_DSP48_0_U/p_carry__1_i_1/O
                         net (fo=1, routed)           0.000     6.720    bd_0_i/hls_inst/U0/mac_muladd_8s_8s_16s_16_4_1_U2/matrixmul_mac_muladd_8s_8s_16s_16_4_1_DSP48_0_U/p_carry__1_i_1_n_4
    SLICE_X4Y69          CARRY4 (Prop_carry4_S[3]_CO[3])
                                                      0.332     7.052 r  bd_0_i/hls_inst/U0/mac_muladd_8s_8s_16s_16_4_1_U2/matrixmul_mac_muladd_8s_8s_16s_16_4_1_DSP48_0_U/p_carry__1/CO[3]
                         net (fo=1, routed)           0.000     7.052    bd_0_i/hls_inst/U0/mac_muladd_8s_8s_16s_16_4_1_U2/matrixmul_mac_muladd_8s_8s_16s_16_4_1_DSP48_0_U/p_carry__1_n_4
    SLICE_X4Y70          CARRY4 (Prop_carry4_CI_O[0])
                                                      0.181     7.233 r  bd_0_i/hls_inst/U0/mac_muladd_8s_8s_16s_16_4_1_U2/matrixmul_mac_muladd_8s_8s_16s_16_4_1_DSP48_0_U/p_carry__2/O[0]
                         net (fo=1, routed)           0.000     7.233    bd_0_i/hls_inst/U0/mac_muladd_8s_8s_16s_16_4_1_U2/matrixmul_mac_muladd_8s_8s_16s_16_4_1_DSP48_0_U/p[12]
    SLICE_X4Y70          FDRE                                         r  bd_0_i/hls_inst/U0/mac_muladd_8s_8s_16s_16_4_1_U2/matrixmul_mac_muladd_8s_8s_16s_16_4_1_DSP48_0_U/p_reg_reg[12]/D
  -------------------------------------------------------------------    -------------------

                         (clock ap_clk rise edge)    10.000    10.000 r  
                                                      0.000    10.000 r  ap_clk (IN)
                         net (fo=143, unset)          0.748    10.748    bd_0_i/hls_inst/U0/mac_muladd_8s_8s_16s_16_4_1_U2/matrixmul_mac_muladd_8s_8s_16s_16_4_1_DSP48_0_U/ap_clk
    SLICE_X4Y70          FDRE                                         r  bd_0_i/hls_inst/U0/mac_muladd_8s_8s_16s_16_4_1_U2/matrixmul_mac_muladd_8s_8s_16s_16_4_1_DSP48_0_U/p_reg_reg[12]/C
                         clock pessimism              0.000    10.748    
                         clock uncertainty           -0.035    10.712    
    SLICE_X4Y70          FDRE (Setup_fdre_C_D)        0.059    10.771    bd_0_i/hls_inst/U0/mac_muladd_8s_8s_16s_16_4_1_U2/matrixmul_mac_muladd_8s_8s_16s_16_4_1_DSP48_0_U/p_reg_reg[12]
  -------------------------------------------------------------------
                         required time                         10.771    
                         arrival time                          -7.233    
  -------------------------------------------------------------------
                         slack                                  3.538    

Slack (MET) :             3.810ns  (required time - arrival time)
  Source:                 bd_0_i/hls_inst/U0/reg_164_reg[3]/C
                            (rising edge-triggered cell FDRE clocked by ap_clk  {rise@0.000ns fall@5.000ns period=10.000ns})
  Destination:            bd_0_i/hls_inst/U0/mac_muladd_8s_8s_16s_16_4_1_U2/matrixmul_mac_muladd_8s_8s_16s_16_4_1_DSP48_0_U/p_reg_reg[11]/D
                            (rising edge-triggered cell FDRE clocked by ap_clk  {rise@0.000ns fall@5.000ns period=10.000ns})
  Path Group:             ap_clk
  Path Type:              Setup (Max at Slow Process Corner)
  Requirement:            10.000ns  (ap_clk rise@10.000ns - ap_clk rise@0.000ns)
  Data Path Delay:        6.174ns  (logic 2.884ns (46.711%)  route 3.290ns (53.289%))
  Logic Levels:           9  (CARRY4=4 LUT2=2 LUT3=1 LUT4=1 LUT6=1)
  Clock Path Skew:        -0.039ns (DCD - SCD + CPR)
    Destination Clock Delay (DCD):    0.748ns = ( 10.748 - 10.000 ) 
    Source Clock Delay      (SCD):    0.787ns
    Clock Pessimism Removal (CPR):    0.000ns
  Clock Uncertainty:      0.035ns  ((TSJ^2 + TIJ^2)^1/2 + DJ) / 2 + PE
    Total System Jitter     (TSJ):    0.071ns
    Total Input Jitter      (TIJ):    0.000ns
    Discrete Jitter          (DJ):    0.000ns
    Phase Error              (PE):    0.000ns

    Location             Delay type                Incr(ns)  Path(ns)    Netlist Resource(s)
  -------------------------------------------------------------------    -------------------
                         (clock ap_clk rise edge)     0.000     0.000 r  
                                                      0.000     0.000 r  ap_clk (IN)
                         net (fo=143, unset)          0.787     0.787    bd_0_i/hls_inst/U0/ap_clk
    SLICE_X9Y65          FDRE                                         r  bd_0_i/hls_inst/U0/reg_164_reg[3]/C
  -------------------------------------------------------------------    -------------------
    SLICE_X9Y65          FDRE (Prop_fdre_C_Q)         0.379     1.166 f  bd_0_i/hls_inst/U0/reg_164_reg[3]/Q
                         net (fo=20, routed)          1.018     2.184    bd_0_i/hls_inst/U0/mul_8s_8s_16_1_1_U1/tmp_product__0_carry__1_0[3]
    SLICE_X9Y70          LUT2 (Prop_lut2_I0_O)        0.126     2.310 r  bd_0_i/hls_inst/U0/mul_8s_8s_16_1_1_U1/tmp_product__30_carry_i_8/O
                         net (fo=1, routed)           0.462     2.772    bd_0_i/hls_inst/U0/mul_8s_8s_16_1_1_U1/tmp_product__30_carry_i_8_n_4
    SLICE_X8Y67          LUT6 (Prop_lut6_I1_O)        0.267     3.039 r  bd_0_i/hls_inst/U0/mul_8s_8s_16_1_1_U1/tmp_product__30_carry_i_4/O
                         net (fo=1, routed)           0.000     3.039    bd_0_i/hls_inst/U0/mul_8s_8s_16_1_1_U1/tmp_product__30_carry_i_4_n_4
    SLICE_X8Y67          CARRY4 (Prop_carry4_S[3]_CO[3])
                                                      0.314     3.353 r  bd_0_i/hls_inst/U0/mul_8s_8s_16_1_1_U1/tmp_product__30_carry/CO[3]
                         net (fo=1, routed)           0.000     3.353    bd_0_i/hls_inst/U0/mul_8s_8s_16_1_1_U1/tmp_product__30_carry_n_4
    SLICE_X8Y68          CARRY4 (Prop_carry4_CI_O[1])
                                                      0.257     3.610 r  bd_0_i/hls_inst/U0/mul_8s_8s_16_1_1_U1/tmp_product__30_carry__0/O[1]
                         net (fo=2, routed)           0.982     4.592    bd_0_i/hls_inst/U0/mul_8s_8s_16_1_1_U1/tmp_product__30_carry__0_n_10
    SLICE_X6Y68          LUT3 (Prop_lut3_I1_O)        0.258     4.850 r  bd_0_i/hls_inst/U0/mul_8s_8s_16_1_1_U1/tmp_product__85_carry__0_i_3/O
                         net (fo=2, routed)           0.376     5.227    bd_0_i/hls_inst/U0/mul_8s_8s_16_1_1_U1/tmp_product__85_carry__0_i_3_n_4
    SLICE_X6Y68          LUT4 (Prop_lut4_I3_O)        0.264     5.491 r  bd_0_i/hls_inst/U0/mul_8s_8s_16_1_1_U1/tmp_product__85_carry__0_i_7/O
                         net (fo=1, routed)           0.000     5.491    bd_0_i/hls_inst/U0/mul_8s_8s_16_1_1_U1/tmp_product__85_carry__0_i_7_n_4
    SLICE_X6Y68          CARRY4 (Prop_carry4_S[1]_O[2])
                                                      0.480     5.971 r  bd_0_i/hls_inst/U0/mul_8s_8s_16_1_1_U1/tmp_product__85_carry__0/O[2]
                         net (fo=1, routed)           0.451     6.422    bd_0_i/hls_inst/U0/mac_muladd_8s_8s_16s_16_4_1_U2/matrixmul_mac_muladd_8s_8s_16s_16_4_1_DSP48_0_U/C[9]
    SLICE_X4Y69          LUT2 (Prop_lut2_I1_O)        0.244     6.666 r  bd_0_i/hls_inst/U0/mac_muladd_8s_8s_16s_16_4_1_U2/matrixmul_mac_muladd_8s_8s_16s_16_4_1_DSP48_0_U/p_carry__1_i_2/O
                         net (fo=1, routed)           0.000     6.666    bd_0_i/hls_inst/U0/mac_muladd_8s_8s_16s_16_4_1_U2/matrixmul_mac_muladd_8s_8s_16s_16_4_1_DSP48_0_U/p_carry__1_i_2_n_4
    SLICE_X4Y69          CARRY4 (Prop_carry4_S[2]_O[3])
                                                      0.295     6.961 r  bd_0_i/hls_inst/U0/mac_muladd_8s_8s_16s_16_4_1_U2/matrixmul_mac_muladd_8s_8s_16s_16_4_1_DSP48_0_U/p_carry__1/O[3]
                         net (fo=1, routed)           0.000     6.961    bd_0_i/hls_inst/U0/mac_muladd_8s_8s_16s_16_4_1_U2/matrixmul_mac_muladd_8s_8s_16s_16_4_1_DSP48_0_U/p[11]
    SLICE_X4Y69          FDRE                                         r  bd_0_i/hls_inst/U0/mac_muladd_8s_8s_16s_16_4_1_U2/matrixmul_mac_muladd_8s_8s_16s_16_4_1_DSP48_0_U/p_reg_reg[11]/D
  -------------------------------------------------------------------    -------------------

                         (clock ap_clk rise edge)    10.000    10.000 r  
                                                      0.000    10.000 r  ap_clk (IN)
                         net (fo=143, unset)          0.748    10.748    bd_0_i/hls_inst/U0/mac_muladd_8s_8s_16s_16_4_1_U2/matrixmul_mac_muladd_8s_8s_16s_16_4_1_DSP48_0_U/ap_clk
    SLICE_X4Y69          FDRE                                         r  bd_0_i/hls_inst/U0/mac_muladd_8s_8s_16s_16_4_1_U2/matrixmul_mac_muladd_8s_8s_16s_16_4_1_DSP48_0_U/p_reg_reg[11]/C
                         clock pessimism              0.000    10.748    
                         clock uncertainty           -0.035    10.712    
    SLICE_X4Y69          FDRE (Setup_fdre_C_D)        0.059    10.771    bd_0_i/hls_inst/U0/mac_muladd_8s_8s_16s_16_4_1_U2/matrixmul_mac_muladd_8s_8s_16s_16_4_1_DSP48_0_U/p_reg_reg[11]
  -------------------------------------------------------------------
                         required time                         10.771    
                         arrival time                          -6.961    
  -------------------------------------------------------------------
                         slack                                  3.810    

Slack (MET) :             3.869ns  (required time - arrival time)
  Source:                 bd_0_i/hls_inst/U0/reg_164_reg[3]/C
                            (rising edge-triggered cell FDRE clocked by ap_clk  {rise@0.000ns fall@5.000ns period=10.000ns})
  Destination:            bd_0_i/hls_inst/U0/mac_muladd_8s_8s_16s_16_4_1_U2/matrixmul_mac_muladd_8s_8s_16s_16_4_1_DSP48_0_U/p_reg_reg[10]/D
                            (rising edge-triggered cell FDRE clocked by ap_clk  {rise@0.000ns fall@5.000ns period=10.000ns})
  Path Group:             ap_clk
  Path Type:              Setup (Max at Slow Process Corner)
  Requirement:            10.000ns  (ap_clk rise@10.000ns - ap_clk rise@0.000ns)
  Data Path Delay:        6.115ns  (logic 2.774ns (45.361%)  route 3.341ns (54.639%))
  Logic Levels:           8  (CARRY4=4 LUT2=2 LUT3=1 LUT6=1)
  Clock Path Skew:        -0.039ns (DCD - SCD + CPR)
    Destination Clock Delay (DCD):    0.748ns = ( 10.748 - 10.000 ) 
    Source Clock Delay      (SCD):    0.787ns
    Clock Pessimism Removal (CPR):    0.000ns
  Clock Uncertainty:      0.035ns  ((TSJ^2 + TIJ^2)^1/2 + DJ) / 2 + PE
    Total System Jitter     (TSJ):    0.071ns
    Total Input Jitter      (TIJ):    0.000ns
    Discrete Jitter          (DJ):    0.000ns
    Phase Error              (PE):    0.000ns

    Location             Delay type                Incr(ns)  Path(ns)    Netlist Resource(s)
  -------------------------------------------------------------------    -------------------
                         (clock ap_clk rise edge)     0.000     0.000 r  
                                                      0.000     0.000 r  ap_clk (IN)
                         net (fo=143, unset)          0.787     0.787    bd_0_i/hls_inst/U0/ap_clk
    SLICE_X9Y65          FDRE                                         r  bd_0_i/hls_inst/U0/reg_164_reg[3]/C
  -------------------------------------------------------------------    -------------------
    SLICE_X9Y65          FDRE (Prop_fdre_C_Q)         0.379     1.166 f  bd_0_i/hls_inst/U0/reg_164_reg[3]/Q
                         net (fo=20, routed)          1.018     2.184    bd_0_i/hls_inst/U0/mul_8s_8s_16_1_1_U1/tmp_product__0_carry__1_0[3]
    SLICE_X9Y70          LUT2 (Prop_lut2_I0_O)        0.126     2.310 r  bd_0_i/hls_inst/U0/mul_8s_8s_16_1_1_U1/tmp_product__30_carry_i_8/O
                         net (fo=1, routed)           0.462     2.772    bd_0_i/hls_inst/U0/mul_8s_8s_16_1_1_U1/tmp_product__30_carry_i_8_n_4
    SLICE_X8Y67          LUT6 (Prop_lut6_I1_O)        0.267     3.039 r  bd_0_i/hls_inst/U0/mul_8s_8s_16_1_1_U1/tmp_product__30_carry_i_4/O
                         net (fo=1, routed)           0.000     3.039    bd_0_i/hls_inst/U0/mul_8s_8s_16_1_1_U1/tmp_product__30_carry_i_4_n_4
    SLICE_X8Y67          CARRY4 (Prop_carry4_S[3]_CO[3])
                                                      0.314     3.353 r  bd_0_i/hls_inst/U0/mul_8s_8s_16_1_1_U1/tmp_product__30_carry/CO[3]
                         net (fo=1, routed)           0.000     3.353    bd_0_i/hls_inst/U0/mul_8s_8s_16_1_1_U1/tmp_product__30_carry_n_4
    SLICE_X8Y68          CARRY4 (Prop_carry4_CI_O[0])
                                                      0.178     3.531 r  bd_0_i/hls_inst/U0/mul_8s_8s_16_1_1_U1/tmp_product__30_carry__0/O[0]
                         net (fo=2, routed)           0.875     4.406    bd_0_i/hls_inst/U0/mul_8s_8s_16_1_1_U1/tmp_product__30_carry__0_n_11
    SLICE_X6Y67          LUT3 (Prop_lut3_I1_O)        0.254     4.660 r  bd_0_i/hls_inst/U0/mul_8s_8s_16_1_1_U1/tmp_product__85_carry__0_i_4/O
                         net (fo=2, routed)           0.548     5.208    bd_0_i/hls_inst/U0/mul_8s_8s_16_1_1_U1/tmp_product__85_carry__0_i_4_n_4
    SLICE_X6Y68          CARRY4 (Prop_carry4_DI[0]_O[1])
                                                      0.530     5.738 r  bd_0_i/hls_inst/U0/mul_8s_8s_16_1_1_U1/tmp_product__85_carry__0/O[1]
                         net (fo=1, routed)           0.439     6.176    bd_0_i/hls_inst/U0/mac_muladd_8s_8s_16s_16_4_1_U2/matrixmul_mac_muladd_8s_8s_16s_16_4_1_DSP48_0_U/C[8]
    SLICE_X4Y69          LUT2 (Prop_lut2_I1_O)        0.245     6.421 r  bd_0_i/hls_inst/U0/mac_muladd_8s_8s_16s_16_4_1_U2/matrixmul_mac_muladd_8s_8s_16s_16_4_1_DSP48_0_U/p_carry__1_i_3/O
                         net (fo=1, routed)           0.000     6.421    bd_0_i/hls_inst/U0/mac_muladd_8s_8s_16s_16_4_1_U2/matrixmul_mac_muladd_8s_8s_16s_16_4_1_DSP48_0_U/p_carry__1_i_3_n_4
    SLICE_X4Y69          CARRY4 (Prop_carry4_S[1]_O[2])
                                                      0.481     6.902 r  bd_0_i/hls_inst/U0/mac_muladd_8s_8s_16s_16_4_1_U2/matrixmul_mac_muladd_8s_8s_16s_16_4_1_DSP48_0_U/p_carry__1/O[2]
                         net (fo=1, routed)           0.000     6.902    bd_0_i/hls_inst/U0/mac_muladd_8s_8s_16s_16_4_1_U2/matrixmul_mac_muladd_8s_8s_16s_16_4_1_DSP48_0_U/p[10]
    SLICE_X4Y69          FDRE                                         r  bd_0_i/hls_inst/U0/mac_muladd_8s_8s_16s_16_4_1_U2/matrixmul_mac_muladd_8s_8s_16s_16_4_1_DSP48_0_U/p_reg_reg[10]/D
  -------------------------------------------------------------------    -------------------

                         (clock ap_clk rise edge)    10.000    10.000 r  
                                                      0.000    10.000 r  ap_clk (IN)
                         net (fo=143, unset)          0.748    10.748    bd_0_i/hls_inst/U0/mac_muladd_8s_8s_16s_16_4_1_U2/matrixmul_mac_muladd_8s_8s_16s_16_4_1_DSP48_0_U/ap_clk
    SLICE_X4Y69          FDRE                                         r  bd_0_i/hls_inst/U0/mac_muladd_8s_8s_16s_16_4_1_U2/matrixmul_mac_muladd_8s_8s_16s_16_4_1_DSP48_0_U/p_reg_reg[10]/C
                         clock pessimism              0.000    10.748    
                         clock uncertainty           -0.035    10.712    
    SLICE_X4Y69          FDRE (Setup_fdre_C_D)        0.059    10.771    bd_0_i/hls_inst/U0/mac_muladd_8s_8s_16s_16_4_1_U2/matrixmul_mac_muladd_8s_8s_16s_16_4_1_DSP48_0_U/p_reg_reg[10]
  -------------------------------------------------------------------
                         required time                         10.771    
                         arrival time                          -6.902    
  -------------------------------------------------------------------
                         slack                                  3.869    

Slack (MET) :             4.163ns  (required time - arrival time)
  Source:                 bd_0_i/hls_inst/U0/reg_164_reg[3]/C
                            (rising edge-triggered cell FDRE clocked by ap_clk  {rise@0.000ns fall@5.000ns period=10.000ns})
  Destination:            bd_0_i/hls_inst/U0/mac_muladd_8s_8s_16s_16_4_1_U2/matrixmul_mac_muladd_8s_8s_16s_16_4_1_DSP48_0_U/p_reg_reg[9]/D
                            (rising edge-triggered cell FDRE clocked by ap_clk  {rise@0.000ns fall@5.000ns period=10.000ns})
  Path Group:             ap_clk
  Path Type:              Setup (Max at Slow Process Corner)
  Requirement:            10.000ns  (ap_clk rise@10.000ns - ap_clk rise@0.000ns)
  Data Path Delay:        5.821ns  (logic 2.480ns (42.602%)  route 3.341ns (57.398%))
  Logic Levels:           8  (CARRY4=4 LUT2=2 LUT3=1 LUT6=1)
  Clock Path Skew:        -0.039ns (DCD - SCD + CPR)
    Destination Clock Delay (DCD):    0.748ns = ( 10.748 - 10.000 ) 
    Source Clock Delay      (SCD):    0.787ns
    Clock Pessimism Removal (CPR):    0.000ns
  Clock Uncertainty:      0.035ns  ((TSJ^2 + TIJ^2)^1/2 + DJ) / 2 + PE
    Total System Jitter     (TSJ):    0.071ns
    Total Input Jitter      (TIJ):    0.000ns
    Discrete Jitter          (DJ):    0.000ns
    Phase Error              (PE):    0.000ns

    Location             Delay type                Incr(ns)  Path(ns)    Netlist Resource(s)
  -------------------------------------------------------------------    -------------------
                         (clock ap_clk rise edge)     0.000     0.000 r  
                                                      0.000     0.000 r  ap_clk (IN)
                         net (fo=143, unset)          0.787     0.787    bd_0_i/hls_inst/U0/ap_clk
    SLICE_X9Y65          FDRE                                         r  bd_0_i/hls_inst/U0/reg_164_reg[3]/C
  -------------------------------------------------------------------    -------------------
    SLICE_X9Y65          FDRE (Prop_fdre_C_Q)         0.379     1.166 f  bd_0_i/hls_inst/U0/reg_164_reg[3]/Q
                         net (fo=20, routed)          1.018     2.184    bd_0_i/hls_inst/U0/mul_8s_8s_16_1_1_U1/tmp_product__0_carry__1_0[3]
    SLICE_X9Y70          LUT2 (Prop_lut2_I0_O)        0.126     2.310 r  bd_0_i/hls_inst/U0/mul_8s_8s_16_1_1_U1/tmp_product__30_carry_i_8/O
                         net (fo=1, routed)           0.462     2.772    bd_0_i/hls_inst/U0/mul_8s_8s_16_1_1_U1/tmp_product__30_carry_i_8_n_4
    SLICE_X8Y67          LUT6 (Prop_lut6_I1_O)        0.267     3.039 r  bd_0_i/hls_inst/U0/mul_8s_8s_16_1_1_U1/tmp_product__30_carry_i_4/O
                         net (fo=1, routed)           0.000     3.039    bd_0_i/hls_inst/U0/mul_8s_8s_16_1_1_U1/tmp_product__30_carry_i_4_n_4
    SLICE_X8Y67          CARRY4 (Prop_carry4_S[3]_CO[3])
                                                      0.314     3.353 r  bd_0_i/hls_inst/U0/mul_8s_8s_16_1_1_U1/tmp_product__30_carry/CO[3]
                         net (fo=1, routed)           0.000     3.353    bd_0_i/hls_inst/U0/mul_8s_8s_16_1_1_U1/tmp_product__30_carry_n_4
    SLICE_X8Y68          CARRY4 (Prop_carry4_CI_O[0])
                                                      0.178     3.531 r  bd_0_i/hls_inst/U0/mul_8s_8s_16_1_1_U1/tmp_product__30_carry__0/O[0]
                         net (fo=2, routed)           0.875     4.406    bd_0_i/hls_inst/U0/mul_8s_8s_16_1_1_U1/tmp_product__30_carry__0_n_11
    SLICE_X6Y67          LUT3 (Prop_lut3_I1_O)        0.254     4.660 r  bd_0_i/hls_inst/U0/mul_8s_8s_16_1_1_U1/tmp_product__85_carry__0_i_4/O
                         net (fo=2, routed)           0.548     5.208    bd_0_i/hls_inst/U0/mul_8s_8s_16_1_1_U1/tmp_product__85_carry__0_i_4_n_4
    SLICE_X6Y68          CARRY4 (Prop_carry4_DI[0]_O[1])
                                                      0.530     5.738 r  bd_0_i/hls_inst/U0/mul_8s_8s_16_1_1_U1/tmp_product__85_carry__0/O[1]
                         net (fo=1, routed)           0.439     6.176    bd_0_i/hls_inst/U0/mac_muladd_8s_8s_16s_16_4_1_U2/matrixmul_mac_muladd_8s_8s_16s_16_4_1_DSP48_0_U/C[8]
    SLICE_X4Y69          LUT2 (Prop_lut2_I1_O)        0.245     6.421 r  bd_0_i/hls_inst/U0/mac_muladd_8s_8s_16s_16_4_1_U2/matrixmul_mac_muladd_8s_8s_16s_16_4_1_DSP48_0_U/p_carry__1_i_3/O
                         net (fo=1, routed)           0.000     6.421    bd_0_i/hls_inst/U0/mac_muladd_8s_8s_16s_16_4_1_U2/matrixmul_mac_muladd_8s_8s_16s_16_4_1_DSP48_0_U/p_carry__1_i_3_n_4
    SLICE_X4Y69          CARRY4 (Prop_carry4_S[1]_O[1])
                                                      0.187     6.608 r  bd_0_i/hls_inst/U0/mac_muladd_8s_8s_16s_16_4_1_U2/matrixmul_mac_muladd_8s_8s_16s_16_4_1_DSP48_0_U/p_carry__1/O[1]
                         net (fo=1, routed)           0.000     6.608    bd_0_i/hls_inst/U0/mac_muladd_8s_8s_16s_16_4_1_U2/matrixmul_mac_muladd_8s_8s_16s_16_4_1_DSP48_0_U/p[9]
    SLICE_X4Y69          FDRE                                         r  bd_0_i/hls_inst/U0/mac_muladd_8s_8s_16s_16_4_1_U2/matrixmul_mac_muladd_8s_8s_16s_16_4_1_DSP48_0_U/p_reg_reg[9]/D
  -------------------------------------------------------------------    -------------------

                         (clock ap_clk rise edge)    10.000    10.000 r  
                                                      0.000    10.000 r  ap_clk (IN)
                         net (fo=143, unset)          0.748    10.748    bd_0_i/hls_inst/U0/mac_muladd_8s_8s_16s_16_4_1_U2/matrixmul_mac_muladd_8s_8s_16s_16_4_1_DSP48_0_U/ap_clk
    SLICE_X4Y69          FDRE                                         r  bd_0_i/hls_inst/U0/mac_muladd_8s_8s_16s_16_4_1_U2/matrixmul_mac_muladd_8s_8s_16s_16_4_1_DSP48_0_U/p_reg_reg[9]/C
                         clock pessimism              0.000    10.748    
                         clock uncertainty           -0.035    10.712    
    SLICE_X4Y69          FDRE (Setup_fdre_C_D)        0.059    10.771    bd_0_i/hls_inst/U0/mac_muladd_8s_8s_16s_16_4_1_U2/matrixmul_mac_muladd_8s_8s_16s_16_4_1_DSP48_0_U/p_reg_reg[9]
  -------------------------------------------------------------------
                         required time                         10.771    
                         arrival time                          -6.608    
  -------------------------------------------------------------------
                         slack                                  4.163    

Slack (MET) :             4.282ns  (required time - arrival time)
  Source:                 bd_0_i/hls_inst/U0/mac_muladd_8s_8s_16s_16_4_1_U2/matrixmul_mac_muladd_8s_8s_16s_16_4_1_DSP48_0_U/a_reg_reg[1]/C
                            (rising edge-triggered cell FDRE clocked by ap_clk  {rise@0.000ns fall@5.000ns period=10.000ns})
  Destination:            bd_0_i/hls_inst/U0/mac_muladd_8s_8s_16s_16_4_1_U2/matrixmul_mac_muladd_8s_8s_16s_16_4_1_DSP48_0_U/m_reg_reg[13]/D
                            (rising edge-triggered cell FDRE clocked by ap_clk  {rise@0.000ns fall@5.000ns period=10.000ns})
  Path Group:             ap_clk
  Path Type:              Setup (Max at Slow Process Corner)
  Requirement:            10.000ns  (ap_clk rise@10.000ns - ap_clk rise@0.000ns)
  Data Path Delay:        5.702ns  (logic 2.400ns (42.089%)  route 3.302ns (57.911%))
  Logic Levels:           8  (CARRY4=4 LUT3=1 LUT4=1 LUT6=2)
  Clock Path Skew:        -0.039ns (DCD - SCD + CPR)
    Destination Clock Delay (DCD):    0.748ns = ( 10.748 - 10.000 ) 
    Source Clock Delay      (SCD):    0.787ns
    Clock Pessimism Removal (CPR):    0.000ns
  Clock Uncertainty:      0.035ns  ((TSJ^2 + TIJ^2)^1/2 + DJ) / 2 + PE
    Total System Jitter     (TSJ):    0.071ns
    Total Input Jitter      (TIJ):    0.000ns
    Discrete Jitter          (DJ):    0.000ns
    Phase Error              (PE):    0.000ns

    Location             Delay type                Incr(ns)  Path(ns)    Netlist Resource(s)
  -------------------------------------------------------------------    -------------------
                         (clock ap_clk rise edge)     0.000     0.000 r  
                                                      0.000     0.000 r  ap_clk (IN)
                         net (fo=143, unset)          0.787     0.787    bd_0_i/hls_inst/U0/mac_muladd_8s_8s_16s_16_4_1_U2/matrixmul_mac_muladd_8s_8s_16s_16_4_1_DSP48_0_U/ap_clk
    SLICE_X7Y72          FDRE                                         r  bd_0_i/hls_inst/U0/mac_muladd_8s_8s_16s_16_4_1_U2/matrixmul_mac_muladd_8s_8s_16s_16_4_1_DSP48_0_U/a_reg_reg[1]/C
  -------------------------------------------------------------------    -------------------
    SLICE_X7Y72          FDRE (Prop_fdre_C_Q)         0.379     1.166 r  bd_0_i/hls_inst/U0/mac_muladd_8s_8s_16s_16_4_1_U2/matrixmul_mac_muladd_8s_8s_16s_16_4_1_DSP48_0_U/a_reg_reg[1]/Q
                         net (fo=19, routed)          1.033     2.199    bd_0_i/hls_inst/U0/mac_muladd_8s_8s_16s_16_4_1_U2/matrixmul_mac_muladd_8s_8s_16s_16_4_1_DSP48_0_U/a_reg_reg_n_4_[1]
    SLICE_X8Y73          LUT6 (Prop_lut6_I1_O)        0.105     2.304 r  bd_0_i/hls_inst/U0/mac_muladd_8s_8s_16s_16_4_1_U2/matrixmul_mac_muladd_8s_8s_16s_16_4_1_DSP48_0_U/m_reg[11]_i_36/O
                         net (fo=2, routed)           0.624     2.929    bd_0_i/hls_inst/U0/mac_muladd_8s_8s_16s_16_4_1_U2/matrixmul_mac_muladd_8s_8s_16s_16_4_1_DSP48_0_U/m_reg[11]_i_36_n_4
    SLICE_X6Y73          LUT6 (Prop_lut6_I0_O)        0.105     3.034 r  bd_0_i/hls_inst/U0/mac_muladd_8s_8s_16s_16_4_1_U2/matrixmul_mac_muladd_8s_8s_16s_16_4_1_DSP48_0_U/m_reg[11]_i_40/O
                         net (fo=1, routed)           0.000     3.034    bd_0_i/hls_inst/U0/mac_muladd_8s_8s_16s_16_4_1_U2/matrixmul_mac_muladd_8s_8s_16s_16_4_1_DSP48_0_U/m_reg[11]_i_40_n_4
    SLICE_X6Y73          CARRY4 (Prop_carry4_S[0]_CO[3])
                                                      0.423     3.457 r  bd_0_i/hls_inst/U0/mac_muladd_8s_8s_16s_16_4_1_U2/matrixmul_mac_muladd_8s_8s_16s_16_4_1_DSP48_0_U/m_reg_reg[11]_i_13/CO[3]
                         net (fo=1, routed)           0.000     3.457    bd_0_i/hls_inst/U0/mac_muladd_8s_8s_16s_16_4_1_U2/matrixmul_mac_muladd_8s_8s_16s_16_4_1_DSP48_0_U/m_reg_reg[11]_i_13_n_4
    SLICE_X6Y74          CARRY4 (Prop_carry4_CI_O[1])
                                                      0.257     3.714 r  bd_0_i/hls_inst/U0/mac_muladd_8s_8s_16s_16_4_1_U2/matrixmul_mac_muladd_8s_8s_16s_16_4_1_DSP48_0_U/m_reg_reg[11]_i_11/O[1]
                         net (fo=2, routed)           0.948     4.661    bd_0_i/hls_inst/U0/mac_muladd_8s_8s_16s_16_4_1_U2/matrixmul_mac_muladd_8s_8s_16s_16_4_1_DSP48_0_U/m_reg_reg[11]_i_11_n_10
    SLICE_X5Y71          LUT3 (Prop_lut3_I2_O)        0.259     4.920 r  bd_0_i/hls_inst/U0/mac_muladd_8s_8s_16s_16_4_1_U2/matrixmul_mac_muladd_8s_8s_16s_16_4_1_DSP48_0_U/m_reg[11]_i_3/O
                         net (fo=2, routed)           0.697     5.617    bd_0_i/hls_inst/U0/mac_muladd_8s_8s_16s_16_4_1_U2/matrixmul_mac_muladd_8s_8s_16s_16_4_1_DSP48_0_U/m_reg[11]_i_3_n_4
    SLICE_X5Y71          LUT4 (Prop_lut4_I0_O)        0.275     5.892 r  bd_0_i/hls_inst/U0/mac_muladd_8s_8s_16s_16_4_1_U2/matrixmul_mac_muladd_8s_8s_16s_16_4_1_DSP48_0_U/m_reg[11]_i_7/O
                         net (fo=1, routed)           0.000     5.892    bd_0_i/hls_inst/U0/mac_muladd_8s_8s_16s_16_4_1_U2/matrixmul_mac_muladd_8s_8s_16s_16_4_1_DSP48_0_U/m_reg[11]_i_7_n_4
    SLICE_X5Y71          CARRY4 (Prop_carry4_S[2]_CO[3])
                                                      0.332     6.224 r  bd_0_i/hls_inst/U0/mac_muladd_8s_8s_16s_16_4_1_U2/matrixmul_mac_muladd_8s_8s_16s_16_4_1_DSP48_0_U/m_reg_reg[11]_i_1/CO[3]
                         net (fo=1, routed)           0.000     6.224    bd_0_i/hls_inst/U0/mac_muladd_8s_8s_16s_16_4_1_U2/matrixmul_mac_muladd_8s_8s_16s_16_4_1_DSP48_0_U/m_reg_reg[11]_i_1_n_4
    SLICE_X5Y72          CARRY4 (Prop_carry4_CI_O[1])
                                                      0.265     6.489 r  bd_0_i/hls_inst/U0/mac_muladd_8s_8s_16s_16_4_1_U2/matrixmul_mac_muladd_8s_8s_16s_16_4_1_DSP48_0_U/m_reg_reg[15]_i_1/O[1]
                         net (fo=1, routed)           0.000     6.489    bd_0_i/hls_inst/U0/mac_muladd_8s_8s_16s_16_4_1_U2/matrixmul_mac_muladd_8s_8s_16s_16_4_1_DSP48_0_U/m[13]
    SLICE_X5Y72          FDRE                                         r  bd_0_i/hls_inst/U0/mac_muladd_8s_8s_16s_16_4_1_U2/matrixmul_mac_muladd_8s_8s_16s_16_4_1_DSP48_0_U/m_reg_reg[13]/D
  -------------------------------------------------------------------    -------------------

                         (clock ap_clk rise edge)    10.000    10.000 r  
                                                      0.000    10.000 r  ap_clk (IN)
                         net (fo=143, unset)          0.748    10.748    bd_0_i/hls_inst/U0/mac_muladd_8s_8s_16s_16_4_1_U2/matrixmul_mac_muladd_8s_8s_16s_16_4_1_DSP48_0_U/ap_clk
    SLICE_X5Y72          FDRE                                         r  bd_0_i/hls_inst/U0/mac_muladd_8s_8s_16s_16_4_1_U2/matrixmul_mac_muladd_8s_8s_16s_16_4_1_DSP48_0_U/m_reg_reg[13]/C
                         clock pessimism              0.000    10.748    
                         clock uncertainty           -0.035    10.712    
    SLICE_X5Y72          FDRE (Setup_fdre_C_D)        0.059    10.771    bd_0_i/hls_inst/U0/mac_muladd_8s_8s_16s_16_4_1_U2/matrixmul_mac_muladd_8s_8s_16s_16_4_1_DSP48_0_U/m_reg_reg[13]
  -------------------------------------------------------------------
                         required time                         10.771    
                         arrival time                          -6.489    
  -------------------------------------------------------------------
                         slack                                  4.282    

Slack (MET) :             4.287ns  (required time - arrival time)
  Source:                 bd_0_i/hls_inst/U0/mac_muladd_8s_8s_16s_16_4_1_U2/matrixmul_mac_muladd_8s_8s_16s_16_4_1_DSP48_0_U/a_reg_reg[1]/C
                            (rising edge-triggered cell FDRE clocked by ap_clk  {rise@0.000ns fall@5.000ns period=10.000ns})
  Destination:            bd_0_i/hls_inst/U0/mac_muladd_8s_8s_16s_16_4_1_U2/matrixmul_mac_muladd_8s_8s_16s_16_4_1_DSP48_0_U/m_reg_reg[15]/D
                            (rising edge-triggered cell FDRE clocked by ap_clk  {rise@0.000ns fall@5.000ns period=10.000ns})
  Path Group:             ap_clk
  Path Type:              Setup (Max at Slow Process Corner)
  Requirement:            10.000ns  (ap_clk rise@10.000ns - ap_clk rise@0.000ns)
  Data Path Delay:        5.697ns  (logic 2.395ns (42.038%)  route 3.302ns (57.962%))
  Logic Levels:           8  (CARRY4=4 LUT3=1 LUT4=1 LUT6=2)
  Clock Path Skew:        -0.039ns (DCD - SCD + CPR)
    Destination Clock Delay (DCD):    0.748ns = ( 10.748 - 10.000 ) 
    Source Clock Delay      (SCD):    0.787ns
    Clock Pessimism Removal (CPR):    0.000ns
  Clock Uncertainty:      0.035ns  ((TSJ^2 + TIJ^2)^1/2 + DJ) / 2 + PE
    Total System Jitter     (TSJ):    0.071ns
    Total Input Jitter      (TIJ):    0.000ns
    Discrete Jitter          (DJ):    0.000ns
    Phase Error              (PE):    0.000ns

    Location             Delay type                Incr(ns)  Path(ns)    Netlist Resource(s)
  -------------------------------------------------------------------    -------------------
                         (clock ap_clk rise edge)     0.000     0.000 r  
                                                      0.000     0.000 r  ap_clk (IN)
                         net (fo=143, unset)          0.787     0.787    bd_0_i/hls_inst/U0/mac_muladd_8s_8s_16s_16_4_1_U2/matrixmul_mac_muladd_8s_8s_16s_16_4_1_DSP48_0_U/ap_clk
    SLICE_X7Y72          FDRE                                         r  bd_0_i/hls_inst/U0/mac_muladd_8s_8s_16s_16_4_1_U2/matrixmul_mac_muladd_8s_8s_16s_16_4_1_DSP48_0_U/a_reg_reg[1]/C
  -------------------------------------------------------------------    -------------------
    SLICE_X7Y72          FDRE (Prop_fdre_C_Q)         0.379     1.166 r  bd_0_i/hls_inst/U0/mac_muladd_8s_8s_16s_16_4_1_U2/matrixmul_mac_muladd_8s_8s_16s_16_4_1_DSP48_0_U/a_reg_reg[1]/Q
                         net (fo=19, routed)          1.033     2.199    bd_0_i/hls_inst/U0/mac_muladd_8s_8s_16s_16_4_1_U2/matrixmul_mac_muladd_8s_8s_16s_16_4_1_DSP48_0_U/a_reg_reg_n_4_[1]
    SLICE_X8Y73          LUT6 (Prop_lut6_I1_O)        0.105     2.304 r  bd_0_i/hls_inst/U0/mac_muladd_8s_8s_16s_16_4_1_U2/matrixmul_mac_muladd_8s_8s_16s_16_4_1_DSP48_0_U/m_reg[11]_i_36/O
                         net (fo=2, routed)           0.624     2.929    bd_0_i/hls_inst/U0/mac_muladd_8s_8s_16s_16_4_1_U2/matrixmul_mac_muladd_8s_8s_16s_16_4_1_DSP48_0_U/m_reg[11]_i_36_n_4
    SLICE_X6Y73          LUT6 (Prop_lut6_I0_O)        0.105     3.034 r  bd_0_i/hls_inst/U0/mac_muladd_8s_8s_16s_16_4_1_U2/matrixmul_mac_muladd_8s_8s_16s_16_4_1_DSP48_0_U/m_reg[11]_i_40/O
                         net (fo=1, routed)           0.000     3.034    bd_0_i/hls_inst/U0/mac_muladd_8s_8s_16s_16_4_1_U2/matrixmul_mac_muladd_8s_8s_16s_16_4_1_DSP48_0_U/m_reg[11]_i_40_n_4
    SLICE_X6Y73          CARRY4 (Prop_carry4_S[0]_CO[3])
                                                      0.423     3.457 r  bd_0_i/hls_inst/U0/mac_muladd_8s_8s_16s_16_4_1_U2/matrixmul_mac_muladd_8s_8s_16s_16_4_1_DSP48_0_U/m_reg_reg[11]_i_13/CO[3]
                         net (fo=1, routed)           0.000     3.457    bd_0_i/hls_inst/U0/mac_muladd_8s_8s_16s_16_4_1_U2/matrixmul_mac_muladd_8s_8s_16s_16_4_1_DSP48_0_U/m_reg_reg[11]_i_13_n_4
    SLICE_X6Y74          CARRY4 (Prop_carry4_CI_O[1])
                                                      0.257     3.714 r  bd_0_i/hls_inst/U0/mac_muladd_8s_8s_16s_16_4_1_U2/matrixmul_mac_muladd_8s_8s_16s_16_4_1_DSP48_0_U/m_reg_reg[11]_i_11/O[1]
                         net (fo=2, routed)           0.948     4.661    bd_0_i/hls_inst/U0/mac_muladd_8s_8s_16s_16_4_1_U2/matrixmul_mac_muladd_8s_8s_16s_16_4_1_DSP48_0_U/m_reg_reg[11]_i_11_n_10
    SLICE_X5Y71          LUT3 (Prop_lut3_I2_O)        0.259     4.920 r  bd_0_i/hls_inst/U0/mac_muladd_8s_8s_16s_16_4_1_U2/matrixmul_mac_muladd_8s_8s_16s_16_4_1_DSP48_0_U/m_reg[11]_i_3/O
                         net (fo=2, routed)           0.697     5.617    bd_0_i/hls_inst/U0/mac_muladd_8s_8s_16s_16_4_1_U2/matrixmul_mac_muladd_8s_8s_16s_16_4_1_DSP48_0_U/m_reg[11]_i_3_n_4
    SLICE_X5Y71          LUT4 (Prop_lut4_I0_O)        0.275     5.892 r  bd_0_i/hls_inst/U0/mac_muladd_8s_8s_16s_16_4_1_U2/matrixmul_mac_muladd_8s_8s_16s_16_4_1_DSP48_0_U/m_reg[11]_i_7/O
                         net (fo=1, routed)           0.000     5.892    bd_0_i/hls_inst/U0/mac_muladd_8s_8s_16s_16_4_1_U2/matrixmul_mac_muladd_8s_8s_16s_16_4_1_DSP48_0_U/m_reg[11]_i_7_n_4
    SLICE_X5Y71          CARRY4 (Prop_carry4_S[2]_CO[3])
                                                      0.332     6.224 r  bd_0_i/hls_inst/U0/mac_muladd_8s_8s_16s_16_4_1_U2/matrixmul_mac_muladd_8s_8s_16s_16_4_1_DSP48_0_U/m_reg_reg[11]_i_1/CO[3]
                         net (fo=1, routed)           0.000     6.224    bd_0_i/hls_inst/U0/mac_muladd_8s_8s_16s_16_4_1_U2/matrixmul_mac_muladd_8s_8s_16s_16_4_1_DSP48_0_U/m_reg_reg[11]_i_1_n_4
    SLICE_X5Y72          CARRY4 (Prop_carry4_CI_O[3])
                                                      0.260     6.484 r  bd_0_i/hls_inst/U0/mac_muladd_8s_8s_16s_16_4_1_U2/matrixmul_mac_muladd_8s_8s_16s_16_4_1_DSP48_0_U/m_reg_reg[15]_i_1/O[3]
                         net (fo=1, routed)           0.000     6.484    bd_0_i/hls_inst/U0/mac_muladd_8s_8s_16s_16_4_1_U2/matrixmul_mac_muladd_8s_8s_16s_16_4_1_DSP48_0_U/m[15]
    SLICE_X5Y72          FDRE                                         r  bd_0_i/hls_inst/U0/mac_muladd_8s_8s_16s_16_4_1_U2/matrixmul_mac_muladd_8s_8s_16s_16_4_1_DSP48_0_U/m_reg_reg[15]/D
  -------------------------------------------------------------------    -------------------

                         (clock ap_clk rise edge)    10.000    10.000 r  
                                                      0.000    10.000 r  ap_clk (IN)
                         net (fo=143, unset)          0.748    10.748    bd_0_i/hls_inst/U0/mac_muladd_8s_8s_16s_16_4_1_U2/matrixmul_mac_muladd_8s_8s_16s_16_4_1_DSP48_0_U/ap_clk
    SLICE_X5Y72          FDRE                                         r  bd_0_i/hls_inst/U0/mac_muladd_8s_8s_16s_16_4_1_U2/matrixmul_mac_muladd_8s_8s_16s_16_4_1_DSP48_0_U/m_reg_reg[15]/C
                         clock pessimism              0.000    10.748    
                         clock uncertainty           -0.035    10.712    
    SLICE_X5Y72          FDRE (Setup_fdre_C_D)        0.059    10.771    bd_0_i/hls_inst/U0/mac_muladd_8s_8s_16s_16_4_1_U2/matrixmul_mac_muladd_8s_8s_16s_16_4_1_DSP48_0_U/m_reg_reg[15]
  -------------------------------------------------------------------
                         required time                         10.771    
                         arrival time                          -6.484    
  -------------------------------------------------------------------
                         slack                                  4.287    

Slack (MET) :             4.290ns  (required time - arrival time)
  Source:                 bd_0_i/hls_inst/U0/reg_159_reg[2]/C
                            (rising edge-triggered cell FDRE clocked by ap_clk  {rise@0.000ns fall@5.000ns period=10.000ns})
  Destination:            bd_0_i/hls_inst/U0/mac_muladd_8s_8s_16s_16_4_1_U2/matrixmul_mac_muladd_8s_8s_16s_16_4_1_DSP48_0_U/p_reg_reg[8]/D
                            (rising edge-triggered cell FDRE clocked by ap_clk  {rise@0.000ns fall@5.000ns period=10.000ns})
  Path Group:             ap_clk
  Path Type:              Setup (Max at Slow Process Corner)
  Requirement:            10.000ns  (ap_clk rise@10.000ns - ap_clk rise@0.000ns)
  Data Path Delay:        5.694ns  (logic 2.397ns (42.095%)  route 3.297ns (57.905%))
  Logic Levels:           9  (CARRY4=5 LUT2=2 LUT4=2)
  Clock Path Skew:        -0.039ns (DCD - SCD + CPR)
    Destination Clock Delay (DCD):    0.748ns = ( 10.748 - 10.000 ) 
    Source Clock Delay      (SCD):    0.787ns
    Clock Pessimism Removal (CPR):    0.000ns
  Clock Uncertainty:      0.035ns  ((TSJ^2 + TIJ^2)^1/2 + DJ) / 2 + PE
    Total System Jitter     (TSJ):    0.071ns
    Total Input Jitter      (TIJ):    0.000ns
    Discrete Jitter          (DJ):    0.000ns
    Phase Error              (PE):    0.000ns

    Location             Delay type                Incr(ns)  Path(ns)    Netlist Resource(s)
  -------------------------------------------------------------------    -------------------
                         (clock ap_clk rise edge)     0.000     0.000 r  
                                                      0.000     0.000 r  ap_clk (IN)
                         net (fo=143, unset)          0.787     0.787    bd_0_i/hls_inst/U0/ap_clk
    SLICE_X9Y70          FDRE                                         r  bd_0_i/hls_inst/U0/reg_159_reg[2]/C
  -------------------------------------------------------------------    -------------------
    SLICE_X9Y70          FDRE (Prop_fdre_C_Q)         0.379     1.166 r  bd_0_i/hls_inst/U0/reg_159_reg[2]/Q
                         net (fo=17, routed)          1.118     2.284    bd_0_i/hls_inst/U0/mul_8s_8s_16_1_1_U1/Q[2]
    SLICE_X8Y66          LUT4 (Prop_lut4_I2_O)        0.105     2.389 r  bd_0_i/hls_inst/U0/mul_8s_8s_16_1_1_U1/tmp_product__0_carry_i_2/O
                         net (fo=1, routed)           0.458     2.847    bd_0_i/hls_inst/U0/mul_8s_8s_16_1_1_U1/tmp_product__0_carry_i_2_n_4
    SLICE_X9Y66          CARRY4 (Prop_carry4_DI[2]_CO[3])
                                                      0.329     3.176 r  bd_0_i/hls_inst/U0/mul_8s_8s_16_1_1_U1/tmp_product__0_carry/CO[3]
                         net (fo=1, routed)           0.000     3.176    bd_0_i/hls_inst/U0/mul_8s_8s_16_1_1_U1/tmp_product__0_carry_n_4
    SLICE_X9Y67          CARRY4 (Prop_carry4_CI_O[1])
                                                      0.265     3.441 r  bd_0_i/hls_inst/U0/mul_8s_8s_16_1_1_U1/tmp_product__0_carry__0/O[1]
                         net (fo=2, routed)           0.570     4.011    bd_0_i/hls_inst/U0/mul_8s_8s_16_1_1_U1/tmp_product__0_carry__0_n_10
    SLICE_X5Y67          LUT2 (Prop_lut2_I1_O)        0.250     4.261 r  bd_0_i/hls_inst/U0/mul_8s_8s_16_1_1_U1/tmp_product__85_carry_i_2/O
                         net (fo=2, routed)           0.476     4.737    bd_0_i/hls_inst/U0/mul_8s_8s_16_1_1_U1/tmp_product__85_carry_i_2_n_4
    SLICE_X6Y67          LUT4 (Prop_lut4_I3_O)        0.105     4.842 r  bd_0_i/hls_inst/U0/mul_8s_8s_16_1_1_U1/tmp_product__85_carry_i_6/O
                         net (fo=1, routed)           0.000     4.842    bd_0_i/hls_inst/U0/mul_8s_8s_16_1_1_U1/tmp_product__85_carry_i_6_n_4
    SLICE_X6Y67          CARRY4 (Prop_carry4_S[2]_O[2])
                                                      0.207     5.049 r  bd_0_i/hls_inst/U0/mul_8s_8s_16_1_1_U1/tmp_product__85_carry/O[2]
                         net (fo=1, routed)           0.676     5.724    bd_0_i/hls_inst/U0/mac_muladd_8s_8s_16s_16_4_1_U2/matrixmul_mac_muladd_8s_8s_16s_16_4_1_DSP48_0_U/C[5]
    SLICE_X4Y68          LUT2 (Prop_lut2_I1_O)        0.244     5.968 r  bd_0_i/hls_inst/U0/mac_muladd_8s_8s_16s_16_4_1_U2/matrixmul_mac_muladd_8s_8s_16s_16_4_1_DSP48_0_U/p_carry__0_i_2/O
                         net (fo=1, routed)           0.000     5.968    bd_0_i/hls_inst/U0/mac_muladd_8s_8s_16s_16_4_1_U2/matrixmul_mac_muladd_8s_8s_16s_16_4_1_DSP48_0_U/p_carry__0_i_2_n_4
    SLICE_X4Y68          CARRY4 (Prop_carry4_S[2]_CO[3])
                                                      0.332     6.300 r  bd_0_i/hls_inst/U0/mac_muladd_8s_8s_16s_16_4_1_U2/matrixmul_mac_muladd_8s_8s_16s_16_4_1_DSP48_0_U/p_carry__0/CO[3]
                         net (fo=1, routed)           0.000     6.300    bd_0_i/hls_inst/U0/mac_muladd_8s_8s_16s_16_4_1_U2/matrixmul_mac_muladd_8s_8s_16s_16_4_1_DSP48_0_U/p_carry__0_n_4
    SLICE_X4Y69          CARRY4 (Prop_carry4_CI_O[0])
                                                      0.181     6.481 r  bd_0_i/hls_inst/U0/mac_muladd_8s_8s_16s_16_4_1_U2/matrixmul_mac_muladd_8s_8s_16s_16_4_1_DSP48_0_U/p_carry__1/O[0]
                         net (fo=1, routed)           0.000     6.481    bd_0_i/hls_inst/U0/mac_muladd_8s_8s_16s_16_4_1_U2/matrixmul_mac_muladd_8s_8s_16s_16_4_1_DSP48_0_U/p[8]
    SLICE_X4Y69          FDRE                                         r  bd_0_i/hls_inst/U0/mac_muladd_8s_8s_16s_16_4_1_U2/matrixmul_mac_muladd_8s_8s_16s_16_4_1_DSP48_0_U/p_reg_reg[8]/D
  -------------------------------------------------------------------    -------------------

                         (clock ap_clk rise edge)    10.000    10.000 r  
                                                      0.000    10.000 r  ap_clk (IN)
                         net (fo=143, unset)          0.748    10.748    bd_0_i/hls_inst/U0/mac_muladd_8s_8s_16s_16_4_1_U2/matrixmul_mac_muladd_8s_8s_16s_16_4_1_DSP48_0_U/ap_clk
    SLICE_X4Y69          FDRE                                         r  bd_0_i/hls_inst/U0/mac_muladd_8s_8s_16s_16_4_1_U2/matrixmul_mac_muladd_8s_8s_16s_16_4_1_DSP48_0_U/p_reg_reg[8]/C
                         clock pessimism              0.000    10.748    
                         clock uncertainty           -0.035    10.712    
    SLICE_X4Y69          FDRE (Setup_fdre_C_D)        0.059    10.771    bd_0_i/hls_inst/U0/mac_muladd_8s_8s_16s_16_4_1_U2/matrixmul_mac_muladd_8s_8s_16s_16_4_1_DSP48_0_U/p_reg_reg[8]
  -------------------------------------------------------------------
                         required time                         10.771    
                         arrival time                          -6.481    
  -------------------------------------------------------------------
                         slack                                  4.290    





Min Delay Paths
--------------------------------------------------------------------------------------
Slack (MET) :             0.101ns  (arrival time - required time)
  Source:                 bd_0_i/hls_inst/U0/add_ln43_6_reg_459_reg[0]/C
                            (rising edge-triggered cell FDRE clocked by ap_clk  {rise@0.000ns fall@5.000ns period=10.000ns})
  Destination:            bd_0_i/hls_inst/U0/add_ln43_6_reg_459_pp0_iter1_reg_reg[0]/D
                            (rising edge-triggered cell FDRE clocked by ap_clk  {rise@0.000ns fall@5.000ns period=10.000ns})
  Path Group:             ap_clk
  Path Type:              Hold (Min at Fast Process Corner)
  Requirement:            0.000ns  (ap_clk rise@0.000ns - ap_clk rise@0.000ns)
  Data Path Delay:        0.196ns  (logic 0.141ns (71.838%)  route 0.055ns (28.162%))
  Logic Levels:           0  
  Clock Path Skew:        0.021ns (DCD - SCD - CPR)
    Destination Clock Delay (DCD):    0.411ns
    Source Clock Delay      (SCD):    0.390ns
    Clock Pessimism Removal (CPR):    -0.000ns

    Location             Delay type                Incr(ns)  Path(ns)    Netlist Resource(s)
  -------------------------------------------------------------------    -------------------
                         (clock ap_clk rise edge)     0.000     0.000 r  
                                                      0.000     0.000 r  ap_clk (IN)
                         net (fo=143, unset)          0.390     0.390    bd_0_i/hls_inst/U0/ap_clk
    SLICE_X5Y61          FDRE                                         r  bd_0_i/hls_inst/U0/add_ln43_6_reg_459_reg[0]/C
  -------------------------------------------------------------------    -------------------
    SLICE_X5Y61          FDRE (Prop_fdre_C_Q)         0.141     0.531 r  bd_0_i/hls_inst/U0/add_ln43_6_reg_459_reg[0]/Q
                         net (fo=1, routed)           0.055     0.587    bd_0_i/hls_inst/U0/add_ln43_6_reg_459[0]
    SLICE_X5Y61          FDRE                                         r  bd_0_i/hls_inst/U0/add_ln43_6_reg_459_pp0_iter1_reg_reg[0]/D
  -------------------------------------------------------------------    -------------------

                         (clock ap_clk rise edge)     0.000     0.000 r  
                                                      0.000     0.000 r  ap_clk (IN)
                         net (fo=143, unset)          0.411     0.411    bd_0_i/hls_inst/U0/ap_clk
    SLICE_X5Y61          FDRE                                         r  bd_0_i/hls_inst/U0/add_ln43_6_reg_459_pp0_iter1_reg_reg[0]/C
                         clock pessimism              0.000     0.411    
    SLICE_X5Y61          FDRE (Hold_fdre_C_D)         0.075     0.486    bd_0_i/hls_inst/U0/add_ln43_6_reg_459_pp0_iter1_reg_reg[0]
  -------------------------------------------------------------------
                         required time                         -0.486    
                         arrival time                           0.587    
  -------------------------------------------------------------------
                         slack                                  0.101    

Slack (MET) :             0.145ns  (arrival time - required time)
  Source:                 bd_0_i/hls_inst/U0/sub_ln43_reg_413_reg[3]/C
                            (rising edge-triggered cell FDRE clocked by ap_clk  {rise@0.000ns fall@5.000ns period=10.000ns})
  Destination:            bd_0_i/hls_inst/U0/add_ln43_6_reg_459_reg[3]/D
                            (rising edge-triggered cell FDRE clocked by ap_clk  {rise@0.000ns fall@5.000ns period=10.000ns})
  Path Group:             ap_clk
  Path Type:              Hold (Min at Fast Process Corner)
  Requirement:            0.000ns  (ap_clk rise@0.000ns - ap_clk rise@0.000ns)
  Data Path Delay:        0.287ns  (logic 0.186ns (64.832%)  route 0.101ns (35.168%))
  Logic Levels:           1  (LUT6=1)
  Clock Path Skew:        0.021ns (DCD - SCD - CPR)
    Destination Clock Delay (DCD):    0.411ns
    Source Clock Delay      (SCD):    0.390ns
    Clock Pessimism Removal (CPR):    -0.000ns

    Location             Delay type                Incr(ns)  Path(ns)    Netlist Resource(s)
  -------------------------------------------------------------------    -------------------
                         (clock ap_clk rise edge)     0.000     0.000 r  
                                                      0.000     0.000 r  ap_clk (IN)
                         net (fo=143, unset)          0.390     0.390    bd_0_i/hls_inst/U0/ap_clk
    SLICE_X7Y62          FDRE                                         r  bd_0_i/hls_inst/U0/sub_ln43_reg_413_reg[3]/C
  -------------------------------------------------------------------    -------------------
    SLICE_X7Y62          FDRE (Prop_fdre_C_Q)         0.141     0.531 r  bd_0_i/hls_inst/U0/sub_ln43_reg_413_reg[3]/Q
                         net (fo=2, routed)           0.101     0.632    bd_0_i/hls_inst/U0/sub_ln43_reg_413_reg_n_4_[3]
    SLICE_X6Y62          LUT6 (Prop_lut6_I5_O)        0.045     0.677 r  bd_0_i/hls_inst/U0/add_ln43_6_reg_459[3]_i_1/O
                         net (fo=1, routed)           0.000     0.677    bd_0_i/hls_inst/U0/add_ln43_6_fu_302_p2[3]
    SLICE_X6Y62          FDRE                                         r  bd_0_i/hls_inst/U0/add_ln43_6_reg_459_reg[3]/D
  -------------------------------------------------------------------    -------------------

                         (clock ap_clk rise edge)     0.000     0.000 r  
                                                      0.000     0.000 r  ap_clk (IN)
                         net (fo=143, unset)          0.411     0.411    bd_0_i/hls_inst/U0/ap_clk
    SLICE_X6Y62          FDRE                                         r  bd_0_i/hls_inst/U0/add_ln43_6_reg_459_reg[3]/C
                         clock pessimism              0.000     0.411    
    SLICE_X6Y62          FDRE (Hold_fdre_C_D)         0.121     0.532    bd_0_i/hls_inst/U0/add_ln43_6_reg_459_reg[3]
  -------------------------------------------------------------------
                         required time                         -0.532    
                         arrival time                           0.677    
  -------------------------------------------------------------------
                         slack                                  0.145    

Slack (MET) :             0.180ns  (arrival time - required time)
  Source:                 bd_0_i/hls_inst/U0/indvar_flatten1_fu_58_reg[2]/C
                            (rising edge-triggered cell FDRE clocked by ap_clk  {rise@0.000ns fall@5.000ns period=10.000ns})
  Destination:            bd_0_i/hls_inst/U0/icmp_ln37_reg_474_reg[0]/D
                            (rising edge-triggered cell FDRE clocked by ap_clk  {rise@0.000ns fall@5.000ns period=10.000ns})
  Path Group:             ap_clk
  Path Type:              Hold (Min at Fast Process Corner)
  Requirement:            0.000ns  (ap_clk rise@0.000ns - ap_clk rise@0.000ns)
  Data Path Delay:        0.293ns  (logic 0.186ns (63.528%)  route 0.107ns (36.472%))
  Logic Levels:           1  (LUT4=1)
  Clock Path Skew:        0.021ns (DCD - SCD - CPR)
    Destination Clock Delay (DCD):    0.411ns
    Source Clock Delay      (SCD):    0.390ns
    Clock Pessimism Removal (CPR):    -0.000ns

    Location             Delay type                Incr(ns)  Path(ns)    Netlist Resource(s)
  -------------------------------------------------------------------    -------------------
                         (clock ap_clk rise edge)     0.000     0.000 r  
                                                      0.000     0.000 r  ap_clk (IN)
                         net (fo=143, unset)          0.390     0.390    bd_0_i/hls_inst/U0/ap_clk
    SLICE_X4Y61          FDRE                                         r  bd_0_i/hls_inst/U0/indvar_flatten1_fu_58_reg[2]/C
  -------------------------------------------------------------------    -------------------
    SLICE_X4Y61          FDRE (Prop_fdre_C_Q)         0.141     0.531 f  bd_0_i/hls_inst/U0/indvar_flatten1_fu_58_reg[2]/Q
                         net (fo=4, routed)           0.107     0.638    bd_0_i/hls_inst/U0/indvar_flatten1_fu_58_reg[2]
    SLICE_X5Y61          LUT4 (Prop_lut4_I1_O)        0.045     0.683 r  bd_0_i/hls_inst/U0/icmp_ln37_reg_474[0]_i_1/O
                         net (fo=1, routed)           0.000     0.683    bd_0_i/hls_inst/U0/icmp_ln37_fu_327_p2[0]
    SLICE_X5Y61          FDRE                                         r  bd_0_i/hls_inst/U0/icmp_ln37_reg_474_reg[0]/D
  -------------------------------------------------------------------    -------------------

                         (clock ap_clk rise edge)     0.000     0.000 r  
                                                      0.000     0.000 r  ap_clk (IN)
                         net (fo=143, unset)          0.411     0.411    bd_0_i/hls_inst/U0/ap_clk
    SLICE_X5Y61          FDRE                                         r  bd_0_i/hls_inst/U0/icmp_ln37_reg_474_reg[0]/C
                         clock pessimism              0.000     0.411    
    SLICE_X5Y61          FDRE (Hold_fdre_C_D)         0.092     0.503    bd_0_i/hls_inst/U0/icmp_ln37_reg_474_reg[0]
  -------------------------------------------------------------------
                         required time                         -0.503    
                         arrival time                           0.683    
  -------------------------------------------------------------------
                         slack                                  0.180    

Slack (MET) :             0.196ns  (arrival time - required time)
  Source:                 bd_0_i/hls_inst/U0/sub_ln43_reg_413_reg[2]/C
                            (rising edge-triggered cell FDRE clocked by ap_clk  {rise@0.000ns fall@5.000ns period=10.000ns})
  Destination:            bd_0_i/hls_inst/U0/add_ln43_6_reg_459_reg[2]/D
                            (rising edge-triggered cell FDRE clocked by ap_clk  {rise@0.000ns fall@5.000ns period=10.000ns})
  Path Group:             ap_clk
  Path Type:              Hold (Min at Fast Process Corner)
  Requirement:            0.000ns  (ap_clk rise@0.000ns - ap_clk rise@0.000ns)
  Data Path Delay:        0.347ns  (logic 0.187ns (53.838%)  route 0.160ns (46.162%))
  Logic Levels:           1  (LUT5=1)
  Clock Path Skew:        0.021ns (DCD - SCD - CPR)
    Destination Clock Delay (DCD):    0.411ns
    Source Clock Delay      (SCD):    0.390ns
    Clock Pessimism Removal (CPR):    -0.000ns

    Location             Delay type                Incr(ns)  Path(ns)    Netlist Resource(s)
  -------------------------------------------------------------------    -------------------
                         (clock ap_clk rise edge)     0.000     0.000 r  
                                                      0.000     0.000 r  ap_clk (IN)
                         net (fo=143, unset)          0.390     0.390    bd_0_i/hls_inst/U0/ap_clk
    SLICE_X7Y62          FDRE                                         r  bd_0_i/hls_inst/U0/sub_ln43_reg_413_reg[2]/C
  -------------------------------------------------------------------    -------------------
    SLICE_X7Y62          FDRE (Prop_fdre_C_Q)         0.141     0.531 r  bd_0_i/hls_inst/U0/sub_ln43_reg_413_reg[2]/Q
                         net (fo=3, routed)           0.160     0.692    bd_0_i/hls_inst/U0/sub_ln43_reg_413_reg_n_4_[2]
    SLICE_X6Y62          LUT5 (Prop_lut5_I4_O)        0.046     0.738 r  bd_0_i/hls_inst/U0/add_ln43_6_reg_459[2]_i_1/O
                         net (fo=1, routed)           0.000     0.738    bd_0_i/hls_inst/U0/add_ln43_6_fu_302_p2[2]
    SLICE_X6Y62          FDRE                                         r  bd_0_i/hls_inst/U0/add_ln43_6_reg_459_reg[2]/D
  -------------------------------------------------------------------    -------------------

                         (clock ap_clk rise edge)     0.000     0.000 r  
                                                      0.000     0.000 r  ap_clk (IN)
                         net (fo=143, unset)          0.411     0.411    bd_0_i/hls_inst/U0/ap_clk
    SLICE_X6Y62          FDRE                                         r  bd_0_i/hls_inst/U0/add_ln43_6_reg_459_reg[2]/C
                         clock pessimism              0.000     0.411    
    SLICE_X6Y62          FDRE (Hold_fdre_C_D)         0.131     0.542    bd_0_i/hls_inst/U0/add_ln43_6_reg_459_reg[2]
  -------------------------------------------------------------------
                         required time                         -0.542    
                         arrival time                           0.738    
  -------------------------------------------------------------------
                         slack                                  0.196    

Slack (MET) :             0.204ns  (arrival time - required time)
  Source:                 bd_0_i/hls_inst/U0/add_ln43_6_reg_459_reg[1]/C
                            (rising edge-triggered cell FDRE clocked by ap_clk  {rise@0.000ns fall@5.000ns period=10.000ns})
  Destination:            bd_0_i/hls_inst/U0/add_ln43_6_reg_459_pp0_iter1_reg_reg[1]/D
                            (rising edge-triggered cell FDRE clocked by ap_clk  {rise@0.000ns fall@5.000ns period=10.000ns})
  Path Group:             ap_clk
  Path Type:              Hold (Min at Fast Process Corner)
  Requirement:            0.000ns  (ap_clk rise@0.000ns - ap_clk rise@0.000ns)
  Data Path Delay:        0.278ns  (logic 0.164ns (59.007%)  route 0.114ns (40.993%))
  Logic Levels:           0  
  Clock Path Skew:        0.021ns (DCD - SCD - CPR)
    Destination Clock Delay (DCD):    0.411ns
    Source Clock Delay      (SCD):    0.390ns
    Clock Pessimism Removal (CPR):    -0.000ns

    Location             Delay type                Incr(ns)  Path(ns)    Netlist Resource(s)
  -------------------------------------------------------------------    -------------------
                         (clock ap_clk rise edge)     0.000     0.000 r  
                                                      0.000     0.000 r  ap_clk (IN)
                         net (fo=143, unset)          0.390     0.390    bd_0_i/hls_inst/U0/ap_clk
    SLICE_X6Y62          FDRE                                         r  bd_0_i/hls_inst/U0/add_ln43_6_reg_459_reg[1]/C
  -------------------------------------------------------------------    -------------------
    SLICE_X6Y62          FDRE (Prop_fdre_C_Q)         0.164     0.554 r  bd_0_i/hls_inst/U0/add_ln43_6_reg_459_reg[1]/Q
                         net (fo=1, routed)           0.114     0.668    bd_0_i/hls_inst/U0/add_ln43_6_reg_459[1]
    SLICE_X6Y62          FDRE                                         r  bd_0_i/hls_inst/U0/add_ln43_6_reg_459_pp0_iter1_reg_reg[1]/D
  -------------------------------------------------------------------    -------------------

                         (clock ap_clk rise edge)     0.000     0.000 r  
                                                      0.000     0.000 r  ap_clk (IN)
                         net (fo=143, unset)          0.411     0.411    bd_0_i/hls_inst/U0/ap_clk
    SLICE_X6Y62          FDRE                                         r  bd_0_i/hls_inst/U0/add_ln43_6_reg_459_pp0_iter1_reg_reg[1]/C
                         clock pessimism              0.000     0.411    
    SLICE_X6Y62          FDRE (Hold_fdre_C_D)         0.053     0.464    bd_0_i/hls_inst/U0/add_ln43_6_reg_459_pp0_iter1_reg_reg[1]
  -------------------------------------------------------------------
                         required time                         -0.464    
                         arrival time                           0.668    
  -------------------------------------------------------------------
                         slack                                  0.204    

Slack (MET) :             0.206ns  (arrival time - required time)
  Source:                 bd_0_i/hls_inst/U0/mac_muladd_8s_8s_16s_16_4_1_U2/matrixmul_mac_muladd_8s_8s_16s_16_4_1_DSP48_0_U/a_reg_reg[1]/C
                            (rising edge-triggered cell FDRE clocked by ap_clk  {rise@0.000ns fall@5.000ns period=10.000ns})
  Destination:            bd_0_i/hls_inst/U0/mac_muladd_8s_8s_16s_16_4_1_U2/matrixmul_mac_muladd_8s_8s_16s_16_4_1_DSP48_0_U/m_reg_reg[2]/D
                            (rising edge-triggered cell FDRE clocked by ap_clk  {rise@0.000ns fall@5.000ns period=10.000ns})
  Path Group:             ap_clk
  Path Type:              Hold (Min at Fast Process Corner)
  Requirement:            0.000ns  (ap_clk rise@0.000ns - ap_clk rise@0.000ns)
  Data Path Delay:        0.360ns  (logic 0.251ns (69.689%)  route 0.109ns (30.311%))
  Logic Levels:           2  (CARRY4=1 LUT6=1)
  Clock Path Skew:        0.021ns (DCD - SCD - CPR)
    Destination Clock Delay (DCD):    0.411ns
    Source Clock Delay      (SCD):    0.390ns
    Clock Pessimism Removal (CPR):    -0.000ns

    Location             Delay type                Incr(ns)  Path(ns)    Netlist Resource(s)
  -------------------------------------------------------------------    -------------------
                         (clock ap_clk rise edge)     0.000     0.000 r  
                                                      0.000     0.000 r  ap_clk (IN)
                         net (fo=143, unset)          0.390     0.390    bd_0_i/hls_inst/U0/mac_muladd_8s_8s_16s_16_4_1_U2/matrixmul_mac_muladd_8s_8s_16s_16_4_1_DSP48_0_U/ap_clk
    SLICE_X7Y72          FDRE                                         r  bd_0_i/hls_inst/U0/mac_muladd_8s_8s_16s_16_4_1_U2/matrixmul_mac_muladd_8s_8s_16s_16_4_1_DSP48_0_U/a_reg_reg[1]/C
  -------------------------------------------------------------------    -------------------
    SLICE_X7Y72          FDRE (Prop_fdre_C_Q)         0.141     0.531 r  bd_0_i/hls_inst/U0/mac_muladd_8s_8s_16s_16_4_1_U2/matrixmul_mac_muladd_8s_8s_16s_16_4_1_DSP48_0_U/a_reg_reg[1]/Q
                         net (fo=19, routed)          0.109     0.640    bd_0_i/hls_inst/U0/mac_muladd_8s_8s_16s_16_4_1_U2/matrixmul_mac_muladd_8s_8s_16s_16_4_1_DSP48_0_U/a_reg_reg_n_4_[1]
    SLICE_X6Y72          LUT6 (Prop_lut6_I2_O)        0.045     0.685 r  bd_0_i/hls_inst/U0/mac_muladd_8s_8s_16s_16_4_1_U2/matrixmul_mac_muladd_8s_8s_16s_16_4_1_DSP48_0_U/m_reg[2]_i_6/O
                         net (fo=1, routed)           0.000     0.685    bd_0_i/hls_inst/U0/mac_muladd_8s_8s_16s_16_4_1_U2/matrixmul_mac_muladd_8s_8s_16s_16_4_1_DSP48_0_U/m_reg[2]_i_6_n_4
    SLICE_X6Y72          CARRY4 (Prop_carry4_S[2]_O[2])
                                                      0.065     0.750 r  bd_0_i/hls_inst/U0/mac_muladd_8s_8s_16s_16_4_1_U2/matrixmul_mac_muladd_8s_8s_16s_16_4_1_DSP48_0_U/m_reg_reg[2]_i_1/O[2]
                         net (fo=1, routed)           0.000     0.750    bd_0_i/hls_inst/U0/mac_muladd_8s_8s_16s_16_4_1_U2/matrixmul_mac_muladd_8s_8s_16s_16_4_1_DSP48_0_U/m[2]
    SLICE_X6Y72          FDRE                                         r  bd_0_i/hls_inst/U0/mac_muladd_8s_8s_16s_16_4_1_U2/matrixmul_mac_muladd_8s_8s_16s_16_4_1_DSP48_0_U/m_reg_reg[2]/D
  -------------------------------------------------------------------    -------------------

                         (clock ap_clk rise edge)     0.000     0.000 r  
                                                      0.000     0.000 r  ap_clk (IN)
                         net (fo=143, unset)          0.411     0.411    bd_0_i/hls_inst/U0/mac_muladd_8s_8s_16s_16_4_1_U2/matrixmul_mac_muladd_8s_8s_16s_16_4_1_DSP48_0_U/ap_clk
    SLICE_X6Y72          FDRE                                         r  bd_0_i/hls_inst/U0/mac_muladd_8s_8s_16s_16_4_1_U2/matrixmul_mac_muladd_8s_8s_16s_16_4_1_DSP48_0_U/m_reg_reg[2]/C
                         clock pessimism              0.000     0.411    
    SLICE_X6Y72          FDRE (Hold_fdre_C_D)         0.134     0.545    bd_0_i/hls_inst/U0/mac_muladd_8s_8s_16s_16_4_1_U2/matrixmul_mac_muladd_8s_8s_16s_16_4_1_DSP48_0_U/m_reg_reg[2]
  -------------------------------------------------------------------
                         required time                         -0.545    
                         arrival time                           0.750    
  -------------------------------------------------------------------
                         slack                                  0.206    

Slack (MET) :             0.213ns  (arrival time - required time)
  Source:                 bd_0_i/hls_inst/U0/mac_muladd_8s_8s_16s_16_4_1_U2/matrixmul_mac_muladd_8s_8s_16s_16_4_1_DSP48_0_U/p_reg_reg[10]/C
                            (rising edge-triggered cell FDRE clocked by ap_clk  {rise@0.000ns fall@5.000ns period=10.000ns})
  Destination:            bd_0_i/hls_inst/U0/mac_muladd_8s_8s_16s_16_4_1_U3/matrixmul_mac_muladd_8s_8s_16s_16_4_1_DSP48_0_U/p_reg_reg[10]/D
                            (rising edge-triggered cell FDRE clocked by ap_clk  {rise@0.000ns fall@5.000ns period=10.000ns})
  Path Group:             ap_clk
  Path Type:              Hold (Min at Fast Process Corner)
  Requirement:            0.000ns  (ap_clk rise@0.000ns - ap_clk rise@0.000ns)
  Data Path Delay:        0.367ns  (logic 0.251ns (68.348%)  route 0.116ns (31.652%))
  Logic Levels:           2  (CARRY4=1 LUT2=1)
  Clock Path Skew:        0.021ns (DCD - SCD - CPR)
    Destination Clock Delay (DCD):    0.411ns
    Source Clock Delay      (SCD):    0.390ns
    Clock Pessimism Removal (CPR):    -0.000ns

    Location             Delay type                Incr(ns)  Path(ns)    Netlist Resource(s)
  -------------------------------------------------------------------    -------------------
                         (clock ap_clk rise edge)     0.000     0.000 r  
                                                      0.000     0.000 r  ap_clk (IN)
                         net (fo=143, unset)          0.390     0.390    bd_0_i/hls_inst/U0/mac_muladd_8s_8s_16s_16_4_1_U2/matrixmul_mac_muladd_8s_8s_16s_16_4_1_DSP48_0_U/ap_clk
    SLICE_X4Y69          FDRE                                         r  bd_0_i/hls_inst/U0/mac_muladd_8s_8s_16s_16_4_1_U2/matrixmul_mac_muladd_8s_8s_16s_16_4_1_DSP48_0_U/p_reg_reg[10]/C
  -------------------------------------------------------------------    -------------------
    SLICE_X4Y69          FDRE (Prop_fdre_C_Q)         0.141     0.531 r  bd_0_i/hls_inst/U0/mac_muladd_8s_8s_16s_16_4_1_U2/matrixmul_mac_muladd_8s_8s_16s_16_4_1_DSP48_0_U/p_reg_reg[10]/Q
                         net (fo=1, routed)           0.116     0.648    bd_0_i/hls_inst/U0/mac_muladd_8s_8s_16s_16_4_1_U3/matrixmul_mac_muladd_8s_8s_16s_16_4_1_DSP48_0_U/p_reg_reg[15]_0[10]
    SLICE_X2Y69          LUT2 (Prop_lut2_I1_O)        0.045     0.693 r  bd_0_i/hls_inst/U0/mac_muladd_8s_8s_16s_16_4_1_U3/matrixmul_mac_muladd_8s_8s_16s_16_4_1_DSP48_0_U/p_reg[11]_i_3/O
                         net (fo=1, routed)           0.000     0.693    bd_0_i/hls_inst/U0/mac_muladd_8s_8s_16s_16_4_1_U3/matrixmul_mac_muladd_8s_8s_16s_16_4_1_DSP48_0_U/p_reg[11]_i_3_n_4
    SLICE_X2Y69          CARRY4 (Prop_carry4_S[2]_O[2])
                                                      0.065     0.758 r  bd_0_i/hls_inst/U0/mac_muladd_8s_8s_16s_16_4_1_U3/matrixmul_mac_muladd_8s_8s_16s_16_4_1_DSP48_0_U/p_reg_reg[11]_i_1/O[2]
                         net (fo=1, routed)           0.000     0.758    bd_0_i/hls_inst/U0/mac_muladd_8s_8s_16s_16_4_1_U3/matrixmul_mac_muladd_8s_8s_16s_16_4_1_DSP48_0_U/p_reg_reg[11]_i_1_n_9
    SLICE_X2Y69          FDRE                                         r  bd_0_i/hls_inst/U0/mac_muladd_8s_8s_16s_16_4_1_U3/matrixmul_mac_muladd_8s_8s_16s_16_4_1_DSP48_0_U/p_reg_reg[10]/D
  -------------------------------------------------------------------    -------------------

                         (clock ap_clk rise edge)     0.000     0.000 r  
                                                      0.000     0.000 r  ap_clk (IN)
                         net (fo=143, unset)          0.411     0.411    bd_0_i/hls_inst/U0/mac_muladd_8s_8s_16s_16_4_1_U3/matrixmul_mac_muladd_8s_8s_16s_16_4_1_DSP48_0_U/ap_clk
    SLICE_X2Y69          FDRE                                         r  bd_0_i/hls_inst/U0/mac_muladd_8s_8s_16s_16_4_1_U3/matrixmul_mac_muladd_8s_8s_16s_16_4_1_DSP48_0_U/p_reg_reg[10]/C
                         clock pessimism              0.000     0.411    
    SLICE_X2Y69          FDRE (Hold_fdre_C_D)         0.134     0.545    bd_0_i/hls_inst/U0/mac_muladd_8s_8s_16s_16_4_1_U3/matrixmul_mac_muladd_8s_8s_16s_16_4_1_DSP48_0_U/p_reg_reg[10]
  -------------------------------------------------------------------
                         required time                         -0.545    
                         arrival time                           0.758    
  -------------------------------------------------------------------
                         slack                                  0.213    

Slack (MET) :             0.213ns  (arrival time - required time)
  Source:                 bd_0_i/hls_inst/U0/mac_muladd_8s_8s_16s_16_4_1_U2/matrixmul_mac_muladd_8s_8s_16s_16_4_1_DSP48_0_U/p_reg_reg[14]/C
                            (rising edge-triggered cell FDRE clocked by ap_clk  {rise@0.000ns fall@5.000ns period=10.000ns})
  Destination:            bd_0_i/hls_inst/U0/mac_muladd_8s_8s_16s_16_4_1_U3/matrixmul_mac_muladd_8s_8s_16s_16_4_1_DSP48_0_U/p_reg_reg[14]/D
                            (rising edge-triggered cell FDRE clocked by ap_clk  {rise@0.000ns fall@5.000ns period=10.000ns})
  Path Group:             ap_clk
  Path Type:              Hold (Min at Fast Process Corner)
  Requirement:            0.000ns  (ap_clk rise@0.000ns - ap_clk rise@0.000ns)
  Data Path Delay:        0.367ns  (logic 0.251ns (68.348%)  route 0.116ns (31.652%))
  Logic Levels:           2  (CARRY4=1 LUT2=1)
  Clock Path Skew:        0.021ns (DCD - SCD - CPR)
    Destination Clock Delay (DCD):    0.411ns
    Source Clock Delay      (SCD):    0.390ns
    Clock Pessimism Removal (CPR):    -0.000ns

    Location             Delay type                Incr(ns)  Path(ns)    Netlist Resource(s)
  -------------------------------------------------------------------    -------------------
                         (clock ap_clk rise edge)     0.000     0.000 r  
                                                      0.000     0.000 r  ap_clk (IN)
                         net (fo=143, unset)          0.390     0.390    bd_0_i/hls_inst/U0/mac_muladd_8s_8s_16s_16_4_1_U2/matrixmul_mac_muladd_8s_8s_16s_16_4_1_DSP48_0_U/ap_clk
    SLICE_X4Y70          FDRE                                         r  bd_0_i/hls_inst/U0/mac_muladd_8s_8s_16s_16_4_1_U2/matrixmul_mac_muladd_8s_8s_16s_16_4_1_DSP48_0_U/p_reg_reg[14]/C
  -------------------------------------------------------------------    -------------------
    SLICE_X4Y70          FDRE (Prop_fdre_C_Q)         0.141     0.531 r  bd_0_i/hls_inst/U0/mac_muladd_8s_8s_16s_16_4_1_U2/matrixmul_mac_muladd_8s_8s_16s_16_4_1_DSP48_0_U/p_reg_reg[14]/Q
                         net (fo=1, routed)           0.116     0.648    bd_0_i/hls_inst/U0/mac_muladd_8s_8s_16s_16_4_1_U3/matrixmul_mac_muladd_8s_8s_16s_16_4_1_DSP48_0_U/p_reg_reg[15]_0[14]
    SLICE_X2Y70          LUT2 (Prop_lut2_I1_O)        0.045     0.693 r  bd_0_i/hls_inst/U0/mac_muladd_8s_8s_16s_16_4_1_U3/matrixmul_mac_muladd_8s_8s_16s_16_4_1_DSP48_0_U/p_reg[15]_i_3/O
                         net (fo=1, routed)           0.000     0.693    bd_0_i/hls_inst/U0/mac_muladd_8s_8s_16s_16_4_1_U3/matrixmul_mac_muladd_8s_8s_16s_16_4_1_DSP48_0_U/p_reg[15]_i_3_n_4
    SLICE_X2Y70          CARRY4 (Prop_carry4_S[2]_O[2])
                                                      0.065     0.758 r  bd_0_i/hls_inst/U0/mac_muladd_8s_8s_16s_16_4_1_U3/matrixmul_mac_muladd_8s_8s_16s_16_4_1_DSP48_0_U/p_reg_reg[15]_i_1/O[2]
                         net (fo=1, routed)           0.000     0.758    bd_0_i/hls_inst/U0/mac_muladd_8s_8s_16s_16_4_1_U3/matrixmul_mac_muladd_8s_8s_16s_16_4_1_DSP48_0_U/p_reg_reg[15]_i_1_n_9
    SLICE_X2Y70          FDRE                                         r  bd_0_i/hls_inst/U0/mac_muladd_8s_8s_16s_16_4_1_U3/matrixmul_mac_muladd_8s_8s_16s_16_4_1_DSP48_0_U/p_reg_reg[14]/D
  -------------------------------------------------------------------    -------------------

                         (clock ap_clk rise edge)     0.000     0.000 r  
                                                      0.000     0.000 r  ap_clk (IN)
                         net (fo=143, unset)          0.411     0.411    bd_0_i/hls_inst/U0/mac_muladd_8s_8s_16s_16_4_1_U3/matrixmul_mac_muladd_8s_8s_16s_16_4_1_DSP48_0_U/ap_clk
    SLICE_X2Y70          FDRE                                         r  bd_0_i/hls_inst/U0/mac_muladd_8s_8s_16s_16_4_1_U3/matrixmul_mac_muladd_8s_8s_16s_16_4_1_DSP48_0_U/p_reg_reg[14]/C
                         clock pessimism              0.000     0.411    
    SLICE_X2Y70          FDRE (Hold_fdre_C_D)         0.134     0.545    bd_0_i/hls_inst/U0/mac_muladd_8s_8s_16s_16_4_1_U3/matrixmul_mac_muladd_8s_8s_16s_16_4_1_DSP48_0_U/p_reg_reg[14]
  -------------------------------------------------------------------
                         required time                         -0.545    
                         arrival time                           0.758    
  -------------------------------------------------------------------
                         slack                                  0.213    

Slack (MET) :             0.213ns  (arrival time - required time)
  Source:                 bd_0_i/hls_inst/U0/mac_muladd_8s_8s_16s_16_4_1_U2/matrixmul_mac_muladd_8s_8s_16s_16_4_1_DSP48_0_U/p_reg_reg[2]/C
                            (rising edge-triggered cell FDRE clocked by ap_clk  {rise@0.000ns fall@5.000ns period=10.000ns})
  Destination:            bd_0_i/hls_inst/U0/mac_muladd_8s_8s_16s_16_4_1_U3/matrixmul_mac_muladd_8s_8s_16s_16_4_1_DSP48_0_U/p_reg_reg[2]/D
                            (rising edge-triggered cell FDRE clocked by ap_clk  {rise@0.000ns fall@5.000ns period=10.000ns})
  Path Group:             ap_clk
  Path Type:              Hold (Min at Fast Process Corner)
  Requirement:            0.000ns  (ap_clk rise@0.000ns - ap_clk rise@0.000ns)
  Data Path Delay:        0.367ns  (logic 0.251ns (68.348%)  route 0.116ns (31.652%))
  Logic Levels:           2  (CARRY4=1 LUT2=1)
  Clock Path Skew:        0.021ns (DCD - SCD - CPR)
    Destination Clock Delay (DCD):    0.411ns
    Source Clock Delay      (SCD):    0.390ns
    Clock Pessimism Removal (CPR):    -0.000ns

    Location             Delay type                Incr(ns)  Path(ns)    Netlist Resource(s)
  -------------------------------------------------------------------    -------------------
                         (clock ap_clk rise edge)     0.000     0.000 r  
                                                      0.000     0.000 r  ap_clk (IN)
                         net (fo=143, unset)          0.390     0.390    bd_0_i/hls_inst/U0/mac_muladd_8s_8s_16s_16_4_1_U2/matrixmul_mac_muladd_8s_8s_16s_16_4_1_DSP48_0_U/ap_clk
    SLICE_X4Y67          FDRE                                         r  bd_0_i/hls_inst/U0/mac_muladd_8s_8s_16s_16_4_1_U2/matrixmul_mac_muladd_8s_8s_16s_16_4_1_DSP48_0_U/p_reg_reg[2]/C
  -------------------------------------------------------------------    -------------------
    SLICE_X4Y67          FDRE (Prop_fdre_C_Q)         0.141     0.531 r  bd_0_i/hls_inst/U0/mac_muladd_8s_8s_16s_16_4_1_U2/matrixmul_mac_muladd_8s_8s_16s_16_4_1_DSP48_0_U/p_reg_reg[2]/Q
                         net (fo=1, routed)           0.116     0.648    bd_0_i/hls_inst/U0/mac_muladd_8s_8s_16s_16_4_1_U3/matrixmul_mac_muladd_8s_8s_16s_16_4_1_DSP48_0_U/p_reg_reg[15]_0[2]
    SLICE_X2Y67          LUT2 (Prop_lut2_I1_O)        0.045     0.693 r  bd_0_i/hls_inst/U0/mac_muladd_8s_8s_16s_16_4_1_U3/matrixmul_mac_muladd_8s_8s_16s_16_4_1_DSP48_0_U/p_reg[3]_i_3/O
                         net (fo=1, routed)           0.000     0.693    bd_0_i/hls_inst/U0/mac_muladd_8s_8s_16s_16_4_1_U3/matrixmul_mac_muladd_8s_8s_16s_16_4_1_DSP48_0_U/p_reg[3]_i_3_n_4
    SLICE_X2Y67          CARRY4 (Prop_carry4_S[2]_O[2])
                                                      0.065     0.758 r  bd_0_i/hls_inst/U0/mac_muladd_8s_8s_16s_16_4_1_U3/matrixmul_mac_muladd_8s_8s_16s_16_4_1_DSP48_0_U/p_reg_reg[3]_i_1/O[2]
                         net (fo=1, routed)           0.000     0.758    bd_0_i/hls_inst/U0/mac_muladd_8s_8s_16s_16_4_1_U3/matrixmul_mac_muladd_8s_8s_16s_16_4_1_DSP48_0_U/p_reg_reg[3]_i_1_n_9
    SLICE_X2Y67          FDRE                                         r  bd_0_i/hls_inst/U0/mac_muladd_8s_8s_16s_16_4_1_U3/matrixmul_mac_muladd_8s_8s_16s_16_4_1_DSP48_0_U/p_reg_reg[2]/D
  -------------------------------------------------------------------    -------------------

                         (clock ap_clk rise edge)     0.000     0.000 r  
                                                      0.000     0.000 r  ap_clk (IN)
                         net (fo=143, unset)          0.411     0.411    bd_0_i/hls_inst/U0/mac_muladd_8s_8s_16s_16_4_1_U3/matrixmul_mac_muladd_8s_8s_16s_16_4_1_DSP48_0_U/ap_clk
    SLICE_X2Y67          FDRE                                         r  bd_0_i/hls_inst/U0/mac_muladd_8s_8s_16s_16_4_1_U3/matrixmul_mac_muladd_8s_8s_16s_16_4_1_DSP48_0_U/p_reg_reg[2]/C
                         clock pessimism              0.000     0.411    
    SLICE_X2Y67          FDRE (Hold_fdre_C_D)         0.134     0.545    bd_0_i/hls_inst/U0/mac_muladd_8s_8s_16s_16_4_1_U3/matrixmul_mac_muladd_8s_8s_16s_16_4_1_DSP48_0_U/p_reg_reg[2]
  -------------------------------------------------------------------
                         required time                         -0.545    
                         arrival time                           0.758    
  -------------------------------------------------------------------
                         slack                                  0.213    

Slack (MET) :             0.213ns  (arrival time - required time)
  Source:                 bd_0_i/hls_inst/U0/mac_muladd_8s_8s_16s_16_4_1_U2/matrixmul_mac_muladd_8s_8s_16s_16_4_1_DSP48_0_U/p_reg_reg[6]/C
                            (rising edge-triggered cell FDRE clocked by ap_clk  {rise@0.000ns fall@5.000ns period=10.000ns})
  Destination:            bd_0_i/hls_inst/U0/mac_muladd_8s_8s_16s_16_4_1_U3/matrixmul_mac_muladd_8s_8s_16s_16_4_1_DSP48_0_U/p_reg_reg[6]/D
                            (rising edge-triggered cell FDRE clocked by ap_clk  {rise@0.000ns fall@5.000ns period=10.000ns})
  Path Group:             ap_clk
  Path Type:              Hold (Min at Fast Process Corner)
  Requirement:            0.000ns  (ap_clk rise@0.000ns - ap_clk rise@0.000ns)
  Data Path Delay:        0.367ns  (logic 0.251ns (68.348%)  route 0.116ns (31.652%))
  Logic Levels:           2  (CARRY4=1 LUT2=1)
  Clock Path Skew:        0.021ns (DCD - SCD - CPR)
    Destination Clock Delay (DCD):    0.411ns
    Source Clock Delay      (SCD):    0.390ns
    Clock Pessimism Removal (CPR):    -0.000ns

    Location             Delay type                Incr(ns)  Path(ns)    Netlist Resource(s)
  -------------------------------------------------------------------    -------------------
                         (clock ap_clk rise edge)     0.000     0.000 r  
                                                      0.000     0.000 r  ap_clk (IN)
                         net (fo=143, unset)          0.390     0.390    bd_0_i/hls_inst/U0/mac_muladd_8s_8s_16s_16_4_1_U2/matrixmul_mac_muladd_8s_8s_16s_16_4_1_DSP48_0_U/ap_clk
    SLICE_X4Y68          FDRE                                         r  bd_0_i/hls_inst/U0/mac_muladd_8s_8s_16s_16_4_1_U2/matrixmul_mac_muladd_8s_8s_16s_16_4_1_DSP48_0_U/p_reg_reg[6]/C
  -------------------------------------------------------------------    -------------------
    SLICE_X4Y68          FDRE (Prop_fdre_C_Q)         0.141     0.531 r  bd_0_i/hls_inst/U0/mac_muladd_8s_8s_16s_16_4_1_U2/matrixmul_mac_muladd_8s_8s_16s_16_4_1_DSP48_0_U/p_reg_reg[6]/Q
                         net (fo=1, routed)           0.116     0.648    bd_0_i/hls_inst/U0/mac_muladd_8s_8s_16s_16_4_1_U3/matrixmul_mac_muladd_8s_8s_16s_16_4_1_DSP48_0_U/p_reg_reg[15]_0[6]
    SLICE_X2Y68          LUT2 (Prop_lut2_I1_O)        0.045     0.693 r  bd_0_i/hls_inst/U0/mac_muladd_8s_8s_16s_16_4_1_U3/matrixmul_mac_muladd_8s_8s_16s_16_4_1_DSP48_0_U/p_reg[7]_i_3/O
                         net (fo=1, routed)           0.000     0.693    bd_0_i/hls_inst/U0/mac_muladd_8s_8s_16s_16_4_1_U3/matrixmul_mac_muladd_8s_8s_16s_16_4_1_DSP48_0_U/p_reg[7]_i_3_n_4
    SLICE_X2Y68          CARRY4 (Prop_carry4_S[2]_O[2])
                                                      0.065     0.758 r  bd_0_i/hls_inst/U0/mac_muladd_8s_8s_16s_16_4_1_U3/matrixmul_mac_muladd_8s_8s_16s_16_4_1_DSP48_0_U/p_reg_reg[7]_i_1/O[2]
                         net (fo=1, routed)           0.000     0.758    bd_0_i/hls_inst/U0/mac_muladd_8s_8s_16s_16_4_1_U3/matrixmul_mac_muladd_8s_8s_16s_16_4_1_DSP48_0_U/p_reg_reg[7]_i_1_n_9
    SLICE_X2Y68          FDRE                                         r  bd_0_i/hls_inst/U0/mac_muladd_8s_8s_16s_16_4_1_U3/matrixmul_mac_muladd_8s_8s_16s_16_4_1_DSP48_0_U/p_reg_reg[6]/D
  -------------------------------------------------------------------    -------------------

                         (clock ap_clk rise edge)     0.000     0.000 r  
                                                      0.000     0.000 r  ap_clk (IN)
                         net (fo=143, unset)          0.411     0.411    bd_0_i/hls_inst/U0/mac_muladd_8s_8s_16s_16_4_1_U3/matrixmul_mac_muladd_8s_8s_16s_16_4_1_DSP48_0_U/ap_clk
    SLICE_X2Y68          FDRE                                         r  bd_0_i/hls_inst/U0/mac_muladd_8s_8s_16s_16_4_1_U3/matrixmul_mac_muladd_8s_8s_16s_16_4_1_DSP48_0_U/p_reg_reg[6]/C
                         clock pessimism              0.000     0.411    
    SLICE_X2Y68          FDRE (Hold_fdre_C_D)         0.134     0.545    bd_0_i/hls_inst/U0/mac_muladd_8s_8s_16s_16_4_1_U3/matrixmul_mac_muladd_8s_8s_16s_16_4_1_DSP48_0_U/p_reg_reg[6]
  -------------------------------------------------------------------
                         required time                         -0.545    
                         arrival time                           0.758    
  -------------------------------------------------------------------
                         slack                                  0.213    





Pulse Width Checks
--------------------------------------------------------------------------------------
Clock Name:         ap_clk
Waveform(ns):       { 0.000 5.000 }
Period(ns):         10.000
Sources:            { ap_clk }

Check Type        Corner  Lib Pin  Reference Pin  Required(ns)  Actual(ns)  Slack(ns)  Location     Pin
Min Period        n/a     FDRE/C   n/a            1.000         10.000      9.000      SLICE_X5Y61  bd_0_i/hls_inst/U0/add_ln43_6_reg_459_pp0_iter1_reg_reg[0]/C
Min Period        n/a     FDRE/C   n/a            1.000         10.000      9.000      SLICE_X6Y62  bd_0_i/hls_inst/U0/add_ln43_6_reg_459_pp0_iter1_reg_reg[1]/C
Min Period        n/a     FDRE/C   n/a            1.000         10.000      9.000      SLICE_X6Y62  bd_0_i/hls_inst/U0/add_ln43_6_reg_459_pp0_iter1_reg_reg[2]/C
Min Period        n/a     FDRE/C   n/a            1.000         10.000      9.000      SLICE_X6Y62  bd_0_i/hls_inst/U0/add_ln43_6_reg_459_pp0_iter1_reg_reg[3]/C
Min Period        n/a     FDRE/C   n/a            1.000         10.000      9.000      SLICE_X5Y61  bd_0_i/hls_inst/U0/add_ln43_6_reg_459_reg[0]/C
Min Period        n/a     FDRE/C   n/a            1.000         10.000      9.000      SLICE_X6Y62  bd_0_i/hls_inst/U0/add_ln43_6_reg_459_reg[1]/C
Min Period        n/a     FDRE/C   n/a            1.000         10.000      9.000      SLICE_X6Y62  bd_0_i/hls_inst/U0/add_ln43_6_reg_459_reg[2]/C
Min Period        n/a     FDRE/C   n/a            1.000         10.000      9.000      SLICE_X6Y62  bd_0_i/hls_inst/U0/add_ln43_6_reg_459_reg[3]/C
Min Period        n/a     FDSE/C   n/a            1.000         10.000      9.000      SLICE_X6Y63  bd_0_i/hls_inst/U0/ap_CS_fsm_reg[0]/C
Min Period        n/a     FDRE/C   n/a            1.000         10.000      9.000      SLICE_X6Y63  bd_0_i/hls_inst/U0/ap_CS_fsm_reg[1]/C
Low Pulse Width   Slow    FDRE/C   n/a            0.500         5.000       4.500      SLICE_X5Y61  bd_0_i/hls_inst/U0/add_ln43_6_reg_459_pp0_iter1_reg_reg[0]/C
Low Pulse Width   Fast    FDRE/C   n/a            0.500         5.000       4.500      SLICE_X5Y61  bd_0_i/hls_inst/U0/add_ln43_6_reg_459_pp0_iter1_reg_reg[0]/C
Low Pulse Width   Slow    FDRE/C   n/a            0.500         5.000       4.500      SLICE_X6Y62  bd_0_i/hls_inst/U0/add_ln43_6_reg_459_pp0_iter1_reg_reg[1]/C
Low Pulse Width   Fast    FDRE/C   n/a            0.500         5.000       4.500      SLICE_X6Y62  bd_0_i/hls_inst/U0/add_ln43_6_reg_459_pp0_iter1_reg_reg[1]/C
Low Pulse Width   Slow    FDRE/C   n/a            0.500         5.000       4.500      SLICE_X6Y62  bd_0_i/hls_inst/U0/add_ln43_6_reg_459_pp0_iter1_reg_reg[2]/C
Low Pulse Width   Fast    FDRE/C   n/a            0.500         5.000       4.500      SLICE_X6Y62  bd_0_i/hls_inst/U0/add_ln43_6_reg_459_pp0_iter1_reg_reg[2]/C
Low Pulse Width   Slow    FDRE/C   n/a            0.500         5.000       4.500      SLICE_X6Y62  bd_0_i/hls_inst/U0/add_ln43_6_reg_459_pp0_iter1_reg_reg[3]/C
Low Pulse Width   Fast    FDRE/C   n/a            0.500         5.000       4.500      SLICE_X6Y62  bd_0_i/hls_inst/U0/add_ln43_6_reg_459_pp0_iter1_reg_reg[3]/C
Low Pulse Width   Slow    FDRE/C   n/a            0.500         5.000       4.500      SLICE_X5Y61  bd_0_i/hls_inst/U0/add_ln43_6_reg_459_reg[0]/C
Low Pulse Width   Fast    FDRE/C   n/a            0.500         5.000       4.500      SLICE_X5Y61  bd_0_i/hls_inst/U0/add_ln43_6_reg_459_reg[0]/C
High Pulse Width  Slow    FDRE/C   n/a            0.500         5.000       4.500      SLICE_X5Y61  bd_0_i/hls_inst/U0/add_ln43_6_reg_459_pp0_iter1_reg_reg[0]/C
High Pulse Width  Fast    FDRE/C   n/a            0.500         5.000       4.500      SLICE_X5Y61  bd_0_i/hls_inst/U0/add_ln43_6_reg_459_pp0_iter1_reg_reg[0]/C
High Pulse Width  Slow    FDRE/C   n/a            0.500         5.000       4.500      SLICE_X6Y62  bd_0_i/hls_inst/U0/add_ln43_6_reg_459_pp0_iter1_reg_reg[1]/C
High Pulse Width  Fast    FDRE/C   n/a            0.500         5.000       4.500      SLICE_X6Y62  bd_0_i/hls_inst/U0/add_ln43_6_reg_459_pp0_iter1_reg_reg[1]/C
High Pulse Width  Slow    FDRE/C   n/a            0.500         5.000       4.500      SLICE_X6Y62  bd_0_i/hls_inst/U0/add_ln43_6_reg_459_pp0_iter1_reg_reg[2]/C
High Pulse Width  Fast    FDRE/C   n/a            0.500         5.000       4.500      SLICE_X6Y62  bd_0_i/hls_inst/U0/add_ln43_6_reg_459_pp0_iter1_reg_reg[2]/C
High Pulse Width  Slow    FDRE/C   n/a            0.500         5.000       4.500      SLICE_X6Y62  bd_0_i/hls_inst/U0/add_ln43_6_reg_459_pp0_iter1_reg_reg[3]/C
High Pulse Width  Fast    FDRE/C   n/a            0.500         5.000       4.500      SLICE_X6Y62  bd_0_i/hls_inst/U0/add_ln43_6_reg_459_pp0_iter1_reg_reg[3]/C
High Pulse Width  Slow    FDRE/C   n/a            0.500         5.000       4.500      SLICE_X5Y61  bd_0_i/hls_inst/U0/add_ln43_6_reg_459_reg[0]/C
High Pulse Width  Fast    FDRE/C   n/a            0.500         5.000       4.500      SLICE_X5Y61  bd_0_i/hls_inst/U0/add_ln43_6_reg_459_reg[0]/C



--------------------------------------------------------------------------------------
Path Group:  (none)
From Clock:  
  To Clock:  

Max Delay            20 Endpoints
Min Delay            20 Endpoints
--------------------------------------------------------------------------------------


Max Delay Paths
--------------------------------------------------------------------------------------
Slack:                    inf
  Source:                 ap_ctrl_start
                            (input port)
  Destination:            a_address0[0]
                            (output port)
  Path Group:             (none)
  Path Type:              Max at Slow Process Corner
  Data Path Delay:        2.699ns  (logic 0.410ns (15.190%)  route 2.289ns (84.810%))
  Logic Levels:           2  (LUT4=1 LUT5=1)

    Location             Delay type                Incr(ns)  Path(ns)    Netlist Resource(s)
  -------------------------------------------------------------------    -------------------
                                                      0.000     0.000 r  ap_ctrl_start (IN)
                         net (fo=16, unset)           0.787     0.787    bd_0_i/hls_inst/U0/flow_control_loop_pipe_U/ap_start
    SLICE_X4Y63          LUT5 (Prop_lut5_I1_O)        0.128     0.915 r  bd_0_i/hls_inst/U0/flow_control_loop_pipe_U/a_address0[2]_INST_0_i_1/O
                         net (fo=10, routed)          0.715     1.630    bd_0_i/hls_inst/U0/flow_control_loop_pipe_U/p_shl_fu_216_p3[0]
    SLICE_X6Y62          LUT4 (Prop_lut4_I3_O)        0.282     1.912 r  bd_0_i/hls_inst/U0/flow_control_loop_pipe_U/a_address0[0]_INST_0/O
                         net (fo=0)                   0.787     2.699    a_address0[0]
                                                                      r  a_address0[0] (OUT)
  -------------------------------------------------------------------    -------------------

Slack:                    inf
  Source:                 ap_ctrl_start
                            (input port)
  Destination:            b_address0[0]
                            (output port)
  Path Group:             (none)
  Path Type:              Max at Slow Process Corner
  Data Path Delay:        2.597ns  (logic 0.401ns (15.438%)  route 2.196ns (84.562%))
  Logic Levels:           2  (LUT4=1 LUT5=1)

    Location             Delay type                Incr(ns)  Path(ns)    Netlist Resource(s)
  -------------------------------------------------------------------    -------------------
                                                      0.000     0.000 f  ap_ctrl_start (IN)
                         net (fo=16, unset)           0.787     0.787    bd_0_i/hls_inst/U0/flow_control_loop_pipe_U/ap_start
    SLICE_X5Y62          LUT5 (Prop_lut5_I1_O)        0.126     0.913 r  bd_0_i/hls_inst/U0/flow_control_loop_pipe_U/b_address0[0]_INST_0_i_1/O
                         net (fo=2, routed)           0.622     1.535    bd_0_i/hls_inst/U0/flow_control_loop_pipe_U/zext_ln43_4_reg_429[0]
    SLICE_X5Y62          LUT4 (Prop_lut4_I1_O)        0.275     1.810 r  bd_0_i/hls_inst/U0/flow_control_loop_pipe_U/b_address0[0]_INST_0/O
                         net (fo=0)                   0.787     2.597    b_address0[0]
                                                                      r  b_address0[0] (OUT)
  -------------------------------------------------------------------    -------------------

Slack:                    inf
  Source:                 ap_ctrl_start
                            (input port)
  Destination:            a_address0[2]
                            (output port)
  Path Group:             (none)
  Path Type:              Max at Slow Process Corner
  Data Path Delay:        2.573ns  (logic 0.416ns (16.171%)  route 2.157ns (83.830%))
  Logic Levels:           2  (LUT5=2)

    Location             Delay type                Incr(ns)  Path(ns)    Netlist Resource(s)
  -------------------------------------------------------------------    -------------------
                                                      0.000     0.000 r  ap_ctrl_start (IN)
                         net (fo=16, unset)           0.787     0.787    bd_0_i/hls_inst/U0/flow_control_loop_pipe_U/ap_start
    SLICE_X4Y63          LUT5 (Prop_lut5_I1_O)        0.128     0.915 r  bd_0_i/hls_inst/U0/flow_control_loop_pipe_U/a_address0[2]_INST_0_i_1/O
                         net (fo=10, routed)          0.583     1.498    bd_0_i/hls_inst/U0/flow_control_loop_pipe_U/p_shl_fu_216_p3[0]
    SLICE_X7Y62          LUT5 (Prop_lut5_I4_O)        0.288     1.786 r  bd_0_i/hls_inst/U0/flow_control_loop_pipe_U/a_address0[2]_INST_0/O
                         net (fo=0)                   0.787     2.573    a_address0[2]
                                                                      r  a_address0[2] (OUT)
  -------------------------------------------------------------------    -------------------

Slack:                    inf
  Source:                 ap_ctrl_start
                            (input port)
  Destination:            a_address0[1]
                            (output port)
  Path Group:             (none)
  Path Type:              Max at Slow Process Corner
  Data Path Delay:        2.568ns  (logic 0.415ns (16.163%)  route 2.153ns (83.837%))
  Logic Levels:           2  (LUT5=2)

    Location             Delay type                Incr(ns)  Path(ns)    Netlist Resource(s)
  -------------------------------------------------------------------    -------------------
                                                      0.000     0.000 r  ap_ctrl_start (IN)
                         net (fo=16, unset)           0.787     0.787    bd_0_i/hls_inst/U0/flow_control_loop_pipe_U/ap_start
    SLICE_X4Y63          LUT5 (Prop_lut5_I1_O)        0.128     0.915 r  bd_0_i/hls_inst/U0/flow_control_loop_pipe_U/a_address0[2]_INST_0_i_1/O
                         net (fo=10, routed)          0.579     1.494    bd_0_i/hls_inst/U0/flow_control_loop_pipe_U/p_shl_fu_216_p3[0]
    SLICE_X7Y62          LUT5 (Prop_lut5_I4_O)        0.287     1.781 r  bd_0_i/hls_inst/U0/flow_control_loop_pipe_U/a_address0[1]_INST_0/O
                         net (fo=0)                   0.787     2.568    a_address0[1]
                                                                      r  a_address0[1] (OUT)
  -------------------------------------------------------------------    -------------------

Slack:                    inf
  Source:                 ap_ctrl_start
                            (input port)
  Destination:            a_address1[3]
                            (output port)
  Path Group:             (none)
  Path Type:              Max at Slow Process Corner
  Data Path Delay:        2.549ns  (logic 0.396ns (15.538%)  route 2.153ns (84.462%))
  Logic Levels:           2  (LUT2=1 LUT5=1)

    Location             Delay type                Incr(ns)  Path(ns)    Netlist Resource(s)
  -------------------------------------------------------------------    -------------------
                                                      0.000     0.000 r  ap_ctrl_start (IN)
                         net (fo=16, unset)           0.787     0.787    bd_0_i/hls_inst/U0/flow_control_loop_pipe_U/ap_start
    SLICE_X4Y63          LUT5 (Prop_lut5_I1_O)        0.128     0.915 r  bd_0_i/hls_inst/U0/flow_control_loop_pipe_U/a_address0[2]_INST_0_i_1/O
                         net (fo=10, routed)          0.579     1.494    bd_0_i/hls_inst/U0/flow_control_loop_pipe_U/p_shl_fu_216_p3[0]
    SLICE_X7Y62          LUT2 (Prop_lut2_I0_O)        0.268     1.762 r  bd_0_i/hls_inst/U0/flow_control_loop_pipe_U/a_address1[3]_INST_0/O
                         net (fo=1, unset)            0.787     2.549    a_address1[3]
                                                                      r  a_address1[3] (OUT)
  -------------------------------------------------------------------    -------------------

Slack:                    inf
  Source:                 ap_ctrl_start
                            (input port)
  Destination:            a_address1[0]
                            (output port)
  Path Group:             (none)
  Path Type:              Max at Slow Process Corner
  Data Path Delay:        2.542ns  (logic 0.396ns (15.577%)  route 2.146ns (84.423%))
  Logic Levels:           2  (LUT1=1 LUT5=1)

    Location             Delay type                Incr(ns)  Path(ns)    Netlist Resource(s)
  -------------------------------------------------------------------    -------------------
                                                      0.000     0.000 r  ap_ctrl_start (IN)
                         net (fo=16, unset)           0.787     0.787    bd_0_i/hls_inst/U0/flow_control_loop_pipe_U/ap_start
    SLICE_X4Y63          LUT5 (Prop_lut5_I1_O)        0.128     0.915 f  bd_0_i/hls_inst/U0/flow_control_loop_pipe_U/a_address0[2]_INST_0_i_1/O
                         net (fo=10, routed)          0.572     1.487    bd_0_i/hls_inst/U0/flow_control_loop_pipe_U/p_shl_fu_216_p3[0]
    SLICE_X7Y62          LUT1 (Prop_lut1_I0_O)        0.268     1.755 r  bd_0_i/hls_inst/U0/flow_control_loop_pipe_U/a_address1[0]_INST_0/O
                         net (fo=0)                   0.787     2.542    a_address1[0]
                                                                      r  a_address1[0] (OUT)
  -------------------------------------------------------------------    -------------------

Slack:                    inf
  Source:                 ap_ctrl_start
                            (input port)
  Destination:            b_address0[2]
                            (output port)
  Path Group:             (none)
  Path Type:              Max at Slow Process Corner
  Data Path Delay:        2.455ns  (logic 0.210ns (8.554%)  route 2.245ns (91.446%))
  Logic Levels:           2  (LUT3=1 LUT5=1)

    Location             Delay type                Incr(ns)  Path(ns)    Netlist Resource(s)
  -------------------------------------------------------------------    -------------------
                                                      0.000     0.000 r  ap_ctrl_start (IN)
                         net (fo=16, unset)           0.787     0.787    bd_0_i/hls_inst/U0/flow_control_loop_pipe_U/ap_start
    SLICE_X5Y62          LUT5 (Prop_lut5_I1_O)        0.105     0.892 f  bd_0_i/hls_inst/U0/flow_control_loop_pipe_U/b_address0[3]_INST_0_i_1/O
                         net (fo=4, routed)           0.671     1.563    bd_0_i/hls_inst/U0/flow_control_loop_pipe_U/zext_ln43_4_reg_429[1]
    SLICE_X6Y62          LUT3 (Prop_lut3_I0_O)        0.105     1.668 r  bd_0_i/hls_inst/U0/flow_control_loop_pipe_U/b_address0[2]_INST_0/O
                         net (fo=0)                   0.787     2.455    b_address0[2]
                                                                      r  b_address0[2] (OUT)
  -------------------------------------------------------------------    -------------------

Slack:                    inf
  Source:                 ap_ctrl_start
                            (input port)
  Destination:            b_address0[1]
                            (output port)
  Path Group:             (none)
  Path Type:              Max at Slow Process Corner
  Data Path Delay:        2.454ns  (logic 0.210ns (8.559%)  route 2.244ns (91.441%))
  Logic Levels:           2  (LUT4=1 LUT5=1)

    Location             Delay type                Incr(ns)  Path(ns)    Netlist Resource(s)
  -------------------------------------------------------------------    -------------------
                                                      0.000     0.000 r  ap_ctrl_start (IN)
                         net (fo=16, unset)           0.787     0.787    bd_0_i/hls_inst/U0/flow_control_loop_pipe_U/ap_start
    SLICE_X5Y62          LUT5 (Prop_lut5_I1_O)        0.105     0.892 f  bd_0_i/hls_inst/U0/flow_control_loop_pipe_U/b_address0[3]_INST_0_i_1/O
                         net (fo=4, routed)           0.670     1.562    bd_0_i/hls_inst/U0/flow_control_loop_pipe_U/zext_ln43_4_reg_429[1]
    SLICE_X5Y63          LUT4 (Prop_lut4_I0_O)        0.105     1.667 r  bd_0_i/hls_inst/U0/flow_control_loop_pipe_U/b_address0[1]_INST_0/O
                         net (fo=0)                   0.787     2.454    b_address0[1]
                                                                      r  b_address0[1] (OUT)
  -------------------------------------------------------------------    -------------------

Slack:                    inf
  Source:                 ap_ctrl_start
                            (input port)
  Destination:            a_address1[2]
                            (output port)
  Path Group:             (none)
  Path Type:              Max at Slow Process Corner
  Data Path Delay:        2.364ns  (logic 0.224ns (9.476%)  route 2.140ns (90.524%))
  Logic Levels:           2  (LUT2=1 LUT6=1)

    Location             Delay type                Incr(ns)  Path(ns)    Netlist Resource(s)
  -------------------------------------------------------------------    -------------------
                                                      0.000     0.000 f  ap_ctrl_start (IN)
                         net (fo=16, unset)           0.787     0.787    bd_0_i/hls_inst/U0/flow_control_loop_pipe_U/ap_start
    SLICE_X4Y63          LUT6 (Prop_lut6_I1_O)        0.105     0.892 r  bd_0_i/hls_inst/U0/flow_control_loop_pipe_U/a_address1[1]_INST_0/O
                         net (fo=8, routed)           0.566     1.458    bd_0_i/hls_inst/U0/flow_control_loop_pipe_U/ap_loop_init_reg_0
    SLICE_X4Y63          LUT2 (Prop_lut2_I0_O)        0.119     1.577 r  bd_0_i/hls_inst/U0/flow_control_loop_pipe_U/a_address1[2]_INST_0/O
                         net (fo=0)                   0.787     2.364    a_address1[2]
                                                                      r  a_address1[2] (OUT)
  -------------------------------------------------------------------    -------------------

Slack:                    inf
  Source:                 ap_ctrl_start
                            (input port)
  Destination:            b_address0[3]
                            (output port)
  Path Group:             (none)
  Path Type:              Max at Slow Process Corner
  Data Path Delay:        2.364ns  (logic 0.224ns (9.477%)  route 2.140ns (90.523%))
  Logic Levels:           2  (LUT3=1 LUT5=1)

    Location             Delay type                Incr(ns)  Path(ns)    Netlist Resource(s)
  -------------------------------------------------------------------    -------------------
                                                      0.000     0.000 f  ap_ctrl_start (IN)
                         net (fo=16, unset)           0.787     0.787    bd_0_i/hls_inst/U0/flow_control_loop_pipe_U/ap_start
    SLICE_X5Y62          LUT5 (Prop_lut5_I1_O)        0.105     0.892 r  bd_0_i/hls_inst/U0/flow_control_loop_pipe_U/b_address0[3]_INST_0_i_1/O
                         net (fo=4, routed)           0.566     1.458    bd_0_i/hls_inst/U0/flow_control_loop_pipe_U/zext_ln43_4_reg_429[1]
    SLICE_X5Y62          LUT3 (Prop_lut3_I0_O)        0.119     1.577 r  bd_0_i/hls_inst/U0/flow_control_loop_pipe_U/b_address0[3]_INST_0/O
                         net (fo=0)                   0.787     2.364    b_address0[3]
                                                                      r  b_address0[3] (OUT)
  -------------------------------------------------------------------    -------------------





Min Delay Paths
--------------------------------------------------------------------------------------
Slack:                    inf
  Source:                 ap_ctrl_start
                            (input port)
  Destination:            a_ce1
                            (output port)
  Path Group:             (none)
  Path Type:              Min at Fast Process Corner
  Data Path Delay:        0.825ns  (logic 0.044ns (5.336%)  route 0.781ns (94.664%))
  Logic Levels:           1  (LUT2=1)

    Location             Delay type                Incr(ns)  Path(ns)    Netlist Resource(s)
  -------------------------------------------------------------------    -------------------
                                                      0.000     0.000 r  ap_ctrl_start (IN)
                         net (fo=16, unset)           0.390     0.390    bd_0_i/hls_inst/U0/ap_start
    SLICE_X8Y65          LUT2 (Prop_lut2_I1_O)        0.044     0.434 r  bd_0_i/hls_inst/U0/b_ce1_INST_0/O
                         net (fo=0)                   0.390     0.825    a_ce1
                                                                      r  a_ce1 (OUT)
  -------------------------------------------------------------------    -------------------

Slack:                    inf
  Source:                 ap_ctrl_start
                            (input port)
  Destination:            b_ce1
                            (output port)
  Path Group:             (none)
  Path Type:              Min at Fast Process Corner
  Data Path Delay:        0.825ns  (logic 0.044ns (5.336%)  route 0.781ns (94.664%))
  Logic Levels:           1  (LUT2=1)

    Location             Delay type                Incr(ns)  Path(ns)    Netlist Resource(s)
  -------------------------------------------------------------------    -------------------
                                                      0.000     0.000 r  ap_ctrl_start (IN)
                         net (fo=16, unset)           0.390     0.390    bd_0_i/hls_inst/U0/ap_start
    SLICE_X8Y65          LUT2 (Prop_lut2_I1_O)        0.044     0.434 r  bd_0_i/hls_inst/U0/b_ce1_INST_0/O
                         net (fo=0)                   0.390     0.825    b_ce1
                                                                      r  b_ce1 (OUT)
  -------------------------------------------------------------------    -------------------

Slack:                    inf
  Source:                 ap_ctrl_start
                            (input port)
  Destination:            a_address1[1]
                            (output port)
  Path Group:             (none)
  Path Type:              Min at Fast Process Corner
  Data Path Delay:        0.826ns  (logic 0.045ns (5.451%)  route 0.781ns (94.549%))
  Logic Levels:           1  (LUT6=1)

    Location             Delay type                Incr(ns)  Path(ns)    Netlist Resource(s)
  -------------------------------------------------------------------    -------------------
                                                      0.000     0.000 f  ap_ctrl_start (IN)
                         net (fo=16, unset)           0.390     0.390    bd_0_i/hls_inst/U0/flow_control_loop_pipe_U/ap_start
    SLICE_X4Y63          LUT6 (Prop_lut6_I1_O)        0.045     0.435 r  bd_0_i/hls_inst/U0/flow_control_loop_pipe_U/a_address1[1]_INST_0/O
                         net (fo=8, unset)            0.390     0.826    a_address1[1]
                                                                      r  a_address1[1] (OUT)
  -------------------------------------------------------------------    -------------------

Slack:                    inf
  Source:                 ap_ctrl_start
                            (input port)
  Destination:            a_ce0
                            (output port)
  Path Group:             (none)
  Path Type:              Min at Fast Process Corner
  Data Path Delay:        0.826ns  (logic 0.045ns (5.451%)  route 0.781ns (94.549%))
  Logic Levels:           1  (LUT4=1)

    Location             Delay type                Incr(ns)  Path(ns)    Netlist Resource(s)
  -------------------------------------------------------------------    -------------------
                                                      0.000     0.000 r  ap_ctrl_start (IN)
                         net (fo=16, unset)           0.390     0.390    bd_0_i/hls_inst/U0/ap_start
    SLICE_X7Y63          LUT4 (Prop_lut4_I0_O)        0.045     0.435 r  bd_0_i/hls_inst/U0/b_ce0_INST_0/O
                         net (fo=0)                   0.390     0.826    a_ce0
                                                                      r  a_ce0 (OUT)
  -------------------------------------------------------------------    -------------------

Slack:                    inf
  Source:                 ap_ctrl_start
                            (input port)
  Destination:            b_address1[0]
                            (output port)
  Path Group:             (none)
  Path Type:              Min at Fast Process Corner
  Data Path Delay:        0.826ns  (logic 0.045ns (5.451%)  route 0.781ns (94.549%))
  Logic Levels:           1  (LUT5=1)

    Location             Delay type                Incr(ns)  Path(ns)    Netlist Resource(s)
  -------------------------------------------------------------------    -------------------
                                                      0.000     0.000 r  ap_ctrl_start (IN)
                         net (fo=16, unset)           0.390     0.390    bd_0_i/hls_inst/U0/flow_control_loop_pipe_U/ap_start
    SLICE_X5Y62          LUT5 (Prop_lut5_I3_O)        0.045     0.435 r  bd_0_i/hls_inst/U0/flow_control_loop_pipe_U/b_address1[0]_INST_0/O
                         net (fo=0)                   0.390     0.826    b_address1[0]
                                                                      r  b_address1[0] (OUT)
  -------------------------------------------------------------------    -------------------

Slack:                    inf
  Source:                 ap_ctrl_start
                            (input port)
  Destination:            b_address1[1]
                            (output port)
  Path Group:             (none)
  Path Type:              Min at Fast Process Corner
  Data Path Delay:        0.826ns  (logic 0.045ns (5.451%)  route 0.781ns (94.549%))
  Logic Levels:           1  (LUT6=1)

    Location             Delay type                Incr(ns)  Path(ns)    Netlist Resource(s)
  -------------------------------------------------------------------    -------------------
                                                      0.000     0.000 r  ap_ctrl_start (IN)
                         net (fo=16, unset)           0.390     0.390    bd_0_i/hls_inst/U0/flow_control_loop_pipe_U/ap_start
    SLICE_X4Y62          LUT6 (Prop_lut6_I1_O)        0.045     0.435 r  bd_0_i/hls_inst/U0/flow_control_loop_pipe_U/b_address1[1]_INST_0/O
                         net (fo=0)                   0.390     0.826    b_address1[1]
                                                                      r  b_address1[1] (OUT)
  -------------------------------------------------------------------    -------------------

Slack:                    inf
  Source:                 ap_ctrl_start
                            (input port)
  Destination:            b_address1[2]
                            (output port)
  Path Group:             (none)
  Path Type:              Min at Fast Process Corner
  Data Path Delay:        0.826ns  (logic 0.045ns (5.451%)  route 0.781ns (94.549%))
  Logic Levels:           1  (LUT6=1)

    Location             Delay type                Incr(ns)  Path(ns)    Netlist Resource(s)
  -------------------------------------------------------------------    -------------------
                                                      0.000     0.000 f  ap_ctrl_start (IN)
                         net (fo=16, unset)           0.390     0.390    bd_0_i/hls_inst/U0/flow_control_loop_pipe_U/ap_start
    SLICE_X5Y62          LUT6 (Prop_lut6_I1_O)        0.045     0.435 r  bd_0_i/hls_inst/U0/flow_control_loop_pipe_U/b_address1[2]_INST_0/O
                         net (fo=0)                   0.390     0.826    b_address1[2]
                                                                      r  b_address1[2] (OUT)
  -------------------------------------------------------------------    -------------------

Slack:                    inf
  Source:                 ap_ctrl_start
                            (input port)
  Destination:            b_ce0
                            (output port)
  Path Group:             (none)
  Path Type:              Min at Fast Process Corner
  Data Path Delay:        0.826ns  (logic 0.045ns (5.451%)  route 0.781ns (94.549%))
  Logic Levels:           1  (LUT4=1)

    Location             Delay type                Incr(ns)  Path(ns)    Netlist Resource(s)
  -------------------------------------------------------------------    -------------------
                                                      0.000     0.000 r  ap_ctrl_start (IN)
                         net (fo=16, unset)           0.390     0.390    bd_0_i/hls_inst/U0/ap_start
    SLICE_X7Y63          LUT4 (Prop_lut4_I0_O)        0.045     0.435 r  bd_0_i/hls_inst/U0/b_ce0_INST_0/O
                         net (fo=0)                   0.390     0.826    b_ce0
                                                                      r  b_ce0 (OUT)
  -------------------------------------------------------------------    -------------------

Slack:                    inf
  Source:                 ap_ctrl_start
                            (input port)
  Destination:            ap_ctrl_idle
                            (output port)
  Path Group:             (none)
  Path Type:              Min at Fast Process Corner
  Data Path Delay:        0.827ns  (logic 0.046ns (5.565%)  route 0.781ns (94.435%))
  Logic Levels:           1  (LUT4=1)

    Location             Delay type                Incr(ns)  Path(ns)    Netlist Resource(s)
  -------------------------------------------------------------------    -------------------
                                                      0.000     0.000 f  ap_ctrl_start (IN)
                         net (fo=16, unset)           0.390     0.390    bd_0_i/hls_inst/U0/ap_start
    SLICE_X6Y63          LUT4 (Prop_lut4_I0_O)        0.046     0.436 r  bd_0_i/hls_inst/U0/ap_idle_INST_0/O
                         net (fo=0)                   0.390     0.827    ap_ctrl_idle
                                                                      r  ap_ctrl_idle (OUT)
  -------------------------------------------------------------------    -------------------

Slack:                    inf
  Source:                 ap_ctrl_start
                            (input port)
  Destination:            a_address0[3]
                            (output port)
  Path Group:             (none)
  Path Type:              Min at Fast Process Corner
  Data Path Delay:        1.027ns  (logic 0.090ns (8.764%)  route 0.937ns (91.236%))
  Logic Levels:           2  (LUT4=1 LUT6=1)

    Location             Delay type                Incr(ns)  Path(ns)    Netlist Resource(s)
  -------------------------------------------------------------------    -------------------
                                                      0.000     0.000 f  ap_ctrl_start (IN)
                         net (fo=16, unset)           0.390     0.390    bd_0_i/hls_inst/U0/flow_control_loop_pipe_U/ap_start
    SLICE_X4Y63          LUT6 (Prop_lut6_I1_O)        0.045     0.435 r  bd_0_i/hls_inst/U0/flow_control_loop_pipe_U/a_address1[1]_INST_0/O
                         net (fo=8, routed)           0.156     0.592    bd_0_i/hls_inst/U0/flow_control_loop_pipe_U/ap_loop_init_reg_0
    SLICE_X6Y62          LUT4 (Prop_lut4_I3_O)        0.045     0.637 r  bd_0_i/hls_inst/U0/flow_control_loop_pipe_U/a_address0[3]_INST_0/O
                         net (fo=0)                   0.390     1.027    a_address0[3]
                                                                      r  a_address0[3] (OUT)
  -------------------------------------------------------------------    -------------------





--------------------------------------------------------------------------------------
Path Group:  (none)
From Clock:  ap_clk
  To Clock:  

Max Delay            44 Endpoints
Min Delay            44 Endpoints
--------------------------------------------------------------------------------------


Max Delay Paths
--------------------------------------------------------------------------------------
Slack:                    inf
  Source:                 bd_0_i/hls_inst/U0/flow_control_loop_pipe_U/ap_loop_init_reg/C
                            (rising edge-triggered cell FDRE clocked by ap_clk  {rise@0.000ns fall@5.000ns period=10.000ns})
  Destination:            b_address0[0]
                            (output port)
  Path Group:             (none)
  Path Type:              Max at Slow Process Corner
  Data Path Delay:        3.992ns  (logic 0.932ns (23.344%)  route 3.060ns (76.656%))
  Logic Levels:           3  (LUT4=1 LUT5=2)
  Clock Uncertainty:      0.025ns  ((TSJ^2 + TIJ^2)^1/2 + DJ) / 2 + PE
    Total System Jitter     (TSJ):    0.050ns
    Total Input Jitter      (TIJ):    0.000ns
    Discrete Jitter          (DJ):    0.000ns
    Phase Error              (PE):    0.000ns

    Location             Delay type                Incr(ns)  Path(ns)    Netlist Resource(s)
  -------------------------------------------------------------------    -------------------
                         (clock ap_clk rise edge)     0.000     0.000 r  
                                                      0.000     0.000 r  ap_clk (IN)
                         net (fo=143, unset)          0.787     0.787    bd_0_i/hls_inst/U0/flow_control_loop_pipe_U/ap_clk
    SLICE_X6Y61          FDRE                                         r  bd_0_i/hls_inst/U0/flow_control_loop_pipe_U/ap_loop_init_reg/C
  -------------------------------------------------------------------    -------------------
    SLICE_X6Y61          FDRE (Prop_fdre_C_Q)         0.433     1.220 r  bd_0_i/hls_inst/U0/flow_control_loop_pipe_U/ap_loop_init_reg/Q
                         net (fo=10, routed)          0.773     1.993    bd_0_i/hls_inst/U0/flow_control_loop_pipe_U/ap_loop_init
    SLICE_X5Y63          LUT5 (Prop_lut5_I2_O)        0.105     2.098 f  bd_0_i/hls_inst/U0/flow_control_loop_pipe_U/a_address1[1]_INST_0_i_1/O
                         net (fo=7, routed)           0.878     2.976    bd_0_i/hls_inst/U0/flow_control_loop_pipe_U/a_address1[1]_INST_0_i_1_n_4
    SLICE_X5Y62          LUT5 (Prop_lut5_I4_O)        0.119     3.095 r  bd_0_i/hls_inst/U0/flow_control_loop_pipe_U/b_address0[0]_INST_0_i_1/O
                         net (fo=2, routed)           0.622     3.717    bd_0_i/hls_inst/U0/flow_control_loop_pipe_U/zext_ln43_4_reg_429[0]
    SLICE_X5Y62          LUT4 (Prop_lut4_I1_O)        0.275     3.992 r  bd_0_i/hls_inst/U0/flow_control_loop_pipe_U/b_address0[0]_INST_0/O
                         net (fo=0)                   0.787     4.779    b_address0[0]
                                                                      r  b_address0[0] (OUT)
  -------------------------------------------------------------------    -------------------

Slack:                    inf
  Source:                 bd_0_i/hls_inst/U0/flow_control_loop_pipe_U/ap_loop_init_reg/C
                            (rising edge-triggered cell FDRE clocked by ap_clk  {rise@0.000ns fall@5.000ns period=10.000ns})
  Destination:            a_address0[0]
                            (output port)
  Path Group:             (none)
  Path Type:              Max at Slow Process Corner
  Data Path Delay:        3.822ns  (logic 0.947ns (24.777%)  route 2.875ns (75.223%))
  Logic Levels:           3  (LUT4=1 LUT5=2)
  Clock Uncertainty:      0.025ns  ((TSJ^2 + TIJ^2)^1/2 + DJ) / 2 + PE
    Total System Jitter     (TSJ):    0.050ns
    Total Input Jitter      (TIJ):    0.000ns
    Discrete Jitter          (DJ):    0.000ns
    Phase Error              (PE):    0.000ns

    Location             Delay type                Incr(ns)  Path(ns)    Netlist Resource(s)
  -------------------------------------------------------------------    -------------------
                         (clock ap_clk rise edge)     0.000     0.000 r  
                                                      0.000     0.000 r  ap_clk (IN)
                         net (fo=143, unset)          0.787     0.787    bd_0_i/hls_inst/U0/flow_control_loop_pipe_U/ap_clk
    SLICE_X6Y61          FDRE                                         r  bd_0_i/hls_inst/U0/flow_control_loop_pipe_U/ap_loop_init_reg/C
  -------------------------------------------------------------------    -------------------
    SLICE_X6Y61          FDRE (Prop_fdre_C_Q)         0.433     1.220 f  bd_0_i/hls_inst/U0/flow_control_loop_pipe_U/ap_loop_init_reg/Q
                         net (fo=10, routed)          0.773     1.993    bd_0_i/hls_inst/U0/flow_control_loop_pipe_U/ap_loop_init
    SLICE_X5Y63          LUT5 (Prop_lut5_I2_O)        0.105     2.098 r  bd_0_i/hls_inst/U0/flow_control_loop_pipe_U/a_address1[1]_INST_0_i_1/O
                         net (fo=7, routed)           0.600     2.698    bd_0_i/hls_inst/U0/flow_control_loop_pipe_U/a_address1[1]_INST_0_i_1_n_4
    SLICE_X4Y63          LUT5 (Prop_lut5_I4_O)        0.127     2.825 r  bd_0_i/hls_inst/U0/flow_control_loop_pipe_U/a_address0[2]_INST_0_i_1/O
                         net (fo=10, routed)          0.715     3.540    bd_0_i/hls_inst/U0/flow_control_loop_pipe_U/p_shl_fu_216_p3[0]
    SLICE_X6Y62          LUT4 (Prop_lut4_I3_O)        0.282     3.822 r  bd_0_i/hls_inst/U0/flow_control_loop_pipe_U/a_address0[0]_INST_0/O
                         net (fo=0)                   0.787     4.609    a_address0[0]
                                                                      r  a_address0[0] (OUT)
  -------------------------------------------------------------------    -------------------

Slack:                    inf
  Source:                 bd_0_i/hls_inst/U0/flow_control_loop_pipe_U/ap_loop_init_reg/C
                            (rising edge-triggered cell FDRE clocked by ap_clk  {rise@0.000ns fall@5.000ns period=10.000ns})
  Destination:            a_address0[2]
                            (output port)
  Path Group:             (none)
  Path Type:              Max at Slow Process Corner
  Data Path Delay:        3.696ns  (logic 0.953ns (25.788%)  route 2.743ns (74.212%))
  Logic Levels:           3  (LUT5=3)
  Clock Uncertainty:      0.025ns  ((TSJ^2 + TIJ^2)^1/2 + DJ) / 2 + PE
    Total System Jitter     (TSJ):    0.050ns
    Total Input Jitter      (TIJ):    0.000ns
    Discrete Jitter          (DJ):    0.000ns
    Phase Error              (PE):    0.000ns

    Location             Delay type                Incr(ns)  Path(ns)    Netlist Resource(s)
  -------------------------------------------------------------------    -------------------
                         (clock ap_clk rise edge)     0.000     0.000 r  
                                                      0.000     0.000 r  ap_clk (IN)
                         net (fo=143, unset)          0.787     0.787    bd_0_i/hls_inst/U0/flow_control_loop_pipe_U/ap_clk
    SLICE_X6Y61          FDRE                                         r  bd_0_i/hls_inst/U0/flow_control_loop_pipe_U/ap_loop_init_reg/C
  -------------------------------------------------------------------    -------------------
    SLICE_X6Y61          FDRE (Prop_fdre_C_Q)         0.433     1.220 f  bd_0_i/hls_inst/U0/flow_control_loop_pipe_U/ap_loop_init_reg/Q
                         net (fo=10, routed)          0.773     1.993    bd_0_i/hls_inst/U0/flow_control_loop_pipe_U/ap_loop_init
    SLICE_X5Y63          LUT5 (Prop_lut5_I2_O)        0.105     2.098 r  bd_0_i/hls_inst/U0/flow_control_loop_pipe_U/a_address1[1]_INST_0_i_1/O
                         net (fo=7, routed)           0.600     2.698    bd_0_i/hls_inst/U0/flow_control_loop_pipe_U/a_address1[1]_INST_0_i_1_n_4
    SLICE_X4Y63          LUT5 (Prop_lut5_I4_O)        0.127     2.825 r  bd_0_i/hls_inst/U0/flow_control_loop_pipe_U/a_address0[2]_INST_0_i_1/O
                         net (fo=10, routed)          0.583     3.408    bd_0_i/hls_inst/U0/flow_control_loop_pipe_U/p_shl_fu_216_p3[0]
    SLICE_X7Y62          LUT5 (Prop_lut5_I4_O)        0.288     3.696 r  bd_0_i/hls_inst/U0/flow_control_loop_pipe_U/a_address0[2]_INST_0/O
                         net (fo=0)                   0.787     4.483    a_address0[2]
                                                                      r  a_address0[2] (OUT)
  -------------------------------------------------------------------    -------------------

Slack:                    inf
  Source:                 bd_0_i/hls_inst/U0/flow_control_loop_pipe_U/ap_loop_init_reg/C
                            (rising edge-triggered cell FDRE clocked by ap_clk  {rise@0.000ns fall@5.000ns period=10.000ns})
  Destination:            a_address0[1]
                            (output port)
  Path Group:             (none)
  Path Type:              Max at Slow Process Corner
  Data Path Delay:        3.691ns  (logic 0.952ns (25.796%)  route 2.739ns (74.204%))
  Logic Levels:           3  (LUT5=3)
  Clock Uncertainty:      0.025ns  ((TSJ^2 + TIJ^2)^1/2 + DJ) / 2 + PE
    Total System Jitter     (TSJ):    0.050ns
    Total Input Jitter      (TIJ):    0.000ns
    Discrete Jitter          (DJ):    0.000ns
    Phase Error              (PE):    0.000ns

    Location             Delay type                Incr(ns)  Path(ns)    Netlist Resource(s)
  -------------------------------------------------------------------    -------------------
                         (clock ap_clk rise edge)     0.000     0.000 r  
                                                      0.000     0.000 r  ap_clk (IN)
                         net (fo=143, unset)          0.787     0.787    bd_0_i/hls_inst/U0/flow_control_loop_pipe_U/ap_clk
    SLICE_X6Y61          FDRE                                         r  bd_0_i/hls_inst/U0/flow_control_loop_pipe_U/ap_loop_init_reg/C
  -------------------------------------------------------------------    -------------------
    SLICE_X6Y61          FDRE (Prop_fdre_C_Q)         0.433     1.220 f  bd_0_i/hls_inst/U0/flow_control_loop_pipe_U/ap_loop_init_reg/Q
                         net (fo=10, routed)          0.773     1.993    bd_0_i/hls_inst/U0/flow_control_loop_pipe_U/ap_loop_init
    SLICE_X5Y63          LUT5 (Prop_lut5_I2_O)        0.105     2.098 r  bd_0_i/hls_inst/U0/flow_control_loop_pipe_U/a_address1[1]_INST_0_i_1/O
                         net (fo=7, routed)           0.600     2.698    bd_0_i/hls_inst/U0/flow_control_loop_pipe_U/a_address1[1]_INST_0_i_1_n_4
    SLICE_X4Y63          LUT5 (Prop_lut5_I4_O)        0.127     2.825 r  bd_0_i/hls_inst/U0/flow_control_loop_pipe_U/a_address0[2]_INST_0_i_1/O
                         net (fo=10, routed)          0.579     3.404    bd_0_i/hls_inst/U0/flow_control_loop_pipe_U/p_shl_fu_216_p3[0]
    SLICE_X7Y62          LUT5 (Prop_lut5_I4_O)        0.287     3.691 r  bd_0_i/hls_inst/U0/flow_control_loop_pipe_U/a_address0[1]_INST_0/O
                         net (fo=0)                   0.787     4.478    a_address0[1]
                                                                      r  a_address0[1] (OUT)
  -------------------------------------------------------------------    -------------------

Slack:                    inf
  Source:                 bd_0_i/hls_inst/U0/flow_control_loop_pipe_U/ap_loop_init_reg/C
                            (rising edge-triggered cell FDRE clocked by ap_clk  {rise@0.000ns fall@5.000ns period=10.000ns})
  Destination:            a_address1[3]
                            (output port)
  Path Group:             (none)
  Path Type:              Max at Slow Process Corner
  Data Path Delay:        3.672ns  (logic 0.933ns (25.412%)  route 2.739ns (74.588%))
  Logic Levels:           3  (LUT2=1 LUT5=2)
  Clock Uncertainty:      0.025ns  ((TSJ^2 + TIJ^2)^1/2 + DJ) / 2 + PE
    Total System Jitter     (TSJ):    0.050ns
    Total Input Jitter      (TIJ):    0.000ns
    Discrete Jitter          (DJ):    0.000ns
    Phase Error              (PE):    0.000ns

    Location             Delay type                Incr(ns)  Path(ns)    Netlist Resource(s)
  -------------------------------------------------------------------    -------------------
                         (clock ap_clk rise edge)     0.000     0.000 r  
                                                      0.000     0.000 r  ap_clk (IN)
                         net (fo=143, unset)          0.787     0.787    bd_0_i/hls_inst/U0/flow_control_loop_pipe_U/ap_clk
    SLICE_X6Y61          FDRE                                         r  bd_0_i/hls_inst/U0/flow_control_loop_pipe_U/ap_loop_init_reg/C
  -------------------------------------------------------------------    -------------------
    SLICE_X6Y61          FDRE (Prop_fdre_C_Q)         0.433     1.220 f  bd_0_i/hls_inst/U0/flow_control_loop_pipe_U/ap_loop_init_reg/Q
                         net (fo=10, routed)          0.773     1.993    bd_0_i/hls_inst/U0/flow_control_loop_pipe_U/ap_loop_init
    SLICE_X5Y63          LUT5 (Prop_lut5_I2_O)        0.105     2.098 r  bd_0_i/hls_inst/U0/flow_control_loop_pipe_U/a_address1[1]_INST_0_i_1/O
                         net (fo=7, routed)           0.600     2.698    bd_0_i/hls_inst/U0/flow_control_loop_pipe_U/a_address1[1]_INST_0_i_1_n_4
    SLICE_X4Y63          LUT5 (Prop_lut5_I4_O)        0.127     2.825 r  bd_0_i/hls_inst/U0/flow_control_loop_pipe_U/a_address0[2]_INST_0_i_1/O
                         net (fo=10, routed)          0.579     3.404    bd_0_i/hls_inst/U0/flow_control_loop_pipe_U/p_shl_fu_216_p3[0]
    SLICE_X7Y62          LUT2 (Prop_lut2_I0_O)        0.268     3.672 r  bd_0_i/hls_inst/U0/flow_control_loop_pipe_U/a_address1[3]_INST_0/O
                         net (fo=1, unset)            0.787     4.459    a_address1[3]
                                                                      r  a_address1[3] (OUT)
  -------------------------------------------------------------------    -------------------

Slack:                    inf
  Source:                 bd_0_i/hls_inst/U0/flow_control_loop_pipe_U/ap_loop_init_reg/C
                            (rising edge-triggered cell FDRE clocked by ap_clk  {rise@0.000ns fall@5.000ns period=10.000ns})
  Destination:            a_address1[0]
                            (output port)
  Path Group:             (none)
  Path Type:              Max at Slow Process Corner
  Data Path Delay:        3.665ns  (logic 0.933ns (25.457%)  route 2.732ns (74.544%))
  Logic Levels:           3  (LUT1=1 LUT5=2)
  Clock Uncertainty:      0.025ns  ((TSJ^2 + TIJ^2)^1/2 + DJ) / 2 + PE
    Total System Jitter     (TSJ):    0.050ns
    Total Input Jitter      (TIJ):    0.000ns
    Discrete Jitter          (DJ):    0.000ns
    Phase Error              (PE):    0.000ns

    Location             Delay type                Incr(ns)  Path(ns)    Netlist Resource(s)
  -------------------------------------------------------------------    -------------------
                         (clock ap_clk rise edge)     0.000     0.000 r  
                                                      0.000     0.000 r  ap_clk (IN)
                         net (fo=143, unset)          0.787     0.787    bd_0_i/hls_inst/U0/flow_control_loop_pipe_U/ap_clk
    SLICE_X6Y61          FDRE                                         r  bd_0_i/hls_inst/U0/flow_control_loop_pipe_U/ap_loop_init_reg/C
  -------------------------------------------------------------------    -------------------
    SLICE_X6Y61          FDRE (Prop_fdre_C_Q)         0.433     1.220 f  bd_0_i/hls_inst/U0/flow_control_loop_pipe_U/ap_loop_init_reg/Q
                         net (fo=10, routed)          0.773     1.993    bd_0_i/hls_inst/U0/flow_control_loop_pipe_U/ap_loop_init
    SLICE_X5Y63          LUT5 (Prop_lut5_I2_O)        0.105     2.098 r  bd_0_i/hls_inst/U0/flow_control_loop_pipe_U/a_address1[1]_INST_0_i_1/O
                         net (fo=7, routed)           0.600     2.698    bd_0_i/hls_inst/U0/flow_control_loop_pipe_U/a_address1[1]_INST_0_i_1_n_4
    SLICE_X4Y63          LUT5 (Prop_lut5_I4_O)        0.127     2.825 f  bd_0_i/hls_inst/U0/flow_control_loop_pipe_U/a_address0[2]_INST_0_i_1/O
                         net (fo=10, routed)          0.572     3.397    bd_0_i/hls_inst/U0/flow_control_loop_pipe_U/p_shl_fu_216_p3[0]
    SLICE_X7Y62          LUT1 (Prop_lut1_I0_O)        0.268     3.665 r  bd_0_i/hls_inst/U0/flow_control_loop_pipe_U/a_address1[0]_INST_0/O
                         net (fo=0)                   0.787     4.452    a_address1[0]
                                                                      r  a_address1[0] (OUT)
  -------------------------------------------------------------------    -------------------

Slack:                    inf
  Source:                 bd_0_i/hls_inst/U0/flow_control_loop_pipe_U/ap_loop_init_reg/C
                            (rising edge-triggered cell FDRE clocked by ap_clk  {rise@0.000ns fall@5.000ns period=10.000ns})
  Destination:            b_address0[2]
                            (output port)
  Path Group:             (none)
  Path Type:              Max at Slow Process Corner
  Data Path Delay:        3.514ns  (logic 0.748ns (21.286%)  route 2.766ns (78.714%))
  Logic Levels:           3  (LUT3=1 LUT5=2)
  Clock Uncertainty:      0.025ns  ((TSJ^2 + TIJ^2)^1/2 + DJ) / 2 + PE
    Total System Jitter     (TSJ):    0.050ns
    Total Input Jitter      (TIJ):    0.000ns
    Discrete Jitter          (DJ):    0.000ns
    Phase Error              (PE):    0.000ns

    Location             Delay type                Incr(ns)  Path(ns)    Netlist Resource(s)
  -------------------------------------------------------------------    -------------------
                         (clock ap_clk rise edge)     0.000     0.000 r  
                                                      0.000     0.000 r  ap_clk (IN)
                         net (fo=143, unset)          0.787     0.787    bd_0_i/hls_inst/U0/flow_control_loop_pipe_U/ap_clk
    SLICE_X6Y61          FDRE                                         r  bd_0_i/hls_inst/U0/flow_control_loop_pipe_U/ap_loop_init_reg/C
  -------------------------------------------------------------------    -------------------
    SLICE_X6Y61          FDRE (Prop_fdre_C_Q)         0.433     1.220 f  bd_0_i/hls_inst/U0/flow_control_loop_pipe_U/ap_loop_init_reg/Q
                         net (fo=10, routed)          0.773     1.993    bd_0_i/hls_inst/U0/flow_control_loop_pipe_U/ap_loop_init
    SLICE_X5Y63          LUT5 (Prop_lut5_I2_O)        0.105     2.098 r  bd_0_i/hls_inst/U0/flow_control_loop_pipe_U/a_address1[1]_INST_0_i_1/O
                         net (fo=7, routed)           0.535     2.633    bd_0_i/hls_inst/U0/flow_control_loop_pipe_U/a_address1[1]_INST_0_i_1_n_4
    SLICE_X5Y62          LUT5 (Prop_lut5_I4_O)        0.105     2.738 f  bd_0_i/hls_inst/U0/flow_control_loop_pipe_U/b_address0[3]_INST_0_i_1/O
                         net (fo=4, routed)           0.671     3.409    bd_0_i/hls_inst/U0/flow_control_loop_pipe_U/zext_ln43_4_reg_429[1]
    SLICE_X6Y62          LUT3 (Prop_lut3_I0_O)        0.105     3.514 r  bd_0_i/hls_inst/U0/flow_control_loop_pipe_U/b_address0[2]_INST_0/O
                         net (fo=0)                   0.787     4.301    b_address0[2]
                                                                      r  b_address0[2] (OUT)
  -------------------------------------------------------------------    -------------------

Slack:                    inf
  Source:                 bd_0_i/hls_inst/U0/flow_control_loop_pipe_U/ap_loop_init_reg/C
                            (rising edge-triggered cell FDRE clocked by ap_clk  {rise@0.000ns fall@5.000ns period=10.000ns})
  Destination:            b_address0[1]
                            (output port)
  Path Group:             (none)
  Path Type:              Max at Slow Process Corner
  Data Path Delay:        3.513ns  (logic 0.748ns (21.295%)  route 2.765ns (78.705%))
  Logic Levels:           3  (LUT4=1 LUT5=2)
  Clock Uncertainty:      0.025ns  ((TSJ^2 + TIJ^2)^1/2 + DJ) / 2 + PE
    Total System Jitter     (TSJ):    0.050ns
    Total Input Jitter      (TIJ):    0.000ns
    Discrete Jitter          (DJ):    0.000ns
    Phase Error              (PE):    0.000ns

    Location             Delay type                Incr(ns)  Path(ns)    Netlist Resource(s)
  -------------------------------------------------------------------    -------------------
                         (clock ap_clk rise edge)     0.000     0.000 r  
                                                      0.000     0.000 r  ap_clk (IN)
                         net (fo=143, unset)          0.787     0.787    bd_0_i/hls_inst/U0/flow_control_loop_pipe_U/ap_clk
    SLICE_X6Y61          FDRE                                         r  bd_0_i/hls_inst/U0/flow_control_loop_pipe_U/ap_loop_init_reg/C
  -------------------------------------------------------------------    -------------------
    SLICE_X6Y61          FDRE (Prop_fdre_C_Q)         0.433     1.220 f  bd_0_i/hls_inst/U0/flow_control_loop_pipe_U/ap_loop_init_reg/Q
                         net (fo=10, routed)          0.773     1.993    bd_0_i/hls_inst/U0/flow_control_loop_pipe_U/ap_loop_init
    SLICE_X5Y63          LUT5 (Prop_lut5_I2_O)        0.105     2.098 r  bd_0_i/hls_inst/U0/flow_control_loop_pipe_U/a_address1[1]_INST_0_i_1/O
                         net (fo=7, routed)           0.535     2.633    bd_0_i/hls_inst/U0/flow_control_loop_pipe_U/a_address1[1]_INST_0_i_1_n_4
    SLICE_X5Y62          LUT5 (Prop_lut5_I4_O)        0.105     2.738 f  bd_0_i/hls_inst/U0/flow_control_loop_pipe_U/b_address0[3]_INST_0_i_1/O
                         net (fo=4, routed)           0.670     3.408    bd_0_i/hls_inst/U0/flow_control_loop_pipe_U/zext_ln43_4_reg_429[1]
    SLICE_X5Y63          LUT4 (Prop_lut4_I0_O)        0.105     3.513 r  bd_0_i/hls_inst/U0/flow_control_loop_pipe_U/b_address0[1]_INST_0/O
                         net (fo=0)                   0.787     4.300    b_address0[1]
                                                                      r  b_address0[1] (OUT)
  -------------------------------------------------------------------    -------------------

Slack:                    inf
  Source:                 bd_0_i/hls_inst/U0/flow_control_loop_pipe_U/ap_loop_init_reg/C
                            (rising edge-triggered cell FDRE clocked by ap_clk  {rise@0.000ns fall@5.000ns period=10.000ns})
  Destination:            a_address1[2]
                            (output port)
  Path Group:             (none)
  Path Type:              Max at Slow Process Corner
  Data Path Delay:        3.484ns  (logic 0.762ns (21.872%)  route 2.722ns (78.128%))
  Logic Levels:           3  (LUT2=1 LUT5=1 LUT6=1)
  Clock Uncertainty:      0.025ns  ((TSJ^2 + TIJ^2)^1/2 + DJ) / 2 + PE
    Total System Jitter     (TSJ):    0.050ns
    Total Input Jitter      (TIJ):    0.000ns
    Discrete Jitter          (DJ):    0.000ns
    Phase Error              (PE):    0.000ns

    Location             Delay type                Incr(ns)  Path(ns)    Netlist Resource(s)
  -------------------------------------------------------------------    -------------------
                         (clock ap_clk rise edge)     0.000     0.000 r  
                                                      0.000     0.000 r  ap_clk (IN)
                         net (fo=143, unset)          0.787     0.787    bd_0_i/hls_inst/U0/flow_control_loop_pipe_U/ap_clk
    SLICE_X6Y61          FDRE                                         r  bd_0_i/hls_inst/U0/flow_control_loop_pipe_U/ap_loop_init_reg/C
  -------------------------------------------------------------------    -------------------
    SLICE_X6Y61          FDRE (Prop_fdre_C_Q)         0.433     1.220 f  bd_0_i/hls_inst/U0/flow_control_loop_pipe_U/ap_loop_init_reg/Q
                         net (fo=10, routed)          0.773     1.993    bd_0_i/hls_inst/U0/flow_control_loop_pipe_U/ap_loop_init
    SLICE_X5Y63          LUT5 (Prop_lut5_I2_O)        0.105     2.098 r  bd_0_i/hls_inst/U0/flow_control_loop_pipe_U/a_address1[1]_INST_0_i_1/O
                         net (fo=7, routed)           0.596     2.694    bd_0_i/hls_inst/U0/flow_control_loop_pipe_U/a_address1[1]_INST_0_i_1_n_4
    SLICE_X4Y63          LUT6 (Prop_lut6_I4_O)        0.105     2.799 r  bd_0_i/hls_inst/U0/flow_control_loop_pipe_U/a_address1[1]_INST_0/O
                         net (fo=8, routed)           0.566     3.365    bd_0_i/hls_inst/U0/flow_control_loop_pipe_U/ap_loop_init_reg_0
    SLICE_X4Y63          LUT2 (Prop_lut2_I0_O)        0.119     3.484 r  bd_0_i/hls_inst/U0/flow_control_loop_pipe_U/a_address1[2]_INST_0/O
                         net (fo=0)                   0.787     4.271    a_address1[2]
                                                                      r  a_address1[2] (OUT)
  -------------------------------------------------------------------    -------------------

Slack:                    inf
  Source:                 bd_0_i/hls_inst/U0/flow_control_loop_pipe_U/ap_loop_init_reg/C
                            (rising edge-triggered cell FDRE clocked by ap_clk  {rise@0.000ns fall@5.000ns period=10.000ns})
  Destination:            b_address0[3]
                            (output port)
  Path Group:             (none)
  Path Type:              Max at Slow Process Corner
  Data Path Delay:        3.423ns  (logic 0.762ns (22.263%)  route 2.661ns (77.737%))
  Logic Levels:           3  (LUT3=1 LUT5=2)
  Clock Uncertainty:      0.025ns  ((TSJ^2 + TIJ^2)^1/2 + DJ) / 2 + PE
    Total System Jitter     (TSJ):    0.050ns
    Total Input Jitter      (TIJ):    0.000ns
    Discrete Jitter          (DJ):    0.000ns
    Phase Error              (PE):    0.000ns

    Location             Delay type                Incr(ns)  Path(ns)    Netlist Resource(s)
  -------------------------------------------------------------------    -------------------
                         (clock ap_clk rise edge)     0.000     0.000 r  
                                                      0.000     0.000 r  ap_clk (IN)
                         net (fo=143, unset)          0.787     0.787    bd_0_i/hls_inst/U0/flow_control_loop_pipe_U/ap_clk
    SLICE_X6Y61          FDRE                                         r  bd_0_i/hls_inst/U0/flow_control_loop_pipe_U/ap_loop_init_reg/C
  -------------------------------------------------------------------    -------------------
    SLICE_X6Y61          FDRE (Prop_fdre_C_Q)         0.433     1.220 r  bd_0_i/hls_inst/U0/flow_control_loop_pipe_U/ap_loop_init_reg/Q
                         net (fo=10, routed)          0.773     1.993    bd_0_i/hls_inst/U0/flow_control_loop_pipe_U/ap_loop_init
    SLICE_X5Y63          LUT5 (Prop_lut5_I2_O)        0.105     2.098 f  bd_0_i/hls_inst/U0/flow_control_loop_pipe_U/a_address1[1]_INST_0_i_1/O
                         net (fo=7, routed)           0.535     2.633    bd_0_i/hls_inst/U0/flow_control_loop_pipe_U/a_address1[1]_INST_0_i_1_n_4
    SLICE_X5Y62          LUT5 (Prop_lut5_I4_O)        0.105     2.738 r  bd_0_i/hls_inst/U0/flow_control_loop_pipe_U/b_address0[3]_INST_0_i_1/O
                         net (fo=4, routed)           0.566     3.304    bd_0_i/hls_inst/U0/flow_control_loop_pipe_U/zext_ln43_4_reg_429[1]
    SLICE_X5Y62          LUT3 (Prop_lut3_I0_O)        0.119     3.423 r  bd_0_i/hls_inst/U0/flow_control_loop_pipe_U/b_address0[3]_INST_0/O
                         net (fo=0)                   0.787     4.210    b_address0[3]
                                                                      r  b_address0[3] (OUT)
  -------------------------------------------------------------------    -------------------





Min Delay Paths
--------------------------------------------------------------------------------------
Slack:                    inf
  Source:                 bd_0_i/hls_inst/U0/add_ln43_6_reg_459_pp0_iter1_reg_reg[0]/C
                            (rising edge-triggered cell FDRE clocked by ap_clk  {rise@0.000ns fall@5.000ns period=10.000ns})
  Destination:            res_address0[0]
                            (output port)
  Path Group:             (none)
  Path Type:              Min at Fast Process Corner
  Data Path Delay:        0.518ns  (logic 0.128ns (24.697%)  route 0.390ns (75.303%))
  Logic Levels:           0  
  Clock Uncertainty:      0.025ns  ((TSJ^2 + TIJ^2)^1/2 + DJ) / 2 + PE
    Total System Jitter     (TSJ):    0.050ns
    Total Input Jitter      (TIJ):    0.000ns
    Discrete Jitter          (DJ):    0.000ns
    Phase Error              (PE):    0.000ns

    Location             Delay type                Incr(ns)  Path(ns)    Netlist Resource(s)
  -------------------------------------------------------------------    -------------------
                         (clock ap_clk rise edge)     0.000     0.000 r  
                                                      0.000     0.000 r  ap_clk (IN)
                         net (fo=143, unset)          0.390     0.390    bd_0_i/hls_inst/U0/ap_clk
    SLICE_X5Y61          FDRE                                         r  bd_0_i/hls_inst/U0/add_ln43_6_reg_459_pp0_iter1_reg_reg[0]/C
  -------------------------------------------------------------------    -------------------
    SLICE_X5Y61          FDRE (Prop_fdre_C_Q)         0.128     0.518 r  bd_0_i/hls_inst/U0/add_ln43_6_reg_459_pp0_iter1_reg_reg[0]/Q
                         net (fo=0)                   0.390     0.909    res_address0[0]
                                                                      r  res_address0[0] (OUT)
  -------------------------------------------------------------------    -------------------

Slack:                    inf
  Source:                 bd_0_i/hls_inst/U0/add_ln43_6_reg_459_pp0_iter1_reg_reg[1]/C
                            (rising edge-triggered cell FDRE clocked by ap_clk  {rise@0.000ns fall@5.000ns period=10.000ns})
  Destination:            res_address0[1]
                            (output port)
  Path Group:             (none)
  Path Type:              Min at Fast Process Corner
  Data Path Delay:        0.538ns  (logic 0.148ns (27.495%)  route 0.390ns (72.505%))
  Logic Levels:           0  
  Clock Uncertainty:      0.025ns  ((TSJ^2 + TIJ^2)^1/2 + DJ) / 2 + PE
    Total System Jitter     (TSJ):    0.050ns
    Total Input Jitter      (TIJ):    0.000ns
    Discrete Jitter          (DJ):    0.000ns
    Phase Error              (PE):    0.000ns

    Location             Delay type                Incr(ns)  Path(ns)    Netlist Resource(s)
  -------------------------------------------------------------------    -------------------
                         (clock ap_clk rise edge)     0.000     0.000 r  
                                                      0.000     0.000 r  ap_clk (IN)
                         net (fo=143, unset)          0.390     0.390    bd_0_i/hls_inst/U0/ap_clk
    SLICE_X6Y62          FDRE                                         r  bd_0_i/hls_inst/U0/add_ln43_6_reg_459_pp0_iter1_reg_reg[1]/C
  -------------------------------------------------------------------    -------------------
    SLICE_X6Y62          FDRE (Prop_fdre_C_Q)         0.148     0.538 r  bd_0_i/hls_inst/U0/add_ln43_6_reg_459_pp0_iter1_reg_reg[1]/Q
                         net (fo=0)                   0.390     0.929    res_address0[1]
                                                                      r  res_address0[1] (OUT)
  -------------------------------------------------------------------    -------------------

Slack:                    inf
  Source:                 bd_0_i/hls_inst/U0/add_ln43_6_reg_459_pp0_iter1_reg_reg[2]/C
                            (rising edge-triggered cell FDRE clocked by ap_clk  {rise@0.000ns fall@5.000ns period=10.000ns})
  Destination:            res_address0[2]
                            (output port)
  Path Group:             (none)
  Path Type:              Min at Fast Process Corner
  Data Path Delay:        0.554ns  (logic 0.164ns (29.588%)  route 0.390ns (70.412%))
  Logic Levels:           0  
  Clock Uncertainty:      0.025ns  ((TSJ^2 + TIJ^2)^1/2 + DJ) / 2 + PE
    Total System Jitter     (TSJ):    0.050ns
    Total Input Jitter      (TIJ):    0.000ns
    Discrete Jitter          (DJ):    0.000ns
    Phase Error              (PE):    0.000ns

    Location             Delay type                Incr(ns)  Path(ns)    Netlist Resource(s)
  -------------------------------------------------------------------    -------------------
                         (clock ap_clk rise edge)     0.000     0.000 r  
                                                      0.000     0.000 r  ap_clk (IN)
                         net (fo=143, unset)          0.390     0.390    bd_0_i/hls_inst/U0/ap_clk
    SLICE_X6Y62          FDRE                                         r  bd_0_i/hls_inst/U0/add_ln43_6_reg_459_pp0_iter1_reg_reg[2]/C
  -------------------------------------------------------------------    -------------------
    SLICE_X6Y62          FDRE (Prop_fdre_C_Q)         0.164     0.554 r  bd_0_i/hls_inst/U0/add_ln43_6_reg_459_pp0_iter1_reg_reg[2]/Q
                         net (fo=0)                   0.390     0.945    res_address0[2]
                                                                      r  res_address0[2] (OUT)
  -------------------------------------------------------------------    -------------------

Slack:                    inf
  Source:                 bd_0_i/hls_inst/U0/add_ln43_6_reg_459_pp0_iter1_reg_reg[3]/C
                            (rising edge-triggered cell FDRE clocked by ap_clk  {rise@0.000ns fall@5.000ns period=10.000ns})
  Destination:            res_address0[3]
                            (output port)
  Path Group:             (none)
  Path Type:              Min at Fast Process Corner
  Data Path Delay:        0.554ns  (logic 0.164ns (29.588%)  route 0.390ns (70.412%))
  Logic Levels:           0  
  Clock Uncertainty:      0.025ns  ((TSJ^2 + TIJ^2)^1/2 + DJ) / 2 + PE
    Total System Jitter     (TSJ):    0.050ns
    Total Input Jitter      (TIJ):    0.000ns
    Discrete Jitter          (DJ):    0.000ns
    Phase Error              (PE):    0.000ns

    Location             Delay type                Incr(ns)  Path(ns)    Netlist Resource(s)
  -------------------------------------------------------------------    -------------------
                         (clock ap_clk rise edge)     0.000     0.000 r  
                                                      0.000     0.000 r  ap_clk (IN)
                         net (fo=143, unset)          0.390     0.390    bd_0_i/hls_inst/U0/ap_clk
    SLICE_X6Y62          FDRE                                         r  bd_0_i/hls_inst/U0/add_ln43_6_reg_459_pp0_iter1_reg_reg[3]/C
  -------------------------------------------------------------------    -------------------
    SLICE_X6Y62          FDRE (Prop_fdre_C_Q)         0.164     0.554 r  bd_0_i/hls_inst/U0/add_ln43_6_reg_459_pp0_iter1_reg_reg[3]/Q
                         net (fo=0)                   0.390     0.945    res_address0[3]
                                                                      r  res_address0[3] (OUT)
  -------------------------------------------------------------------    -------------------

Slack:                    inf
  Source:                 bd_0_i/hls_inst/U0/mac_muladd_8s_8s_16s_16_4_1_U3/matrixmul_mac_muladd_8s_8s_16s_16_4_1_DSP48_0_U/p_reg_reg[0]/C
                            (rising edge-triggered cell FDRE clocked by ap_clk  {rise@0.000ns fall@5.000ns period=10.000ns})
  Destination:            res_d0[0]
                            (output port)
  Path Group:             (none)
  Path Type:              Min at Fast Process Corner
  Data Path Delay:        0.554ns  (logic 0.164ns (29.588%)  route 0.390ns (70.412%))
  Logic Levels:           0  
  Clock Uncertainty:      0.025ns  ((TSJ^2 + TIJ^2)^1/2 + DJ) / 2 + PE
    Total System Jitter     (TSJ):    0.050ns
    Total Input Jitter      (TIJ):    0.000ns
    Discrete Jitter          (DJ):    0.000ns
    Phase Error              (PE):    0.000ns

    Location             Delay type                Incr(ns)  Path(ns)    Netlist Resource(s)
  -------------------------------------------------------------------    -------------------
                         (clock ap_clk rise edge)     0.000     0.000 r  
                                                      0.000     0.000 r  ap_clk (IN)
                         net (fo=143, unset)          0.390     0.390    bd_0_i/hls_inst/U0/mac_muladd_8s_8s_16s_16_4_1_U3/matrixmul_mac_muladd_8s_8s_16s_16_4_1_DSP48_0_U/ap_clk
    SLICE_X2Y67          FDRE                                         r  bd_0_i/hls_inst/U0/mac_muladd_8s_8s_16s_16_4_1_U3/matrixmul_mac_muladd_8s_8s_16s_16_4_1_DSP48_0_U/p_reg_reg[0]/C
  -------------------------------------------------------------------    -------------------
    SLICE_X2Y67          FDRE (Prop_fdre_C_Q)         0.164     0.554 r  bd_0_i/hls_inst/U0/mac_muladd_8s_8s_16s_16_4_1_U3/matrixmul_mac_muladd_8s_8s_16s_16_4_1_DSP48_0_U/p_reg_reg[0]/Q
                         net (fo=0)                   0.390     0.945    res_d0[0]
                                                                      r  res_d0[0] (OUT)
  -------------------------------------------------------------------    -------------------

Slack:                    inf
  Source:                 bd_0_i/hls_inst/U0/mac_muladd_8s_8s_16s_16_4_1_U3/matrixmul_mac_muladd_8s_8s_16s_16_4_1_DSP48_0_U/p_reg_reg[10]/C
                            (rising edge-triggered cell FDRE clocked by ap_clk  {rise@0.000ns fall@5.000ns period=10.000ns})
  Destination:            res_d0[10]
                            (output port)
  Path Group:             (none)
  Path Type:              Min at Fast Process Corner
  Data Path Delay:        0.554ns  (logic 0.164ns (29.588%)  route 0.390ns (70.412%))
  Logic Levels:           0  
  Clock Uncertainty:      0.025ns  ((TSJ^2 + TIJ^2)^1/2 + DJ) / 2 + PE
    Total System Jitter     (TSJ):    0.050ns
    Total Input Jitter      (TIJ):    0.000ns
    Discrete Jitter          (DJ):    0.000ns
    Phase Error              (PE):    0.000ns

    Location             Delay type                Incr(ns)  Path(ns)    Netlist Resource(s)
  -------------------------------------------------------------------    -------------------
                         (clock ap_clk rise edge)     0.000     0.000 r  
                                                      0.000     0.000 r  ap_clk (IN)
                         net (fo=143, unset)          0.390     0.390    bd_0_i/hls_inst/U0/mac_muladd_8s_8s_16s_16_4_1_U3/matrixmul_mac_muladd_8s_8s_16s_16_4_1_DSP48_0_U/ap_clk
    SLICE_X2Y69          FDRE                                         r  bd_0_i/hls_inst/U0/mac_muladd_8s_8s_16s_16_4_1_U3/matrixmul_mac_muladd_8s_8s_16s_16_4_1_DSP48_0_U/p_reg_reg[10]/C
  -------------------------------------------------------------------    -------------------
    SLICE_X2Y69          FDRE (Prop_fdre_C_Q)         0.164     0.554 r  bd_0_i/hls_inst/U0/mac_muladd_8s_8s_16s_16_4_1_U3/matrixmul_mac_muladd_8s_8s_16s_16_4_1_DSP48_0_U/p_reg_reg[10]/Q
                         net (fo=0)                   0.390     0.945    res_d0[10]
                                                                      r  res_d0[10] (OUT)
  -------------------------------------------------------------------    -------------------

Slack:                    inf
  Source:                 bd_0_i/hls_inst/U0/mac_muladd_8s_8s_16s_16_4_1_U3/matrixmul_mac_muladd_8s_8s_16s_16_4_1_DSP48_0_U/p_reg_reg[11]/C
                            (rising edge-triggered cell FDRE clocked by ap_clk  {rise@0.000ns fall@5.000ns period=10.000ns})
  Destination:            res_d0[11]
                            (output port)
  Path Group:             (none)
  Path Type:              Min at Fast Process Corner
  Data Path Delay:        0.554ns  (logic 0.164ns (29.588%)  route 0.390ns (70.412%))
  Logic Levels:           0  
  Clock Uncertainty:      0.025ns  ((TSJ^2 + TIJ^2)^1/2 + DJ) / 2 + PE
    Total System Jitter     (TSJ):    0.050ns
    Total Input Jitter      (TIJ):    0.000ns
    Discrete Jitter          (DJ):    0.000ns
    Phase Error              (PE):    0.000ns

    Location             Delay type                Incr(ns)  Path(ns)    Netlist Resource(s)
  -------------------------------------------------------------------    -------------------
                         (clock ap_clk rise edge)     0.000     0.000 r  
                                                      0.000     0.000 r  ap_clk (IN)
                         net (fo=143, unset)          0.390     0.390    bd_0_i/hls_inst/U0/mac_muladd_8s_8s_16s_16_4_1_U3/matrixmul_mac_muladd_8s_8s_16s_16_4_1_DSP48_0_U/ap_clk
    SLICE_X2Y69          FDRE                                         r  bd_0_i/hls_inst/U0/mac_muladd_8s_8s_16s_16_4_1_U3/matrixmul_mac_muladd_8s_8s_16s_16_4_1_DSP48_0_U/p_reg_reg[11]/C
  -------------------------------------------------------------------    -------------------
    SLICE_X2Y69          FDRE (Prop_fdre_C_Q)         0.164     0.554 r  bd_0_i/hls_inst/U0/mac_muladd_8s_8s_16s_16_4_1_U3/matrixmul_mac_muladd_8s_8s_16s_16_4_1_DSP48_0_U/p_reg_reg[11]/Q
                         net (fo=0)                   0.390     0.945    res_d0[11]
                                                                      r  res_d0[11] (OUT)
  -------------------------------------------------------------------    -------------------

Slack:                    inf
  Source:                 bd_0_i/hls_inst/U0/mac_muladd_8s_8s_16s_16_4_1_U3/matrixmul_mac_muladd_8s_8s_16s_16_4_1_DSP48_0_U/p_reg_reg[12]/C
                            (rising edge-triggered cell FDRE clocked by ap_clk  {rise@0.000ns fall@5.000ns period=10.000ns})
  Destination:            res_d0[12]
                            (output port)
  Path Group:             (none)
  Path Type:              Min at Fast Process Corner
  Data Path Delay:        0.554ns  (logic 0.164ns (29.588%)  route 0.390ns (70.412%))
  Logic Levels:           0  
  Clock Uncertainty:      0.025ns  ((TSJ^2 + TIJ^2)^1/2 + DJ) / 2 + PE
    Total System Jitter     (TSJ):    0.050ns
    Total Input Jitter      (TIJ):    0.000ns
    Discrete Jitter          (DJ):    0.000ns
    Phase Error              (PE):    0.000ns

    Location             Delay type                Incr(ns)  Path(ns)    Netlist Resource(s)
  -------------------------------------------------------------------    -------------------
                         (clock ap_clk rise edge)     0.000     0.000 r  
                                                      0.000     0.000 r  ap_clk (IN)
                         net (fo=143, unset)          0.390     0.390    bd_0_i/hls_inst/U0/mac_muladd_8s_8s_16s_16_4_1_U3/matrixmul_mac_muladd_8s_8s_16s_16_4_1_DSP48_0_U/ap_clk
    SLICE_X2Y70          FDRE                                         r  bd_0_i/hls_inst/U0/mac_muladd_8s_8s_16s_16_4_1_U3/matrixmul_mac_muladd_8s_8s_16s_16_4_1_DSP48_0_U/p_reg_reg[12]/C
  -------------------------------------------------------------------    -------------------
    SLICE_X2Y70          FDRE (Prop_fdre_C_Q)         0.164     0.554 r  bd_0_i/hls_inst/U0/mac_muladd_8s_8s_16s_16_4_1_U3/matrixmul_mac_muladd_8s_8s_16s_16_4_1_DSP48_0_U/p_reg_reg[12]/Q
                         net (fo=0)                   0.390     0.945    res_d0[12]
                                                                      r  res_d0[12] (OUT)
  -------------------------------------------------------------------    -------------------

Slack:                    inf
  Source:                 bd_0_i/hls_inst/U0/mac_muladd_8s_8s_16s_16_4_1_U3/matrixmul_mac_muladd_8s_8s_16s_16_4_1_DSP48_0_U/p_reg_reg[13]/C
                            (rising edge-triggered cell FDRE clocked by ap_clk  {rise@0.000ns fall@5.000ns period=10.000ns})
  Destination:            res_d0[13]
                            (output port)
  Path Group:             (none)
  Path Type:              Min at Fast Process Corner
  Data Path Delay:        0.554ns  (logic 0.164ns (29.588%)  route 0.390ns (70.412%))
  Logic Levels:           0  
  Clock Uncertainty:      0.025ns  ((TSJ^2 + TIJ^2)^1/2 + DJ) / 2 + PE
    Total System Jitter     (TSJ):    0.050ns
    Total Input Jitter      (TIJ):    0.000ns
    Discrete Jitter          (DJ):    0.000ns
    Phase Error              (PE):    0.000ns

    Location             Delay type                Incr(ns)  Path(ns)    Netlist Resource(s)
  -------------------------------------------------------------------    -------------------
                         (clock ap_clk rise edge)     0.000     0.000 r  
                                                      0.000     0.000 r  ap_clk (IN)
                         net (fo=143, unset)          0.390     0.390    bd_0_i/hls_inst/U0/mac_muladd_8s_8s_16s_16_4_1_U3/matrixmul_mac_muladd_8s_8s_16s_16_4_1_DSP48_0_U/ap_clk
    SLICE_X2Y70          FDRE                                         r  bd_0_i/hls_inst/U0/mac_muladd_8s_8s_16s_16_4_1_U3/matrixmul_mac_muladd_8s_8s_16s_16_4_1_DSP48_0_U/p_reg_reg[13]/C
  -------------------------------------------------------------------    -------------------
    SLICE_X2Y70          FDRE (Prop_fdre_C_Q)         0.164     0.554 r  bd_0_i/hls_inst/U0/mac_muladd_8s_8s_16s_16_4_1_U3/matrixmul_mac_muladd_8s_8s_16s_16_4_1_DSP48_0_U/p_reg_reg[13]/Q
                         net (fo=0)                   0.390     0.945    res_d0[13]
                                                                      r  res_d0[13] (OUT)
  -------------------------------------------------------------------    -------------------

Slack:                    inf
  Source:                 bd_0_i/hls_inst/U0/mac_muladd_8s_8s_16s_16_4_1_U3/matrixmul_mac_muladd_8s_8s_16s_16_4_1_DSP48_0_U/p_reg_reg[14]/C
                            (rising edge-triggered cell FDRE clocked by ap_clk  {rise@0.000ns fall@5.000ns period=10.000ns})
  Destination:            res_d0[14]
                            (output port)
  Path Group:             (none)
  Path Type:              Min at Fast Process Corner
  Data Path Delay:        0.554ns  (logic 0.164ns (29.588%)  route 0.390ns (70.412%))
  Logic Levels:           0  
  Clock Uncertainty:      0.025ns  ((TSJ^2 + TIJ^2)^1/2 + DJ) / 2 + PE
    Total System Jitter     (TSJ):    0.050ns
    Total Input Jitter      (TIJ):    0.000ns
    Discrete Jitter          (DJ):    0.000ns
    Phase Error              (PE):    0.000ns

    Location             Delay type                Incr(ns)  Path(ns)    Netlist Resource(s)
  -------------------------------------------------------------------    -------------------
                         (clock ap_clk rise edge)     0.000     0.000 r  
                                                      0.000     0.000 r  ap_clk (IN)
                         net (fo=143, unset)          0.390     0.390    bd_0_i/hls_inst/U0/mac_muladd_8s_8s_16s_16_4_1_U3/matrixmul_mac_muladd_8s_8s_16s_16_4_1_DSP48_0_U/ap_clk
    SLICE_X2Y70          FDRE                                         r  bd_0_i/hls_inst/U0/mac_muladd_8s_8s_16s_16_4_1_U3/matrixmul_mac_muladd_8s_8s_16s_16_4_1_DSP48_0_U/p_reg_reg[14]/C
  -------------------------------------------------------------------    -------------------
    SLICE_X2Y70          FDRE (Prop_fdre_C_Q)         0.164     0.554 r  bd_0_i/hls_inst/U0/mac_muladd_8s_8s_16s_16_4_1_U3/matrixmul_mac_muladd_8s_8s_16s_16_4_1_DSP48_0_U/p_reg_reg[14]/Q
                         net (fo=0)                   0.390     0.945    res_d0[14]
                                                                      r  res_d0[14] (OUT)
  -------------------------------------------------------------------    -------------------





--------------------------------------------------------------------------------------
Path Group:  (none)
From Clock:  
  To Clock:  ap_clk

Max Delay            56 Endpoints
Min Delay            56 Endpoints
--------------------------------------------------------------------------------------


Max Delay Paths
--------------------------------------------------------------------------------------
Slack:                    inf
  Source:                 ap_ctrl_start
                            (input port)
  Destination:            bd_0_i/hls_inst/U0/sub_ln43_reg_413_reg[1]/D
                            (rising edge-triggered cell FDRE clocked by ap_clk  {rise@0.000ns fall@5.000ns period=10.000ns})
  Path Group:             (none)
  Path Type:              Setup (Max at Slow Process Corner)
  Data Path Delay:        1.847ns  (logic 0.224ns (12.126%)  route 1.623ns (87.874%))
  Logic Levels:           2  (LUT2=1 LUT6=1)
  Clock Path Skew:        0.748ns (DCD - SCD + CPR)
    Destination Clock Delay (DCD):    0.748ns
    Source Clock Delay      (SCD):    0.000ns
    Clock Pessimism Removal (CPR):    0.000ns
  Clock Uncertainty:      0.025ns  ((TSJ^2 + TIJ^2)^1/2 + DJ) / 2 + PE
    Total System Jitter     (TSJ):    0.050ns
    Total Input Jitter      (TIJ):    0.000ns
    Discrete Jitter          (DJ):    0.000ns
    Phase Error              (PE):    0.000ns

    Location             Delay type                Incr(ns)  Path(ns)    Netlist Resource(s)
  -------------------------------------------------------------------    -------------------
                                                      0.000     0.000 f  ap_ctrl_start (IN)
                         net (fo=16, unset)           0.787     0.787    bd_0_i/hls_inst/U0/flow_control_loop_pipe_U/ap_start
    SLICE_X4Y63          LUT6 (Prop_lut6_I1_O)        0.105     0.892 r  bd_0_i/hls_inst/U0/flow_control_loop_pipe_U/a_address1[1]_INST_0/O
                         net (fo=8, routed)           0.574     1.466    bd_0_i/hls_inst/U0/flow_control_loop_pipe_U/ap_loop_init_reg_0
    SLICE_X4Y63          LUT2 (Prop_lut2_I1_O)        0.119     1.585 r  bd_0_i/hls_inst/U0/flow_control_loop_pipe_U/sub_ln43_reg_413[1]_i_1/O
                         net (fo=1, routed)           0.263     1.847    bd_0_i/hls_inst/U0/flow_control_loop_pipe_U_n_27
    SLICE_X5Y62          FDRE                                         r  bd_0_i/hls_inst/U0/sub_ln43_reg_413_reg[1]/D
  -------------------------------------------------------------------    -------------------

                         (clock ap_clk rise edge)     0.000     0.000 r  
                                                      0.000     0.000 r  ap_clk (IN)
                         net (fo=143, unset)          0.748     0.748    bd_0_i/hls_inst/U0/ap_clk
    SLICE_X5Y62          FDRE                                         r  bd_0_i/hls_inst/U0/sub_ln43_reg_413_reg[1]/C

Slack:                    inf
  Source:                 ap_ctrl_start
                            (input port)
  Destination:            bd_0_i/hls_inst/U0/sub_ln43_reg_413_reg[2]/D
                            (rising edge-triggered cell FDRE clocked by ap_clk  {rise@0.000ns fall@5.000ns period=10.000ns})
  Path Group:             (none)
  Path Type:              Setup (Max at Slow Process Corner)
  Data Path Delay:        1.766ns  (logic 0.396ns (22.429%)  route 1.370ns (77.571%))
  Logic Levels:           2  (LUT2=1 LUT5=1)
  Clock Path Skew:        0.748ns (DCD - SCD + CPR)
    Destination Clock Delay (DCD):    0.748ns
    Source Clock Delay      (SCD):    0.000ns
    Clock Pessimism Removal (CPR):    0.000ns
  Clock Uncertainty:      0.025ns  ((TSJ^2 + TIJ^2)^1/2 + DJ) / 2 + PE
    Total System Jitter     (TSJ):    0.050ns
    Total Input Jitter      (TIJ):    0.000ns
    Discrete Jitter          (DJ):    0.000ns
    Phase Error              (PE):    0.000ns

    Location             Delay type                Incr(ns)  Path(ns)    Netlist Resource(s)
  -------------------------------------------------------------------    -------------------
                                                      0.000     0.000 r  ap_ctrl_start (IN)
                         net (fo=16, unset)           0.787     0.787    bd_0_i/hls_inst/U0/flow_control_loop_pipe_U/ap_start
    SLICE_X4Y63          LUT5 (Prop_lut5_I1_O)        0.128     0.915 f  bd_0_i/hls_inst/U0/flow_control_loop_pipe_U/a_address0[2]_INST_0_i_1/O
                         net (fo=10, routed)          0.583     1.498    bd_0_i/hls_inst/U0/flow_control_loop_pipe_U/p_shl_fu_216_p3[0]
    SLICE_X7Y62          LUT2 (Prop_lut2_I1_O)        0.268     1.766 r  bd_0_i/hls_inst/U0/flow_control_loop_pipe_U/sub_ln43_reg_413[2]_i_1/O
                         net (fo=1, routed)           0.000     1.766    bd_0_i/hls_inst/U0/flow_control_loop_pipe_U_n_26
    SLICE_X7Y62          FDRE                                         r  bd_0_i/hls_inst/U0/sub_ln43_reg_413_reg[2]/D
  -------------------------------------------------------------------    -------------------

                         (clock ap_clk rise edge)     0.000     0.000 r  
                                                      0.000     0.000 r  ap_clk (IN)
                         net (fo=143, unset)          0.748     0.748    bd_0_i/hls_inst/U0/ap_clk
    SLICE_X7Y62          FDRE                                         r  bd_0_i/hls_inst/U0/sub_ln43_reg_413_reg[2]/C

Slack:                    inf
  Source:                 ap_ctrl_start
                            (input port)
  Destination:            bd_0_i/hls_inst/U0/sub_ln43_reg_413_reg[3]/D
                            (rising edge-triggered cell FDRE clocked by ap_clk  {rise@0.000ns fall@5.000ns period=10.000ns})
  Path Group:             (none)
  Path Type:              Setup (Max at Slow Process Corner)
  Data Path Delay:        1.762ns  (logic 0.396ns (22.480%)  route 1.366ns (77.520%))
  Logic Levels:           2  (LUT2=1 LUT5=1)
  Clock Path Skew:        0.748ns (DCD - SCD + CPR)
    Destination Clock Delay (DCD):    0.748ns
    Source Clock Delay      (SCD):    0.000ns
    Clock Pessimism Removal (CPR):    0.000ns
  Clock Uncertainty:      0.025ns  ((TSJ^2 + TIJ^2)^1/2 + DJ) / 2 + PE
    Total System Jitter     (TSJ):    0.050ns
    Total Input Jitter      (TIJ):    0.000ns
    Discrete Jitter          (DJ):    0.000ns
    Phase Error              (PE):    0.000ns

    Location             Delay type                Incr(ns)  Path(ns)    Netlist Resource(s)
  -------------------------------------------------------------------    -------------------
                                                      0.000     0.000 r  ap_ctrl_start (IN)
                         net (fo=16, unset)           0.787     0.787    bd_0_i/hls_inst/U0/flow_control_loop_pipe_U/ap_start
    SLICE_X4Y63          LUT5 (Prop_lut5_I1_O)        0.128     0.915 r  bd_0_i/hls_inst/U0/flow_control_loop_pipe_U/a_address0[2]_INST_0_i_1/O
                         net (fo=10, routed)          0.579     1.494    bd_0_i/hls_inst/U0/flow_control_loop_pipe_U/p_shl_fu_216_p3[0]
    SLICE_X7Y62          LUT2 (Prop_lut2_I0_O)        0.268     1.762 r  bd_0_i/hls_inst/U0/flow_control_loop_pipe_U/a_address1[3]_INST_0/O
                         net (fo=1, routed)           0.000     1.762    bd_0_i/hls_inst/U0/a_address1[3]
    SLICE_X7Y62          FDRE                                         r  bd_0_i/hls_inst/U0/sub_ln43_reg_413_reg[3]/D
  -------------------------------------------------------------------    -------------------

                         (clock ap_clk rise edge)     0.000     0.000 r  
                                                      0.000     0.000 r  ap_clk (IN)
                         net (fo=143, unset)          0.748     0.748    bd_0_i/hls_inst/U0/ap_clk
    SLICE_X7Y62          FDRE                                         r  bd_0_i/hls_inst/U0/sub_ln43_reg_413_reg[3]/C

Slack:                    inf
  Source:                 ap_ctrl_start
                            (input port)
  Destination:            bd_0_i/hls_inst/U0/i_fu_62_reg[1]/D
                            (rising edge-triggered cell FDRE clocked by ap_clk  {rise@0.000ns fall@5.000ns period=10.000ns})
  Path Group:             (none)
  Path Type:              Setup (Max at Slow Process Corner)
  Data Path Delay:        1.563ns  (logic 0.210ns (13.437%)  route 1.353ns (86.563%))
  Logic Levels:           2  (LUT4=1 LUT6=1)
  Clock Path Skew:        0.748ns (DCD - SCD + CPR)
    Destination Clock Delay (DCD):    0.748ns
    Source Clock Delay      (SCD):    0.000ns
    Clock Pessimism Removal (CPR):    0.000ns
  Clock Uncertainty:      0.025ns  ((TSJ^2 + TIJ^2)^1/2 + DJ) / 2 + PE
    Total System Jitter     (TSJ):    0.050ns
    Total Input Jitter      (TIJ):    0.000ns
    Discrete Jitter          (DJ):    0.000ns
    Phase Error              (PE):    0.000ns

    Location             Delay type                Incr(ns)  Path(ns)    Netlist Resource(s)
  -------------------------------------------------------------------    -------------------
                                                      0.000     0.000 f  ap_ctrl_start (IN)
                         net (fo=16, unset)           0.787     0.787    bd_0_i/hls_inst/U0/flow_control_loop_pipe_U/ap_start
    SLICE_X4Y63          LUT6 (Prop_lut6_I1_O)        0.105     0.892 r  bd_0_i/hls_inst/U0/flow_control_loop_pipe_U/a_address1[1]_INST_0/O
                         net (fo=8, routed)           0.566     1.458    bd_0_i/hls_inst/U0/flow_control_loop_pipe_U/ap_loop_init_reg_0
    SLICE_X4Y63          LUT4 (Prop_lut4_I0_O)        0.105     1.563 r  bd_0_i/hls_inst/U0/flow_control_loop_pipe_U/i_fu_62[1]_i_1/O
                         net (fo=1, routed)           0.000     1.563    bd_0_i/hls_inst/U0/flow_control_loop_pipe_U_n_6
    SLICE_X4Y63          FDRE                                         r  bd_0_i/hls_inst/U0/i_fu_62_reg[1]/D
  -------------------------------------------------------------------    -------------------

                         (clock ap_clk rise edge)     0.000     0.000 r  
                                                      0.000     0.000 r  ap_clk (IN)
                         net (fo=143, unset)          0.748     0.748    bd_0_i/hls_inst/U0/ap_clk
    SLICE_X4Y63          FDRE                                         r  bd_0_i/hls_inst/U0/i_fu_62_reg[1]/C

Slack:                    inf
  Source:                 ap_ctrl_start
                            (input port)
  Destination:            bd_0_i/hls_inst/U0/indvar_flatten1_fu_58_reg[2]/R
                            (rising edge-triggered cell FDRE clocked by ap_clk  {rise@0.000ns fall@5.000ns period=10.000ns})
  Path Group:             (none)
  Path Type:              Setup (Max at Slow Process Corner)
  Data Path Delay:        1.514ns  (logic 0.105ns (6.934%)  route 1.409ns (93.066%))
  Logic Levels:           1  (LUT3=1)
  Clock Path Skew:        0.748ns (DCD - SCD + CPR)
    Destination Clock Delay (DCD):    0.748ns
    Source Clock Delay      (SCD):    0.000ns
    Clock Pessimism Removal (CPR):    0.000ns
  Clock Uncertainty:      0.025ns  ((TSJ^2 + TIJ^2)^1/2 + DJ) / 2 + PE
    Total System Jitter     (TSJ):    0.050ns
    Total Input Jitter      (TIJ):    0.000ns
    Discrete Jitter          (DJ):    0.000ns
    Phase Error              (PE):    0.000ns

    Location             Delay type                Incr(ns)  Path(ns)    Netlist Resource(s)
  -------------------------------------------------------------------    -------------------
                                                      0.000     0.000 r  ap_ctrl_start (IN)
                         net (fo=16, unset)           0.787     0.787    bd_0_i/hls_inst/U0/flow_control_loop_pipe_U/ap_start
    SLICE_X4Y63          LUT3 (Prop_lut3_I1_O)        0.105     0.892 r  bd_0_i/hls_inst/U0/flow_control_loop_pipe_U/j_fu_66[1]_i_1/O
                         net (fo=6, routed)           0.622     1.514    bd_0_i/hls_inst/U0/ap_sig_allocacmp_i_11
    SLICE_X4Y61          FDRE                                         r  bd_0_i/hls_inst/U0/indvar_flatten1_fu_58_reg[2]/R
  -------------------------------------------------------------------    -------------------

                         (clock ap_clk rise edge)     0.000     0.000 r  
                                                      0.000     0.000 r  ap_clk (IN)
                         net (fo=143, unset)          0.748     0.748    bd_0_i/hls_inst/U0/ap_clk
    SLICE_X4Y61          FDRE                                         r  bd_0_i/hls_inst/U0/indvar_flatten1_fu_58_reg[2]/C

Slack:                    inf
  Source:                 ap_ctrl_start
                            (input port)
  Destination:            bd_0_i/hls_inst/U0/indvar_flatten1_fu_58_reg[3]/R
                            (rising edge-triggered cell FDRE clocked by ap_clk  {rise@0.000ns fall@5.000ns period=10.000ns})
  Path Group:             (none)
  Path Type:              Setup (Max at Slow Process Corner)
  Data Path Delay:        1.514ns  (logic 0.105ns (6.934%)  route 1.409ns (93.066%))
  Logic Levels:           1  (LUT3=1)
  Clock Path Skew:        0.748ns (DCD - SCD + CPR)
    Destination Clock Delay (DCD):    0.748ns
    Source Clock Delay      (SCD):    0.000ns
    Clock Pessimism Removal (CPR):    0.000ns
  Clock Uncertainty:      0.025ns  ((TSJ^2 + TIJ^2)^1/2 + DJ) / 2 + PE
    Total System Jitter     (TSJ):    0.050ns
    Total Input Jitter      (TIJ):    0.000ns
    Discrete Jitter          (DJ):    0.000ns
    Phase Error              (PE):    0.000ns

    Location             Delay type                Incr(ns)  Path(ns)    Netlist Resource(s)
  -------------------------------------------------------------------    -------------------
                                                      0.000     0.000 r  ap_ctrl_start (IN)
                         net (fo=16, unset)           0.787     0.787    bd_0_i/hls_inst/U0/flow_control_loop_pipe_U/ap_start
    SLICE_X4Y63          LUT3 (Prop_lut3_I1_O)        0.105     0.892 r  bd_0_i/hls_inst/U0/flow_control_loop_pipe_U/j_fu_66[1]_i_1/O
                         net (fo=6, routed)           0.622     1.514    bd_0_i/hls_inst/U0/ap_sig_allocacmp_i_11
    SLICE_X4Y61          FDRE                                         r  bd_0_i/hls_inst/U0/indvar_flatten1_fu_58_reg[3]/R
  -------------------------------------------------------------------    -------------------

                         (clock ap_clk rise edge)     0.000     0.000 r  
                                                      0.000     0.000 r  ap_clk (IN)
                         net (fo=143, unset)          0.748     0.748    bd_0_i/hls_inst/U0/ap_clk
    SLICE_X4Y61          FDRE                                         r  bd_0_i/hls_inst/U0/indvar_flatten1_fu_58_reg[3]/C

Slack:                    inf
  Source:                 ap_ctrl_start
                            (input port)
  Destination:            bd_0_i/hls_inst/U0/select_ln37_reg_407_reg[1]/D
                            (rising edge-triggered cell FDRE clocked by ap_clk  {rise@0.000ns fall@5.000ns period=10.000ns})
  Path Group:             (none)
  Path Type:              Setup (Max at Slow Process Corner)
  Data Path Delay:        1.483ns  (logic 0.105ns (7.082%)  route 1.378ns (92.918%))
  Logic Levels:           1  (LUT5=1)
  Clock Path Skew:        0.748ns (DCD - SCD + CPR)
    Destination Clock Delay (DCD):    0.748ns
    Source Clock Delay      (SCD):    0.000ns
    Clock Pessimism Removal (CPR):    0.000ns
  Clock Uncertainty:      0.025ns  ((TSJ^2 + TIJ^2)^1/2 + DJ) / 2 + PE
    Total System Jitter     (TSJ):    0.050ns
    Total Input Jitter      (TIJ):    0.000ns
    Discrete Jitter          (DJ):    0.000ns
    Phase Error              (PE):    0.000ns

    Location             Delay type                Incr(ns)  Path(ns)    Netlist Resource(s)
  -------------------------------------------------------------------    -------------------
                                                      0.000     0.000 f  ap_ctrl_start (IN)
                         net (fo=16, unset)           0.787     0.787    bd_0_i/hls_inst/U0/flow_control_loop_pipe_U/ap_start
    SLICE_X5Y62          LUT5 (Prop_lut5_I1_O)        0.105     0.892 r  bd_0_i/hls_inst/U0/flow_control_loop_pipe_U/b_address0[3]_INST_0_i_1/O
                         net (fo=4, routed)           0.591     1.483    bd_0_i/hls_inst/U0/zext_ln43_4_reg_429[1]
    SLICE_X5Y62          FDRE                                         r  bd_0_i/hls_inst/U0/select_ln37_reg_407_reg[1]/D
  -------------------------------------------------------------------    -------------------

                         (clock ap_clk rise edge)     0.000     0.000 r  
                                                      0.000     0.000 r  ap_clk (IN)
                         net (fo=143, unset)          0.748     0.748    bd_0_i/hls_inst/U0/ap_clk
    SLICE_X5Y62          FDRE                                         r  bd_0_i/hls_inst/U0/select_ln37_reg_407_reg[1]/C

Slack:                    inf
  Source:                 ap_ctrl_start
                            (input port)
  Destination:            bd_0_i/hls_inst/U0/i_fu_62_reg[0]/D
                            (rising edge-triggered cell FDRE clocked by ap_clk  {rise@0.000ns fall@5.000ns period=10.000ns})
  Path Group:             (none)
  Path Type:              Setup (Max at Slow Process Corner)
  Data Path Delay:        1.451ns  (logic 0.396ns (27.288%)  route 1.055ns (72.712%))
  Logic Levels:           2  (LUT4=1 LUT5=1)
  Clock Path Skew:        0.748ns (DCD - SCD + CPR)
    Destination Clock Delay (DCD):    0.748ns
    Source Clock Delay      (SCD):    0.000ns
    Clock Pessimism Removal (CPR):    0.000ns
  Clock Uncertainty:      0.025ns  ((TSJ^2 + TIJ^2)^1/2 + DJ) / 2 + PE
    Total System Jitter     (TSJ):    0.050ns
    Total Input Jitter      (TIJ):    0.000ns
    Discrete Jitter          (DJ):    0.000ns
    Phase Error              (PE):    0.000ns

    Location             Delay type                Incr(ns)  Path(ns)    Netlist Resource(s)
  -------------------------------------------------------------------    -------------------
                                                      0.000     0.000 r  ap_ctrl_start (IN)
                         net (fo=16, unset)           0.787     0.787    bd_0_i/hls_inst/U0/flow_control_loop_pipe_U/ap_start
    SLICE_X4Y63          LUT5 (Prop_lut5_I1_O)        0.128     0.915 r  bd_0_i/hls_inst/U0/flow_control_loop_pipe_U/a_address0[2]_INST_0_i_1/O
                         net (fo=10, routed)          0.268     1.183    bd_0_i/hls_inst/U0/flow_control_loop_pipe_U/p_shl_fu_216_p3[0]
    SLICE_X4Y63          LUT4 (Prop_lut4_I0_O)        0.268     1.451 r  bd_0_i/hls_inst/U0/flow_control_loop_pipe_U/i_fu_62[0]_i_1/O
                         net (fo=1, routed)           0.000     1.451    bd_0_i/hls_inst/U0/flow_control_loop_pipe_U_n_4
    SLICE_X4Y63          FDRE                                         r  bd_0_i/hls_inst/U0/i_fu_62_reg[0]/D
  -------------------------------------------------------------------    -------------------

                         (clock ap_clk rise edge)     0.000     0.000 r  
                                                      0.000     0.000 r  ap_clk (IN)
                         net (fo=143, unset)          0.748     0.748    bd_0_i/hls_inst/U0/ap_clk
    SLICE_X4Y63          FDRE                                         r  bd_0_i/hls_inst/U0/i_fu_62_reg[0]/C

Slack:                    inf
  Source:                 ap_ctrl_start
                            (input port)
  Destination:            bd_0_i/hls_inst/U0/select_ln37_reg_407_reg[0]/D
                            (rising edge-triggered cell FDRE clocked by ap_clk  {rise@0.000ns fall@5.000ns period=10.000ns})
  Path Group:             (none)
  Path Type:              Setup (Max at Slow Process Corner)
  Data Path Delay:        1.336ns  (logic 0.126ns (9.428%)  route 1.210ns (90.572%))
  Logic Levels:           1  (LUT5=1)
  Clock Path Skew:        0.748ns (DCD - SCD + CPR)
    Destination Clock Delay (DCD):    0.748ns
    Source Clock Delay      (SCD):    0.000ns
    Clock Pessimism Removal (CPR):    0.000ns
  Clock Uncertainty:      0.025ns  ((TSJ^2 + TIJ^2)^1/2 + DJ) / 2 + PE
    Total System Jitter     (TSJ):    0.050ns
    Total Input Jitter      (TIJ):    0.000ns
    Discrete Jitter          (DJ):    0.000ns
    Phase Error              (PE):    0.000ns

    Location             Delay type                Incr(ns)  Path(ns)    Netlist Resource(s)
  -------------------------------------------------------------------    -------------------
                                                      0.000     0.000 f  ap_ctrl_start (IN)
                         net (fo=16, unset)           0.787     0.787    bd_0_i/hls_inst/U0/flow_control_loop_pipe_U/ap_start
    SLICE_X5Y62          LUT5 (Prop_lut5_I1_O)        0.126     0.913 r  bd_0_i/hls_inst/U0/flow_control_loop_pipe_U/b_address0[0]_INST_0_i_1/O
                         net (fo=2, routed)           0.423     1.336    bd_0_i/hls_inst/U0/zext_ln43_4_reg_429[0]
    SLICE_X5Y62          FDRE                                         r  bd_0_i/hls_inst/U0/select_ln37_reg_407_reg[0]/D
  -------------------------------------------------------------------    -------------------

                         (clock ap_clk rise edge)     0.000     0.000 r  
                                                      0.000     0.000 r  ap_clk (IN)
                         net (fo=143, unset)          0.748     0.748    bd_0_i/hls_inst/U0/ap_clk
    SLICE_X5Y62          FDRE                                         r  bd_0_i/hls_inst/U0/select_ln37_reg_407_reg[0]/C

Slack:                    inf
  Source:                 ap_ctrl_start
                            (input port)
  Destination:            bd_0_i/hls_inst/U0/indvar_flatten1_fu_58_reg[0]/R
                            (rising edge-triggered cell FDRE clocked by ap_clk  {rise@0.000ns fall@5.000ns period=10.000ns})
  Path Group:             (none)
  Path Type:              Setup (Max at Slow Process Corner)
  Data Path Delay:        1.284ns  (logic 0.105ns (8.176%)  route 1.179ns (91.824%))
  Logic Levels:           1  (LUT3=1)
  Clock Path Skew:        0.748ns (DCD - SCD + CPR)
    Destination Clock Delay (DCD):    0.748ns
    Source Clock Delay      (SCD):    0.000ns
    Clock Pessimism Removal (CPR):    0.000ns
  Clock Uncertainty:      0.025ns  ((TSJ^2 + TIJ^2)^1/2 + DJ) / 2 + PE
    Total System Jitter     (TSJ):    0.050ns
    Total Input Jitter      (TIJ):    0.000ns
    Discrete Jitter          (DJ):    0.000ns
    Phase Error              (PE):    0.000ns

    Location             Delay type                Incr(ns)  Path(ns)    Netlist Resource(s)
  -------------------------------------------------------------------    -------------------
                                                      0.000     0.000 r  ap_ctrl_start (IN)
                         net (fo=16, unset)           0.787     0.787    bd_0_i/hls_inst/U0/flow_control_loop_pipe_U/ap_start
    SLICE_X4Y63          LUT3 (Prop_lut3_I1_O)        0.105     0.892 r  bd_0_i/hls_inst/U0/flow_control_loop_pipe_U/j_fu_66[1]_i_1/O
                         net (fo=6, routed)           0.392     1.284    bd_0_i/hls_inst/U0/ap_sig_allocacmp_i_11
    SLICE_X4Y62          FDRE                                         r  bd_0_i/hls_inst/U0/indvar_flatten1_fu_58_reg[0]/R
  -------------------------------------------------------------------    -------------------

                         (clock ap_clk rise edge)     0.000     0.000 r  
                                                      0.000     0.000 r  ap_clk (IN)
                         net (fo=143, unset)          0.748     0.748    bd_0_i/hls_inst/U0/ap_clk
    SLICE_X4Y62          FDRE                                         r  bd_0_i/hls_inst/U0/indvar_flatten1_fu_58_reg[0]/C





Min Delay Paths
--------------------------------------------------------------------------------------
Slack:                    inf
  Source:                 ap_rst
                            (input port)
  Destination:            bd_0_i/hls_inst/U0/ap_CS_fsm_reg[0]/S
                            (rising edge-triggered cell FDSE clocked by ap_clk  {rise@0.000ns fall@5.000ns period=10.000ns})
  Path Group:             (none)
  Path Type:              Hold (Min at Fast Process Corner)
  Data Path Delay:        0.390ns  (logic 0.000ns (0.000%)  route 0.390ns (100.000%))
  Logic Levels:           0  
  Clock Path Skew:        0.411ns (DCD - SCD - CPR)
    Destination Clock Delay (DCD):    0.411ns
    Source Clock Delay      (SCD):    0.000ns
    Clock Pessimism Removal (CPR):    -0.000ns

    Location             Delay type                Incr(ns)  Path(ns)    Netlist Resource(s)
  -------------------------------------------------------------------    -------------------
                                                      0.000     0.000 r  ap_rst (IN)
                         net (fo=5, unset)            0.390     0.390    bd_0_i/hls_inst/U0/ap_rst
    SLICE_X6Y63          FDSE                                         r  bd_0_i/hls_inst/U0/ap_CS_fsm_reg[0]/S
  -------------------------------------------------------------------    -------------------

                         (clock ap_clk rise edge)     0.000     0.000 r  
                                                      0.000     0.000 r  ap_clk (IN)
                         net (fo=143, unset)          0.411     0.411    bd_0_i/hls_inst/U0/ap_clk
    SLICE_X6Y63          FDSE                                         r  bd_0_i/hls_inst/U0/ap_CS_fsm_reg[0]/C

Slack:                    inf
  Source:                 ap_rst
                            (input port)
  Destination:            bd_0_i/hls_inst/U0/ap_CS_fsm_reg[1]/R
                            (rising edge-triggered cell FDRE clocked by ap_clk  {rise@0.000ns fall@5.000ns period=10.000ns})
  Path Group:             (none)
  Path Type:              Hold (Min at Fast Process Corner)
  Data Path Delay:        0.390ns  (logic 0.000ns (0.000%)  route 0.390ns (100.000%))
  Logic Levels:           0  
  Clock Path Skew:        0.411ns (DCD - SCD - CPR)
    Destination Clock Delay (DCD):    0.411ns
    Source Clock Delay      (SCD):    0.000ns
    Clock Pessimism Removal (CPR):    -0.000ns

    Location             Delay type                Incr(ns)  Path(ns)    Netlist Resource(s)
  -------------------------------------------------------------------    -------------------
                                                      0.000     0.000 r  ap_rst (IN)
                         net (fo=5, unset)            0.390     0.390    bd_0_i/hls_inst/U0/ap_rst
    SLICE_X6Y63          FDRE                                         r  bd_0_i/hls_inst/U0/ap_CS_fsm_reg[1]/R
  -------------------------------------------------------------------    -------------------

                         (clock ap_clk rise edge)     0.000     0.000 r  
                                                      0.000     0.000 r  ap_clk (IN)
                         net (fo=143, unset)          0.411     0.411    bd_0_i/hls_inst/U0/ap_clk
    SLICE_X6Y63          FDRE                                         r  bd_0_i/hls_inst/U0/ap_CS_fsm_reg[1]/C

Slack:                    inf
  Source:                 ap_rst
                            (input port)
  Destination:            bd_0_i/hls_inst/U0/ap_enable_reg_pp0_iter0_reg_reg/R
                            (rising edge-triggered cell FDRE clocked by ap_clk  {rise@0.000ns fall@5.000ns period=10.000ns})
  Path Group:             (none)
  Path Type:              Hold (Min at Fast Process Corner)
  Data Path Delay:        0.390ns  (logic 0.000ns (0.000%)  route 0.390ns (100.000%))
  Logic Levels:           0  
  Clock Path Skew:        0.411ns (DCD - SCD - CPR)
    Destination Clock Delay (DCD):    0.411ns
    Source Clock Delay      (SCD):    0.000ns
    Clock Pessimism Removal (CPR):    -0.000ns

    Location             Delay type                Incr(ns)  Path(ns)    Netlist Resource(s)
  -------------------------------------------------------------------    -------------------
                                                      0.000     0.000 r  ap_rst (IN)
                         net (fo=5, unset)            0.390     0.390    bd_0_i/hls_inst/U0/ap_rst
    SLICE_X7Y63          FDRE                                         r  bd_0_i/hls_inst/U0/ap_enable_reg_pp0_iter0_reg_reg/R
  -------------------------------------------------------------------    -------------------

                         (clock ap_clk rise edge)     0.000     0.000 r  
                                                      0.000     0.000 r  ap_clk (IN)
                         net (fo=143, unset)          0.411     0.411    bd_0_i/hls_inst/U0/ap_clk
    SLICE_X7Y63          FDRE                                         r  bd_0_i/hls_inst/U0/ap_enable_reg_pp0_iter0_reg_reg/C

Slack:                    inf
  Source:                 ap_rst
                            (input port)
  Destination:            bd_0_i/hls_inst/U0/ap_enable_reg_pp0_iter1_reg/R
                            (rising edge-triggered cell FDRE clocked by ap_clk  {rise@0.000ns fall@5.000ns period=10.000ns})
  Path Group:             (none)
  Path Type:              Hold (Min at Fast Process Corner)
  Data Path Delay:        0.390ns  (logic 0.000ns (0.000%)  route 0.390ns (100.000%))
  Logic Levels:           0  
  Clock Path Skew:        0.411ns (DCD - SCD - CPR)
    Destination Clock Delay (DCD):    0.411ns
    Source Clock Delay      (SCD):    0.000ns
    Clock Pessimism Removal (CPR):    -0.000ns

    Location             Delay type                Incr(ns)  Path(ns)    Netlist Resource(s)
  -------------------------------------------------------------------    -------------------
                                                      0.000     0.000 r  ap_rst (IN)
                         net (fo=5, unset)            0.390     0.390    bd_0_i/hls_inst/U0/ap_rst
    SLICE_X7Y63          FDRE                                         r  bd_0_i/hls_inst/U0/ap_enable_reg_pp0_iter1_reg/R
  -------------------------------------------------------------------    -------------------

                         (clock ap_clk rise edge)     0.000     0.000 r  
                                                      0.000     0.000 r  ap_clk (IN)
                         net (fo=143, unset)          0.411     0.411    bd_0_i/hls_inst/U0/ap_clk
    SLICE_X7Y63          FDRE                                         r  bd_0_i/hls_inst/U0/ap_enable_reg_pp0_iter1_reg/C

Slack:                    inf
  Source:                 ap_rst
                            (input port)
  Destination:            bd_0_i/hls_inst/U0/ap_enable_reg_pp0_iter2_reg/R
                            (rising edge-triggered cell FDRE clocked by ap_clk  {rise@0.000ns fall@5.000ns period=10.000ns})
  Path Group:             (none)
  Path Type:              Hold (Min at Fast Process Corner)
  Data Path Delay:        0.390ns  (logic 0.000ns (0.000%)  route 0.390ns (100.000%))
  Logic Levels:           0  
  Clock Path Skew:        0.411ns (DCD - SCD - CPR)
    Destination Clock Delay (DCD):    0.411ns
    Source Clock Delay      (SCD):    0.000ns
    Clock Pessimism Removal (CPR):    -0.000ns

    Location             Delay type                Incr(ns)  Path(ns)    Netlist Resource(s)
  -------------------------------------------------------------------    -------------------
                                                      0.000     0.000 r  ap_rst (IN)
                         net (fo=5, unset)            0.390     0.390    bd_0_i/hls_inst/U0/ap_rst
    SLICE_X6Y63          FDRE                                         r  bd_0_i/hls_inst/U0/ap_enable_reg_pp0_iter2_reg/R
  -------------------------------------------------------------------    -------------------

                         (clock ap_clk rise edge)     0.000     0.000 r  
                                                      0.000     0.000 r  ap_clk (IN)
                         net (fo=143, unset)          0.411     0.411    bd_0_i/hls_inst/U0/ap_clk
    SLICE_X6Y63          FDRE                                         r  bd_0_i/hls_inst/U0/ap_enable_reg_pp0_iter2_reg/C

Slack:                    inf
  Source:                 b_q0[0]
                            (input port)
  Destination:            bd_0_i/hls_inst/U0/mac_muladd_8s_8s_16s_16_4_1_U2/matrixmul_mac_muladd_8s_8s_16s_16_4_1_DSP48_0_U/a_reg_reg[0]/D
                            (rising edge-triggered cell FDRE clocked by ap_clk  {rise@0.000ns fall@5.000ns period=10.000ns})
  Path Group:             (none)
  Path Type:              Hold (Min at Fast Process Corner)
  Data Path Delay:        0.390ns  (logic 0.000ns (0.000%)  route 0.390ns (100.000%))
  Logic Levels:           0  
  Clock Path Skew:        0.411ns (DCD - SCD - CPR)
    Destination Clock Delay (DCD):    0.411ns
    Source Clock Delay      (SCD):    0.000ns
    Clock Pessimism Removal (CPR):    -0.000ns

    Location             Delay type                Incr(ns)  Path(ns)    Netlist Resource(s)
  -------------------------------------------------------------------    -------------------
                                                      0.000     0.000 r  b_q0[0] (IN)
                         net (fo=1, unset)            0.390     0.390    bd_0_i/hls_inst/U0/mac_muladd_8s_8s_16s_16_4_1_U2/matrixmul_mac_muladd_8s_8s_16s_16_4_1_DSP48_0_U/b_q0[0]
    SLICE_X8Y72          FDRE                                         r  bd_0_i/hls_inst/U0/mac_muladd_8s_8s_16s_16_4_1_U2/matrixmul_mac_muladd_8s_8s_16s_16_4_1_DSP48_0_U/a_reg_reg[0]/D
  -------------------------------------------------------------------    -------------------

                         (clock ap_clk rise edge)     0.000     0.000 r  
                                                      0.000     0.000 r  ap_clk (IN)
                         net (fo=143, unset)          0.411     0.411    bd_0_i/hls_inst/U0/mac_muladd_8s_8s_16s_16_4_1_U2/matrixmul_mac_muladd_8s_8s_16s_16_4_1_DSP48_0_U/ap_clk
    SLICE_X8Y72          FDRE                                         r  bd_0_i/hls_inst/U0/mac_muladd_8s_8s_16s_16_4_1_U2/matrixmul_mac_muladd_8s_8s_16s_16_4_1_DSP48_0_U/a_reg_reg[0]/C

Slack:                    inf
  Source:                 b_q0[1]
                            (input port)
  Destination:            bd_0_i/hls_inst/U0/mac_muladd_8s_8s_16s_16_4_1_U2/matrixmul_mac_muladd_8s_8s_16s_16_4_1_DSP48_0_U/a_reg_reg[1]/D
                            (rising edge-triggered cell FDRE clocked by ap_clk  {rise@0.000ns fall@5.000ns period=10.000ns})
  Path Group:             (none)
  Path Type:              Hold (Min at Fast Process Corner)
  Data Path Delay:        0.390ns  (logic 0.000ns (0.000%)  route 0.390ns (100.000%))
  Logic Levels:           0  
  Clock Path Skew:        0.411ns (DCD - SCD - CPR)
    Destination Clock Delay (DCD):    0.411ns
    Source Clock Delay      (SCD):    0.000ns
    Clock Pessimism Removal (CPR):    -0.000ns

    Location             Delay type                Incr(ns)  Path(ns)    Netlist Resource(s)
  -------------------------------------------------------------------    -------------------
                                                      0.000     0.000 r  b_q0[1] (IN)
                         net (fo=1, unset)            0.390     0.390    bd_0_i/hls_inst/U0/mac_muladd_8s_8s_16s_16_4_1_U2/matrixmul_mac_muladd_8s_8s_16s_16_4_1_DSP48_0_U/b_q0[1]
    SLICE_X7Y72          FDRE                                         r  bd_0_i/hls_inst/U0/mac_muladd_8s_8s_16s_16_4_1_U2/matrixmul_mac_muladd_8s_8s_16s_16_4_1_DSP48_0_U/a_reg_reg[1]/D
  -------------------------------------------------------------------    -------------------

                         (clock ap_clk rise edge)     0.000     0.000 r  
                                                      0.000     0.000 r  ap_clk (IN)
                         net (fo=143, unset)          0.411     0.411    bd_0_i/hls_inst/U0/mac_muladd_8s_8s_16s_16_4_1_U2/matrixmul_mac_muladd_8s_8s_16s_16_4_1_DSP48_0_U/ap_clk
    SLICE_X7Y72          FDRE                                         r  bd_0_i/hls_inst/U0/mac_muladd_8s_8s_16s_16_4_1_U2/matrixmul_mac_muladd_8s_8s_16s_16_4_1_DSP48_0_U/a_reg_reg[1]/C

Slack:                    inf
  Source:                 b_q0[2]
                            (input port)
  Destination:            bd_0_i/hls_inst/U0/mac_muladd_8s_8s_16s_16_4_1_U2/matrixmul_mac_muladd_8s_8s_16s_16_4_1_DSP48_0_U/a_reg_reg[2]/D
                            (rising edge-triggered cell FDRE clocked by ap_clk  {rise@0.000ns fall@5.000ns period=10.000ns})
  Path Group:             (none)
  Path Type:              Hold (Min at Fast Process Corner)
  Data Path Delay:        0.390ns  (logic 0.000ns (0.000%)  route 0.390ns (100.000%))
  Logic Levels:           0  
  Clock Path Skew:        0.411ns (DCD - SCD - CPR)
    Destination Clock Delay (DCD):    0.411ns
    Source Clock Delay      (SCD):    0.000ns
    Clock Pessimism Removal (CPR):    -0.000ns

    Location             Delay type                Incr(ns)  Path(ns)    Netlist Resource(s)
  -------------------------------------------------------------------    -------------------
                                                      0.000     0.000 r  b_q0[2] (IN)
                         net (fo=1, unset)            0.390     0.390    bd_0_i/hls_inst/U0/mac_muladd_8s_8s_16s_16_4_1_U2/matrixmul_mac_muladd_8s_8s_16s_16_4_1_DSP48_0_U/b_q0[2]
    SLICE_X7Y72          FDRE                                         r  bd_0_i/hls_inst/U0/mac_muladd_8s_8s_16s_16_4_1_U2/matrixmul_mac_muladd_8s_8s_16s_16_4_1_DSP48_0_U/a_reg_reg[2]/D
  -------------------------------------------------------------------    -------------------

                         (clock ap_clk rise edge)     0.000     0.000 r  
                                                      0.000     0.000 r  ap_clk (IN)
                         net (fo=143, unset)          0.411     0.411    bd_0_i/hls_inst/U0/mac_muladd_8s_8s_16s_16_4_1_U2/matrixmul_mac_muladd_8s_8s_16s_16_4_1_DSP48_0_U/ap_clk
    SLICE_X7Y72          FDRE                                         r  bd_0_i/hls_inst/U0/mac_muladd_8s_8s_16s_16_4_1_U2/matrixmul_mac_muladd_8s_8s_16s_16_4_1_DSP48_0_U/a_reg_reg[2]/C

Slack:                    inf
  Source:                 b_q0[3]
                            (input port)
  Destination:            bd_0_i/hls_inst/U0/mac_muladd_8s_8s_16s_16_4_1_U2/matrixmul_mac_muladd_8s_8s_16s_16_4_1_DSP48_0_U/a_reg_reg[3]/D
                            (rising edge-triggered cell FDRE clocked by ap_clk  {rise@0.000ns fall@5.000ns period=10.000ns})
  Path Group:             (none)
  Path Type:              Hold (Min at Fast Process Corner)
  Data Path Delay:        0.390ns  (logic 0.000ns (0.000%)  route 0.390ns (100.000%))
  Logic Levels:           0  
  Clock Path Skew:        0.411ns (DCD - SCD - CPR)
    Destination Clock Delay (DCD):    0.411ns
    Source Clock Delay      (SCD):    0.000ns
    Clock Pessimism Removal (CPR):    -0.000ns

    Location             Delay type                Incr(ns)  Path(ns)    Netlist Resource(s)
  -------------------------------------------------------------------    -------------------
                                                      0.000     0.000 r  b_q0[3] (IN)
                         net (fo=1, unset)            0.390     0.390    bd_0_i/hls_inst/U0/mac_muladd_8s_8s_16s_16_4_1_U2/matrixmul_mac_muladd_8s_8s_16s_16_4_1_DSP48_0_U/b_q0[3]
    SLICE_X5Y73          FDRE                                         r  bd_0_i/hls_inst/U0/mac_muladd_8s_8s_16s_16_4_1_U2/matrixmul_mac_muladd_8s_8s_16s_16_4_1_DSP48_0_U/a_reg_reg[3]/D
  -------------------------------------------------------------------    -------------------

                         (clock ap_clk rise edge)     0.000     0.000 r  
                                                      0.000     0.000 r  ap_clk (IN)
                         net (fo=143, unset)          0.411     0.411    bd_0_i/hls_inst/U0/mac_muladd_8s_8s_16s_16_4_1_U2/matrixmul_mac_muladd_8s_8s_16s_16_4_1_DSP48_0_U/ap_clk
    SLICE_X5Y73          FDRE                                         r  bd_0_i/hls_inst/U0/mac_muladd_8s_8s_16s_16_4_1_U2/matrixmul_mac_muladd_8s_8s_16s_16_4_1_DSP48_0_U/a_reg_reg[3]/C

Slack:                    inf
  Source:                 b_q0[4]
                            (input port)
  Destination:            bd_0_i/hls_inst/U0/mac_muladd_8s_8s_16s_16_4_1_U2/matrixmul_mac_muladd_8s_8s_16s_16_4_1_DSP48_0_U/a_reg_reg[4]/D
                            (rising edge-triggered cell FDRE clocked by ap_clk  {rise@0.000ns fall@5.000ns period=10.000ns})
  Path Group:             (none)
  Path Type:              Hold (Min at Fast Process Corner)
  Data Path Delay:        0.390ns  (logic 0.000ns (0.000%)  route 0.390ns (100.000%))
  Logic Levels:           0  
  Clock Path Skew:        0.411ns (DCD - SCD - CPR)
    Destination Clock Delay (DCD):    0.411ns
    Source Clock Delay      (SCD):    0.000ns
    Clock Pessimism Removal (CPR):    -0.000ns

    Location             Delay type                Incr(ns)  Path(ns)    Netlist Resource(s)
  -------------------------------------------------------------------    -------------------
                                                      0.000     0.000 r  b_q0[4] (IN)
                         net (fo=1, unset)            0.390     0.390    bd_0_i/hls_inst/U0/mac_muladd_8s_8s_16s_16_4_1_U2/matrixmul_mac_muladd_8s_8s_16s_16_4_1_DSP48_0_U/b_q0[4]
    SLICE_X4Y72          FDRE                                         r  bd_0_i/hls_inst/U0/mac_muladd_8s_8s_16s_16_4_1_U2/matrixmul_mac_muladd_8s_8s_16s_16_4_1_DSP48_0_U/a_reg_reg[4]/D
  -------------------------------------------------------------------    -------------------

                         (clock ap_clk rise edge)     0.000     0.000 r  
                                                      0.000     0.000 r  ap_clk (IN)
                         net (fo=143, unset)          0.411     0.411    bd_0_i/hls_inst/U0/mac_muladd_8s_8s_16s_16_4_1_U2/matrixmul_mac_muladd_8s_8s_16s_16_4_1_DSP48_0_U/ap_clk
    SLICE_X4Y72          FDRE                                         r  bd_0_i/hls_inst/U0/mac_muladd_8s_8s_16s_16_4_1_U2/matrixmul_mac_muladd_8s_8s_16s_16_4_1_DSP48_0_U/a_reg_reg[4]/C





